tree
version=v4
num_class=1
num_tree_per_iteration=1
label_index=0
max_feature_idx=10
objective=regression
feature_names=total_load net_load renewable_power thermal_space_load_ratio thermal_on_capacity hour period weekday month is_weekend is_holiday
feature_infos=[20617.400000000001:45519.099999999999] [-18846.150000000001:36256.82] [6746.5600000000004:40576.68] [-0.89198188220594088:0.82442812456084646] [27170:48330] [10:14] [41:60] [0:6] [1:4] [0:1] none
tree_sizes=2292 2734 2564 2777 2560 2604 2626 2633 2561 2640 2568 2697 2621 2529 2668 2727 2687 2680 2570 2646 2495 2693 2779 2816 2740 2721 2641 2598 2515 2400 2448 2539 2671 2714 2427 2607 2766 2595 2793 2456 2863 2582

Tree=0
num_leaves=25
num_cat=0
split_feature=1 2 7 6 1 4 1 4 0 4 2 7 4 4 4 0 2 0 5 2 4 1 8 0
split_gain=1.53221e+07 3.56702e+06 3.23653e+06 696921 286902 263632 142519 183436 195450 92940 91642 91318.8 70612.6 134139 37679.2 21797.1 16453.7 15083.8 13303.3 7200.1 26629.5 2070.21 2053.18 5.82077e-11
threshold=18196.860000000004 9193.7650000000012 5.5000000000000009 51.500000000000007 21159.560000000005 46922.500000000007 12385.105000000003 45602.500000000007 33284.000000000007 43067.500000000007 8075.4250000000011 1.0000000180025095e-35 42277.500000000007 43672.500000000007 36090.000000000007 37116.850000000006 18752.635000000006 39046.350000000006 10.500000000000002 24095.155000000002 32370.000000000004 29031.340000000007 2.5000000000000004 38583.750000000007
decision_type=2 2 2 2 2 2 2 2 2 2 2 2 2 2 2 2 2 2 2 2 2 2 2 2
left_child=6 2 18 10 5 9 15 8 16 -3 -4 -10 14 -14 -6 19 -8 -7 -2 20 -1 -20 -21 -9
right_child=1 4 3 -5 12 17 7 23 11 -11 -12 -13 13 -15 -16 -17 -18 -19 21 22 -22 -23 -24 -25
leaf_value=76.184418582698527 89.70670963901361 83.23403848785243 133.598921298763 103.18168476718745 84.654635511816366 70.959085432470658 71.223181553158284 70.959085432470658 73.325002058129328 79.709229848432031 122.89600229241532 78.51124058515326 79.548442572421365 83.874843586511133 88.413584867895452 74.548985487402291 74.667835465849251 74.922960392416329 86.195816272126606 71.057915243299149 71.434994729491535 87.496585241735801 71.238912975159309 70.959085432470658
leaf_weight=2.9999999999999991 4.0000000000000027 32 2.9999999999999982 4.9999999999999991 20 5.9999999999999982 26.000000000000004 55 11.999999999999998 45 6 29 21 122 10.000000000000002 4.9999999999999991 3.9999999999999991 4 13.000000000000002 285 182 3.9999999999999991 348 2.9999999999999991
leaf_count=3 4 32 3 5 20 6 26 55 12 45 6 29 21 122 10 5 4 4 13 285 182 4 348 3
internal_value=74.5852 84.5416 99.5269 118.149 82.5243 80.1822 71.4999 73.0452 74.7493 81.1741 126.464 76.9933 83.7022 83.2395 85.9076 71.2577 71.6825 72.5446 87.1123 71.2376 71.512 86.5019 71.1574 70.9591
internal_weight=1247 295 35 14 260 87 952 129 71 77 9 41 173 143 30 823 30 10 21 818 185 17 633 58
internal_count=1247 295 35 14 260 87 952 129 71 77 9 41 173 143 30 823 30 10 21 818 185 17 633 58
is_linear=0
shrinkage=1


Tree=1
num_leaves=30
num_cat=0
split_feature=3 2 7 0 3 1 8 0 8 7 2 2 3 8 5 7 6 6 0 0 0 5 0 2 0 8 7 2 1
split_gain=1.52207e+07 3.00724e+06 3.00931e+06 975736 200785 163064 145369 127883 124643 121944 90967.9 80965.2 35505.8 98408.9 39209.4 34816.9 29819.1 28787.6 22281.8 22054.6 14824.7 13151.8 10783.3 5708.51 5222 2786.61 2628.07 1352.91 250.436
threshold=0.51901427390906807 9193.7650000000012 5.5000000000000009 37116.850000000006 0.56387304998520638 14637.655000000001 2.5000000000000004 34187.200000000004 3.5000000000000004 2.5000000000000004 8075.4250000000011 16878.240000000002 0.29845284983275794 3.5000000000000004 11.500000000000002 1.5000000000000002 54.500000000000007 59.500000000000007 36912.700000000004 35276.350000000013 39046.350000000006 10.500000000000002 39334.30000000001 8969.5500000000011 36242.650000000001 2.5000000000000004 2.5000000000000004 27852.630000000001 14943.055000000002
decision_type=2 2 2 2 2 2 2 2 2 2 2 2 2 2 2 2 2 2 2 2 2 2 2 2 2 2 2 2 2
left_child=5 2 21 23 11 12 19 28 9 -6 -5 16 25 18 -15 -10 -3 -9 -14 -7 -13 -2 -21 -4 -23 27 -27 -1 -8
right_child=1 4 3 10 8 6 7 17 15 -11 -12 20 13 14 -16 -17 -18 -19 -20 22 -22 24 -24 -25 -26 26 -28 -29 -30
leaf_value=-3.3493433288499421 14.262290000915517 4.9633239225907744 26.494582366943348 56.715806579589838 6.1404085053337951 0.39400268554687501 -2.9568257649739547 5.5566197713216141 9.474385968376609 9.0788345823100975 46.052324676513663 7.7219042778015128 -3.1060014751386937 -3.1176248073577884 2.5985379854838055 12.458437977666442 1.4261621621938854 0.19120852152506512 -1.2026554219862995 -3.5744417190551752 4.6779888916015624 9.2068758646647026 -0.39491666158040367 29.16584370930989 11.45159582840769 -3.4216427021556428 -3.1456262570758202 -3.5528957366943361 -3.5611591339111324
leaf_weight=153 4.0000000000000027 11.000000000000002 6.0000000000000018 4 54 4.9999999999999991 3.0000000000000027 15.000000000000002 17 102 4 20.000000000000004 161 3.9999999999999991 11.999999999999998 23 12.999999999999998 2.9999999999999991 17 24.000000000000004 4.9999999999999991 3.0000000000000027 2.9999999999999991 3 19 144 215 175 4
leaf_count=153 4 11 6 4 54 5 3 15 17 102 4 20 161 4 12 23 13 3 17 24 5 3 3 3 19 144 215 175 4
internal_value=0.0707657 10.1249 22.3206 38.6787 7.98448 -3.01623 -0.424448 2.43231 8.70016 8.06169 51.3841 5.12173 -3.18392 -2.58659 1.1695 11.1902 3.04736 4.66238 -2.92422 -2.65629 7.11312 11.625 -3.22116 27.385 11.1455 -3.35259 -3.25634 -3.45795 -3.30216
internal_weight=1226 288 43 17 245 938 57 25 196 156 8 49 881 194 16 40 24 18 178 32 25 26 27 9 22 687 359 328 7
internal_count=1226 288 43 17 245 938 57 25 196 156 8 49 881 194 16 40 24 18 178 32 25 26 27 9 22 687 359 328 7
is_linear=0
shrinkage=0.05


Tree=2
num_leaves=28
num_cat=0
split_feature=3 7 1 1 1 4 3 4 4 6 2 4 1 4 2 4 4 6 2 1 3 4 0 0 0 0 2
split_gain=1.32761e+07 3.8742e+06 1.75834e+06 757763 510357 364430 120000 121890 155313 85151.2 58840.4 82532.6 57309.8 97863.8 42922 40033 38729.7 16455.6 16292.9 13211.8 8206.93 60762.9 3625.27 2485.69 1214.48 1158.54 195.911
threshold=0.5418399451924788 5.5000000000000009 29354.270000000004 27262.300000000003 15687.935000000003 46105.000000000007 0.74032222181388452 42277.500000000007 43672.500000000007 52.500000000000007 16878.240000000002 43067.500000000007 12385.105000000003 39905.000000000007 7781.8900000000003 36090.000000000007 45602.500000000007 44.500000000000007 17875.185000000001 20256.695000000003 0.29845284983275794 39295.000000000007 37116.850000000006 26413.900000000005 39046.350000000006 45318.650000000009 17875.185000000001
decision_type=2 2 2 2 2 2 2 2 2 2 2 2 2 2 2 2 2 2 2 2 2 2 2 2 2 2 2
left_child=4 6 3 24 12 10 7 15 -9 -5 11 -6 20 -14 -4 -2 -15 25 -12 26 23 -22 -19 -1 -3 -8 -7
right_child=1 2 14 9 5 19 17 8 -10 -11 18 -13 13 16 -16 -17 -18 22 -20 -21 21 -23 -24 -25 -26 -27 -28
leaf_value=-3.3830500325848982 9.0041063810649682 5.8302646636962763 55.155432128906256 36.06553853352866 6.5302872975667317 -3.8106232643127371 13.901550292968739 4.8396549741427108 8.1970172205909346 25.997249058314733 7.3820116216486129 -1.0403341081407336 5.8612851142883304 -1.2603173966501275 47.243754577636707 12.45948699951172 -3.4201604025704522 10.213062017104203 4.8485538355509448 0.035285186767578129 0.24378208160400391 -3.1666697785405833 11.744651184082031 -3.1356402002062116 7.252982838948566 12.601727803548174 -3.4256274574681336
leaf_weight=124 19 3.0000000000000062 2.9999999999999991 2.9999999999999982 5.9999999999999991 4.0000000000000062 4.0000000000000027 48 122 7 11.000000000000002 8.9999999999999982 3.9999999999999991 51 4 14.999999999999998 35 17.000000000000004 14.999999999999998 2.9999999999999991 14.999999999999998 101 4.9999999999999991 560 3 3 19
leaf_count=124 19 3 3 3 6 4 4 48 122 7 11 9 4 51 4 15 35 17 15 3 15 101 5 560 3 3 19
internal_value=0.0422838 10.156 29.7334 20.5892 -2.66316 1.54516 8.22346 7.79564 7.24906 29.0177 4.48169 1.98791 -2.97997 -1.78374 50.6345 10.5285 -2.13932 11.233 5.9204 -3.08552 -3.11454 -2.72566 10.5612 -3.18049 6.54162 13.3445 -3.49258
internal_weight=1213 256 23 16 957 67 233 204 170 10 41 15 890 90 7 34 86 29 26 26 800 116 22 684 6 7 23
internal_count=1213 256 23 16 957 67 233 204 170 10 41 15 890 90 7 34 86 29 26 26 800 116 22 684 6 7 23
is_linear=0
shrinkage=0.05


Tree=3
num_leaves=31
num_cat=0
split_feature=3 2 7 6 3 4 4 1 4 1 4 4 3 4 4 4 0 0 5 3 4 0 0 0 4 0 2 0 0 2
split_gain=1.20514e+07 2.87395e+06 2.43404e+06 728040 246358 104719 142416 98505.4 147484 111939 73151.4 123486 58553.1 46422.7 38047.5 27415.6 96186.2 16764.1 15713.3 8124.74 51364 53088.3 8641.01 7298.79 6723.76 4790.22 2786.69 2281.44 3080.15 6.63618
threshold=0.51901427390906807 9193.7650000000012 5.5000000000000009 50.500000000000007 0.56387304998520638 42277.500000000007 43672.500000000007 12385.105000000003 44860.000000000007 15975.090000000002 46922.500000000007 43672.500000000007 0.79188783912384364 40095.000000000007 36090.000000000007 45602.500000000007 35592.05000000001 38832.100000000006 10.500000000000002 0.29845284983275794 39295.000000000007 30383.250000000004 36289.600000000006 39334.30000000001 42977.500000000007 36242.650000000001 8969.5500000000011 26413.900000000005 32493.350000000002 24095.155000000002
decision_type=2 2 2 2 2 2 2 2 2 2 2 2 2 2 2 2 2 2 2 2 2 2 2 2 2 2 2 2 2 2
left_child=7 2 18 12 10 14 -7 19 9 13 11 -3 -4 -9 -6 16 -10 -12 -2 27 21 -21 -22 -17 -11 -20 -5 29 -29 -1
right_child=1 4 3 26 5 6 -8 8 15 24 17 -13 -14 -15 -16 23 -18 -19 25 20 22 -23 -24 -25 -26 -27 -28 28 -30 -31
leaf_value=-3.2351299285888673 13.057570953369131 1.4876194858551026 41.547488911946601 24.250680977957593 8.4270496749877939 4.5131147475469682 7.9230910223142237 5.3354470570882171 -2.8844505882263181 6.6154278564453142 -3.8387167612711588 6.6712046446623638 50.102686564127595 -1.1981227019737506 11.595693418714736 -3.2403523288556002 4.3336438179016117 1.105743908882141 8.3819128036498949 6.1040431976318361 -3.0703320033926715 -1.3323721567789715 -0.34485232035319013 -1.041697406768799 4.1327983538309727 10.305016641055836 26.072079467773435 -2.9096919349848935 -3.1675672060177651 -3.208053051846699
leaf_weight=29 5.0000000000000027 20 6.0000000000000018 6.9999999999999982 20 42 113 2.9999999999999991 20.000000000000004 4.9999999999999982 2.9999999999999991 27 3 29 18 67 5.9999999999999991 4 4.0000000000000027 2.9999999999999991 95 11.999999999999998 2.9999999999999991 3.9999999999999991 6 17 3 406 162 103
leaf_count=29 5 20 6 7 20 42 113 3 20 5 3 27 3 29 18 67 6 4 4 3 95 12 3 4 6 17 3 406 162 103
internal_value=-0.0292965 8.85777 20.4792 34.0823 6.74051 7.57577 6.9991 -2.7523 -1.52731 0.91011 3.75522 4.46542 44.3992 -0.585601 9.92799 -2.60781 -1.21874 -1.01331 10.5385 -2.96325 -2.56984 0.154911 -2.9869 -3.11648 5.26127 9.93871 24.7971 -3.02676 -2.98324 -3.214
internal_weight=1245 292 45 19 247 193 155 953 140 43 54 47 9 32 38 97 26 7 26 813 113 15 98 71 11 21 10 700 568 132
internal_count=1245 292 45 19 247 193 155 953 140 43 54 47 9 32 38 97 26 7 26 813 113 15 98 71 11 21 10 700 568 132
is_linear=0
shrinkage=0.05


Tree=4
num_leaves=29
num_cat=0
split_feature=3 2 7 6 3 1 8 0 8 3 2 7 8 0 7 3 0 8 0 3 0 0 0 2 5 0 0 2
split_gain=1.09476e+07 2.25746e+06 2.1428e+06 560394 208927 117021 162647 113754 79903.2 82584.6 75454.5 59758.2 49491.9 58916.5 25908.3 13742.6 13561.9 19871.4 10826.9 10218.6 7737.23 5594.54 3159.67 3472.82 2956.99 2372.9 686.669 9.30695
threshold=0.51901427390906807 9193.7650000000012 5.5000000000000009 50.500000000000007 0.56387304998520638 12607.35 2.5000000000000004 33851.400000000009 3.5000000000000004 0.67272605215168624 8075.4250000000011 1.0000000180025095e-35 2.5000000000000004 36884.600000000006 1.5000000000000002 0.5300522912467337 37116.850000000006 1.5000000000000002 36792.80000000001 0.41745675134688681 39334.30000000001 34040.80000000001 26413.900000000005 24095.155000000002 10.500000000000002 36242.650000000001 36604.55000000001 24095.155000000002
decision_type=2 2 2 2 2 2 2 2 2 2 2 2 2 2 2 2 2 2 2 2 2 2 2 2 2 2 2 2
left_child=5 2 18 10 12 16 20 19 9 -6 -4 -9 15 -14 -10 -3 22 -18 25 -8 21 -7 27 -24 -20 -2 -5 -1
right_child=1 4 3 26 8 6 7 11 14 -11 -12 -13 13 -15 -16 -17 17 -19 24 -21 -22 -23 23 -25 -26 -27 -28 -29
leaf_value=-3.0792284727096559 7.9628171920776296 -1.9176346460978193 49.380884806315095 24.755927734374996 6.0361238492714184 -2.1226120630900067 0.31148757934570281 -0.76903458595275875 8.1684321683995869 8.3298116490460838 39.35063354492187 3.7791017385629511 2.7058332041690227 6.5067855488170281 10.823348464965822 2.0505771756172182 -3.327127838134766 2.4277895609537756 12.217466545104983 -2.8851740519205733 -0.21786944071451822 -3.0922818202598421 -2.5853194759150222 -2.8530524893076916 10.46241620381673 9.426443227132161 23.799079386393224 -3.0483929414015551
leaf_weight=32 4.0000000000000027 2.9999999999999991 3 5 91 21 3.0000000000000027 9.9999999999999982 17 69 5 26 19 22 20 7.9999999999999991 2.9999999999999991 3 3.9999999999999982 14.999999999999998 2.9999999999999991 51 157 530 6 8.9999999999999982 3 104
leaf_count=32 4 3 3 5 91 21 3 10 17 69 5 26 19 22 20 8 3 3 4 15 3 51 157 530 6 9 3 104
internal_value=-0.0304961 8.51734 19.7027 33.7545 6.76541 -2.6002 -1.19932 0.893021 7.50952 7.02528 43.112 2.51573 3.94638 4.74537 9.60352 0.968338 -2.81819 -0.449669 9.92755 -2.3524 -2.7058 -2.80946 -2.83546 -2.79187 11.1644 8.9761 24.3971 -3.05565
internal_weight=1246 288 39 16 249 958 129 54 197 160 8 36 52 41 37 11 829 6 23 18 75 72 823 687 10 13 8 136
internal_count=1246 288 39 16 249 958 129 54 197 160 8 36 52 41 37 11 829 6 23 18 75 72 823 687 10 13 8 136
is_linear=0
shrinkage=0.05


Tree=5
num_leaves=30
num_cat=0
split_feature=3 7 3 6 3 3 8 4 3 7 4 0 3 4 2 4 0 3 3 5 5 5 0 4 0 2 0 2 7
split_gain=1.00243e+07 2.63157e+06 1.58253e+06 558491 166983 140714 166064 120960 80810.3 68572.7 69507.5 52414.3 42382.4 82298.6 36289.7 30376.5 21491.5 6938.46 7407.75 6871.89 4377.27 19842.9 2165.51 5252.62 1232.25 1089.92 1003.24 252.372 81.6273
threshold=0.5300522912467337 5.5000000000000009 0.74032222181388452 50.500000000000007 0.58228400529046043 0.47913242594996763 2.5000000000000004 47530.000000000007 0.79188783912384364 4.5000000000000009 42910.000000000007 36385.450000000004 0.30626607392211747 34905.000000000007 22883.420000000002 45602.500000000007 38692.450000000004 0.50631716952207639 0.48927834151664379 10.500000000000002 10.500000000000002 11.500000000000002 32747.250000000004 42595.000000000007 38365.600000000006 8969.5500000000011 39046.350000000006 18103.345000000005 1.5000000000000002
decision_type=2 2 2 2 2 2 2 2 2 2 2 2 2 2 2 2 2 2 2 2 2 2 2 2 2 2 2 2 2
left_child=5 4 26 8 7 12 20 11 -4 10 -6 -2 22 14 -14 -15 -9 18 -8 -11 27 -22 23 -1 -19 -5 -3 -7 -24
right_child=1 2 3 25 9 6 17 16 -10 19 -12 -13 13 15 -16 -17 -18 24 -20 -21 21 -23 28 -25 -26 -27 -28 -29 -30
leaf_value=-2.7476644511992578 3.9896831881615427 4.8777624130248993 36.712200317382795 22.341130981445311 8.9021602630615231 -3.6232054392496718 4.9258768081665041 -4.4007973988850901 46.24695968627929 11.287560577392579 6.4711723679894808 6.8528515671238752 5.5081060791015641 -1.7076474280688014 -0.5159876251220703 -2.9704254045878375 0.95227320671081539 6.2933267593383775 1.6390887578328446 9.2854106394449882 1.7443138758341474 -3.0239804983139038 -2.8569834186184795 -2.3050782338166846 5.0522311210632314 23.546626790364577 5.9976069450378411 -3.043122482299804 -2.9322450349497244
leaf_weight=477 31 4.0000000000000018 5.0000000000000018 5 40 3.0000000000000018 3.9999999999999991 3 4 4.9999999999999991 111 33 4.9999999999999982 137 5 73 5 4 3 30 2.9999999999999991 7.9999999999999991 62 78 4 3 4 5 86
leaf_count=477 31 4 5 5 40 3 4 3 4 5 111 33 5 137 5 73 5 4 3 30 3 8 62 78 4 3 4 5 86
internal_value=0.0198052 8.2868 23.7758 32.4056 6.78593 -2.42488 0.734085 4.74143 40.9499 7.57735 7.11514 5.466 -2.54124 -1.93558 2.49606 -2.14661 -1.05513 4.66687 3.51725 9.57143 -2.37074 -1.72354 -2.73078 -2.68546 5.67278 22.7932 5.43768 -3.26065 -2.90072
internal_weight=1240 283 25 17 258 957 34 72 9 186 151 64 923 220 10 210 8 15 7 35 19 11 703 555 8 8 8 8 148
internal_count=1240 283 25 17 258 957 34 72 9 186 151 64 923 220 10 210 8 15 7 35 19 11 703 555 8 8 8 8 148
is_linear=0
shrinkage=0.05


Tree=6
num_leaves=29
num_cat=0
split_feature=3 7 1 6 1 4 3 4 4 7 3 4 2 4 1 4 0 0 0 6 0 2 1 3 2 4 1 0
split_gain=8.91149e+06 2.75993e+06 1.20214e+06 579799 367785 220478 89600.6 79939.9 121000 69678.8 65619.7 47272.6 44287.4 52691.3 43768.1 58131 60547.1 31847.9 41887.1 30159.6 11334 8517.49 8176.62 7027.41 4062.08 3394.39 592.17 7.37853
threshold=0.5418399451924788 5.5000000000000009 27262.300000000003 50.500000000000007 15975.090000000002 46105.000000000007 0.58228400529046043 43067.500000000007 43672.500000000007 4.5000000000000009 0.79188783912384364 42277.500000000007 16878.240000000002 43067.500000000007 12607.35 45602.500000000007 33284.000000000007 37116.850000000006 37576.55000000001 41.500000000000007 37202.950000000004 17875.185000000001 20256.695000000003 0.78454931070579592 8969.5500000000011 37740.000000000007 23040.270000000004 36912.700000000004
decision_type=2 2 2 2 2 2 2 2 2 2 2 2 2 2 2 2 2 2 2 2 2 2 2 2 2 2 2 2
left_child=4 6 26 10 14 12 7 20 -9 11 -4 -8 13 -6 17 16 -16 25 -19 -7 -2 -14 -21 -11 -5 -1 -3 -17
right_child=1 2 3 24 5 19 9 8 -10 23 -12 -13 21 -15 15 27 -18 18 -20 22 -22 -23 -24 -25 -26 -27 -28 -29
leaf_value=-2.3954861088136656 6.1702688932418814 4.6080815633137968 35.6669713338216 20.04204193115234 4.6173873424530028 2.7378791809081999 8.9097380138578881 -3.9653530120849583 4.5847266912460327 8.7910176770440458 43.934612274169915 6.3413928446222529 6.1681056282737021 -1.1212581872940064 -2.1940884243358267 -2.7727158399728631 1.3110999107360841 5.2753011067708337 -3.0800476074218741 -2.9015986182472919 8.3882167392306854 4.277663891132061 -0.11897252400716146 10.46489896774292 22.369295756022129 -2.6250554867913682 5.6015351613362618 -2.8177388054983958
leaf_weight=226 16.000000000000004 3.0000000000000027 6.0000000000000018 5 7.9999999999999991 3.0000000000000027 21 5.0000000000000027 24 29 4 122 11.000000000000002 7.9999999999999991 22 26 28 2.9999999999999991 3 22.000000000000004 8.9999999999999982 12.999999999999998 2.9999999999999991 7.9999999999999991 3 560 3 13.999999999999998
leaf_count=226 16 3 6 5 8 3 21 5 24 29 4 122 11 8 22 26 28 3 3 22 9 13 3 8 3 560 3 14
internal_value=0.0985525 8.33925 24.487 30.9477 -2.13945 1.40367 6.68307 4.89676 3.11058 7.21896 38.974 6.71856 3.7857 1.74806 -2.41261 -1.36776 -0.231183 -2.53134 1.09763 -1.99923 6.96873 5.14412 -2.56768 9.15294 20.9148 -2.55905 5.10481 -2.78847
internal_weight=1208 258 24 18 950 68 234 54 29 180 10 143 40 16 882 90 50 792 6 28 25 24 25 37 8 786 6 40
internal_count=1208 258 24 18 950 68 234 54 29 180 10 143 40 16 882 90 50 792 6 28 25 24 25 37 8 786 6 40
is_linear=0
shrinkage=0.05


Tree=7
num_leaves=29
num_cat=0
split_feature=3 7 1 1 1 8 2 8 5 7 6 3 0 8 0 8 6 5 0 7 7 1 8 0 7 0 0 1
split_gain=8.10694e+06 2.67156e+06 1.06308e+06 429834 184305 167334 139734 87530.5 65353.5 64530 49438.2 42938 29494.2 25548.4 20506.5 94540.5 12512.8 11631.2 10511.3 9105.02 8463.35 7596.55 9640.53 4623.61 2706.15 1508.58 728.483 20.8353
threshold=0.5300522912467337 5.5000000000000009 28910.725000000006 27262.300000000003 15687.935000000003 2.5000000000000004 13706.185000000001 3.5000000000000004 10.500000000000002 2.5000000000000004 51.500000000000007 0.74032222181388452 35712.400000000009 3.5000000000000004 36912.700000000004 2.5000000000000004 42.500000000000007 10.500000000000002 35276.350000000013 1.0000000180025095e-35 1.5000000000000002 12517.605000000001 2.5000000000000004 37684.55000000001 3.5000000000000004 37116.850000000006 39046.350000000006 14943.055000000002
decision_type=2 2 2 2 2 2 2 2 2 2 2 2 2 2 2 2 2 2 2 2 2 2 2 2 2 2 2 2
left_child=4 6 3 26 14 18 11 9 -4 -8 -5 13 16 -2 21 27 -7 -13 -6 -20 -9 24 -23 -14 -1 -17 -3 -16
right_child=1 2 8 10 5 12 7 20 -10 -11 -12 17 23 -15 15 25 -18 -19 19 -21 -22 22 -24 -25 -26 -27 -28 -29
leaf_value=-2.3474359547432018 6.4888428921169705 4.3629614512125547 41.737880706787124 27.212047831217458 0.31217510223388656 3.0211039225260383 3.1702092930421992 6.8144327163696268 33.163343505859373 5.7914416215358635 19.540345764160154 10.560980606079099 5.9189684549967412 9.4373250007629395 -2.7365288035074862 3.741943359375 -1.5455871264139809 8.3051789855957026 0.39966367085774696 -2.5290211884871776 8.871536674499513 -2.423657078742981 -1.2784952836878161 4.2190393765767418 -2.5334080618027359 5.3275960286458321 5.4648412068684884 -2.5921842575073244
leaf_weight=457 90 3.0000000000000062 3.9999999999999982 2.9999999999999982 5.0000000000000027 3.0000000000000027 59 10.000000000000002 5 39 7 8.0000000000000018 6.0000000000000027 7.9999999999999991 15.000000000000005 2.9999999999999991 3 20 3.0000000000000027 23 9.9999999999999982 40 34 11.999999999999998 342 3 3 2.9999999999999991
leaf_count=457 90 3 4 3 5 3 59 10 5 39 7 8 6 8 15 3 3 20 3 23 10 40 34 12 342 3 3 3
internal_value=-0.0045448 7.65994 23.2268 15.4939 -2.17025 0.639295 6.06498 4.82854 36.9742 4.21335 21.8419 7.2229 3.7737 6.72954 -2.34251 -0.900661 0.737758 8.94969 -1.78734 -2.1911 7.84298 -2.38215 -1.8975 4.78568 -2.42704 4.53477 4.9139 -2.71247
internal_weight=1221 269 25 16 952 55 244 118 9 98 10 126 24 98 897 24 6 28 31 26 20 873 74 18 799 6 6 18
internal_count=1221 269 25 16 952 55 244 118 9 98 10 126 24 98 897 24 6 28 31 26 20 873 74 18 799 6 6 18
is_linear=0
shrinkage=0.05


Tree=8
num_leaves=28
num_cat=0
split_feature=3 2 7 5 3 1 8 0 7 8 4 4 4 7 2 0 7 0 5 4 4 0 2 4 0 4 0
split_gain=6.95841e+06 1.36448e+06 1.40271e+06 444359 147180 71488.9 151203 90087.1 71837.2 63363.7 64221.9 56535.2 187157 24013.2 21391.6 18796.8 15986.2 12828.2 10169.4 8256.28 3444.07 12636.8 3165.07 18130.2 3027.34 2414.34 344.346
threshold=0.51901427390906807 9193.7650000000012 5.5000000000000009 11.500000000000002 0.56387304998520638 12385.105000000003 2.5000000000000004 33851.400000000009 2.5000000000000004 2.5000000000000004 43672.500000000007 42910.000000000007 43672.500000000007 4.5000000000000009 7781.8900000000003 37116.850000000006 1.5000000000000002 36570.700000000004 10.500000000000002 44860.000000000007 42520.000000000007 32169.150000000005 24095.155000000002 32370.000000000004 37116.850000000006 33235.000000000007 39334.30000000001
decision_type=2 2 2 2 2 2 2 2 2 2 2 2 2 2 2 2 2 2 2 2 2 2 2 2 2 2 2
left_child=5 2 18 14 9 15 20 19 -9 13 -11 16 -13 -3 -4 22 -6 -5 -2 -8 21 -7 23 -1 -20 -24 -22
right_child=1 4 3 17 11 6 7 8 -10 10 -12 12 -14 -15 -16 -17 -18 -19 24 -21 26 -23 25 -25 -26 -27 -28
leaf_value=1.7328263600667317 10.267545623779291 1.1616286277770997 40.827508544921876 22.94509989420574 6.5982265014648434 -2.9019528797694623 0.43808511098225855 0.19693017687116351 4.4400785797520692 1.4580857992172243 5.4557278668438949 1.7944505282810757 6.3414956702014145 -3.9387952168782556 34.856522623697906 1.1360352516174317 8.4462625850330699 18.940695444742836 7.4929965972900376 -2.4202850937843325 -2.5442696206709918 0.6209980964660643 -2.591030139508455 -2.1842308212438399 9.0137035369873058 -2.3138924172338178 -3.021633005142212
leaf_weight=2.9999999999999991 5.0000000000000027 9.9999999999999982 2.9999999999999991 2.9999999999999982 25 6.9999999999999982 3.0000000000000027 21 19 15.999999999999998 27 28 118 2.9999999999999991 3 3.9999999999999991 22 6 18.000000000000004 15.999999999999998 68 4 92 193 3.9999999999999991 539 3.9999999999999991
leaf_count=3 5 10 3 3 25 7 3 21 19 16 27 28 118 3 3 4 22 6 18 16 68 4 92 193 4 539 4
internal_value=-0.0772706 6.70635 15.0428 27.3021 5.30019 -2.10608 -1.06929 0.865877 2.21243 3.04346 3.96823 5.955 5.46946 -0.0153923 37.842 -2.28325 7.46326 20.2755 8.23209 -1.96896 -2.4449 -1.62088 -2.29978 -2.12428 7.76949 -2.3543 -2.57079
internal_weight=1264 291 42 15 249 973 142 59 40 56 43 193 146 13 6 831 47 9 27 19 83 11 827 196 22 631 72
internal_count=1264 291 42 15 249 973 142 59 40 56 43 193 146 13 6 831 47 9 27 19 83 11 827 196 22 631 72
is_linear=0
shrinkage=0.05


Tree=9
num_leaves=29
num_cat=0
split_feature=3 2 7 6 3 1 4 4 4 8 4 2 6 7 7 7 0 8 7 3 0 2 4 5 4 0 1 1
split_gain=6.11483e+06 1.08072e+06 1.07391e+06 292615 104149 84463.5 155643 55576 161361 51481.8 49859.9 28790 28396.4 26544.7 18207.8 17603.3 12400.5 64628.2 11092 8145.07 7405.86 6158.58 32145.4 3468.92 2234.49 1366.46 256.953 118.038
threshold=0.51901427390906807 9193.7650000000012 5.5000000000000009 51.500000000000007 0.56387304998520638 14637.655000000001 44860.000000000007 42910.000000000007 43672.500000000007 2.5000000000000004 43672.500000000007 8685.5200000000023 41.500000000000007 4.5000000000000009 1.5000000000000002 2.5000000000000004 37071.80000000001 2.5000000000000004 5.5000000000000009 0.41745675134688681 36884.600000000006 24095.155000000002 32370.000000000004 10.500000000000002 33235.000000000007 36242.650000000001 27800.005000000001 12701.890000000001
decision_type=2 2 2 2 2 2 2 2 2 2 2 2 2 2 2 2 2 2 2 2 2 2 2 2 2 2 2 2
left_child=5 2 20 11 9 16 15 14 -9 13 -11 -4 -8 -3 -6 -7 21 27 -17 -14 25 22 -1 -22 -23 -2 -5 -18
right_child=1 4 3 26 7 6 12 8 -10 10 -12 -13 19 -15 -16 18 17 -19 -20 -21 23 24 -24 -25 -26 -27 -28 -29
leaf_value=2.5053088188171388 6.1568433761596628 1.6889962779151071 35.227001953125004 17.643026733398433 6.2860250670334388 -0.11661863327026355 2.8549268086751303 1.5355850830078126 5.9512117810050649 1.7089442952473961 5.2813056264604841 28.74738667805989 -0.60868546622140074 -3.7418555577596031 8.1935652299360804 5.5641904558454236 -2.7639089584350565 4.0326367950439455 2.969114084243774 -2.4686041290695604 10.164499664306645 -2.460920838386782 -2.013125118070286 8.0821558634440098 -2.1947808717716639 7.2503034973144542 18.255172729492184 -2.4467336654663088
leaf_weight=3.9999999999999991 4.0000000000000027 8.9999999999999982 3.9999999999999982 3 29 3.0000000000000027 2.9999999999999991 25 120 14.999999999999998 28 3 6.9999999999999991 2.9999999999999991 22 7.0000000000000009 4.0000000000000027 4.9999999999999991 10 37 2.9999999999999982 93 247 6 519 9.9999999999999982 4 10.999999999999998
leaf_count=4 4 9 4 3 29 3 3 25 120 15 28 3 7 3 22 7 4 5 10 37 3 93 247 6 519 10 4 11
internal_value=-0.0564917 6.32566 14.3032 25.2214 5.1497 -1.99129 -0.279757 5.68923 5.1899 3.22702 4.03513 32.45 -1.8518 0.331283 7.10889 3.41453 -2.12116 -0.890326 4.03767 -2.17271 7.65725 -2.14968 -1.94112 8.77627 -2.23522 6.93789 17.9928 -2.53131
internal_weight=1238 288 37 14 251 950 67 196 145 55 43 7 47 12 51 20 883 20 17 44 23 863 251 9 612 14 7 15
internal_count=1238 288 37 14 251 950 67 196 145 55 43 7 47 12 51 20 883 20 17 44 23 863 251 9 612 14 7 15
is_linear=0
shrinkage=0.05


Tree=10
num_leaves=28
num_cat=0
split_feature=3 7 1 6 1 8 2 8 3 0 7 8 1 8 7 0 0 1 7 0 0 0 8 5 0 1 0
split_gain=6.09163e+06 1.56932e+06 917383 392227 103731 102617 93312.3 93051.7 48918.8 39554.8 37955 24434 23228.5 46677.2 43596.6 21024.5 29957.3 19826.5 12412.6 8651.01 6802.25 4092.28 3084.1 3010.62 2473.25 2329.11 737.811
threshold=0.5300522912467337 5.5000000000000009 27262.300000000003 50.500000000000007 15975.090000000002 2.5000000000000004 13706.185000000001 3.5000000000000004 0.79769226454630082 39334.30000000001 4.5000000000000009 3.5000000000000004 12701.890000000001 2.5000000000000004 5.5000000000000009 37071.80000000001 37576.55000000001 16292.985000000004 1.5000000000000002 35506.200000000004 39334.30000000001 37974.80000000001 3.5000000000000004 10.500000000000002 36604.55000000001 12746.130000000003 39046.350000000006
decision_type=2 2 2 2 2 2 2 2 2 2 2 2 2 2 2 2 2 2 2 2 2 2 2 2 2 2 2
left_child=4 6 26 8 12 19 10 9 -4 -8 11 -2 15 25 -15 22 -17 -7 -9 -6 -21 -19 -1 -12 -5 -14 -3
right_child=1 2 3 24 5 17 7 18 -10 -11 23 -13 13 14 -16 16 -18 21 -20 20 -22 -23 -24 -25 -26 -27 -28
leaf_value=-2.1453434777136717 5.4722230450860394 3.6012907028198224 29.20502929687499 17.636135101318363 0.3499266433715818 0.14104797840118397 3.1228186030446747 5.7710560083389275 37.024783325195301 5.6576567800421467 8.5968479701450899 8.2088876936170792 -0.78558546702067067 -0.49178471224648618 4.5768306541442874 4.4195496877034506 -2.6464867273966464 4.9857427869524278 7.7731157430013029 -2.3034638555426343 0.25848337809244792 3.3303372621536256 -1.9283466694647808 7.4332399156358511 15.877852884928382 -2.2216341416041057 4.5616365432739254
leaf_weight=581 87 4.0000000000000018 6.0000000000000018 5.9999999999999982 5.0000000000000027 4.0000000000000027 81 16.000000000000004 3 19 6.9999999999999991 8.9999999999999982 2.9999999999999991 28 4.9999999999999991 2.9999999999999991 3 6.9999999999999991 14.999999999999998 19.000000000000004 2.9999999999999991 7.9999999999999991 228 27 3 48 4
leaf_count=581 87 4 6 6 5 4 81 16 3 19 7 9 3 28 5 3 3 7 15 19 3 8 228 27 3 48 4
internal_value=0.0753407 6.45513 18.1695 24.4308 -1.86223 0.453617 5.28818 4.34639 31.8116 3.60444 6.23722 5.72879 -1.98072 -1.18906 0.276187 -2.06232 0.886531 3.26879 6.73979 -1.52743 -1.95411 4.10286 -2.08419 7.67281 17.05 -2.13716 4.08146
internal_weight=1232 287 26 18 945 46 261 131 9 100 130 96 899 84 33 815 6 19 31 27 22 15 809 34 9 51 8
internal_count=1232 287 26 18 945 46 261 131 9 100 130 96 899 84 33 815 6 19 31 27 22 15 809 34 9 51 8
is_linear=0
shrinkage=0.05


Tree=11
num_leaves=30
num_cat=0
split_feature=3 3 7 6 3 1 4 4 0 0 7 4 4 0 6 6 4 1 8 0 1 7 6 7 4 4 1 1 5
split_gain=5.27527e+06 1.09891e+06 1.01411e+06 270635 82210.2 66303 106125 53343.5 59810.9 48897.3 63858.7 33775.5 402876 23343.5 17044.6 10127.6 7348.39 7075.39 6438.34 14431.3 6345.5 5579.94 1459.16 1280.4 2744.19 916.049 633.474 413.705 10.357
threshold=0.51901427390906807 0.74032222181388452 5.5000000000000009 50.500000000000007 0.58228400529046043 13084.870000000003 44860.000000000007 47530.000000000007 36853.250000000007 32120.100000000002 2.5000000000000004 43067.500000000007 43672.500000000007 37906.350000000013 41.500000000000007 46.500000000000007 46105.000000000007 29354.270000000004 2.5000000000000004 36289.600000000006 12746.130000000003 2.5000000000000004 43.500000000000007 2.5000000000000004 43767.500000000007 44585.000000000007 27986.955000000002 12701.890000000001 10.500000000000002
decision_type=2 2 2 2 2 2 2 2 2 2 2 2 2 2 2 2 2 2 2 2 2 2 2 2 2 2 2 2 2
left_child=5 4 17 13 7 18 9 8 -2 28 -11 21 -13 -4 -8 -9 -16 25 23 20 -20 -6 -19 24 -1 -3 -5 -25 -7
right_child=1 2 3 26 11 6 14 15 -10 10 -12 12 -14 -15 16 -17 -18 22 19 -21 -22 -23 -24 27 -26 -27 -28 -29 -30
leaf_value=-1.8460890491803488 2.2076075871785483 7.3377819061279173 25.849766540527323 17.166392517089847 6.7008506774902346 -2.6131459554036458 1.43760404586792 0.83448480765024835 4.9700188614601313 -0.86527535438537573 4.028293738365174 -5.4163978576660163 5.5866208128495654 31.428713378906249 -1.0474989944034154 -2.723541641235351 -2.2196331170889048 9.0956727981567376 -1.8780599480181668 1.1597271203994752 -0.24127864837646484 5.4005079442804513 7.7451374053955071 -2.2037622848359666 -2.2338575387302835 6.4918131828308105 16.322201843261716 -1.8371523857116701 -2.4817623138427729
leaf_weight=108 36 4.0000000000000062 3.0000000000000018 3.9999999999999982 33 2.9999999999999991 3.9999999999999991 5.9999999999999982 43 10.000000000000002 20 8.9999999999999982 110 5 18 3 52 4 452 3.9999999999999991 5.9999999999999991 10.999999999999998 4 202 79 15.999999999999998 5 7.9999999999999991 3
leaf_count=108 36 4 3 4 33 3 4 6 43 10 20 9 110 5 18 3 52 4 452 4 6 11 4 202 79 16 5 8 3
internal_value=-0.0248303 5.81719 13.0123 22.6453 4.52723 -1.80939 -0.65361 3.29569 3.7112 1.57301 2.3971 5.19211 4.75446 29.3366 -1.73683 -0.351524 -1.91823 7.16369 -1.95739 -1.8305 -1.85662 6.37576 8.42041 -2.10506 -2.00991 6.66101 16.6974 -2.1898 -2.54745
internal_weight=1265 296 45 17 251 969 110 88 79 36 30 163 119 8 74 9 70 28 859 462 458 44 8 397 187 20 9 210 6
internal_count=1265 296 45 17 251 969 110 88 79 36 30 163 119 8 74 9 70 28 859 462 458 44 8 397 187 20 9 210 6
is_linear=0
shrinkage=0.05


Tree=12
num_leaves=29
num_cat=0
split_feature=3 2 7 0 3 4 4 4 4 1 4 0 7 2 2 0 2 1 5 6 2 4 0 0 4 4 0 2
split_gain=4.82738e+06 1.07782e+06 1.06299e+06 286703 112825 44288.2 355217 42110 55802.6 39866.8 74328 75983.8 49901.5 26169.4 17578.6 15283 13577.5 8069.98 7751.89 4316.9 22183.8 43669.9 4361.23 1744.58 1691.92 638.851 461.044 141.67
threshold=0.51901427390906807 9193.7650000000012 5.5000000000000009 37116.850000000006 0.56387304998520638 43067.500000000007 43672.500000000007 46922.500000000007 43672.500000000007 12385.105000000003 45602.500000000007 33284.000000000007 1.0000000180025095e-35 7781.8900000000003 18752.635000000006 38832.100000000006 12650.380000000003 27800.005000000001 10.500000000000002 58.500000000000007 21284.685000000001 39052.500000000007 37004.250000000007 36242.650000000001 37740.000000000007 34325.000000000007 39334.30000000001 17875.185000000001
decision_type=2 2 2 2 2 2 2 2 2 2 2 2 2 2 2 2 2 2 2 2 2 2 2 2 2 2 2 2
left_child=9 2 18 17 7 16 -7 8 -3 19 11 14 -13 -5 -11 -9 -6 -4 -2 22 21 -21 24 -20 -1 -22 27 -12
right_child=1 4 3 13 5 6 -8 15 -10 10 26 12 -14 -15 -16 -17 -18 -19 23 20 25 -23 -24 -25 -26 -27 -28 -29
leaf_value=-1.7924768783078335 8.4737829589843692 0.9762053394317628 18.574233500162755 33.602108764648428 7.7727822875976562 -5.1310237884521488 5.1537069446563724 -3.7675423940022776 4.4607748596756549 -2.157350593566894 -2.4299849828084312 -1.1294068596579814 2.8658115598890519 27.695120239257808 1.8931711832682294 0.74658855438232408 5.7578518138212322 15.293993835449218 5.1610209147135357 4.7161524772644041 -2.184153429667155 -1.5627154032389323 -0.004927317301432292 6.4688341252944044 -1.9629873935075908 -1.8103237370649976 -2.6490637302398685 -2.0776151657104491
leaf_weight=202 5.0000000000000027 20 3 3 9.9999999999999982 8.9999999999999982 125 3 27 25.000000000000004 2.9999999999999991 10.999999999999998 27 5 2.9999999999999991 5 51 5 3.0000000000000027 3.9999999999999991 14.999999999999998 8.9999999999999982 2.9999999999999991 17 520 48 3.9999999999999991 58
leaf_count=202 5 20 3 3 10 9 125 3 27 25 3 11 27 5 3 5 51 5 3 4 15 9 3 17 520 48 4 58
internal_value=0.0177511 5.63953 13.1536 23.2172 4.40723 4.97135 4.46294 2.40719 2.97798 -1.73755 -0.928921 0.253018 1.7093 29.9102 -1.72337 -0.946211 6.08817 16.5241 6.71289 -1.8698 -1.51129 0.369244 -1.90738 6.27266 -1.91528 -1.89933 -2.12904 -2.09494
internal_weight=1223 291 41 16 250 195 134 55 47 932 131 66 38 8 28 8 61 8 25 801 76 13 725 20 722 63 65 61
internal_count=1223 291 41 16 250 195 134 55 47 932 131 66 38 8 28 8 61 8 25 801 76 13 725 20 722 63 65 61
is_linear=0
shrinkage=0.05


Tree=13
num_leaves=29
num_cat=0
split_feature=3 7 3 6 3 8 2 4 4 2 4 3 4 0 0 8 4 4 0 0 6 4 4 3 2 6 8 0
split_gain=4.21393e+06 952638 494225 246546 194299 88720.7 46526 72644 214622 35150.8 78668.1 19306.4 88109.7 18974.5 17585 15759.4 13911.7 138456 12936.8 31015.8 10078.7 6709.75 6301.72 5183.95 3606.67 2690.34 2625.72 225.84
threshold=0.5480393548860133 5.5000000000000009 0.74032222181388452 50.500000000000007 0.47386947318753897 2.5000000000000004 12650.380000000003 43067.500000000007 43672.500000000007 16878.240000000002 43067.500000000007 0.35223993356654459 39295.000000000007 37906.350000000013 39550.700000000004 2.5000000000000004 43067.500000000007 44065.000000000007 37071.80000000001 37576.55000000001 43.500000000000007 42277.500000000007 44810.000000000007 0.36126085066595354 8969.5500000000011 57.500000000000007 2.5000000000000004 39550.700000000004
decision_type=2 2 2 2 2 2 2 2 2 2 2 2 2 2 2 2 2 2 2 2 2 2 2 2 2 2 2 2
left_child=4 6 27 13 11 14 16 21 -9 10 -7 18 23 -4 20 -14 25 -18 26 -20 -6 -8 -11 -13 -5 -2 -1 -3
right_child=1 2 3 24 5 9 7 8 -10 22 -12 12 15 -15 -16 -17 17 -19 19 -21 -22 -23 -24 -25 -26 -27 -28 -29
leaf_value=-1.8953787301291882 6.8472533634730759 3.1277140935262011 23.324537150065098 13.232501678466797 -2.7372956805758997 4.8680343082972914 5.9010781315394816 -4.6110379219055178 4.0678977551827069 4.5845703442891432 -2.0430258560180667 5.902647781372071 -1.908618193703729 28.354381713867184 2.6734484354654953 -0.80784608495646515 -5.1407171885172529 5.7887083973604092 4.2447865804036446 -2.1859570693969723 -0.72247677803039556 4.8520114333541313 2.9641644636789954 3.1531146764755245 15.425419108072914 8.6368860880533838 -1.7102558099306546 3.7412288665771474
leaf_weight=355 6.9999999999999982 3.0000000000000027 3 5 9.0000000000000018 7.0000000000000027 35 7.9999999999999991 65 12 9.9999999999999982 2.9999999999999991 74 5 2.9999999999999991 58 2.9999999999999991 85 3 5 20 27 12 4 3 3 416 3
leaf_count=355 7 3 3 5 9 7 35 8 65 12 10 3 74 5 3 58 3 85 3 5 20 27 12 4 3 3 416 3
internal_value=-0.00546554 5.72674 15.6723 20.2615 -1.48045 1.00227 4.78767 4.18568 3.11678 2.54221 0.802705 -1.67788 -1.13505 26.4682 -0.970777 -1.42495 5.61693 5.41611 -1.77474 0.225572 -1.34777 5.44423 3.77437 4.33149 14.0548 7.38414 -1.79549 3.43447
internal_weight=1246 255 22 16 991 73 233 135 73 41 17 918 139 8 32 132 98 88 779 8 29 62 24 7 8 10 771 6
internal_count=1246 255 22 16 991 73 233 135 73 41 17 918 139 8 32 132 98 88 779 8 29 62 24 7 8 10 771 6
is_linear=0
shrinkage=0.05


Tree=14
num_leaves=29
num_cat=0
split_feature=3 7 1 0 1 4 7 4 4 2 4 3 2 7 3 4 2 1 2 1 2 0 2 4 4 1 0 1
split_gain=3.69696e+06 889387 497551 213322 158086 118266 55068.5 103243 298650 39207.6 47141.4 31457 15999.9 15720.9 9461.96 59368.3 11589.6 9433.26 8723.77 7012.69 6512.54 5241.3 3698.68 3643.97 13852 3624.86 588.594 181.142
threshold=0.5418399451924788 5.5000000000000009 27262.300000000003 37116.850000000006 15975.090000000002 46105.000000000007 2.5000000000000004 43067.500000000007 43672.500000000007 16878.240000000002 43067.500000000007 0.67272605215168624 8075.4250000000011 1.5000000000000002 0.31813404153371522 34905.000000000007 24429.335000000003 27602.715000000007 15732.025000000001 30101.320000000003 17875.185000000001 39550.700000000004 22883.420000000002 34325.000000000007 36372.500000000007 20256.695000000003 39046.350000000006 10451.400000000003
decision_type=2 2 2 2 2 2 2 2 2 2 2 2 2 2 2 2 2 2 2 2 2 2 2 2 2 2 2 2
left_child=4 6 26 17 14 9 7 13 -9 10 -6 18 -5 -2 23 22 -17 -4 -8 -13 -11 25 -16 27 -25 -7 -3 -1
right_child=1 2 3 12 5 21 11 8 -10 20 -12 19 -14 -15 15 16 -18 -19 -20 -21 -22 -23 -24 24 -26 -27 -28 -29
leaf_value=-1.9442731200671588 4.8060913349020069 2.7147415796915659 16.742598470052069 28.537605794270831 4.809994411468506 -2.0508927552596377 4.4039760774181742 -4.5352712484506466 3.9893886833166592 4.4968602180480941 -1.7136735280354818 5.6316937212674123 23.707154846191401 6.9579394022623706 4.2088552474975591 -1.574905300140381 0.50388622283935547 13.391468811035153 1.6432562510172528 7.141248491075304 2.9559627592563631 0.36952381134033208 1.886376317342122 -0.86830954084209366 -1.7282254070927754 -0.20299644470214845 3.6412225246429437 -2.3375462849934894
leaf_weight=122 29 3.0000000000000027 3.0000000000000018 2.9999999999999991 3.9999999999999991 23.000000000000007 62 12.999999999999998 49 12.000000000000002 8.9999999999999982 53 4 11.999999999999998 3.9999999999999991 159 6.9999999999999991 7 2.9999999999999991 8.9999999999999982 15.999999999999998 2.9999999999999991 3 51 573 2.9999999999999991 4 2.9999999999999991
leaf_count=122 29 3 3 3 4 23 62 13 49 12 9 53 4 12 4 159 7 7 3 9 16 3 3 51 573 3 4 3
internal_value=-0.0782633 5.30409 14.4633 19.0829 -1.45641 0.834338 4.34835 3.48926 2.20196 2.5628 0.293609 5.0451 25.7773 5.4359 -1.63032 -1.29704 -1.48725 14.3968 4.27656 5.85082 3.61635 -1.60934 3.21351 -1.7073 -1.65794 -1.83767 3.24416 -1.95371
internal_weight=1246 254 24 17 992 70 230 103 62 41 13 127 7 41 922 173 166 10 65 62 28 29 7 749 624 26 7 125
internal_count=1246 254 24 17 992 70 230 103 62 41 13 127 7 41 922 173 166 10 65 62 28 29 7 749 624 26 7 125
is_linear=0
shrinkage=0.05


Tree=15
num_leaves=30
num_cat=0
split_feature=3 7 1 1 1 4 2 4 4 3 2 6 4 6 7 4 1 4 0 8 0 7 2 0 1 7 1 0 3
split_gain=3.77697e+06 1.05823e+06 544001 202829 123481 92440.6 64154.6 74492 186498 32748.2 24305.4 23372.1 21159.1 19195.4 13753 14335.4 10536.4 18343.1 32463.1 7992.63 36025.6 6371.18 5008.43 4838.21 2779.79 1632.49 1151.79 531.207 39.4891
threshold=0.53840417263619134 5.5000000000000009 28910.725000000006 27262.300000000003 15975.090000000002 46105.000000000007 13706.185000000001 43067.500000000007 43672.500000000007 0.79769226454630082 16878.240000000002 52.500000000000007 43067.500000000007 41.500000000000007 4.5000000000000009 42910.000000000007 14637.655000000001 46105.000000000007 33284.000000000007 2.5000000000000004 37071.80000000001 1.5000000000000002 18325.230000000003 37974.80000000001 29354.270000000004 2.5000000000000004 19430.495000000003 39046.350000000006 0.407987834255855
decision_type=2 2 2 2 2 2 2 2 2 2 2 2 2 2 2 2 2 2 2 2 2 2 2 2 2 2 2 2 2
left_child=4 6 3 27 16 10 14 21 -9 23 12 -5 -6 -7 15 -2 19 18 -18 25 -21 -8 -12 -4 -16 -1 -15 -3 -19
right_child=1 2 9 11 5 13 7 8 -10 -11 22 -13 -14 26 24 -17 17 28 -20 20 -22 -23 -24 -25 -26 -27 -28 -29 -30
leaf_value=-1.6191246885879367 6.0879503488540649 2.5790044784545838 21.259507242838552 17.139565658569339 2.7586441802978521 2.4293933868408177 4.2894236246744795 -3.9793429183959961 3.4335087384496421 29.077401733398428 4.3251393212212443 12.205409113566079 -1.8412614059448238 -1.9286270401694556 5.7070005671183273 4.4431578103598062 -2.1838882827758779 -1.9768199284871419 3.091099875313895 -1.4577341713122469 3.3075625896453857 5.3860263677743774 2.8331716601053873 24.099168904622388 6.9803993988037112 -1.8189104722185832 -0.88425553639729826 3.4591613769531246 -1.7699870681762697
leaf_weight=204 15.999999999999998 3.0000000000000062 2.9999999999999982 3.9999999999999982 4.9999999999999982 3.0000000000000027 27 9.9999999999999982 56 3 9.0000000000000018 6 5 22.000000000000004 30 77 5.0000000000000018 2.9999999999999991 7 469 3.9999999999999991 26 14.999999999999998 3 4.9999999999999991 205 2.9999999999999991 4 9.9999999999999982
leaf_count=204 16 3 3 4 5 3 27 10 56 3 9 6 5 22 30 77 5 3 7 469 4 26 15 3 5 205 3 4 10
internal_value=0.0823899 5.2771 14.872 9.60967 -1.38114 0.777683 4.26711 3.43138 2.31035 24.812 2.52973 14.1791 0.458691 -1.3498 5.04408 4.72613 -1.52871 -0.516483 0.893188 -1.5574 -1.41744 4.82738 3.39266 22.6793 5.88891 -1.71926 -1.8033 3.08195 -1.81772
internal_weight=1242 273 26 17 969 62 247 119 66 9 34 10 10 28 128 93 907 25 12 882 473 53 24 6 35 409 25 7 13
internal_count=1242 273 26 17 969 62 247 119 66 9 34 10 10 28 128 93 907 25 12 882 473 53 24 6 35 409 25 7 13
is_linear=0
shrinkage=0.05


Tree=16
num_leaves=30
num_cat=0
split_feature=3 7 3 6 3 8 7 4 4 3 3 2 4 7 7 7 3 8 2 2 0 0 8 4 4 3 2 0 3
split_gain=3.15129e+06 925886 420098 226250 136956 55423.1 45840.7 105818 264869 30569.8 25408.1 24991.1 70444.7 17749.3 16902 29693.3 12713.6 19315.9 44863 7293.93 6379.99 6289.11 49410 4583.65 3484.9 1659.56 1342.78 880.67 217.155
threshold=0.5418399451924788 5.5000000000000009 0.74032222181388452 51.500000000000007 0.47386947318753897 2.5000000000000004 2.5000000000000004 43067.500000000007 43672.500000000007 0.67272605215168624 0.79769226454630082 17198.185000000001 43067.500000000007 1.5000000000000002 4.5000000000000009 3.5000000000000004 0.41115143307965124 2.5000000000000004 18662.205000000005 15732.025000000001 36027.80000000001 36912.700000000004 2.5000000000000004 44810.000000000007 36372.500000000007 0.51901427390906807 18887.545000000002 36604.55000000001 0.5947539792221429
decision_type=2 2 2 2 2 2 2 2 2 2 2 2 2 2 2 2 2 2 2 2 2 2 2 2 2 2 2 2 2
left_child=4 6 28 10 16 14 7 13 -9 19 -4 12 -7 -2 15 -6 21 26 -19 -8 -11 24 -23 -13 -1 -16 -18 -5 -3
right_child=1 2 3 27 5 11 9 8 -10 20 -12 23 -14 -15 25 -17 17 18 -20 -21 -22 22 -24 -25 -26 -27 -28 -29 -30
leaf_value=-1.3174952197860887 4.2399648666381839 2.7383982340494764 21.987914784749339 12.834653854370115 -0.94046035179725007 4.2258359909057628 3.9110867955134467 -4.2318255833217071 3.5490186648368836 3.8832098007202149 27.623532104492185 3.8804825146992998 -3.4360143343607583 6.2621659222771147 -2.1626537895202635 4.5781173706054688 -1.0443667305840383 -1.8566235436333542 3.1357577853732641 1.3894179979960124 5.4797396902310647 -1.8546519028513053 3.7316115951538089 2.4985084056854245 -1.564180324400946 -3.6501849492390939 -1.8168884277343751 11.785445976257321 3.3400003433227532
leaf_weight=182 30 3.0000000000000027 6.0000000000000018 4 13.000000000000005 5.9999999999999982 65 13.999999999999998 50 6.9999999999999991 3 12 6 17 5 2.9999999999999991 9.0000000000000018 9.0000000000000018 8.9999999999999982 2.9999999999999991 59 19.000000000000004 4.9999999999999991 12 671 3 14.999999999999998 4 3
leaf_count=182 30 3 6 4 13 6 65 14 50 7 3 12 6 17 5 3 9 9 9 3 59 19 5 12 671 3 15 4 3
internal_value=0.0178126 4.82183 14.4136 18.4281 -1.29728 1.01719 3.92138 3.16992 1.84696 4.54385 23.8665 2.25797 0.394911 4.9714 -0.843977 0.094273 -1.44839 -0.598581 0.639567 3.79984 5.31041 -1.48909 -0.690847 3.1895 -1.51155 -2.72048 -1.52719 12.31 3.0392
internal_weight=1247 268 23 17 979 60 245 111 64 134 9 36 12 47 24 16 919 42 18 68 66 877 24 24 853 8 24 8 6
internal_count=1247 268 23 17 979 60 245 111 64 134 9 36 12 47 24 16 919 42 18 68 66 877 24 24 853 8 24 8 6
is_linear=0
shrinkage=0.05


Tree=17
num_leaves=30
num_cat=0
split_feature=3 3 7 6 4 4 3 1 4 3 6 7 0 0 2 1 0 4 6 4 4 3 0 1 0 0 6 2 1
split_gain=2.91668e+06 727452 573330 210650 53609.5 339548 47418.1 33812.1 56400.7 27413.9 18988.4 17702.5 27008.7 15139.7 12334.8 10181 9987.36 33590 7705.54 3684.3 8315.74 2851.04 1916.09 1820.37 1559.15 1404.46 510.804 309.589 72.1068
threshold=0.51901427390906807 0.74032222181388452 5.5000000000000009 50.500000000000007 43067.500000000007 43672.500000000007 0.60890797770399319 13721.570000000002 44860.000000000007 0.79188783912384364 41.500000000000007 2.5000000000000004 33284.000000000007 35834.450000000004 12650.380000000003 18472.750000000004 36912.700000000004 48025.000000000007 44.500000000000007 43767.500000000007 42595.000000000007 0.41745675134688681 34238.200000000004 28221.16 38649.450000000004 37116.850000000006 42.500000000000007 22922.475000000002 12701.890000000001
decision_type=2 2 2 2 2 2 2 2 2 2 2 2 2 2 2 2 2 2 2 2 2 2 2 2 2 2 2 2 2
left_child=7 4 18 9 14 24 -7 16 11 -4 -10 13 -13 -9 22 -16 19 -18 26 20 -1 -12 -2 -5 -6 -20 -3 -21 -19
right_child=1 2 3 23 5 6 -8 8 10 -11 21 12 -14 -15 15 -17 17 28 25 27 -22 -23 -24 -25 -26 -27 -28 -29 -30
leaf_value=-1.4568345061803269 7.2027998606363957 7.291996192932122 20.429401143391917 11.2858331044515 -3.5640682538350412 2.4691442441132114 4.2813036231584451 1.42584227323532 2.6231901804606124 26.283237711588534 -0.92773065006031707 -2.0001303990681945 3.1697185605764391 -3.272965240478515 1.3520579020182293 4.3333593519907145 3.7477132320404056 -2.0140447616577144 4.7851248979568473 -1.7640989573105523 -0.90436035998455899 -1.7099763045439851 5.6551834106445309 12.662865829467771 -4.6149709320068366 5.8326129913330078 6.4289068857828759 -1.6123845268249513 -1.7138224124908445
leaf_weight=590 2.9999999999999982 4.0000000000000027 6.0000000000000018 5.9999999999999982 12.000000000000002 59 93 4.0000000000000027 2.9999999999999991 3 17 3.0000000000000027 15.999999999999998 3 2.9999999999999991 63 3.9999999999999991 4 16.000000000000004 46 77 37 6 4 4.9999999999999991 3.9999999999999991 3 125 4
leaf_count=590 3 4 6 6 12 59 93 4 3 3 17 3 16 3 3 63 4 4 16 46 77 37 6 4 5 4 3 125 4
internal_value=0.0297444 4.40943 10.177 16.8312 3.32211 2.82839 3.5779 -1.33157 -0.36833 22.3807 -1.24861 1.56152 2.35343 -0.587932 4.43463 4.19785 -1.42563 0.00661535 5.49434 -1.44614 -1.39306 -1.46371 6.17106 11.8366 -3.87316 4.99462 6.9221 -1.6532 -1.86393
internal_weight=1223 290 46 19 244 169 152 933 83 9 57 26 19 7 75 66 850 12 27 838 667 54 9 10 17 20 7 171 8
internal_count=1223 290 46 19 244 169 152 933 83 9 57 26 19 7 75 66 850 12 27 838 667 54 9 10 17 20 7 171 8
is_linear=0
shrinkage=0.05


Tree=18
num_leaves=28
num_cat=0
split_feature=3 2 0 4 0 3 2 1 4 4 0 8 4 4 4 5 5 2 6 3 4 0 4 4 0 0 6
split_gain=2.6897e+06 600408 462619 68884.1 88307.3 47945 43798.6 31001.6 57672.5 30798.4 43371.7 29553.9 36651.4 24588 229042 17066.1 6208.98 5881.66 5644.24 3919.04 16159.2 30774.2 2590.89 7712.41 2035.01 62.5368 45.572
threshold=0.51901427390906807 9193.7650000000012 37684.55000000001 44810.000000000007 36498.850000000006 0.56387304998520638 8286.7050000000017 12385.105000000003 39905.000000000007 45602.500000000007 36912.700000000004 2.5000000000000004 43672.500000000007 43067.500000000007 43672.500000000007 13.500000000000002 10.500000000000002 12650.380000000003 41.500000000000007 0.27743817859605008 39295.000000000007 30383.250000000004 34325.000000000007 36372.500000000007 37378.950000000004 35712.400000000009 41.500000000000007
decision_type=2 2 2 2 2 2 2 2 2 2 2 2 2 2 2 2 2 2 2 2 2 2 2 2 2 2 2
left_child=7 2 3 4 -2 11 -4 19 25 10 -10 15 -13 17 -15 -3 -5 -7 -11 22 21 -21 26 -24 -22 -9 -1
right_child=1 5 6 16 -6 13 -8 8 9 18 -12 12 -14 14 -16 -17 -18 -19 -20 20 24 -23 23 -25 -26 -27 -28
leaf_value=-1.4939682086308799 4.6066505432128881 0.83438407182693508 24.166064453124996 7.1923507690429602 12.147509765625001 5.6808170795440676 16.7668625831604 3.9818257331848148 -0.65729841544077949 0.61027043660481772 2.5716146028958837 0.53826306660970047 3.6011072908129012 -4.0476223373413083 3.821046382624929 -3.5877075831095371 4.7135810375213625 4.2346021849533608 -1.6051374670388043 3.5096509742736792 -1.4277584357695146 -0.8359417351809415 -0.76205052720739497 -1.4320891283602122 -0.10787601470947267 3.6798332214355458 -1.6352554940769815
leaf_weight=5.9999999999999991 6.0000000000000027 7.9999999999999982 4 3.0000000000000027 10.999999999999998 7.9999999999999991 4 3.9999999999999991 52 2.9999999999999991 12.999999999999998 14.999999999999998 28 9.9999999999999982 123 3 15.999999999999998 58 69 5.0000000000000027 110 22 47 498 2.9999999999999991 3 117
leaf_count=6 6 8 4 3 11 8 4 4 52 3 13 15 28 10 123 3 16 58 69 5 110 22 47 498 3 3 117
internal_value=0.0457654 4.1999 9.59065 7.1738 9.48603 3.26238 20.4665 -1.25022 -0.574343 -0.800527 -0.0115158 1.94105 2.53267 3.62093 3.22942 -0.371641 5.10497 4.4099 -1.51283 -1.37067 -1.13014 -0.0312023 -1.42109 -1.37431 -1.39272 3.8524 -1.62836
internal_weight=1249 297 44 36 17 253 8 952 144 137 65 54 43 199 133 11 19 66 72 808 140 27 668 545 113 7 123
internal_count=1249 297 44 36 17 253 8 952 144 137 65 54 43 199 133 11 19 66 72 808 140 27 668 545 113 7 123
is_linear=0
shrinkage=0.05


Tree=19
num_leaves=29
num_cat=0
split_feature=3 3 0 2 4 0 1 8 2 4 4 3 4 2 8 4 4 0 0 9 0 4 0 4 4 2 6 4
split_gain=2.35186e+06 440089 231924 62754.2 59886.9 91109.2 47279.2 42278.9 36958.5 51459.5 138091 15537.4 74734.5 26710.8 9872.38 8753.18 26990.9 4207.99 3692.2 12074 3435.34 3308.55 3287.24 2623.57 6895.03 583.269 406.522 72.8557
threshold=0.5300522912467337 0.74032222181388452 37906.350000000013 8441.9900000000016 44810.000000000007 36498.850000000006 17649.665000000005 2.5000000000000004 13706.185000000001 43067.500000000007 43672.500000000007 0.29845284983275794 39295.000000000007 24132.920000000002 2.5000000000000004 42910.000000000007 43672.500000000007 36884.600000000006 38832.100000000006 1.0000000180025095e-35 33457.750000000007 36090.000000000007 37974.80000000001 34325.000000000007 36372.500000000007 17875.185000000001 49.500000000000007 33577.500000000007
decision_type=2 2 2 2 2 2 2 2 2 2 2 2 2 2 2 2 2 2 2 2 2 2 2 2 2 2 2 2
left_child=6 8 4 -4 5 -3 11 18 15 21 -11 23 13 -13 -14 20 -17 -6 25 -20 -2 -10 -9 27 -25 -8 -24 -1
right_child=1 2 3 -5 17 -7 7 22 9 10 -12 12 14 -15 -16 16 -18 -19 19 -21 -22 -23 26 24 -26 -27 -28 -29
leaf_value=-1.52878689127309 6.3076549530029302 4.4780439649309409 21.128908538818362 11.562484105428057 4.0920482158660869 11.65579408009847 -2.266946983337403 3.713868598937986 3.3610760337428043 -3.3226468519731003 2.6867994524028203 2.9445449709892269 -1.4499431202554296 -2.1967139561971027 -0.77869863556426711 1.1549652099609375 4.0548516969423032 5.6680819193522138 2.2312042554219564 -1.9649662256240843 4.5965596632523971 4.1848552255069507 2.4624953079223637 -0.72249287068843848 -1.3484027301723307 -1.4130816141764322 1.8249043464660641 -1.63467603984632
leaf_weight=112 3.9999999999999991 7.0000000000000027 3.9999999999999991 3 8.0000000000000018 11.999999999999998 2.9999999999999982 5.0000000000000027 19 10.999999999999998 73 16.000000000000004 117 2.9999999999999991 103 8.9999999999999982 74 8.9999999999999982 2.9999999999999991 4 10.999999999999998 34 4.9999999999999982 48 528 6 5 19
leaf_count=112 4 7 4 3 8 12 3 5 19 11 73 16 117 3 103 9 74 9 3 4 11 34 5 48 528 6 5 19
internal_value=-0.00680314 4.05089 8.70158 17.029 7.08236 9.01136 -1.1614 0.760024 3.19991 2.66958 1.89985 -1.22436 -0.875844 2.13277 -1.13568 3.94129 3.74041 4.92642 -1.02785 -0.166607 5.05285 3.88954 2.66709 -1.34218 -1.29624 -1.6977 2.1437 -1.54414
internal_weight=1255 278 43 7 36 19 977 31 235 137 84 946 239 19 220 98 83 17 16 7 15 53 15 707 576 9 10 131
internal_count=1255 278 43 7 36 19 977 31 235 137 84 946 239 19 220 98 83 17 16 7 15 53 15 707 576 9 10 131
is_linear=0
shrinkage=0.05


Tree=20
num_leaves=28
num_cat=0
split_feature=3 7 3 5 3 3 8 2 4 4 0 7 4 2 4 2 3 4 3 8 2 0 2 7 4 4 5
split_gain=2.17503e+06 593945 239459 76539.7 75690.3 67456.7 48888 29283.3 46137.6 145010 16743 14683.3 17159.8 11270.2 13290.5 10852.8 9495.73 53183.8 8888.26 7839.12 7664.23 7638.97 5084.48 4976.94 3354.56 2331.95 2193.76
threshold=0.53840417263619134 5.5000000000000009 0.76608722344385671 13.500000000000002 0.74032222181388452 0.47386947318753897 2.5000000000000004 12650.380000000003 43067.500000000007 43672.500000000007 39550.700000000004 4.5000000000000009 43067.500000000007 17534.175000000003 43067.500000000007 8075.4250000000011 0.33044768439364131 39295.000000000007 0.52484115217086147 2.5000000000000004 8969.5500000000011 37116.850000000006 21835.605000000007 1.5000000000000002 44810.000000000007 33235.000000000007 10.500000000000002
decision_type=2 2 2 2 2 2 2 2 2 2 2 2 2 2 2 2 2 2 2 2 2 2 2 2 2 2 2
left_child=5 7 4 15 -3 16 10 11 23 -10 18 12 -2 14 -8 -4 21 22 -7 -19 -6 25 -18 -9 -15 -1 -13
right_child=1 2 3 -5 20 6 13 8 9 -11 -12 26 -14 24 -16 -17 17 19 -20 -21 -22 -23 -24 -25 -26 -27 -28
leaf_value=-1.5057430650876915 5.371126136779786 2.3516303253173816 22.663446044921884 10.844517262776691 8.4958807627360002 -1.0711410522460934 3.2764731725056979 3.3125980508738553 -3.3155804894187235 2.8318166643778486 2.4369414647420249 5.4289936065673832 3.1284481706290412 3.2585481007893877 -0.70121405465262265 18.685137939453124 3.738117980957032 -1.366714897480878 -3.6768348217010498 -0.65193846646477205 11.839083671569822 0.92087817192077637 1.2170861562093096 4.1874277785017684 2.002788624396691 -1.2369647498544494 4.4937571558459055
leaf_weight=92 9.9999999999999982 5.0000000000000018 2.9999999999999982 3 3 18.000000000000007 2.9999999999999982 29 10.999999999999998 75 2.9999999999999991 7.9999999999999991 58 9 7 4 5.9999999999999982 88 3.9999999999999991 68 4 3.9999999999999991 3 37 13 657 29
leaf_count=92 10 5 3 3 3 18 3 29 11 75 3 8 58 9 7 4 6 88 4 68 4 4 3 37 13 657 29
internal_value=0.0344875 3.92722 11.8121 17.5264 7.05018 -1.07943 0.589597 3.25225 2.80865 2.04552 -1.06708 3.8944 3.45825 1.88388 0.492092 20.3901 -1.18306 -0.839532 -1.5449 -1.05515 10.4063 -1.25834 2.89777 3.80303 2.51651 -1.26998 4.69597
internal_weight=1254 279 22 10 12 975 57 257 152 86 25 105 68 32 10 7 918 165 22 156 7 753 9 66 22 749 37
internal_count=1254 279 22 10 12 975 57 257 152 86 25 105 68 32 10 7 918 165 22 156 7 753 9 66 22 749 37
is_linear=0
shrinkage=0.05


Tree=21
num_leaves=30
num_cat=0
split_feature=3 7 1 1 1 4 5 2 7 1 4 4 1 4 2 0 0 2 2 4 5 2 7 4 7 0 0 6 1
split_gain=1.95468e+06 475851 259806 83498.4 74062.9 58681.3 39173.2 26253.6 36257 23863.8 34087.2 151823 11070 18933.1 25021.1 12685.7 20981.6 7736.03 6916.97 6428.82 7039.25 5755.93 5726.92 3116.81 2807.93 10954.7 834.438 226.213 163.204
threshold=0.5418399451924788 5.5000000000000009 28145.715 15975.090000000002 27262.300000000003 46105.000000000007 11.500000000000002 16878.240000000002 1.5000000000000002 27800.005000000001 43067.500000000007 43672.500000000007 12746.130000000003 45602.500000000007 18325.230000000003 37071.80000000001 37762.400000000009 8075.4250000000011 8969.5500000000011 44065.000000000007 10.500000000000002 12650.380000000003 5.5000000000000009 42977.500000000007 1.5000000000000002 38832.100000000006 39230.80000000001 42.500000000000007 23285.830000000005
decision_type=2 2 2 2 2 2 2 2 2 2 2 2 2 2 2 2 2 2 2 2 2 2 2 2 2 2 2 2 2
left_child=3 9 4 12 28 7 17 8 -5 10 21 -12 15 14 -14 23 -17 -4 -6 -11 -21 -2 -9 -1 25 -7 -26 -15 -3
right_child=1 2 6 5 18 24 -8 22 -10 19 11 -13 13 27 -16 16 -18 -19 -20 20 -22 -23 -24 -25 26 -27 -28 -29 -30
leaf_value=-1.1455160127356765 5.1143233299255373 2.0548245747884097 21.57115529378256 3.3181448364257813 8.07108662923177 -1.4573521534601843 12.77817942301432 3.3155048012733461 -2.1094559907913211 1.8878067016601563 -3.4555419540405277 2.9893442000982899 -1.4955703735351564 -1.7961758295694989 1.0350829618317741 3.3638348102569573 -1.7574009895324705 17.980418904622393 11.247129631042478 5.1818971252441415 3.8978276381621493 3.6836492735764077 1.902649204547588 -1.3777570280977476 -1.4066571617126469 1.9206896146138508 -2.3201326942443843 -1.3437719018118723 2.5763666788736974
leaf_weight=647 7.9999999999999991 3.0000000000000018 2.9999999999999982 4.9999999999999991 3 12.000000000000002 3 15.999999999999998 7.9999999999999991 2.9999999999999991 9.9999999999999982 106 14.999999999999998 2.9999999999999991 28 4 4 3 4 14.999999999999998 37 58 13.000000000000002 186 4.9999999999999982 2.9999999999999991 5 35 3
leaf_count=647 8 3 3 5 3 12 3 16 8 3 10 106 15 3 28 4 4 3 4 15 37 58 13 186 5 3 5 35 3
internal_value=0.0119048 3.87868 10.9129 -1.00073 6.39195 0.703545 17.4433 1.84518 -0.0219172 3.22571 2.9499 2.43375 -1.12457 -0.566318 0.152297 -1.17834 0.803217 19.7758 9.88597 4.13839 4.26823 3.85706 2.68216 -1.19737 -1.2144 -0.781744 -1.86339 -1.37949 2.3156
internal_weight=1248 259 22 989 13 67 9 42 13 237 182 116 922 81 43 841 8 6 7 55 52 66 29 833 25 15 10 38 6
internal_count=1248 259 22 989 13 67 9 42 13 237 182 116 922 81 43 841 8 6 7 55 52 66 29 833 25 15 10 38 6
is_linear=0
shrinkage=0.05


Tree=22
num_leaves=31
num_cat=0
split_feature=3 3 7 6 3 4 4 1 4 2 4 7 7 4 2 6 5 5 1 4 4 5 4 5 7 1 2 3 2 7
split_gain=1.67487e+06 371973 322315 124103 40310 32557.6 24307.6 23156.7 45872.7 20572.6 18252.1 27716.5 18173.3 16369.5 13124.2 8829.35 6849.51 4750.29 2384.85 2080.75 13530.5 16386.4 2497.31 805.793 753.933 297.037 110.037 31.0895 110.472 4.19934
threshold=0.50631716952207639 0.75264595117007793 5.5000000000000009 51.500000000000007 0.56387304998520638 46105.000000000007 43672.500000000007 13084.870000000003 44860.000000000007 17726.475000000002 42277.500000000007 2.5000000000000004 2.5000000000000004 36090.000000000007 7781.8900000000003 42.500000000000007 13.500000000000002 10.500000000000002 13262.65 45602.500000000007 45077.500000000007 11.500000000000002 42595.000000000007 13.500000000000002 4.5000000000000009 27986.955000000002 21678.115000000005 0.30626607392211747 25223.585000000003 4.5000000000000009
decision_type=2 2 2 2 2 2 2 2 2 2 2 2 2 2 2 2 2 2 2 2 2 2 2 2 2 2 2 2 2 2
left_child=7 4 17 14 5 6 -2 19 9 -9 13 -12 -11 -6 -4 26 -7 24 -17 20 22 -22 -1 -19 -3 -5 -10 29 -29 -21
right_child=1 2 3 25 10 16 -8 8 15 12 11 -13 -14 -15 -16 18 -18 23 -20 27 21 -23 -24 -25 -26 -27 -28 28 -30 -31
leaf_value=-1.1517632380854184 0.65479994274321063 4.8978230794270781 20.451715087890634 9.0031378746032704 2.8222051978111269 -0.35575846036275238 2.9051506417138238 -1.6488211059570301 1.0323774973551432 -0.12961571812629694 1.8674624114740093 3.2099171711848338 2.7345126310984296 5.0202237235175247 16.268535461425781 -0.13722011566162109 -3.2818291346232087 3.5669202110984095 -1.2737909317016602 -1.3056022008260093 3.1956431865692139 -0.7238275408744812 -0.89816093403717567 4.2531550271170486 6.0187845865885405 8.3449742635091138 0.60413058598836245 -1.3154002224957502 -1.5969565391540528 -1.2835136632124584
leaf_weight=595 21 3.0000000000000027 2.9999999999999982 4 15.999999999999998 5.9999999999999982 28 5.0000000000000027 2.9999999999999991 8.0000000000000018 61 104 18 18 5 4.9999999999999991 3 11.000000000000002 60 39 3.9999999999999991 7.9999999999999991 116 6.9999999999999991 3 3 3 27.000000000000004 3.9999999999999991 48
leaf_count=595 21 3 3 4 16 6 28 5 3 8 61 104 18 18 5 5 3 11 60 39 4 8 116 7 3 3 3 27 4 48
internal_value=0.00217575 3.28339 7.83342 13.583 2.59292 1.43302 1.94071 -1.02777 -0.316312 1.28839 2.93098 2.71362 1.85324 3.98586 17.8372 -1.01696 -1.33112 4.23992 -1.18636 -1.11406 -1.08229 0.582663 -1.11039 3.83379 5.4583 8.72107 0.818254 -1.30874 -1.35173 -1.29342
internal_weight=1239 296 39 15 257 58 49 943 102 31 199 165 26 34 8 71 9 24 65 841 723 12 711 18 6 7 6 118 31 87
internal_count=1239 296 39 15 257 58 49 943 102 31 199 165 26 34 8 71 9 24 65 841 723 12 711 18 6 7 6 118 31 87
is_linear=0
shrinkage=0.05


Tree=23
num_leaves=31
num_cat=0
split_feature=3 3 7 0 4 4 3 3 8 0 2 3 0 0 8 0 2 4 4 3 7 3 6 0 3 0 6 4 2 0
split_gain=1.58474e+06 371123 298220 123354 23927.6 229917 33315.2 21402.4 28349.8 39438.3 10544.9 9652.34 7813.58 6526.68 32010.8 5465.02 4255.66 3312.4 3302.6 31033.2 3370.96 3085.79 6277.65 3034.63 1836.38 1733.31 1365.61 948.475 101.156 100.868
threshold=0.51901427390906807 0.75264595117007793 5.5000000000000009 37116.850000000006 43067.500000000007 43672.500000000007 0.60890797770399319 0.39097544268414924 2.5000000000000004 34103.900000000001 8075.4250000000011 0.407987834255855 32385.250000000004 36912.700000000004 2.5000000000000004 36884.600000000006 18662.205000000005 36090.000000000007 37740.000000000007 0.29845284983275794 3.5000000000000004 0.47386947318753897 47.500000000000007 38763.900000000009 0.39501419471280236 36604.55000000001 47.500000000000007 44585.000000000007 26550.925000000003 37116.850000000006
decision_type=2 2 2 2 2 2 2 2 2 2 2 2 2 2 2 2 2 2 2 2 2 2 2 2 2 2 2 2 2 2
left_child=7 4 15 25 12 23 -7 13 21 16 -5 -11 -2 18 28 27 -10 -14 19 -1 -20 24 -23 -6 -9 -4 -17 -3 -15 -16
right_child=1 2 3 10 5 6 -8 8 9 11 -12 -13 17 14 29 26 -18 -19 20 -21 -22 22 -24 -25 -26 -27 -28 -29 -30 -31
leaf_value=-1.060434788764884 0.74720230102539065 4.227888107299802 9.2837693786621056 19.539730834960935 -2.9177465756734207 1.8371587722027891 3.3142930778802611 -0.2520702123641968 -1.291133618354797 4.7559061686197861 15.790089721679685 1.7144988274574282 2.8565448180488922 -1.37500147819519 2.700083859761556 5.2702696323394784 0.76101856231689458 3.5838983652543051 -1.0335098639091067 1.2206182003021242 -1.2757471226412676 0.48635796440972207 -1.2942401279102673 -4.3838747406005858 -1.3864668990626481 7.8873561859130845 4.0193669637044263 3.2249134757302018 -1.6725099086761475 3.1100992838541659
leaf_weight=219 2.9999999999999991 3.0000000000000009 5.0000000000000018 3 12.000000000000002 61 102 3.9999999999999991 16.000000000000004 3.0000000000000027 5 20 23 10.000000000000002 2.9999999999999991 7.9999999999999982 2.9999999999999991 49 377 15.999999999999998 232 9.0000000000000018 10.999999999999998 4.9999999999999991 33 4 3 11 3.9999999999999991 3
leaf_count=219 3 3 5 3 12 61 102 4 16 3 5 20 23 10 3 8 3 49 377 16 232 9 11 5 33 4 3 11 4 3
internal_value=0.0213503 3.21435 7.56943 12.6787 2.49704 2.1844 2.7615 -0.963406 -0.267056 0.718634 17.1962 2.1112 3.24738 -1.0432 -0.150475 4.09512 -0.96711 3.35155 -1.06435 -0.905129 -1.12579 -0.993353 -0.492971 -3.34896 -1.26383 8.66314 4.92911 3.43984 -1.46 2.90509
internal_weight=1260 297 42 17 255 180 163 963 99 42 8 23 75 864 20 25 19 72 844 235 609 57 20 17 37 9 11 14 14 6
internal_count=1260 297 42 17 255 180 163 963 99 42 8 23 75 864 20 25 19 72 844 235 609 57 20 17 37 9 11 14 14 6
is_linear=0
shrinkage=0.05


Tree=24
num_leaves=30
num_cat=0
split_feature=3 3 7 6 3 4 0 1 4 4 4 4 5 6 4 3 0 0 8 3 4 1 5 4 0 8 7 1 0
split_gain=1.45787e+06 408252 298802 122884 27508.6 53309.7 31234.5 21672 39016 19182.6 17758 112275 12116.2 12072.3 10498.8 10184.5 7975.49 5754.24 28867.1 4629.56 3324.62 25339.1 2857.95 2609.88 1244.91 722.045 166.257 131.142 91.0331
threshold=0.51901427390906807 0.74032222181388452 5.5000000000000009 50.500000000000007 0.60890797770399319 47530.000000000007 38692.450000000004 14637.655000000001 44860.000000000007 43067.500000000007 44065.000000000007 43067.500000000007 10.500000000000002 41.500000000000007 44585.000000000007 0.79769226454630082 34474.700000000004 36912.700000000004 2.5000000000000004 0.42199780665389214 37740.000000000007 11018.750000000002 10.500000000000002 42595.000000000007 36604.55000000001 2.5000000000000004 4.5000000000000009 12701.890000000001 37116.850000000006
decision_type=2 2 2 2 2 2 2 2 2 2 2 2 2 2 2 2 2 2 2 2 2 2 2 2 2 2 2 2 2
left_child=7 4 22 15 5 9 -7 17 12 -2 11 -6 -9 -10 -12 -4 -14 20 27 -15 21 -1 26 -22 -5 -24 -3 -19 -20
right_child=1 2 3 24 10 6 -8 8 13 -11 14 -13 16 19 -16 -17 -18 18 28 -21 23 -23 25 -25 -26 -27 -28 -29 -30
leaf_value=-0.94532332290302623 2.8484478969573974 4.3894184112548782 14.970129830496646 8.6317532221476263 3.6566513919830315 -5.9563626607259135 0.14150454657418385 -0.74776896238326973 2.2152743657430012 1.5224004062016805 4.2206831455230711 -3.7008449826921734 4.6502564748128199 0.12107813698904855 2.9276641479910239 18.452142333984369 1.8094046354293825 -1.5888843774795518 2.5650795936584476 -1.2782034572802092 -1.1505588901950305 1.9193628787994386 4.0578289031982404 -0.94555019012844288 7.4929883956909169 3.2896280288696285 4.8818193912506089 -1.2545659065246584 2.9545944213867181
leaf_weight=220 50 3.0000000000000027 7.0000000000000018 5.9999999999999982 20.000000000000004 2.9999999999999982 7 4.0000000000000027 2.9999999999999991 60 20 6.9999999999999991 3.0000000000000027 6.9999999999999991 73 3 13.999999999999998 4.0000000000000027 2.9999999999999991 38 381 7.9999999999999991 4.0000000000000009 262 4 13 4 10.999999999999998 3
leaf_count=220 50 3 7 6 20 3 7 4 3 60 20 7 3 7 73 3 14 4 3 38 381 8 4 262 4 13 4 11 3
internal_value=0.00703043 3.1544 7.58186 12.0955 2.3427 1.8074 -1.68786 -0.923098 -0.0693769 2.12515 2.878 1.74915 1.72816 -0.855799 3.20573 16.0147 2.31073 -0.989137 -0.171273 -1.06054 -1.00886 -0.844808 3.8205 -1.06703 8.17625 3.47038 4.67079 -1.34372 2.75984
internal_weight=1245 284 44 20 240 120 10 961 69 110 120 27 21 48 93 10 17 892 21 45 871 228 24 643 10 17 7 15 6
internal_count=1245 284 44 20 240 120 10 961 69 110 120 27 21 48 93 10 17 892 21 45 871 228 24 643 10 17 7 15 6
is_linear=0
shrinkage=0.05


Tree=25
num_leaves=30
num_cat=0
split_feature=1 7 1 6 1 4 4 0 7 4 0 4 4 2 0 8 1 0 0 4 1 1 1 0 0 6 0 1 5
split_gain=1.18677e+06 293147 267075 99917.6 54397.2 55013 23395.3 66687.2 19420.4 21838.1 16963.8 15915.2 20992.5 8396.06 6045.11 36839.8 6204.73 10023.6 5662.44 1922.94 1653.21 1341.12 680.559 500.986 436.787 169.442 146.117 62.9552 42.176
threshold=19692.670000000002 5.5000000000000009 27262.300000000003 51.500000000000007 15975.090000000002 46105.000000000007 47530.000000000007 38692.450000000004 4.5000000000000009 43067.500000000007 39877.950000000004 42977.500000000007 44395.000000000007 7781.8900000000003 36912.700000000004 2.5000000000000004 13721.570000000002 35834.450000000004 32588.050000000003 42977.500000000007 28221.16 29354.270000000004 18965.035000000003 37116.850000000006 40031.05000000001 42.500000000000007 38832.100000000006 19333.335000000003 12.500000000000002
decision_type=2 2 2 2 2 2 2 2 2 2 2 2 2 2 2 2 2 2 2 2 2 2 2 2 2 2 2 2 2
left_child=4 6 24 13 14 11 8 -8 9 -2 -9 18 -13 -4 16 25 19 -18 -6 -1 -5 -10 26 -17 28 -16 -7 -24 -3
right_child=1 2 3 20 5 22 7 10 21 -11 -12 12 -14 -15 15 23 17 -19 -20 -21 -22 -23 27 -25 -26 -27 -28 -29 -30
leaf_value=-0.93416131901106358 3.1635246444166754 1.4158880869547514 17.529536437988266 6.9712386131286612 0.56741981506347583 -1.0714668947107648 -4.9047500133514363 -0.074057061331612689 3.5612121335921749 1.9499086263044825 2.8052777440924395 -2.1684301662445051 1.572562074661255 14.289925638834635 -1.6627347946166955 2.4368256409962972 0.20116965954120342 -1.7348441865709092 2.9048890565571033 -1.1115181081295014 8.4087769508361809 4.5340211868286131 -1.5734331130981447 3.2915795803070065 2.2715494155883791 -1.2532506406307222 -1.449953842163086 -1.8973548571268712 1.6530264472961425
leaf_weight=648 57 3.0000000000000018 3.0000000000000018 4 3.0000000000000027 17.000000000000007 4.0000000000000027 7.0000000000000027 31 106 19 5.0000000000000027 14.999999999999998 6 3.0000000000000062 2.9999999999999991 26 8.9999999999999982 19 200 4 3.9999999999999991 2.9999999999999991 4 2.9999999999999991 15.999999999999998 2.9999999999999991 3 5
leaf_count=648 57 3 3 4 3 17 4 7 31 106 19 5 15 6 3 3 26 9 19 200 4 4 3 4 3 16 3 3 5
internal_value=-0.0308508 2.99954 7.8277 11.7558 -0.824895 0.53918 2.40661 1.10543 2.60376 2.3743 2.03007 1.65813 0.637314 15.3698 -0.926938 -0.175516 -0.949064 -0.296662 2.58614 -0.975991 7.69001 3.67239 -1.26835 2.92526 1.75704 -1.31791 -1.12824 -1.73539 1.5641
internal_weight=1233 256 28 17 977 68 228 30 198 163 26 42 20 9 909 26 883 35 22 848 8 35 26 7 11 19 20 6 8
internal_count=1233 256 28 17 977 68 228 30 198 163 26 42 20 9 909 26 883 35 22 848 8 35 26 7 11 19 20 6 8
is_linear=0
shrinkage=0.05


Tree=26
num_leaves=29
num_cat=0
split_feature=3 3 7 6 4 4 4 1 4 4 7 0 0 4 0 0 6 4 1 0 7 7 0 1 1 3 3 3
split_gain=1.09807e+06 249239 204832 77144.5 22204.5 35067.9 138722 18189.6 44866 18030.7 15780.9 25318 12406.7 10061.5 8770.64 11003.7 7049.12 3192.03 23983.8 3085.97 2784.89 2782.91 2594.15 1833.81 1074.62 897.047 878.374 196.685
threshold=0.51901427390906807 0.74032222181388452 5.5000000000000009 50.500000000000007 40095.000000000007 43672.500000000007 43067.500000000007 13084.870000000003 44860.000000000007 47530.000000000007 2.5000000000000004 32120.100000000002 35834.450000000004 36090.000000000007 37071.80000000001 38113.900000000001 41.500000000000007 37740.000000000007 11018.750000000002 37974.80000000001 3.5000000000000004 1.5000000000000002 37202.950000000004 21594.030000000002 28221.16 0.60890797770399319 0.79188783912384364 0.77353288823788591
decision_type=2 2 2 2 2 2 2 2 2 2 2 2 2 2 2 2 2 2 2 2 2 2 2 2 2 2 2 2
left_child=7 4 22 19 13 6 -6 14 10 -7 12 -12 -9 25 17 -16 -10 18 -1 -4 -19 -18 26 -15 -5 -2 -3 -24
right_child=1 2 3 24 5 9 -8 8 16 -11 11 -13 -14 23 15 -17 21 20 -20 -21 -22 -23 27 -25 -26 -27 -28 -29
leaf_value=-0.84420500774746354 2.1830111900965368 2.9765859491684847 12.958902740478507 6.930322710673015 2.3594173749287921 2.5872628639055337 -3.1116586327552795 1.0653205490112299 1.2012370824813843 1.1921474588328393 -1.4648112535476674 2.9329286575317384 -3.0018941243489579 3.879384504045758 2.5887259006500245 -1.4171562830607094 -0.58745075225830079 -0.87985779409607245 1.9406911373138429 14.922946166992185 -1.1011403639773105 -1.2179731732323056 4.0260356903076175 5.2416041056315104 7.9883380889892566 2.8952320916312084 3.8000885009765626 4.5985806783040353
leaf_weight=230 12.000000000000002 17.000000000000007 4.0000000000000018 5.9999999999999982 42 115 15.999999999999998 5.0000000000000018 3.9999999999999991 29 4.0000000000000027 18 3 14.000000000000002 3.9999999999999991 3 30 360 7.9999999999999991 4 235 42 2.9999999999999991 2.9999999999999991 4 6.9999999999999991 3.9999999999999991 3
leaf_count=230 12 17 4 6 42 115 16 5 4 29 4 18 3 14 4 3 30 360 8 4 235 42 3 3 4 7 4 3
internal_value=0.00478459 2.73729 6.14975 10.2813 2.09208 1.8882 0.850155 -0.812658 -0.195463 2.3063 1.44181 2.13334 -0.459885 3.23608 -0.890542 0.871919 -0.841756 -0.905352 -0.750595 13.9409 -0.967255 -0.955255 3.39541 4.11978 7.35353 2.44541 3.13344 4.31231
internal_weight=1229 283 45 18 238 202 58 946 106 144 30 22 8 36 840 7 76 833 238 8 595 72 27 17 10 19 21 6
internal_count=1229 283 45 18 238 202 58 946 106 144 30 22 8 36 840 7 76 833 238 8 595 72 27 17 10 19 21 6
is_linear=0
shrinkage=0.05


Tree=27
num_leaves=29
num_cat=0
split_feature=1 2 7 6 1 4 4 4 1 0 7 0 0 8 2 2 1 5 7 2 2 0 0 1 2 0 0 4
split_gain=973550 226087 213018 80077 52362.8 46271.6 18083.3 135261 29317.6 15493.4 16660.7 8532.69 6419.44 35401.6 5179.1 3906.65 4041.6 3352.9 3266.5 1835.8 1610.57 1425.33 1112.36 908.79 533.437 445.664 362.867 223.554
threshold=19692.670000000002 9193.7650000000012 5.5000000000000009 50.500000000000007 16877.015000000003 46105.000000000007 43067.500000000007 43672.500000000007 23040.270000000004 35756.200000000004 1.5000000000000002 37974.80000000001 36912.700000000004 2.5000000000000004 12650.380000000003 14968.375000000002 14205.440000000001 10.500000000000002 1.5000000000000002 15616.435000000001 13706.185000000001 37167.750000000007 33084.850000000006 27986.955000000002 17875.185000000001 39230.80000000001 37116.850000000006 48205.000000000007
decision_type=2 2 2 2 2 2 2 2 2 2 2 2 2 2 2 2 2 2 2 2 2 2 2 2 2 2 2 2
left_child=4 2 17 11 12 9 14 20 -9 19 -11 -4 15 27 22 -1 -17 -2 -16 -6 -8 -19 -3 -5 -7 -26 -15 -14
right_child=1 6 3 23 5 24 7 8 -10 10 -12 -13 13 26 18 16 -18 21 -20 -21 -22 -23 -24 -25 25 -27 -28 -29
leaf_value=-2.4248399257659914 4.4729545593261681 4.7679153442382827 12.574073982238767 7.6654471397399888 2.4076376988337582 -1.8539857546488421 -3.8551041920979823 1.3216020301536278 2.7892433705537218 2.4584872484207145 -0.54034400419755424 15.839936828613279 -1.0252877088693471 2.2914206504821757 2.2512545005134914 -0.87801072317868367 -0.26758472408567158 2.6927208781242364 3.103455803611062 3.4649709065755214 -2.6965956370035808 3.8803587595621742 3.5887408892313637 6.599620056152343 -0.96556338469187397 -1.5274160003662109 2.9869943237304684 -1.3494630071851941
leaf_weight=3.9999999999999991 4.0000000000000027 2.9999999999999982 4 4 13.000000000000002 3.0000000000000027 5.9999999999999982 54 92 8.0000000000000018 10.999999999999998 4 13 3.0000000000000018 23 859 28 16.000000000000004 22 5.9999999999999991 6 2.9999999999999991 6 4 12.000000000000002 4.9999999999999991 5 9
leaf_count=4 4 3 4 4 13 3 6 54 92 8 11 4 13 3 23 859 28 16 22 6 6 3 6 4 12 5 5 9
internal_value=-0.0375201 2.7406 6.2393 10.6698 -0.749786 0.70737 2.09697 1.827 2.24642 1.73193 0.722322 14.207 -0.84155 -0.122156 2.88687 -0.865772 -0.858741 3.15724 2.66789 2.74153 -3.27585 2.88024 3.9818 7.13253 -1.23929 -1.13081 2.72615 -1.1579
internal_weight=1230 251 39 16 979 58 212 158 146 38 19 8 921 30 54 891 887 23 45 19 12 19 9 8 20 17 8 22
internal_count=1230 251 39 16 979 58 212 158 146 38 19 8 921 30 54 891 887 23 45 19 12 19 9 8 20 17 8 22
is_linear=0
shrinkage=0.05


Tree=28
num_leaves=28
num_cat=0
split_feature=3 7 3 6 3 0 4 2 4 4 0 5 3 3 4 0 7 4 5 4 4 7 0 0 2 0 7
split_gain=931029 279053 155807 72401 35698.8 19155.9 27957.1 15087.4 18949.5 81054.2 13350.8 10803.4 7987.59 7132.81 39030.3 20858.3 6938.02 7028.78 6078.98 2376.44 5253.86 2312.84 1540.97 1383.84 631.579 358.291 129.264
threshold=0.53840417263619134 5.5000000000000009 0.74032222181388452 51.500000000000007 0.47386947318753897 33416.05000000001 46105.000000000007 12650.380000000003 43067.500000000007 43672.500000000007 39334.30000000001 13.500000000000002 0.79769226454630082 0.29845284983275794 39295.000000000007 30635.300000000007 4.5000000000000009 43067.500000000007 10.500000000000002 34325.000000000007 36372.500000000007 2.5000000000000004 36884.600000000006 36604.55000000001 15095.470000000001 39046.350000000006 1.5000000000000002
decision_type=2 2 2 2 2 2 2 2 2 2 2 2 2 2 2 2 2 2 2 2 2 2 2 2 2 2 2
left_child=4 7 25 12 13 24 11 16 21 -10 -8 -7 -4 19 15 -15 17 -2 -16 26 -21 -9 -18 -5 -6 -3 -1
right_child=1 2 3 23 5 6 10 8 9 -11 -12 -13 -14 14 18 -17 22 -19 -20 20 -22 -23 -24 -25 -26 -27 -28
leaf_value=-0.96013711022608206 3.6887655258178711 1.0029590288798003 12.118408748081748 7.3194628715515124 -2.6817398707071942 2.1836607437867386 -1.1201959530512491 2.7676074128401909 -2.6430262652310459 1.9879363938943664 2.4825733820597335 -0.17009903589884443 15.202080281575517 4.7864775061607316 -0.25406693804497815 0.77351687936221858 2.9122405370076496 2.0902959045098757 -0.88491742814842034 -0.29018582739728566 -0.84155793283030256 2.0343715095520021 3.5635659813880922 6.0042452812194815 -1.6557612737019853 1.7258056640624997 -1.0769271566754295
leaf_weight=33 7.9999999999999991 3.0000000000000027 7.0000000000000018 4 2.9999999999999991 26 18.000000000000004 38 10.999999999999998 67 2.9999999999999991 5.9999999999999991 3 4.0000000000000027 51 17 21 49 152 47 535 14.999999999999998 15.999999999999998 4 3 4 84
leaf_count=33 8 3 7 4 3 26 18 38 11 67 3 6 3 4 51 17 21 49 152 47 535 15 16 4 3 4 84
internal_value=0.0100587 2.73422 7.74568 10.2072 -0.683464 0.50892 0.812052 2.17739 1.83056 1.33485 -0.605515 1.74233 13.0435 -0.759683 -0.514148 1.53789 2.66073 2.31464 -0.726428 -0.838367 -0.797031 2.56009 3.19389 6.66185 -2.16875 1.41601 -1.04399
internal_weight=1232 250 25 18 982 59 53 225 131 78 21 32 10 923 224 21 94 57 203 699 582 53 37 8 6 7 117
internal_count=1232 250 25 18 982 59 53 225 131 78 21 32 10 923 224 21 94 57 203 699 582 53 37 8 6 7 117
is_linear=0
shrinkage=0.05


Tree=29
num_leaves=27
num_cat=0
split_feature=3 7 1 1 1 4 0 7 4 0 4 4 2 6 3 0 7 8 0 0 3 3 1 1 6 0
split_gain=801668 209589 148617 37077.2 18668.2 28121.7 22040.4 20940.5 18272.9 58272.7 18558.7 159527 15037.5 8035.66 7967.51 5802.42 5317.09 8994.61 4345.89 9224.6 2041.93 7643.79 1267.74 907.073 741.207 371.467
threshold=0.5300522912467337 5.5000000000000009 28910.725000000006 27262.300000000003 12701.890000000001 44860.000000000007 32120.100000000002 2.5000000000000004 47530.000000000007 38692.450000000004 43672.500000000007 43067.500000000007 16986.275000000005 47.500000000000007 0.79769226454630082 36570.700000000004 1.5000000000000002 2.5000000000000004 37071.80000000001 37576.55000000001 0.36126085066595354 0.35569412662995065 14943.055000000002 12607.35 47.500000000000007 39046.350000000006
decision_type=2 2 2 2 2 2 2 2 2 2 2 2 2 2 2 2 2 2 2 2 2 2 2 2 2 2
left_child=4 8 3 25 18 6 22 -8 10 -10 11 -2 -11 -12 -4 -5 17 -7 20 -20 21 -1 -6 -22 -18 -3
right_child=1 2 14 15 5 16 7 -9 9 12 13 -13 -14 -15 -16 -17 24 -19 19 -21 23 -23 -24 -25 -26 -27
leaf_value=-0.79046043728078608 2.4899397568824964 0.99321191310882484 11.182628631591797 8.0298863728841123 -1.1904334545135498 -0.67598527272542308 -0.080077544380636786 2.2135648677746458 -4.8640907287597619 2.248869667053222 2.972722346731957 -2.8554264966179344 -0.81681331634521492 2.1660990508397422 14.441976165771479 5.2484200286865228 -1.2639407282290254 1.3609971318926131 2.5158853530883789 -1.4051259676615393 -1.0473131374308939 1.0010578950246176 -2.5501329421997063 -1.7637016868591311 -0.86252823290617586 1.7292301813761388
leaf_weight=776 78 4.0000000000000027 5 3 3.9999999999999991 24.000000000000004 17 24 4.0000000000000027 20.000000000000004 47 17 4.9999999999999991 90 3 5 23 6.9999999999999991 2.9999999999999991 3 38 5.9999999999999991 3 4.9999999999999991 23 3
leaf_count=776 78 4 5 3 4 24 17 24 4 20 47 17 5 90 3 5 23 7 3 3 38 6 3 5 23 3
internal_value=-0.00679047 2.32573 6.90136 3.96615 -0.699716 -0.130027 0.819836 1.26254 1.92252 0.739206 2.07043 1.5334 1.63573 2.44282 12.4049 6.29147 -0.722149 -0.216022 -0.785409 0.55538 -0.79516 -0.776715 -1.77316 -1.13061 -1.06323 1.30865
internal_weight=1240 284 23 15 956 125 48 41 261 29 232 95 25 137 8 8 77 31 831 6 825 782 7 43 46 7
internal_count=1240 284 23 15 956 125 48 41 261 29 232 95 25 137 8 8 77 31 831 6 825 782 7 43 46 7
is_linear=0
shrinkage=0.05


Tree=30
num_leaves=27
num_cat=0
split_feature=3 7 1 1 8 1 0 0 5 3 4 4 4 7 1 4 4 6 7 3 0 0 0 6 4 3
split_gain=748400 187184 84124.8 41945.2 28692.8 27978.5 12776.2 22279.4 12299.6 8738.17 13213.4 12975.8 12062.4 11758.3 7058.62 17599.9 20151.7 6987.9 6880.66 3394.89 3379.67 8169.51 2811.86 2311.96 2102.12 1561
threshold=0.56387304998520638 5.5000000000000009 28910.725000000006 17649.665000000005 1.5000000000000002 27262.300000000003 36884.600000000006 35756.200000000004 10.500000000000002 0.70589600514171214 44065.000000000007 42277.500000000007 36090.000000000007 2.5000000000000004 12701.890000000001 44860.000000000007 43377.500000000007 47.500000000000007 2.5000000000000004 0.53423196310938881 37116.850000000006 37576.55000000001 35592.05000000001 55.500000000000007 42977.500000000007 0.49769484313032591
decision_type=2 2 2 2 2 2 2 2 2 2 2 2 2 2 2 2 2 2 2 2 2 2 2 2 2 2
left_child=3 9 5 14 19 -3 7 -6 -4 11 -11 12 -2 -13 20 16 -16 -12 -8 25 24 -22 -17 -7 -1 -5
right_child=1 2 8 4 6 23 18 -9 -10 10 17 13 -14 -15 15 22 -18 -19 -20 -21 21 -23 -24 -25 -26 -27
leaf_value=-0.71256489258913591 1.8609437656402588 1.3166304826736439 14.048222859700523 -1.0640076001485184 2.773706277211506 7.2881324768066396 2.5182028041166422 -0.86793581417628707 9.813030624389647 -0.097937297821044933 3.6719779120551217 1.0476435681606862 3.6201940737272569 2.0440795505046845 0.13676704738451084 -1.0583973479993416 3.6390880358219153 2.4258375358581543 0.99011101906116172 -2.2318152809143066 2.2819512685139975 -1.4080142339070634 -0.41507229260035922 5.5881483078002923 -0.9063366512736577 0.12310357093811036
leaf_weight=655 20 4.0000000000000027 2.9999999999999991 9.0000000000000018 6.0000000000000027 4 17 13.999999999999998 4 3.9999999999999991 18 47 19 80 23.000000000000004 33 4.9999999999999991 30 13.000000000000002 4.9999999999999991 2.9999999999999991 3 35 4 178 3.9999999999999991
leaf_count=655 20 4 3 9 6 4 17 14 4 4 18 47 19 80 23 33 5 30 13 5 3 3 35 4 178 4
internal_value=-0.0146813 2.5123 7.27202 -0.611785 0.587196 4.73097 1.20344 0.224557 11.6281 2.09746 2.66306 1.92029 2.71801 1.67532 -0.698984 -0.29285 0.762182 2.89314 1.85603 -1.1246 -0.745454 0.436969 -0.727274 6.43814 -0.753971 -0.698743
internal_weight=1240 237 19 1003 68 12 50 20 7 218 52 166 39 127 935 96 28 48 30 18 839 6 68 8 833 13
internal_count=1240 237 19 1003 68 12 50 20 7 218 52 166 39 127 935 96 28 48 30 18 839 6 68 8 833 13
is_linear=0
shrinkage=0.05


Tree=31
num_leaves=28
num_cat=0
split_feature=3 7 1 1 2 1 8 0 6 8 0 0 7 0 7 0 0 0 8 0 1 7 6 5 1 0 5
split_gain=678644 173204 107303 33292.5 17202 16100.4 14904.9 12577.1 11912.5 44688.7 11268.5 10299.7 7177.1 12249.9 6618.59 4855.74 4616.8 9233.37 2859.59 15510.4 4232.14 1341.42 4314.89 979.562 874.247 280.147 231.109
threshold=0.5300522912467337 5.5000000000000009 28910.725000000006 27262.300000000003 13706.185000000001 14637.655000000001 2.5000000000000004 37974.80000000001 57.500000000000007 2.5000000000000004 33416.05000000001 37116.850000000006 4.5000000000000009 39550.700000000004 1.0000000180025095e-35 36604.55000000001 33284.000000000007 35506.200000000004 2.5000000000000004 36912.700000000004 12746.130000000003 2.5000000000000004 41.500000000000007 10.500000000000002 12746.130000000003 39550.700000000004 10.500000000000002
decision_type=2 2 2 2 2 2 2 2 2 2 2 2 2 2 2 2 2 2 2 2 2 2 2 2 2 2 2
left_child=5 4 3 25 12 18 16 -4 11 -10 26 -6 13 -2 -12 -5 -7 -18 21 20 -20 22 -1 -14 -23 -3 -8
right_child=1 2 7 15 8 6 10 -9 9 -11 14 -13 23 -15 -16 -17 17 -19 19 -21 -22 24 -24 -25 -26 -27 -28
leaf_value=0.52648548058101108 1.5652854535671381 0.79447704950968234 9.6673210144042976 6.5685755048479368 0.89525068370919481 -2.4294646263122561 -1.4006348927815757 13.950029500325517 -5.4173718770345083 1.467182142084295 -0.33687816619873023 1.9344544291496277 3.3013510227203371 2.7049553226780247 1.6784154518084096 4.1642795562744128 1.4147359530131023 -0.70817833627973292 -0.66373557176252906 2.496228313446045 0.031439644357432489 -0.84508439183859307 -0.73643555957823992 2.6686568296872655 -1.2415069325764974 1.4777859052022295 -0.78000421524047825
leaf_weight=6.9999999999999991 65 3.0000000000000062 3.9999999999999991 6.9999999999999982 38 2.9999999999999991 2.9999999999999991 3 2.9999999999999973 11 5.0000000000000027 64 7.9999999999999991 37 22 3 5.9999999999999991 35 455 3.9999999999999991 23 191 200 26 14.999999999999998 3 3
leaf_count=7 65 3 4 7 38 3 3 3 3 11 5 64 8 37 22 3 6 35 455 4 23 191 200 26 15 3 3
internal_value=-0.00695363 2.18598 6.33952 4.0806 1.80688 -0.627381 0.0663976 11.5028 1.35958 -0.00807943 0.869662 1.5473 2.1884 1.9787 1.30521 5.84729 -0.53605 -0.397508 -0.687069 -0.60434 -0.630286 -0.783621 -0.693728 2.81753 -0.87395 1.13613 -1.09032
internal_weight=1247 275 23 16 252 972 77 7 116 14 33 102 136 102 27 10 44 41 895 482 478 413 207 34 206 6 6
internal_count=1247 275 23 16 252 972 77 7 116 14 33 102 136 102 27 10 44 41 895 482 478 413 207 34 206 6 6
is_linear=0
shrinkage=0.05


Tree=32
num_leaves=29
num_cat=0
split_feature=3 7 1 1 1 4 2 4 4 2 7 6 6 3 6 7 4 7 0 0 8 1 4 7 1 0 0 0
split_gain=664301 209945 81330.9 28111.6 26619.9 22516.1 14330.4 15172.5 42590.5 10213.4 10156.9 8575.79 7139.67 6254.95 4696.69 4006.88 2892.87 2518.42 2370.93 2201.24 15791.7 2902.83 8627.58 1829.69 1615.66 671.529 108.189 0.41008
threshold=0.5418399451924788 5.5000000000000009 28910.725000000006 27262.300000000003 15975.090000000002 46105.000000000007 13077.255000000003 43067.500000000007 43672.500000000007 16878.240000000002 1.5000000000000002 41.500000000000007 52.500000000000007 0.79769226454630082 41.500000000000007 4.5000000000000009 36090.000000000007 5.5000000000000009 39230.80000000001 36912.700000000004 2.5000000000000004 13721.570000000002 44860.000000000007 3.5000000000000004 13596.725000000002 37974.80000000001 38583.750000000007 37116.850000000006
decision_type=2 2 2 2 2 2 2 2 2 2 2 2 2 2 2 2 2 2 2 2 2 2 2 2 2 2 2 2
left_child=4 6 3 -3 19 9 14 16 -9 10 -6 -7 -5 25 23 -16 -8 -11 -13 21 26 24 -23 -2 -1 -4 -21 -22
right_child=1 2 13 12 5 11 7 8 -10 17 -12 18 -14 -15 15 -17 -18 -19 -20 20 27 22 -24 -25 -26 -27 -28 -29
leaf_value=-0.68971951150645816 4.4393473943074548 0.8924064517021173 9.0661855061848993 7.8927965799967472 2.2260331630706789 1.9146881739298505 1.574991462105199 -2.4520230293273926 1.4109805951967385 2.1246340976041904 -0.75511600494384767 -0.66256554230399756 4.9773879187447676 12.391342671712238 1.94330933204064 2.6418921502431236 2.3306113280748066 0.99778475080217643 -1.7786277453104657 -0.87716529528299925 2.0168990929921469 0.67299431800842291 -0.93110597761053793 2.8058533191680901 -1.6969172358512878 10.124114735921221 -1.2060862223307292 2.0430422782897941
leaf_weight=867 2.9999999999999991 4.0000000000000027 2.9999999999999982 2.9999999999999982 3.9999999999999991 2.9999999999999991 19 7.9999999999999991 66 17.000000000000004 9.9999999999999982 23.000000000000004 7 3 65 30 38 6.9999999999999991 5.9999999999999991 15.000000000000005 2.9999999999999991 14.999999999999998 19 4 3.9999999999999991 3 2.9999999999999991 3
leaf_count=867 3 4 3 3 4 3 19 8 66 17 10 23 7 3 65 30 38 7 6 15 3 15 19 4 4 3 3 3
internal_value=-0.0109421 2.2615 6.8189 4.43498 -0.59327 0.346993 1.81163 1.46562 0.993359 1.1699 0.0966409 -0.63021 5.85201 10.5272 2.25601 2.16391 2.07874 1.79597 -0.893475 -0.664119 -0.191496 -0.676653 -0.223415 3.50592 -0.694345 9.59515 -0.931985 2.02997
internal_weight=1255 256 23 14 999 70 233 131 74 38 14 32 10 9 102 95 57 24 29 929 24 905 34 7 871 6 18 6
internal_count=1255 256 23 14 999 70 233 131 74 38 14 32 10 9 102 95 57 24 29 929 24 905 34 7 871 6 18 6
is_linear=0
shrinkage=0.05


Tree=33
num_leaves=30
num_cat=0
split_feature=3 3 7 6 4 4 4 7 1 4 4 4 2 3 1 1 6 2 2 1 1 1 2 1 5 6 8 4 4
split_gain=549442 166938 100276 53817.2 18526.3 127387 16377.8 9780.07 9769.26 22428 9101.52 9612.62 4625.39 3836.29 3600.46 2301.98 2004.68 1839.94 8117.67 20659.9 2588.21 1280.47 860.373 810.179 548.457 330.04 193.456 156.452 62.1545
threshold=0.51901427390906807 0.74032222181388452 5.5000000000000009 50.500000000000007 43067.500000000007 43672.500000000007 44585.000000000007 3.5000000000000004 12385.105000000003 39905.000000000007 45602.500000000007 45077.500000000007 12896.705000000002 0.79769226454630082 25190.475000000002 19132.735000000004 47.500000000000007 20675.830000000005 21142.670000000002 9809.9300000000021 11306.885000000002 18965.035000000003 8441.9900000000016 14637.655000000001 13.500000000000002 42.500000000000007 2.5000000000000004 43377.500000000007 39905.000000000007
decision_type=2 2 2 2 2 2 2 2 2 2 2 2 2 2 2 2 2 2 2 2 2 2 2 2 2 2 2 2 2
left_child=8 4 16 13 7 14 -7 12 17 23 11 -11 -2 -4 -6 -9 25 26 19 -19 -20 -12 -5 -10 -18 -3 28 -28 -1
right_child=1 2 3 22 5 6 -8 15 9 10 21 -13 -14 -15 -16 -17 24 18 20 -21 -22 -23 -24 -25 -26 -27 27 -29 -30
leaf_value=-0.63979496955871584 3.1260546525319417 3.4823860168457013 9.5819436391194621 5.5504051208496108 -2.2668536406296944 2.3935719116874363 1.2715334841796944 -0.85026830037434908 3.1876300811767582 -0.13711597495159861 -0.79355223802419816 1.7098427712917328 2.0476328002995459 11.771776072184242 -3.7475924173990887 1.1084660212198889 1.8381571451822918 3.5953338384628304 -0.65669054136370553 -0.90921212860516132 -0.1288131281733513 -0.03015248775482178 4.603715197245279 2.1006568908691405 2.4896180016653879 2.8960487206776935 -1.3912432352701831 -0.98754680156707753 -0.8759722518615235
leaf_weight=2.9999999999999991 11.999999999999998 4.0000000000000018 6.0000000000000018 3.9999999999999982 13.000000000000002 46 111 2.9999999999999991 2.9999999999999991 59 65 7.9999999999999991 58 3 5.9999999999999991 3 5.9999999999999982 3.9999999999999982 715 7 24 5.9999999999999991 6 4 7 6 2.9999999999999973 12 39
leaf_count=3 12 4 6 4 13 46 111 3 3 59 65 8 58 3 6 3 6 4 715 7 24 6 6 4 7 6 3 12 39
internal_value=0.0110838 1.90045 4.81888 7.50689 1.41405 1.13233 1.60028 2.06645 -0.572397 -0.194534 -0.334586 0.0834164 2.23251 10.3119 -2.73446 0.129099 2.59835 -0.640291 -0.619478 0.728805 -0.639547 -0.72904 4.98239 2.5665 2.18894 3.13058 -0.914151 -1.06829 -0.859102
internal_weight=1246 294 42 19 252 176 157 76 952 145 138 67 70 9 19 6 23 807 750 11 739 71 10 7 13 10 57 15 42
internal_count=1246 294 42 19 252 176 157 76 952 145 138 67 70 9 19 6 23 807 750 11 739 71 10 7 13 10 57 15 42
is_linear=0
shrinkage=0.05


Tree=34
num_leaves=26
num_cat=0
split_feature=3 7 1 1 1 4 6 1 4 4 5 7 1 6 6 3 2 2 2 4 7 1 4 2 1
split_gain=498741 168599 65057.4 33432.9 21937.5 21206.5 15745.9 12201.7 10751.2 57443.6 8018.54 17409.3 6979.44 6154.1 4658.42 3762.71 3615.46 3566.27 9380.04 37530.7 2800.6 2320.02 1539.69 1500.92 425.857
threshold=0.56387304998520638 5.5000000000000009 28910.725000000006 16877.015000000003 27262.300000000003 46105.000000000007 41.500000000000007 27800.005000000001 43067.500000000007 43672.500000000007 12.500000000000002 1.5000000000000002 20997.509999999998 53.500000000000007 41.500000000000007 0.79769226454630082 12133.370000000001 17635.710000000003 21284.685000000001 36372.500000000007 5.5000000000000009 30527.830000000005 30732.500000000004 14968.375000000002 14860.26
decision_type=2 2 2 2 2 2 2 2 2 2 2 2 2 2 2 2 2 2 2 2 2 2 2 2 2
left_child=3 7 4 17 -3 10 -7 8 16 -10 20 -12 -8 -6 -9 -4 -2 23 19 -19 -5 -16 -20 -1 -25
right_child=1 2 15 5 13 6 12 14 9 -11 11 -13 -14 -15 21 -17 -18 18 22 -21 -22 -23 -24 24 -26
leaf_value=-1.969458055496216 3.2494598388671876 1.0290553092956534 8.9433320617675758 2.019080618808144 6.6485546875000017 2.8068649768829315 -0.71819657629186451 3.7774497985839846 -2.6929395039876303 1.4846759096408884 1.9692735151811076 -0.64954408645629891 -3.2890556971232097 4.2734221458435053 2.0226240685111598 11.183187103271482 1.8462011809859957 4.1275449752807623 -0.83470005411090276 -0.31133317651227116 0.90387410521507228 3.0805971145629885 -0.58210385983937196 -0.84024048248926797 -1.2834693499973842
leaf_weight=3.9999999999999991 4.9999999999999991 4.0000000000000027 5 19 4.9999999999999982 3.0000000000000027 22.000000000000004 4.9999999999999991 8.9999999999999982 96 11.000000000000002 14.999999999999998 2.9999999999999991 6 38 3 56 4.9999999999999991 66 100 8.0000000000000018 5.9999999999999991 702 24.000000000000004 6.9999999999999991
leaf_count=4 5 4 5 19 5 3 22 5 9 96 11 15 3 6 38 3 56 5 66 100 8 6 702 24 7
internal_value=0.018287 2.07321 6.14199 -0.476224 4.19997 0.497105 -0.615961 1.63794 1.4333 1.12659 1.08514 0.458417 -1.0267 5.35303 2.33124 9.78328 1.96122 -0.563051 -0.54321 -0.099958 1.68865 2.16689 -0.603811 -1.05794 -0.940324
internal_weight=1227 238 23 989 15 81 28 215 166 105 53 26 25 11 49 8 61 908 873 105 27 44 768 35 31
internal_count=1227 238 23 989 15 81 28 215 166 105 53 26 25 11 49 8 61 908 873 105 27 44 768 35 31
is_linear=0
shrinkage=0.05


Tree=35
num_leaves=28
num_cat=0
split_feature=3 7 1 1 4 1 1 6 7 4 4 4 4 1 8 0 0 3 3 1 6 7 0 1 7 0 0
split_gain=482318 135406 68008.9 33984.2 22024.9 17734.4 7841.23 6648.35 16179.8 6102.58 18133.5 61754.1 10781.7 10372 4975.9 22361.6 7009.78 4613 2825.6 2824.19 2784.61 2445.48 1538.53 1280.32 875.067 582.812 527.727
threshold=0.56387304998520638 5.5000000000000009 28910.725000000006 16877.015000000003 46105.000000000007 27262.300000000003 20997.509999999998 51.500000000000007 1.5000000000000002 42277.500000000007 43672.500000000007 43067.500000000007 36090.000000000007 24677.055000000004 2.5000000000000004 36912.700000000004 35834.450000000004 0.79769226454630082 0.49769484313032591 20119.170000000002 53.500000000000007 5.5000000000000009 37202.950000000004 23207.835000000003 1.0000000180025095e-35 37283.500000000007 37974.80000000001
decision_type=2 2 2 2 2 2 2 2 2 2 2 2 2 2 2 2 2 2 2 2 2 2 2 2 2 2 2
left_child=3 9 5 14 7 -3 19 21 -9 12 11 -11 23 -12 18 16 -16 26 24 -6 -7 -5 -14 -2 -1 -17 -4
right_child=1 2 17 4 6 20 -8 8 -10 10 13 -13 22 -15 15 25 -18 -19 -20 -21 -22 -23 -24 -25 -26 -27 -28
leaf_value=-0.83141261711716652 1.0123873103748664 1.0939708995819084 7.7538047790527376 2.0305028691011313 -0.62858719295925547 5.7628754615783713 -3.1246029535929365 1.8569095611572264 -0.43844156475628121 1.6858214532175371 1.1145448133775329 -2.8328828811645508 2.6631385976617978 2.0631004775922324 -0.4487620648244357 1.9708569407463075 -1.6257587524560784 10.624027506510414 -2.2001718839009601 1.0284391351665059 4.0597510973612456 0.92009145532335568 3.5744327783584597 1.8436991691589357 -0.6314498293384001 2.8927754084269197 8.6916453043619768
leaf_weight=64 11.000000000000002 5.0000000000000027 2.9999999999999982 17.000000000000004 18.000000000000007 3.9999999999999982 2.9999999999999991 14.000000000000002 17 31 41 9.9999999999999982 11.000000000000002 97 470 3.9999999999999991 12.999999999999998 3 2.9999999999999991 2.9999999999999991 6 6.9999999999999991 7.9999999999999991 7.9999999999999991 377 3 3
leaf_count=64 11 5 3 17 18 4 3 14 17 31 41 10 11 97 470 4 13 3 3 3 6 7 8 8 377 3 3
internal_value=0.0128815 2.02329 5.58701 -0.465409 0.530372 3.52532 -0.733461 1.08186 0.598169 1.62915 1.50698 0.583698 2.20463 1.78128 -0.549635 -0.439778 -0.480441 9.02316 -0.670873 -0.391869 4.741 1.70663 3.04684 1.36241 -0.660469 2.36596 8.22273
internal_weight=1254 241 24 1013 79 15 24 55 31 217 179 41 38 138 934 490 483 9 444 21 10 24 19 19 441 7 6
internal_count=1254 241 24 1013 79 15 24 55 31 217 179 41 38 138 934 490 483 9 444 21 10 24 19 19 441 7 6
is_linear=0
shrinkage=0.05


Tree=36
num_leaves=31
num_cat=0
split_feature=3 3 7 6 2 6 4 4 3 4 0 3 0 4 2 5 7 0 0 4 4 4 0 8 3 7 7 2 3 4
split_gain=410493 86420.8 81553.6 41772 11665 16967.2 33277 8246.22 6788.29 30627.1 17971.2 18667.3 7284.92 17540.5 4366.76 3696.5 3394.91 4353.73 2966.1 2065.17 5203.11 2154.69 1935.42 531.436 206.785 175.269 110.693 447.21 58.2844 44.8205
threshold=0.51901427390906807 0.74032222181388452 5.5000000000000009 50.500000000000007 13706.185000000001 57.500000000000007 47530.000000000007 40095.000000000007 0.29845284983275794 39295.000000000007 30635.300000000007 0.32111559997576106 36912.700000000004 45602.500000000007 8075.4250000000011 10.500000000000002 4.5000000000000009 39230.80000000001 35834.450000000004 34325.000000000007 36372.500000000007 42595.000000000007 36604.55000000001 2.5000000000000004 0.71802557219389496 4.5000000000000009 1.5000000000000002 27744.425000000003 0.0091832117731629696 33577.500000000007
decision_type=2 2 2 2 2 2 2 2 2 2 2 2 2 2 2 2 2 2 2 2 2 2 2 2 2 2 2 2 2 2
left_child=8 4 15 14 16 7 -7 -6 19 10 -10 -12 18 -14 -4 25 17 -2 -11 26 28 -22 -5 -17 -18 -3 27 -1 -21 -28
right_child=1 2 3 22 5 6 -8 -9 9 12 11 -13 13 -15 -16 23 24 -19 -20 20 21 -23 -24 -25 -26 -27 29 -29 -30 -31
leaf_value=-0.29072443743546805 1.3259931606905802 2.8727599620819069 10.598256683349607 4.5830163192749014 1.9098151068533622 0.54248099837984343 -5.260375467936198 0.97533372402793239 4.5163251757621721 -0.49076978552322359 -1.7935243797302236 1.7655609880174912 1.3983993915950552 -0.61187145709991464 8.1853019714355462 2.2915551662445046 2.3256233388727363 2.0724343140920003 -1.0192208662629128 0.029365248539436024 -0.64484486275303787 -0.4221508905339626 2.9766025861104324 1.6544069237179226 2.7939361572265629 3.3783296585083002 -0.77261706271641695 -0.76359359522660575 -0.082554523004218949 -0.86773943583170576
leaf_weight=5.9999999999999991 56 4.0000000000000027 3 5 31 14.000000000000002 2.9999999999999991 99 4.0000000000000027 156 5.0000000000000027 13.999999999999998 17 30 5 4.0000000000000027 10.999999999999998 30 32 19 363 155 3 18 2.9999999999999991 3 71 30 30 14.999999999999998
leaf_count=6 56 4 3 5 31 14 3 99 4 156 5 14 17 30 5 4 11 30 32 19 363 155 3 18 3 3 71 30 30 15
internal_value=0.015503 1.65447 3.66973 6.53539 1.28732 1.00392 -0.481552 1.19817 -0.48986 -0.271097 1.47024 0.82896 -0.441526 0.115248 9.09016 2.08867 1.70392 1.58638 -0.580719 -0.571778 -0.531624 -0.578209 3.98061 1.77025 2.42598 3.08943 -0.758394 -0.684782 -0.0391571 -0.789208
internal_weight=1239 292 45 16 247 147 17 130 947 258 23 19 235 47 8 29 100 86 188 689 567 518 8 22 14 7 122 36 49 86
internal_count=1239 292 45 16 247 147 17 130 947 258 23 19 235 47 8 29 100 86 188 689 567 518 8 22 14 7 122 36 49 86
is_linear=0
shrinkage=0.05


Tree=37
num_leaves=28
num_cat=0
split_feature=3 7 1 1 1 4 1 4 0 4 0 4 6 6 7 0 7 6 1 4 4 6 2 3 0 0 0
split_gain=341433 102599 58873.3 19200.1 18840.8 15734.6 10430.5 15125.1 31475.9 10434.8 9264.15 7853.23 6406.58 6228.76 12499.6 5665.73 4890.54 3914.93 3116.03 9193.85 27937.6 3074.48 11037.9 2968.25 2569.64 2045.67 254.021
threshold=0.5418399451924788 5.5000000000000009 28910.725000000006 15687.935000000003 27262.300000000003 46105.000000000007 27602.715000000007 47530.000000000007 38692.450000000004 44065.000000000007 39550.700000000004 43067.500000000007 53.500000000000007 56.500000000000007 1.5000000000000002 37974.80000000001 5.5000000000000009 42.500000000000007 12701.890000000001 44860.000000000007 43377.500000000007 58.500000000000007 21284.685000000001 0.52484115217086147 37071.80000000001 36912.700000000004 39046.350000000006
decision_type=2 2 2 2 2 2 2 2 2 2 2 2 2 2 2 2 2 2 2 2 2 2 2 2 2 2 2
left_child=3 6 4 18 26 13 7 11 -9 -8 23 -2 -6 16 -15 -4 -5 -11 21 20 -20 24 -23 -7 -1 -21 -3
right_child=1 2 15 5 12 10 9 8 -10 17 -12 -13 -14 14 -16 -17 -18 -19 19 25 -22 22 -24 -25 -26 -27 -28
leaf_value=-0.57310161544849858 1.7115201206530555 0.60786741574605163 7.0034451802571613 1.6529852307361104 5.7428507995605482 -0.57287353409661179 -0.5637715339660645 -4.9973566691080729 0.78048848238858315 3.1038096427917483 2.1486610412597655 0.97556737344315714 3.2117279052734369 1.8275215148925785 -1.922421178817749 9.8779064178466776 0.43969698685866138 1.9034295336405436 -0.12847030473792032 -0.83264862985321975 4.398965454101563 1.1639209570984046 -0.50978429719805718 -2.0323229789733888 0.32781963348388676 -0.17000486658265193 1.2585356076558429
leaf_weight=743 59 3.0000000000000062 2.9999999999999991 23 4.9999999999999982 27.000000000000004 3.9999999999999991 2.9999999999999991 10.999999999999998 7.9999999999999991 2.9999999999999991 94 5 3.9999999999999982 5 4 12.999999999999998 45 23.000000000000004 33 3.9999999999999991 11.999999999999998 55 3.9999999999999991 7.9999999999999991 18 3
leaf_count=743 59 3 3 23 5 27 4 3 11 8 3 94 5 4 5 4 13 45 23 33 4 12 55 4 8 18 3
internal_value=-0.0192124 1.6413 4.82148 -0.439875 3.14826 0.307365 1.31476 1.11543 -0.457621 1.89877 -0.504438 1.25937 4.47729 0.920727 -0.25578 8.64599 1.21485 2.08462 -0.505758 -0.203801 0.542261 -0.534551 -0.210016 -0.76119 -0.563505 -0.598774 0.933202
internal_weight=1222 247 23 975 16 79 224 167 14 57 34 153 10 45 9 7 36 53 896 78 27 818 67 31 751 51 6
internal_count=1222 247 23 975 16 79 224 167 14 57 34 153 10 45 9 7 36 53 896 78 27 818 67 31 751 51 6
is_linear=0
shrinkage=0.05


Tree=38
num_leaves=31
num_cat=0
split_feature=3 3 7 6 4 4 4 4 4 1 4 6 6 7 0 2 0 4 4 0 0 4 0 6 6 0 4 1 5 3
split_gain=372488 94195.4 69672.8 34852.2 11161.2 21470.3 73743.9 14574.6 9637.92 5228.21 8053.52 6437.44 4912.09 5536.26 2668.21 2285.5 1978.57 1501.48 12794.6 2733.66 4443.42 1896.66 1772.16 1383.94 1233.4 1150.93 1043.67 896.496 892.365 845.276
threshold=0.50631716952207639 0.74032222181388452 5.5000000000000009 50.500000000000007 40095.000000000007 43672.500000000007 43067.500000000007 44585.000000000007 36090.000000000007 14637.655000000001 44860.000000000007 42.500000000000007 49.500000000000007 5.5000000000000009 36884.600000000006 7781.8900000000003 36604.55000000001 42595.000000000007 42977.500000000007 36097.750000000007 35639.55000000001 42910.000000000007 36912.700000000004 41.500000000000007 59.500000000000007 38168.250000000007 44585.000000000007 21159.560000000005 10.500000000000002 0.61519857720437865
decision_type=2 2 2 2 2 2 2 2 2 2 2 2 2 2 2 2 2 2 2 2 2 2 2 2 2 2 2 2 2 2
left_child=9 4 14 15 8 6 -6 -7 29 17 12 23 13 -11 26 -4 -5 19 21 20 -1 -19 -20 -12 -13 -14 -3 -10 -16 -2
right_child=1 2 3 16 5 7 -8 -9 27 10 11 24 25 -15 28 -17 -18 18 22 -21 -22 -23 -24 -25 -26 -27 -28 -29 -30 -31
leaf_value=-0.55644405248916395 0.97101506243149416 2.2451720237731925 9.1169258117675707 4.1976457913716647 1.348361247777939 2.0311956024169926 -2.5684320786420041 1.004521951505116 2.3361513900756838 2.8130020713806161 1.830297088623047 -0.72923878501443307 -0.80249745647112525 0.31734742820262901 2.9796738306681321 7.4674312046595972 2.6250006993611645 0.065801160960108976 -0.62491414807549672 -1.5366777965000697 0.81101324558258059 0.696465929715257 -0.15200242562727495 0.40964843034744258 0.19896574020385743 0.49304783046245571 1.3020412358370692 3.1436146562749689 2.1486983980451311 1.6623784882681711
leaf_weight=600 12.000000000000002 4.0000000000000009 3.0000000000000018 5.9999999999999982 41 50 17 112 4.9999999999999991 4.9999999999999982 2.9999999999999991 34 2.9999999999999991 4 5.9999999999999982 7 3 32 199 6.9999999999999991 5.9999999999999991 19 22 4 3.9999999999999991 4 11 10.999999999999998 7 6.9999999999999991
leaf_count=600 12 4 3 6 41 50 17 112 5 5 3 34 3 4 6 7 3 32 199 7 6 19 22 4 4 4 11 11 7 7
internal_value=0.00805333 1.53689 3.59374 5.93072 1.15778 1.02584 0.200336 1.3214 1.98712 -0.480011 -0.0322897 -0.374862 0.931194 1.70382 2.00793 7.96228 3.67343 -0.510871 -0.413101 -0.554253 -0.542905 0.300755 -0.577837 1.0185 -0.631533 -0.0621859 1.55354 2.89128 2.53223 1.22573
internal_weight=1248 302 47 19 255 220 58 162 35 946 61 45 16 9 28 10 9 885 272 613 606 51 221 7 38 7 15 16 13 19
internal_count=1248 302 47 19 255 220 58 162 35 946 61 45 16 9 28 10 9 885 272 613 606 51 221 7 38 7 15 16 13 19
is_linear=0
shrinkage=0.05


Tree=39
num_leaves=27
num_cat=0
split_feature=1 7 1 4 0 0 1 4 0 7 2 0 4 6 6 4 1 2 0 0 6 2 0 1 1 2
split_gain=286921 71714.9 73849.2 13808.3 34576.7 13671.2 13221.8 20056.5 12997.2 18983.7 10175.8 8620.21 6508.87 3991.71 3951.9 9300.96 3035.92 1996.81 1989.32 6329.96 1911.67 8357.03 1219.84 1120.01 1011.05 56.6901
threshold=19692.670000000002 5.5000000000000009 27800.005000000001 47530.000000000007 38692.450000000004 37116.850000000006 12701.890000000001 44860.000000000007 32120.100000000002 2.5000000000000004 16986.275000000005 39550.700000000004 42277.500000000007 42.500000000000007 42.500000000000007 45602.500000000007 27262.300000000003 7781.8900000000003 37071.80000000001 37576.55000000001 58.500000000000007 21284.685000000001 35592.05000000001 10871.710000000001 14943.055000000002 18887.545000000002
decision_type=2 2 2 2 2 2 2 2 2 2 2 2 2 2 2 2 2 2 2 2 2 2 2 2 2 2
left_child=6 3 16 11 -5 -4 18 8 24 -10 -6 12 -2 -13 15 -9 25 -7 20 -20 23 -22 -16 -1 -8 -3
right_child=1 2 5 4 10 17 7 14 9 -11 -12 13 -14 -15 22 -17 -18 -19 19 -21 21 -23 -24 -25 -26 -27
leaf_value=-0.47633196083388746 1.7825356388562605 0.86920264107840373 4.3469786071777348 -4.1615540504455533 1.4753003513111784 8.6610799153645868 -0.86245535214742031 2.7945257822672529 -0.079348571483905506 1.7271709165112541 -1.0907016754150392 3.166326659066335 1.0429476774739523 1.8026942709217904 -0.82725585401058199 -0.42019072638617622 2.604803578058879 7.0812011082967121 1.7254832267761229 -1.087425637245178 0.92011215789959988 -0.47419676256756632 -0.41748749716650874 -0.67533927767337132 -2.1605612436930333 0.60941770672798146
leaf_weight=673 38 7.0000000000000018 4.9999999999999991 4.0000000000000027 17.000000000000004 2.9999999999999982 2.9999999999999991 2.9999999999999991 26 33 4.9999999999999991 7.0000000000000027 137 23 32 8.9999999999999982 2.9999999999999991 6 4 4 12.999999999999998 62 42 79 3 3
leaf_count=673 38 7 5 4 17 3 3 3 26 33 5 7 137 23 32 9 3 6 4 4 13 62 42 79 3 3
internal_value=0.00065052 1.48511 3.92342 1.20012 0.11463 6.44324 -0.387779 0.0427796 0.705608 0.931078 0.892118 1.33779 1.20354 2.12088 -0.458195 0.383488 1.20978 7.60783 -0.46564 0.319029 -0.473231 -0.232517 -0.594685 -0.497238 -1.51151 0.791267
internal_weight=1244 258 27 231 26 14 986 151 65 59 22 205 175 30 86 12 13 9 835 8 827 75 74 752 6 10
internal_count=1244 258 27 231 26 14 986 151 65 59 22 205 175 30 86 12 13 9 835 8 827 75 74 752 6 10
is_linear=0
shrinkage=0.05


Tree=40
num_leaves=31
num_cat=0
split_feature=3 3 7 0 4 4 4 3 4 0 0 2 2 0 7 2 7 3 3 4 0 4 0 4 0 5 4 5 4 1
split_gain=258588 72572.7 47850.2 21122.7 9882.62 86936.4 10207.9 6365.64 12445 15240.3 8820.19 4776.41 4068.96 3631.39 3150.54 5401.8 2910.93 2317.09 3245.08 15438.1 1900.79 1849.05 1375.95 1354.9 1655.79 969.429 863.33 850.296 194.789 111.679
threshold=0.51901427390906807 0.74032222181388452 5.5000000000000009 37116.850000000006 43067.500000000007 43672.500000000007 44810.000000000007 0.38853022919588392 44860.000000000007 32120.100000000002 36097.750000000007 8075.4250000000011 11556.630000000003 38913.750000000007 1.5000000000000002 20493.815000000006 3.5000000000000004 0.37302609144693827 0.35223993356654459 42277.500000000007 36604.55000000001 42595.000000000007 36884.600000000006 43377.500000000007 34355.250000000007 12.500000000000002 44585.000000000007 10.500000000000002 46105.000000000007 12607.35
decision_type=2 2 2 2 2 2 2 2 2 2 2 2 2 2 2 2 2 2 2 2 2 2 2 2 2 2 2 2 2 2
left_child=7 4 22 20 12 13 -7 17 9 29 -11 -5 -2 -6 15 -10 -14 18 21 -20 -4 -1 26 24 -19 -16 -3 -24 -25 -9
right_child=1 2 3 11 5 6 -8 8 14 10 -12 -13 16 -15 25 -17 -18 23 19 -21 -22 -23 27 28 -26 -27 -28 -29 -30 -31
leaf_value=-0.49990515795705676 3.2435544331868496 2.0807660102844228 4.2625250135149262 8.7872790018717453 -2.0867501068115231 1.6361300310780926 0.81306385792170977 -0.67255022790696894 -0.55342735563005707 1.8800475151915297 0.14854755103588105 6.1480378150939927 1.451761517199603 -3.7822881698608399 -0.91697408005043313 1.1476969105856758 0.20047046422958373 -0.87579357147216796 2.1081966581089144 -0.70708166174590592 2.8961989998817437 -0.32848754661149143 2.611082728703817 -0.82406873280803339 -2.361633872985839 -0.43497304355396943 1.2116204547882079 1.7999308926718574 -0.53917894760767626 -0.96727238655090331
leaf_weight=572 2.9999999999999991 4.0000000000000009 7.0000000000000018 2.9999999999999991 15.000000000000002 62 96 8.9999999999999982 14.000000000000002 19.000000000000004 11.999999999999998 4 66 3.9999999999999991 27 6.9999999999999991 4.9999999999999991 5 7.0000000000000027 15.999999999999998 4 217 5.9999999999999982 12.000000000000002 3 17 10 7 11.999999999999998 4.9999999999999991
leaf_count=572 3 4 7 3 15 62 96 9 14 19 12 4 66 4 27 7 5 5 7 16 4 217 6 12 3 17 10 7 12 5
internal_value=-0.00493144 1.28613 3.13515 5.13203 0.954634 0.751773 1.13604 -0.405513 -0.0477526 0.591426 1.20979 7.27914 1.43986 -2.44371 -0.490261 0.0136141 1.36364 -0.45214 -0.435694 0.149742 3.76568 -0.45276 1.8039 -0.869464 -1.43298 -0.730746 1.45995 2.17431 -0.681624 -0.777808
internal_weight=1250 296 45 18 251 177 158 954 110 45 31 7 74 19 65 21 71 844 812 23 11 789 27 32 8 44 14 13 24 14
internal_count=1250 296 45 18 251 177 158 954 110 45 31 7 74 19 65 21 71 844 812 23 11 789 27 32 8 44 14 13 24 14
is_linear=0
shrinkage=0.05


Tree=41
num_leaves=29
num_cat=0
split_feature=3 3 7 6 3 8 5 0 2 1 6 2 8 7 2 8 6 3 3 0 5 1 0 1 3 5 5 1
split_gain=247260 51162.2 44634.7 14488.9 11718.4 18878.1 13606.3 6266.18 4310.71 4021.21 6821.88 9417.95 6281.8 5211.94 3653.91 3539.4 3264.67 1711.69 11746.5 13618.5 3403.48 2226.88 1604.69 1452.3 914.447 638.753 552.611 102.054
threshold=0.50631716952207639 0.75264595117007793 5.5000000000000009 51.500000000000007 0.58228400529046043 1.5000000000000002 13.500000000000002 36853.250000000007 8075.4250000000011 13084.870000000003 41.500000000000007 21070.090000000004 3.5000000000000004 5.5000000000000009 12650.380000000003 3.5000000000000004 47.500000000000007 0.36126085066595354 0.35223993356654459 31592.400000000005 10.500000000000002 12701.890000000001 36884.600000000006 11157.090000000002 0.37718560074766455 10.500000000000002 13.500000000000002 28437.450000000001
decision_type=2 2 2 2 2 2 2 2 2 2 2 2 2 2 2 2 2 2 2 2 2 2 2 2 2 2 2 2
left_child=9 4 22 8 5 6 -2 -7 -4 17 11 -11 13 -12 16 -16 -6 18 23 -20 24 -22 26 -1 -19 -24 -3 -5
right_child=1 2 3 27 14 7 -8 -9 -10 10 12 -13 -14 -15 15 -17 -18 20 19 -21 21 -23 25 -25 -26 -27 -28 -29
leaf_value=-0.43448393518493617 -0.27023652791976932 1.0196958405630925 8.3479151407877623 3.360596338907877 1.9557672023773194 0.42846664902956588 -4.2187206268310531 1.2493567910600216 5.840635967254638 3.5423193693161013 -0.43055855422406586 -0.41957203547159816 1.7581314563751222 0.65497187926219069 0.87576332416326297 1.5691460627775928 1.2728462627955848 -2.2211167812347412 4.0504612326622009 0.20944238305091858 -0.72764799101599342 0.21462225914001465 2.4326202256338942 -0.1093563876218266 -1.0663142045338947 1.7295748631159462 1.7564067363739011 3.7730155309041331
leaf_weight=748 7.9999999999999982 7.0000000000000018 2.9999999999999982 3 30 46 3 47 4 2.9999999999999991 74 3 3.9999999999999991 12.999999999999998 63 26 42 3.9999999999999991 2.9999999999999991 9.9999999999999982 29 7.9999999999999991 6.9999999999999982 36 3 6 4 3
leaf_count=748 8 7 3 3 30 46 3 47 4 3 74 3 4 13 63 26 42 4 3 10 29 8 7 36 3 6 4 3
internal_value=0.024187 1.26851 3.01017 5.36978 1.02534 0.611646 -1.3471 0.843325 6.91518 -0.376438 -0.0716075 1.56137 -0.179277 -0.268353 1.29257 1.07832 1.5574 -0.411597 -0.394837 1.09583 -0.715187 -0.523914 1.73205 -0.419555 -1.7262 2.10814 1.28759 3.56681
internal_weight=1240 302 37 13 265 104 11 93 7 938 97 6 91 87 161 89 72 841 797 13 44 37 24 784 7 13 11 6
internal_count=1240 302 37 13 265 104 11 93 7 938 97 6 91 87 161 89 72 841 797 13 44 37 24 784 7 13 11 6
is_linear=0
shrinkage=0.05


end of trees

feature_importances:
thermal_on_capacity=244
total_load=218
thermal_space_load_ratio=146
net_load=145
weekday=124
renewable_power=118
period=80
month=55
hour=45
is_weekend=1

parameters:
[boosting: gbdt]
[objective: regression]
[metric: rmse]
[tree_learner: serial]
[device_type: cpu]
[data_sample_strategy: bagging]
[data: ]
[valid: ]
[num_iterations: 400]
[learning_rate: 0.05]
[num_leaves: 31]
[num_threads: 0]
[seed: 42]
[deterministic: 0]
[force_col_wise: 0]
[force_row_wise: 0]
[histogram_pool_size: -1]
[max_depth: 5]
[min_data_in_leaf: 3]
[min_sum_hessian_in_leaf: 0.001]
[bagging_fraction: 0.85]
[pos_bagging_fraction: 1]
[neg_bagging_fraction: 1]
[bagging_freq: 1]
[bagging_seed: 400]
[bagging_by_query: 0]
[feature_fraction: 0.85]
[feature_fraction_bynode: 1]
[feature_fraction_seed: 30056]
[extra_trees: 0]
[extra_seed: 12879]
[early_stopping_round: 0]
[early_stopping_min_delta: 0]
[first_metric_only: 0]
[max_delta_step: 0]
[lambda_l1: 0]
[lambda_l2: 0]
[linear_lambda: 0]
[min_gain_to_split: 0]
[drop_rate: 0.1]
[max_drop: 50]
[skip_drop: 0.5]
[xgboost_dart_mode: 0]
[uniform_drop: 0]
[drop_seed: 17869]
[top_rate: 0.2]
[other_rate: 0.1]
[min_data_per_group: 100]
[max_cat_threshold: 32]
[cat_l2: 10]
[cat_smooth: 10]
[max_cat_to_onehot: 4]
[top_k: 20]
[monotone_constraints: ]
[monotone_constraints_method: basic]
[monotone_penalty: 0]
[feature_contri: ]
[forcedsplits_filename: ]
[refit_decay_rate: 0.9]
[cegb_tradeoff: 1]
[cegb_penalty_split: 0]
[cegb_penalty_feature_lazy: ]
[cegb_penalty_feature_coupled: ]
[path_smooth: 0]
[interaction_constraints: ]
[verbosity: -1]
[saved_feature_importance_type: 0]
[use_quantized_grad: 0]
[num_grad_quant_bins: 4]
[quant_train_renew_leaf: 0]
[stochastic_rounding: 1]
[linear_tree: 0]
[max_bin: 255]
[max_bin_by_feature: ]
[min_data_in_bin: 3]
[bin_construct_sample_cnt: 200000]
[data_random_seed: 175]
[is_enable_sparse: 1]
[enable_bundle: 1]
[use_missing: 1]
[zero_as_missing: 0]
[feature_pre_filter: 1]
[pre_partition: 0]
[two_round: 0]
[header: 0]
[label_column: ]
[weight_column: ]
[group_column: ]
[ignore_column: ]
[categorical_feature: ]
[forcedbins_filename: ]
[precise_float_parser: 0]
[parser_config_file: ]
[objective_seed: 16083]
[num_class: 1]
[is_unbalance: 0]
[scale_pos_weight: 1]
[sigmoid: 1]
[boost_from_average: 1]
[reg_sqrt: 0]
[alpha: 0.9]
[fair_c: 1]
[poisson_max_delta_step: 0.7]
[tweedie_variance_power: 1.5]
[lambdarank_truncation_level: 30]
[lambdarank_norm: 1]
[label_gain: ]
[lambdarank_position_bias_regularization: 0]
[eval_at: ]
[multi_error_top_k: 1]
[auc_mu_weights: ]
[num_machines: 1]
[local_listen_port: 12400]
[time_out: 120]
[machine_list_filename: ]
[machines: ]
[gpu_platform_id: -1]
[gpu_device_id: -1]
[gpu_use_dp: 0]
[num_gpu: 1]

end of parameters

pandas_categorical:[]
