tree
version=v4
num_class=1
num_tree_per_iteration=1
label_index=0
max_feature_idx=10
objective=regression
feature_names=total_load net_load renewable_power thermal_space_load_ratio thermal_on_capacity hour period weekday month is_weekend is_holiday
feature_infos=[26122.099999999999:40546.199999999997] [-7743.4299999999967:35214.939999999995] [1434.76:35198.879999999997] [-0.29636860496714201:0.96085206700191261] [27170:46830] [6:9] [25:40] [0:6] [2:4] [0:1] none
tree_sizes=2725 2840 2734 2734 2742 2654 2753 2834 2795 2816 2789 2604 2797 2649 2596 2704 2800 2827 2344 2863 2776 2797 2841 2676 2785 2582 2694 2857 2596 2533 2855 2457 2706 2877 2376 2808 2569 2717 2489 2576 2688 2886 2820 2745 2539 2577 2692 2626 2389 2870

Tree=0
num_leaves=31
num_cat=0
split_feature=1 1 7 4 1 1 4 4 4 4 4 0 1 1 4 2 2 4 0 2 7 0 1 6 0 0 5 0 0 6
split_gain=1.04239e+07 4.4574e+06 4.84309e+06 4.25975e+06 555089 491444 376039 322525 301877 475550 214591 151050 116029 84300.3 66933.5 47252.6 65648.3 37277.7 32451.5 32294.8 54928 48442.8 29465.2 21275.1 14379 2751.39 2746.73 1023.1 1003.41 132.012
threshold=18521.445000000007 31924.245000000006 5.5000000000000009 44810.000000000007 14032.655000000002 25087.070000000003 36662.500000000007 36662.500000000007 44395.000000000007 44860.000000000007 39497.500000000007 30037.950000000004 30664.215000000007 27802.355 43067.500000000007 20388.655000000002 14394.995000000001 36090.000000000007 35212.400000000009 21540.835000000003 3.5000000000000004 29485.550000000003 16200.585000000001 31.500000000000004 33437.05000000001 31576.650000000005 7.5000000000000009 33350.05000000001 38027.500000000007 37.500000000000007
decision_type=2 2 2 2 2 2 2 2 2 2 2 2 2 2 2 2 2 2 2 2 2 2 2 2 2 2 2 2 2 2
left_child=4 5 8 18 19 7 22 17 14 -10 13 -9 -12 -7 -3 16 -8 -2 -4 20 21 -1 23 -6 -22 -21 -24 -27 -5 -17
right_child=1 2 3 28 6 10 15 11 9 -11 12 -13 -14 -15 -16 29 -18 -19 -20 25 24 -23 26 -25 -26 27 -28 -29 -30 -31
leaf_value=214.79974987208843 228.70013852086331 232.18762840565407 272.53308396836121 231.83974949061869 225.93546393982001 230.17920543288483 214.79974987208843 219.46338606232945 244.5071343630552 230.38156767243689 228.02854709417758 225.53082534588481 231.17393012543519 233.75474974811075 227.6839768098159 215.18512470424173 219.77200610675871 231.54104370071607 278.39979557909749 214.79974987208843 214.82871760024176 219.37198773154191 228.39974968135357 222.26013869146504 218.45391622086365 215.60559967219828 226.67474968135355 215.08599979579446 230.68308282395202 214.79974987208843
leaf_weight=8.0000000000000018 36 33 3.0000000000000009 5 7.0000000000000062 34 7.9999999999999991 10.999999999999998 13.000000000000002 10.999999999999998 158 152 36 32 10.999999999999998 3.9999999999999982 39 17 10.999999999999998 52 31 21 2.9999999999999973 8.9999999999999982 2.9999999999999991 20 10 18 3 5
leaf_count=8 36 33 3 5 7 34 8 11 13 11 158 152 36 32 11 4 39 17 11 52 31 21 3 9 3 20 10 18 3 5
internal_value=226.223 229.915 240.119 260.511 217.444 227.986 220.683 226.223 233.522 238.033 229.45 225.121 228.612 231.913 231.062 218.29 218.926 229.611 277.143 215.644 216.512 218.111 225.305 223.868 215.149 215.036 227.073 215.359 231.406 214.971
internal_weight=804 566 90 22 238 476 85 216 68 24 260 163 194 66 44 56 47 53 14 153 63 29 29 16 34 90 13 38 8 9
internal_count=804 566 90 22 238 476 85 216 68 24 260 163 194 66 44 56 47 53 14 153 63 29 29 16 34 90 13 38 8 9
is_linear=0
shrinkage=1


Tree=1
num_leaves=31
num_cat=0
split_feature=1 1 7 3 6 0 3 8 7 5 8 0 0 0 3 6 7 2 0 2 1 1 2 7 1 0 5 0 1 3
split_gain=9.48665e+06 3.10118e+06 3.60797e+06 1.23877e+06 1.00169e+06 979973 339801 293244 279376 303176 176701 165750 159498 145859 100513 84139.1 75728.6 64243 88592.1 52109.8 48910 32109.2 21281.9 71208.6 11016.7 6519.05 2515.58 2273.36 84.7265 4.78127
threshold=21137.880000000005 31924.245000000006 5.5000000000000009 0.46787050638448829 33.500000000000007 36278.700000000004 0.8088516841873713 3.5000000000000004 1.0000000180025095e-35 7.5000000000000009 3.5000000000000004 32143.950000000004 33611.100000000006 30687.600000000002 0.42375211006737984 34.500000000000007 2.5000000000000004 16725.820000000003 32726.050000000007 14490.360000000002 18803.090000000004 32300.690000000006 21540.835000000003 1.0000000180025095e-35 28014.445000000003 30425.400000000005 6.5000000000000009 31576.650000000005 18626.650000000001 0.44249533432522914
decision_type=2 2 2 2 2 2 2 2 2 2 2 2 2 2 2 2 2 2 2 2 2 2 2 2 2 2 2 2 2 2
left_child=3 6 8 14 5 -4 10 13 9 -3 12 25 -2 28 22 -13 -15 29 -19 26 -21 -10 23 -1 -12 -8 -9 -24 -5 -16
right_child=1 2 4 7 -6 -7 11 19 21 -11 24 15 -14 16 17 -17 -18 18 -20 20 -22 -23 27 -25 -26 -27 -28 -29 -30 -31
leaf_value=-1.8105994224548341 -2.2109840196721695 9.4529965568991248 46.201678466796835 -10.740276947021487 50.850109863281254 17.301784619418058 -4.234760665893555 2.8674962997436508 8.0173012733459483 26.693402481079104 3.7174256017131193 5.0744721346742967 1.4768067326903904 -2.39854956951458 -10.816674296061201 10.777484566824777 -5.9941309668399674 -2.5508267305114045 -8.1372904872894285 -0.51637595295906058 -7.362696393330892 4.3244561401573387 -10.739987182617188 -9.7249638725210126 6.4247625350952156 -1.1514273643493651 1.6669901490211487 -10.240925676394731 -11.0490119934082 -10.741229030064174
leaf_weight=2.9999999999999991 34 17.000000000000004 4.0000000000000027 4.9999999999999982 4.9999999999999991 10.999999999999998 2.9999999999999991 6.0000000000000027 6.9999999999999991 2.9999999999999991 62 85 213 32 2.9999999999999982 6.9999999999999991 27 11.000000000000002 20 20.000000000000004 2.9999999999999991 37 55 54 3.9999999999999991 4 15.999999999999998 39 4 7
leaf_count=3 34 17 4 5 5 11 3 6 7 3 62 85 213 32 3 7 27 11 20 20 3 37 55 54 4 4 16 39 4 7
internal_value=-0.0909335 4.17603 12.932 -7.03 31.4688 25.0084 2.39085 -2.87638 7.13917 12.0391 1.58328 4.94407 0.969176 -4.94842 -9.47458 5.5084 -4.04399 -7.27911 -6.155 0.254694 -1.40937 4.91195 -10.0707 -9.30842 3.88151 -2.47286 1.9944 -10.5329 -10.8775 -10.7639
internal_weight=801 496 84 305 20 15 412 113 64 20 313 99 247 68 192 92 59 41 31 45 23 44 151 57 66 7 22 94 9 10
internal_count=801 496 84 305 20 15 412 113 64 20 313 99 247 68 192 92 59 41 31 45 23 44 151 57 66 7 22 94 9 10
is_linear=0
shrinkage=0.05


Tree=2
num_leaves=30
num_cat=0
split_feature=3 1 7 4 3 0 2 0 4 4 4 4 6 7 0 3 6 7 1 0 6 2 7 6 1 0 3 0 0
split_gain=8.90999e+06 2.8309e+06 3.69859e+06 3.32935e+06 449650 406010 369444 252896 195346 180149 133138 115626 97746.8 90885.5 85662.9 29660.6 29463.6 23839.6 20370.7 20010.9 19563.9 15577.7 42357 21978.1 8497.5 1751.19 944.934 861.567 697.882
threshold=0.55991650581239927 31924.245000000006 5.5000000000000009 44810.000000000007 0.4305614952381514 31513.450000000001 7197.0400000000018 36433.100000000006 36662.500000000007 44395.000000000007 39497.500000000007 42595.000000000007 33.500000000000007 1.0000000180025095e-35 38183.750000000007 0.47536529525730065 25.500000000000004 1.5000000000000002 15133.059999999999 37007.750000000007 38.500000000000007 21540.835000000003 1.0000000180025095e-35 35.500000000000007 20990.540000000005 31576.650000000005 0.51393609311055755 33350.05000000001 38027.500000000007
decision_type=2 2 2 2 2 2 2 2 2 2 2 2 2 2 2 2 2 2 2 2 2 2 2 2 2 2 2 2 2
left_child=4 5 7 19 21 12 14 9 15 -3 -8 13 16 -10 -7 18 -2 -9 -6 -4 -13 22 -1 -24 -14 -23 -17 -27 -5
right_child=1 2 3 28 8 6 10 17 11 -11 -12 20 24 -15 -16 26 -18 -19 -20 -21 -22 25 23 -25 -26 27 -28 -29 -30
leaf_value=-4.0095694541931151 -5.4693827247619557 5.9931103515625015 43.913815307617142 4.4929233551025396 -1.7763131671481656 4.6461780661734471 3.1535430902904937 5.8350510857322 -2.988520732190874 18.843659845987954 0.88657305234180395 -2.0226068576941119 -10.387689208984376 -8.4550549283319594 13.212812550862632 0.015746092796325686 -1.1030707471510943 3.6177538138848768 -6.5338394800821948 48.629143269856769 -5.4742649237314858 -10.202988433837891 -10.257498194376629 -8.271351571266468 -6.8674360275268542 -9.4797961711883545 0.97910466875348767 -9.9575705818507991 3.4840898513793941
leaf_weight=3.9999999999999991 5.0000000000000062 4.9999999999999982 3.0000000000000027 3.9999999999999991 9.0000000000000018 107 90 22 8.9999999999999982 6 231 13.000000000000002 3.9999999999999991 49 2.9999999999999991 3.9999999999999982 17 27 2.9999999999999991 8.9999999999999982 5.9999999999999991 53 30 26 3 15.999999999999998 7 23 3
leaf_count=4 5 5 3 4 9 107 90 22 9 6 231 13 4 49 3 4 17 27 3 9 6 53 30 26 3 16 7 23 3
internal_value=-0.133038 3.49546 12.2393 31.4646 -7.89398 1.99379 2.37911 6.1513 -5.29005 13.0025 1.52217 -6.49784 -3.73283 -7.6068 4.87981 -1.24659 -2.09541 4.61328 -2.96569 47.4503 -3.1126 -9.60709 -8.98031 -9.33536 -8.87901 -10.0159 0.628792 -9.76156 4.06057
internal_weight=791 539 79 19 252 460 431 60 100 11 321 77 29 58 110 23 22 49 12 12 19 152 60 56 7 92 11 39 7
internal_count=791 539 79 19 252 460 431 60 100 11 321 77 29 58 110 23 22 49 12 12 19 152 60 56 7 92 11 39 7
is_linear=0
shrinkage=0.05


Tree=3
num_leaves=31
num_cat=0
split_feature=1 1 7 4 3 4 7 4 4 1 0 4 1 2 1 6 3 4 1 2 0 7 6 4 7 1 0 6 1 0
split_gain=8.50248e+06 3.45361e+06 3.73124e+06 3.39177e+06 869361 303878 297862 440041 295152 251411 112644 92670 77287.5 73559.8 67875.4 61602.7 61404 53142.8 40966.5 34474.1 34216.4 28700.1 23142 21418.8 21119.8 50101.5 13513.4 5071.55 2993.25 824.343
threshold=21137.880000000005 31924.245000000006 5.5000000000000009 44810.000000000007 0.46347776133693547 36662.500000000007 1.0000000180025095e-35 44395.000000000007 36662.500000000007 24913.945000000003 30687.600000000002 44065.000000000007 28164.300000000007 8751.3350000000009 32300.690000000006 30.500000000000004 0.42375211006737984 37740.000000000007 16200.585000000001 18487.640000000003 35735.200000000004 1.5000000000000002 31.500000000000004 36090.000000000007 1.0000000180025095e-35 8404.1150000000016 31092.300000000007 30.500000000000004 30480.41 38027.500000000007
decision_type=2 2 2 2 2 2 2 2 2 2 2 2 2 2 2 2 2 2 2 2 2 2 2 2 2 2 2 2 2 2
left_child=4 8 6 20 16 18 7 -3 12 13 -7 -11 23 -10 -8 -12 24 19 22 -18 -4 -19 -6 -2 25 -1 -26 -20 -14 -5
right_child=1 2 3 29 5 10 14 -9 9 11 15 -13 28 -15 -16 -17 17 21 27 -21 -22 -23 -24 -25 26 -27 -28 -29 -30 -31
leaf_value=-9.6928390502929673 3.2367494947260078 4.9962161254882806 39.503126017252583 4.3582769775390622 0.93815904259681726 -9.9244577789306661 9.3689807891845707 20.235758209228514 -3.0006864423337194 1.5968701367653333 0.59482075373331711 3.7597508387267591 6.5206121717180512 0.15072849020754037 4.041695751794955 -4.7072854646614628 -1.8035600227969035 -4.7937296581268276 2.4933386060926641 -7.6223618507385247 45.473223622639978 -9.0758091476228504 -3.8293094703129356 5.2673675537109377 -9.7318888549804683 -1.5195910135904944 -8.7623220735701963 1.0396724436018203 7.6532298278808604 3.3098855336507151
leaf_weight=5 55 10 3.0000000000000009 5 3.9999999999999982 9.9999999999999982 6.9999999999999991 9 23 130 5.9999999999999991 80 14.000000000000002 95 41 63 6.9999999999999982 5.0000000000000027 9.0000000000000018 4 11.999999999999998 18 7 17 75 3 69 18 9.9999999999999982 3
leaf_count=5 55 10 3 5 4 10 7 9 23 130 6 80 14 95 41 63 7 5 9 4 12 18 7 17 75 3 69 18 10 3
internal_value=0.0688543 3.98512 12.8809 30.2569 -6.57457 -3.19772 6.91607 12.2149 2.09685 1.38316 -4.965 2.42082 4.53528 -0.46353 4.81859 -4.24623 -8.69872 -6.77787 0.476358 -3.91949 44.2792 -8.14492 -2.09568 3.7162 -9.12839 -6.62787 -9.2673 1.52423 6.99254 3.96513
internal_weight=817 514 90 23 303 117 67 19 424 328 79 210 96 118 48 69 186 34 38 11 15 23 11 72 152 8 144 27 24 8
internal_count=817 514 90 23 303 117 67 19 424 328 79 210 96 118 48 69 186 34 38 11 15 23 11 72 152 8 144 27 24 8
is_linear=0
shrinkage=0.05


Tree=4
num_leaves=30
num_cat=0
split_feature=1 1 7 2 3 1 8 8 7 1 3 0 3 2 1 6 8 3 0 7 8 0 7 0 1 0 7 0 0
split_gain=7.14266e+06 2.76214e+06 3.85549e+06 1.18056e+06 633677 323184 234692 226348 156084 150994 107891 103199 148878 73179.1 61898.8 60564.6 59785.9 58984.9 52040.8 47029.7 42909.2 45202.5 27178.1 26073.4 11254.5 14863.5 10177.1 4945.23 3911.81
threshold=19577.225000000006 31924.245000000006 5.5000000000000009 1697.0550000000001 0.46787050638448829 25543.485000000004 2.5000000000000004 3.5000000000000004 1.0000000180025095e-35 33464.92500000001 0.86974569407909075 32253.750000000004 0.8088516841873713 14394.995000000001 32300.690000000006 37.500000000000007 3.5000000000000004 0.42375211006737984 34442.400000000001 2.5000000000000004 3.5000000000000004 33844.450000000004 1.5000000000000002 30965.150000000005 11633.17 34319.950000000004 1.0000000180025095e-35 29625.000000000004 31092.300000000007
decision_type=2 2 2 2 2 2 2 2 2 2 2 2 2 2 2 2 2 2 2 2 2 2 2 2 2 2 2 2 2
left_child=4 5 8 -4 17 6 15 13 9 -3 -5 27 -13 26 -10 -2 -8 24 23 -15 22 -22 -19 -9 28 -26 -6 -7 -1
right_child=1 2 3 10 7 11 16 18 14 -11 -12 12 -14 19 -16 -17 -18 20 -20 -21 21 -23 -24 -25 25 -27 -28 -29 -30
leaf_value=-9.2369586892323952 -2.0855680435895922 13.167022675734296 4.2836964925130161 30.441942850748703 -6.5946927547454841 -3.9749408721923842 0.74365712027996789 -3.8544981559117639 8.9005318232945037 5.207505104758523 41.139110773259944 2.1783620998923809 4.7236057872357575 -2.5924582139988033 3.8039275655895475 2.7644702366420204 2.8627357650221441 -4.5540431118011444 -6.3042215347290043 -6.1300986921086036 -2.8671536797826942 -9.7911712646484386 -8.6971247396971059 1.041986671398426 -7.215001048212466 -9.1333276112874344 -9.6835526466369632 -1.4886722882588703 -8.5809745441783569
leaf_weight=73 80 13.000000000000002 3.0000000000000027 2.9999999999999991 3.9999999999999991 2.9999999999999982 80 2.9999999999999991 6.9999999999999991 10.999999999999998 10.999999999999998 153 92 21 40 6.9999999999999991 57 5.0000000000000027 2.9999999999999991 17 10.999999999999998 2.9999999999999991 19 29 23 18 7.9999999999999991 6 33
leaf_count=73 80 13 3 3 4 3 80 3 7 11 11 153 92 21 40 7 57 5 3 17 11 3 19 29 23 18 8 6 33
internal_value=0.0266729 3.21873 11.3593 32.7475 -6.66482 1.72004 0.3356 -3.09128 6.23823 9.51891 38.8469 2.94096 3.13413 -5.25001 4.563 -1.69534 1.62532 -8.30672 -0.00738702 -4.17509 -6.55073 -4.35087 -7.83398 0.582941 -8.76065 -8.05719 -8.65393 -2.31743 -9.03274
internal_weight=836 566 88 17 270 478 224 85 71 24 14 254 245 50 47 87 137 185 35 38 38 14 24 32 147 41 12 9 106
internal_count=836 566 88 17 270 478 224 85 71 24 14 254 245 50 47 87 137 185 35 38 38 14 24 32 147 41 12 9 106
is_linear=0
shrinkage=0.05


Tree=5
num_leaves=29
num_cat=0
split_feature=3 3 7 4 3 0 6 0 4 4 5 4 3 4 0 3 3 3 3 0 0 7 2 2 0 2 0 7
split_gain=6.25055e+06 1.74929e+06 2.81333e+06 2.60423e+06 386678 326906 230925 157523 129831 125000 120716 112564 63658.9 80533.3 41839.7 36892.1 36348.1 34475.9 28486.5 24110.3 18364.9 15576.2 23540.5 14925.7 12841.2 8304.75 4338.31 1062.19
threshold=0.55991650581239927 0.83180837950386377 5.5000000000000009 44810.000000000007 0.46787050638448829 31576.650000000005 33.500000000000007 33047.100000000006 36662.500000000007 39497.500000000007 7.5000000000000009 44065.000000000007 0.42375211006737984 36662.500000000007 30687.600000000002 0.7537959090041324 0.7851862967553952 0.55195100389306961 0.94869813963298155 32850.80000000001 30309.650000000005 1.0000000180025095e-35 23749.475000000002 16945.115000000002 31092.300000000007 9520.7300000000014 37037.250000000007 1.5000000000000002
decision_type=2 2 2 2 2 2 2 2 2 2 2 2 2 2 2 2 2 2 2 2 2 2 2 2 2 2 2 2
left_child=4 5 6 18 12 10 7 -3 23 16 15 -11 21 19 -10 -2 -7 -16 -4 -14 -15 22 -1 27 -23 -12 -5 -6
right_child=1 2 3 26 8 9 -8 -9 14 11 25 -13 13 20 17 -17 -18 -19 -20 -21 -22 24 -24 -25 -26 -27 -28 -29
leaf_value=-3.3218124866485592 1.6974976420402506 -2.2872976541519168 41.194774034288201 4.123678588867187 1.4828013420104946 2.6091182203853833 16.704267501831055 4.9687664845715398 -9.0418321228027345 0.35008510349525346 -6.1543553988138857 2.5078158225986984 -0.42862956907067984 -8.9736950683593726 -3.7478287285420957 -3.1043285270531973 4.8496417252913773 -8.1455727767944346 35.568791707356752 -5.7861253420511867 -6.3264978603312843 -8.7787586757114955 -8.746348571777343 -3.1963021119435631 -7.8140228776370781 -9.298653847830634 1.7949696540832516 0.44605802255017424
leaf_weight=4 6.0000000000000062 7.9999999999999991 8.9999999999999982 4 3.0000000000000062 85 3.9999999999999991 115 4.9999999999999991 180 2.9999999999999982 91 6.9999999999999982 10.000000000000002 41 11.999999999999998 23 4.9999999999999991 3.0000000000000009 3 19 70 4 2.9999999999999991 68 7 4 13.999999999999998
leaf_count=4 6 8 9 4 3 85 4 115 5 180 3 91 7 10 41 12 23 5 3 3 19 70 4 3 68 7 4 14
internal_value=-0.0345045 2.95123 7.62626 25.0567 -6.49583 1.26271 4.88131 4.49683 -3.35907 1.64787 -3.95074 1.07464 -7.69967 -5.90511 -4.698 -1.50372 3.08627 -4.22584 39.7883 -2.03588 -7.23932 -8.17904 -6.03408 0.0552155 -8.30338 -8.35536 2.95932 0.629013
internal_weight=810 554 147 20 256 407 127 123 71 379 28 271 185 39 51 18 108 46 12 10 29 146 8 20 138 10 8 17
internal_count=810 554 147 20 256 407 127 123 71 379 28 271 185 39 51 18 108 46 12 10 29 146 8 20 138 10 8 17
is_linear=0
shrinkage=0.05


Tree=6
num_leaves=31
num_cat=0
split_feature=1 1 7 4 3 4 4 1 4 4 4 4 4 7 2 1 4 1 4 4 1 0 6 4 6 1 0 6 7 0
split_gain=5.83518e+06 2.63394e+06 2.59438e+06 2.61066e+06 667006 239504 316542 209963 194219 127261 123230 102143 84849.6 84644.5 61232.7 51584 45245 38796.9 44013.5 33406.4 33166.7 28273.5 22159.6 19087.3 17433.2 11184.5 4704.38 4337.38 3151.27 4517.81
threshold=21137.880000000005 31924.245000000006 5.5000000000000009 44810.000000000007 0.45955488530753758 44395.000000000007 44860.000000000007 25543.485000000004 36662.500000000007 39052.500000000007 39497.500000000007 36662.500000000007 43672.500000000007 4.5000000000000009 8751.3350000000009 27660.835000000003 43067.500000000007 11633.17 36662.500000000007 42595.000000000007 16200.585000000001 37007.750000000007 31.500000000000004 36090.000000000007 32.500000000000007 13037.360000000002 37037.250000000007 30.500000000000004 1.0000000180025095e-35 29780.850000000002
decision_type=2 2 2 2 2 2 2 2 2 2 2 2 2 2 2 2 2 2 2 2 2 2 2 2 2 2 2 2 2 2
left_child=4 7 5 21 17 16 -7 11 20 24 15 23 -12 -11 -13 -9 -3 28 25 -20 22 -4 -6 -2 -10 -19 -5 -22 29 -1
right_child=1 2 3 26 8 6 -8 10 9 13 12 14 -14 -15 -16 -17 -18 18 19 -21 27 -23 -24 -25 -26 -27 -28 -29 -30 -31
leaf_value=-8.3994405110677075 2.0377172517776492 4.4483317868462926 35.003724365234369 3.9174945831298822 0.10399993161360424 14.730405780247279 2.7115224202473955 3.09938596089681 -4.8461025238037116 -2.0686304221347886 1.0936306974262868 -2.3888996210098266 3.2960294805859265 -6.0000471541756077 0.33317162169127906 5.9640925089518229 0.20103745758533478 -5.6704678399222246 -7.9793662452697767 -4.9714506745338447 2.1750626972743432 39.608623657226566 -4.1932489156723021 4.5601048469543457 -9.1075084686279304 -2.9337495998479426 1.4925251722335813 0.73790614037286673 -8.2078580661695835 -5.6554121573766061
leaf_weight=2.9999999999999991 20 29 5.0000000000000009 4 5.9999999999999982 14 9 30 2.9999999999999991 49 103 25 76 19 119 33 7.9999999999999991 6.9999999999999991 40 11.999999999999998 7.0000000000000027 9.9999999999999982 6 11.999999999999998 11.999999999999998 7.9999999999999991 4 21 98 3
leaf_count=3 20 29 5 4 6 14 9 30 3 49 103 25 76 19 119 33 8 7 40 12 7 10 6 12 12 8 4 21 98 3
internal_value=0.0764622 3.35793 11.4938 25.7715 -5.51543 6.02066 10.0274 1.74244 -2.70737 -4.08665 2.69809 0.428412 2.02873 -3.16711 -0.13941 4.59995 3.53 -7.53526 -6.59695 -7.28523 0.154649 38.0737 -2.04462 2.98361 -8.25523 -4.21088 2.70501 1.0972 -8.13976 -7.02743
internal_weight=795 501 83 23 294 60 23 418 123 83 242 176 179 68 144 63 37 171 67 52 40 15 12 32 15 15 8 28 104 6
internal_count=795 501 83 23 294 60 23 418 123 83 242 176 179 68 144 63 37 171 67 52 40 15 12 32 15 15 8 28 104 6
is_linear=0
shrinkage=0.05


Tree=7
num_leaves=31
num_cat=0
split_feature=1 1 7 6 0 3 8 3 0 8 0 7 0 3 1 1 3 6 8 6 6 1 7 2 7 6 7 0 1 0
split_gain=5.25109e+06 1.97559e+06 2.33078e+06 707462 805556 551398 212188 173757 168632 102445 101080 98684.2 143623 94498.9 93261.6 83387.9 47926.8 45048.5 40296.9 36110.5 31433.9 28577.2 16457.7 14035.5 26332.7 13228.9 11276.4 8148.26 1135.05 938.052
threshold=21137.880000000005 32063.960000000003 5.5000000000000009 33.500000000000007 36501.950000000004 0.45955488530753758 2.5000000000000004 0.80708214588276028 36433.100000000006 3.5000000000000004 32460.900000000005 2.5000000000000004 30687.600000000002 0.49794694287966818 33589.405000000006 23307.145000000004 0.42375211006737984 31.500000000000004 3.5000000000000004 34.500000000000007 29.500000000000004 32300.690000000006 2.5000000000000004 21540.835000000003 1.0000000180025095e-35 33.500000000000007 1.5000000000000002 30037.950000000004 19379.565000000002 31576.650000000005
decision_type=2 2 2 2 2 2 2 2 2 2 2 2 2 2 2 2 2 2 2 2 2 2 2 2 2 2 2 2 2 2
left_child=5 7 8 4 -4 16 11 9 14 15 27 12 -7 17 -3 -2 23 -8 25 -12 -15 -10 -20 24 -1 -18 -11 -9 -13 -25
right_child=1 2 3 -5 -6 6 13 10 21 26 19 28 -14 20 -16 -17 18 -19 22 -21 -22 -23 -24 29 -26 -27 -28 -29 -30 -31
leaf_value=-2.8436221763491631 -0.90476014373763913 14.147569928850448 34.407909545898413 37.271699305943081 9.828103513717652 -8.3312722524007157 0.61990424990653947 -3.7165104230244967 7.3731467437744147 1.9431293532961893 3.6817410787547029 -8.9798156738281261 -1.4121430729329587 2.1279628753662112 5.2067378997802729 1.2126015743821539 -8.2397223336355978 -5.3125624250620609 -5.7233592669169129 7.4084909166608544 -0.72729744011042075 3.3793928783993388 -1.2970137834548949 -7.9167950312296558 -7.0596135444641108 -5.6336458206176765 3.346303012635973 -0.52506495490670202 -10.011372756958005 -7.595244412089504
leaf_weight=3.9999999999999991 62 6.9999999999999982 5.0000000000000027 6.9999999999999991 9.9999999999999982 11.999999999999998 4.0000000000000027 2.9999999999999982 4.9999999999999991 21 91 7.9999999999999982 20 11.999999999999998 5 186 7.0000000000000027 15.999999999999998 2.9999999999999982 6.9999999999999991 49 43 7 48 50 15.999999999999998 45 6 4 43
leaf_count=4 62 7 5 7 10 12 4 3 5 21 91 8 20 12 5 186 7 16 3 7 49 43 7 48 50 16 45 6 4 43
internal_value=-0.0072495 3.12506 10.2252 24.1465 18.0214 -5.20709 -2.6618 1.74213 5.12077 1.14917 3.48222 -5.45687 -4.00682 -1.1435 10.4222 0.683261 -6.99451 -4.12607 -5.27471 3.94794 -0.165607 3.79541 -2.62492 -7.38591 -6.74732 -6.4268 2.89984 -1.58888 -9.32367 -7.76485
internal_weight=806 503 82 22 15 303 125 421 60 314 107 44 32 81 12 248 178 20 33 98 61 48 10 145 54 23 66 9 12 91
internal_count=806 503 82 22 15 303 125 421 60 314 107 44 32 81 12 248 178 20 33 98 61 48 10 145 54 23 66 9 12 91
is_linear=0
shrinkage=0.05


Tree=8
num_leaves=31
num_cat=0
split_feature=3 1 7 4 0 4 4 3 3 4 4 8 1 4 4 2 0 0 4 7 2 4 1 0 1 0 4 2 0 0
split_gain=5.15791e+06 2.16896e+06 1.95397e+06 2.1832e+06 344973 270948 439571 259786 190728 107209 81327.7 75205.2 65849.5 50175.7 45458.3 34950.5 33930.2 24157 21910.9 15041.4 19708.4 21450 11832.4 9970.82 4307.9 2881.55 9405.2 442.861 250.764 156.749
threshold=0.55991650581239927 31795.285000000003 5.5000000000000009 44810.000000000007 30037.950000000004 44395.000000000007 44860.000000000007 0.4305614952381514 0.79139169603472259 36662.500000000007 37740.000000000007 2.5000000000000004 17635.590000000007 37010.000000000007 43067.500000000007 7097.4450000000006 31513.450000000001 36433.100000000006 39497.500000000007 3.5000000000000004 21540.835000000003 34325.000000000007 15245.635000000002 28913.650000000005 34934.965000000004 32616.200000000004 37010.000000000007 21879.960000000003 28913.650000000005 31713.500000000004
decision_type=2 2 2 2 2 2 2 2 2 2 2 2 2 2 2 2 2 2 2 2 2 2 2 2 2 2 2 2 2 2
left_child=7 4 5 17 15 14 -7 19 10 16 -6 -10 18 -14 -3 23 -9 -4 -11 20 21 -1 -18 -2 -5 29 -27 -22 -17 -21
right_child=1 2 3 24 8 6 -8 9 11 12 -12 -13 13 -15 -16 28 22 -19 -20 25 27 -23 -24 -25 -26 26 -28 -29 -30 -31
leaf_value=-3.7724217219786214 -5.8772282918294216 4.0211023723377899 31.353897094726552 0.99607876300811748 2.3477390358246955 15.337044067382809 2.7754099699167107 -5.3208606198430015 1.9405149844017897 -4.6777713624431803 0.53679927079957357 4.435426329143012 -9.2771375020345044 -2.5051730980796201 0.024876585271623401 -7.6195102691650378 -1.7458679623073996 35.951437072753912 -7.0044167404174802 -7.5360999584198005 -6.8107535362243654 -6.4387632389863327 0.57785979168755675 -2.4319384166172568 3.3927146911621087 -4.7127034664154008 -7.3931007385253906 -7.3719717091527492 -8.1793807983398423 -7.7853085109165736
leaf_weight=10.999999999999998 3.0000000000000018 34 4.0000000000000009 5 83 15.000000000000002 12.999999999999998 4.0000000000000027 55 17 245 67 2.9999999999999991 31 8.9999999999999982 4 9.0000000000000018 9.9999999999999982 25 64 3.9999999999999991 24 13.999999999999998 7 3 4.0000000000000027 18 29 4 6.9999999999999991
leaf_count=11 3 34 4 5 83 15 13 4 55 17 245 67 3 31 9 4 9 10 25 64 4 24 14 7 3 4 18 29 4 7
internal_value=0.0251797 2.73725 9.71146 22.7313 1.35134 5.67715 9.50486 -5.73796 1.62284 -3.777 0.995055 3.31067 -4.73848 -3.1027 3.18468 -5.43616 -1.0706 34.6379 -6.06268 -6.99249 -6.42731 -5.60077 -0.331425 -3.46553 1.89482 -7.40574 -6.90576 -7.30395 -7.89945 -7.56067
internal_weight=825 561 93 22 468 71 28 264 450 103 328 122 76 34 43 18 27 14 42 161 68 35 23 10 8 93 22 33 8 71
internal_count=825 561 93 22 468 71 28 264 450 103 328 122 76 34 43 18 27 14 42 161 68 35 23 10 8 93 22 33 8 71
is_linear=0
shrinkage=0.05


Tree=9
num_leaves=31
num_cat=0
split_feature=1 1 7 4 3 8 4 4 4 0 3 4 4 0 0 1 3 4 6 2 4 4 0 7 4 2 4 0 6 0
split_gain=4.57974e+06 1.86794e+06 2.00751e+06 2.0733e+06 522664 205790 189675 345681 183004 117942 89895.9 78600.9 101472 67200.2 97053.4 43760.4 41484.1 40685.1 38212.9 33355.6 42126.6 22687.8 21738.2 17105.6 16607.5 12919.7 25615 2259.33 2009.47 883.289
threshold=21137.880000000005 31783.655000000002 5.5000000000000009 44810.000000000007 0.46787050638448829 2.5000000000000004 44395.000000000007 44810.000000000007 36662.500000000007 33558.350000000013 0.66857583397057352 42910.000000000007 39905.000000000007 34721.05000000001 36055.600000000013 28164.300000000007 0.42375211006737984 43067.500000000007 33.500000000000007 16725.820000000003 39497.500000000007 39715.000000000007 35212.400000000009 1.5000000000000002 36090.000000000007 21540.835000000003 42752.500000000007 37037.250000000007 25.500000000000004 31937.800000000007
decision_type=2 2 2 2 2 2 2 2 2 2 2 2 2 2 2 2 2 2 2 2 2 2 2 2 2 2 2 2 2 2
left_child=4 8 6 22 16 11 17 -8 15 18 -11 12 -6 21 -15 24 25 -3 -10 -18 -21 -7 -4 -13 -2 26 -1 -5 -17 -27
right_child=1 2 3 27 5 13 7 -9 9 10 -12 23 -14 14 -16 28 19 -19 -20 20 -22 -23 -24 -25 -26 29 -28 -29 -30 -31
leaf_value=-6.3172158392809203 2.425009182783274 3.8762513623918808 29.264179484049464 2.6366927464803052 -3.2407041549682618 0.88950807597748072 16.459671868218308 4.7475005331493563 -1.0379421407400176 -0.37165083250061415 1.8076558520443631 -3.9098901430765802 -8.7884397170122934 -5.7996048652208749 0.10290856710324686 6.3502130889892534 -7.7059090614318855 0.10696613126330906 -6.8745273113250738 -2.0535548159054344 -5.757293981664322 -1.7545421326160431 34.022751871744795 0.71418140530586238 4.2252096400541417 -7.1487671322292758 -1.5810583750406901 0.90105552673339828 5.2018608093261722 -6.8409487840605951
leaf_weight=59 52 35 3.0000000000000009 3 15.999999999999998 43 9.0000000000000018 21 43 61 211 2.9999999999999982 17 13.000000000000002 14.999999999999998 5.0000000000000027 7.9999999999999991 8.9999999999999982 2.9999999999999991 14.000000000000002 17 9.9999999999999982 11.999999999999998 6 17 54 2.9999999999999991 5 15.999999999999998 41
leaf_count=59 52 35 3 3 16 43 9 21 43 61 211 3 17 13 15 5 8 9 3 14 17 10 12 6 17 54 3 5 16 41
internal_value=0.00637989 2.969 9.20564 22.1079 -4.68367 -2.12884 5.19549 8.26115 1.48627 0.922923 1.31891 -4.96903 -6.09863 -0.656146 -2.63754 3.47678 -6.28695 3.10526 -1.41859 -4.82746 -4.08464 0.390631 33.071 -0.827176 2.86854 -6.6495 -6.08805 1.55192 5.47528 -7.01592
internal_weight=824 505 97 23 319 123 74 30 408 318 272 42 33 81 28 90 196 44 46 39 31 53 15 9 69 157 62 8 21 95
internal_count=824 505 97 23 319 123 74 30 408 318 272 42 33 81 28 90 196 44 46 39 31 53 15 9 69 157 62 8 21 95
is_linear=0
shrinkage=0.05


Tree=10
num_leaves=31
num_cat=0
split_feature=1 1 7 2 3 6 8 3 1 3 0 8 7 0 0 0 3 6 3 8 2 7 6 6 7 7 1 6 2 1
split_gain=4.11483e+06 1.50675e+06 1.90721e+06 657729 457740 214170 184578 158490 92724.7 96341.4 77927.4 72499.1 67717.6 80440.1 65715.6 55451 54565 31338.8 26443.9 45011.6 22978.3 19372.4 17494.5 12734.1 9044.28 8535.88 16228.7 4226.54 2096.17 817.823
threshold=21137.880000000005 31924.245000000006 5.5000000000000009 1697.0550000000001 0.47536529525730065 33.500000000000007 2.5000000000000004 0.8088516841873713 32703.290000000005 0.83756232014290555 32143.950000000004 3.5000000000000004 2.5000000000000004 31092.300000000007 34065.100000000013 38183.750000000007 0.54216838338104523 30.500000000000004 0.38395612325643141 3.5000000000000004 18299.375000000004 1.5000000000000002 39.500000000000007 33.500000000000007 1.5000000000000002 1.0000000180025095e-35 6006.3400000000011 39.500000000000007 5503.1250000000009 19379.565000000002
decision_type=2 2 2 2 2 2 2 2 2 2 2 2 2 2 2 2 2 2 2 2 2 2 2 2 2 2 2 2 2 2
left_child=4 7 8 -4 18 -5 12 11 9 -3 28 14 13 -6 -2 -12 17 -8 25 22 -21 -10 -20 -18 -13 26 -1 -27 -9 -14
right_child=1 2 3 5 6 -7 16 10 21 -11 15 24 29 -15 -16 -17 23 -19 19 20 -22 -23 -24 -25 -26 27 -28 -29 -30 -31
leaf_value=-6.8700836181640632 -1.291341779782222 1.1109116713205969 2.6514546632766702 20.90449045101801 -7.2389028930664043 31.909405517578126 1.0613044292045131 -1.287840189252581 4.0387083053588873 8.2950227646600645 3.6079137853429288 1.6267229099273681 -8.1557199478149425 -1.5874022494344151 0.94441528648280648 10.533513768513998 1.3314590901136398 -2.962588112354279 -6.5075185775756843 -1.6089230966567989 -4.8541836301485697 1.8643618243081228 -4.1857211153954266 -0.37682157367467883 2.8037986841607605 -6.7280952204828681 -2.0052289009094233 -5.9261169242858891 0.29185422364001468 -9.1149127197265614
leaf_weight=3.9999999999999991 39 6.0000000000000027 4.0000000000000027 12.000000000000002 10.000000000000002 6.9999999999999991 6.0000000000000027 6.9999999999999982 20 21 79 25 3.9999999999999982 17 209 2.9999999999999991 24 25 43 10.000000000000002 11.999999999999998 21 9.9999999999999982 20 47 92 3 20 3 5
leaf_count=4 39 6 4 12 10 7 6 7 20 21 79 25 4 17 209 3 24 25 43 10 12 21 10 20 47 92 3 20 3 5
internal_value=0.0317971 2.81027 8.6331 21.0794 -4.55041 24.9589 -1.98965 1.52416 4.42333 6.69855 3.35311 0.998335 -4.93256 -3.68055 0.592824 3.86129 -0.577044 -2.18377 -6.01558 -5.28027 -3.37907 2.92502 -6.06944 0.554968 2.39509 -6.47902 -4.78515 -6.58488 -0.813932 -8.6886
internal_weight=808 503 91 23 305 19 111 412 68 27 92 320 36 27 248 82 75 31 194 75 22 41 53 44 72 119 7 112 10 9
internal_count=808 503 91 23 305 19 111 412 68 27 92 320 36 27 248 82 75 31 194 75 22 41 53 44 72 119 7 112 10 9
is_linear=0
shrinkage=0.05


Tree=11
num_leaves=29
num_cat=0
split_feature=3 1 7 4 0 4 6 3 3 4 0 0 4 5 4 4 4 0 1 1 4 4 1 4 7 1 0 3
split_gain=3.64145e+06 1.41648e+06 1.19767e+06 1.69908e+06 230802 218848 446153 202749 196453 64485.4 63930.7 74942.7 84312.1 63292.3 52638.2 34667.9 31224.1 24504.1 20877.8 20337.7 18281 33410.8 12499.2 9101.06 10281 6471.68 900.155 374.921
threshold=0.55991650581239927 32113.189999999999 5.5000000000000009 44810.000000000007 31744.650000000005 44395.000000000007 30.500000000000004 0.79139169603472259 0.45955488530753758 39497.500000000007 30687.600000000002 34721.05000000001 40095.000000000007 7.5000000000000009 40485.000000000007 39715.000000000007 42977.500000000007 29227.150000000005 13037.360000000002 22860.665000000005 33235.000000000007 36662.500000000007 34551.805 37740.000000000007 3.5000000000000004 34934.965000000004 29625.000000000004 0.23675043383282796
decision_type=2 2 2 2 2 2 2 2 2 2 2 2 2 2 2 2 2 2 2 2 2 2 2 2 2 2 2 2
left_child=8 4 5 22 13 16 -7 9 18 -6 26 12 -12 17 -13 -9 -3 -2 23 -15 -20 -22 -4 24 -1 -5 -10 -25
right_child=1 2 3 25 7 6 -8 15 10 -11 11 14 -14 19 -16 -17 -18 -19 20 -21 21 -23 -24 27 -26 -27 -28 -29
leaf_value=-4.8996007172957716 -5.5804879506428975 3.666424451050935 29.729595565795901 0.021171524859964846 1.9766247992185837 4.545423376560211 20.533191617329919 4.3966185266321354 -6.936131095886231 0.41931067980530506 0.29130584801236792 -8.3633769989013675 -5.8027448517935625 -7.4871712820870542 -3.2027161987764496 2.6372590693560518 0.68384802708258996 -0.7759539713678153 -8.7072362263997398 -2.5666487375895177 -1.2165517409642539 -5.2548251424516952 33.15275115966795 -6.4172290086746218 -6.2854965209960945 2.9586715698242183 -8.0818738301595037 -6.6411030917697493
leaf_weight=23 3.0000000000000027 27 7.9999999999999991 5 94 16.000000000000004 5.9999999999999991 44 3.9999999999999991 227 30 5.9999999999999991 6.9999999999999991 6.9999999999999982 28 77 12.999999999999998 23 2.9999999999999991 3 5.9999999999999991 35 4.0000000000000009 32 32 3 3 45
leaf_count=23 3 27 8 5 94 16 6 44 4 227 30 6 7 7 28 77 13 23 3 3 6 35 4 32 32 3 3 45
internal_value=0.00854158 2.2608 8.33218 18.9715 1.21926 4.90015 8.90572 1.53282 -4.95706 0.875347 -2.86829 -2.41882 -0.861623 -2.63052 -4.11342 3.27703 2.69709 -1.33032 -5.88277 -6.01101 -4.93954 -4.66386 30.8706 -6.19718 -5.70594 1.12273 -7.42716 -6.54806
internal_weight=814 560 82 20 478 62 22 442 254 321 78 71 37 36 34 121 40 26 176 10 44 41 12 132 55 8 7 77
internal_count=814 560 82 20 478 62 22 442 254 321 78 71 37 36 34 121 40 26 176 10 44 41 12 132 55 8 7 77
is_linear=0
shrinkage=0.05


Tree=12
num_leaves=31
num_cat=0
split_feature=1 1 7 4 3 3 4 4 4 4 0 0 0 6 5 4 4 1 0 3 2 4 3 7 1 1 0 2 1 0
split_gain=3.26437e+06 1.17281e+06 1.26118e+06 1.65502e+06 405129 139605 132313 320736 122657 92207.3 91420.6 74496.4 65995.5 56109.4 45709.9 32651.9 23543.7 20818.8 17280.7 16523.3 16897.7 22525.6 13041.2 6420.51 16067.1 6136.38 4492.51 1939.7 1024.95 241.922
threshold=21137.880000000005 31924.245000000006 5.5000000000000009 44810.000000000007 0.45955488530753758 0.8088516841873713 44395.000000000007 44860.000000000007 36662.500000000007 36372.500000000007 32143.950000000004 33600.250000000007 30687.600000000002 34.500000000000007 6.5000000000000009 42977.500000000007 36090.000000000007 34551.805 30878.000000000004 0.38395612325643141 17269.335000000003 39497.500000000007 0.46787050638448829 1.0000000180025095e-35 6006.3400000000011 34934.965000000004 29625.000000000004 21111.215000000004 13037.360000000002 29171.900000000005
decision_type=2 2 2 2 2 2 2 2 2 2 2 2 2 2 2 2 2 2 2 2 2 2 2 2 2 2 2 2 2 2
left_child=4 5 6 17 19 9 15 -8 18 16 26 -11 29 -12 -14 -3 -2 -4 -6 23 28 -22 -20 24 -1 -5 -7 -25 -21 -10
right_child=1 2 3 25 8 10 7 -9 12 11 13 -13 14 -15 -16 -17 -18 -19 22 20 21 -23 -24 27 -26 -27 -28 -29 -30 -31
leaf_value=-6.288459701538085 2.0089071371157963 3.5772941194731618 27.227040557861329 0.041175458518167334 -3.2495832920074466 -3.0364284515380859 13.008233674367265 1.6724538436302774 -6.3448122660319024 -1.6717031799458171 3.057131780385971 0.75161421581901411 1.7710090001424152 7.4371387004852298 -2.7713432055380611 0.76363289766013631 4.2962493769327805 31.49511260986327 -2.4640743891398116 -6.4085147857666032 -3.4597133264541626 -5.5246025800704963 0.97490563808995145 -6.3625977198282877 -1.65998740196228 2.8107379913330073 -0.76758228540420537 -5.8903423768055596 -7.4922228495279928 -6.8157283782958977
leaf_weight=5 45 29 9.9999999999999982 6 2.9999999999999991 2.9999999999999991 12.000000000000002 12.999999999999998 5.9999999999999982 37 85 222 5.9999999999999991 7.9999999999999991 72 15.999999999999998 14.999999999999998 4.0000000000000009 2.9999999999999991 7.9999999999999982 25 28 34 30 3 3 7.9999999999999991 79 3 5
leaf_count=5 45 29 10 6 3 3 12 13 6 37 85 222 6 8 72 16 15 4 3 8 25 28 34 30 3 3 8 79 3 5
internal_value=0.0146098 2.45094 7.53474 17.6926 -4.0407 1.33322 4.19715 7.11363 -1.89963 0.814576 2.92407 0.405426 -2.93324 3.43391 -2.42193 2.57688 2.58074 28.4465 0.400145 -5.56665 -4.92073 -4.5506 0.696069 -5.91998 -4.55278 0.964363 -1.38636 -6.02032 -6.70407 -6.55887
internal_weight=826 516 93 23 310 423 70 25 129 319 104 259 89 93 78 45 60 14 40 181 64 53 37 117 8 9 11 109 11 11
internal_count=826 516 93 23 310 423 70 25 129 319 104 259 89 93 78 45 60 14 40 181 64 53 37 117 8 9 11 109 11 11
is_linear=0
shrinkage=0.05


Tree=13
num_leaves=29
num_cat=0
split_feature=3 3 7 4 6 4 3 0 0 4 0 8 6 5 7 0 0 2 7 0 0 2 0 0 3 0 0 7
split_gain=2.97189e+06 1.00723e+06 1.23172e+06 1.17262e+06 212494 197185 158762 85436 61440.4 58133.4 102609 49744.5 37061.8 43104.7 24707.1 35805.3 24058.3 22832.8 34291.4 40013.6 19412.6 13671.9 8171.35 3586.82 1882.88 653.462 1536.29 113.384
threshold=0.55991650581239927 0.83180837950386377 5.5000000000000009 44810.000000000007 32.500000000000007 44395.000000000007 0.46787050638448829 30037.950000000004 33047.100000000006 39497.500000000007 33558.350000000013 2.5000000000000004 30.500000000000004 7.5000000000000009 1.0000000180025095e-35 38300.250000000007 31513.450000000001 21540.835000000003 1.0000000180025095e-35 31092.300000000007 31411.650000000005 7097.4450000000006 36433.100000000006 37037.250000000007 0.52140034977653127 31576.650000000005 33350.05000000001 1.0000000180025095e-35
decision_type=2 2 2 2 2 2 2 2 2 2 2 2 2 2 2 2 2 2 2 2 2 2 2 2 2 2 2 2
left_child=6 7 4 22 8 -6 17 21 -3 16 -11 14 24 -14 -8 -16 -9 18 20 -20 -1 -2 -4 -5 -13 27 -27 -19
right_child=1 2 3 23 5 -7 11 9 -10 10 -12 12 13 -15 15 -17 -18 25 19 -21 -22 -23 -24 -25 -26 26 -28 -29
leaf_value=1.0170275509357454 -2.2347896340489393 -1.1920358180999757 25.226894760131813 2.3017497539520266 1.6420444329579666 17.856633224487304 -0.83111587762832573 -0.39153117808428678 3.6430971511056494 -3.2220307714798873 0.78941199035616594 0.57503234386444102 -7.0713973999023443 -1.5754045851302871 -6.2608725658243713 -0.24160728156566622 2.0570187994262628 -6.0492324829101562 -6.1091171949337699 -3.9990448034034589 -4.3036849339803052 -6.1566327095031728 27.994681739807131 0.014660761505365367 1.9472127723693846 -5.2760350799560554 -5.8815214677290486 -5.8314992020769818
leaf_weight=3.9999999999999991 4.9999999999999982 6.9999999999999991 4.0000000000000027 3.9999999999999991 3 5 4.0000000000000027 10.999999999999998 107 17 256 4.9999999999999982 3.9999999999999991 33 14.000000000000002 2.9999999999999991 114 6.9999999999999991 39 53 3 4 7.9999999999999991 3 5 20 22 41
leaf_count=4 5 7 4 4 3 5 4 11 107 17 256 5 4 33 14 3 114 7 39 53 3 4 8 3 5 20 22 41
internal_value=0.0207924 2.10128 5.74321 17.5851 3.89899 11.7762 -4.41542 0.839577 3.3462 0.948513 0.539615 -2.34359 -1.43963 -2.16957 -4.36674 -5.19865 1.84155 -5.16084 -4.63685 -4.89353 -1.26328 -3.97783 27.0721 1.32157 1.26112 -5.73723 -5.59319 -5.86325
internal_weight=805 548 141 19 122 8 257 407 114 398 273 68 47 37 21 17 125 189 99 92 7 9 12 7 10 90 42 48
internal_count=805 548 141 19 122 8 257 407 114 398 273 68 47 37 21 17 125 189 99 92 7 9 12 7 10 90 42 48
is_linear=0
shrinkage=0.05


Tree=14
num_leaves=28
num_cat=0
split_feature=3 1 7 4 0 7 3 5 3 4 4 5 0 4 5 0 0 1 4 7 7 2 1 1 2 2 1
split_gain=2.66569e+06 1.16407e+06 955894 1.33404e+06 185515 184342 164722 124720 104619 73410.9 56709 54306.5 36497.6 35028 34898.4 20084.9 19301 14603.8 14536.2 13598.5 9853.11 14276.9 9151.42 5170.41 3611.31 2592.14 86.6986
threshold=0.55991650581239927 31783.655000000002 5.5000000000000009 44810.000000000007 31411.650000000005 1.0000000180025095e-35 0.42375211006737984 7.5000000000000009 0.79139169603472259 36662.500000000007 39715.000000000007 7.5000000000000009 30309.650000000005 37010.000000000007 8.5000000000000018 30965.150000000005 29227.150000000005 15245.635000000002 42910.000000000007 4.5000000000000009 1.5000000000000002 21879.960000000003 34551.805 34934.965000000004 9520.7300000000014 21111.215000000004 13037.360000000002
decision_type=2 2 2 2 2 2 2 2 2 2 2 2 2 2 2 2 2 2 2 2 2 2 2 2 2 2 2
left_child=6 4 5 22 11 7 18 -3 10 15 -6 16 26 -14 -10 -8 -2 -17 20 -7 21 -1 -4 -5 -13 -22 -11
right_child=1 2 3 23 8 19 9 -9 14 12 -12 24 13 -15 -16 17 -18 -19 -20 -21 25 -23 -24 -25 -26 -27 -28
leaf_value=-2.8530588203006313 -4.1006852340698208 5.8992691893326601 24.866310397061437 0.012868305544058482 1.7145246598698678 1.9225379705429078 -4.012685632705689 14.774562034606934 2.3921740812901411 -5.7608047485351568 0.31880711455867716 -4.1930969476699849 -7.6022626876831056 -2.7793177864514291 6.6725535583496098 -1.7570293664932244 -0.64406031710760936 0.62609190146128346 -2.6152068328857423 3.9248806866732511 -5.8491015842982703 -5.4874732335408538 27.98176371256509 2.5551136016845697 -6.2665442875453401 -5.3629702483551416 -6.0405718061659073
leaf_weight=9.0000000000000018 5.0000000000000027 19.000000000000004 10.999999999999998 6 109 37 3.9999999999999991 4.9999999999999991 100 3.9999999999999991 219 2.9999999999999982 3.9999999999999991 64 4.9999999999999991 10.000000000000002 21 18 4.9999999999999991 10.999999999999998 42 11.999999999999998 3.0000000000000009 3 7 79 8.9999999999999982
leaf_count=9 5 19 11 6 109 37 4 5 100 4 219 3 4 64 5 10 21 18 5 11 42 12 3 3 7 79 9
internal_value=0.0270714 1.95796 7.00509 15.879 0.935625 4.17037 -4.16148 7.74829 1.22236 -2.72606 0.782628 -2.51316 -3.52708 -3.06302 2.596 -0.698481 -1.3088 -0.225023 -5.2649 2.38141 -5.3582 -4.35844 25.5339 0.860283 -5.64451 -5.53171 -5.95449
internal_weight=824 564 95 23 469 72 260 24 433 113 328 36 81 68 105 32 26 28 147 48 142 21 14 9 10 121 13
internal_count=824 564 95 23 469 72 260 24 433 113 328 36 81 68 105 32 26 28 147 48 142 21 14 9 10 121 13
is_linear=0
shrinkage=0.05


Tree=15
num_leaves=30
num_cat=0
split_feature=1 1 7 4 3 1 8 4 1 3 4 4 4 0 3 7 1 0 2 4 4 7 1 4 4 0 1 4 0
split_gain=2.10111e+06 545269 517356 847297 300474 117746 117319 106718 103441 97282.8 63952.7 64762.3 45956.2 41641.5 40934.3 37841 33254.9 27775.5 25998 35289.9 32753.3 16193.9 12962.7 12630.3 7884.48 3405.56 2283.47 567.353 809.456
threshold=21137.880000000005 32173.255000000001 5.5000000000000009 44810.000000000007 0.46787050638448829 32445.580000000005 2.5000000000000004 36662.500000000007 24567.180000000004 0.87168132314667945 42910.000000000007 39905.000000000007 43672.500000000007 36433.100000000006 0.54216838338104523 5.5000000000000009 28164.300000000007 36055.600000000013 21540.835000000003 42910.000000000007 36662.500000000007 1.5000000000000002 34551.805 36090.000000000007 42752.500000000007 37585.200000000004 30480.41 43767.500000000007 31937.800000000007
decision_type=2 2 2 2 2 2 2 2 2 2 2 2 2 2 2 2 2 2 2 2 2 2 2 2 2 2 2 2 2
left_child=4 7 5 22 18 9 10 16 15 -3 11 -6 -10 -7 17 -9 23 -8 19 20 -1 -12 -4 -2 -16 -5 -18 28 -20
right_child=1 2 3 25 6 13 14 8 12 -11 21 -13 -14 -15 24 -17 26 -19 27 -21 -22 -23 -24 -25 -26 -27 -28 -29 -30
leaf_value=-2.7561213750105638 1.7580156755562013 16.037394714355468 22.557324981689458 1.978460152943929 -2.6603581547737116 5.967546820640564 -2.2834976156993259 -0.25521809532270806 0.71532250285148624 5.4794651508331302 -3.289847123622895 -7.3169472013201036 2.1028962712448376 2.0389377412407899 0.89930101770621074 -3.1716738141500036 3.920949006080626 0.7469891506433487 -5.3046071744432641 0.067760257720947278 -4.8654076483514572 1.10087959085192 26.582673645019526 3.2643699294642397 -1.0476494630177817 -0.25009205788373945 4.9439800262451179 -5.7843055725097656 -4.9974065677539725
leaf_weight=26 52 2.9999999999999991 5.9999999999999982 2.9999999999999991 16.000000000000004 7.9999999999999991 31 77 140 7.9999999999999991 2.9999999999999982 13.999999999999998 104 43 39 12.999999999999998 12.000000000000002 9.9999999999999982 51 4.9999999999999991 63 7 3 19 5.9999999999999991 4 9.9999999999999982 3.9999999999999991 37
leaf_count=26 52 3 6 3 16 8 31 77 140 8 3 14 104 43 39 13 12 10 51 5 63 7 3 19 6 4 10 4 37
internal_value=-0.101385 1.89165 5.73576 13.7517 -3.32729 3.66714 -1.44205 1.18945 0.772344 8.3589 -3.67916 -4.83343 1.30675 2.65519 -0.401531 -0.676484 2.68743 -1.54435 -4.60439 -4.01959 -4.24921 -0.216338 23.8991 2.16112 0.639708 0.705002 4.38596 -5.20192 -5.17544
internal_weight=817 505 78 16 312 62 126 427 334 11 40 30 244 51 86 90 93 41 186 94 89 10 9 71 45 7 22 92 88
internal_count=817 505 78 16 312 62 126 427 334 11 40 30 244 51 86 90 93 41 186 94 89 10 9 71 45 7 22 92 88
is_linear=0
shrinkage=0.05


Tree=16
num_leaves=31
num_cat=0
split_feature=3 3 7 4 3 5 4 0 4 4 0 5 4 0 7 0 2 0 3 0 0 7 2 2 7 0 0 4 4 3
split_gain=1.95276e+06 635390 844064 848117 172279 148771 197829 104179 67479.4 82300 60514.9 51966 50674.5 55425.8 54215.2 64077.6 30250.5 24777.5 19723 13773.6 9212.57 7061.82 12897.9 17891.6 5243.83 3784.19 2088.64 9596.31 507.576 373.844
threshold=0.55991650581239927 0.83180837950386377 5.5000000000000009 44810.000000000007 0.4305614952381514 7.5000000000000009 44395.000000000007 31744.650000000005 39497.500000000007 43377.500000000007 33047.100000000006 7.5000000000000009 37740.000000000007 35655.100000000006 2.5000000000000004 36386.750000000007 18299.375000000004 30965.150000000005 0.75157108743286816 34795.200000000004 37564.000000000007 3.5000000000000004 21540.835000000003 21111.215000000004 1.0000000180025095e-35 37037.250000000007 32850.80000000001 37010.000000000007 43767.500000000007 0.25321293083532287
decision_type=2 2 2 2 2 2 2 2 2 2 2 2 2 2 2 2 2 2 2 2 2 2 2 2 2 2 2 2 2 2
left_child=4 7 5 20 21 10 -7 11 19 -10 -3 18 13 17 16 -16 -14 -6 -2 -9 -4 22 23 -1 -13 -5 29 -28 -24 -23
right_child=1 2 3 25 12 6 -8 8 9 -11 -12 24 14 -15 15 -17 -18 -19 -20 -21 -22 26 28 -25 -26 -27 27 -29 -30 -31
leaf_value=-3.9391905244191485 1.3990232195172985 -1.8870023795536586 21.664214172363273 2.328434944152832 -3.68606071472168 0.4160946210225423 17.401388072967528 1.517954791432772 -0.42063997919144835 1.394784215354083 2.9013167121617691 -4.1984371447563182 -0.52281787586212158 -7.0792523701985672 -5.6008959560394294 -0.86516333311796201 -3.6692714897069068 0.50329728523890183 -1.7056589885761864 2.7365268837321892 24.57021764119466 -4.9855391734355203 -4.8661852114128346 0.1105804443359375 -6.6272852897644032 -0.02073762863874435 -1.905652872721352 -5.0034441121419277 -5.4625810623168949 -5.2209290166055009
leaf_weight=30 7.0000000000000027 6.9999999999999991 5.0000000000000018 2.9999999999999991 3.9999999999999991 2.9999999999999991 4 78 138 114 115 4.9999999999999982 25 2.9999999999999991 25 9.9999999999999982 10.999999999999998 30 19 33 6 37 33 2.9999999999999991 4 4 3.0000000000000027 14.999999999999998 3.9999999999999991 31
leaf_count=30 7 7 5 3 4 3 4 78 138 114 115 5 25 3 25 10 11 30 19 33 6 37 33 3 4 4 3 15 4 31
internal_value=-0.0702869 1.63943 4.44858 14.5914 -3.59981 3.0333 10.122 0.601878 0.853066 0.400623 2.62658 -2.00331 -2.06472 -0.564408 -2.84657 -4.24783 -1.48423 0.0104316 -0.869783 1.88023 23.2493 -4.66257 -4.28969 -3.57103 -5.27793 0.986051 -4.96607 -4.48715 -4.93066 -5.09285
internal_weight=809 545 147 18 264 129 7 398 363 252 122 35 108 37 71 35 36 34 26 111 11 156 70 33 9 7 86 18 37 68
internal_count=809 545 147 18 264 129 7 398 363 252 122 35 108 37 71 35 36 34 26 111 11 156 70 33 9 7 86 18 37 68
is_linear=0
shrinkage=0.05


Tree=17
num_leaves=31
num_cat=0
split_feature=1 1 7 4 3 7 6 8 4 0 4 7 3 1 6 1 1 0 4 2 7 1 4 7 1 6 7 2 0 0
split_gain=1.90411e+06 651719 864774 686272 223486 133472 163800 118650 84208.1 58216.7 56313.4 52403.5 45931 31079.6 28334.5 36962.6 23170.3 33363.5 38370.1 15874.9 14691.5 13969.5 13092.7 5371.44 9914.25 3936.52 2322.21 2208.54 1291.24 1229.99
threshold=21137.880000000005 31924.245000000006 5.5000000000000009 44810.000000000007 0.46787050638448829 1.0000000180025095e-35 32.500000000000007 2.5000000000000004 36662.500000000007 32178.500000000004 42910.000000000007 1.5000000000000002 0.66610666596794643 28164.300000000007 30.500000000000004 17635.590000000007 12072.585000000001 34707.650000000009 42910.000000000007 8751.3350000000009 1.5000000000000002 32300.690000000006 36090.000000000007 1.0000000180025095e-35 6006.3400000000011 35.500000000000007 4.5000000000000009 21111.215000000004 37007.750000000007 34029.750000000007
decision_type=2 2 2 2 2 2 2 2 2 2 2 2 2 2 2 2 2 2 2 2 2 2 2 2 2 2 2 2 2 2
left_child=4 8 5 28 16 6 -3 10 13 19 11 -6 -11 22 29 -16 23 18 -18 -10 -12 -7 -2 24 -1 -19 -15 -25 -4 -9
right_child=1 2 3 -5 7 21 -8 14 9 12 20 -13 -14 26 15 -17 17 25 -20 -21 -22 -23 -24 27 -26 -27 -28 -29 -30 -31
leaf_value=-4.8818015098571781 1.4732473123073579 4.8778866291046139 21.683751296997052 0.36935597300529482 -2.4491658074515201 3.7797322034835816 17.367881393432619 1.1289926699229647 -1.675825833452159 -0.30971666342268389 -3.0787329673767103 -6.5800435683306535 1.2382697635087647 4.2103341674804682 -2.7567257212965117 -0.17304762179652852 -3.1059282853489831 -3.3036461591720538 2.0190325736999513 2.144861602783203 1.2066310008366903 1.4909406603127717 3.0458448330561323 -5.0548477699016701 -1.0793963750203448 -5.245937509536744 2.7185407320658368 -4.5455268502235411 22.783996963500979 2.1231682062149049
leaf_weight=3.9999999999999991 50 21.000000000000004 4.0000000000000027 4.9999999999999991 14.000000000000002 7.9999999999999991 2.9999999999999991 14.000000000000002 29 60 2.9999999999999982 17 238 20.000000000000004 19 51 42 3.0000000000000027 3.9999999999999991 2.9999999999999991 6 40 18 29 3 20 2.9999999999999991 80 7.9999999999999991 3.9999999999999991
leaf_count=4 50 21 4 5 14 8 3 14 29 60 3 17 238 20 19 51 42 3 4 3 6 40 18 29 3 20 3 80 8 4
internal_value=0.0180175 1.90212 5.78953 15.9326 -3.05192 3.39465 6.43914 -1.4457 1.08031 0.708972 -3.70364 -4.71449 0.926595 2.42692 -0.419371 -0.874332 -4.16325 -3.43772 -2.66028 -1.31764 -0.221824 1.87241 1.88952 -4.59481 -3.2522 -4.9926 4.01575 -4.68103 22.4172 1.34992
internal_weight=823 510 89 17 313 72 24 128 421 330 40 31 298 91 88 70 185 69 46 32 9 48 68 116 7 23 23 109 12 18
internal_count=823 510 89 17 313 72 24 128 421 330 40 31 298 91 88 70 185 69 46 32 9 48 68 116 7 23 23 109 12 18
is_linear=0
shrinkage=0.05


Tree=18
num_leaves=26
num_cat=0
split_feature=1 1 5 0 3 2 1 8 4 1 9 4 4 2 6 1 4 4 4 4 4 1 2 0 0
split_gain=1.62293e+06 521100 381302 366844 217450 139634 123435 113672 77191.2 70322.5 42317.8 61025.3 37546.4 31223.2 30242.9 26346.2 21168.2 12627.2 10489.5 5094.23 29544.3 3811.68 1746.63 1681.51 1080.37
threshold=21137.880000000005 31924.245000000006 8.5000000000000018 35782.30000000001 0.4305614952381514 2306.2050000000004 34272.025000000009 2.5000000000000004 36662.500000000007 24567.180000000004 1.0000000180025095e-35 39052.500000000007 43672.500000000007 8751.3350000000009 29.500000000000004 28164.300000000007 36662.500000000007 36090.000000000007 42910.000000000007 36372.500000000007 33577.500000000007 19379.565000000002 18813.815000000006 33728.80000000001 33825.100000000006
decision_type=2 2 2 2 2 2 2 2 2 2 2 2 2 2 2 2 2 2 2 2 2 2 2 2 2
left_child=4 8 3 5 18 -3 -5 10 15 13 11 -6 -11 -10 24 17 -16 -2 19 20 -1 -12 -21 -17 -9
right_child=1 2 -4 6 7 -7 -8 14 9 12 21 -13 -14 -15 16 23 -18 -19 -20 22 -22 -23 -24 -25 -26
leaf_value=-4.5055853735316882 1.3849108460144355 19.496815795898442 22.752183024088541 2.3314128591068859 -5.1437735838048599 7.680131721496581 7.4199265154202783 1.2197060322761537 -2.4665433224509745 0.56507015364954805 -5.8089101155598968 -1.3460122508662087 1.8672140362470047 -0.10701460293494165 -0.013973036739561294 4.8998813629150337 -1.6327577551421912 2.8910840627394228 -1.9811124801635742 -4.0151349748883929 -1.6084704659201883 -7.9917060852050756 -4.6199547096535012 3.6212860054439973 2.1198589706420896
leaf_weight=44 52 4.9999999999999982 2.9999999999999991 58 17 5 14.999999999999998 9.9999999999999982 17 139 5.9999999999999982 28 92 80 36 3.0000000000000027 46 19 4.9999999999999991 13.999999999999998 10.999999999999998 3 81 18 4.9999999999999991
leaf_count=44 52 5 3 58 17 5 15 10 17 139 6 28 92 80 36 3 46 19 5 14 11 3 81 18 5
internal_value=-0.0439906 1.69432 5.24026 4.6073 -2.91846 13.5885 3.377 -1.56804 0.96825 0.609256 -3.40669 -2.78072 1.08367 -0.52054 -0.544469 2.24814 -0.922072 1.78797 -4.23402 -4.30911 -3.92616 -6.53651 -4.53082 3.80394 1.51976
internal_weight=812 506 86 83 306 10 73 151 420 328 54 45 231 97 97 92 82 71 155 150 55 9 95 21 15
internal_count=812 506 86 83 306 10 73 151 420 328 54 45 231 97 97 92 82 71 155 150 55 9 95 21 15
is_linear=0
shrinkage=0.05


Tree=19
num_leaves=31
num_cat=0
split_feature=1 1 4 4 0 3 0 1 4 4 0 4 0 0 4 1 4 1 0 3 4 4 4 4 0 3 2 1 9 0
split_gain=1.54645e+06 641910 511490 1.20615e+06 242100 196245 76382.9 108527 74925.8 167904 71952.6 69141.1 56342.8 56212.6 46322.7 34246.4 28946.9 24439.1 16158.5 12695.4 19816.8 18587.2 11165 6399.96 15263.7 5766.71 4178.87 4018.15 3663.02 2319.13
threshold=21137.880000000005 31924.245000000006 44395.000000000007 44810.000000000007 36406.05000000001 0.46787050638448829 39181.200000000004 30022.800000000003 44810.000000000007 43067.500000000007 30562.600000000002 39497.500000000007 38183.750000000007 32143.950000000004 41515.000000000007 25768.015000000003 42977.500000000007 32376.620000000006 35456.000000000007 0.42375211006737984 37740.000000000007 33577.500000000007 42595.000000000007 42910.000000000007 36812.30000000001 0.88571079761678051 15226.270000000002 32866.640000000007 1.0000000180025095e-35 29307.650000000005
decision_type=2 2 2 2 2 2 2 2 2 2 2 2 2 2 2 2 2 2 2 2 2 2 2 2 2 2 2 2 2 2
left_child=5 6 16 4 -4 19 7 13 9 -8 26 18 -9 -2 -13 -10 27 -5 -12 23 21 -21 -22 28 -25 -18 29 -3 -1 -7
right_child=1 2 3 17 -6 10 8 12 15 -11 11 14 -14 -15 -16 -17 25 -19 -20 20 22 -23 -24 24 -26 -27 -28 -29 -30 -31
leaf_value=-3.8804675828578858 -1.0925796669882697 1.6532033532857888 11.399169794718421 4.2584496577580744 22.067246657151443 -4.4227323913574228 3.5453455607096327 2.6824518154426999 -4.5924892346064246 -11.417027740478515 0.67048187298843498 -4.3289174936711792 8.2772319030761725 0.97149915395696707 -1.0339375756680966 1.380229183038076 -1.3469642162322999 0.57371274100409619 -3.1034149169921879 -3.2803924640019737 -4.3364866295456883 0.65525883038838695 -1.8772814949353536 0.10361715952555339 -4.940136337280272 0.65419966330130896 -3.0564678827921554 2.9890084166275828 -4.4000932012285503 -5.9456019592285152
leaf_weight=86 37 8.0000000000000018 9.0000000000000018 6.0000000000000027 12.999999999999998 4.9999999999999982 3.0000000000000018 45 2.9999999999999991 5 52 15.999999999999998 4.9999999999999991 304 32 11.999999999999998 5.9999999999999991 18 2.9999999999999991 5.9999999999999982 20.000000000000004 6 5.9999999999999991 2.9999999999999991 3 8.9999999999999982 2.9999999999999991 19 56 5
leaf_count=86 37 8 9 6 13 5 3 45 3 5 52 16 5 304 32 12 6 18 3 6 20 6 6 3 3 9 3 19 56 5
internal_value=0.0252809 1.72612 5.60417 9.24661 17.703 -2.80193 0.901795 1.06651 -1.89843 -5.80614 -1.18797 -0.745572 3.24193 0.747538 -2.13226 0.185685 1.61483 1.4949 0.464633 -3.80849 -2.99327 -1.31257 -3.76898 -4.0178 -2.41826 -0.146266 -4.69316 2.59321 -4.08539 -5.18417
internal_weight=804 502 88 46 22 302 414 391 23 8 116 103 50 341 48 15 42 24 55 186 38 12 26 148 6 15 13 27 142 10
internal_count=804 502 88 46 22 302 414 391 23 8 116 103 50 341 48 15 42 24 55 186 38 12 26 148 6 15 13 27 142 10
is_linear=0
shrinkage=0.05


Tree=20
num_leaves=30
num_cat=0
split_feature=3 3 7 4 0 5 7 3 8 6 0 2 4 7 0 7 7 3 2 4 0 8 3 0 2 0 2 0 3
split_gain=1.50169e+06 492821 683892 634058 124964 116174 125600 51964.1 60528.2 41862.7 41587.7 38342.3 58473.2 51964.7 38197.8 22417.5 15410 11035.1 10712.1 7139.44 6241.49 49721.4 10825.3 5353.51 4863.5 4756.33 2877.97 2195.2 1945.51
threshold=0.50547402769913841 0.83128649734099669 5.5000000000000009 44810.000000000007 31299.350000000002 7.5000000000000009 1.0000000180025095e-35 0.66857583397057352 2.5000000000000004 31.500000000000004 33047.100000000006 18299.375000000004 37740.000000000007 2.5000000000000004 29984.550000000007 5.5000000000000009 1.5000000000000002 0.7537959090041324 9520.7300000000014 34905.000000000007 36386.750000000007 2.5000000000000004 0.44047735446723596 37007.750000000007 19591.150000000005 33230.05000000001 21683.760000000006 37037.250000000007 0.46347776133693547
decision_type=2 2 2 2 2 2 2 2 2 2 2 2 2 2 2 2 2 2 2 2 2 2 2 2 2 2 2 2 2
left_child=11 4 5 23 9 10 -7 8 -6 17 -3 12 16 14 -14 -9 -1 -2 -11 -18 22 26 24 -4 -13 -15 -22 -5 -24
right_child=1 2 3 27 7 6 -8 15 -10 18 -12 20 13 25 -16 -17 19 -19 -20 -21 21 -23 28 -25 -26 -27 -28 -29 -30
leaf_value=-3.5513753255208296 1.1497517204284662 -1.6625892196382797 17.796453857421856 1.4571900367736816 -1.7786574163952389 14.51030266284943 3.4036793436322892 1.3116306517513014 0.55133468373225325 -1.7754147529602051 2.3049502727695002 -3.2419338616457853 -4.8245718002319338 -4.3969385719299314 1.1596135377883912 -0.099714901845436549 -0.52178025342524037 -1.6460536985347671 -5.1158447583516446 1.560203960963658 -6.9558770497640001 0.89032669067382797 -5.211382217407226 20.23537767198351 -4.0527900301176931 -5.9112803867885049 -4.7657609303792308 -0.33203848997751861 -6.8219755808512348
leaf_weight=3.0000000000000027 5.0000000000000027 6.9999999999999991 3.0000000000000027 3.9999999999999991 37 3.9999999999999982 7 233 113 2.9999999999999991 117 22 3.9999999999999991 20.000000000000004 7.9999999999999991 32 10.000000000000002 11.999999999999998 11.999999999999998 6.9999999999999991 2.9999999999999982 5 5 8.9999999999999982 116 6.9999999999999991 3 3 3
leaf_count=3 5 7 3 4 37 4 7 233 113 3 117 22 4 20 8 32 10 12 12 7 3 5 5 9 116 7 3 3 3
internal_value=0.0434098 1.32852 3.76785 12.6495 0.488119 2.51784 7.44245 0.720264 -0.0233967 -2.52251 2.08098 -3.53228 -2.44559 -3.5728 -0.835115 1.1412 -0.247525 -0.823758 -4.44776 0.335507 -3.94065 -2.79212 -4.02719 19.6256 -3.92352 -4.78955 -5.86082 0.690378 -5.81535
internal_weight=817 601 154 19 447 135 11 415 150 32 124 216 59 39 12 265 20 17 15 17 157 11 146 12 138 27 6 7 8
internal_count=817 601 154 19 447 135 11 415 150 32 124 216 59 39 12 265 20 17 15 17 157 11 146 12 138 27 6 7 8
is_linear=0
shrinkage=0.05


Tree=21
num_leaves=31
num_cat=0
split_feature=1 1 7 4 3 4 4 4 0 6 0 4 4 7 4 1 3 4 4 4 4 7 1 0 1 6 6 4 0 1
split_gain=1.31191e+06 431693 501196 611562 137781 73668.3 68595.5 200540 64267.6 57840.9 44222.5 42620.9 34227.4 47079.8 25868.2 24183.8 21041.8 43704.8 16821.1 15978.4 13341.3 4251 10416.6 4246.1 2654.67 2073.67 2061.65 1658.56 1462.41 339.469
threshold=20990.540000000005 31924.245000000006 5.5000000000000009 44810.000000000007 0.50287699331226199 36662.500000000007 44395.000000000007 44810.000000000007 33558.350000000013 34.500000000000007 39181.200000000004 36662.500000000007 42910.000000000007 4.5000000000000009 42977.500000000007 28164.300000000007 0.38395612325643141 36662.500000000007 33577.500000000007 42595.000000000007 36090.000000000007 1.0000000180025095e-35 6006.3400000000011 35212.400000000009 34934.965000000004 39.500000000000007 38.500000000000007 32370.000000000004 33728.80000000001 17054.310000000005
decision_type=2 2 2 2 2 2 2 2 2 2 2 2 2 2 2 2 2 2 2 2 2 2 2 2 2 2 2 2 2 2
left_child=4 5 6 23 16 15 14 -8 9 -7 -10 27 13 -13 -3 20 21 18 -18 -19 -2 22 -1 -4 -5 -23 -14 -6 -17 -29
right_child=1 2 3 24 11 8 7 -9 10 -11 -12 12 26 -15 -16 28 17 19 -20 -21 -22 25 -24 -25 -26 -27 -28 29 -30 -31
leaf_value=-3.99518928527832 1.2344779132416956 2.2539423921896566 16.465813191731762 -0.16036644697189328 1.2467903017997737 -0.70329487674559166 11.89592484065464 1.9222533000840081 0.99061352167534467 -7.8596441904703784 -1.2518142461776733 -1.4464118059943705 0.96614926126268186 -5.209617694399574 -0.33554883327867308 4.2511662292480441 -2.1759582849649277 -3.7473513429815122 0.42004109223683672 -1.7982362307035009 2.774961304664612 -3.8915838769141669 -0.26842066446940099 18.610559539794924 1.7210039138793942 -3.3523300691084432 -0.39811438918113712 0.8152046561241143 3.284566034211053 0.30325769374475764
leaf_weight=5 54 31 3.0000000000000009 5 8.0000000000000018 48 7.0000000000000027 18 262 2.9999999999999991 24 34 8.9999999999999982 10.999999999999998 13.999999999999998 5.0000000000000027 13.000000000000002 55 11.999999999999998 12.999999999999998 19 94 3 9.9999999999999982 3 22 3.9999999999999991 4.0000000000000027 18 17
leaf_count=5 54 31 3 5 8 48 7 18 262 3 24 34 9 11 14 5 13 55 12 13 19 94 3 10 3 22 4 4 18 17
internal_value=0.000935848 1.51686 4.64737 11.4221 -2.61204 0.858947 2.61495 4.71488 0.510861 -1.12426 0.802438 -0.930924 -1.71346 -2.36631 1.44832 2.08088 -3.28604 -2.71751 -0.929879 -3.37473 1.63543 -3.71243 -2.59765 18.1156 0.545147 -3.78931 0.546376 0.634156 3.4947 0.400771
internal_weight=828 524 91 21 304 433 70 25 337 51 286 87 58 45 45 96 217 93 25 68 73 124 8 13 8 116 13 29 23 21
internal_count=828 524 91 21 304 433 70 25 337 51 286 87 58 45 45 96 217 93 25 68 73 124 8 13 8 116 13 29 23 21
is_linear=0
shrinkage=0.05


Tree=22
num_leaves=31
num_cat=0
split_feature=1 1 7 4 3 4 4 8 4 1 7 4 6 4 2 4 1 2 4 1 3 5 1 1 7 3 4 2 1 6
split_gain=1.07877e+06 347127 454674 540081 116765 80760.5 143145 66040.1 55882.4 46585.5 44728.6 42280.3 30652.5 30232.6 25080 24893.2 21928.6 20791.7 11432.7 8411.49 11076.5 38890.1 6685.49 3676 3592.26 3165.96 2012.75 1929.08 609.745 118.786
threshold=20990.540000000005 31542.445000000003 5.5000000000000009 44810.000000000007 0.4305614952381514 44395.000000000007 44810.000000000007 2.5000000000000004 36662.500000000007 24390.155000000002 2.5000000000000004 43067.500000000007 31.500000000000004 39052.500000000007 8751.3350000000009 39497.500000000007 28270.895000000004 14394.995000000001 36090.000000000007 13660.275000000003 0.38395612325643141 8.5000000000000018 19718.950000000004 34551.805 1.0000000180025095e-35 0.42375211006737984 37010.000000000007 2817.8500000000008 30573.445000000003 39.500000000000007
decision_type=2 2 2 2 2 2 2 2 2 2 2 2 2 2 2 2 2 2 2 2 2 2 2 2 2 2 2 2 2 2
left_child=4 8 5 23 19 11 -7 10 16 14 13 -3 26 -6 -10 -11 18 -14 -2 20 24 -22 -12 -4 -1 29 -9 -5 -18 -21
right_child=1 2 3 27 7 6 -8 12 9 15 22 -13 17 -15 -16 -17 28 -19 -20 25 21 -23 -24 -25 -26 -27 -28 -29 -30 -31
leaf_value=-2.4677683353424076 1.040093939304352 1.8924912200162287 17.465272521972647 1.2174121459325156 -4.2880607128143291 9.6422785653008365 2.3936090399378114 0.78537539005279522 -2.2728292286396026 2.6075015741236069 -4.3003742721345679 -1.5119153132041296 0.53694722550610707 -0.69874347990209407 -0.16696494244748639 0.61964360526371232 3.2050051082264286 -1.5443048573036988 2.5756678611040118 -4.0714007241385337 -4.295981476523659 0.01228879928588867 -6.8498406728108723 19.517608133951825 -3.5651401909914884 -6.0280464172363288 1.9437500953674318 -0.45985889136791225 3.8316139856974285 -4.412962627410888
leaf_weight=7.9999999999999991 50 38 8.0000000000000018 2.9999999999999991 8.0000000000000018 8.9999999999999982 28 15.000000000000002 17 17 18.000000000000004 11.999999999999998 14.999999999999998 22 84 214 11.000000000000002 60 15.999999999999998 6.9999999999999982 11 10 2.9999999999999991 2.9999999999999991 110 2.9999999999999991 4.9999999999999991 4 5.9999999999999991 4
leaf_count=8 50 38 8 3 8 9 28 15 17 17 18 12 15 22 84 214 11 60 16 7 11 10 3 3 110 3 5 4 6 4
internal_value=-0.0618129 1.31421 3.88249 11.116 -2.4549 2.3859 4.1568 -1.44341 0.664405 0.374302 -2.89477 1.07543 -0.66426 -1.65589 -0.521417 0.765936 1.82482 -1.12805 1.41235 -3.42011 -3.30245 -2.24442 -4.66458 18.025 -3.49074 -4.58827 1.07497 0.258972 3.42616 -4.19561
internal_weight=819 520 105 18 299 87 37 146 415 332 51 50 95 30 101 231 83 75 66 153 139 21 21 11 118 14 20 7 17 11
internal_count=819 520 105 18 299 87 37 146 415 332 51 50 95 30 101 231 83 75 66 153 139 21 21 11 118 14 20 7 17 11
is_linear=0
shrinkage=0.05


Tree=23
num_leaves=29
num_cat=0
split_feature=3 3 7 4 4 4 3 0 4 8 0 7 0 6 0 7 0 3 4 4 3 0 3 3 7 0 0 5
split_gain=1.11043e+06 372484 392711 500848 97285.5 188392 65921.6 63395.5 48367.9 48115.5 45697.6 99052 43026.3 25874.6 34854 22889.3 21430.4 8179.17 5277.32 33681.9 5333.13 4844.4 2762.07 2604.13 2348.81 1963.15 1607.14 905.243
threshold=0.55991650581239927 0.82430981169160455 5.5000000000000009 44810.000000000007 44395.000000000007 44810.000000000007 0.4305614952381514 30037.950000000004 39715.000000000007 2.5000000000000004 39181.200000000004 1.5000000000000002 38748.700000000004 30.500000000000004 36278.700000000004 1.0000000180025095e-35 38300.250000000007 0.78748018014776922 34325.000000000007 33577.500000000007 0.38149058901958427 35735.200000000004 0.41287643285272246 0.49459052855547403 2.5000000000000004 37037.250000000007 29307.650000000005 8.5000000000000018
decision_type=2 2 2 2 2 2 2 2 2 2 2 2 2 2 2 2 2 2 2 2 2 2 2 2 2 2 2 2
left_child=6 7 4 21 8 -6 18 17 -3 15 12 -12 -9 23 -15 -8 -17 26 19 20 -1 -4 24 -11 -20 -5 -2 -24
right_child=1 2 3 25 5 -7 9 10 -10 13 11 -13 -14 14 -16 16 -18 -19 22 -21 -22 -23 27 -25 -26 -27 -28 -29
leaf_value=-3.0883802443742754 -3.2869544982910166 3.3951762137589636 14.55642547607421 1.1565415143966671 10.414590458869935 2.4196761376889691 0.3503882884979248 0.62936982379523587 0.9398217792885426 0.1147776985168457 2.0305244207382196 -3.9788604795932772 5.3021876859664916 -2.0541164420088944 0.8580932232049796 -4.0575166734059653 0.37470324834187829 -0.72521312236785895 -2.9695602130889895 1.5041394233703613 -4.8442893600463872 16.876481797960071 -3.9464505513509121 1.5693763852119447 -3.5704731886414276 -0.46133944272994987 -4.6701615651448556 -5.1747576395670558
leaf_weight=32 6.9999999999999982 27 3.0000000000000009 3 9.9999999999999982 28 3.9999999999999991 334 78 4.9999999999999991 12.000000000000002 15.999999999999998 4.9999999999999991 49 12.999999999999998 30 2.9999999999999991 2.9999999999999991 20 3.9999999999999991 4.9999999999999991 8.9999999999999982 2.9999999999999991 7.9999999999999991 87 5 3 3
leaf_count=32 7 27 3 3 10 28 4 334 78 5 12 16 5 49 13 30 3 3 20 4 5 9 3 8 87 5 3 3
internal_value=-0.0224513 1.27408 3.27358 9.83603 2.35575 4.5236 -2.66912 0.416395 1.5712 -1.74614 0.537943 -1.40341 0.69829 -1.01823 -1.44349 -3.22162 -3.65459 -3.01499 -3.34038 -2.85446 -3.32567 16.2965 -3.51669 1.00992 -3.45815 0.145366 -3.70192 -4.5606
internal_weight=809 543 163 20 143 38 266 380 105 112 367 28 339 75 62 37 33 13 154 41 37 12 113 13 107 8 10 6
internal_count=809 543 163 20 143 38 266 380 105 112 367 28 339 75 62 37 33 13 154 41 37 12 113 13 107 8 10 6
is_linear=0
shrinkage=0.05


Tree=24
num_leaves=31
num_cat=0
split_feature=1 1 7 4 3 8 7 4 4 0 4 4 4 1 4 8 3 4 7 1 7 5 7 1 7 6 0 1 7 3
split_gain=1.04447e+06 324128 409540 511713 221723 73798.9 126301 71389.5 186193 67101.1 46200.8 38575.3 38689.9 29249.8 27169.4 26096.3 25282.2 37328.1 12931.8 12076.4 12003.3 11895.8 10415.2 10843.8 9905.25 9809.54 7576.76 5227.79 8547.94 2774.42
threshold=23307.145000000004 30664.215000000007 5.5000000000000009 44810.000000000007 0.50287699331226199 2.5000000000000004 3.5000000000000004 44395.000000000007 44860.000000000007 30562.600000000002 42277.500000000007 39497.500000000007 42277.500000000007 27245.860000000004 42977.500000000007 2.5000000000000004 0.4305614952381514 37740.000000000007 1.5000000000000002 34551.805 3.5000000000000004 8.5000000000000018 2.5000000000000004 20625.675000000007 1.5000000000000002 30.500000000000004 32075.150000000005 13660.275000000003 3.5000000000000004 0.42375211006737984
decision_type=2 2 2 2 2 2 2 2 2 2 2 2 2 2 2 2 2 2 2 2 2 2 2 2 2 2 2 2 2 2
left_child=4 11 7 19 16 6 9 14 -9 -6 -8 13 15 26 -3 -13 27 24 -15 -4 -19 -14 23 -7 -18 -24 -2 28 -1 -29
right_child=1 2 3 -5 5 22 10 8 -10 -11 -12 12 21 18 -16 -17 17 20 -20 -21 -22 -23 25 -25 -26 -27 -28 29 -30 -31
leaf_value=-2.6185312655934116 -0.25795130464765759 2.1148934029802984 14.973983306884765 0.62139800654517274 -3.325053644180298 -0.062479894691043425 -7.4370547207919033 7.2013822788777562 0.51278009495060706 0.50618074767291554 -1.6404564571380615 -1.4433972946235114 0.72912752391080016 4.6118616739908838 -0.25816649617627263 0.60454138134207047 -2.5096838235855081 -2.2252906012535099 2.346544334434328 18.224656677246085 -3.9211088940501213 1.8773886169706071 0.79082841986701613 1.4898494458198548 0.25571609805612006 -0.54955155555254376 1.3406899781454178 -3.7397408294677734 -3.4099347193100877 -5.4734139760335294
leaf_weight=57 8.9999999999999982 49 9.9999999999999982 9 15.999999999999998 18 10.999999999999998 23 19 40 4.9999999999999991 35 116 9.0000000000000018 15.999999999999998 28 4.0000000000000027 30 21 4.0000000000000009 15.999999999999998 28 21 30 17 39 42 9.9999999999999982 85 2.9999999999999991
leaf_count=57 9 49 10 9 16 18 11 23 19 40 5 35 116 9 16 28 4 30 21 4 16 28 21 30 17 39 42 10 85 3
internal_value=0.0476904 1.79768 3.87004 9.92309 -1.77195 -0.467877 -1.70783 2.56891 4.17559 -0.588458 -5.62562 0.862241 0.500261 1.7873 1.53076 -0.533202 -2.82931 -2.01773 3.02614 15.9027 -2.81514 0.952401 0.358757 0.907726 -0.271027 -0.0804186 1.05858 -3.18012 -3.09226 -4.13982
internal_weight=820 418 130 23 402 180 72 107 42 56 16 288 207 81 65 63 222 67 30 14 46 144 108 48 21 60 51 155 142 13
internal_count=820 418 130 23 402 180 72 107 42 56 16 288 207 81 65 63 222 67 30 14 46 144 108 48 21 60 51 155 142 13
is_linear=0
shrinkage=0.05


Tree=25
num_leaves=29
num_cat=0
split_feature=1 1 7 4 2 8 7 0 0 4 4 1 5 2 8 0 1 0 2 8 7 1 1 4 6 7 0 2
split_gain=880922 238107 359509 417209 169691 85034.6 131115 67947 53956.3 36069.5 50457.7 32438.1 26449.2 25825.1 25633.5 25217.5 23012.1 21566 13989.3 15034.7 12452.8 11833 10238 8666.15 4623.84 851.412 470.538 281.979
threshold=23307.145000000004 31924.245000000006 5.5000000000000009 44810.000000000007 16521.595000000005 2.5000000000000004 3.5000000000000004 30687.600000000002 36433.100000000006 39497.500000000007 42277.500000000007 27245.860000000004 7.5000000000000009 5581.3550000000005 2.5000000000000004 39343.500000000007 33589.405000000006 38300.250000000007 21540.835000000003 2.5000000000000004 1.5000000000000002 34551.805 16374.800000000001 36372.500000000007 25.500000000000004 2.5000000000000004 37585.200000000004 17719.625000000004
decision_type=2 2 2 2 2 2 2 2 2 2 2 2 2 2 2 2 2 2 2 2 2 2 2 2 2 2 2 2
left_child=4 9 8 21 5 6 7 -1 16 11 14 24 -8 -10 -11 -12 -3 18 19 -6 -13 -4 -7 -24 -2 -20 -5 -19
right_child=1 2 3 26 17 22 12 -9 13 10 15 20 -14 -15 -16 -17 -18 27 25 -21 -22 -23 23 -25 -26 -27 -28 -29
leaf_value=-3.2713862811817842 2.6332327842712404 7.3841059039036443 14.045009019639753 0.38350373109181723 -2.9931108876278527 -1.8558895492553711 -3.101743674278258 0.50206091279163967 0.85658745637961808 -1.5122286338465556 1.2582195922684594 4.3945215988159179 -6.8132932821909593 3.5780867619947956 0.47952840566635135 -0.55002702149477878 2.4880893230438228 -0.018576852480570474 -3.4685873699188239 -1.9158101216952006 2.3390248379004852 17.313423919677735 0.95341506457709257 0.012257921213612837 0.87027833730263537 -3.1009048693888897 -0.44486886858940117 0.66696330706278462
leaf_weight=17 3.9999999999999991 5.9999999999999982 9.0000000000000018 2.9999999999999991 57 4.9999999999999991 8.0000000000000018 40 42 35 156 9.9999999999999982 11.999999999999998 10.999999999999998 30 22 4 2.9999999999999991 20 75 28 3.9999999999999991 47 51 53 74 4 3
leaf_count=17 4 6 9 3 57 5 8 40 42 35 156 10 12 11 30 22 4 3 20 75 28 4 47 51 53 74 4 3
internal_value=-0.0969718 1.51154 3.91111 9.75149 -1.74062 -0.588602 -1.84551 -0.623353 2.05703 0.922293 0.59934 1.74837 -5.32867 1.42143 -0.592956 1.03473 5.4257 -2.63443 -2.71297 -2.38101 2.87995 15.0507 0.351031 0.463629 0.993994 -3.17914 -0.089852 0.324193
internal_weight=833 421 83 20 412 180 77 57 63 338 243 95 20 53 65 178 10 232 226 132 38 13 103 98 57 94 7 6
internal_count=833 421 83 20 412 180 77 57 63 338 243 95 20 53 65 178 10 232 226 132 38 13 103 98 57 94 7 6
is_linear=0
shrinkage=0.05


Tree=26
num_leaves=30
num_cat=0
split_feature=1 1 7 4 3 8 7 7 4 0 4 4 0 1 6 1 3 0 0 7 1 7 5 4 0 4 4 3 0
split_gain=855460 309564 465610 348839 163142 101306 99619.1 64286.3 90305.9 47552.8 32813.1 57100.9 52037.8 38616.6 29612.6 26300.5 22995.4 17858.7 9447.22 9398.42 8834.26 6458.93 6286.78 6184.17 13012.5 3663.15 31597.9 2417.85 1432.96
threshold=23307.145000000004 31924.245000000006 5.5000000000000009 44810.000000000007 0.4305614952381514 2.5000000000000004 2.5000000000000004 1.5000000000000002 44395.000000000007 30117.200000000004 39497.500000000007 43672.500000000007 39343.500000000007 30071.005000000008 39.500000000000007 27245.860000000004 0.54216838338104523 36386.750000000007 38451.150000000009 1.5000000000000002 34551.805 2.5000000000000004 6.5000000000000009 42910.000000000007 36484.400000000009 34325.000000000007 33577.500000000007 0.41287643285272246 38027.500000000007
decision_type=2 2 2 2 2 2 2 2 2 2 2 2 2 2 2 2 2 2 2 2 2 2 2 2 2 2 2 2 2
left_child=4 10 7 20 23 6 9 8 -3 -6 15 12 -12 -13 -8 22 17 -7 -9 -17 -4 -18 -2 25 -25 26 -1 -27 -5
right_child=1 2 3 28 5 16 14 18 -10 -11 11 13 -14 -15 -16 19 21 -19 -20 -21 -22 -23 -24 24 -26 27 -28 -29 -30
leaf_value=-3.0286844160821702 1.7006536149978637 1.8710810207185291 13.734472529093416 1.0484693368275961 -3.1960248559713365 -1.149302630841732 -4.7911418135960897 0.94429942825809121 7.4634667093103593 0.007198538028058552 0.2300578846455478 1.0012597332830013 -3.9169596672058109 3.3669762269310333 0.41892910003662109 4.1472822825113935 0.98528419320399951 1.1653455901145937 -1.9901074727376302 2.2977199928513889 16.447752380371096 0.12680839106068018 0.57060824725776915 0.9984087626139323 -3.6585693359374987 -3.0583056478789361 1.6556495189666749 -4.0198544638497493 -0.49693331321080514
leaf_weight=36 20 21 12.000000000000005 2.9999999999999991 15.999999999999998 50 30 32 10.999999999999998 42 139 69 7.9999999999999991 23 2.9999999999999991 8.9999999999999982 39 9.9999999999999982 2.9999999999999991 29 3.9999999999999991 50 32 2.9999999999999991 3 99 3.9999999999999991 6.9999999999999991 3
leaf_count=36 20 21 12 3 16 50 30 32 11 42 139 69 8 23 3 9 39 10 3 29 4 50 32 3 3 99 4 7 3
internal_value=0.0563464 1.6299 4.24604 10.5572 -1.62158 -0.80982 -2.1243 2.1737 3.79346 -0.876449 0.922194 0.615773 0.00436985 1.59269 -4.3175 1.73591 -0.00701458 -0.763528 0.692779 2.73577 14.4128 0.502994 1.00524 -2.9033 -1.33008 -2.96795 -2.56025 -3.1218 0.275768
internal_weight=810 418 89 22 392 240 91 67 32 58 329 239 147 92 33 90 149 60 35 38 16 89 52 152 6 146 40 106 6
internal_count=810 418 89 22 392 240 91 67 32 58 329 239 147 92 33 90 149 60 35 38 16 89 52 152 6 146 40 106 6
is_linear=0
shrinkage=0.05


Tree=27
num_leaves=31
num_cat=0
split_feature=1 1 7 4 2 0 4 0 4 4 0 7 2 1 6 4 4 4 1 0 6 4 6 6 2 1 7 2 2 0
split_gain=733370 239203 308117 330352 137898 74216.7 54672.1 57326.3 53808.6 123668 26576.8 64936.4 122342 44008.8 49626.7 22926.5 18993.9 15178.7 11192.2 26497.7 41066.6 26911.4 5286.63 8760.53 6056.95 4020.39 2408.37 1611.3 3436.12 1369.35
threshold=23307.145000000004 31924.245000000006 5.5000000000000009 44810.000000000007 17602.835000000003 30562.600000000002 39497.500000000007 33558.350000000013 44395.000000000007 44860.000000000007 39343.500000000007 1.5000000000000002 10702.445000000002 30022.800000000003 34.500000000000007 39497.500000000007 42977.500000000007 39052.500000000007 12072.585000000001 34707.650000000009 34.500000000000007 42910.000000000007 31.500000000000004 33.500000000000007 15558.845000000001 34821.465000000004 1.0000000180025095e-35 20927.190000000006 21352.920000000002 37585.200000000004
decision_type=2 2 2 2 2 2 2 2 2 2 2 2 2 2 2 2 2 2 2 2 2 2 2 2 2 2 2 2 2 2
left_child=4 10 8 25 5 22 17 -8 16 -10 13 26 -13 15 -15 -2 -3 -7 27 21 -21 -20 24 -24 -1 -4 -12 -6 -29 -5
right_child=1 2 3 29 18 6 7 -9 9 -11 11 12 -14 14 -16 -17 -18 -19 19 20 -22 -23 23 -25 -26 -27 -28 28 -30 -31
leaf_value=-0.91353446960449158 1.3813933447385447 1.8144027705545778 13.049219304865055 0.99604585965474457 -3.196806914465768 0.30618087878982936 -4.7083855390548708 -0.69303865611553195 6.869140960375467 -0.11067680553956466 1.4910412979125969 -10.47976169586182 0.48186161177498948 1.6134399751822155 5.8670348644256594 0.34792355669792308 -0.40468299647172296 2.0131544671021402 -1.538130419594901 1.9190418958663942 -3.4071541453662668 2.8462104320526125 -6.0765007019042976 -3.0556486765543625 -3.0840090857611764 15.114177449544272 3.137072658538818 -1.0965725580851238 -2.8205722494970398 -0.41709630489349359
leaf_weight=5.0000000000000027 78 27 11.000000000000002 2.9999999999999991 28 70 9.9999999999999982 80 15.000000000000002 10.999999999999998 5.0000000000000018 3.9999999999999982 7 48 7.9999999999999991 172 14.999999999999998 15.999999999999998 28 3.9999999999999991 38 3.9999999999999991 2.9999999999999991 11.999999999999998 8.9999999999999982 2.9999999999999991 4 2.9999999999999991 79 4
leaf_count=5 78 27 11 3 28 70 10 80 15 11 5 4 7 48 8 172 15 16 28 4 38 4 3 12 9 3 4 3 79 4
internal_value=0.00393474 1.46596 3.76339 9.05732 -1.55581 -0.663926 -0.277749 -1.13919 2.1285 3.91614 0.838744 -0.927126 -3.50418 0.95416 2.2211 0.670366 1.02187 0.623757 -2.54948 -2.07403 -2.8999 -0.990088 -3.00762 -3.65982 -2.30884 13.4917 2.22261 -2.86932 -2.7575 0.188536
internal_weight=804 415 89 21 389 205 176 90 68 26 326 20 11 306 56 250 42 86 184 74 42 32 29 15 14 14 9 110 82 7
internal_count=804 415 89 21 389 205 176 90 68 26 326 20 11 306 56 250 42 86 184 74 42 32 29 15 14 14 9 110 82 7
is_linear=0
shrinkage=0.05


Tree=28
num_leaves=28
num_cat=0
split_feature=3 4 4 2 0 4 4 6 0 3 0 4 7 4 3 4 4 0 5 0 4 3 4 7 3 2 3
split_gain=643408 231606 291105 370135 93226.8 61199.4 75532.2 68238.5 59494.8 36976.6 35767.1 31621.5 35604.9 24541.9 22585.7 18771.2 18635.8 12226.3 9831.58 5913.16 5744.06 5490.66 4646.89 12005.2 2171.33 4685.93 3946.33
threshold=0.55991650581239927 44065.000000000007 44810.000000000007 10473.120000000001 36406.05000000001 39905.000000000007 42277.500000000007 33.500000000000007 39875.000000000007 0.4305614952381514 30878.000000000004 44860.000000000007 5.5000000000000009 36662.500000000007 0.83494527153876674 37010.000000000007 37740.000000000007 30965.150000000005 7.5000000000000009 37564.000000000007 46380.000000000007 0.47536529525730065 42910.000000000007 1.5000000000000002 0.41287643285272246 18299.375000000004 0.38395612325643141
decision_type=2 2 2 2 2 2 2 2 2 2 2 2 2 2 2 2 2 2 2 2 2 2 2 2 2 2 2
left_child=9 5 3 4 -3 10 7 -7 -8 22 18 12 -4 17 -12 -15 -17 -11 -2 -5 -13 -19 24 -24 26 -26 -1
right_child=1 2 11 19 -6 6 8 -9 -10 13 14 20 -14 15 -16 16 -18 21 -20 -21 -22 -23 23 -25 25 -27 -28
leaf_value=-2.6926655595952815 -0.3984212962480691 5.6065264277987987 4.0750929900578088 1.0971540856361388 11.839062468210857 -0.64804119015893624 0.66847733019385491 -4.3105293124914175 -4.8723563385009774 -2.63169524669647 1.0869480640435494 -0.018971654706531102 0.50913748145103443 -5.686574172973633 2.7269461741447447 2.2077882766723635 -1.8202605492032289 -0.71541578769683811 -3.2331035614013675 2.7055718421936037 1.2122039198875427 0.88887502159923315 -3.4453975677490236 1.0277060826619464 -1.9389603137969975 -4.084246471949986 -1.944674419221424
leaf_weight=110 13.000000000000002 9.0000000000000018 14 20.000000000000004 18 62 156 15.999999999999998 4.9999999999999991 4.0000000000000027 131 45 14 2.9999999999999991 25 2.9999999999999991 67 8.0000000000000018 3.9999999999999991 7.9999999999999991 11.999999999999998 15.999999999999998 2.9999999999999991 3 3.9999999999999982 7 21
leaf_count=110 13 9 14 20 18 62 156 16 5 4 131 45 14 3 25 3 67 8 4 8 12 16 3 3 4 7 21
internal_value=0.0414421 0.993201 2.75015 5.58454 9.76155 0.396179 -0.122286 -1.39932 0.496402 -2.06848 1.11244 0.916141 2.29212 -1.33091 1.34977 -1.81361 -1.64763 -0.0724324 -1.06541 1.5567 0.240223 0.354111 -2.57182 -1.20885 -2.62942 -3.30414 -2.57276
internal_weight=801 552 140 55 27 412 239 78 161 249 173 85 28 101 156 73 70 28 17 28 57 24 148 6 142 11 131
internal_count=801 552 140 55 27 412 239 78 161 249 173 85 28 101 156 73 70 28 17 28 57 24 148 6 142 11 131
is_linear=0
shrinkage=0.05


Tree=29
num_leaves=27
num_cat=0
split_feature=1 1 7 4 3 6 4 8 7 0 4 4 3 0 4 1 7 3 1 4 4 1 1 0 1 0
split_gain=603271 215359 273361 301534 101701 77143.3 210577 66460.6 70293.8 37266.4 36061.5 32229.1 30660.1 26540.1 65960.3 27291.2 22966.9 23691.9 21536.7 11669 14013.5 10514.6 18359.8 8591.79 5077.12 1455.32
threshold=23307.145000000004 32113.189999999999 5.5000000000000009 44810.000000000007 0.50287699331226199 30.500000000000004 44395.000000000007 2.5000000000000004 3.5000000000000004 35130.30000000001 39052.500000000007 42277.500000000007 0.93608607677917288 39343.500000000007 44395.000000000007 30664.215000000007 1.0000000180025095e-35 0.49547585320933901 17635.590000000007 36372.500000000007 36090.000000000007 16857.875000000004 8404.1150000000016 35932.200000000004 34551.805 37037.250000000007
decision_type=2 2 2 2 2 2 2 2 2 2 2 2 2 2 2 2 2 2 2 2 2 2 2 2 2 2
left_child=4 12 5 24 16 9 -7 8 10 -3 -6 -10 13 15 -15 -2 21 18 -18 20 -9 22 -1 -21 -4 -5
right_child=1 2 3 25 7 6 -8 19 11 -11 -12 -13 -14 14 -16 -17 17 -19 -20 23 -22 -23 -24 -25 -26 -27
leaf_value=-2.7953170776367191 0.68737374162634035 6.5319291432698563 12.195795669555661 0.92078673044840498 -3.1100803448603704 -0.01658432143075126 13.418238449096677 0.35631318117891042 -5.9074081897735589 0.7876856219023467 -0.087866576706490868 -1.1294460475444794 5.8226428349812833 -5.4025605519612601 1.018122305472692 2.1682661989756995 -2.25003302943322 -5.6692686462402344 2.0204106012980145 -0.68297359094851551 2.3363272190093993 -2.799009466171265 1.7913270741701126 0.50983215702267792 14.303515052795412 -0.53604008555412286
leaf_weight=2.9999999999999991 280 2.9999999999999991 10.000000000000002 2.9999999999999991 12.999999999999998 6.9999999999999982 5 35 12.000000000000002 48 41 4.9999999999999991 2.9999999999999991 6.0000000000000027 11.999999999999998 35 186 4.9999999999999991 2.9999999999999991 36 11.999999999999998 2.9999999999999991 7.9999999999999991 26 3.9999999999999991 4
leaf_count=3 280 3 10 3 13 7 5 35 12 48 41 5 3 6 12 35 186 5 3 36 12 3 8 26 4 4
internal_value=0.0435101 1.35665 3.62107 8.56144 -1.37793 1.97428 5.58126 -0.507746 -1.69816 1.12558 -0.815437 -4.50213 0.790548 0.745213 -1.12211 0.851917 -2.13098 -2.27212 -2.18225 0.267665 0.861849 -0.175169 0.540424 -0.182765 12.798 0.0883143
internal_weight=808 420 84 21 388 63 12 180 71 51 54 17 336 333 18 315 208 194 189 109 47 14 11 62 14 7
internal_count=808 420 84 21 388 63 12 180 71 51 54 17 336 333 18 315 208 194 189 109 47 14 11 62 14 7
is_linear=0
shrinkage=0.05


Tree=30
num_leaves=31
num_cat=0
split_feature=1 1 7 4 3 7 6 8 0 4 4 7 0 1 6 0 3 6 0 3 1 1 1 1 3 3 0 0 7 0
split_gain=538888 259426 237315 265452 71292.8 57914 116548 44312.3 38371.7 46060.3 33747.1 21727.4 38647.3 20823.3 18084.8 12488.6 10156.8 11559.1 7169.72 4880.95 4734 4185.87 3485.75 4889.79 3631.47 2238.09 1390.13 929.239 620.528 188.332
threshold=20990.540000000005 31924.245000000006 5.5000000000000009 44810.000000000007 0.4305614952381514 1.0000000180025095e-35 30.500000000000004 2.5000000000000004 32143.950000000004 39497.500000000007 44065.000000000007 2.5000000000000004 36262.200000000004 27660.835000000003 29.500000000000004 35983.000000000007 0.73143959500411448 25.500000000000004 39077.400000000001 0.60716064715290108 34551.805 22256.405000000006 13660.275000000003 13305.155000000002 0.40087402272154476 0.41913381263699262 33825.100000000006 37037.250000000007 2.5000000000000004 36014.05000000001
decision_type=2 2 2 2 2 2 2 2 2 2 2 2 2 2 2 2 2 2 2 2 2 2 2 2 2 2 2 2 2 2
left_child=4 8 5 20 22 6 -3 11 16 13 -11 12 -6 -10 26 -16 21 -18 -7 -13 -4 -2 23 24 -1 29 -9 -5 -25 -24
right_child=1 2 3 27 7 18 -8 14 9 10 -12 19 -14 -15 15 -17 17 -19 -20 -21 -22 -23 25 28 -26 -27 -28 -29 -30 -31
leaf_value=-2.3428545662201943 -0.34769321084022525 1.882987605608426 11.553086624145505 0.87474735677242288 -0.28598042329152423 1.1769990278035403 10.865603408813477 0.90824828170813032 1.0529937377724892 -0.083856744250735735 1.0637220770272673 -2.9560796486703969 -4.7724935213724775 2.520914216041565 -0.91690014049288671 0.58188657230801055 -3.5991648483276344 -0.97409730152441909 -1.3573403835296631 -5.1262607574462891 13.588339042663575 2.1230140050252273 -3.0947528362274177 -0.44044030507405596 -3.4409260272979738 -4.4159801483154295 1.8892658042907717 -0.28935723304748534 -1.457402992248535 -2.6344557571411129
leaf_weight=128 3.9999999999999991 13.000000000000002 10.000000000000002 2.9999999999999991 24.000000000000004 40 4.9999999999999991 13.000000000000002 78 185 98 19.000000000000004 5.9999999999999991 35 61 18 5.0000000000000027 26 2.9999999999999991 2.9999999999999991 3.9999999999999991 3 3.9999999999999982 2.9999999999999991 7.9999999999999991 2.9999999999999991 4.9999999999999991 4 3 5
leaf_count=128 4 13 10 3 24 40 5 13 78 185 98 19 6 35 61 18 5 26 3 3 4 3 4 3 8 3 5 4 3 5
internal_value=0.0131463 0.995966 3.57519 8.15957 -1.66057 1.99696 4.37816 -0.880847 0.508647 0.654285 0.313538 -2.05852 -1.18328 1.50766 -0.24952 -0.575404 -1.00905 -1.3975 1.00018 -3.25201 12.1346 0.711181 -2.41497 -2.34582 -2.40745 -3.23327 1.18075 0.209545 -0.948922 -2.83903
internal_weight=819 516 82 21 303 61 18 149 434 396 283 52 30 113 97 79 38 31 43 22 14 7 154 142 136 12 18 7 6 9
internal_count=819 516 82 21 303 61 18 149 434 396 283 52 30 113 97 79 38 31 43 22 14 7 154 142 136 12 18 7 6 9
is_linear=0
shrinkage=0.05


Tree=31
num_leaves=26
num_cat=0
split_feature=1 1 7 3 2 6 0 8 7 0 0 0 3 0 3 6 3 8 7 1 5 0 2 6 1
split_gain=518048 147071 161393 97910.3 74660.6 59521.8 177540 47052.3 44442.7 35581.1 28224.2 25429.8 24225.9 22892.2 26010.9 17840.4 14866.1 9036.04 8727.76 11869.7 9885.65 7572.26 9589.04 4653.13 1707.83
threshold=23307.145000000004 32113.189999999999 5.5000000000000009 0.46787050638448829 1697.0550000000001 30.500000000000004 38052.400000000001 2.5000000000000004 2.5000000000000004 35212.400000000009 30117.200000000004 37585.200000000004 0.93608607677917288 32143.950000000004 0.7851862967553952 37.500000000000007 0.47536529525730065 3.5000000000000004 1.0000000180025095e-35 8404.1150000000016 7.5000000000000009 31092.300000000007 18438.790000000005 26.500000000000004 13037.360000000002
decision_type=2 2 2 2 2 2 2 2 2 2 2 2 2 2 2 2 2 2 2 2 2 2 2 2 2
left_child=3 12 5 18 -4 9 -7 8 10 -3 -5 -6 13 23 -15 -10 -9 -18 19 -1 -21 24 -23 -2 -20
right_child=1 2 4 7 11 6 -8 16 15 -11 -12 -13 -14 14 -16 -17 17 -19 21 20 -22 22 -24 -25 -26
leaf_value=-2.5292617034912115 -2.1888049411773665 6.198785972595215 0.93539540776982821 -2.6212493308385216 11.146099980672201 12.300932388305664 0.93783258524808011 -2.9252888917922975 -4.6650899226848885 0.56240243791114719 -0.039768010377883911 7.0286740928888323 5.2549287160237634 0.48507311000697773 1.403657750219224 -1.1506818389892579 -0.27008527123321924 0.59434510606731628 -2.4716882346658147 -1.260231304168701 2.7988419850667312 -0.40331787586212164 -2.0422459109114057 -0.44134544394910336 -3.6855326970418298
leaf_weight=4.9999999999999982 5.0000000000000027 2.9999999999999991 4.0000000000000027 14.999999999999998 5.9999999999999991 4.9999999999999991 10.999999999999998 3.9999999999999991 13.000000000000002 42 36 9.9999999999999982 2.9999999999999991 196 127 4.9999999999999991 59 62 85 3 3 9.9999999999999982 83 15.999999999999998 2.9999999999999991
leaf_count=5 5 3 4 15 6 5 11 4 13 42 36 10 3 196 127 5 59 62 85 3 3 10 83 16 3
internal_value=0.0311845 1.22907 3.14744 -1.29704 7.04525 1.86948 4.4888 -0.504829 -1.5529 0.938161 -0.799027 8.57271 0.781263 0.742248 0.84625 -3.68887 0.0737057 0.172846 -2.0975 -0.730043 0.769305 -2.18061 -1.86602 -0.857407 -2.51307
internal_weight=814 428 81 386 20 61 16 194 69 45 51 16 347 344 323 18 125 121 192 11 6 181 93 21 88
internal_count=814 428 81 386 20 61 16 194 69 45 51 16 347 344 323 18 125 121 192 11 6 181 93 21 88
is_linear=0
shrinkage=0.05


Tree=32
num_leaves=29
num_cat=0
split_feature=3 1 7 4 3 8 0 7 6 4 4 7 3 1 3 6 2 1 4 4 7 7 1 4 1 1 0 1
split_gain=435531 202233 183296 270862 46781.2 52674.5 42312.3 31899.5 84273.3 24700.1 29443.8 22222.5 23723.8 19173.6 18913.6 13296.1 14865.2 12909.9 12799.3 44899.7 13471.7 12452.1 24494.1 12175 11112.6 5239.34 4844.69 2897.69
threshold=0.61309181511503941 31924.245000000006 5.5000000000000009 44810.000000000007 0.47536529525730065 2.5000000000000004 31876.700000000001 1.0000000180025095e-35 32.500000000000007 39497.500000000007 42277.500000000007 2.5000000000000004 0.50287699331226199 28407.270000000004 0.59197575995806317 31.500000000000004 8751.3350000000009 16374.800000000001 42752.500000000007 42977.500000000007 4.5000000000000009 1.0000000180025095e-35 8404.1150000000016 42910.000000000007 23417.390000000003 34551.805 38451.150000000009 34934.965000000004
decision_type=2 2 2 2 2 2 2 2 2 2 2 2 2 2 2 2 2 2 2 2 2 2 2 2 2 2 2 2
left_child=4 6 7 25 17 11 15 8 -3 13 -11 12 -6 -8 -13 16 -2 21 20 -20 -7 22 -1 -23 -17 -4 -9 -5
right_child=1 2 3 27 5 18 9 26 -10 10 -12 14 -14 -15 -16 24 -18 -19 19 -21 -22 23 -24 -25 -26 -27 -28 -29
leaf_value=-2.5990039825439459 -1.1213770405105921 2.0441822459823205 10.341415509310636 -0.70140348374843597 -5.4053610483805272 0.66415614452002192 0.87670652917318648 1.1763719403590913 11.061737950642904 -0.68800563736395404 0.61552305746750502 -2.4907977422078451 -0.60277473926544189 2.4477985229492187 -6.3262305068969731 -3.7861063548496796 1.6731912295023603 -4.7687801361083988 -6.7791568756103437 -0.03866559607642038 -1.1320004371496348 -2.0909229892456604 1.9189337253570553 0.037571007864815847 -0.48244282007217398 12.454553031921382 -0.25219565800258092 1.2017817497253416
leaf_weight=5.9999999999999982 23.000000000000004 19.000000000000004 10.999999999999998 6 3.0000000000000027 53 87 39 2.9999999999999991 55 204 8.9999999999999982 18 25 4.9999999999999991 6.9999999999999982 5.9999999999999991 3.9999999999999991 3.0000000000000027 13.999999999999998 12.999999999999998 167 6 6.9999999999999991 4 4.0000000000000009 6.9999999999999991 3
leaf_count=6 23 19 11 6 3 53 87 39 3 55 204 9 18 25 5 7 6 4 3 14 13 167 6 7 4 4 7 3
internal_value=0.00805517 0.914748 3.03379 6.79045 -1.47268 -0.690753 0.440413 1.70791 3.27385 0.606994 0.338712 -2.31755 -1.28886 1.2274 -3.8606 -1.10463 -0.543191 -1.9583 -0.00475324 -1.22816 0.310368 -1.89786 -0.340035 -2.00529 -2.58477 10.9049 0.958981 -0.0670084
internal_weight=811 503 92 24 308 118 411 68 22 371 259 35 21 112 14 40 29 190 83 17 66 186 12 174 11 15 46 9
internal_count=811 503 92 24 308 118 411 68 22 371 259 35 21 112 14 40 29 190 83 17 66 186 12 174 11 15 46 9
is_linear=0
shrinkage=0.05


Tree=33
num_leaves=31
num_cat=0
split_feature=1 1 7 4 3 4 4 8 3 7 1 3 1 6 2 1 3 1 4 3 4 4 4 1 4 6 1 1 1 6
split_gain=396490 142236 178440 233622 40549.6 25299.1 28582.3 25115.6 37612.6 111359 28220 21007.9 47654.4 24817.3 18596.9 18181.8 28541.7 11611.6 5825.42 17031.1 8808.47 8192.79 15002.3 4903.87 3424.05 7008.07 3347.46 3334.72 2615.17 2205.53
threshold=20625.675000000007 31783.655000000002 5.5000000000000009 44810.000000000007 0.45955488530753758 36662.500000000007 37010.000000000007 2.5000000000000004 0.66857583397057352 3.5000000000000004 21294.330000000005 0.79139169603472259 30422.665000000005 35.500000000000007 14671.235000000002 32445.580000000005 0.83180837950386377 32656.635000000002 37740.000000000007 0.4305614952381514 33235.000000000007 42595.000000000007 43767.500000000007 14301.660000000002 33577.500000000007 29.500000000000004 16374.800000000001 13305.155000000002 34934.965000000004 27.500000000000004
decision_type=2 2 2 2 2 2 2 2 2 2 2 2 2 2 2 2 2 2 2 2 2 2 2 2 2 2 2 2 2 2
left_child=4 7 15 29 18 24 -7 8 9 -2 -10 12 -9 -13 -8 16 -3 -17 19 20 -1 27 -23 -21 25 -6 -26 -20 -5 -4
right_child=1 2 3 28 5 6 14 11 10 -11 -12 13 -14 -15 -16 17 -18 -19 21 23 -22 22 -24 -25 26 -27 -28 -29 -30 -31
leaf_value=-2.3855079829692842 -0.037871086029779344 -0.0542941161564418 8.9135626475016227 -0.66633332024017966 0.81767182707786545 -5.3829711914062504 -2.3949038267135623 0.60924627945724275 -4.5068281809488928 -7.7616416931152346 0.39695891020889573 1.1809739733564444 -4.3355464172363289 4.332646615164621 -0.5049031110520058 -1.0891164643423898 3.8559730504240308 1.1068131791297782 -2.1722429642310508 -0.43974081675211596 -1.2212612910704179 -0.13475344975789386 -3.1968493143717449 2.4191260655721023 1.8965899848937977 -1.0111972043460067 0.38944324659449714 -2.9109319134762415 1.1416927337646481 10.42929039001465
leaf_weight=32 21.000000000000004 7.0000000000000027 3.0000000000000009 6 10.000000000000002 3.9999999999999991 18 191 2.9999999999999991 5.9999999999999991 133 58 4.9999999999999991 6.9999999999999991 47 6.9999999999999991 13.999999999999998 43 78 2.9999999999999991 33 12.000000000000002 5.9999999999999991 3 5.0000000000000027 10.999999999999998 13.999999999999998 19 3 11.999999999999998
leaf_count=32 21 7 3 6 10 4 18 191 3 6 133 58 5 7 47 7 14 43 78 3 33 12 6 3 5 11 14 19 3 12
internal_value=-0.00283442 0.829124 2.57781 6.30497 -1.46652 -0.700751 -1.28073 0.437319 -0.0496325 -1.75426 0.288787 0.74143 0.483104 1.52038 -1.02829 1.31793 2.55255 0.799383 -1.91527 -1.55915 -1.79443 -2.13514 -1.15545 0.989693 0.299718 -0.140307 0.786061 -2.31693 -0.063658 10.1261
internal_weight=814 519 95 24 295 109 69 424 163 27 136 261 196 65 65 71 21 50 186 71 65 115 18 6 40 21 19 97 9 15
internal_count=814 519 95 24 295 109 69 424 163 27 136 261 196 65 65 71 21 50 186 71 65 115 18 6 40 21 19 97 9 15
is_linear=0
shrinkage=0.05


Tree=34
num_leaves=26
num_cat=0
split_feature=1 3 5 1 3 4 2 3 8 4 4 4 4 1 7 4 4 6 4 1 7 1 3 1 3
split_gain=347783 93688.8 167992 82248.3 55330.4 51157.8 46395.6 40529.5 37622.4 26435.2 27891.2 22731.9 18762.5 18412.8 15880.4 14437.6 22003.2 13390.7 12273 12173.9 6903.84 19027 4982.26 5059.2 906.699
threshold=21137.880000000005 0.83128649734099669 7.5000000000000009 32113.189999999999 0.92693401360812056 44395.000000000007 5795.5100000000011 0.4305614952381514 2.5000000000000004 42910.000000000007 39905.000000000007 43767.500000000007 39715.000000000007 31817.345000000005 1.5000000000000002 36372.500000000007 44065.000000000007 30.500000000000004 36090.000000000007 20625.675000000007 1.0000000180025095e-35 8404.1150000000016 0.42375211006737984 12072.585000000001 0.48215414056337375
decision_type=2 2 2 2 2 2 2 2 2 2 2 2 2 2 2 2 2 2 2 2 2 2 2 2 2
left_child=7 13 4 -4 12 -6 -5 20 9 10 -9 -11 -3 15 -15 18 -17 24 -2 -19 21 -1 23 -22 -10
right_child=1 2 3 6 5 -7 -8 8 17 11 -12 -13 -14 14 -16 16 -18 19 -20 -21 22 -23 -24 -25 -26
leaf_value=-2.3506030273437495 0.72084842170106955 2.1472551237453117 0.99774836301803593 12.886812744140627 1.3603544712066649 5.993366024710916 6.0753845214843736 -1.1518509944279989 1.8118538220723448 2.1585997036525186 -3.6165594534440473 -2.0354596376419063 0.51836433656099767 -0.11844878196716309 -4.9308126767476388 -0.035190171158254735 0.91976798796203241 -0.67694242810704619 2.3702777181352892 1.1817582327127458 -2.0832799379804494 2.6862007141113278 -3.9867840449015297 -1.3622187629822762 0.86461880356073384
leaf_weight=5 58 22 3.9999999999999991 4.9999999999999982 13.000000000000002 10.999999999999998 5 24 3.0000000000000027 6.9999999999999982 22 6 90 3.9999999999999991 3 202 86 74 13.999999999999998 9.9999999999999982 113 3 2.9999999999999991 31 15.999999999999998
leaf_count=5 58 22 4 5 13 11 5 24 3 7 22 6 90 4 3 202 86 74 14 10 113 3 3 31 16
internal_value=-0.0102969 0.789216 1.84204 7.05728 1.30518 3.48382 9.4811 -1.31423 -0.761222 -1.76799 -2.33062 0.22288 0.838325 0.358906 -2.18089 0.408291 0.249971 -0.184531 1.04157 -0.455669 -1.89222 -0.461802 -1.97007 -1.92805 1.01418
internal_weight=834 517 150 14 136 24 10 317 162 59 46 13 112 367 7 360 288 103 72 84 155 8 147 144 19
internal_count=834 517 150 14 136 24 10 317 162 59 46 13 112 367 7 360 288 103 72 84 155 8 147 144 19
is_linear=0
shrinkage=0.05


Tree=35
num_leaves=31
num_cat=0
split_feature=3 4 4 1 3 1 0 4 8 7 5 4 7 0 4 0 4 3 3 1 0 4 4 0 0 1 5 1 0 1
split_gain=327157 124117 204419 262695 71898.6 52197.8 48585.5 155673 38469.7 63103.2 32221.8 21405.1 19526 16627.5 15773.5 13800.4 12117.6 22898.2 15157 8419.69 8082.05 7951.15 4407.78 4182.7 4097.04 3952.95 2500.85 2168.63 1675.69 370.939
threshold=0.66857583397057352 44065.000000000007 44810.000000000007 29332.395000000004 0.50287699331226199 32656.635000000002 39332.650000000001 43067.500000000007 2.5000000000000004 3.5000000000000004 8.5000000000000018 44860.000000000007 5.5000000000000009 31092.300000000007 32370.000000000004 32178.500000000004 36662.500000000007 0.4305614952381514 0.49547585320933901 15133.059999999999 30965.150000000005 42595.000000000007 36372.500000000007 40081.950000000004 37564.000000000007 13037.360000000002 8.5000000000000018 31504.410000000007 34319.950000000004 31504.410000000007
decision_type=2 2 2 2 2 2 2 2 2 2 2 2 2 2 2 2 2 2 2 2 2 2 2 2 2 2 2 2 2 2
left_child=4 6 3 24 16 -5 14 29 9 13 -11 12 -4 -6 28 -16 17 25 21 -19 -10 -18 -22 -13 -3 -1 -20 -9 -2 -8
right_child=1 2 11 5 8 -7 7 27 20 10 -12 23 -14 -15 15 -17 18 19 26 -21 22 -23 -24 -25 -26 -27 -28 -29 -30 -31
leaf_value=-1.714434827367465 1.0532942533493033 0.8961133309773035 2.992435417004994 6.1500232760111473 -2.4476882662091937 10.574293041229248 3.4113683700561532 -9.3221506754557275 -2.2896534125010173 -6.5753916059221558 -1.9302751004695891 -0.1998590566895225 0.17738275094465775 0.25860043525695803 -0.50287751629948618 0.60252469963083666 -1.9175064508120219 1.7140777587890619 -5.3436946868896484 -0.51526250176959576 0.77915442378848399 -0.8834906177087265 0.11962586927570795 1.3262473869323732 2.2258003592491149 -0.23715354919433596 -3.3021042823791498 -7.4209966023763005 2.2050689379374186 2.6250912825266512
leaf_weight=48 4.0000000000000027 21.000000000000004 14 15.000000000000002 6.9999999999999991 11.999999999999998 2.9999999999999982 3 2.9999999999999991 6.9999999999999973 8 44 11 30 32 240 120 8.0000000000000018 2.9999999999999991 8.9999999999999982 38 22 76 4.9999999999999991 7.9999999999999991 4.9999999999999991 3 3 14.999999999999998 3
leaf_count=48 4 21 14 15 7 12 3 3 3 7 8 44 11 30 32 240 120 8 3 9 38 22 76 5 8 5 3 3 15 3
internal_value=0.0515107 0.995687 2.28807 4.56726 -1.00489 8.11637 0.441198 -2.67667 -0.23086 -1.36242 -4.098 0.56328 1.75381 -0.2534 0.56977 0.472477 -1.60495 -1.06291 -1.86132 0.533839 0.272055 -1.75731 0.339469 -0.0441339 1.26292 -1.57507 -4.3229 -8.37157 1.96259 3.01823
internal_weight=820 433 130 56 387 27 303 12 169 52 15 74 25 37 291 272 218 70 148 17 117 142 114 49 29 53 6 6 19 6
internal_count=820 433 130 56 387 27 303 12 169 52 15 74 25 37 291 272 218 70 148 17 117 142 114 49 29 53 6 6 19 6
is_linear=0
shrinkage=0.05


Tree=36
num_leaves=28
num_cat=0
split_feature=3 3 5 4 4 3 5 3 8 0 7 0 2 4 0 4 0 7 5 5 7 4 2 3 4 4 7
split_gain=266603 96398.7 154270 87319.6 64497.4 52783.3 53008.1 31837.6 33911.6 27211.6 27344.7 19546.3 17817.6 14681.6 12393.7 33161.5 11598.7 46395.8 21784.9 10039.6 6028.6 4439.92 4034.38 3179.43 2844.21 12591.5 1551.37
threshold=0.61309181511503941 0.83552767420136009 7.5000000000000009 44395.000000000007 44810.000000000007 0.93608607677917288 6.5000000000000009 0.4305614952381514 2.5000000000000004 36085.150000000009 2.5000000000000004 31513.450000000001 17462.695000000003 39715.000000000007 36055.600000000013 39497.500000000007 39332.650000000001 1.5000000000000002 8.5000000000000018 7.5000000000000009 1.5000000000000002 42910.000000000007 8794.4500000000025 0.71311091363347456 36372.500000000007 33235.000000000007 1.5000000000000002
decision_type=2 2 2 2 2 2 2 2 2 2 2 2 2 2 2 2 2 2 2 2 2 2 2 2 2 2 2
left_child=7 11 5 -4 -5 13 -7 21 9 10 -9 19 -11 -3 15 -10 18 -18 -13 22 -16 24 -2 -21 25 -1 -26
right_child=1 2 3 4 -6 6 -8 8 14 12 -12 16 -14 -15 20 -17 17 -19 -20 23 -22 -23 -24 -25 26 -27 -28
leaf_value=-1.9073774187188399 -0.82959197759628267 2.0967637639296686 -0.76162103017171223 11.20642833709717 2.6097278237342829 2.5526054128011064 9.8332735697428397 0.15003171648297992 0.33717093955963218 -6.0781214141845723 -2.5057521396213112 0.30885498260471667 -2.1701550483703609 0.56259266436100008 0.059427295011632575 -1.7905894422531128 1.577237419163187 -2.7341482786031865 1.6493911867632587 -4.0111810684204103 1.4605325256075179 -0.18974308013916016 1.168495305379232 -1.709213829040527 -1.3032315254211426 -0.23531297445297242 -1.9330393238501118
leaf_weight=38 16.000000000000007 19 2.9999999999999991 7.9999999999999982 3 15.000000000000002 2.9999999999999991 21 47 4.9999999999999982 18 279 7 87 17.000000000000004 30 12 13 34 2.9999999999999991 13.999999999999998 4.9999999999999991 2.9999999999999991 3 10.999999999999998 15.999999999999998 88
leaf_count=38 16 19 3 8 3 15 3 21 47 5 18 279 7 87 17 30 12 13 34 3 14 5 3 3 11 16 88
internal_value=-0.0184746 0.699546 1.82441 6.7997 8.86187 1.26269 3.76605 -1.15326 -0.653758 -1.71636 -1.07571 0.271911 -3.79847 0.837586 -0.151972 -0.491827 0.371695 -0.664683 0.454472 -1.07717 0.692184 -1.65593 -0.514105 -2.8602 -1.70385 -1.41195 -1.86306
internal_weight=818 501 138 14 11 124 18 317 159 51 39 363 12 106 108 77 338 25 313 25 31 158 19 6 153 54 99
internal_count=818 501 138 14 11 124 18 317 159 51 39 363 12 106 108 77 338 25 313 25 31 158 19 6 153 54 99
is_linear=0
shrinkage=0.05


Tree=37
num_leaves=30
num_cat=0
split_feature=1 1 7 4 3 4 4 4 8 0 1 7 0 4 0 4 7 0 1 1 4 2 2 0 6 3 1 4 6
split_gain=240010 84633.7 135710 150942 35130.3 34074 26983.8 31383.1 26245.9 22325.4 21512 17408.4 21786.5 14478.3 13449.6 12276.9 9627.91 7870.87 4858.59 4828.48 11848.3 4804.08 6402.95 3636.09 2202.04 2113.92 1866.38 1301.12 170.358
threshold=21137.880000000005 31542.445000000003 5.5000000000000009 44810.000000000007 0.4305614952381514 36662.500000000007 39715.000000000007 42277.500000000007 2.5000000000000004 35782.30000000001 27245.860000000004 4.5000000000000009 31744.650000000005 43377.500000000007 39875.000000000007 44860.000000000007 1.5000000000000002 29822.550000000007 13660.275000000003 12072.585000000001 33235.000000000007 16725.820000000003 16360.340000000002 38471.200000000004 30.500000000000004 0.42375211006737984 34934.965000000004 37740.000000000007 39.500000000000007
decision_type=2 2 2 2 2 2 2 2 2 2 2 2 2 2 2 2 2 2 2 2 2 2 2 2 2 2 2 2 2
left_child=4 6 9 23 18 21 10 8 -8 -3 17 12 -7 -13 -9 -11 -12 -2 19 27 -21 22 -6 -4 -23 28 -5 -1 -20
right_child=1 2 3 26 5 11 7 14 -10 15 16 13 -14 -15 -16 -17 -18 -19 25 20 -22 24 -24 -25 -26 -27 -28 -29 -30
leaf_value=-1.5014656515682445 -1.2760287761688234 5.2234583536783852 9.3700637817382777 -1.0013492822647094 0.49644116898998619 -2.1952363150460381 -1.8071902062441851 0.46133391142217195 0.14827249029185624 1.1796881985983678 3.2972038904825847 -3.2504493794270917 -0.35278915026608637 0.16046413183212282 -1.0089127926265493 -0.35442406508852459 1.4395536103556235 0.59430967059400353 -2.073021495342255 -3.9165887832641553 -0.58374928434689843 0.39865045547485367 -1.9193441390991213 7.5582732200622562 2.017749295915876 -3.6901491800944011 0.64844036102294911 -1.8335027762821743 -2.4726593494415279
leaf_weight=51 5.9999999999999991 2.9999999999999991 9.0000000000000018 3.9999999999999991 32 21 37 183 32 56 8.9999999999999982 14.000000000000002 68 3.9999999999999991 17 17 31 90 7.9999999999999982 3.0000000000000027 24 2.9999999999999982 2.9999999999999991 3.9999999999999991 7 2.9999999999999991 3 70 4
leaf_count=51 6 3 9 4 32 21 37 183 32 56 9 14 68 4 17 17 31 90 8 3 24 3 3 4 7 3 3 70 4
internal_value=-0.0542101 0.625739 1.96053 5.62518 -1.13565 -0.588854 0.309343 0.0191497 -0.900309 0.996154 0.883329 -1.07434 -0.787524 -2.49247 0.336363 0.822429 1.85752 0.477414 -1.64555 -1.55865 -0.954065 0.565517 0.289374 8.81259 1.53202 -2.50302 -0.294297 -1.69355 -2.20623
internal_weight=816 501 96 20 315 152 405 269 69 76 136 107 89 18 200 73 40 96 163 148 27 45 35 13 10 15 7 121 12
internal_count=816 501 96 20 315 152 405 269 69 76 136 107 89 18 200 73 40 96 163 148 27 45 35 13 10 15 7 121 12
is_linear=0
shrinkage=0.05


Tree=38
num_leaves=27
num_cat=0
split_feature=1 4 4 1 0 3 0 4 4 0 1 4 0 4 4 7 4 4 0 4 2 6 6 1 4 0
split_gain=245256 87759.7 171652 223842 66580.7 56116.8 28565.9 34874.9 28527.8 111087 24448.4 22510.1 14955.8 16119 13390.6 15968.2 9604.47 36361.6 15184.6 7957.37 7101.84 6646.77 4615.18 4447.95 4140.69 3922.19
threshold=23307.145000000004 44065.000000000007 44810.000000000007 32656.635000000002 37882.500000000007 0.50287699331226199 30562.600000000002 39497.500000000007 43067.500000000007 39343.500000000007 33042.56500000001 42277.500000000007 39343.500000000007 39715.000000000007 44860.000000000007 5.5000000000000009 39497.500000000007 39052.500000000007 31513.450000000001 36090.000000000007 17838.800000000003 34.500000000000007 26.500000000000004 28957.025000000005 46380.000000000007 29984.550000000007
decision_type=2 2 2 2 2 2 2 2 2 2 2 2 2 2 2 2 2 2 2 2 2 2 2 2 2 2
left_child=5 8 3 4 -3 16 22 19 12 23 -5 -9 13 -2 15 -4 17 18 -1 -8 -18 -22 -7 -10 -16 -24
right_child=1 2 14 10 -6 6 7 11 9 -11 -12 -13 -14 -15 24 -17 20 -19 -20 -21 21 -23 25 -25 -26 -27
leaf_value=-1.6918335061324272 1.0553249420841104 1.2261257767677307 2.8366713817417617 13.518500010172525 6.0624743143717446 -0.75431605419144043 0.25122001959305063 -1.7229566156751279 0.55327302193955363 -8.7804990768432614 8.4263417677445851 -0.07668166330882481 3.2985158538818364 0.21253487528175921 -0.3626340600220781 0.011057283878326414 -3.9514447212219239 3.0101588439941409 -0.59306747127086556 1.2678806770688449 0.51824420293172202 -1.8953574727321492 -2.0762453079223637 -0.71011671586470171 0.70275639494260156 -3.9938107490539547
leaf_weight=95 92 34 10 2.9999999999999991 8.9999999999999982 3.9999999999999991 38 33 19.000000000000004 3.9999999999999991 10.999999999999998 56 4.9999999999999991 148 38 10 3.9999999999999991 4.9999999999999991 47 39 2.9999999999999991 58 7.9999999999999982 10.999999999999998 11.999999999999998 4
leaf_count=95 92 34 10 3 9 4 38 33 19 4 11 56 5 148 38 10 4 5 47 39 3 58 8 11 12 4
internal_value=0.037191 0.899612 1.98918 4.02624 2.23838 -0.851497 -0.207475 -0.0130002 0.403644 -0.953562 9.51752 -0.687098 0.59199 0.535604 0.330432 1.42386 -1.40438 -1.1806 -1.32816 0.766152 -1.91049 -1.77666 -2.22515 0.0900301 -0.10694 -2.71543
internal_weight=800 406 127 57 43 394 182 166 279 34 14 89 245 240 70 20 212 147 142 77 65 61 16 30 50 12
internal_count=800 406 127 57 43 394 182 166 279 34 14 89 245 240 70 20 212 147 142 77 65 61 16 30 50 12
is_linear=0
shrinkage=0.05


Tree=39
num_leaves=28
num_cat=0
split_feature=1 1 6 0 0 1 1 2 8 7 4 2 6 4 4 4 4 6 5 2 4 7 1 1 7 4 0
split_gain=237482 90305.6 113303 77041.1 68299.4 44209.1 42571.8 36404.9 30101.5 33298.5 32346.5 23563.5 16041.9 11826.4 13792.9 45491 26503.7 11466.5 14584.5 9968.97 13072.2 14029.3 6702.24 4669.25 1984.17 1152.28 836.42
threshold=23307.145000000004 32173.255000000001 30.500000000000004 38027.500000000007 35130.30000000001 34050.835000000006 32656.635000000002 18299.375000000004 2.5000000000000004 2.5000000000000004 39052.500000000007 2053.5200000000004 39.500000000000007 34325.000000000007 43672.500000000007 43067.500000000007 44860.000000000007 30.500000000000004 8.5000000000000018 18438.790000000005 42595.000000000007 1.5000000000000002 13129.825000000003 25185.230000000007 1.5000000000000002 40910.000000000007 33728.80000000001
decision_type=2 2 2 2 2 2 2 2 2 2 2 2 2 2 2 2 2 2 2 2 2 2 2 2 2 2 2
left_child=7 13 4 6 -3 -5 -4 8 9 10 -1 -6 -11 23 15 -15 -16 25 -19 -9 22 -22 -21 26 -25 -10 -2
right_child=1 2 3 5 11 -7 -8 19 17 12 -12 -13 -14 14 16 -17 -18 18 -20 20 21 -23 -24 24 -26 -27 -28
leaf_value=-2.4429200485348703 0.77219734191894451 7.5028545379638674 5.1909130096435483 2.1417546565716084 3.252298352122307 8.8754544576009113 13.070249366760251 -4.2751956303914396 0.97417305455758019 -2.7239052034193474 0.35880423081226842 0.32128090634942058 1.1051902135213216 0.36196796901637529 1.5021320786440011 -2.6918102823770962 -0.061309608946675843 -0.67559119756542041 0.58375220554215568 -1.3866010297808733 -2.0824193681989387 0.62842116038004558 -2.3059099237124125 2.7556889057159402 1.5406500532513574 0.3177636093563504 -0.40849477450052885
leaf_weight=13.999999999999998 3.0000000000000027 3.9999999999999991 3.0000000000000027 12.999999999999998 7.9999999999999991 2.9999999999999991 4 2.9999999999999991 26 31 39 48 2.9999999999999991 197 66 12.999999999999998 46 67 35 114 7.0000000000000027 14.999999999999998 24 4.0000000000000027 21 8.9999999999999982 3
leaf_count=14 3 4 3 13 8 3 4 3 26 31 39 48 3 197 66 13 46 67 35 114 7 15 24 4 21 9 3
internal_value=0.0504348 0.850634 2.33463 5.31839 1.19085 3.40432 9.69339 -0.851081 -0.437401 -1.16475 -0.381274 0.739998 -2.38604 0.501706 0.411909 0.172925 0.860004 0.0244897 -0.243464 -1.41957 -1.36603 -0.234119 -1.54648 1.43444 1.73506 0.805382 0.181851
internal_weight=823 436 83 23 60 16 7 387 224 87 53 56 34 353 322 210 112 137 102 163 160 22 138 31 25 35 6
internal_count=823 436 83 23 60 16 7 387 224 87 53 56 34 353 322 210 112 137 102 163 160 22 138 31 25 35 6
is_linear=0
shrinkage=0.05


Tree=40
num_leaves=30
num_cat=0
split_feature=1 4 4 1 0 0 4 3 4 0 4 7 0 4 7 0 3 4 4 1 1 3 7 2 0 3 1 0 1
split_gain=207406 50073.3 104695 121802 85145.6 36785.1 118590 34312.9 24498.3 31888.8 31048.7 17721.1 16788.3 15390.8 19156.3 11098.7 10657.8 8901.8 12244.1 10649.9 8566.83 3114.77 4075.34 18051.7 2382.38 2049.8 1533.38 949.325 354.34
threshold=23307.145000000004 44065.000000000007 44810.000000000007 32656.635000000002 37882.500000000007 39332.650000000001 43067.500000000007 0.42375211006737984 39497.500000000007 30562.600000000002 40485.000000000007 2.5000000000000004 35782.30000000001 44860.000000000007 5.5000000000000009 38373.900000000009 0.43570406476126156 39715.000000000007 42277.500000000007 27660.835000000003 22114.335000000003 0.41287643285272246 1.0000000180025095e-35 22111.180000000004 39983.80000000001 0.38395612325643141 31504.410000000007 32314.200000000004 31504.410000000007
decision_type=2 2 2 2 2 2 2 2 2 2 2 2 2 2 2 2 2 2 2 2 2 2 2 2 2 2 2 2 2
left_child=7 5 3 4 -3 17 28 21 9 16 20 -12 -11 14 -4 -5 -9 19 -19 -2 -10 22 23 -1 -15 -24 -8 -23 -7
right_child=1 2 13 15 -6 6 26 8 10 12 11 -13 -14 24 -16 -17 -18 18 -20 -21 -22 27 25 -25 -26 -27 -28 -29 -30
leaf_value=2.8533690134684253 0.48795161814458909 0.76434149549853414 2.5456127807497979 9.4336232503255228 6.0702801513671876 3.0293595631917327 -8.0952746073404924 1.2958662986755356 -2.2492478251457211 0.64582556656307799 0.055470441341400147 -1.2825117932290446 -2.0876842498779298 -0.16859839595854284 0.058467801411946602 6.2439812469482412 -1.8727278870085013 -0.32034334646803991 0.57269525995752857 1.5691581409838466 -4.8362990856170658 -2.9237746715545647 -1.5273320308753424 -1.7823731831141878 0.97825362920761116 -1.0181408405303956 -6.4966379801432268 -1.8344372272491452 2.260875821113586
leaf_weight=2.9999999999999982 62 31 15.999999999999998 5.9999999999999982 9.9999999999999982 2.9999999999999982 3 3.0000000000000027 16.000000000000004 88 50 49 5.9999999999999991 48 15.000000000000002 5 23 56 122 36 3.9999999999999991 4 112 7 4.9999999999999991 24 3 4 3
leaf_count=3 62 31 16 6 10 3 3 3 16 88 50 49 6 48 15 5 23 56 122 36 4 4 112 7 5 24 3 4 3
internal_value=-0.00897868 0.757999 1.54871 3.3119 2.05847 0.384609 -2.32542 -0.836456 -0.461428 0.0426783 -0.969771 -0.606763 0.471346 0.457207 1.34216 7.98379 -1.50712 0.502436 0.291739 0.88513 -2.76666 -1.41848 -1.36584 -0.391651 -0.0604048 -1.43747 -7.29596 -2.37911 2.64512
internal_weight=817 424 136 52 41 288 12 393 239 120 119 99 94 84 31 11 26 276 178 98 20 154 146 10 53 136 6 8 6
internal_count=817 424 136 52 41 288 12 393 239 120 119 99 94 84 31 11 26 276 178 98 20 154 146 10 53 136 6 8 6
is_linear=0
shrinkage=0.05


Tree=41
num_leaves=31
num_cat=0
split_feature=3 1 6 0 6 2 0 0 2 7 0 1 1 3 1 2 1 1 1 0 0 5 7 3 3 5 2 0 7 0
split_gain=168492 87206.1 94365.6 84474.5 53989.5 38752.3 32595.5 28467.2 16305 13094.3 37313.4 21111.9 9434.75 8890.05 16391.4 15585.3 14537.8 10760.3 10959.4 8698.59 6438.04 6159.55 5054.9 3525.54 7832.64 11767.6 3472.73 2944.42 2410.55 1677.66
threshold=0.50287699331226199 32113.189999999999 30.500000000000004 38027.500000000007 35.500000000000007 2671.8800000000006 36194.600000000006 31513.450000000001 4813.2200000000012 1.5000000000000002 39181.200000000004 27660.835000000003 32656.635000000002 0.4305614952381514 16857.875000000004 16725.820000000003 15133.059999999999 17635.590000000007 17858.085000000003 28674.800000000003 30425.400000000005 7.5000000000000009 3.5000000000000004 0.40087402272154476 0.38395612325643141 8.5000000000000018 18299.375000000004 32314.200000000004 1.0000000180025095e-35 29757.400000000005
decision_type=2 2 2 2 2 2 2 2 2 2 2 2 2 2 2 2 2 2 2 2 2 2 2 2 2 2 2 2 2 2
left_child=13 7 5 8 -5 6 -3 19 -4 11 -11 -9 -7 23 15 20 -17 22 -19 -2 -15 -21 -16 24 28 -26 29 -28 -1 -25
right_child=1 2 3 4 -6 12 -8 9 -10 10 -12 -13 -14 14 17 16 -18 18 -20 21 -22 -23 -24 26 25 -27 27 -29 -30 -31
leaf_value=-0.53010690212249756 -3.2234810829162601 5.7313757578531872 7.0651467323303168 1.2732202569643656 7.2726385498046886 -1.6082537293434145 1.2760584977956919 0.33185433992760238 11.941435750325518 0.31177114560925889 -2.2387277762095135 1.6511017010263775 0.32425442785024644 -1.9290128389994299 -5.0313238779703795 2.0342283682389688 -0.35888835906982425 1.5769684394200638 -2.4208382129669186 -0.29422479321559275 0.076922476291656494 -1.6455756774315469 -2.3162315845489498 -1.8763354619344055 -1.7972540537516282 1.1320001602172851 -3.8715119679768883 -2.0347178459167483 -1.4269716858863832 -0.2041826248168945
leaf_weight=7.9999999999999991 3.9999999999999991 6.0000000000000027 4.0000000000000027 15.000000000000002 4.9999999999999991 7.9999999999999991 12.999999999999998 89 3 326 14.999999999999998 46 30 12.000000000000002 2.9999999999999982 11.000000000000002 14.999999999999998 3 4 24 5.9999999999999991 12.999999999999998 4 3.0000000000000027 5.9999999999999973 8 2.9999999999999991 7.9999999999999991 118 3
leaf_count=8 4 6 4 15 5 8 13 89 3 326 15 46 30 12 3 11 15 3 4 24 6 13 4 3 6 8 3 8 118 3
internal_value=0.0687374 0.498468 1.99268 4.42764 2.77307 0.839274 2.683 0.255695 9.15498 0.364584 0.199579 0.781376 -0.0825894 -1.13251 -0.603531 -0.129396 0.653584 -2.09367 -0.707493 -1.00848 -1.26037 -0.769024 -3.47984 -1.32793 -1.24536 -0.123395 -2.00787 -2.53566 -1.37003 -1.04026
internal_weight=816 601 84 27 20 57 19 517 7 476 341 135 38 215 58 44 26 14 7 41 18 37 7 157 140 14 17 11 126 6
internal_count=816 601 84 27 20 57 19 517 7 476 341 135 38 215 58 44 26 14 7 41 18 37 7 157 140 14 17 11 126 6
is_linear=0
shrinkage=0.05


Tree=42
num_leaves=31
num_cat=0
split_feature=1 1 5 0 3 3 6 0 4 0 4 0 2 6 4 4 0 4 6 4 2 0 1 1 6 2 3 6 0 1
split_gain=162257 46135.2 80926 71177.5 42065.7 35703.3 25717.7 17119.4 17052.3 17734.9 16647.5 15948.1 15684.8 13388.1 12591.9 11440.2 8571.45 36892.2 26099.8 12776.5 8702.26 8064.01 7855.72 7749.07 7605.89 6955.87 5739.05 5290.47 2794.41 1628.66
threshold=24782.400000000001 32173.255000000001 7.5000000000000009 38471.200000000004 0.925146242178572 0.50287699331226199 29.500000000000004 31299.350000000002 39497.500000000007 34881.30000000001 40095.000000000007 38954.150000000009 16830.240000000002 31.500000000000004 39295.000000000007 44860.000000000007 34962.05000000001 42910.000000000007 34.500000000000007 39497.500000000007 19353.930000000004 36406.05000000001 29893.515000000003 28164.300000000007 29.500000000000004 5581.3550000000005 0.7537959090041324 33.500000000000007 33969.950000000004 27660.835000000003
decision_type=2 2 2 2 2 2 2 2 2 2 2 2 2 2 2 2 2 2 2 2 2 2 2 2 2 2 2 2 2 2
left_child=5 8 4 25 21 16 -6 13 14 22 24 -5 -12 26 23 -11 17 19 -18 -1 -20 -3 -10 -2 -9 -4 -7 -15 -19 -16
right_child=1 2 3 11 6 7 -8 10 9 15 12 -13 -14 27 29 -17 18 28 20 -21 -22 -23 -24 -25 -26 -27 -28 -29 -30 -31
leaf_value=-0.89268055746429842 0.50073779525105344 -2.2034125010172527 11.148580678304041 4.780489349365233 2.2745929410583092 0.89517881870269678 7.2560914357503252 1.3612369761655208 -1.2625192297001679 0.64599526060783141 -0.62802083152704524 -0.04213244915008544 1.2810932636260988 -3.9735021471977237 2.0115583181381229 -0.30771841455250981 2.7464866320292156 1.8459444363911945 -3.2814627213911578 -2.1340629965066911 -1.6038030991187462 0.47580193138935356 0.91605024337768559 1.6725038874716986 0.23818302668937266 7.7437136332193992 -1.0272158969532359 -1.8219533348083496 4.0040348052978505 3.314064693450927
leaf_weight=152 43 2.9999999999999991 2.9999999999999982 3 19.000000000000004 6.0000000000000062 2.9999999999999991 19 24.000000000000004 147 104 4 11.999999999999998 3.9999999999999991 3.9999999999999982 40 2.9999999999999991 2.9999999999999991 10.999999999999998 24 26 44 4.9999999999999991 21 73 3 10.999999999999998 9.9999999999999982 3 6
leaf_count=152 43 3 3 3 19 6 3 19 24 147 104 4 12 4 4 40 3 3 11 24 26 44 5 21 73 3 11 10 3 6
internal_value=0.00724506 0.78408 1.83122 5.44999 1.14943 -0.619615 2.95389 -0.195531 0.487991 0.263576 -0.0321643 2.02471 -0.430526 -1.29167 1.14304 0.441992 -1.07617 -0.930522 -1.73889 -1.06196 -2.10257 0.304788 -0.886904 0.885224 0.470118 9.44615 -0.348724 -2.43668 2.92499 2.79306
internal_weight=833 372 82 13 69 461 22 239 290 216 208 7 116 31 74 187 222 182 40 176 37 47 29 64 92 6 17 14 6 10
internal_count=833 372 82 13 69 461 22 239 290 216 208 7 116 31 74 187 222 182 40 176 37 47 29 64 92 6 17 14 6 10
is_linear=0
shrinkage=0.05


Tree=43
num_leaves=29
num_cat=0
split_feature=1 1 4 4 2 1 8 9 4 3 0 4 4 1 6 4 4 2 4 2 3 3 3 4 1 3 6 0
split_gain=151004 49433.8 62735 162802 37576.2 34916.6 33814.6 24925.9 21389.4 21311.7 13005 30343.9 99291.9 15593.4 16075 11597.9 11218.6 7597.22 6820.64 12794 9885.79 6062.12 17688.9 3780.75 3685.57 2664.67 1896.49 1856.01
threshold=23307.145000000004 32113.189999999999 44395.000000000007 44810.000000000007 18299.375000000004 32656.635000000002 2.5000000000000004 1.0000000180025095e-35 39052.500000000007 0.59197575995806317 39343.500000000007 44395.000000000007 43067.500000000007 30022.800000000003 35.500000000000007 42977.500000000007 39905.000000000007 18487.640000000003 42595.000000000007 20388.655000000002 0.46347776133693547 0.54216838338104523 0.52709544372138872 42752.500000000007 32866.640000000007 0.8803471437866629 35.500000000000007 38078.350000000006
decision_type=2 2 2 2 2 2 2 2 2 2 2 2 2 2 2 2 2 2 2 2 2 2 2 2 2 2 2 2
left_child=4 10 15 5 6 -4 7 8 -1 -9 13 12 -12 16 -15 24 -2 -6 20 -20 -19 22 -8 -23 -3 -17 -13 -5
right_child=1 2 3 27 17 -7 21 9 -10 -11 11 26 -14 14 -16 25 -18 18 19 -21 -22 23 -24 -25 -26 -27 -28 -29
leaf_value=-1.7829614683433814 0.71114140413701543 0.14344415598445465 4.0240261501736097 -0.24835074631606827 -3.2339712905883786 8.2233869552612315 0.14049450100922004 -1.2429804975336245 -0.036543235778808594 -4.6346550226211551 2.8103826045989972 -0.18400617599487307 -7.7586000061035136 0.85270893275737769 3.2735943078994754 -1.8179194927215576 0.033576535878126472 -1.316543356340323 1.1571935176849359 -1.424194645881653 -4.2187138239542641 0.55384162015428673 -2.4297887288033966 -0.31477296277880673 1.3527946960358392 -0.31092696298252454 1.008624577522278 1.100580883026123
leaf_weight=27 96 9.0000000000000018 9.0000000000000018 17.000000000000004 4.9999999999999991 10.999999999999998 41 11.000000000000002 50 7.9999999999999991 4.0000000000000018 4.9999999999999991 5 48 7.9999999999999991 3.9999999999999991 168 134 8.0000000000000018 11.999999999999998 2.9999999999999991 76 7.9999999999999991 14.999999999999998 21 10.999999999999998 9.9999999999999982 2.9999999999999991
leaf_count=27 96 9 9 17 5 11 41 11 50 8 4 5 5 48 8 4 168 134 8 12 3 76 8 15 21 11 10 3
internal_value=-0.027443 0.623322 1.70307 3.14383 -0.728895 6.33367 -0.326376 -1.04914 -0.648924 -2.67105 0.356523 -0.766052 -3.06127 0.440716 1.19855 0.422396 0.279964 -1.31528 -1.25418 -0.391639 -1.38009 0.169231 -0.279144 0.410663 0.98999 -0.712792 0.611081 -0.046011
internal_weight=827 429 85 40 398 20 236 96 77 19 344 24 9 320 56 45 264 162 157 20 137 140 49 91 30 15 15 20
internal_count=827 429 85 40 398 20 236 96 77 19 344 24 9 320 56 45 264 162 157 20 137 140 49 91 30 15 15 20
is_linear=0
shrinkage=0.05


Tree=44
num_leaves=27
num_cat=0
split_feature=1 4 4 1 0 0 4 4 4 2 0 4 4 0 8 0 0 1 0 2 4 4 3 4 0 0
split_gain=119190 54664.3 79368.1 99237.5 38592 32768.3 76915.1 21775.1 26080.9 18938.4 24727.5 13571.6 13284.6 18627.5 14445.6 12871.1 12191.8 8963.53 8015.83 6927.19 7096.16 18501.1 9096.99 6082.56 12512.4 1389.46
threshold=20990.540000000005 44065.000000000007 44810.000000000007 32656.635000000002 37882.500000000007 39077.400000000001 43067.500000000007 39715.000000000007 42277.500000000007 18299.375000000004 30562.600000000002 44860.000000000007 39715.000000000007 35655.100000000006 2.5000000000000004 37564.000000000007 32075.150000000005 33169.200000000004 39875.000000000007 18438.790000000005 42595.000000000007 43767.500000000007 0.46347776133693547 27195.000000000004 30309.650000000005 40081.950000000004
decision_type=2 2 2 2 2 2 2 2 2 2 2 2 2 2 2 2 2 2 2 2 2 2 2 2 2 2
left_child=9 5 3 4 -3 7 -7 16 -9 10 23 17 13 -12 -14 -5 -2 -4 -8 -11 22 -22 -21 -1 -25 -13
right_child=1 2 11 15 -6 6 18 8 -10 19 12 25 14 -15 -16 -17 -18 -19 -20 20 21 -23 -24 24 -26 -27
leaf_value=0.56870479583740241 -0.56395126134157181 1.0028679185053881 1.7894949090480801 8.7771118164062525 5.352309099833171 2.3132858252525335 -3.8525418599446604 -0.808069032478409 0.32174561929612144 -3.5698660532633464 0.78975792011618617 -0.18115497469902039 -1.8131295144557953 -3.266632890701294 0.08283686637878418 5.4556098937988278 0.90539284482598303 -0.41396755377451583 -7.2715694427490227 -1.2223697018809618 0.90982264005220836 -1.9507994318008421 -4.0077781677246094 -1.4434930654672475 -4.8537827809651697 0.78728953599929818
leaf_weight=2.9999999999999991 15.999999999999998 34 20.000000000000004 4.9999999999999982 5.9999999999999991 4.9999999999999982 3 78 148 2.9999999999999991 50 50 15.999999999999998 2.9999999999999991 27 7 120 5.9999999999999991 4 128 13.000000000000002 9.9999999999999982 2.9999999999999991 26.000000000000004 2.9999999999999991 3.9999999999999991
leaf_count=3 16 34 20 5 6 5 3 78 148 3 50 50 16 3 27 7 120 6 4 128 13 10 3 26 3 4
internal_value=-0.00446141 0.456164 1.33094 2.85166 1.65528 0.147421 -2.42312 0.232632 -0.0681904 -0.822274 -0.370871 0.342469 0.0303596 0.560151 -0.622639 6.83957 0.732529 1.281 -5.80627 -1.1903 -1.14394 -0.333926 -1.28616 -1.57456 -1.79628 -0.109418
internal_weight=791 506 132 52 40 374 12 362 226 285 128 80 96 53 43 12 136 26 7 157 154 23 131 32 29 54
internal_count=791 506 132 52 40 374 12 362 226 285 128 80 96 53 43 12 136 26 7 157 154 23 131 32 29 54
is_linear=0
shrinkage=0.05


Tree=45
num_leaves=28
num_cat=0
split_feature=3 4 4 2 0 0 4 7 0 2 0 7 0 3 4 7 5 0 4 6 6 0 0 5 4 4 4
split_gain=114803 41675.1 81252.5 85612.5 37248.5 26789.6 60918.2 18798 22238.4 17134.2 14311.5 17211.7 11584 16589.7 9277.8 11486.4 8724.64 7744.78 18650.9 6047.59 4094.27 3930.42 2566.83 1320.67 768.541 481.627 480.572
threshold=0.61309181511503941 44065.000000000007 44810.000000000007 10473.120000000001 36406.05000000001 39875.000000000007 43067.500000000007 3.5000000000000004 34962.05000000001 21540.835000000003 30037.950000000004 3.5000000000000004 29485.550000000003 0.39766706942757746 44860.000000000007 5.5000000000000009 8.5000000000000018 32178.500000000004 39497.500000000007 35.500000000000007 25.500000000000004 37585.200000000004 39983.80000000001 6.5000000000000009 43767.500000000007 38752.500000000007 33235.000000000007
decision_type=2 2 2 2 2 2 2 2 2 2 2 2 2 2 2 2 2 2 2 2 2 2 2 2 2 2 2
left_child=7 5 3 4 -3 10 -7 9 17 12 20 -12 25 -14 15 -4 19 23 -19 -10 -2 -5 -16 -9 26 -1 -11
right_child=1 2 14 21 -6 6 -8 8 16 24 11 -13 13 -15 22 -17 -18 18 -20 -21 -22 -23 -24 -25 -26 -27 -28
leaf_value=-1.3611563086509708 -2.8728754997253421 2.3065467834472648 2.0517092738832745 0.54492599158124477 6.327355527877808 2.517456372578939 -6.90799102783203 -0.83926644508655268 -3.0485718091328948 -1.5555425763130188 0.54007723463988633 -0.24416299910889461 2.1087050769064164 -0.12407107618722049 -0.18138670031395224 0.060338526566823314 -1.6213105678558346 0.37444016039371492 -1.4673507045816494 -6.223365720113117 -0.82366707233282244 1.9886419932047528 0.83623714787619452 -1.3899504608182767 -1.9443279743194581 -2.0331123352050779 -1.1161257828984943
leaf_weight=7.9999999999999982 2.9999999999999991 9.0000000000000018 14 22.000000000000004 15.999999999999998 2.9999999999999991 4 12.999999999999998 2.9999999999999982 7.9999999999999991 251 97 8.9999999999999982 110 54 15 4 28 27 3 12.999999999999998 5.9999999999999991 6.9999999999999991 67 3.9999999999999991 4 28
leaf_count=8 3 9 14 22 16 3 4 13 3 8 251 97 9 110 54 15 4 28 27 3 13 6 7 67 4 4 28
internal_value=0.0137803 0.474853 1.20003 2.75315 4.87986 0.195336 -2.86851 -0.736192 -1.15498 -0.381078 0.254256 0.321482 -0.104513 0.0447943 0.28542 1.02169 -3.43011 -0.986454 -0.529712 -4.63597 -1.20789 0.854294 -0.0646102 -1.30046 -1.28683 -1.58514 -1.21377
internal_weight=830 514 143 53 25 371 7 316 145 171 364 348 131 119 90 29 10 135 55 6 16 28 61 80 40 12 36
internal_count=830 514 143 53 25 371 7 316 145 171 364 348 131 119 90 29 10 135 55 6 16 28 61 80 40 12 36
is_linear=0
shrinkage=0.05


Tree=46
num_leaves=29
num_cat=0
split_feature=1 1 7 4 7 0 5 2 8 7 0 4 0 0 0 0 4 2 4 0 4 3 4 1 1 7 0 3
split_gain=142071 51481.2 52187.7 83754.6 26502.3 41262.9 23162.1 22060.8 21553.5 37681.2 17272.3 32647.3 13050.8 11246 10425.4 9330.76 8579.39 9726.09 6908.78 5811.63 5569.02 4540.78 4173.96 1495.52 1445.79 1081.68 843.224 318.796
threshold=23307.145000000004 30664.215000000007 5.5000000000000009 44810.000000000007 1.5000000000000002 38954.150000000009 7.5000000000000009 16521.595000000005 2.5000000000000004 4.5000000000000009 35042.750000000007 42910.000000000007 30562.600000000002 34093.200000000004 38373.900000000009 37715.000000000007 34325.000000000007 5274.0800000000008 39497.500000000007 30965.150000000005 42277.500000000007 0.66857583397057352 42752.500000000007 32978.875000000007 28164.300000000007 2.5000000000000004 37037.250000000007 0.8506650391985584
decision_type=2 2 2 2 2 2 2 2 2 2 2 2 2 2 2 2 2 2 2 2 2 2 2 2 2 2 2 2
left_child=7 16 4 23 6 -6 -3 8 9 12 11 18 -1 -11 15 -12 24 20 -9 -10 -18 -19 -21 -4 25 -2 -5 -26
right_child=1 2 3 26 5 -7 -8 10 19 13 14 -13 -14 -15 -16 -17 17 21 -20 22 -22 -23 -24 -25 27 -27 -28 -29
leaf_value=-1.4163111188194968 -0.059960953394571873 1.1060922299661946 6.4845749378204349 0.3024935722351072 0.56582004298766453 -5.4429304122924806 3.5563972839287352 -0.77691165479362434 -2.0212830066680909 -2.689346623420716 -1.891621373829089 3.1685591125488282 0.14659184427822339 -6.279055404663084 0.53799194097518921 -4.4304377079010013 -1.509215434010212 -0.53684734569655523 -1.5805836121241252 0.3342718416436033 0.62423273324966433 0.28727415034818088 -0.59309986531734471 5.3682106018066413 1.751094334466117 1.0111315835605967 -0.72416590849558504 1.1915377676486967
leaf_weight=22 3.0000000000000027 31 3.9999999999999991 3.0000000000000018 60 2.9999999999999991 13.999999999999998 141 2.9999999999999991 7.9999999999999982 38 4.9999999999999991 34 3 3.9999999999999991 3.9999999999999991 13.000000000000002 18 33 91 3.9999999999999991 234 13.999999999999998 11.999999999999998 6.9999999999999982 10.999999999999998 6 4
leaf_count=22 3 31 4 3 60 3 14 141 3 8 38 5 34 3 4 4 13 18 33 91 4 234 14 12 7 11 6 4
internal_value=-0.0323664 0.601922 1.41818 3.47677 0.941656 0.279689 1.86841 -0.709469 -0.28843 -0.992935 -1.03694 -0.814866 -0.467406 -3.66836 -1.90112 -2.13341 0.232661 0.15032 -0.929332 0.148625 -1.00723 0.228408 0.210622 5.6473 1.11866 0.781612 -0.381946 1.54762
internal_weight=827 427 133 25 108 63 45 400 175 67 225 179 56 11 46 42 294 269 174 108 17 252 105 16 25 14 9 11
internal_count=827 427 133 25 108 63 45 400 175 67 225 179 56 11 46 42 294 269 174 108 17 252 105 16 25 14 9 11
is_linear=0
shrinkage=0.05


Tree=47
num_leaves=29
num_cat=0
split_feature=1 3 5 2 0 7 3 1 0 6 7 8 0 2 2 7 7 7 3 2 0 7 8 8 8 0 2 0
split_gain=110577 42205.2 22186.4 89084.3 27396.2 34363.5 22296.5 16956.7 16743.6 15492.3 10665.2 19935.2 9630.3 17484.3 6544.72 6941.73 6328.66 13335 6745.04 6120.08 5328.66 10215.3 11175 9274.31 7235.49 18187.9 4315.03 1227.08
threshold=27585.500000000004 0.50287699331226199 7.5000000000000009 5961.6650000000009 39623.80000000001 1.5000000000000002 0.94299997865913376 34722.030000000006 30687.600000000002 35.500000000000007 5.5000000000000009 2.5000000000000004 38471.200000000004 5623.755000000001 13004.180000000002 1.5000000000000002 1.5000000000000002 1.0000000180025095e-35 0.86191903822098026 16987.640000000003 34962.05000000001 2.5000000000000004 2.5000000000000004 3.5000000000000004 2.5000000000000004 36386.750000000007 19591.150000000005 35735.200000000004
decision_type=2 2 2 2 2 2 2 2 2 2 2 2 2 2 2 2 2 2 2 2 2 2 2 2 2 2 2 2
left_child=1 20 6 12 9 -6 16 27 14 -5 19 -12 13 -4 15 -3 17 -2 -18 -10 21 22 -1 -23 26 -26 -22 -8
right_child=2 8 3 4 5 -7 7 -9 10 -11 11 -13 -14 -15 -16 -17 18 -19 -20 -21 24 23 -24 -25 25 -27 -28 -29
leaf_value=0.82453011406792531 0.32478299050620113 -1.7750798759361102 9.0688126564025904 0.83955936349671456 0.99393536249796544 -3.8910987377166748 5.2781159083048523 -0.040822617212931303 0.15103843778590947 2.8188506507873536 -1.7776150731813338 0.24520442390750194 3.8292776107788082 4.0192573865254708 -3.4844184875488282 0.061888684166802294 -0.14002112017737495 1.9875598588370178 0.62433987548274383 1.6483667986733572 -4.1146579106648771 -1.3292634092528246 -0.82354495078325274 -0.51301705508396545 -1.8639983113606768 1.3932449499766033 -1.9250280592176652 3.8480370203653962
leaf_weight=18 33 12.000000000000004 3.9999999999999982 29 8.9999999999999982 5.9999999999999991 2.9999999999999982 3 272 14.999999999999998 21 29 4 3 2.9999999999999991 9 54 19 62 6.9999999999999991 2.9999999999999991 87 24 58 15.000000000000002 5.9999999999999991 8.9999999999999982 3
leaf_count=18 33 12 4 29 9 6 3 3 272 15 21 29 4 3 3 9 54 19 62 7 3 87 24 58 15 6 9 3
internal_value=0.0175305 -0.363681 0.90188 1.65541 0.885234 -0.960078 0.603872 3.02844 -0.0249155 1.51432 0.0680913 -0.60438 5.78638 6.90472 -1.29988 -0.987808 0.473985 0.932336 0.268517 0.188606 -0.907246 -0.803874 -0.117227 -1.00276 -1.49302 -0.933357 -2.47244 4.56308
internal_weight=820 573 247 70 59 15 177 9 353 44 329 50 11 7 24 21 168 52 116 279 220 187 42 145 33 21 12 6
internal_count=820 573 247 70 59 15 177 9 353 44 329 50 11 7 24 21 168 52 116 279 220 187 42 145 33 21 12 6
is_linear=0
shrinkage=0.05


Tree=48
num_leaves=26
num_cat=0
split_feature=1 5 2 0 3 2 4 1 4 4 4 7 0 0 6 4 0 3 1 3 1 4 2 0 1
split_gain=104900 27277 88283 25210.3 23735.8 20315.3 16573 33853.2 16064.5 12709.9 15820.9 16008.1 11808.2 11413.9 8742.71 8343.66 8192.21 7961.03 11456.6 16845.7 5809.26 5520.73 2991.43 2449.31 23.6054
threshold=25543.485000000004 7.5000000000000009 5961.6650000000009 38373.900000000009 0.925146242178572 16360.340000000002 44395.000000000007 34722.030000000006 39715.000000000007 37740.000000000007 42910.000000000007 2.5000000000000004 35277.450000000004 39181.200000000004 39.500000000000007 36090.000000000007 38977.05000000001 0.54789928922507503 19379.565000000002 0.52140034977653127 28014.445000000003 36372.500000000007 15028.125000000002 33649.200000000004 34050.835000000006
decision_type=2 2 2 2 2 2 2 2 2 2 2 2 2 2 2 2 2 2 2 2 2 2 2 2 2
left_child=5 4 3 -3 8 9 23 -8 20 15 11 -11 -10 -12 16 22 -4 18 19 -7 -2 -17 -1 -6 -5
right_child=1 2 14 24 6 17 7 -9 12 10 13 -13 -14 -15 -16 21 -18 -19 -20 -21 -22 -23 -24 -25 -26
leaf_value=-0.14401619078024575 0.53338754177093506 9.882838185628259 1.1078595601906212 4.3683835347493476 -0.34431286547332973 -0.77081811628234931 5.0860431671142585 -0.54755083322525022 -0.89948426365852363 -0.19104826223282589 0.4285082909883115 -1.3701744172089505 0.20262493405025453 -2.735691587130229 2.9611220359802246 1.8346604200509873 -0.042092835335504446 -3.0202309608459474 1.5962141418457032 -4.5454140981038416 1.5695438389976821 0.37748530461237984 0.85274326801300049 1.1004988323558462 4.1700345357259101
leaf_weight=46 31 2.9999999999999982 59 3 4.0000000000000027 201 7.9999999999999982 4 30 63 57 53 128 2.9999999999999991 4.9999999999999991 13.000000000000002 21 3.9999999999999991 4.9999999999999991 2.9999999999999991 24 12.999999999999998 8.9999999999999982 10.999999999999998 3
leaf_count=46 31 3 59 3 4 201 8 4 30 63 57 53 128 3 5 13 21 4 5 3 24 13 9 11 3
internal_value=0.0318793 0.709374 1.43137 6.14042 0.426591 -0.449575 1.8232 3.20818 0.249556 -0.15031 -0.388849 -0.729787 -0.00663631 0.270298 0.932769 0.367998 0.805997 -0.81066 -0.768371 -0.826327 0.985528 1.10607 0.0190899 0.715216 4.26921
internal_weight=804 334 94 9 240 470 27 12 213 257 176 116 158 60 85 81 80 213 209 204 55 26 55 15 6
internal_count=804 334 94 9 240 470 27 12 213 257 176 116 158 60 85 81 80 213 209 204 55 26 55 15 6
is_linear=0
shrinkage=0.05


Tree=49
num_leaves=31
num_cat=0
split_feature=1 3 4 4 4 0 1 1 0 0 4 1 6 6 4 6 7 6 0 3 3 6 1 1 0 0 6 4 0 2
split_gain=84227.9 29163.1 22464.2 93628.6 37624.2 42173.6 33945.5 30108.7 21778.5 10520.8 9588.08 11152.5 8497.08 12510.8 7690.34 9109.81 7392.29 5353.89 6249.33 3451.68 9509.84 8044.58 4053.65 3231.57 3048.66 2939.74 2323.01 2081.02 1888.45 1227.34
threshold=27585.500000000004 0.49794694287966818 44395.000000000007 44810.000000000007 43067.500000000007 39875.000000000007 32656.635000000002 32300.690000000006 37564.000000000007 30562.600000000002 44860.000000000007 32376.620000000006 36.500000000000007 33.500000000000007 39497.500000000007 33.500000000000007 1.5000000000000002 31.500000000000004 29098.050000000003 0.4305614952381514 0.44047735446723596 35.500000000000007 16857.875000000004 13660.275000000003 29984.550000000007 33158.750000000007 32.500000000000007 41515.000000000007 36904.350000000006 8945.9400000000005
decision_type=2 2 2 2 2 2 2 2 2 2 2 2 2 2 2 2 2 2 2 2 2 2 2 2 2 2 2 2 2 2
left_child=1 19 4 6 14 28 7 -4 -8 17 11 -5 13 -11 16 -16 -2 18 -3 23 21 -21 -22 26 -19 -14 -1 -25 -6 -12
right_child=2 9 3 10 5 -7 8 -9 -10 12 29 -13 25 -15 15 -17 -18 24 -20 20 22 -23 -24 27 -26 -27 -28 -29 -30 -31
leaf_value=-1.2890981197357179 2.654379439353943 -2.4202777961889876 4.8595517839704199 1.8055189238654241 0.21743302891651775 -6.2745806694030763 8.4454515075683609 0.4872926076253255 3.9773798624674477 0.10026715456912615 -0.20168221281731832 -0.68362468083699546 -0.617087516784668 -0.67335264867460232 0.27202130977700401 1.8043883518739179 0.93097679167985925 -1.2422815390995572 0.1542265295982361 -0.098817787170410148 -0.47081262767314913 3.1762556076049795 -1.4871299040360519 -2.8931083043416352 -2.9726619482040402 0.64735064350983551 -0.76660083420256264 -1.3191320828029087 -0.95602236688137054 0.45495600865946878
leaf_weight=26 7.9999999999999991 3.0000000000000027 7.0000000000000062 18.000000000000004 6.0000000000000027 3.9999999999999991 4.9999999999999982 8.9999999999999982 6 198 34 5.9999999999999991 4.9999999999999991 71 82 10.999999999999998 28 6.9999999999999982 10.999999999999998 5 40 3 12.999999999999998 2.9999999999999982 4 57 117 7 7.9999999999999991 8.9999999999999982
leaf_count=26 8 3 7 18 6 4 5 9 6 198 34 6 5 71 82 11 28 7 11 5 40 3 13 3 4 57 117 7 8 9
internal_value=-0.00296132 -0.33429 0.780679 1.38435 0.394656 -1.74677 3.87015 2.40016 6.00832 -0.0570016 0.382612 1.18323 0.0176991 -0.103922 0.693461 0.453269 1.31396 -1.04604 -0.397453 -0.795573 -0.477549 1.12933 -0.720098 -0.922367 -1.87151 0.54538 -0.8616 -1.79132 -0.453113 -0.0642463
internal_weight=811 570 241 94 147 18 27 16 11 356 67 24 331 269 129 93 36 25 14 214 61 8 53 153 11 62 143 10 14 43
internal_count=811 570 241 94 147 18 27 16 11 356 67 24 331 269 129 93 36 25 14 214 61 8 53 153 11 62 143 10 14 43
is_linear=0
shrinkage=0.05


end of trees

feature_importances:
thermal_on_capacity=324
total_load=272
net_load=239
thermal_space_load_ratio=165
weekday=153
renewable_power=99
period=90
month=46
hour=37
is_weekend=3

parameters:
[boosting: gbdt]
[objective: regression]
[metric: rmse]
[tree_learner: serial]
[device_type: cpu]
[data_sample_strategy: bagging]
[data: ]
[valid: ]
[num_iterations: 400]
[learning_rate: 0.05]
[num_leaves: 31]
[num_threads: 0]
[seed: 42]
[deterministic: 0]
[force_col_wise: 0]
[force_row_wise: 0]
[histogram_pool_size: -1]
[max_depth: 5]
[min_data_in_leaf: 3]
[min_sum_hessian_in_leaf: 0.001]
[bagging_fraction: 0.85]
[pos_bagging_fraction: 1]
[neg_bagging_fraction: 1]
[bagging_freq: 1]
[bagging_seed: 400]
[bagging_by_query: 0]
[feature_fraction: 0.85]
[feature_fraction_bynode: 1]
[feature_fraction_seed: 30056]
[extra_trees: 0]
[extra_seed: 12879]
[early_stopping_round: 0]
[early_stopping_min_delta: 0]
[first_metric_only: 0]
[max_delta_step: 0]
[lambda_l1: 0]
[lambda_l2: 0]
[linear_lambda: 0]
[min_gain_to_split: 0]
[drop_rate: 0.1]
[max_drop: 50]
[skip_drop: 0.5]
[xgboost_dart_mode: 0]
[uniform_drop: 0]
[drop_seed: 17869]
[top_rate: 0.2]
[other_rate: 0.1]
[min_data_per_group: 100]
[max_cat_threshold: 32]
[cat_l2: 10]
[cat_smooth: 10]
[max_cat_to_onehot: 4]
[top_k: 20]
[monotone_constraints: ]
[monotone_constraints_method: basic]
[monotone_penalty: 0]
[feature_contri: ]
[forcedsplits_filename: ]
[refit_decay_rate: 0.9]
[cegb_tradeoff: 1]
[cegb_penalty_split: 0]
[cegb_penalty_feature_lazy: ]
[cegb_penalty_feature_coupled: ]
[path_smooth: 0]
[interaction_constraints: ]
[verbosity: -1]
[saved_feature_importance_type: 0]
[use_quantized_grad: 0]
[num_grad_quant_bins: 4]
[quant_train_renew_leaf: 0]
[stochastic_rounding: 1]
[linear_tree: 0]
[max_bin: 255]
[max_bin_by_feature: ]
[min_data_in_bin: 3]
[bin_construct_sample_cnt: 200000]
[data_random_seed: 175]
[is_enable_sparse: 1]
[enable_bundle: 1]
[use_missing: 1]
[zero_as_missing: 0]
[feature_pre_filter: 1]
[pre_partition: 0]
[two_round: 0]
[header: 0]
[label_column: ]
[weight_column: ]
[group_column: ]
[ignore_column: ]
[categorical_feature: ]
[forcedbins_filename: ]
[precise_float_parser: 0]
[parser_config_file: ]
[objective_seed: 16083]
[num_class: 1]
[is_unbalance: 0]
[scale_pos_weight: 1]
[sigmoid: 1]
[boost_from_average: 1]
[reg_sqrt: 0]
[alpha: 0.9]
[fair_c: 1]
[poisson_max_delta_step: 0.7]
[tweedie_variance_power: 1.5]
[lambdarank_truncation_level: 30]
[lambdarank_norm: 1]
[label_gain: ]
[lambdarank_position_bias_regularization: 0]
[eval_at: ]
[multi_error_top_k: 1]
[auc_mu_weights: ]
[num_machines: 1]
[local_listen_port: 12400]
[time_out: 120]
[machine_list_filename: ]
[machines: ]
[gpu_platform_id: -1]
[gpu_device_id: -1]
[gpu_use_dp: 0]
[num_gpu: 1]

end of parameters

pandas_categorical:[]
