tree
version=v4
num_class=6
num_tree_per_iteration=6
label_index=0
max_feature_idx=10
objective=multiclass num_class:6
feature_names=total_load net_load renewable_power thermal_space_load_ratio thermal_on_capacity hour period weekday month is_weekend is_holiday
feature_infos=[24405.91:30631.740000000002] [15290.049999999999:37153.669999999998] [1170.5799999999999:16294] [0.57584263315517037:1.2951997825573622] [27170:41120] [0:4] [1:20] [0:6] [3:5] [0:1] none
tree_sizes=1235 1576 1841 1051 1166 1167 1477 1708 1909 1394 1310 1640 1480 1909 1914 1395 1306 1750 1479 1808 1910 1926 1306 1751 1492 1912 2016 1817 1424 1750 1491 1906 2021 1836 1422 1970 1709 1699 2014 1825 1417 1974 1710 2004 2325 1294 1417 1978 1712 2018 2017 1297 1422 1974 1713 2017 1912 1300 1622 1973 2257 1910 2318 1616 1639 1982 2259 2014 1920 1737 1645 1974 2246 2018 2024 1736 1835 1861 2250 2113 1808 1927 1642 1977 2258 2014 1812 1623 1843 1967 2159 2130 1809 1619 1747 2091 2153 2233 1807 1932 1857 1973 2352 2130 1711 1831 1752 2086 2262 2339 1822 1839 1847 2083 2260 2137 1806 1834 1644 2081 2359 2240 1922 1833 1951 2077 2358 2346 1815 1723 1846 2094 2355 2246 1925 1835 1649 2080 2151 2451 1713 1840 1964 2098 2267 2453 1610 1725 1852 2184 1828 2456 1613 1727 1962 2199 1831 2460 1607 1725 1964 2195 1831 2559 1395 1726 1647 2296 2362 2565 1716 1734 1959 2317 2362 2562 1822 1733 1650 2300 1834 2356 2137 1924 1542 2193 1829 2461 1814 1616 1540 2198 1833 2359 1828 1825 1760 2215 2349 2463 2039 1736 1658 2095 1835 2359 1720 1612 1537 2099 2038 2457 2353 1824 1541 2100 1838 2244 2347 1722 1543 1985 2254 2463 2035 1736 1770 1979 1854 2345 1725 1825 1555 2113 1840 1725 1928 1722 1547 1988 2045 1728 2254 1836 1551 1867 1615 2145 2539 1729 1661 1869 1841 2355 2541 1726 1668 1866 1737 2359 2846 1626 2081 1866 2262 1732 2850 1729 1659 2089 1622 2253 1712 1626 2076 1874 1525 1841 1723 1732 2080 2208 1636 2152 1721 1626 1665 1868 1523 2256 1613 1735 1869 2321 1638 2364 1823 1745 1869 2328

Tree=0
num_leaves=11
num_cat=0
split_feature=1 8 2 6 2 0 4 3 3 0
split_gain=251.273 236.62 72.9179 54.6615 25.6669 17.759 15.2403 20.6983 5.35147 1.42109e-14
threshold=19267.145 3.5000000000000004 12521.130000000003 7.5000000000000009 12589.545000000002 26868.670000000002 36337.500000000007 0.66094075969639043 0.76951466148307446 28329.260000000006
decision_type=2 2 2 2 2 2 2 2 2 2
left_child=2 3 -1 -2 9 8 7 -4 -6 -3
right_child=1 4 6 -5 5 -7 -8 -9 -10 -11
leaf_value=-2.1142901059222763 -2.0492569945597383 -2.1613830486330796 -1.7885639188392188 -1.7689418593763844 -1.9651624540047319 -2.1613830486330796 -1.7689418593763844 -1.9815141702237611 -2.0632727513189058 -2.1613830486330796
leaf_weight=3.1851906329393378 2.6755601316690436 94.026827484369278 2.5481525063514692 4.9688973873853683 2.5481525063514692 3.5674135088920593 4.3318592607975006 3.0577830076217651 3.0577830076217651 11.084463402628897
leaf_count=25 21 738 20 39 20 28 34 24 24 87
internal_value=-2.11399 -2.13637 -1.90611 -1.86705 -2.15438 -2.07417 -1.83938 -1.89381 -2.01868 -2.16138
internal_weight=135.052 121.929 13.123 7.64446 114.285 9.17335 9.93779 5.60594 5.60594 105.111
internal_count=1060 957 103 60 897 72 78 44 44 825
is_linear=0
shrinkage=1


Tree=1
num_leaves=14
num_cat=0
split_feature=1 1 4 0 2 4 2 5 1 4 0 3 0
split_gain=269.127 57.1407 63.0919 46.2335 30.8592 20.2132 13.7692 12.9733 10.3339 14.3089 12.2265 0.338861 2.84217e-14
threshold=28803.075000000004 18372.640000000003 38897.500000000007 26407.605000000003 4416.5500000000011 33745.000000000007 13547.320000000002 1.5000000000000002 31131.475000000002 35012.500000000007 27381.720000000005 0.67605112674631773 28734.400000000005
decision_type=2 2 2 2 2 2 2 2 2 2 2 2 2
left_child=1 6 4 -2 -3 -6 -1 -4 9 -5 -11 -8 -10
right_child=3 2 7 8 5 -7 11 -9 12 10 -12 -13 -14
leaf_value=-0.7068374709711992 -0.66520885476965819 -0.75663066738259077 -0.70937547370090603 -0.80110614378888234 -0.68884833074415608 -0.64952708573290951 -0.78522204507234961 -0.80110614378888234 -0.80110614378888234 -0.70381603915011959 -0.77856789561001838 -0.80110614378888223 -0.80110614378888234
leaf_weight=6.8951856493949917 8.0943483710288984 8.9937204122543317 5.9958136081695583 18.8868128657341 46.767346143722534 108.52422630786896 6.2956042885780317 10.792464494705198 58.15939199924469 10.792464494705202 11.092255175113676 7.1949763298034668 9.2935110926628095
leaf_count=23 27 30 20 63 156 362 21 36 194 36 37 24 31
internal_value=-0.719917 -0.684954 -0.676019 -0.780473 -0.666584 -0.661369 -0.764316 -0.768345 -0.789094 -0.769221 -0.741704 -0.793694 -0.801106
internal_weight=317.778 201.459 181.074 116.319 164.285 155.292 20.3858 16.7883 108.224 40.7715 21.8847 13.4906 67.4529
internal_count=1060 672 604 388 548 518 68 56 361 136 73 45 225
is_linear=0
shrinkage=1


Tree=2
num_leaves=17
num_cat=0
split_feature=2 0 3 4 1 4 1 3 4 2 7 6 4 4 0 0
split_gain=343.192 50.6802 30.6005 63.6382 21.7755 18.9438 33.5831 15.8206 11.4819 11.4694 9.02223 4.80251 16.7907 0.128696 0.521743 3.55271e-15
threshold=5374.3250000000007 26398.795000000002 0.97633302414385459 34732.500000000007 34295.37000000001 33565.000000000007 30160.145000000004 1.0691500938204357 35865.000000000007 6997.6250000000009 2.5000000000000004 3.5000000000000004 33155.000000000007 32625.000000000004 26783.290000000005 28257.345000000005
decision_type=2 2 2 2 2 2 2 2 2 2 2 2 2 2 2 2
left_child=1 8 11 9 5 6 -3 -5 -1 -4 -7 12 -2 14 -13 -14
right_child=2 4 3 7 -6 10 -8 -9 -10 -11 -12 13 15 -15 -16 -17
leaf_value=-1.0840310924392682 -1.074569777592284 -0.9959429886914829 -1.0840310924392682 -1.178644240909112 -1.1313376666741901 -0.9956733587442903 -1.1365939527002926 -1.0840310924392682 -1.1671759804885249 -0.98941794396942462 -1.0317622901377463 -1.178644240909112 -1.178644240909112 -1.178644240909112 -1.1614418502782313 -1.178644240909112
leaf_weight=7.9270166158676174 5.2846777439117458 7.6627827286720303 5.8131455183029157 26.95185649394989 5.2846777439117423 31.972300350666046 9.5124199390411359 5.2846777439117423 8.7197182774543744 7.1343149542808533 37.785445868968964 18.232138216495517 7.927016615867613 82.176738917827606 5.8131455183029166 6.605847179889679
leaf_count=30 20 29 22 102 20 121 36 20 33 27 143 69 30 311 22 25
internal_value=-1.1167 -1.04729 -1.16083 -1.12553 -1.03279 -1.0268 -1.07384 -1.16313 -1.12758 -1.0319 -1.01522 -1.17349 -1.15089 -1.1777 -1.17449 -1.17864
internal_weight=280.088 108.864 171.224 45.184 92.2176 86.9329 17.1752 32.2365 16.6467 12.9475 69.7577 126.04 19.8175 106.222 24.0453 14.5329
internal_count=1060 412 648 171 349 329 65 122 63 49 264 477 75 402 91 55
is_linear=0
shrinkage=1


Tree=3
num_leaves=9
num_cat=0
split_feature=1 1 2 4 2 4 0 0
split_gain=200.736 35.0379 159.295 4.69134 4.92738 4.3917 3.55271e-15 8.88178e-16
threshold=33820.070000000007 31131.475000000002 4279.2800000000016 28185.000000000004 11230.930000000002 34905.000000000007 28798.285000000003 27409.210000000003
decision_type=2 2 2 2 2 2 2 2
left_child=1 3 5 4 -1 -3 -5 -7
right_child=-2 2 -4 6 -6 7 -8 -9
leaf_value=-3.107494345773083 -2.6773263910708667 -3.1778854656334454 -2.6712712409753521 -3.2717402921139289 -3.2717402921139289 -3.2717402921139289 -3.2717402921139289 -3.2717402921139289
leaf_weight=0.91326452791690715 1.5982129238545884 1.5982129238545875 1.4155600182712076 35.115021098405123 0.91326452791690826 2.876783262938261 1.1872438862919796 2.7854568101465702
leaf_count=20 35 35 31 769 20 63 26 61
internal_value=-3.22835 -3.24717 -3.15648 -3.26781 -3.18962 -3.25108 -3.27174 -3.27174
internal_weight=48.403 46.8048 8.67601 38.1288 1.82653 7.26045 36.3023 5.66224
internal_count=1060 1025 190 835 40 159 795 124
is_linear=0
shrinkage=1


Tree=4
num_leaves=10
num_cat=0
split_feature=4 0 0 0 3 2 0 0 0
split_gain=55.8564 61.8679 6.77453 11.8786 2.81094 16.5786 8.88178e-16 8.88178e-16 1.11022e-16
threshold=28185.000000000004 26988.310000000005 28831.020000000004 29004.815000000006 1.1850114936235565 3986.8500000000004 28626.480000000003 28431.015000000003 27708.075000000004
decision_type=2 2 2 2 2 2 2 2 2
left_child=1 -1 4 -4 6 8 7 -2 -6
right_child=2 -3 3 -5 5 -7 -8 -9 -10
leaf_value=-4.8108230806917707 -4.8108230806917716 -3.5734653395983775 -4.3158799842544155 -4.8108230806917707 -4.8108230806917716 -4.3158799842544138 -4.8108230806917707 -4.8108230806917707 -4.8108230806917707
leaf_weight=0.20204342901706773 8.0413284748792559 0.20204342901706696 0.20204342901706773 0.30306514352560043 0.82837805896997518 0.20204342901706684 0.24245211482048112 0.27275862917304117 0.2121456004679203
leaf_count=20 796 20 20 30 82 20 24 27 21
internal_value=-4.7688 -4.19214 -4.79141 -4.61285 -4.80062 -4.73034 -4.81082 -4.81082 -4.81082
internal_weight=10.7083 0.404087 10.3042 0.505109 9.79911 1.24257 8.55654 8.31409 1.04052
internal_count=1060 40 1020 50 970 123 847 823 103
is_linear=0
shrinkage=1


Tree=5
num_leaves=10
num_cat=0
split_feature=4 0 3 2 0 0 0 0 0
split_gain=69.5101 79.8749 22.8697 132.207 8.8558 1.77636e-15 1.77636e-15 2.22045e-16 2.22045e-16
threshold=28185.000000000004 26988.310000000005 1.1885495277645062 3965.7550000000006 29238.225000000002 28431.015000000003 25761.230000000003 26811.320000000003 28798.285000000003
decision_type=2 2 2 2 2 2 2 2 2
left_child=1 -1 4 7 5 6 -2 -4 -7
right_child=2 -3 3 -5 -6 8 -8 -9 -10
leaf_value=-4.1180388672250299 -4.1180388672250299 -3.1196027791975882 -4.1180388672250299 -3.1196027791975878 -3.8911215744915202 -4.1180388672250299 -4.1180388672250299 -4.1180388672250299 -4.1180388672250299
leaf_weight=0.40062654763460415 2.2034460119903221 0.40062654763460159 0.48075185716152136 0.40062654763460148 0.44068920239806075 0.96150371432304271 13.901741202920674 1.4422555714845655 0.60093982145190239
leaf_count=20 110 20 24 20 22 48 694 72 30
internal_value=-4.07565 -3.61882 -4.09357 -3.94589 -4.11252 -4.11804 -4.11804 -4.11804 -4.11804
internal_weight=21.2332 0.801253 20.432 2.32363 18.1083 17.6676 16.1052 1.92301 1.56244
internal_count=1060 40 1020 116 904 882 804 96 78
is_linear=0
shrinkage=1


Tree=6
num_leaves=13
num_cat=0
split_feature=1 4 2 6 2 0 4 3 1 2 3 1
split_gain=192.175 180.009 44.0911 27.5486 24.7325 15.3547 6.75013 9.68961 4.15201 8.36403e-05 2.13736e-05 2.09151e-05
threshold=19267.145 38897.500000000007 12521.130000000003 7.5000000000000009 12589.545000000002 26868.670000000002 36337.500000000007 0.66094075969639043 20109.365000000002 4279.2800000000016 0.97633302414385459 31204.425000000007
decision_type=2 2 2 2 2 2 2 2 2 2 2 2
left_child=2 4 -1 -3 9 8 7 -4 -6 11 -11 -2
right_child=1 3 6 -5 5 -7 -8 -9 -10 10 -12 -13
leaf_value=-0.00078618476849466362 -0.047080066974935504 0.05701782782555076 0.23335120276044591 0.24258572289715838 0.1253631161430063 -0.047025599328988268 0.2468382782589357 0.11354410948514711 0.041764095837386404 -0.04706650905994296 -0.047008453264860459 -0.047158563148948257
leaf_weight=3.2139567285776129 13.180337287485598 2.8588384836912137 3.3518958836793882 6.6576775163412094 3.1717523336410505 3.3916493579745293 5.724303662776947 3.3990144729614258 2.793222963809967 30.222728289663792 33.34491403400898 23.826287716627121
leaf_count=25 108 21 20 39 23 28 34 24 21 248 276 193
internal_value=-0.000168076 -0.0217775 0.164353 0.18684 -0.0398371 0.0379178 0.206897 0.17303 0.0862161 -0.0470708 -0.0470361 -0.0471306
internal_weight=135.137 119.447 15.6892 9.51652 109.931 9.35662 12.4752 6.75091 5.96498 100.574 63.5676 37.0066
internal_count=1060 957 103 60 897 72 78 44 44 825 524 301
is_linear=0
shrinkage=0.05


Tree=7
num_leaves=15
num_cat=0
split_feature=1 1 4 0 2 4 2 0 1 4 4 3 2 1
split_gain=232.897 49.9347 54.9769 40.4097 27.1605 17.1333 11.8301 11.4198 9.42633 13.0463 3.46623 0.312104 0.00768753 0.00267672
threshold=28803.075000000004 18372.640000000003 38897.500000000007 26407.605000000003 4416.5500000000011 33745.000000000007 13547.320000000002 28348.140000000003 31131.475000000002 36520.000000000007 35012.500000000007 0.67605112674631773 4279.2800000000016 33025.845000000008
decision_type=2 2 2 2 2 2 2 2 2 2 2 2 2 2
left_child=1 6 4 -2 -3 -6 -1 -4 9 10 -5 -8 13 -10
right_child=3 2 7 8 5 -7 11 -9 12 -11 -12 -13 -14 -15
leaf_value=0.011473756032850363 0.051290442672432116 -0.034799641633392053 -0.076355365832093722 -0.07609773546792066 0.029378577026514349 0.06558207435526231 -0.060964388093880384 0.0098291133206927835 -0.076649101970482539 -6.7208982249231249e-05 -0.040156011011172811 -0.076262465938675694 -0.074732377537326575 -0.075967092251196078
leaf_weight=6.8991395235061672 8.0969139933586103 8.9717673361301404 10.709071248769762 18.723281681537632 46.770600110292435 108.47264939546585 6.2560028135776502 5.9954442381858817 27.387651413679123 11.362434953451155 10.453259676694868 7.1381049156188965 9.1705914437770826 30.306865751743317
leaf_count=23 27 30 36 63 156 362 21 20 92 38 35 24 31 102
internal_value=0.000168601 0.0326537 0.0409958 -0.0564232 0.0497866 0.0546749 -0.0417185 -0.0454228 -0.0645434 -0.0455198 -0.0632207 -0.0691172 -0.0760771 -0.0762908
internal_weight=316.714 201.213 180.92 115.501 164.215 155.243 20.2932 16.7045 107.404 40.539 29.1765 13.3941 66.8651 57.6945
internal_count=1060 672 604 388 548 518 68 56 361 136 98 45 225 194
is_linear=0
shrinkage=0.05


Tree=8
num_leaves=17
num_cat=0
split_feature=1 2 0 4 2 4 4 4 1 3 0 1 1 4 0 5
split_gain=299.542 36.5587 25.4032 24.5142 19.1736 18.4622 16.5948 14.2883 39.1557 12.1962 9.47187 2.69613 0.131947 0.00364377 0.000192979 8.06268e-05
threshold=27241.350000000002 5374.3250000000007 26398.795000000002 35397.500000000007 1618.2000000000003 35987.500000000007 33565.000000000007 32625.000000000004 24656.205000000005 1.0691500938204357 27285.210000000003 26931.385000000002 26583.380000000001 33745.000000000007 27409.210000000003 1.5000000000000002
decision_type=2 2 2 2 2 2 2 2 2 2 2 2 2 2 2 2
left_child=7 2 5 -3 -4 -2 -6 8 10 14 15 12 13 -9 -5 -1
right_child=1 3 4 9 6 -7 -8 11 -10 -11 -12 -13 -14 -15 -16 -17
leaf_value=-0.060627187642939166 0.071108144726772279 0.074872708955333642 -0.016302953557704527 -0.059986683898533955 0.037080670810184603 -0.047948680420177102 0.091511255844157938 -0.060862514873626865 0.10236798653128704 0.030218932032608878 0.014724558275976275 -0.022812930858220819 -0.052839849178644253 -0.059986503748063705 -0.060388788423507957 -0.060402903788612863
leaf_weight=5.4157584011554816 5.6083262264728528 7.58345699310303 5.3603790104389182 7.1276155710220355 17.341340243816376 7.7640911936759949 72.744405299425125 13.720051884651182 5.4201067090034476 5.3676012158393851 5.2439873516559592 5.20313736796379 6.6592040657997122 88.060354381799698 5.1323472857475281 15.404882699251173
leaf_count=21 21 28 20 28 64 30 263 53 20 20 20 20 26 346 20 60
internal_value=6.00673e-05 0.0539552 0.0665244 -0.000297533 0.0755669 0.00198317 0.0810335 -0.0497137 -0.0199075 -0.0326361 -0.0453345 -0.0579715 -0.0596585 -0.0601046 -0.060155 -0.0604612
internal_weight=279.157 134.03 108.819 25.211 95.4461 13.3724 90.0857 145.127 31.4847 17.6276 26.0646 113.643 108.44 101.78 12.26 20.8206
internal_count=1060 494 398 96 347 51 327 566 121 68 101 445 425 399 48 81
is_linear=0
shrinkage=0.05


Tree=9
num_leaves=12
num_cat=0
split_feature=3 1 2 4 8 4 6 8 4 4 6
split_gain=109.718 36.7181 52.248 21.0291 29.6407 4.50521 4.68854 0.852481 9.73406e-07 1.03755e-06 8.77092e-08
threshold=1.2546483410064913 31131.475000000002 4392.7500000000009 34905.000000000007 4.5000000000000009 28185.000000000004 10.500000000000002 4.5000000000000009 37941.500000000007 33397.500000000007 5.5000000000000009
decision_type=2 2 2 2 2 2 2 2 2 2 2
left_child=1 5 3 4 -3 6 -1 -5 9 -7 -10
right_child=-2 2 -4 7 -6 8 -8 -9 10 -11 -12
leaf_value=-0.043446597514425846 0.36822274855600612 0.30272962512214602 0.30958644292748255 -0.043468830107821654 -0.043810550196527548 -0.04331153839423825 0.11419906987457273 0.0077795137700184275 -0.04333970090622466 -0.043291206148551788 -0.043320995704285124
leaf_weight=0.93537832051515468 1.9385129548609246 1.297967713326214 1.8345336169004429 5.0404075160622597 1.1762266010046005 8.6334170103073138 0.95133086666464806 0.96715873479843129 0.89053554087877218 22.964180588722229 2.115337859839201
leaf_count=20 29 23 24 109 22 197 20 18 20 530 48
internal_value=-0.00038422 -0.0156503 0.0676379 0.0153064 0.137985 -0.039197 0.0360427 -0.0352184 -0.0432993 -0.0432968 -0.0433265
internal_weight=48.745 46.8065 10.3163 8.48176 2.47419 36.4902 1.88671 6.00757 34.6035 31.5976 3.00587
internal_count=1060 1031 196 172 45 835 40 127 795 727 68
is_linear=0
shrinkage=0.05


Tree=10
num_leaves=11
num_cat=0
split_feature=4 3 1 4 1 0 0 4 4 1
split_gain=23.9561 17.2234 5.49108 27.6115 4.40432 2.2642e-06 3.52951e-07 7.24891e-09 9.40356e-09 5.03232e-09
threshold=28185.000000000004 1.0762804343538359 31427.985000000004 33565.000000000007 34295.37000000001 28831.020000000004 28831.020000000004 33397.500000000007 33745.000000000007 28973.965000000004
decision_type=2 2 2 2 2 2 2 2 2 2
left_child=1 -1 6 -4 5 -5 7 9 -9 -2
right_child=2 -3 3 4 -6 -7 -8 8 -10 -11
leaf_value=0.061347542608738717 -0.04200801852634415 0.52038826909463587 0.52793657959699103 -0.042030574106589814 0.20320149827457198 -0.042194459399183967 -0.04206703330671336 -0.041994560177017623 -0.042005995026641943 -0.042014841746839879
leaf_weight=0.48126829881221134 1.5952761694788913 0.35512407775968313 0.26310326997190747 1.5478296941146252 0.20388621371239413 0.24397346563637246 0.24886745959520329 0.18589221406728018 5.4792457157745957 0.32533681765198696
leaf_count=27 165 13 19 153 20 17 23 20 570 33
internal_value=-0.000897706 0.256252 -0.0222064 0.0464767 -0.0169969 -0.0420529 -0.0420084 -0.0420065 -0.0420056 -0.0420092
internal_weight=10.9298 0.836392 10.0934 2.25879 1.99569 1.7918 7.83462 7.58575 5.66514 1.92061
internal_count=1060 40 1020 209 190 170 811 788 590 198
is_linear=0
shrinkage=0.05


Tree=11
num_leaves=14
num_cat=0
split_feature=4 1 1 3 2 4 0 1 4 1 7 1 1
split_gain=39.575 155.217 17.4753 5.90371e-05 0.000215429 5.50948e-05 6.47555e-06 1.06135e-07 7.55208e-08 2.55399e-08 2.02257e-08 5.54384e-09 1.00889e-08
threshold=33397.500000000007 30551.800000000003 30129.380000000005 1.1913171603392037 3965.7550000000006 28185.000000000004 29238.225000000002 31204.425000000007 33745.000000000007 24821.220000000005 2.5000000000000004 33093.10500000001 34226.06500000001
decision_type=2 2 2 2 2 2 2 2 2 2 2 2 2
left_child=1 2 5 6 11 -1 7 8 -2 -7 -9 -5 -13
right_child=3 -3 -4 4 -6 9 -8 10 -10 -11 -12 12 -14
leaf_value=-0.042846791285818704 -0.04232741261406614 0.65136847843453827 0.28058067286492155 -0.04236660096505649 -0.043510057353153275 -0.042359068836949565 -0.042547045589092398 -0.042354447727425679 -0.042350423717287956 -0.04235044713064199 -0.04236597849556839 -0.04235710839654637 -0.042366668793573772
leaf_weight=0.67588332109153526 0.36872695200144789 1.0797180924564598 0.46296073868870724 0.46793583594262544 0.53551010414957989 2.3535456936806445 0.43759349174797613 0.53668591380119401 10.804882561787961 1.3526176139712331 1.3051217440515754 0.84652289748191811 0.40941447950899601
leaf_count=26 20 30 11 24 11 122 18 28 567 71 67 44 21
internal_value=-0.000874084 0.109246 -0.0115665 -0.0423976 -0.0426341 -0.0424316 -0.0423579 -0.0423515 -0.0423497 -0.0423559 -0.0423626 -0.042362 -0.0423602
internal_weight=21.6371 5.92473 4.84501 15.7124 2.25938 4.38205 13.453 13.0154 11.1736 3.70616 1.84181 1.72387 1.25594
internal_count=1060 260 230 800 100 219 700 682 587 193 95 89 65
is_linear=0
shrinkage=0.05


Tree=12
num_leaves=13
num_cat=0
split_feature=1 4 2 2 1 0 4 3 3 2 4 3
split_gain=154.664 145.794 30.1059 23.8341 19.1564 13.4683 3.92622 5.56728 3.2638 0.000211145 7.35198e-05 4.77061e-05
threshold=19267.145 38897.500000000007 12521.130000000003 12589.545000000002 26001.045000000002 26868.670000000002 36337.500000000007 0.66094075969639043 0.76951466148307446 4279.2800000000016 33397.500000000007 1.1024823617791162
decision_type=2 2 2 2 2 2 2 2 2 2 2 2
left_child=2 3 -1 9 -3 8 7 -4 -5 11 -11 -2
right_child=1 4 6 5 -6 -7 -8 -9 -10 10 -12 -13
leaf_value=-0.0010670839932526732 -0.046999789138939777 0.19548032894149167 0.18404546587816167 0.11617192189062456 0.0527991125443283 -0.046715827246299586 0.19520518596598982 0.099065158433626066 0.044086348466824354 -0.046800238822600454 -0.046676202055397034 -0.046838720552445867
leaf_weight=3.2305977940559414 5.4241339117288581 7.6511512100696546 4.0096698403358442 3.0286200791597349 3.3968620747327805 3.2375033125281334 6.8480921983718872 3.711025133728981 3.2609413862228394 16.381577469408512 44.127066522836685 30.154174849390984
leaf_count=25 45 39 20 20 21 28 34 24 24 140 384 256
internal_value=-0.000263044 -0.0212091 0.137023 -0.0392874 0.151611 0.0361455 0.167645 0.143199 0.0787978 -0.0467666 -0.0467098 -0.0468633
internal_weight=134.461 116.662 17.7994 105.614 11.048 9.52706 14.5688 7.72069 6.28956 96.087 60.5086 35.5783
internal_count=1060 957 103 897 60 72 78 44 44 825 524 301
is_linear=0
shrinkage=0.05


Tree=13
num_leaves=17
num_cat=0
split_feature=1 1 4 0 1 4 2 1 2 1 4 0 3 2 1 2
split_gain=202.137 43.6832 48.1017 35.8779 24.3539 39.4135 17.8598 10.5638 10.2682 8.59443 12.1808 11.3101 0.294071 0.0143519 0.0039278 0.00187411
threshold=28803.075000000004 18372.640000000003 38897.500000000007 26407.605000000003 27016.485000000004 34732.500000000007 12589.545000000002 25686.625000000004 13547.320000000002 31131.475000000002 35012.500000000007 27381.720000000005 0.67605112674631773 4279.2800000000016 29968.010000000006 3866.5100000000007
decision_type=2 2 2 2 2 2 2 2 2 2 2 2 2 2 2 2
left_child=1 8 4 -2 6 -6 -3 -4 -1 10 14 -12 -10 15 -5 -11
right_child=3 2 7 9 5 -7 -8 -9 12 13 11 -13 -14 -15 -16 -17
leaf_value=0.010075606535869596 0.048689324234135599 0.065972529949426248 -0.07404102941478638 -0.072964748888824094 -0.070239116028309928 0.045524786390727406 0.020194046792148784 0.0083796795044583008 -0.057235729868221341 -0.072216656290238046 0.019394685479299005 -0.052778266295815036 -0.072186148904306038 -0.069934996464932772 -0.071495670723662419 -0.071441489173125552
leaf_weight=6.8974784016609219 8.073237329721449 102.47603964805603 10.295013725757601 10.286523491144182 10.755495548248289 23.238925188779831 26.897796988487244 6.2465030252933493 6.1825088262557966 47.438382029533386 10.747278422117235 10.967785120010374 7.0283060073852539 8.9503060579299909 8.1584793925285322 9.330984950065611
leaf_count=23 27 344 35 35 36 78 90 21 21 162 36 37 24 31 28 32
internal_value=0.000239064 0.0305205 0.0383323 -0.052913 0.046559 0.00889824 0.0564548 -0.0429168 -0.0393723 -0.0606601 -0.0424369 -0.0170582 -0.0651895 -0.0717959 -0.072315 -0.0720892
internal_weight=313.971 200.018 179.91 113.953 163.368 33.9944 129.374 16.5415 20.1083 105.88 40.1601 21.7151 13.2108 65.7197 18.445 56.7694
internal_count=1060 672 604 388 548 114 434 56 68 361 136 73 45 225 63 194
is_linear=0
shrinkage=0.05


Tree=14
num_leaves=17
num_cat=0
split_feature=1 2 0 4 2 4 4 1 4 1 0 1 1 4 1 3
split_gain=263.089 30.107 22.832 20.6353 17.0147 15.5716 13.5766 35.6313 12.8466 10.927 9.06972 2.64571 0.132261 0.00644502 0.000411316 0.000179251
threshold=27241.350000000002 5108.5950000000012 26398.795000000002 35397.500000000007 1618.2000000000003 35987.500000000007 32625.000000000004 24656.205000000005 33565.000000000007 28592.965000000004 27285.210000000003 26931.385000000002 26583.380000000001 33745.000000000007 27854.150000000005 0.76518854394938585
decision_type=2 2 2 2 2 2 2 2 2 2 2 2 2 2 2 2
left_child=6 2 5 -3 -4 -2 7 10 -6 14 15 12 13 -8 -5 -1
right_child=1 3 4 9 8 -7 11 -9 -10 -11 -12 -13 -14 -15 -16 -17
leaf_value=-0.058966832498972034 0.06400169657259365 0.065913806363893809 -0.016401109831621498 -0.058330627477233901 0.035863959235510424 -0.046694385184222927 -0.05945690052344689 0.095788768653846917 0.084379705850880074 0.016698811642907995 0.0147380434153443 -0.021104033447458391 -0.051032173773702866 -0.058273590783065349 -0.058948965581062135 -0.059288840243381435
leaf_weight=13.927589178085336 5.4592216014862043 9.1376690566539782 5.3636851608753195 5.8766619712114352 16.794382244348526 7.5992173552513123 13.320003613829611 5.5680665969848624 72.752787917852402 8.669898644089697 5.2434318065643302 5.1024597585201255 6.4306604713201514 84.548711329698563 4.9588893204927444 6.2663561403751364
leaf_count=56 20 33 20 24 61 30 53 20 254 32 20 20 26 346 20 25
internal_value=8.22833e-05 0.049481 0.0615708 0.00390896 0.0700995 -0.000416691 -0.0479814 -0.0187759 0.0752807 -0.0251383 -0.0438533 -0.0562584 -0.0579782 -0.0584346 -0.0586136 -0.0590668
internal_weight=277.02 136.612 107.969 28.6431 94.9109 13.0584 140.407 31.0054 89.5472 19.5054 25.4374 109.402 104.299 97.8687 10.8356 20.1939
internal_count=1060 494 385 109 335 50 566 121 315 76 101 445 425 399 44 81
is_linear=0
shrinkage=0.05


Tree=15
num_leaves=12
num_cat=0
split_feature=1 2 3 2 7 7 0 1 4 4 2
split_gain=84.9806 28.863 15.7205 34.8885 15.0264 10.2827 0.982701 0.896877 4.48289e-05 3.59535e-05 3.52676e-06
threshold=33333.410000000011 2405.7800000000002 1.1058688793335112 4033.3750000000005 2.5000000000000004 2.5000000000000004 27862.260000000006 31131.475000000002 28185.000000000004 34905.000000000007 4311.6750000000011
decision_type=2 2 2 2 2 2 2 2 2 2 2
left_child=2 -2 7 6 -3 -5 9 8 -1 -4 -10
right_child=1 4 3 5 -6 -7 -8 -9 10 -11 -12
leaf_value=-0.043489622180833319 0.31373798720563562 -0.043754743393567226 -0.043519271841964288 0.083587263336454304 0.17055628246427812 0.25823080500597201 0.013128448762327188 0.0048020008967524976 -0.043285433412663617 -0.043245883180625402 -0.043215002042653682
leaf_weight=1.6182071827352071 2.3620800822973242 1.3440816774964335 1.6695206500589828 1.9454620368778708 2.0893115177750587 1.4870798736810682 0.88527042046189297 1.0025416836142529 1.8973253779113317 4.2999939098954201 28.11831795796752
leaf_count=34 23 26 35 28 30 26 20 13 44 102 679
internal_value=-0.000504456 0.17921 -0.0247692 0.0291266 0.0866592 0.159248 -0.0360319 -0.0417577 -0.0432333 -0.0433223 -0.0432195
internal_weight=48.7192 5.79547 42.9237 10.2873 3.43339 3.43254 6.85478 32.6364 31.6339 5.96951 30.0156
internal_count=1060 79 981 211 56 54 157 770 757 137 723
is_linear=0
shrinkage=0.05


Tree=16
num_leaves=11
num_cat=0
split_feature=4 3 1 1 3 7 0 4 4 1
split_gain=17.084 10.1194 5.01605 14.8942 3.99446 1.33734e-05 3.28972e-07 3.38322e-08 2.27855e-08 1.85541e-08
threshold=28185.000000000004 1.0896009382510381 31427.985000000004 32181.375000000004 1.2625295669211003 1.5000000000000002 28831.020000000004 33397.500000000007 37941.500000000007 28803.075000000004
decision_type=2 2 2 2 2 2 2 2 2 2
left_child=1 -1 6 -4 5 -5 7 9 -9 -2
right_child=2 -3 3 4 -6 -7 -8 8 -10 -11
leaf_value=0.04395791107396544 -0.04199394190990037 0.34991725788291728 0.3086674094368615 -0.042372748951318873 0.18289320436169276 -0.042037820278411853 -0.042050078008205573 -0.041987418625104328 -0.041998933610520976 -0.042007057236327673
leaf_weight=0.57712321914732523 1.5200374238193015 0.50824891775846481 0.42746387142688069 0.3805794185027479 0.22223046422004689 1.3742654807865617 0.23881075996905554 4.9077486526221037 0.47082121856510628 0.32782090269029129
leaf_count=29 164 11 32 23 19 135 23 540 50 34
internal_value=-0.0010568 0.18723 -0.0217626 0.0410437 -0.0168192 -0.0421105 -0.0419923 -0.0419904 -0.0419884 -0.0419963
internal_weight=10.9552 1.08537 9.86978 2.40454 1.97708 1.75484 7.46524 7.22643 5.37857 1.84786
internal_count=1060 40 1020 209 177 158 811 788 590 198
is_linear=0
shrinkage=0.05


Tree=17
num_leaves=15
num_cat=0
split_feature=4 1 2 3 2 4 0 1 4 1 1 7 2 1
split_gain=32.6105 78.3577 9.54162 5.06732e-05 0.000175944 4.71748e-05 6.45332e-06 2.87426e-07 1.93948e-07 1.19855e-07 2.15727e-07 2.47769e-08 2.0238e-08 1.46997e-08
threshold=33397.500000000007 30129.380000000005 4256.1350000000011 1.1913171603392037 3965.7550000000006 28185.000000000004 29238.225000000002 31204.425000000007 37941.500000000007 28803.075000000004 25230.310000000005 2.5000000000000004 2405.7800000000002 33417.410000000011
decision_type=2 2 2 2 2 2 2 2 2 2 2 2 2 2
left_child=1 5 -3 6 12 -1 7 8 -2 10 -7 -9 -5 -14
right_child=3 2 -4 4 -6 9 -8 11 -10 -11 -12 -13 13 -15
leaf_value=-0.042792831434447232 -0.042312191303839952 0.20615980881422674 0.40009174464453906 -0.042345716765612454 -0.0434014447276692 -0.042332173765920612 -0.042516145666384397 -0.042326897053382828 -0.042335257605727608 -0.042351540183021785 -0.042299079209822739 -0.042339910420640531 -0.042338050669295274 -0.042326719685898122
leaf_weight=0.64862398803234356 9.6000877525657362 1.1968011520802977 1.3493565768003462 0.47321498207747881 0.50633376091718663 2.4312517978250989 0.42279751785099584 0.5157241169363268 1.0069011282175768 0.51543903164565552 0.61747567914426316 1.2579490374773739 0.71161599643528439 0.47882314398884773
leaf_count=26 533 20 21 25 11 131 18 28 54 27 35 67 38 26
internal_value=-0.00121157 0.0899509 0.308936 -0.0423619 -0.0425853 -0.0424006 -0.0423241 -0.0423175 -0.0423144 -0.0423292 -0.0423255 -0.0423361 -0.042337 -0.0423335
internal_weight=21.7324 6.75895 2.54616 14.9734 2.16999 4.21279 12.8035 12.3807 10.607 3.56417 3.04873 1.77367 1.66365 1.19044
internal_count=1060 260 41 800 100 219 700 682 587 193 166 95 89 64
is_linear=0
shrinkage=0.05


Tree=18
num_leaves=13
num_cat=0
split_feature=2 4 1 6 0 1 3 0 1 2 0 3
split_gain=129.253 130.202 31.3164 13.3171 12.1641 3.02815 3.01578 2.80717 2.7295 0.000253792 0.000127027 6.50063e-05
threshold=12521.130000000003 38897.500000000007 19267.145 7.5000000000000009 26868.670000000002 20109.365000000002 0.73521811896429079 26184.460000000003 17670.125000000004 4433.7400000000007 25308.910000000003 1.1018465058710039
decision_type=2 2 2 2 2 2 2 2 2 2 2 2
left_child=1 6 7 -3 5 -4 -1 8 -2 11 -11 -8
right_child=2 3 4 -5 -6 -7 9 -9 -10 10 -12 -13
leaf_value=0.0062360593544212436 0.12478342114531377 0.041765008294797623 0.099241007768055348 0.15920915647067299 -0.046497179941437761 0.032248621936864126 -0.046709349012081534 0.105338020618417 0.17279841435425122 -0.046748927310065393 -0.046387302316186964 -0.046541538881585853
leaf_weight=2.7966776043176642 4.9958405792713219 3.2930303812026969 3.6949456483125669 9.0395379513502103 3.4605735465884209 3.1037099286913872 7.1457685008645049 4.077350214123725 7.2627532482147217 2.5478192940354338 51.808978177607059 29.999366611242294
leaf_count=22 23 21 23 39 31 22 62 20 35 22 473 267
internal_value=-0.000333737 -0.0249292 0.0982796 0.127849 0.0298145 0.0686578 -0.0449099 0.141277 0.15323 -0.0464731 -0.0464043 -0.0465738
internal_weight=133.226 106.631 26.5952 12.3326 10.2592 6.79866 94.2986 16.3359 12.2586 91.5019 54.3568 37.1451
internal_count=1060 906 154 60 76 45 846 78 58 824 495 329
is_linear=0
shrinkage=0.05


Tree=19
num_leaves=16
num_cat=0
split_feature=1 1 4 0 2 4 0 2 1 4 0 3 2 1 2
split_gain=176.241 38.3165 42.1511 32.1982 22.0241 14.1984 9.57822 8.95866 8.04534 11.5017 10.5172 0.281261 0.0124735 0.00935499 0.00181733
threshold=28803.075000000004 18372.640000000003 38897.500000000007 26407.605000000003 4416.5500000000011 33745.000000000007 28348.140000000003 13547.320000000002 31131.475000000002 35012.500000000007 27381.720000000005 0.67605112674631773 4205.3100000000004 30129.380000000005 1618.2000000000003
decision_type=2 2 2 2 2 2 2 2 2 2 2 2 2 2 2
left_child=1 7 4 -2 -3 -6 -4 -1 9 13 -11 -9 14 -5 -10
right_child=3 2 6 8 5 -7 -8 11 12 10 -12 -13 -14 -15 -16
leaf_value=0.0087689065322719157 0.046525806199348707 -0.03282560230927873 -0.069634539168406881 -0.070042856998820499 0.025053442684704316 0.058188180308798243 0.0098336552456095259 -0.053958684905869018 -0.069446655666317761 0.02008219232859396 -0.049741318275505889 -0.068719957341102103 -0.066671230466604545 -0.067727048491424233 -0.068507158774504862
leaf_weight=6.8911693990230587 8.0338551700115186 8.8904838860034925 10.367933303117754 10.697140485048296 46.428629010915756 106.47163075208664 5.9779969155788413 6.0821139216423017 5.7571384012699118 10.72924640774727 10.843604326248167 6.8744122982025146 9.830278128385542 7.3623359501361838 48.596642255783081
leaf_count=23 27 30 36 37 156 362 20 21 20 36 37 24 35 26 170
internal_value=0.000261314 0.0286053 0.0359475 -0.04991 0.0436783 0.0481267 -0.0405716 -0.0372922 -0.0573727 -0.0396594 -0.0150146 -0.0617907 -0.0683102 -0.0690988 -0.0686067
internal_weight=309.835 197.984 178.137 111.85 161.791 152.9 16.3459 19.8477 103.816 39.6323 21.5729 12.9565 64.1841 18.0595 54.3538
internal_count=1060 672 604 388 548 518 56 68 361 136 73 45 225 63 190
is_linear=0
shrinkage=0.05


Tree=20
num_leaves=17
num_cat=0
split_feature=1 2 0 4 1 4 4 1 4 1 0 1 1 4 1 2
split_gain=231.111 25.7772 18.7845 17.6754 14.7878 13.8453 13.3167 32.9895 11.1719 10.0272 8.72484 2.5176 0.138813 0.00513658 0.000367939 0.000207638
threshold=27241.350000000002 5108.5950000000012 26398.795000000002 35397.500000000007 34295.37000000001 35987.500000000007 32625.000000000004 24656.205000000005 33565.000000000007 28592.965000000004 27285.210000000003 26931.385000000002 26583.380000000001 33745.000000000007 27854.150000000005 13258.320000000002
decision_type=2 2 2 2 2 2 2 2 2 2 2 2 2 2 2 2
left_child=6 2 5 -3 8 -2 7 10 -4 14 15 12 13 -8 -5 -1
right_child=1 3 4 9 -6 -7 11 -9 -10 -11 -12 -13 -14 -15 -16 -17
leaf_value=-0.057444340079330851 0.05946627072218541 0.059470289940305093 0.0323782853794626 -0.057014426207680081 -0.01657945843065128 -0.044983264100663667 -0.057894491205870049 0.091812990147182819 0.077228577845776844 0.015272696858369565 0.015250286268313474 -0.020288603986646069 -0.049228127338285202 -0.056817223730292667 -0.057609787341187949 -0.057801729595048715
leaf_weight=13.622002527117738 5.5711863338947278 9.3908659517765063 17.071447372436523 5.6649575382471102 5.3617698550224295 7.3694947957992554 12.813414722681044 5.6527491509914389 74.380882441997528 8.743707597255705 5.2225684225559226 5.045616313815116 6.1802723109722129 81.111585631966591 4.7888869047164917 5.7921503186225882
leaf_count=57 20 33 61 24 20 30 53 20 254 32 20 20 26 346 20 24
internal_value=9.30814e-05 0.045547 0.0565622 0.00325819 0.0641247 -1.59386e-05 -0.046335 -0.0171235 0.0688564 -0.0242391 -0.0421183 -0.0547496 -0.0564866 -0.0569642 -0.0572872 -0.057551
internal_weight=273.784 138.343 109.755 28.5884 96.8141 12.9407 135.44 30.2895 91.4523 19.1976 24.6367 105.151 100.105 93.925 10.4538 19.4142
internal_count=1060 494 385 109 335 50 566 121 315 76 101 445 425 399 44 81
is_linear=0
shrinkage=0.05


Tree=21
num_leaves=17
num_cat=0
split_feature=1 8 6 4 1 4 3 4 2 2 1 2 2 4 0 4
split_gain=67.311 24.6796 21.6616 18.4433 8.23334 16.9276 15.4407 0.820282 0.000531881 0.000129312 4.14977e-05 2.72796e-05 1.93602e-05 6.20404e-06 6.25587e-06 4.38599e-06
threshold=32762.395 4.5000000000000009 9.5000000000000018 36520.000000000007 29699.930000000004 33565.000000000007 1.1058688793335112 37487.500000000007 4551.5400000000009 3866.5100000000007 33333.410000000011 4416.5500000000011 4001.2750000000005 31965.000000000004 25737.345000000005 38897.500000000007
decision_type=2 2 2 2 2 2 2 2 2 2 2 2 2 2 2 2
left_child=4 3 -3 -2 11 6 -6 8 -7 10 -5 12 -1 14 -13 -15
right_child=1 2 -4 9 5 7 -8 -9 -10 -11 -12 13 -14 15 -16 -17
leaf_value=-0.043174134273056886 0.16411272280324232 0.068420599914748817 0.27409596172962541 -0.043209359376562895 -0.0084152229132856294 -0.043302460510914055 0.22305068449472532 0.0057695829900342071 -0.044644000393220112 -0.044125618597742292 -0.043667128210518186 -0.043307411861534327 -0.043437589154998353 -0.043121842574699108 -0.043163055046530542 -0.043194298887103313
leaf_weight=1.4093941375613241 1.6721047386527041 2.1746834516525269 3.1122400127351284 1.073473781347275 1.3930097520351394 4.2546045184135437 1.4924158565700052 1.0088630281388757 0.89409964531660069 0.9651350937783717 0.91883377730846394 0.95632199943065899 1.3802309446036813 19.963912930339578 3.4871733076870441 2.3326358422636977
leaf_count=35 24 23 28 26 24 100 20 22 15 18 18 22 30 511 87 57
internal_value=-0.000502726 0.115683 0.189495 0.0313896 -0.0303723 0.0113714 0.111305 -0.0354572 -0.0435354 -0.0436506 -0.0434205 -0.0431557 -0.0433045 -0.0431402 -0.0431941 -0.0431294
internal_weight=48.4891 9.91647 5.28692 4.62955 38.5727 9.04299 2.88543 6.15757 5.1487 2.95744 1.99231 29.5297 2.78963 26.74 4.4435 22.2965
internal_count=1060 137 51 86 923 181 44 137 115 62 44 742 65 677 109 568
is_linear=0
shrinkage=0.05


Tree=22
num_leaves=11
num_cat=0
split_feature=4 2 1 4 1 0 0 4 1 4
split_gain=13.447 9.07164 4.65554 12.1469 4.42321 1.50509e-06 3.2024e-07 3.87515e-08 4.96216e-08 3.7734e-08
threshold=28185.000000000004 4872.8900000000003 31427.985000000004 33565.000000000007 34503.905000000006 28831.020000000004 28831.020000000004 33397.500000000007 28803.075000000004 37941.500000000007
decision_type=2 2 2 2 2 2 2 2 2 2
left_child=1 -1 6 -4 5 -5 7 8 -2 -9
right_child=2 -3 3 4 -6 -7 -8 9 -10 -11
leaf_value=0.2953544687899517 -0.041977207328358482 0.028740909633301965 0.25812465187375777 -0.042030517799466635 0.20393536915620847 -0.042162044575821345 -0.042034840016547503 -0.041971223983436931 -0.041998969437598704 -0.041986337501084298
leaf_weight=0.58899647556245394 1.4416501745581607 0.69614399410784245 0.49869219958782229 1.5686867730692031 0.2031366555020212 0.25252151396125544 0.22923793923109759 4.6612265738658607 0.32010704837739457 0.45314059872180212
leaf_count=12 164 28 19 157 14 19 23 540 34 50
internal_value=-0.000982008 0.150933 -0.0212587 0.037087 -0.017365 -0.0420488 -0.0419767 -0.0419748 -0.0419812 -0.0419726
internal_weight=10.9135 1.28514 9.6284 2.52304 2.02434 1.82121 7.10536 6.87612 1.76176 5.11437
internal_count=1060 40 1020 209 190 176 811 788 198 590
is_linear=0
shrinkage=0.05


Tree=23
num_leaves=15
num_cat=0
split_feature=4 1 1 3 2 4 0 1 1 4 1 2 1 2
split_gain=28.3001 51.3946 4.18192 4.32757e-05 0.000146062 3.9473e-05 6.26353e-06 3.55604e-07 3.51331e-07 3.22537e-07 3.00806e-07 2.89183e-08 2.30984e-08 2.2419e-08
threshold=33397.500000000007 30129.380000000005 31521.345000000005 1.1913171603392037 3965.7550000000006 28185.000000000004 29238.225000000002 31204.425000000007 28803.075000000004 37941.500000000007 25230.310000000005 2405.7800000000002 33417.410000000011 4049.8450000000003
decision_type=2 2 2 2 2 2 2 2 2 2 2 2 2 2
left_child=1 5 -3 6 11 -1 7 9 10 -2 -7 -5 -13 -9
right_child=3 2 -4 4 -6 8 -8 13 -10 -11 -12 12 -14 -15
leaf_value=-0.042732338902852114 -0.042279044530447119 0.17218587060063301 0.28441322308519668 -0.042319875704679016 -0.043304027148997323 -0.042299085535702781 -0.042484869687325309 -0.042309999454031223 -0.042336254921144151 -0.042309387058245829 -0.042258737224459067 -0.04231079499371701 -0.042296278547035451 -0.042296708676690081
leaf_weight=0.61754159443080681 9.1169136427342821 1.8370250612497332 1.5143484994769094 0.45571336522698347 0.47988011687993992 2.3129884153604516 0.40767356939613897 1.2754732854664332 0.50431740097701538 0.96889980882406312 0.57720455527305592 0.68359931185841538 0.45738053694367409 0.42235480993986119
leaf_count=26 533 23 18 25 11 131 18 71 27 54 35 38 26 24
internal_value=-0.00124318 0.0783659 0.222897 -0.0423281 -0.0425391 -0.0423646 -0.0422922 -0.0422855 -0.0422977 -0.042282 -0.042291 -0.0423092 -0.042305 -0.0423067
internal_weight=21.6313 7.36343 3.35137 14.2679 2.07657 4.01205 12.1913 11.7836 3.39451 10.0858 2.89019 1.59669 1.14098 1.69783
internal_count=1060 260 41 800 100 219 700 682 193 587 166 89 64 95
is_linear=0
shrinkage=0.05


Tree=24
num_leaves=13
num_cat=0
split_feature=3 4 1 4 8 3 2 0 0 3 4 2
split_gain=113.706 46.7356 42.0717 38.0541 16.5857 9.39107 29.8208 1.46112 1.3339 0.318968 0.00148779 0.000311344
threshold=0.86252542800112864 36337.500000000007 18084.100000000002 40120.000000000007 4.5000000000000009 0.76951466148307446 11336.605000000001 27932.350000000002 25750.225000000002 0.87949733355444903 38215.000000000007 4433.7400000000007
decision_type=2 2 2 2 2 2 2 2 2 2 2 2
left_child=1 2 -1 9 7 8 -7 -4 -3 -2 11 -11
right_child=3 5 4 -5 -6 6 -8 -9 -10 10 -12 -13
leaf_value=0.12207572380474432 -0.028495143344741861 0.13293970584815196 -0.047101619867116445 0.098952120736356772 0.058457938359748135 0.14269043760453284 -0.033215324733193177 -0.0039378577916749247 0.16935663348632535 -0.046297205332021203 -0.047294714346544885 -0.046086735542984342
leaf_weight=7.3217553198337582 2.624564714729785 5.1642647385597247 14.338126912713056 4.8402258604764929 5.5767977088689795 7.1641922891139966 3.630186565220356 2.2711459323763838 4.900720551609993 33.265991844236851 3.1617021635174742 37.243159271776676
leaf_count=35 23 20 124 23 38 29 31 19 24 309 26 359
internal_value=-0.00036648 0.0586436 0.0181485 -0.0369986 -0.0161491 0.115928 0.0835327 -0.0411994 0.150671 -0.0456234 -0.0462336 -0.046186
internal_weight=131.503 50.3672 29.5078 81.1356 22.1861 20.8594 10.7944 16.6093 10.065 76.2954 73.6709 70.5092
internal_count=1060 320 216 740 181 104 60 143 44 717 694 668
is_linear=0
shrinkage=0.05


Tree=25
num_leaves=17
num_cat=0
split_feature=1 1 4 0 1 4 2 1 2 1 4 0 3 1 2 1
split_gain=154.377 33.7483 37.03 28.9065 20.2876 33.2021 15.5246 9.02982 8.07713 7.59088 10.9476 9.75422 0.258965 0.0130891 0.0117996 0.00362566
threshold=28803.075000000004 18372.640000000003 38897.500000000007 26407.605000000003 27016.485000000004 34732.500000000007 12589.545000000002 25686.625000000004 13547.320000000002 31131.475000000002 35012.500000000007 27381.720000000005 0.67605112674631773 30129.380000000005 4205.3100000000004 34295.37000000001
decision_type=2 2 2 2 2 2 2 2 2 2 2 2 2 2 2 2
left_child=1 8 4 -2 6 -6 -3 -4 -1 10 13 -12 -10 -5 15 -11
right_child=3 2 7 9 5 -7 -8 -9 12 14 11 -13 -14 -15 -16 -17
leaf_value=0.0081842488078164594 0.044338955998032337 0.059322803812376007 -0.068214516401672157 -0.067563074225334641 -0.066477441946128354 0.040501839166317312 0.016342232179181956 0.0087762906629654507 -0.051541775033659171 -0.065517432463589362 0.020499083992969822 -0.047010043413632296 -0.065856540199829144 -0.064786116312831349 -0.063744921000145435 -0.066859825516853114
leaf_weight=6.8819392323493984 7.972848415374755 99.647933095693588 9.8758234083652514 10.488931566476824 10.638569384813307 22.789325773715973 26.622611075639725 6.1988230943679801 5.9847851991653425 47.206085711717606 10.712990492582323 10.689688086509703 6.6925714015960693 7.1264153122901908 9.4821073114871961 5.6298762261867514
leaf_count=23 27 344 35 37 36 78 90 21 21 170 36 37 24 26 35 20
internal_value=0.000251614 0.0268777 0.0338105 -0.0473286 0.0410915 0.00645523 0.0502609 -0.0385248 -0.0354252 -0.0545407 -0.0372462 -0.0132187 -0.0590988 -0.0664396 -0.065369 -0.0656605
internal_weight=304.641 195.332 175.773 109.309 159.698 33.4279 126.271 16.0746 19.5593 101.336 39.018 21.4027 12.6774 17.6153 62.3181 52.836
internal_count=1060 672 604 388 548 114 434 56 68 361 136 73 45 63 225 190
is_linear=0
shrinkage=0.05


Tree=26
num_leaves=18
num_cat=0
split_feature=1 2 4 0 1 4 4 1 4 1 0 1 2 4 4 1 2
split_gain=205.174 24.7241 19.3465 15.8794 12.9711 12.6865 12.6653 27.0542 9.22924 9.10778 8.35687 0.386687 0.0974887 0.00670631 0.00489516 0.00106902 0.000215114
threshold=27072.970000000005 5108.5950000000012 33745.000000000007 26398.795000000002 34295.37000000001 35987.500000000007 32625.000000000004 24299.235000000004 33565.000000000007 28592.965000000004 27285.210000000003 26583.380000000001 6259.5550000000012 33745.000000000007 38897.500000000007 19783.770000000004 13258.320000000002
decision_type=2 2 2 2 2 2 2 2 2 2 2 2 2 2 2 2 2
left_child=6 3 -3 5 8 -2 7 10 -5 12 16 13 -4 15 -15 -8 -1
right_child=1 2 9 4 -6 -7 11 -9 -10 -11 -12 -13 -14 14 -16 -17 -18
leaf_value=-0.056365349384111377 0.056227648891394214 0.059206460071026618 -0.046978050190629103 0.030895850767430778 -0.016472722083087855 -0.043892271467595119 -0.056163185471392318 0.08061243816256046 0.071176628170965955 0.013982388497662089 0.015084397059439571 -0.044113111175647611 -0.056025209986395069 -0.055310997535766383 -0.056464394671567844 -0.057108840217981682 -0.05673594362942929
leaf_weight=12.946402400732049 5.6439848840236646 10.062635213136675 4.9221739470958727 17.527363687753677 5.3521569073200217 7.2008880376815796 5.0459752678871137 5.6907852292060843 75.36857882142067 8.8052325993776304 5.2290067076683036 7.9130832999944678 7.53715680539608 66.807745024561882 10.668149083852766 7.3297011256217957 5.6135946810245505
leaf_count=56 20 35 21 62 20 30 22 20 254 32 20 34 33 300 46 31 24
internal_value=9.37489e-05 0.041318 0.0020872 0.0523807 0.0592158 0.000100014 -0.046047 -0.0173202 0.0635766 -0.0249423 -0.0407476 -0.0547093 -0.052451 -0.0556425 -0.0554698 -0.0567233 -0.0564774
internal_weight=269.665 142.42 31.3272 111.093 98.2481 12.8449 127.244 29.4798 92.8959 21.2646 23.789 97.7647 12.4593 89.8516 77.4759 12.3757 18.56
internal_count=1060 507 121 386 336 50 553 120 316 86 100 433 54 399 346 53 80
is_linear=0
shrinkage=0.05


Tree=27
num_leaves=16
num_cat=0
split_feature=1 7 2 1 4 4 3 2 1 2 2 2 4 8 0
split_gain=56.6715 28.4928 31.7428 8.02137 14.3961 7.41461 6.9967 0.95856 0.000832144 0.00033128 3.13023e-05 1.52518e-05 9.98341e-06 6.20186e-06 5.75958e-06
threshold=32762.395 5.5000000000000009 2405.7800000000002 29699.930000000004 33565.000000000007 34905.000000000007 1.1109839318008974 5208.3050000000012 33654.830000000009 4311.6750000000011 4462.5600000000013 4001.2750000000005 31965.000000000004 3.5000000000000004 25737.345000000005
decision_type=2 2 2 2 2 2 2 2 2 2 2 2 2 2 2
left_child=3 2 -2 10 6 -4 -5 9 -7 -6 11 -1 14 -14 -12
right_child=1 -3 5 4 7 8 -8 -9 -10 -11 12 -13 13 -15 -16
leaf_value=-0.043114647482571433 0.1796812029213796 0.29423497505593488 0.084853586548580273 0.020619794153447724 -0.043171727421995709 -0.043511194730675655 0.16934351477465692 0.01374227724328321 -0.045141139826786351 -0.044221290821108102 -0.043243597813223879 -0.043344961512527015 -0.043127652858517163 -0.043039564169317576 -0.043102412418066782
leaf_weight=1.3530058860778837 3.7095093354582751 1.6043438315391547 1.5380830802023409 1.5391941182315334 4.1400938145816326 3.0326767228543758 1.6264566406607626 0.85978144407272328 1.0556234307587145 0.91865097358822811 0.92082393169403332 1.5335691571235655 2.2371118962764767 18.703541519120336 3.3514760807156563
leaf_count=35 25 11 20 26 104 67 18 16 14 17 22 35 57 506 87
internal_value=-0.000445624 0.0995854 0.0661355 -0.0298769 0.0109668 -0.00872595 0.0970315 -0.0350668 -0.0439321 -0.0433623 -0.043081 -0.043237 -0.0430632 -0.043049 -0.0431328
internal_weight=48.1239 10.9402 9.33589 37.1837 9.08418 5.62638 3.16565 5.91853 4.0883 5.05874 28.0995 2.88658 25.213 20.9407 4.2723
internal_count=1060 137 126 923 181 101 44 137 81 121 742 70 672 563 109
is_linear=0
shrinkage=0.05


Tree=28
num_leaves=12
num_cat=0
split_feature=1 4 1 2 4 0 1 0 4 1 4
split_gain=10.9828 18.4819 4.52613 2.80204 5.31881e-05 1.48511e-06 8.14036e-07 2.95468e-07 6.22958e-08 5.82883e-08 4.73952e-08
threshold=29968.010000000006 33565.000000000007 34615.960000000006 4392.7500000000009 28185.000000000004 28831.020000000004 33965.335000000006 28831.020000000004 33397.500000000007 28803.075000000004 37487.500000000007
decision_type=2 2 2 2 2 2 2 2 2 2 2
left_child=4 3 5 -2 -1 6 -3 8 9 -6 -10
right_child=1 2 -4 -5 7 -7 -8 -9 10 -11 -12
leaf_value=-0.042523577786093128 0.12558575290490279 -0.041992816769143702 0.20365049281746198 0.25302803059831214 -0.041964255465677502 -0.042128725206994282 -0.042102924041637249 -0.042021395306410012 -0.041954296641532135 -0.04199143169512868 -0.041968825092742641
leaf_weight=0.45296013914048661 0.88474506232887484 1.975428446661682 0.20324478391557921 0.84156611561775208 1.3801142238080499 0.25971349515020836 0.18345038499683131 0.20121563971042622 3.5636844113469124 0.23022077046334732 0.66630958579480637
leaf_count=25 23 219 11 20 164 21 16 21 437 25 78
internal_value=-0.000825686 0.0606748 -0.0229717 0.187713 -0.042001 -0.0420158 -0.0420022 -0.0419618 -0.0419598 -0.0419681 -0.0419566
internal_weight=10.8427 4.34815 2.62184 1.72631 6.4945 2.41859 2.15888 6.04154 5.84033 1.61033 4.22999
internal_count=1060 310 267 43 750 256 235 725 704 189 515
is_linear=0
shrinkage=0.05


Tree=29
num_leaves=15
num_cat=0
split_feature=4 1 2 3 2 4 0 1 1 4 1 1 1 7
split_gain=25.0434 37.9937 3.73485 3.49138e-05 0.000114909 3.38184e-05 6.19928e-06 5.21041e-07 4.61617e-07 4.62061e-07 4.14989e-07 4.52439e-08 2.51198e-08 2.00982e-08
threshold=33397.500000000007 30129.380000000005 4392.7500000000009 1.1913171603392037 3965.7550000000006 28185.000000000004 29238.225000000002 28803.075000000004 31204.425000000007 37941.500000000007 25230.310000000005 34226.06500000001 33417.410000000011 3.5000000000000004
decision_type=2 2 2 2 2 2 2 2 2 2 2 2 2 2
left_child=1 5 -3 6 11 -1 8 10 9 -2 -7 12 -5 -10
right_child=3 2 -4 4 -6 7 -8 -9 13 -11 -12 -13 -14 -15
leaf_value=-0.042683343867416845 -0.042245660515598228 0.12896468519465862 0.2254040974898508 -0.042281824878988149 -0.04319118020541559 -0.042273988738927154 -0.042455390502083523 -0.042320224306300225 -0.042273620315303656 -0.042282765222776436 -0.042225248183247736 -0.042296383690880651 -0.042266507956835342 -0.042285003947814613
leaf_weight=0.59305991791189017 8.6238125599920679 1.996049392968416 2.0198156721889973 0.73976743407547363 0.44871887937188137 2.2221808405593046 0.39346170239150602 0.4926170241087674 0.98432775214314527 0.92946869600564319 0.54352916684001673 0.36905993148684491 0.41945531778037548 0.63972927443683147
leaf_count=26 533 22 19 43 11 131 18 27 58 54 35 21 25 37
internal_value=-0.00108998 0.0698646 0.17747 -0.0422935 -0.0424877 -0.0423361 -0.0422603 -0.0422728 -0.0422535 -0.0422493 -0.0422644 -0.0422811 -0.0422763 -0.0422781
internal_weight=21.4151 7.86725 4.01587 13.5478 1.977 3.85139 11.5708 3.25833 11.1773 9.55328 2.76571 1.52828 1.15922 1.62406
internal_count=1060 260 41 800 100 219 700 193 682 587 166 89 68 95
is_linear=0
shrinkage=0.05


Tree=30
num_leaves=13
num_cat=0
split_feature=3 4 1 4 8 3 2 6 1 3 0 2
split_gain=101.521 37.3601 34.6089 34.1609 15.1034 7.15997 23.8733 1.46228 1.0593 0.324781 0.00166074 0.000383704
threshold=0.86252542800112864 36337.500000000007 18084.100000000002 40120.000000000007 4.5000000000000009 0.76951466148307446 11336.605000000001 3.5000000000000004 18270.365000000002 0.87949733355444903 29238.225000000002 4433.7400000000007
decision_type=2 2 2 2 2 2 2 2 2 2 2 2
left_child=1 2 -1 9 7 8 -7 -4 -3 -2 11 -11
right_child=3 5 4 -5 -6 6 -8 -9 -10 10 -12 -13
leaf_value=0.1068453506054667 -0.027757708570735097 0.11666617912082325 -0.0031769939151664742 0.088127649774372568 0.053481293225217608 0.12442376801078092 -0.032636883968930185 -0.046810549363828398 0.14790421321349112 -0.046050304263987991 -0.047412441017746165 -0.045812910834057405
leaf_weight=7.8908665627241161 2.536638692021369 5.5096001625061053 2.2344076037406948 5.1337008625268927 5.8195075988769522 7.7064206600189191 3.5266586169600487 13.651502951979635 5.348325178027153 33.220184251666069 1.9395354166626919 34.907722480595112
leaf_count=35 23 20 19 23 38 29 31 124 24 323 16 355
internal_value=-0.000410907 0.053897 0.0171712 -0.0365199 -0.0154292 0.1031 0.0751141 -0.0406733 0.132053 -0.0453334 -0.0459697 -0.0459287
internal_weight=129.425 51.6873 29.5963 77.7378 21.7054 22.091 11.2331 15.8859 10.8579 72.6041 70.0674 68.1279
internal_count=1060 320 216 740 181 104 60 143 44 717 694 678
is_linear=0
shrinkage=0.05


Tree=31
num_leaves=17
num_cat=0
split_feature=1 1 4 0 1 4 2 1 2 1 4 0 3 1 2 1
split_gain=135.619 29.5676 32.6981 26.052 18.2368 29.5503 14.1351 8.18141 7.32623 7.29643 10.4681 9.04009 0.246557 0.0169754 0.0122841 0.00505421
threshold=28803.075000000004 18372.640000000003 38897.500000000007 26407.605000000003 27016.485000000004 34732.500000000007 12589.545000000002 25686.625000000004 13547.320000000002 31131.475000000002 35012.500000000007 27381.720000000005 0.67605112674631773 30129.380000000005 4205.3100000000004 34295.37000000001
decision_type=2 2 2 2 2 2 2 2 2 2 2 2 2 2 2 2
left_child=1 8 4 -2 6 -6 -3 -4 -1 10 13 -12 -10 -5 15 -11
right_child=3 2 7 9 5 -7 -8 -9 12 14 11 -13 -14 -15 -16 -17
leaf_value=0.0078502506723280383 0.042340779614469325 0.05634581954857857 -0.065612282283066689 -0.065382020703017754 -0.06347500695014141 0.038069740352063584 0.015153443766973 0.008117542425580427 -0.049128094956361473 -0.063023801925573594 0.020847066663539287 -0.044448341103932629 -0.063277892343073641 -0.062166461129881681 -0.061200621013958602 -0.064629534543721251
leaf_weight=6.8756803870201137 7.8963113427162162 97.525925487279892 9.6033885180950147 10.252868205308916 10.512501716613768 22.496116071939468 26.480642020702362 6.1862979531288138 5.8684753775596601 45.673137187957764 10.695907652378084 10.50922581553459 6.4759189486503601 6.8442450463771811 9.0814129412174207 5.4895848035812369
leaf_count=23 27 344 35 37 36 78 90 21 21 170 36 37 24 26 35 20
internal_value=0.00022409 0.0253175 0.0318608 -0.045045 0.038758 0.00573002 0.0475495 -0.0367254 -0.0335125 -0.052047 -0.0349842 -0.0115132 -0.0565511 -0.0640948 -0.0628953 -0.0631961
internal_weight=298.468 192.025 172.805 106.443 157.015 33.0086 124.007 15.7897 19.2201 98.5464 38.3022 21.2051 12.3444 17.0971 60.2441 51.1627
internal_count=1060 672 604 388 548 114 434 56 68 361 136 73 45 63 225 190
is_linear=0
shrinkage=0.05


Tree=32
num_leaves=18
num_cat=0
split_feature=1 2 4 0 4 1 2 4 5 1 4 1 6 4 4 0 7
split_gain=181.613 21.5307 16.6976 13.3936 12.4524 25.3498 11.4909 11.3563 10.2359 8.43374 8.19011 0.397915 0.10259 0.0048645 0.00534018 0.00283211 0.000579798
threshold=27072.970000000005 5108.5950000000012 33745.000000000007 26398.795000000002 32625.000000000004 24299.235000000004 1618.2000000000003 35987.500000000007 1.0000000180025095e-35 28592.965000000004 33565.000000000007 26583.380000000001 11.500000000000002 33745.000000000007 38897.500000000007 26628.780000000002 5.5000000000000009
decision_type=2 2 2 2 2 2 2 2 2 2 2 2 2 2 2 2 2
left_child=4 3 -3 7 5 8 -5 -2 -1 12 -8 13 -4 16 -15 -10 -6
right_child=1 2 9 6 11 -7 10 -9 15 -11 -12 -13 -14 14 -16 -17 -18
leaf_value=0.02905409843127953 0.052647427174107898 0.05398095148971193 -0.055406415781360144 -0.01644347216927251 -0.055669536731874296 0.078135495094733165 0.028335442939241819 -0.04241654299446182 -0.055200977013403651 0.013055256244132714 0.066147140035805532 -0.042534479876333312 -0.046108739451370666 -0.054138057794454353 -0.055366626124308274 -0.056628194326119131 -0.054945165474487682
leaf_weight=4.4246345162391725 5.7116407752037031 10.227921217679979 6.6826790124177951 5.3357419967651358 7.4374107420444471 5.7407997846603385 17.66002094745636 6.9816846549510956 13.979122877120973 8.8422241210937482 75.747081607580185 7.61670097708702 5.3357238322496414 63.713378489017487 10.270826086401938 4.6262495517730704 4.3947868049144745
leaf_count=17 20 35 30 20 33 20 62 30 63 32 254 34 24 300 46 20 20
internal_value=9.42937e-05 0.0384421 0.00164896 0.0487067 -0.0446302 -0.0158676 0.0549216 0.00035958 -0.0393002 -0.0240093 0.0589983 -0.0534871 -0.0512786 -0.0544592 -0.0543086 -0.0555559 -0.0554005
internal_weight=264.729 142.525 31.0885 111.436 122.204 28.7708 98.7428 12.6933 23.03 20.8606 93.4071 93.4331 12.0184 85.8164 73.9842 18.6054 11.8322
internal_count=1060 507 121 386 553 120 336 50 100 86 316 433 54 399 346 83 53
is_linear=0
shrinkage=0.05


Tree=33
num_leaves=16
num_cat=0
split_feature=1 7 1 4 3 4 3 2 1 2 3 3 4 1 0
split_gain=49.0147 26.7885 23.4422 10.8832 16.6211 4.27702 4.5941 0.00107496 3.6958e-05 2.66888e-05 2.71451e-05 6.1422e-06 6.05756e-06 7.39859e-06 1.39967e-07
threshold=31131.475000000002 5.5000000000000009 33820.070000000007 34905.000000000007 1.1850114936235565 28185.000000000004 1.0436552051087484 4256.1350000000011 28473.070000000003 3965.7550000000006 1.1058688793335112 1.1458674252693608 38897.500000000007 18372.640000000003 28329.260000000006
decision_type=2 2 2 2 2 2 2 2 2 2 2 2 2 2 2
left_child=5 2 3 4 -2 6 -1 -5 12 11 -11 -10 13 -7 -14
right_child=1 -3 -4 7 -6 8 -8 -9 9 10 -12 -13 14 -15 -16
leaf_value=-0.043192485295144245 0.17113504135853022 0.23496957567134205 0.12836326881932633 -0.04334821831081221 -0.044962284746269149 -0.043054897764461648 0.11094884697170858 -0.045240177169300941 -0.043030464709482595 -0.043118553261206609 -0.043413027999314145 -0.042846205944980426 -0.043052998240444978 -0.042961909086024437 -0.043079972628637761
leaf_weight=0.96751527115702873 1.8405974879860898 2.0995476990938178 5.3177777007222167 5.1292148567736149 1.7225852645933626 2.4313555695116618 0.96606490761041641 0.87950924783945073 1.5358703359961503 3.1313162110745907 1.0433489829301832 0.64105807989835728 1.3086316511034959 17.794960450381041 0.76031337305903424
leaf_count=24 21 12 35 122 24 65 16 11 42 81 23 20 35 509 20
internal_value=-0.000323977 0.0677691 0.0441927 -0.0025692 0.0666649 -0.0381537 0.0338204 -0.0436251 -0.0430117 -0.0431181 -0.0431921 -0.0429762 -0.0429814 -0.0429731 -0.0430629
internal_weight=47.5697 16.9892 14.8897 9.57191 3.56318 30.5804 1.93358 6.00872 28.6469 6.35159 4.17467 2.17693 22.2953 20.2263 2.06895
internal_count=1060 225 213 178 45 835 40 133 795 166 104 62 629 574 55
is_linear=0
shrinkage=0.05


Tree=34
num_leaves=12
num_cat=0
split_feature=1 4 3 1 4 1 0 0 3 1 4
split_gain=9.96686 13.9992 5.05142 2.58687 4.60129e-05 7.61317e-06 1.57411e-06 3.04132e-07 7.14536e-08 5.5628e-08 4.63637e-08
threshold=29968.010000000006 33565.000000000007 1.2702613915248506 30656.785000000003 28185.000000000004 34295.37000000001 28831.020000000004 28831.020000000004 1.0735704147290237 18372.640000000003 33155.000000000007
decision_type=2 2 2 2 2 2 2 2 2 2 2
left_child=4 3 5 -2 -1 6 -3 8 9 -6 -10
right_child=1 2 -4 -5 7 -7 -8 -9 10 -11 -12
leaf_value=-0.042481986908036937 0.21276865062644146 -0.041975215976038677 0.23054160769334478 0.099431829322553789 -0.041958367220829185 -0.042301944723291435 -0.042114328800904918 -0.042008811064787904 -0.041980924916011089 -0.041941342643609672 -0.04195114461292266
leaf_weight=0.43261051829904307 0.96889722254127297 1.9229896785691392 0.18315479345619667 1.0480866897851226 0.53793761786073435 0.21505080722272385 0.2273947987705468 0.19383152574300755 0.20495421905070532 4.441442291252315 0.36071851523593068
leaf_count=25 16 225 10 27 65 13 19 21 23 571 45
internal_value=-0.000550538 0.055458 -0.0224307 0.153875 -0.0419847 -0.0420183 -0.0419899 -0.0419472 -0.0419451 -0.0419432 -0.0419619
internal_weight=10.7371 4.56557 2.54859 2.01698 6.17149 2.36544 2.15038 5.73888 5.54505 4.97938 0.565673
internal_count=1060 310 267 43 750 257 244 725 704 636 68
is_linear=0
shrinkage=0.05


Tree=35
num_leaves=17
num_cat=0
split_feature=4 1 1 4 4 4 5 1 1 1 3 1 7 0 6 0
split_gain=22.6101 29.6367 4.18998 2.81523e-05 2.73777e-05 3.14522e-05 1.02683e-05 1.14408e-06 7.93142e-07 4.52548e-07 2.72842e-07 2.19e-07 1.0006e-07 7.94087e-08 7.73922e-08 2.49704e-08
threshold=33397.500000000007 30129.380000000005 31586.425000000007 28185.000000000004 37941.500000000007 38137.000000000007 1.0000000180025095e-35 31204.425000000007 28592.965000000004 25230.310000000005 1.1458674252693608 18372.640000000003 3.5000000000000004 27976.855000000003 5.5000000000000009 27708.075000000004
decision_type=2 2 2 2 2 2 2 2 2 2 2 2 2 2 2 2
left_child=1 3 -3 -1 7 -6 -7 10 9 -5 11 -2 15 -8 -14 -9
right_child=4 2 -4 8 5 6 13 12 -10 -11 -12 -13 14 -15 -16 -17
leaf_value=-0.042627472756123094 -0.042253075539630154 0.10658563196402951 0.20295269379491693 -0.042242765794121014 -0.042755214430134594 -0.04251407611115296 -0.042249975551429654 -0.042254830314424993 -0.042301642856364938 -0.042189528954081068 -0.042166565479302379 -0.04221483601039009 -0.042287412208942242 -0.042277296196213815 -0.042257648816314726 -0.042240008771261689
leaf_weight=0.56513895187527152 0.39410198852419664 2.602299015969038 1.990926645696163 2.1100736428052196 0.51446527708321754 0.50895357877016101 1.2410170454531906 0.51047374494373732 0.49671055376529683 0.49233062006533135 0.28051465936005104 7.4974691327661276 0.34484643302857865 0.33851424977183331 0.5956977941095829 0.64100602548569441
leaf_count=26 24 25 16 131 20 24 76 31 28 34 20 489 20 20 36 40
internal_value=-0.000820919 0.063751 0.148356 -0.0423029 -0.0422602 -0.042405 -0.0423188 -0.0422235 -0.0422437 -0.0422327 -0.042215 -0.0422167 -0.0422565 -0.0422558 -0.0422686 -0.0422466
internal_weight=21.1245 8.25748 4.59323 3.66425 12.8671 2.60295 2.08848 10.2641 3.09911 2.6024 8.17209 7.89157 2.09202 1.57953 0.940544 1.15148
internal_count=1060 260 41 219 800 140 120 660 193 165 533 513 127 96 56 71
is_linear=0
shrinkage=0.05


Tree=36
num_leaves=15
num_cat=0
split_feature=3 4 1 4 8 3 2 3 1 0 4 1 4 4
split_gain=91.2095 33.8249 30.682 27.9339 11.7263 5.42828 21.8368 2.78108 0.843881 0.437783 0.0021986 0.000347674 0.000261074 0.000190045
threshold=0.87118681729126901 36337.500000000007 18372.640000000003 40120.000000000007 4.5000000000000009 0.76951466148307446 11072.210000000001 0.66094075969639043 18270.365000000002 27964.185000000005 38215.000000000007 28473.070000000003 33155.000000000007 33030.000000000007
decision_type=2 2 2 2 2 2 2 2 2 2 2 2 2 2
left_child=1 2 7 10 9 8 -7 -1 -3 -4 11 13 -13 -2
right_child=3 5 4 -5 -6 6 -8 -9 -10 -11 -12 12 -14 -15
leaf_value=0.11002449537713757 -0.045079733644480174 0.10464861116132625 -0.046356793085544551 0.074677161402289235 0.042367480382187919 0.11379225567288434 -0.032770030522646633 0.057067549005126353 0.13177663219486277 -0.021175858529239207 -0.047029052270513683 -0.046076565411651074 -0.045710571133817296 -0.045570453841212812
leaf_weight=5.4446283131837863 2.1433428600430515 5.7502803802490252 13.338880501687528 5.1874915808439246 5.437840372323989 8.5498304665088636 3.6164745539426795 4.5518262535333633 5.7166889011859894 1.9826057404279698 3.1118096709251395 5.762009546160697 31.564083524048328 24.827024303376675
leaf_count=20 26 20 129 22 36 31 33 24 24 19 27 56 328 265
internal_value=-0.000448293 0.0485086 0.0139441 -0.037127 -0.0207109 0.0934901 0.0702261 0.0859109 0.118173 -0.0430984 -0.0457311 -0.0456682 -0.0457671 -0.0455315
internal_weight=126.985 54.3891 30.7558 72.5958 20.7593 23.6333 12.1663 9.99645 11.467 15.3215 67.4083 64.2965 37.3261 26.9704
internal_count=1060 336 228 724 184 108 64 44 44 148 702 675 384 291
is_linear=0
shrinkage=0.05


Tree=37
num_leaves=15
num_cat=0
split_feature=1 1 4 0 2 4 0 1 4 2 4 3 2 1
split_gain=119.494 25.9338 28.9284 23.5589 16.8915 11.5811 7.71628 7.04528 10.1116 6.67911 2.71808 0.238492 0.0119894 0.00473907
threshold=28803.075000000004 18372.640000000003 38897.500000000007 26407.605000000003 4416.5500000000011 33745.000000000007 28348.140000000003 31131.475000000002 36520.000000000007 13547.320000000002 35012.500000000007 0.67605112674631773 4205.3100000000004 34295.37000000001
decision_type=2 2 2 2 2 2 2 2 2 2 2 2 2 2
left_child=1 9 4 -2 -3 -6 -4 8 10 -1 -5 -11 13 -9
right_child=3 2 6 7 5 -7 -8 12 -10 11 -12 -13 -14 -15
leaf_value=0.0075787492171282417 0.040502519856234119 -0.031214491060933054 -0.06284658603570141 -0.06211359730997134 0.01960253561752583 0.050144041733723693 0.0098337230403606687 -0.060886151604862243 0.0072517379868736916 -0.04691477264223351 -0.029048905271418009 -0.061036043781669949 -0.059039142720609984 -0.06246612443729721
leaf_weight=6.8682670295238522 7.8070927858352652 8.6540208458900434 9.5597347915172559 16.557311534881595 44.952094435691833 100.2847146987915 5.9092088639736167 44.031367942690849 11.038705825805662 5.7426635026931745 9.9509594142436963 6.237664520740509 8.657400041818617 5.3194392323493949
leaf_count=23 27 30 36 63 156 362 20 170 38 21 35 24 35 20
internal_value=0.000183146 0.0239041 0.0300959 -0.0430094 0.0366476 0.0406912 -0.0350824 -0.0498326 -0.0329574 -0.031731 -0.0497014 -0.0542671 -0.0607554 -0.0610565
internal_weight=291.571 188.208 169.36 103.362 153.891 145.237 15.4689 95.5552 37.547 18.8486 26.5083 11.9803 58.0082 49.3508
internal_count=1060 672 604 388 548 518 56 361 136 68 98 45 225 190
is_linear=0
shrinkage=0.05


Tree=38
num_leaves=18
num_cat=0
split_feature=1 2 7 4 3 0 8 1 4 5 4 2 1 4 4 0 1
split_gain=161.191 18.9463 15.3425 12.2674 24.3563 11.39 10.8766 10.3083 10.1894 9.72375 7.34139 1.80385 0.410496 0.00408089 0.00492243 0.00249832 0.000236036
threshold=27072.970000000005 5108.5950000000012 2.5000000000000004 32625.000000000004 0.91373731771551525 26398.795000000002 4.5000000000000009 34295.37000000001 35987.500000000007 1.0000000180025095e-35 33565.000000000007 6070.6200000000008 26583.380000000001 38897.500000000007 33745.000000000007 26628.780000000002 24261.145
decision_type=2 2 2 2 2 2 2 2 2 2 2 2 2 2 2 2 2
left_child=3 5 11 4 9 8 -4 10 -2 -1 -7 -3 13 14 -5 -11 -15
right_child=1 2 6 12 -6 7 -8 -9 -10 15 -12 -13 -14 16 -16 -17 -18
leaf_value=0.022972138311697553 0.049491397044867741 -0.01721990062272747 -0.014302536798903094 -0.054227883004755929 0.083487678387239958 0.026133870346297463 0.064983984503756073 -0.016460275576592395 -0.041010699271599678 -0.054112238639343613 0.061873829412868356 -0.055135926159881388 -0.041044268401930629 -0.05410693138774221 -0.053090926121278428 -0.055482684388279968 -0.054596122216651055
leaf_weight=5.2673664391040864 5.7573170065879804 5.2383322566747683 7.4883219301700601 11.292244136333464 5.1747722476720801 17.738580018281937 10.240990698337555 5.3217539787292472 6.7638538032770157 13.160032421350481 75.628393352031708 7.8191966116428375 7.3238373994827262 4.8853034079074842 60.653641283512115 4.4501018971204749 4.978861391544342
leaf_count=20 20 20 29 53 18 62 36 20 30 62 254 36 34 23 300 20 23
internal_value=9.55411e-05 0.0359165 0.00120429 -0.0433094 -0.0144726 0.045526 0.0314958 0.0512257 0.000602762 -0.0366307 0.0550837 -0.039925 -0.0523849 -0.0534001 -0.0532694 -0.0544586 -0.0543538
internal_weight=259.183 141.997 30.7868 117.186 28.0523 111.21 17.7293 98.6887 12.5212 22.8775 93.367 13.0575 89.1339 81.8101 71.9459 17.6101 9.86416
internal_count=1060 507 121 553 120 386 65 336 50 102 316 56 433 399 353 82 46
is_linear=0
shrinkage=0.05


Tree=39
num_leaves=16
num_cat=0
split_feature=1 7 1 4 3 4 3 7 1 2 3 8 1 3 0
split_gain=43.8183 19.691 18.438 9.8982 8.89738 4.14776 4.84243 0.000946628 3.7261e-05 2.69485e-05 2.04108e-05 7.03417e-06 7.67266e-06 6.90488e-06 5.44366e-07
threshold=31131.475000000002 5.5000000000000009 33820.070000000007 34905.000000000007 1.1780655874448671 28185.000000000004 1.0680642847613786 1.5000000000000002 28473.070000000003 3965.7550000000006 1.1058688793335112 3.5000000000000004 18372.640000000003 1.1458674252693608 28329.260000000006
decision_type=2 2 2 2 2 2 2 2 2 2 2 2 2 2 2
left_child=5 2 3 4 -2 6 -1 -5 11 13 -11 14 -13 -10 -7
right_child=1 -3 -4 7 -6 8 -8 -9 9 10 -12 12 -14 -15 -16
leaf_value=-0.043175312464531247 0.13686303199298275 0.19417408815102452 0.11060574083100327 -0.044930313029497369 -0.017482712419133864 -0.042979864631836895 0.1136426782994619 -0.043242081644347112 -0.042962447371315216 -0.043061791163973719 -0.043323371063493959 -0.04298633983291815 -0.042889313835871357 -0.042760544332460869 -0.04303409883483561
leaf_weight=1.024820147082212 1.9008610993623754 2.4247743040323249 5.8519021272659293 1.0072382129728792 1.8351399898529051 1.2436110787093699 0.94734094291925419 4.7278221808373928 1.4604283310472959 3.0100896954536438 0.99135085195302952 2.3181581646204021 16.833058837801218 0.59638183563947667 0.73681604117155064
leaf_count=26 18 12 35 16 27 35 14 117 42 81 23 65 509 20 20
internal_value=-0.000164313 0.0617803 0.0408297 -0.00228296 0.0610477 -0.0378632 0.0321533 -0.0435386 -0.0429417 -0.043051 -0.0431266 -0.0429103 -0.0429011 -0.0429039 -0.043
internal_weight=46.9098 17.7477 15.323 9.47106 3.736 29.1621 1.97216 5.73506 27.1899 6.05825 4.00144 21.1316 19.1512 2.05681 1.98043
internal_count=1060 225 213 178 45 835 40 133 795 166 104 629 574 62 55
is_linear=0
shrinkage=0.05


Tree=40
num_leaves=12
num_cat=0
split_feature=1 4 1 6 4 1 0 0 3 4 1
split_gain=9.11232 11.029 4.43949 1.95373 3.91398e-05 7.79436e-06 1.30949e-06 3.13879e-07 9.3495e-08 6.26683e-08 5.8035e-08
threshold=29968.010000000006 33565.000000000007 34870.885000000009 9.5000000000000018 28185.000000000004 34295.37000000001 28831.020000000004 28831.020000000004 1.0735704147290237 33155.000000000007 18372.640000000003
decision_type=2 2 2 2 2 2 2 2 2 2 2
left_child=4 3 5 -2 -1 6 -3 8 10 -10 -6
right_child=1 2 -4 -5 7 -7 -8 -9 9 -11 -12
leaf_value=-0.042438897734637382 0.085091198363664688 -0.041961955031851669 0.20075295446042427 0.17770079489870949 -0.041944618305411713 -0.042307219614436536 -0.042091937789499233 -0.041996974872812648 -0.041972911562856166 -0.041937688595880984 -0.041926801436761363
leaf_weight=0.4116476448252796 1.1595427356660368 1.8602923173457395 0.20537269674241532 1.1191703621298073 0.51280591776594509 0.19358436763286579 0.21629187185317267 0.18667937861755479 0.19977959897369135 0.34324551140889525 4.2039535166695714
leaf_count=25 26 228 8 17 65 12 19 21 23 45 571
internal_value=-0.000229922 0.0512 -0.0218645 0.130576 -0.0419688 -0.0420038 -0.0419755 -0.0419333 -0.041931 -0.0419506 -0.0419287
internal_weight=10.6124 4.75425 2.47554 2.27871 5.85811 2.27017 2.07658 5.44646 5.25978 0.543025 4.71676
internal_count=1060 310 267 43 750 259 247 725 704 68 636
is_linear=0
shrinkage=0.05


Tree=41
num_leaves=17
num_cat=0
split_feature=4 1 2 4 4 4 5 1 1 1 3 2 5 7 6 0
split_gain=20.5378 23.8592 2.66527 2.31272e-05 2.22333e-05 2.12929e-05 9.16642e-06 1.08638e-06 1.08469e-06 7.36127e-07 3.2215e-07 1.94089e-07 1.14336e-07 9.74252e-08 6.45563e-08 3.1369e-08
threshold=33397.500000000007 30129.380000000005 4392.7500000000009 28185.000000000004 37941.500000000007 38137.000000000007 1.0000000180025095e-35 28299.970000000005 31204.425000000007 25230.310000000005 1.1458674252693608 4279.2800000000016 1.5000000000000002 3.5000000000000004 5.5000000000000009 27708.075000000004
decision_type=2 2 2 2 2 2 2 2 2 2 2 2 2 2 2 2
left_child=1 3 -3 -1 8 -6 -7 9 10 -5 11 -2 -8 15 -15 -10
right_child=4 2 -4 7 5 6 12 -9 13 -11 -12 -13 -14 14 -16 -17
leaf_value=-0.042572756145770663 -0.042208782136699603 0.090774386141861951 0.16297469205913775 -0.042212843365656498 -0.042661359949418595 -0.042478274747764992 -0.042252547623511619 -0.042277304857245637 -0.0422265768521351 -0.042135507727659421 -0.04213111669030653 -0.042184573788033003 -0.042221110890680182 -0.042256993899542711 -0.042229142434142025 -0.042209540508203275
leaf_weight=0.53708602581173392 0.94822240155190041 2.5193726606667042 2.5945762544870377 2.0019514700397858 0.47908531595021431 0.48929662443697441 0.39004969224333752 0.58021605946123589 0.48648636508733012 0.36358829960227002 0.26083982177078713 6.5284228706732392 1.1190265677869318 0.32841010950505722 0.56773019395768642 0.60775900632143021
leaf_count=26 63 22 19 131 20 24 24 34 31 28 20 450 72 20 36 40
internal_value=-0.000533037 0.0586639 0.127405 -0.042271 -0.0422283 -0.042362 -0.0422902 -0.042216 -0.0421942 -0.042201 -0.0421857 -0.0421876 -0.0422292 -0.0422271 -0.0422393 -0.0422171
internal_weight=20.8021 8.59679 5.11395 3.48284 12.2053 2.47746 1.99837 2.94576 9.72787 2.36554 7.73749 7.47665 1.50908 1.99039 0.89614 1.09425
internal_count=1060 260 41 219 800 140 120 193 660 159 533 513 96 127 56 71
is_linear=0
shrinkage=0.05


Tree=42
num_leaves=15
num_cat=0
split_feature=3 4 1 4 8 3 2 3 3 0 4 1 4 4
split_gain=82.9221 28.9385 26.1919 25.1756 11.0612 4.43423 13.8817 2.32939 1.04671 0.475428 0.00211095 0.000376304 0.000353619 0.000170679
threshold=0.87118681729126901 36337.500000000007 18372.640000000003 40120.000000000007 4.5000000000000009 0.76951466148307446 10656.900000000001 0.66094075969639043 0.71210683859352508 28035.860000000004 38215.000000000007 28473.070000000003 33155.000000000007 33030.000000000007
decision_type=2 2 2 2 2 2 2 2 2 2 2 2 2 2
left_child=1 2 7 10 9 8 -7 -1 -3 -4 11 13 -13 -2
right_child=3 5 4 -5 -6 6 -8 -9 -10 -11 -12 12 -14 -15
leaf_value=0.099334683306907687 -0.044844564063950126 0.094746341352914598 -0.046103265687760714 0.066896261944723118 0.040129474041153884 0.10476703266845429 -0.0063271399007365269 0.051838763402935785 0.12457608589669433 -0.018817549008385621 -0.046793873260826908 -0.045905079763503727 -0.045470981059317149 -0.045325010183254452
leaf_weight=5.6661358028650302 2.0064206197857883 6.50184613466263 12.831726737320425 5.4028658866882315 5.5581604763865462 7.933454826474188 4.355726070702076 4.7418783903121948 5.3693874776363373 1.8232875168323506 2.9926478043198577 5.5622506812214842 29.963149443268776 23.493966095149517
leaf_count=20 26 22 130 22 36 28 36 24 22 18 27 56 328 265
internal_value=-0.000458117 0.0455324 0.0132525 -0.0367501 -0.01993 0.0864442 0.0653913 0.0776956 0.108238 -0.0427085 -0.0454973 -0.0454338 -0.0455389 -0.0452872
internal_weight=124.203 54.7816 30.6212 69.4213 20.2132 24.1604 12.2892 10.408 11.8712 14.655 64.0184 61.0258 35.5254 25.5004
internal_count=1060 336 228 724 184 108 64 44 44 148 702 675 384 291
is_linear=0
shrinkage=0.05


Tree=43
num_leaves=18
num_cat=0
split_feature=1 1 4 4 2 1 4 0 2 7 2 1 1 2 1 1 1
split_gain=105.79 18.974 34.6918 27.7943 32.8975 17.541 16.6365 13.1888 7.81694 3.55099 2.98563 1.0331 0.0724798 0.0114088 0.0111643 0.0057921 0.00269353
threshold=30656.785000000003 28034.085000000003 35012.500000000007 38897.500000000007 12589.545000000002 19267.145 33745.000000000007 27006.785000000003 5154.8050000000012 2.5000000000000004 9301.6150000000016 31131.475000000002 29317.100000000002 4205.3100000000004 30129.380000000005 34295.37000000001 33717.05000000001
decision_type=2 2 2 2 2 2 2 2 2 2 2 2 2 2 2 2 2
left_child=1 3 12 4 6 -6 -1 9 -9 -4 -5 -2 -3 15 -14 16 -13
right_child=11 2 7 10 5 -7 -8 8 -10 -11 -12 13 14 -15 -16 -17 -18
leaf_value=0.019026756137934649 -0.040015990191263721 -0.066183393819487055 0.017949321155766688 -0.016023115755297242 -0.040857439062394155 0.02464786095719812 0.058832314967766301 -0.049189649496938527 0.025941075698987986 0.065045195091345542 -0.062883309875507817 -0.059164663632782936 -0.061603567304777729 -0.057196753701902019 -0.058352803665010049 -0.060795461941880895 -0.057910072931381333
leaf_weight=40.951139360666275 8.3086818605661374 8.8013757765293139 5.9222505092620876 5.9013477563858023 20.210227340459824 20.67413517832756 73.114171773195267 7.5610892474651319 6.3863242566585541 12.346718817949293 8.0166594833135587 37.473740637302399 5.4995432645082456 8.2197888344526273 5.0817170739173889 5.1625235974788657 4.8295274972915641
leaf_count=144 30 32 21 21 74 72 276 27 22 43 31 150 21 35 21 20 20
internal_value=0.00013299 0.0165608 -0.00997486 0.0246691 0.0307486 -0.00773315 0.0445415 0.0218254 -0.0147883 0.0497781 -0.0430142 -0.0564626 -0.0628309 -0.0589166 -0.0600424 -0.0592144 -0.0590214
internal_weight=284.461 220.467 51.599 168.868 154.95 40.8844 114.065 32.2164 13.9474 18.269 13.918 63.9943 19.3826 55.6856 10.5813 47.4658 42.3033
internal_count=1060 805 187 618 566 146 420 113 49 64 52 255 74 225 42 190 170
is_linear=0
shrinkage=0.05


Tree=44
num_leaves=21
num_cat=0
split_feature=1 2 4 4 1 6 7 4 3 5 4 1 2 2 2 1 4 4 0 7
split_gain=144.321 16.563 14.9683 12.1097 23.6453 10.2414 12.532 39.396 10.3399 8.72435 8.05802 7.69557 6.2823 2.69462 1.97058 0.117911 0.00460076 0.00519387 0.00204805 0.000524016
threshold=27016.485000000004 5108.5950000000012 33745.000000000007 32625.000000000004 24656.205000000005 10.500000000000002 2.5000000000000004 35987.500000000007 1.171419684610018 1.0000000180025095e-35 35397.500000000007 29968.010000000006 4148.9800000000005 2639.9850000000006 6070.6200000000008 26583.380000000001 33745.000000000007 38897.500000000007 26628.780000000002 5.5000000000000009
decision_type=2 2 2 2 2 2 2 2 2 2 2 2 2 2 2 2 2 2 2 2
left_child=3 5 -3 4 9 10 8 -8 -7 -1 12 14 -2 -12 -4 16 19 -18 -11 -5
right_child=1 2 11 15 -6 6 7 -9 -10 18 13 -13 -14 -15 -16 -17 17 -19 -20 -21
leaf_value=0.023156704074568848 0.050493594029591075 0.049724739870423112 -0.01746920470052821 -0.05366629866943811 0.078018254641532447 0.085773542896379673 0.054089105833086293 -0.064648678729992609 0.018730234117509386 -0.053327490662431511 0.039133502869428287 0.030171513481052872 -0.0078187179921587243 0.076840668746108301 -0.054262169471668946 -0.045244734643482339 -0.052113335480021783 -0.053378823358724348 -0.054587655473595453 -0.052947261074356537
leaf_weight=4.7109430432319703 15.275526314973833 10.609377086162569 5.7675037980079678 6.8548827171325666 5.5975950062274924 12.077728018164636 16.675338000059131 12.022199988365172 10.97873570024967 12.898370489478113 5.5813578665256491 5.07668113708496 6.6208611130714408 31.353525102138519 9.8617389649152738 6.130959838628768 57.524145916104317 9.4383544176816923 4.2988069951534262 4.0197003483772278
leaf_count=18 52 36 24 33 19 41 57 48 39 63 20 18 23 106 47 30 300 46 20 20
internal_value=8.67426e-05 0.033533 0.0014321 -0.0424887 -0.0136952 0.0426233 0.0264003 0.00434653 0.0538497 -0.0371282 0.0568948 -0.0233123 0.0328616 0.0711426 -0.0406848 -0.0519208 -0.0524466 -0.0522917 -0.0536425 -0.0534005
internal_weight=253.374 141.901 31.3153 111.474 27.5057 110.585 51.754 28.6975 23.0565 21.9081 58.8313 20.7059 21.8964 36.9349 15.6292 83.968 77.8371 66.9625 17.1972 10.8746
internal_count=1060 511 125 549 120 386 185 105 80 101 201 89 75 126 71 429 399 346 83 53
is_linear=0
shrinkage=0.05


Tree=45
num_leaves=11
num_cat=0
split_feature=3 7 1 4 4 1 4 1 4 4
split_gain=40.1164 15.0839 14.9638 16.0205 1.84387 0.715895 0.000125752 3.1163e-05 9.73201e-06 7.12811e-06
threshold=1.1058688793335112 5.5000000000000009 33820.070000000007 33565.000000000007 34905.000000000007 31131.475000000002 28185.000000000004 28473.070000000003 33155.000000000007 38897.500000000007
decision_type=2 2 2 2 2 2 2 2 2 2
left_child=5 2 3 -2 -5 6 -1 9 -9 -8
right_child=1 -3 -4 4 -6 -7 7 8 -10 -11
leaf_value=-0.043348070057720914 0.11161676838805688 0.1611795488084965 0.097031813822353777 0.01479000704070519 -0.043284921207731961 -0.002576335339828617 -0.042832355794991145 -0.04312013891843583 -0.042942770095061943 -0.042934445849487773
leaf_weight=1.4337205123156369 2.5182433836162152 2.7724353745579711 6.324270747601985 1.7045940607786159 6.8961706850677729 1.1522205471992482 18.116254560649402 1.2084450051188462 2.1480854656547308 1.8879981506615866
leaf_count=34 25 14 35 35 181 13 574 31 63 55
internal_value=3.9246e-05 0.0528452 0.0356266 0.000700507 -0.031775 -0.0411032 -0.0428935 -0.0428656 -0.0430066 -0.042842
internal_weight=46.1624 20.2157 17.4433 11.119 8.60076 25.9467 24.7945 23.3608 3.35653 20.0043
internal_count=1060 290 276 241 216 770 757 723 94 629
is_linear=0
shrinkage=0.05


Tree=46
num_leaves=12
num_cat=0
split_feature=1 4 3 1 4 1 0 0 3 4 4
split_gain=8.37368 8.88415 4.81028 1.40745 3.43983e-05 2.28193e-05 9.70545e-07 2.95293e-07 1.2386e-07 6.95808e-08 6.66442e-08
threshold=29968.010000000006 33565.000000000007 1.2784349275323097 30656.785000000003 28185.000000000004 34615.960000000006 28831.020000000004 28831.020000000004 1.0735704147290237 31965.000000000004 33155.000000000007
decision_type=2 2 2 2 2 2 2 2 2 2 2
left_child=4 3 5 -2 -1 6 -3 8 9 -6 -10
right_child=1 2 -4 -5 7 -7 -8 -9 10 -11 -12
leaf_value=-0.042403908988960987 0.15018718245677676 -0.04195345927015371 0.22010973302453679 0.075505474305702952 -0.041930406578224499 -0.042569778967888987 -0.042063768787599598 -0.041983094480649616 -0.041963937439566786 -0.041912441063319941 -0.041926973251840333
leaf_weight=0.39520752895623434 1.2697522044181826 1.8183194585144531 0.19006977975368489 1.2538608023896811 0.62700770143419493 0.16920625045895565 0.22396249510347832 0.1785880816169082 0.19392979145050038 3.8376625739037991 0.328475596383214
leaf_count=25 16 232 7 27 84 7 21 21 23 552 45
internal_value=9.52633e-05 0.0475723 -0.0212663 0.113081 -0.0419543 -0.0420118 -0.0419656 -0.0419199 -0.0419177 -0.041915 -0.0419407
internal_weight=10.486 4.92517 2.40156 2.52361 5.56087 2.21149 2.04228 5.16566 4.98708 4.46467 0.522405
internal_count=1060 310 267 43 750 260 253 725 704 636 68
is_linear=0
shrinkage=0.05


Tree=47
num_leaves=17
num_cat=0
split_feature=4 1 1 4 4 4 5 1 1 1 3 2 5 7 6 0
split_gain=18.5753 19.6951 2.64483 2.03645e-05 1.76605e-05 1.38902e-05 7.97779e-06 1.29586e-06 1.10196e-06 4.64445e-07 2.90212e-07 3.21133e-07 1.14009e-07 9.95022e-08 6.66273e-08 3.44743e-08
threshold=33397.500000000007 30129.380000000005 31586.425000000007 28185.000000000004 37941.500000000007 38137.000000000007 1.0000000180025095e-35 28592.965000000004 31131.475000000002 25230.310000000005 1.1458674252693608 4279.2800000000016 1.5000000000000002 3.5000000000000004 5.5000000000000009 27626.245000000003
decision_type=2 2 2 2 2 2 2 2 2 2 2 2 2 2 2 2
left_child=1 3 -3 -1 8 -6 -7 9 10 -5 11 -2 -8 15 -15 -10
right_child=4 2 -4 7 5 6 12 -9 13 -11 -12 -13 -14 14 -16 -17
leaf_value=-0.042535660237540289 -0.042186238866783465 0.080302141901333488 0.14942862101310758 -0.042189670316994332 -0.042571954061099773 -0.042439864494271368 -0.04222590879914867 -0.04226983307834279 -0.042200629584462107 -0.042132414250113139 -0.042102846856136904 -0.042154119936314849 -0.042193757521810177 -0.042229881808710977 -0.042200907406956256 -0.042182036879533438
leaf_weight=0.51674641203135463 0.89157239720225145 3.1022234335541725 2.4978820532560349 1.9181242669001228 0.44069576915353481 0.46752038784325112 0.3720718640834092 0.47254030406475056 0.38936250191181876 0.43439896404743183 0.24503805208951224 6.1211865497753024 1.0648455629125235 0.31366986781358708 0.53995398618280888 0.69315559417009354
leaf_count=26 62 25 16 131 20 24 24 28 26 34 20 448 72 20 36 48
internal_value=-0.000279286 0.0538127 0.111135 -0.0422471 -0.0421965 -0.042319 -0.0422605 -0.0421943 -0.0421653 -0.0421791 -0.0421563 -0.0421582 -0.0422021 -0.0421988 -0.0422116 -0.0421887
internal_weight=20.481 8.94192 5.60011 3.34181 11.5391 2.34513 1.90444 2.82506 9.19394 2.35252 7.2578 7.01276 1.43692 1.93614 0.853624 1.08252
internal_count=1060 260 41 219 800 140 120 193 660 165 530 510 96 130 56 74
is_linear=0
shrinkage=0.05


Tree=48
num_leaves=15
num_cat=0
split_feature=3 4 4 1 8 3 2 3 3 0 0 1 4 4
split_gain=74.6586 24.6777 23.1343 22.4538 10.284 3.7328 11.6878 2.11144 0.760728 0.48502 0.00213156 0.000450051 0.000343161 0.000130824
threshold=0.87118681729126901 36337.500000000007 40120.000000000007 18372.640000000003 4.5000000000000009 0.76951466148307446 10656.900000000001 0.66094075969639043 0.71210683859352508 28035.860000000004 29130.860000000004 28473.070000000003 33155.000000000007 33030.000000000007
decision_type=2 2 2 2 2 2 2 2 2 2 2 2 2 2
left_child=1 3 10 7 9 8 -7 -1 -3 -5 11 13 -13 -2
right_child=2 5 -4 4 -6 6 -8 -9 -10 -11 -12 12 -14 -15
leaf_value=0.090938641022966116 -0.044631409723918318 0.087813495776370487 0.061334210674591695 -0.04588627292381707 0.037224219776956627 0.095749733380063706 -0.0061831382727707222 0.046493343120302552 0.11285648305597398 -0.017890243593993532 -0.046848106790650171 -0.045707818171822318 -0.045258256075167272 -0.045073979482915555
leaf_weight=5.8159230351448077 1.8061678335070634 6.5800184011459368 5.5566449016332617 12.23505909740925 5.7186482846736899 8.1129107028245908 4.3041111454367629 4.9435814619064331 5.6246573328971863 1.7709928452968586 2.0487240254878989 4.9535696506500235 29.667435556650162 22.115067504346371
leaf_count=20 25 22 22 130 36 28 36 24 22 18 19 52 341 265
internal_value=-0.000498235 0.0424872 -0.0363083 0.0124164 -0.019277 0.0797179 0.0604168 0.0705177 0.0993548 -0.0423463 -0.0452628 -0.0452073 -0.0453226 -0.0450406
internal_weight=121.254 55.1059 66.1476 30.4842 19.7247 24.6217 12.417 10.7595 12.2047 14.0061 60.591 58.5422 34.621 23.9212
internal_count=1060 336 724 228 184 108 64 44 44 148 702 683 393 290
is_linear=0
shrinkage=0.05


Tree=49
num_leaves=18
num_cat=0
split_feature=1 4 1 1 4 0 1 2 2 7 1 4 2 3 1 1 2
split_gain=94.7654 16.887 50.1681 25.5363 29.9312 15.2992 13.9328 13.2615 4.75909 2.98544 1.08803 0.697224 0.00800616 0.00828517 0.00330366 0.00252102 0.000161347
threshold=30656.785000000003 34905.000000000007 26094.035000000003 19267.145 37941.500000000007 28626.480000000003 17804.750000000004 5374.3250000000007 11967.715000000002 4.5000000000000009 31131.475000000002 33745.000000000007 3866.5100000000007 1.1885495277645062 34295.37000000001 33654.830000000009 4311.6750000000011
decision_type=2 2 2 2 2 2 2 2 2 2 2 2 2 2 2 2 2
left_child=1 2 6 -3 7 -6 -1 -5 -8 11 -2 -4 14 16 15 -12 -14
right_child=10 3 9 4 5 -7 8 -9 -10 -11 12 -13 13 -15 -16 -17 -18
leaf_value=-0.036485552962710777 -0.03767205725863508 -0.051194813296541991 -0.066786367082774065 0.013210116844545384 -0.062756212293529942 0.034356911271077421 0.048301672580181289 0.054787509273160354 0.016324406294377081 -0.024501924792107749 -0.057654766203673082 -0.047187792142169657 -0.057311366899559547 -0.054562148443201057 -0.058861683467721332 -0.056423324089430044 -0.056902888210283033
leaf_weight=7.6170455962419501 8.1557649224996549 9.5813250541686994 17.237355202436454 25.777304619550705 10.972834423184397 6.4333374798297873 30.653268754482269 74.920105487108231 18.754120916128159 7.0460802763700476 29.092725411057472 6.1595975607633582 5.0004087686538679 4.7379440814256659 4.948830619454383 4.8488118499517432 4.6800964176654816
leaf_count=28 30 37 63 92 43 22 113 290 65 28 121 24 21 22 20 21 20
internal_value=7.43461e-05 0.0157164 -0.00120821 0.0273103 0.0336791 -0.0268631 0.0264596 0.0441442 0.0361637 -0.0530342 -0.0546797 -0.0616267 -0.0572817 -0.0562754 -0.0576548 -0.0574788 -0.0571139
internal_weight=276.617 215.152 87.4675 127.685 118.104 17.4062 57.0244 100.697 49.4074 30.443 61.4646 23.397 53.3088 14.4184 38.8904 33.9415 9.68051
internal_count=1060 805 321 484 447 65 206 382 178 115 255 87 225 63 162 142 41
is_linear=0
shrinkage=0.05


Tree=50
num_leaves=18
num_cat=0
split_feature=1 2 3 4 1 1 0 2 5 1 7 1 1 4 4 0 7
split_gain=129.57 14.2796 12.9615 11.6774 21.8431 10.0036 9.40188 11.3778 8.335 6.4393 18.7372 2.24632 0.126072 0.0059313 0.00567047 0.00168518 0.000464528
threshold=27016.485000000004 3915.6150000000002 1.1850114936235565 32625.000000000004 24656.205000000005 34295.37000000001 26426.105000000003 5108.5950000000012 1.0000000180025095e-35 30723.720000000005 2.5000000000000004 33654.830000000009 26583.380000000001 33745.000000000007 38897.500000000007 26628.780000000002 5.5000000000000009
decision_type=2 2 2 2 2 2 2 2 2 2 2 2 2 2 2 2 2
left_child=3 5 6 4 8 9 -3 -8 -1 10 -2 -11 13 16 -15 -10 -5
right_child=1 2 -4 12 -6 -7 7 -9 15 11 -12 -13 -14 14 -16 -17 -18
leaf_value=0.022340986129674469 0.082622787680115994 -0.025740004703610361 -0.053184565887189429 -0.052944718009893157 0.074519937382629284 -0.017242947439733175 0.050227327129211963 0.0059453198223332754 -0.052574640243239594 0.068072602837750754 -0.027378415462838448 0.036901421733368411 -0.043963026371415657 -0.051214499839312567 -0.05256628270243429 -0.053739198422919902 -0.052255407675224345
leaf_weight=4.7384312003850999 7.5498619526624662 8.6860944330692273 6.1244433224201194 6.6228999346494657 5.641604244709014 5.3401470482349387 31.772032707929611 26.692872375249863 12.413532689213755 39.256758600473404 7.9451790153980255 6.7775560617446891 5.8476171195507041 54.4115279763937 9.0479728430509549 4.1432837247848502 3.8736528158187866
leaf_count=18 26 39 22 33 19 20 109 107 63 135 30 23 30 300 46 20 20
internal_value=8.24984e-05 0.0316944 0.0164477 -0.0414224 -0.012957 0.0484017 0.0227985 0.0300098 -0.0361317 0.054099 0.026219 0.0634833 -0.0510305 -0.0515893 -0.0514072 -0.0528661 -0.0526903
internal_weight=246.885 140.145 73.2754 106.741 26.9369 66.8695 67.151 58.4649 21.2952 61.5294 15.495 46.0343 79.8037 73.9561 63.4595 16.5568 10.4966
internal_count=1060 511 277 549 120 234 255 216 101 214 56 158 429 399 346 83 53
is_linear=0
shrinkage=0.05


Tree=51
num_leaves=11
num_cat=0
split_feature=3 7 1 4 4 1 4 1 4 8
split_gain=36.603 11.363 12.3747 13.9643 1.80802 0.719266 0.000107538 3.05928e-05 1.01582e-05 8.38462e-06
threshold=1.1058688793335112 5.5000000000000009 33820.070000000007 33565.000000000007 34905.000000000007 31131.475000000002 28185.000000000004 28473.070000000003 33155.000000000007 3.5000000000000004
decision_type=2 2 2 2 2 2 2 2 2 2
left_child=5 2 3 -2 -5 6 -1 9 -9 -8
right_child=1 -3 -4 4 -6 -7 7 8 -10 -11
leaf_value=-0.043257833698174999 0.099521445225043192 0.1383191655810608 0.087404861863705621 0.014514795745603408 -0.04320182884953868 -0.0022145498201686176 -0.042878698840090476 -0.043061388449756349 -0.042876216381199907 -0.042765468308487611
leaf_weight=1.3646333906799615 2.7140206918120446 3.0525757372379294 6.6958255767822257 1.7122146300971488 6.5383278373628855 1.1432801708579052 1.8076604530215323 1.161813031882047 2.0430337656289339 17.108796959742904
leaf_count=34 25 14 35 35 181 13 55 31 63 574
internal_value=0.000255828 0.0492429 0.0338461 0.00113894 -0.031224 -0.0409418 -0.0428271 -0.0428005 -0.0429433 -0.0427763
internal_weight=45.3422 20.713 17.6604 10.9646 8.25054 24.6292 23.4859 22.1213 3.20485 18.9165
internal_count=1060 290 276 241 216 770 757 723 94 629
is_linear=0
shrinkage=0.05


Tree=52
num_leaves=12
num_cat=0
split_feature=1 4 3 6 4 1 0 0 4 1 4
split_gain=7.75951 7.3639 5.12373 1.29639 2.97314e-05 2.15623e-05 7.65389e-07 2.99211e-07 1.52397e-07 1.31645e-07 7.19538e-08
threshold=29968.010000000006 33565.000000000007 1.2840960735766176 9.5000000000000018 28185.000000000004 34503.905000000006 28831.020000000004 28831.020000000004 33397.500000000007 28592.965000000004 37487.500000000007
decision_type=2 2 2 2 2 2 2 2 2 2 2
left_child=4 3 5 -2 -1 6 -3 8 9 -6 -10
right_child=1 2 -4 -5 7 -7 -8 -9 10 -11 -12
leaf_value=-0.042367198056080697 0.06571588767715536 -0.041938927740905005 0.23693816114797037 0.13457396584410056 -0.041911696665536416 -0.042480650872663728 -0.042039878414370825 -0.041971344232218474 -0.041895370764294455 -0.041954605751972684 -0.041915180557848854
leaf_weight=0.37738950829952944 1.3572410186752679 1.7251541106961674 0.17829110100865353 1.3770668981596825 1.1241004234179852 0.21236580424010743 0.21069129183888424 0.17211897810921062 2.8330143233761196 0.21254872996360052 0.54687380790710438
leaf_count=25 26 232 4 17 163 10 21 21 437 26 78
internal_value=0.000548838 0.0447603 -0.0206258 0.100395 -0.0419396 -0.0420024 -0.0419499 -0.0419066 -0.0419042 -0.0419185 -0.0418986
internal_weight=10.3269 5.06081 2.3265 2.73431 5.26605 2.14821 1.93585 4.88866 4.71654 1.33665 3.37989
internal_count=1060 310 267 43 750 263 253 725 704 189 515
is_linear=0
shrinkage=0.05


Tree=53
num_leaves=17
num_cat=0
split_feature=4 1 2 4 4 4 5 1 1 1 3 3 0 7 6 0
split_gain=17.0184 16.7312 1.94069 1.71667e-05 1.64409e-05 1.20804e-05 6.6281e-06 1.17171e-06 1.0452e-06 4.82472e-07 2.10609e-07 2.67788e-07 1.13709e-07 1.09591e-07 4.79556e-08 3.49176e-08
threshold=33397.500000000007 30129.380000000005 4392.7500000000009 28185.000000000004 37941.500000000007 38137.000000000007 1.0000000180025095e-35 28592.965000000004 31204.425000000007 25230.310000000005 1.1458674252693608 1.0537061784319957 27976.855000000003 3.5000000000000004 5.5000000000000009 27708.075000000004
decision_type=2 2 2 2 2 2 2 2 2 2 2 2 2 2 2 2
left_child=1 3 -3 -1 8 -6 -7 9 10 -5 11 -2 -8 15 -15 -10
right_child=4 2 -4 7 5 6 12 -9 13 -11 -12 -13 -14 14 -16 -17
leaf_value=-0.042492614658497393 -0.042123302358905268 0.070136094167170177 0.12700194068803275 -0.042168139951549624 -0.042529912530577842 -0.042399862488465459 -0.042170266611439508 -0.042245298511015196 -0.042169299668697202 -0.04210814424567827 -0.042080353583102942 -0.042147174678299593 -0.042205211516055385 -0.042199641329997241 -0.042174396599548809 -0.042150315098579222
leaf_weight=0.49372851941734763 5.1137396777048689 2.9193408749997616 3.0867177546024323 1.840401969850064 0.4195288280025119 0.44523914903402317 1.0746523151174185 0.45368134044110764 0.43749312870204426 0.40969441831111897 0.23231413587927807 1.5250886334106324 0.29716205690056074 0.29679191391915083 0.51378040667623281 0.54259745124727488
leaf_count=26 399 22 19 131 20 24 76 28 31 34 20 114 20 20 36 40
internal_value=0.000110042 0.0501726 0.0993614 -0.0422215 -0.0421672 -0.0422881 -0.0422322 -0.042172 -0.042136 -0.0421572 -0.0421271 -0.0421288 -0.0421778 -0.04217 -0.0421836 -0.0421588
internal_weight=20.102 9.20356 6.00606 3.19751 10.8984 2.23658 1.81705 2.70378 8.66181 2.2501 6.87114 6.63883 1.37181 1.79066 0.810572 0.980091
internal_count=1060 260 41 219 800 140 120 193 660 165 533 513 96 127 56 71
is_linear=0
shrinkage=0.05


Tree=54
num_leaves=15
num_cat=0
split_feature=3 4 4 1 8 3 2 0 3 0 4 1 4 4
split_gain=68.1234 21.396 21.1348 19.3817 9.60337 3.06499 8.54323 1.96887 0.604307 0.498452 0.00186461 0.000396029 0.000377028 0.000118922
threshold=0.87118681729126901 36337.500000000007 40120.000000000007 18372.640000000003 4.5000000000000009 0.76951466148307446 10601.230000000001 26093.080000000005 0.71210683859352508 28035.860000000004 38215.000000000007 28473.070000000003 33155.000000000007 33030.000000000007
decision_type=2 2 2 2 2 2 2 2 2 2 2 2 2 2
left_child=1 3 10 7 9 8 -7 -1 -3 -5 11 13 -13 -2
right_child=2 5 -4 4 -6 6 -8 -9 -10 -11 -12 12 -14 -15
leaf_value=0.041637245298213971 -0.044430193054789568 0.081859425609525624 0.056065453258931447 -0.045655907604956948 0.034928036560400805 0.090176240953179942 0.0049565881660408985 0.084094990787132951 0.10398606032916979 -0.016755530987833094 -0.046319751963109029 -0.045493329364584979 -0.045023633359929253 -0.044858172836500537
leaf_weight=5.0083324760198611 1.7598820813000227 6.5946390032768267 5.6789657175540915 11.592325493693354 5.8505393266677848 7.5624979436397535 4.8123482763767242 6.0036630779504776 5.7995406091213226 1.712340086698531 2.7477547377347937 5.0774042159318915 26.950514554977417 20.889957655221224
leaf_count=23 26 22 22 130 36 26 38 21 22 18 27 56 328 265
internal_value=-0.00050857 0.0402016 -0.0359492 0.0119272 -0.0184598 0.0746382 0.0570359 0.0647849 0.092213 -0.0419364 -0.0450488 -0.0449849 -0.0450981 -0.0448249
internal_weight=118.041 54.9362 63.1045 30.1672 19.1552 24.769 12.3748 11.012 12.3942 13.3047 57.4255 54.6778 32.0279 22.6498
internal_count=1060 336 724 228 184 108 64 44 44 148 702 675 384 291
is_linear=0
shrinkage=0.05


Tree=55
num_leaves=18
num_cat=0
split_feature=1 4 1 3 4 2 0 2 4 0 7 7 4 1 1 2 1
split_gain=85.1487 15.5717 45.6113 22.7947 28.4212 14.4999 14.2961 14.0635 8.83542 5.02808 4.50537 3.71275 1.57933 1.15717 0.00635145 0.00408172 0.00126298
threshold=30656.785000000003 34905.000000000007 25484.175000000007 0.76518854394938585 37941.500000000007 5374.3250000000007 28626.480000000003 11967.715000000002 29177.500000000004 26136.230000000007 4.5000000000000009 2.5000000000000004 33745.000000000007 31131.475000000002 34295.37000000001 4205.3100000000004 33717.05000000001
decision_type=2 2 2 2 2 2 2 2 2 2 2 2 2 2 2 2 2
left_child=1 2 7 9 5 -5 -6 11 -9 -3 12 -1 -4 -2 15 16 -15
right_child=13 3 10 4 6 -7 -8 8 -10 -11 -12 -13 -14 14 -16 -17 -18
leaf_value=0.015729839967870057 -0.035384747639615362 -0.060367428016060279 -0.0659612526212877 0.012734256323998373 -0.061162967295636153 0.056932947608055763 0.033412351022853247 -0.050709606358798093 0.017300832988849709 -9.6848819852419872e-05 -0.014680597196045234 0.061725403413687367 -0.037211154159746226 -0.055980896308899422 -0.057585227699093092 -0.054603894470624914 -0.055081094730486758
leaf_weight=5.5099073350429562 7.9901178777217856 7.8345377743244153 18.346952408552173 25.593085527420044 10.597944796085359 67.486383646726608 6.4141235351562491 6.2923337668180492 19.809825927019119 6.1980662047863007 7.693817898631095 21.534991532564163 6.4582284092903128 34.239857450127602 4.783677250146865 7.5014185905456534 4.4010572880506507
leaf_count=20 30 32 68 92 43 273 22 24 69 22 31 83 26 150 20 35 20
internal_value=3.64119e-05 0.0149534 -0.00144648 0.0262694 0.0339192 0.0447801 -0.0255049 0.0270866 0.000905853 -0.0337465 -0.0481078 0.0523546 -0.0584759 -0.0530754 -0.055851 -0.0556712 -0.0558784
internal_weight=268.686 209.77 85.6461 124.124 110.092 93.0795 17.0121 53.1471 26.1022 14.0326 32.499 27.0449 24.8052 58.9161 50.926 46.1423 38.6409
internal_count=1060 805 321 484 430 365 65 196 93 54 125 103 94 255 225 205 170
is_linear=0
shrinkage=0.05


Tree=56
num_leaves=17
num_cat=0
split_feature=1 4 2 3 4 1 0 0 7 1 3 1 4 4 0 3
split_gain=115.694 12.8755 13.8112 12.6589 11.3352 19.8138 9.88011 8.14825 6.90391 17.9865 0.580523 0.12659 0.00563674 0.00543148 0.00198537 0.00022029
threshold=27016.485000000004 38215.000000000007 3915.6150000000002 1.1850114936235565 32625.000000000004 24656.205000000005 26426.105000000003 27514.705000000005 2.5000000000000004 31204.425000000007 1.1217802209562635 26583.380000000001 33745.000000000007 38897.500000000007 26628.780000000002 0.87949733355444903
decision_type=2 2 2 2 2 2 2 2 2 2 2 2 2 2 2 2
left_child=4 2 8 6 5 7 -4 14 10 -10 -2 12 15 -14 -1 -6
right_child=1 -3 3 -5 11 -7 -8 -9 9 -11 -12 -13 13 -15 -16 -17
leaf_value=-0.051751145284708193 0.085556435540195486 -0.030866218243476337 -0.025055395129533687 -0.051031219106511677 -0.051687244095735274 0.070689888706250106 0.032756153516360069 0.022791466319292346 -0.020751199861094624 0.058170124118454541 0.067954940305061773 -0.042977730744251902 -0.050404186639391141 -0.051759483254748842 -0.053041076600212692 -0.052165008755603162
leaf_weight=11.842391818761831 6.6967965662479427 8.2212074249982816 8.5341597944498044 5.9879781901836386 5.983838886022566 5.6702678203582755 55.147814139723778 4.7172939479351035 9.659783869981764 28.576028823852539 15.58935910463333 5.611614227294921 51.384494855999947 8.6346982866525632 3.987337350845336 4.0428039282560349
leaf_count=63 23 33 39 22 32 19 203 18 36 100 55 30 300 46 20 21
internal_value=5.46724e-05 0.0298196 0.0336517 0.0184732 -0.0403857 -0.0120533 0.0250087 -0.0348876 0.0511244 0.0382317 0.073244 -0.0502036 -0.0507825 -0.0505992 -0.0520761 -0.0518799
internal_weight=240.288 138.413 130.192 69.67 101.875 26.2173 63.682 20.547 60.522 38.2358 22.2862 75.6575 70.0458 60.0192 15.8297 10.0266
internal_count=1060 511 478 264 549 120 242 101 214 136 78 429 399 346 83 53
is_linear=0
shrinkage=0.05


Tree=57
num_leaves=11
num_cat=0
split_feature=3 7 1 4 4 1 4 1 4 4
split_gain=33.2661 8.81252 10.0283 12.2478 1.79872 0.731776 8.54425e-05 3.20877e-05 1.12548e-05 7.93936e-06
threshold=1.1058688793335112 5.5000000000000009 33820.070000000007 33565.000000000007 34905.000000000007 31131.475000000002 28185.000000000004 28473.070000000003 33155.000000000007 38897.500000000007
decision_type=2 2 2 2 2 2 2 2 2 2
left_child=5 2 3 -2 -5 6 -1 9 -9 -8
right_child=1 -3 -4 4 -6 -7 7 8 -10 -11
leaf_value=-0.043158426293595807 0.089493476021002133 0.12104714151258907 0.078203232137282142 0.014928334722216019 -0.04312441352325147 -0.0014354300024077603 -0.042702074582224969 -0.043013857105585328 -0.042815078254809402 -0.042815166334185084
leaf_weight=1.286333741620189 2.9014514610171371 3.2858227528631678 7.0806194692850104 1.700295642018318 6.1990768108516932 1.1253880001604546 16.146989677101381 1.1252148635685437 1.9395253118127582 1.7169142737984646
leaf_count=34 25 14 35 35 181 13 574 31 63 55
internal_value=0.000395135 0.0457867 0.0319571 0.00163988 -0.0306289 -0.0407702 -0.0427629 -0.0427386 -0.0428881 -0.0427129
internal_weight=44.5076 21.1673 17.8814 10.8008 7.89937 23.3404 22.215 20.9286 3.06474 17.8639
internal_count=1060 290 276 241 216 770 757 723 94 629
is_linear=0
shrinkage=0.05


Tree=58
num_leaves=14
num_cat=0
split_feature=1 2 2 3 3 1 3 4 4 0 4 1 4
split_gain=7.21812 6.27268 6.05107 4.08211 2.66232 1.93402 1.74527 0.00113494 2.50862e-05 2.46683e-07 1.8357e-07 1.47324e-07 8.40654e-08
threshold=29968.010000000006 4117.1850000000004 4698.4550000000008 1.1082566721840645 1.2784349275323097 30363.555000000004 1.0691500938204357 33565.000000000007 28185.000000000004 28831.020000000004 33745.000000000007 28299.970000000005 37487.500000000007
decision_type=2 2 2 2 2 2 2 2 2 2 2 2 2
left_child=8 4 3 -3 5 -2 -4 -7 -1 10 11 -10 -12
right_child=1 2 6 -5 -6 7 -8 -9 9 -11 12 -13 -14
leaf_value=-0.042328906872617533 0.077148440409183824 0.26145459474620431 0.094217068870543305 0.089644409963026306 0.14099848333322887 -0.044522329104537683 -0.04425169514696041 -0.041991339113355959 -0.041898960832720322 -0.041954423088119627 -0.041881016428226968 -0.041940864575124026 -0.041903089536638301
leaf_weight=0.35694654472172249 0.39903937838971693 0.64514491427689813 0.36117253638803948 0.74490197608247399 0.27072992734611023 0.6250314945355061 0.61514017172157764 1.5202298541553316 1.1502609113231299 0.16223653452470888 2.5342424111440782 0.25653160968795408 0.51982995634898532
leaf_count=25 12 11 8 32 7 12 32 196 176 21 417 33 78
internal_value=0.00105937 0.0423735 0.102377 0.169385 -0.00806619 -0.0239276 0.00697279 -0.0427288 -0.041925 -0.0418939 -0.0418917 -0.0419066 -0.0418848
internal_weight=10.1614 5.18139 2.36636 1.39005 2.81503 2.5443 0.976313 2.14526 4.98005 4.6231 4.46086 1.40679 3.05407
internal_count=1060 310 83 43 227 220 40 208 750 725 704 209 495
is_linear=0
shrinkage=0.05


Tree=59
num_leaves=17
num_cat=0
split_feature=4 1 1 4 4 4 5 1 1 1 3 1 5 7 6 0
split_gain=15.6172 14.3 1.83129 1.55689e-05 1.43656e-05 1.04289e-05 6.62167e-06 1.33002e-06 9.16729e-07 5.76606e-07 1.80318e-07 2.3165e-07 9.37923e-08 8.60396e-08 5.42864e-08 2.11008e-08
threshold=33397.500000000007 30129.380000000005 31586.425000000007 37941.500000000007 28185.000000000004 38137.000000000007 1.0000000180025095e-35 28299.970000000005 31204.425000000007 25230.310000000005 0.7088056081634696 27016.485000000004 1.5000000000000002 3.5000000000000004 5.5000000000000009 27626.245000000003
decision_type=2 2 2 2 2 2 2 2 2 2 2 2 2 2 2 2
left_child=1 4 -3 8 -1 -5 -7 9 10 -6 -2 -12 -8 15 -15 -10
right_child=3 2 -4 5 7 6 12 -9 13 -11 11 -13 -14 14 -16 -17
leaf_value=-0.042450690867638696 -0.042137883912676262 0.06497405198385818 0.11874126448541998 -0.042489777462141283 -0.04214241851964181 -0.042378584660648137 -0.042174013312270636 -0.042220356077564025 -0.042141518073997436 -0.042068025423600448 -0.042090318415793956 -0.042109971059237659 -0.042143356109134861 -0.042171577199601122 -0.04214395297446525 -0.042125795655603621
leaf_weight=0.467726605013015 0.30507809575646927 3.4800403341650963 2.9061629623174667 0.40294163115322534 1.7465559942647821 0.42512963712215412 0.33654999081045367 0.52721336856484402 0.33334427326917626 0.30612010695040215 3.599601810798049 2.5700057661160827 0.96436397731304169 0.28127377852797508 0.48367557767778635 0.59309666231274605
leaf_count=26 23 25 16 20 131 24 24 34 25 28 302 208 72 20 36 46
internal_value=0.00044403 0.046916 0.0894418 -0.0421403 -0.0421957 -0.0422607 -0.0422073 -0.0421495 -0.0421089 -0.0421313 -0.0421004 -0.0420985 -0.0421513 -0.0421417 -0.0421541 -0.0421315
internal_weight=19.7289 9.43382 6.3862 10.2951 3.04762 2.12899 1.72604 2.57989 8.16608 2.05268 6.47469 6.16961 1.30091 1.69139 0.764949 0.926441
internal_count=1060 260 41 800 219 140 120 193 660 159 533 510 96 127 56 71
is_linear=0
shrinkage=0.05


Tree=60
num_leaves=20
num_cat=0
split_feature=3 4 2 5 1 0 7 3 7 0 4 0 4 3 7 4 3 4 3
split_gain=62.7338 18.3446 22.4225 11.9602 8.74427 7.11072 5.3407 11.5075 2.39287 0.925005 0.0198341 0.00202201 0.000335179 0.000347198 0.000369332 0.000251219 0.000146381 0.000112611 5.55483e-05
threshold=0.9674788135492739 36337.500000000007 11967.715000000002 1.0000000180025095e-35 19100.020000000004 26483.845000000005 1.0000000180025095e-35 0.86572981933620674 3.5000000000000004 26542.350000000002 38215.000000000007 25737.345000000005 33305.000000000007 1.0168753323298281 4.5000000000000009 33745.000000000007 1.0587887173290953 34732.500000000007 1.1024823617791162
decision_type=2 2 2 2 2 2 2 2 2 2 2 2 2 2 2 2 2 2 2
left_child=1 2 11 -3 8 -6 9 -8 -4 -5 12 -1 13 -2 -15 -13 17 -14 -18
right_child=10 3 4 6 5 -7 7 -9 -10 -11 -12 15 16 14 -16 -17 18 -19 -20
leaf_value=-0.046266983023370262 -0.044398271525383566 -0.024236180602903855 0.040635186806347763 0.079560911208984772 0.048501857753997971 -0.047191089963025054 0.069919172477597408 -0.032691992612121142 0.084251796411221325 0.10622662776925512 -0.04902901426265549 -0.045056938938541222 -0.04499523750908347 -0.045593565425365516 -0.044788574596051879 -0.044565899865582487 -0.044965910469065597 -0.044533982597048313 -0.044785236671741994
leaf_weight=2.7786869853734961 1.3355921134352673 4.0554693117737761 6.0419957786798495 7.7349215745925921 3.5431460067629805 4.2940178588032722 12.874369256198408 3.468413069844245 6.5571988895535469 5.6116731613874435 2.9916504025459281 4.2623961307108384 1.5512803271412838 3.7646295130252838 2.2925852574408054 6.6975044384598732 5.3701929599046734 9.0016787834465486 20.471879228949547
leaf_count=28 20 37 27 26 23 40 55 42 25 20 26 53 19 40 30 92 67 125 265
internal_value=-0.000533659 0.0301545 0.00433332 0.0563047 0.0375401 -0.00392875 0.0673063 0.0481421 0.0633353 0.0907727 -0.0450902 -0.0450623 -0.0448211 -0.045128 -0.0452889 -0.0447569 -0.0447587 -0.0446018 -0.0448228
internal_weight=114.699 67.9198 34.1749 33.7448 20.4364 7.83716 29.6894 16.3428 12.5992 13.3466 46.7795 13.7386 43.7878 7.39281 6.05721 10.9599 36.395 10.553 25.8421
internal_count=1060 468 288 180 115 63 143 97 52 46 592 173 566 90 70 145 476 144 332
is_linear=0
shrinkage=0.05


Tree=61
num_leaves=17
num_cat=0
split_feature=1 4 1 3 4 2 0 1 0 7 1 1 3 1 2 4
split_gain=77.0533 14.3859 41.0783 20.3928 25.8646 13.9459 13.2559 11.1957 6.76941 4.10548 2.60683 1.16778 0.156714 0.006205 0.0025468 0.000894725
threshold=30656.785000000003 34905.000000000007 26094.035000000003 0.76951466148307446 37941.500000000007 5374.3250000000007 28626.480000000003 17804.750000000004 26270.245000000003 2.5000000000000004 27241.350000000002 31131.475000000002 1.0852513793656897 34295.37000000001 4279.2800000000016 34905.000000000007
decision_type=2 2 2 2 2 2 2 2 2 2 2 2 2 2 2 2
left_child=1 2 7 8 5 -5 -6 -1 -3 -9 -4 -2 -12 14 15 -13
right_child=11 3 10 4 6 -7 -8 9 -10 -11 12 13 -14 -15 -16 -17
leaf_value=-0.03361821008303164 -0.033819451414275538 -0.057278993405245428 -0.022497939104176329 0.012260975308306998 -0.059685035979224789 0.056030629862519159 0.032137767205609798 0.0069546511877746908 0.013341786246441223 0.041199619388743308 -0.0617740805389747 -0.054140569010244159 -0.053345992854718895 -0.05635161751995546 -0.053493096262719135 -0.054713971523415339
leaf_weight=7.3244426250457755 7.8492515683174124 8.9334599673747999 6.7552814781665829 25.427217781543732 10.217076227068903 64.016687721014023 6.3879217505455008 11.591515034437178 5.4717363119125357 35.728592097759247 12.184565976262094 8.9134313166141492 10.077159792184828 4.6042762547731391 6.314130336046218 28.735333383083344
leaf_count=28 30 37 24 92 43 270 22 41 20 137 48 42 43 20 31 132
internal_value=8.08206e-06 0.0143036 -0.00162394 0.0253661 0.0329484 0.0435877 -0.0243609 0.023907 -0.0304541 0.032811 -0.0497035 -0.0517133 -0.057959 -0.0546053 -0.0544224 -0.0545782
internal_weight=260.532 204.116 83.6616 120.454 106.049 89.4439 16.605 54.6445 14.4052 47.3201 29.017 56.4164 22.2617 48.5672 43.9629 37.6488
internal_count=1060 805 321 484 427 362 65 206 57 178 115 255 91 225 205 174
is_linear=0
shrinkage=0.05


Tree=62
num_leaves=21
num_cat=0
split_feature=1 2 8 4 1 0 6 7 4 3 4 4 2 4 2 1 4 4 0 6
split_gain=103.706 11.768 12.7573 10.7774 17.6203 7.66911 7.40508 9.45965 30.8792 8.01471 7.74225 6.6487 5.40418 3.39815 2.09239 0.128887 0.00487869 0.00528108 0.00177681 0.000219512
threshold=27016.485000000004 5108.5950000000012 4.5000000000000009 32625.000000000004 24656.205000000005 27514.705000000005 10.500000000000002 2.5000000000000004 35987.500000000007 1.171419684610018 35397.500000000007 35397.500000000007 4148.9800000000005 36520.000000000007 2639.9850000000006 26583.380000000001 33745.000000000007 38897.500000000007 26628.780000000002 13.500000000000002
decision_type=2 2 2 2 2 2 2 2 2 2 2 2 2 2 2 2 2 2 2 2
left_child=3 6 13 4 5 18 10 9 -9 -8 12 -4 -2 -3 -12 16 19 -18 -1 -5
right_child=1 2 11 15 -6 -7 7 8 -10 -11 14 -13 -14 -15 -16 -17 17 -19 -20 -21
leaf_value=-0.050975488824592442 0.041424081395942919 -0.00591574192149552 0.074354021133832937 -0.05089172244787038 0.066059772449423543 0.021542662008298144 0.074460960160332698 0.046504763433639504 -0.061271072869704103 0.014243610048760708 0.034226384915633803 0.0045835902445667655 -0.013057366026864265 -0.05116624960712212 0.068008180678897676 -0.041988165886813908 -0.049667022482879027 -0.051036752313646044 -0.052224589547782918 -0.051380993637593068
leaf_weight=11.262984976172453 14.739753633737566 8.1888572573661822 6.2517514228820819 5.6863234490156156 5.6798485517501822 4.7542267441749564 11.763518482446672 16.195293098688129 11.271527439355848 10.420460373163221 5.4202999472618094 7.5239405184984207 6.5852342545986167 8.4097780436277372 29.698434948921204 5.370503917336463 48.42309133708477 8.2336374670267087 3.8100896179676047 3.8409139215946198
leaf_count=63 52 32 21 32 19 18 41 57 48 39 20 33 23 39 106 30 300 46 20 21
internal_value=1.86453e-05 0.0281187 0.00067786 -0.0394901 -0.0115845 -0.033827 0.0359749 0.0218906 0.00227692 0.0461751 0.0483641 0.0362471 0.0246 -0.0288421 0.0627942 -0.0494376 -0.0500421 -0.0498661 -0.0512912 -0.051089
internal_weight=233.53 136.469 30.3743 97.0616 25.5071 19.8273 106.095 49.6508 27.4668 22.184 56.4437 13.7757 21.325 16.5986 35.1187 71.5545 66.184 56.6567 15.0731 9.52724
internal_count=1060 511 125 549 120 101 386 185 105 80 201 54 75 71 126 429 399 346 83 53
is_linear=0
shrinkage=0.05


Tree=63
num_leaves=14
num_cat=0
split_feature=3 7 2 4 8 3 1 1 4 4 4 3 2
split_gain=30.2985 7.0726 8.51539 14.767 13.8684 3.30887 0.744666 7.19849e-05 3.38028e-05 1.5582e-05 1.51821e-05 7.34437e-06 6.47671e-06
threshold=1.1058688793335112 5.5000000000000009 1385.7350000000004 34905.000000000007 4.5000000000000009 1.2625295669211003 31131.475000000002 28922.220000000005 34732.500000000007 33745.000000000007 37487.500000000007 1.0168753323298281 5154.8050000000012
decision_type=2 2 2 2 2 2 2 2 2 2 2 2 2
left_child=6 2 -2 4 -4 -5 7 9 -9 11 -11 -1 -10
right_child=1 -3 3 5 -6 -7 -8 8 12 10 -12 -13 -14
leaf_value=-0.042710522925663519 0.09688937698448391 0.10822295826601834 0.11685409546922483 -0.044367373502068187 -0.04476167709403972 0.060407123978382993 -0.00063004750693713659 -0.043108481615891175 -0.042636441913649306 -0.042604685684505345 -0.042740455220688783 -0.042875409093589348 -0.042863975947045364
leaf_weight=5.2155019566416838 3.785198435187346 3.4629090577363959 4.4942692406475526 7.052185358479619 1.8837628737092016 0.84369442611932743 1.107308268547057 1.4355277325958007 0.61061566881835438 9.6868973914533836 2.6148585006594649 0.77580317854881276 0.64114205539226532
leaf_count=185 15 14 34 187 35 5 13 38 23 377 90 24 20
internal_value=0.000547098 0.0427675 0.0302162 0.0125356 0.0691206 -0.033172 -0.0405921 -0.0427012 -0.0429429 -0.0426657 -0.0426335 -0.0427319 -0.042753
internal_weight=43.6097 21.522 18.0591 14.2739 6.37803 7.89588 22.0877 20.9803 2.68729 18.2931 12.3018 5.99131 1.25176
internal_count=1060 290 276 261 69 192 770 757 81 676 467 209 43
is_linear=0
shrinkage=0.05


Tree=64
num_leaves=14
num_cat=0
split_feature=1 4 1 1 1 4 3 1 4 8 4 1 2
split_gain=6.70933 5.59845 3.54854 0.917029 3.91292e-05 2.25395e-05 8.36054e-07 2.50803e-07 1.77674e-07 1.03382e-07 1.34879e-07 2.8885e-08 2.32447e-08
threshold=29968.010000000006 33565.000000000007 35127.040000000008 30595.115000000002 34503.905000000006 28185.000000000004 1.2579176306963846 28473.070000000003 33155.000000000007 3.5000000000000004 33745.000000000007 29070.495000000003 9382.1650000000027
decision_type=2 2 2 2 2 2 2 2 2 2 2 2 2
left_child=5 3 4 -2 6 -1 -3 9 -9 12 -11 -10 -7
right_child=1 2 -4 -5 -6 7 -8 8 11 10 -12 -13 -14
leaf_value=-0.042304425437332781 0.11099144404178629 -0.041919932799841089 0.15947492171400646 0.056160545135178236 -0.042655612551844461 -0.041915011556279233 -0.042044990547373887 -0.041945972039626016 -0.041905368721159554 -0.041888004804301882 -0.041866742231976097 -0.04187901270578976 -0.041889750575503704
leaf_weight=0.33968000765889872 1.5611474309116604 1.639514123555273 0.24545811302959908 1.4907077038660643 0.20746007282286871 0.17494897684082422 0.14550606906414021 0.22694005863741029 0.19123761216178536 1.119422806426883 2.2349781007505953 0.22777487803250551 0.18993713054805994
leaf_count=25 15 238 5 28 9 25 15 29 29 180 394 38 30
internal_value=0.00152569 0.0401607 -0.0199072 0.0842088 -0.0420057 -0.0419121 -0.0419301 -0.0418816 -0.0419103 -0.0418766 -0.0418738 -0.041891 -0.0419019
internal_weight=9.99471 5.28979 2.23794 3.05186 1.99248 4.70492 1.78502 4.36524 0.645953 3.71929 3.3544 0.419012 0.364886
internal_count=1060 310 267 43 262 750 253 725 96 629 574 67 55
is_linear=0
shrinkage=0.05


Tree=65
num_leaves=17
num_cat=0
split_feature=4 1 2 4 4 4 5 1 1 1 4 3 4 7 6 0
split_gain=14.3878 12.4015 1.72798 1.49043e-05 1.27928e-05 8.64721e-06 6.84932e-06 1.51855e-06 8.10532e-07 3.62505e-07 2.42491e-07 2.29358e-07 1.07605e-07 7.33208e-08 4.68529e-08 1.57316e-08
threshold=33397.500000000007 30129.380000000005 4392.7500000000009 37941.500000000007 28185.000000000004 38137.000000000007 1.0000000180025095e-35 28299.970000000005 31204.425000000007 25230.310000000005 33745.000000000007 1.0537061784319957 38215.000000000007 3.5000000000000004 5.5000000000000009 27626.245000000003
decision_type=2 2 2 2 2 2 2 2 2 2 2 2 2 2 2 2
left_child=1 4 -3 8 -1 -5 -7 9 10 -6 -2 -12 -8 15 -15 -10
right_child=3 2 -4 5 7 6 12 -9 13 -11 11 -13 -14 14 -16 -17
leaf_value=-0.042419215557145687 -0.042122315497393037 0.055416345918371537 0.10615723406421083 -0.042448728001165774 -0.042116661722483566 -0.042362791940344313 -0.042105112179938127 -0.042204291369377755 -0.042113846499384475 -0.042056511724573836 -0.042066520163154278 -0.042088902962540482 -0.042136749260693475 -0.042143116363474523 -0.04211670505377875 -0.042099866612970299
leaf_weight=0.44426211807877036 0.25514536350965311 3.2666585147380829 3.4498941376805305 0.38460824079811606 1.6529547329992058 0.40859472751617421 0.39550463855266549 0.51227247901260842 0.31405395176261641 0.29522306472063053 4.271886732429266 1.5633850982412694 0.8387466985732317 0.26557570975273848 0.45664279721677303 0.56018495466560125
leaf_count=26 20 22 19 20 131 24 32 34 25 28 380 133 64 20 36 46
internal_value=0.000809021 0.044148 0.0814789 -0.0421147 -0.0421723 -0.0422353 -0.0421854 -0.0421277 -0.0420829 -0.0421075 -0.0420746 -0.0420725 -0.0421266 -0.0421146 -0.0421264 -0.0421049
internal_weight=19.3356 9.62127 6.71655 9.71433 2.90471 2.02745 1.64285 2.46045 7.68687 1.94818 6.09042 5.83527 1.23425 1.59646 0.722219 0.874239
internal_count=1060 260 41 800 219 140 120 193 660 159 533 513 96 127 56 71
is_linear=0
shrinkage=0.05


Tree=66
num_leaves=20
num_cat=0
split_feature=3 4 2 5 1 0 7 3 7 0 4 1 8 4 3 7 3 4 3
split_gain=57.9582 16.0199 20.4791 10.3803 7.38894 6.63956 4.48022 9.94705 2.29367 0.71483 0.0177666 0.00173403 0.000451289 0.000361425 0.000326738 0.000328967 0.00017898 0.000123127 6.63055e-05
threshold=0.9674788135492739 36337.500000000007 11967.715000000002 1.0000000180025095e-35 19100.020000000004 26483.845000000005 1.0000000180025095e-35 0.86572981933620674 3.5000000000000004 26542.350000000002 38215.000000000007 20346.010000000006 4.5000000000000009 33305.000000000007 1.0168753323298281 4.5000000000000009 1.0587887173290953 35397.500000000007 1.1024823617791162
decision_type=2 2 2 2 2 2 2 2 2 2 2 2 2 2 2 2 2 2 2
left_child=1 2 11 -3 8 -6 9 -8 -4 -5 13 -1 -13 14 -2 -16 17 -15 -18
right_child=10 3 4 6 5 -7 7 -9 -10 -11 -12 12 -14 16 15 -17 18 -19 -20
leaf_value=-0.046118636975737461 -0.044233130925440595 -0.023169434462765769 0.036929018410203185 0.074890213665108604 0.046084284469968317 -0.04689107935374217 0.065626025033574023 -0.031765540633673039 0.07928299626333235 0.098265762480668387 -0.048712921880711246 -0.044425941388417246 -0.045250369443862015 -0.044768854079035712 -0.045414475322174838 -0.044637420542309514 -0.04480289982981403 -0.044308324437167722 -0.044600653192260281
leaf_weight=2.2204584851860991 1.2589708007872094 3.9157798513770095 6.2030477821826953 7.6478803157806414 3.6217453628778449 4.0870993360877037 12.840109914541246 3.2944238260388365 6.5951917245984077 5.7141185402870178 2.8584618717432013 8.6791560724377614 2.052470412105321 1.7679047361016262 3.6155446916818619 2.1852632015943527 5.1222484745085266 8.1060754731297475 19.405292190611362
leaf_count=23 20 37 27 26 23 40 55 42 25 20 26 125 25 23 40 30 67 121 265
internal_value=-0.000558394 0.0288296 0.00437419 0.0533194 0.0354617 -0.00320968 0.0634736 0.0457402 0.0587549 0.0848865 -0.0449003 -0.0448468 -0.0445836 -0.0446374 -0.0449633 -0.0451217 -0.0445705 -0.0443908 -0.0446429
internal_weight=111.191 66.8715 33.4592 33.4123 20.5071 7.70884 29.4965 16.1345 12.7982 13.362 44.3198 12.9521 10.7316 41.4613 7.05978 5.80081 34.4015 9.87398 24.5275
internal_count=1060 468 288 180 115 63 143 97 52 46 592 173 150 566 90 70 476 144 332
is_linear=0
shrinkage=0.05


Tree=67
num_leaves=18
num_cat=0
split_feature=1 4 1 3 4 2 2 0 4 0 7 7 4 1 1 2 0
split_gain=69.6276 13.0402 36.9043 18.1874 23.4307 13.1326 12.095 11.8975 7.27927 6.15256 4.02286 3.37353 1.49996 1.21276 0.00454259 0.00158249 0.000623391
threshold=30656.785000000003 34905.000000000007 25484.175000000007 0.76951466148307446 37941.500000000007 5374.3250000000007 11967.715000000002 28626.480000000003 29177.500000000004 26270.245000000003 4.5000000000000009 2.5000000000000004 33745.000000000007 31131.475000000002 34295.37000000001 4205.3100000000004 26846.940000000006
decision_type=2 2 2 2 2 2 2 2 2 2 2 2 2 2 2 2 2
left_child=1 2 6 9 5 -5 11 -6 -8 -3 12 -1 -4 -2 15 16 -15
right_child=13 3 10 4 7 -7 8 -9 -10 -11 -12 -13 -14 14 -16 -17 -18
leaf_value=0.013752063933652935 -0.032038102818263949 -0.055385706349680125 -0.062441349711165745 0.011627261135812812 -0.058203259605283331 0.05454292301019175 -0.048067289452766511 0.029610373581677726 0.015004798251154382 0.012695279974212726 -0.012512116401804833 0.058462883654510883 -0.033559622778743074 -0.053926367749304316 -0.05502286447533903 -0.05263413923938183 -0.053370150904037461
leaf_weight=5.3505299389362362 7.6822678595781317 8.5843859612941724 17.389845773577697 25.154652744531631 9.7817032039165515 61.187447190284729 5.9792554825544384 6.3684942722320548 19.472978413105011 5.4098259657621375 7.3181263804435721 19.947547271847725 6.0627101212739936 6.1001740694046012 4.3855029195547095 6.812199890613555 28.916205450892448
leaf_count=20 30 37 68 92 43 270 24 22 69 20 31 83 26 29 20 35 141
internal_value=-4.85465e-05 0.013666 -0.0016722 0.0244002 0.0317006 0.04204 0.0245231 -0.0235758 0.000187862 -0.0290672 -0.0448763 0.0490066 -0.0549751 -0.0504339 -0.0534919 -0.0533314 -0.053467
internal_weight=251.904 198.008 81.521 116.487 102.492 86.3421 50.7503 16.1502 25.4522 13.9942 30.7707 25.2981 23.4526 53.8964 46.2141 41.8286 35.0164
internal_count=1060 805 321 484 427 362 196 65 93 57 125 103 94 255 225 205 170
is_linear=0
shrinkage=0.05


Tree=68
num_leaves=17
num_cat=0
split_feature=1 4 2 3 4 1 4 0 7 1 3 1 4 4 5 6
split_gain=92.7507 10.6697 11.0301 10.5386 10.4593 15.987 8.97144 7.48952 6.36096 15.3508 0.444657 0.132612 0.00512012 0.00458864 0.00150527 0.000200877
threshold=27016.485000000004 38215.000000000007 3915.6150000000002 1.1850114936235565 32625.000000000004 24656.205000000005 30732.500000000004 27514.705000000005 2.5000000000000004 31204.425000000007 1.1217802209562635 26583.380000000001 33745.000000000007 38897.500000000007 1.5000000000000002 13.500000000000002
decision_type=2 2 2 2 2 2 2 2 2 2 2 2 2 2 2 2
left_child=4 2 8 6 5 7 -4 14 10 -10 -2 12 15 -14 -1 -6
right_child=1 -3 3 -5 11 -7 -8 -9 9 -11 -12 -13 13 -15 -16 -17
leaf_value=-0.051411667075945446 0.078654389967597785 -0.029404858471944635 -0.037997097385447411 -0.048417501482577174 -0.050273336543644423 0.062989509254953072 0.028416190072454946 0.021838197230901999 -0.021152182789718983 0.052677054691452431 0.063040408274349036 -0.041009151367405565 -0.048991622981604449 -0.050303414432467865 -0.050284314997263428 -0.050752033248092313
leaf_weight=4.1722129136323991 6.6087636649608639 8.0004310309886915 5.5871835798025122 5.7300399839878073 5.4333992898464185 5.6674338281154624 56.57615864276886 4.7448504269123069 9.5056025385856611 27.151245206594467 14.706398516893385 5.1314943283796302 45.545020788908005 7.8095412254333487 10.199277982115744 3.6730471551418304
leaf_count=23 23 33 20 22 32 19 222 18 36 100 55 30 300 46 60 21
internal_value=-9.50271e-06 0.0265847 0.0301436 0.0164662 -0.0385482 -0.0107633 0.022447 -0.0326289 0.0461617 0.0335322 0.0678815 -0.0487359 -0.0493707 -0.0491836 -0.0506116 -0.0504664
internal_weight=226.242 133.866 125.865 67.8934 92.3763 24.7838 62.1633 19.1163 57.972 36.6568 21.3152 67.5925 62.461 53.3546 14.3715 9.10645
internal_count=1060 511 478 264 549 120 242 101 214 136 78 429 399 346 83 53
is_linear=0
shrinkage=0.05


Tree=69
num_leaves=15
num_cat=0
split_feature=3 7 1 4 2 1 0 1 4 4 4 4 3 2
split_gain=27.8281 5.69999 7.5508 10.0427 1.75303 0.746129 0.608798 7.1007e-05 3.09003e-05 1.72263e-05 1.21392e-05 1.06531e-05 6.74222e-06 8.8804e-07
threshold=1.1058688793335112 5.5000000000000009 33654.830000000009 33565.000000000007 1385.7350000000004 31131.475000000002 27906.735000000004 28592.965000000004 33822.500000000007 33745.000000000007 37487.500000000007 37487.500000000007 1.0168753323298281 4433.7400000000007
decision_type=2 2 2 2 2 2 2 2 2 2 2 2 2 2
left_child=5 2 3 -2 -4 7 -5 9 13 12 -11 -10 -1 -9
right_child=1 -3 4 6 -6 -7 -8 8 11 10 -12 -13 -14 -15
leaf_value=-0.042654983511114596 0.070950235538162543 0.097875892181583685 0.088756536142149386 -0.043014240933147901 0.042311580424492581 -0.00034879714817073336 -0.0049011139271296321 -0.043074436922904975 -0.042610048053043165 -0.042541598787979806 -0.04267011635457417 -0.042885752295661037 -0.042822807768553489 -0.042995913553893317
leaf_weight=4.9430149644613364 3.3145267441868835 3.6001026630401602 3.9286737591028196 5.3574543036520481 4.2075264919549227 1.1007329560816277 1.302497351542115 0.72615608014166289 0.95144594646990277 8.9123552609235031 2.3145825117826453 0.55460657179355621 0.68089426308870304 0.71418216452002525
leaf_count=185 25 14 15 169 30 13 37 20 37 371 85 17 22 20
internal_value=0.000770145 0.0404141 0.0289917 -0.000166832 0.0647382 -0.0404157 -0.0355604 -0.0426435 -0.0428699 -0.0426039 -0.0425681 -0.0427116 -0.0426753 -0.0430355
internal_weight=42.6088 21.7108 18.1107 9.97448 8.1362 20.898 6.65995 19.7972 2.94639 16.8508 11.2269 1.50605 5.62391 1.44034
internal_count=1060 290 276 231 45 770 206 757 94 663 456 54 207 40
is_linear=0
shrinkage=0.05


Tree=70
num_leaves=14
num_cat=0
split_feature=1 4 1 6 2 4 1 1 4 4 8 0 4
split_gain=6.25978 4.79851 5.28985 0.858846 0.000107145 1.88174e-05 1.15606e-05 2.66764e-07 1.76257e-07 9.73176e-08 1.49502e-07 3.92811e-08 2.4897e-08
threshold=29968.010000000006 33565.000000000007 36139.180000000008 9.5000000000000018 1231.4400000000003 28185.000000000004 34370.070000000007 28473.070000000003 33155.000000000007 33745.000000000007 3.5000000000000004 27272.590000000004 37162.000000000007
decision_type=2 2 2 2 2 2 2 2 2 2 2 2 2
left_child=5 3 4 -2 -3 -1 -6 9 -9 11 -11 -7 -10
right_child=1 2 -4 -5 6 7 -8 8 12 10 -12 -13 -14
leaf_value=-0.042267194679810348 0.050442964277652706 -0.043272679585378199 0.24826088361347962 0.10213531798468274 -0.041913834806059237 -0.041880930137236982 -0.042352139719643717 -0.041936201846334294 -0.041871215063758016 -0.041889417521798714 -0.041853906572109204 -0.041853114861549107 -0.041897498369664506
leaf_weight=0.32111614570021618 1.5610251398757102 0.16809443756938014 0.17029038816690434 1.6558983735740183 1.6612463053315876 0.91531111905351303 0.16542213456705201 0.21847477508708824 0.26033272780478001 0.34533906029537353 2.0910415560938418 0.14736309833824635 0.13778883684426546
leaf_count=25 26 5 2 17 250 152 10 29 45 55 394 28 22
internal_value=0.00207172 0.0383197 -0.0192294 0.0770514 -0.0420647 -0.0418986 -0.0419535 -0.0418698 -0.0419001 -0.0418644 -0.0418589 -0.0418771 -0.0418803
internal_weight=9.81874 5.38198 2.16505 3.21692 1.99476 4.43677 1.82667 4.11565 0.616596 3.49905 2.43638 1.06267 0.398122
internal_count=1060 310 267 43 265 750 260 725 96 629 449 180 67
is_linear=0
shrinkage=0.05


Tree=71
num_leaves=17
num_cat=0
split_feature=4 1 2 4 4 4 5 1 3 0 4 2 7 4 2 5
split_gain=13.3006 10.8426 1.31094 1.33371e-05 1.06179e-05 7.60807e-06 5.85908e-06 1.48485e-06 9.2023e-07 3.16171e-07 2.79028e-07 3.02391e-07 2.19843e-07 1.04418e-07 9.02063e-08 6.47523e-08
threshold=33397.500000000007 30129.380000000005 4392.7500000000009 37941.500000000007 28185.000000000004 38137.000000000007 1.0000000180025095e-35 28299.970000000005 1.0587887173290953 27272.590000000004 33745.000000000007 13547.320000000002 4.5000000000000009 37487.500000000007 3039.7650000000003 1.5000000000000002
decision_type=2 2 2 2 2 2 2 2 2 2 2 2 2 2 2 2
left_child=1 4 -3 8 -1 -5 -7 9 10 -6 -2 -12 13 -10 -14 -8
right_child=3 2 -4 5 7 6 15 -9 12 -11 11 -13 14 -15 -16 -17
leaf_value=-0.042379063501339048 -0.042097315827345126 0.052181159854390924 0.095430004212811892 -0.04241068082399501 -0.042093221915305873 -0.042326103266065528 -0.042122039509127379 -0.042183489006409086 -0.042070306805917966 -0.042028404196991949 -0.042034259365846434 -0.042069684199061631 -0.04208821530675938 -0.042104857357919058 -0.042130983406476384 -0.042095144870650497
leaf_weight=0.42093302682042333 0.22913728374987652 3.354666955769062 3.6679432839155197 0.36833303049206723 1.6374367298558357 0.38897143397480238 0.30159974191337802 0.49222340062260617 2.1707060951739559 0.21255985368043173 3.3570089489221573 0.73415356501936901 0.23767446819692839 0.24317640531808127 0.25619032233953476 0.8676141444593668
leaf_count=26 19 22 19 20 138 24 24 34 192 21 324 65 20 20 20 72
internal_value=0.00123076 0.0417567 0.0747702 -0.0420894 -0.0421479 -0.0422063 -0.042158 -0.0421063 -0.0420583 -0.0420858 -0.0420436 -0.0420406 -0.04208 -0.0420738 -0.0421104 -0.0421021
internal_weight=18.9403 9.78576 7.02261 9.15457 2.76315 1.92652 1.55819 2.34222 7.22805 1.85 4.3203 4.09116 2.90775 2.41388 0.493865 1.16921
internal_count=1060 260 41 800 219 140 120 193 660 159 408 389 252 212 40 96
is_linear=0
shrinkage=0.05


Tree=72
num_leaves=20
num_cat=0
split_feature=3 4 2 5 1 0 7 3 7 0 4 1 4 8 3 1 3 4 3
split_gain=53.6679 14.088 18.543 9.04968 6.45625 6.12952 3.82952 8.64165 2.02629 0.567755 0.0156716 0.00140143 0.000433378 0.0003641 0.000323368 0.000299594 0.000165756 0.000176205 6.09301e-05
threshold=0.9674788135492739 36337.500000000007 11967.715000000002 1.0000000180025095e-35 19100.020000000004 26483.845000000005 1.0000000180025095e-35 0.86572981933620674 3.5000000000000004 26542.350000000002 38215.000000000007 20346.010000000006 33305.000000000007 4.5000000000000009 1.0168753323298281 30129.380000000005 1.0587887173290953 35397.500000000007 1.1024823617791162
decision_type=2 2 2 2 2 2 2 2 2 2 2 2 2 2 2 2 2 2 2
left_child=1 2 11 -3 8 -6 9 -8 -4 -5 12 -1 14 -13 -2 -16 17 -14 -18
right_child=10 3 4 6 5 -7 7 -9 -10 -11 -12 13 16 -15 15 -17 18 -19 -20
leaf_value=-0.045798089699724528 -0.044082049408178635 -0.0220545084107284 0.034602210313152783 0.070968182746448491 0.042833073942026373 -0.046661672528230058 0.061916737821037432 -0.030816386860424174 0.074211684532954 0.091840889268183706 -0.048372350285562832 -0.044227280235697559 -0.044669304131823323 -0.044991541767859675 -0.04520690748452915 -0.044374430471186228 -0.044619818097101888 -0.044108134759799626 -0.04442046084690647
leaf_weight=2.086801901459693 1.1915255114436138 3.7776314541697493 6.3074555248022097 7.5053539872169512 3.7310832142829886 3.9269244857132435 12.735373474657534 3.1296533346176139 6.6151134073734283 5.7569194734096527 2.748098373413085 8.1133285686373675 1.7165658250451068 1.9288859032094485 4.1327575966715813 1.4634719900786874 4.8443620018661049 7.5576377026736736 18.353529062122107
leaf_count=23 20 37 27 26 23 40 55 42 25 20 26 125 23 25 48 22 67 121 265
internal_value=-0.000594545 0.027657 0.00441956 0.0507564 0.0333201 -0.00305864 0.0601995 0.0436235 0.0548785 0.0800287 -0.0447221 -0.0446191 -0.0444666 -0.0443741 -0.04483 -0.0449892 -0.0443907 -0.044212 -0.0444621
internal_weight=107.622 65.6145 32.7096 32.9049 20.5806 7.65801 29.1273 15.865 12.9226 13.2623 42.0079 12.129 39.2598 10.0422 6.78776 5.59623 32.4721 9.2742 23.1979
internal_count=1060 468 288 180 115 63 143 97 52 46 592 173 566 150 90 70 476 144 332
is_linear=0
shrinkage=0.05


Tree=73
num_leaves=18
num_cat=0
split_feature=1 4 1 3 4 2 0 2 7 4 0 1 1 3 1 2 4
split_gain=63.2887 12.2457 33.4681 16.3549 21.2852 12.3099 10.7311 8.95356 7.6151 6.44291 5.60651 2.53826 1.23459 0.143126 0.00422435 0.000953847 0.00043461
threshold=30656.785000000003 34905.000000000007 26094.035000000003 0.76951466148307446 37941.500000000007 5374.3250000000007 28626.480000000003 11967.715000000002 2.5000000000000004 29177.500000000004 26270.245000000003 27241.350000000002 31131.475000000002 1.0852513793656897 34295.37000000001 4279.2800000000016 34905.000000000007
decision_type=2 2 2 2 2 2 2 2 2 2 2 2 2 2 2 2 2
left_child=1 2 7 10 5 -5 -6 8 -1 -9 -3 -4 -2 -13 15 16 -14
right_child=12 3 11 4 6 -7 -8 9 -10 -11 -12 13 14 -15 -16 -17 -18
leaf_value=-0.0045737502015330634 -0.030608539089681315 -0.053655286269337257 -0.019581746001294618 0.011451469811612798 -0.056796353165496062 0.053343668840771324 0.027494333430290813 -0.046100476752778959 0.056973923977569396 0.014027096207927732 0.012111519240694632 -0.058941770035409215 -0.052126419423170006 -0.050605282948465259 -0.054013952926608266 -0.051749121283422676 -0.052546754483230478
leaf_weight=6.6874163746833828 7.5419643968343726 8.2285660207271558 6.5847610682249096 25.038901671767235 9.3353984504938108 58.52055898308754 6.3405350446701041 5.7885618209838894 20.2246253490448 19.342994138598442 5.3458386659622184 11.468256667256357 8.0597061663866025 9.343223571777342 4.2009256780147544 5.7170108407735816 25.948598578572273
leaf_count=25 30 37 24 92 43 270 22 24 88 69 20 48 42 43 20 31 132
internal_value=-5.34078e-05 0.01313 -0.00190782 0.0237194 0.0307607 0.0407905 -0.0227028 0.0216388 0.0416798 0.000177887 -0.0277552 -0.0466384 -0.0492973 -0.0551991 -0.0525061 -0.0523467 -0.0524471
internal_weight=243.718 192.25 79.4398 112.81 99.2354 83.5595 15.6759 52.0436 26.912 25.1316 13.5744 27.3962 51.4682 20.8115 43.9262 39.7253 34.0083
internal_count=1060 805 321 484 427 362 65 206 113 93 57 115 255 91 225 205 174
is_linear=0
shrinkage=0.05


Tree=74
num_leaves=18
num_cat=0
split_feature=1 4 2 2 8 6 0 1 4 4 7 4 0 1 4 4 3
split_gain=83.2372 9.94976 14.4092 9.84677 10.9682 6.97562 6.33673 6.40843 5.80675 5.18062 5.12192 3.0434 0.155529 0.136419 0.00472294 0.00389777 0.000204895
threshold=27016.485000000004 32625.000000000004 9785.2550000000028 5108.5950000000012 4.5000000000000009 3.5000000000000004 26398.795000000002 34295.37000000001 35987.500000000007 35397.500000000007 3.5000000000000004 36520.000000000007 26846.940000000006 26583.380000000001 33745.000000000007 38897.500000000007 0.75318744187217657
decision_type=2 2 2 2 2 2 2 2 2 2 2 2 2 2 2 2 2
left_child=1 2 -1 6 11 -4 8 10 -2 -6 -8 -5 -7 14 16 -16 -3
right_child=3 13 5 4 9 12 7 -9 -10 -11 -12 -13 -14 -15 15 -17 -18
leaf_value=0.056209248551540025 0.033789029872166948 -0.050142207477074097 0.031940057116159916 -0.0065212513257096099 0.066772382847317388 -0.050586522248599178 0.048006751359781441 -0.016868938420757467 -0.036757763006967835 0.0046588079187142774 0.020816324729224549 -0.050033870101785727 -0.038131598443478139 -0.040075883301265616 -0.048388650442477942 -0.049631806564672427 -0.049642899047986654
leaf_weight=6.0772134363651302 5.7208925485610944 3.3586310595273954 3.3732945322990444 8.0684954077005404 6.153886020183565 11.373570263385771 60.843944072723389 5.2081907391548148 5.9511658251285553 7.3861806839704514 24.211771056056023 8.0059074610471708 3.215029001235961 4.9015775322914115 42.800545334815979 7.3946610838174811 5.2919824421405792
leaf_count=22 20 20 12 32 21 69 225 20 30 33 91 39 17 30 300 46 33
internal_value=-4.77654e-05 -0.0377533 -0.0103417 0.025114 -0.000265505 -0.0328585 0.0324872 0.0369701 -0.00218026 0.0328891 0.0402668 -0.0281928 -0.0478417 -0.0480902 -0.0487577 -0.0485718 -0.0498368
internal_weight=219.337 87.7865 24.0391 131.55 29.6145 17.9619 101.936 90.2639 11.6721 13.5401 85.0557 16.0744 14.5886 63.7474 58.8458 50.1952 8.65061
internal_count=1060 549 120 511 125 98 386 336 50 54 316 71 86 429 399 346 53
is_linear=0
shrinkage=0.05


Tree=75
num_leaves=15
num_cat=0
split_feature=3 7 1 4 2 1 0 1 4 4 4 8 3 3
split_gain=25.4472 4.74353 6.35528 8.97073 1.37494 0.759289 0.611189 7.17799e-05 3.19407e-05 1.82476e-05 1.30092e-05 1.14788e-05 6.16594e-06 3.74914e-06
threshold=1.1058688793335112 5.5000000000000009 33654.830000000009 33565.000000000007 1385.7350000000004 31131.475000000002 27906.735000000004 28473.070000000003 33155.000000000007 33745.000000000007 37487.500000000007 3.5000000000000004 1.015521194284267 1.0813427833146656
decision_type=2 2 2 2 2 2 2 2 2 2 2 2 2 2
left_child=5 2 3 -2 -4 7 -5 9 13 12 -10 -11 -1 -9
right_child=1 -3 4 6 -6 -7 -8 8 10 11 -12 -13 -14 -15
leaf_value=-0.042602775023041467 0.06481084375788855 0.089712821886096791 0.080390539918096804 -0.042938410719911835 0.039838686800925574 0.00047159732543537372 -0.0043053557035816975 -0.042891546410858038 -0.042552371549304004 -0.042637289611680326 -0.042843433432538131 -0.042485966857023619 -0.042774858542428379 -0.043050867966846512
leaf_weight=4.6143384929746452 3.4772908091545158 3.6926700696349135 4.0721874684095365 5.0580415707081556 4.2948026116937399 1.08304839208722 1.2835519239306448 0.69350493140518599 1.0646467078477142 1.4594436865299911 0.60040073841810215 8.8689894862473011 0.58673802763223637 0.78974825330078602
leaf_count=182 25 14 15 169 30 13 37 21 44 55 19 394 20 22
internal_value=0.000898767 0.0380464 0.0275555 0.000270472 0.0595751 -0.0402298 -0.035119 -0.0425899 -0.0428076 -0.0425458 -0.0426573 -0.0425073 -0.0426222 -0.0429764
internal_weight=41.6394 21.8785 18.1859 9.81888 8.36699 19.7609 6.34159 18.6778 3.1483 15.5295 1.66505 10.3284 5.20108 1.48325
internal_count=1060 290 276 231 45 770 206 757 106 651 63 449 202 43
is_linear=0
shrinkage=0.05


Tree=76
num_leaves=16
num_cat=0
split_feature=1 2 2 3 3 1 1 4 4 1 4 4 8 0 4
split_gain=5.78081 4.36949 4.09887 2.14866 1.63388 0.942049 0.693058 0.00684733 1.77588e-05 2.76602e-07 1.85515e-07 1.14458e-07 1.4169e-07 3.51987e-08 2.49699e-08
threshold=29968.010000000006 4117.1850000000004 4698.4550000000008 1.2840960735766176 1.1217802209562635 30595.115000000002 30551.800000000003 30732.500000000004 28185.000000000004 28473.070000000003 33155.000000000007 33745.000000000007 3.5000000000000004 27272.590000000004 37162.000000000007
decision_type=2 2 2 2 2 2 2 2 2 2 2 2 2 2 2
left_child=8 3 6 4 -2 -4 -3 -6 -1 11 -11 13 -13 -10 -12
right_child=1 2 5 -5 7 -7 -8 -9 9 10 14 12 -14 -15 -16
leaf_value=-0.042252713365340436 0.060401071629971895 0.0909745128300085 0.050555659005995401 0.11590207518548085 -0.050165168878038138 -0.044378449698219108 0.15606426514127769 -0.042274877271593951 -0.041870740408188556 -0.041927678252461069 -0.041859767874239312 -0.041877285515609874 -0.041841687978781426 -0.04184370804554171 -0.0418868023093232
leaf_weight=0.30863922042772163 0.46627486357465464 0.69708839757367991 0.52329092938452937 0.30972257256507862 0.32950672507286061 0.52198194433003664 0.98944295663386583 1.6611129390075801 0.8704180805943913 0.21160117583349336 0.24563139677047729 0.32622044906020198 1.9533900013193486 0.1397544729989022 0.13094641966745257
leaf_count=25 13 8 17 4 2 23 35 208 152 29 45 55 394 28 22
internal_value=0.00238155 0.036089 0.0809445 -0.00820212 -0.023847 0.00314805 0.129161 -0.043581 -0.0418877 -0.0418586 -0.0418902 -0.041853 -0.0418468 -0.041867 -0.0418692
internal_weight=9.68502 5.49842 2.7318 2.76662 2.45689 1.04527 1.68653 1.99062 4.1866 3.87796 0.588179 3.28978 2.27961 1.01017 0.376578
internal_count=1060 310 83 227 223 40 43 210 750 725 96 629 449 180 67
is_linear=0
shrinkage=0.05


Tree=77
num_leaves=16
num_cat=0
split_feature=4 1 0 2 1 4 4 5 3 4 2 7 4 2 4
split_gain=12.1813 9.46347 9.99078 0.85774 0.0283706 1.25333e-05 6.20916e-06 6.34853e-06 8.96543e-07 4.05262e-07 3.34167e-07 1.92712e-07 1.00946e-07 8.82677e-08 8.23005e-08
threshold=33397.500000000007 32231.750000000004 27932.350000000002 4148.9800000000005 30195.880000000001 37941.500000000007 38137.000000000007 1.0000000180025095e-35 1.0587887173290953 33745.000000000007 13547.320000000002 4.5000000000000009 37487.500000000007 3039.7650000000003 38215.000000000007
decision_type=2 2 2 2 2 2 2 2 2 2 2 2 2 2 2
left_child=1 2 3 -1 -5 8 -7 -8 9 -2 -11 12 -10 -13 -9
right_child=5 -3 -4 4 -6 6 7 14 11 10 -12 13 -14 -15 -16
leaf_value=0.0091588318278020189 -0.042085553411349536 0.13508867766052318 0.078551598246723156 -0.042096998970893952 -0.051213329180847172 -0.042371556947439409 -0.042314835482852926 -0.042057053276982219 -0.042047463880819314 -0.042009197140513328 -0.042047539994392293 -0.042063621857275531 -0.042082347274528781 -0.042107127173254467 -0.042086347953191015
leaf_weight=0.89153771661222148 0.22264364548027327 2.0417179465293884 3.4347871788777411 2.2049093581736092 1.3923586234450338 0.35067634470760811 0.37633449397981156 0.35257772356271722 2.0482716877013454 3.1294590202160184 0.69431624375283707 0.22416297532618035 0.23075737711042155 0.24294825457036495 0.74923343304544687
leaf_count=16 19 8 38 189 9 20 24 32 192 324 65 20 20 20 64
internal_value=0.00145212 0.0391015 0.014368 -0.0347446 -0.0456256 -0.0420662 -0.0421824 -0.0421375 -0.0420349 -0.04202 -0.0420162 -0.042057 -0.042051 -0.0420862 -0.042077
internal_weight=18.5867 9.96531 7.92359 4.48881 3.59727 8.62138 1.82882 1.47815 6.79256 4.04642 3.82378 2.74614 2.27903 0.467111 1.10181
internal_count=1060 260 252 214 198 800 140 120 660 408 389 252 212 40 96
is_linear=0
shrinkage=0.05


Tree=78
num_leaves=20
num_cat=0
split_feature=3 4 2 5 0 2 8 3 4 3 4 1 4 3 8 1 3 4 3
split_gain=49.7375 12.462 16.8202 7.95072 5.6801 6.1597 3.9146 3.43847 15.7333 0.704654 0.0140685 0.00113705 0.000415408 0.000303243 0.000299634 0.000282409 0.000186701 0.000170025 6.65053e-05
threshold=0.9674788135492739 36337.500000000007 11967.715000000002 1.0000000180025095e-35 26483.845000000005 14674.035000000002 4.5000000000000009 0.77928835517572725 38897.500000000007 0.71699557906623512 38215.000000000007 20346.010000000006 33305.000000000007 1.0168753323298281 4.5000000000000009 30129.380000000005 1.0587887173290953 35397.500000000007 1.1024823617791162
decision_type=2 2 2 2 2 2 2 2 2 2 2 2 2 2 2 2 2 2 2
left_child=1 2 11 -3 6 -6 -4 9 -9 -5 12 -1 13 -2 -13 -15 17 -14 -18
right_child=10 3 4 7 5 -7 -8 8 -10 -11 -12 14 16 15 -16 -17 18 -19 -20
leaf_value=-0.045505050084008153 -0.043921812462240112 -0.020980890248557572 0.022087581268701684 0.066171863300032607 -0.046584045530834783 0.052964880510935869 0.074796255355474628 -0.045026545741484285 0.069779253207393518 0.090294404106570553 -0.048090048597869646 -0.044043242555965846 -0.044493979909277975 -0.045041734096745792 -0.044758205198460271 -0.044212819700982044 -0.044475887912291699 -0.043926998382038708 -0.044262427641459358
leaf_weight=1.9617052376270319 1.1185150668025006 3.6510920301079741 6.8465564772486704 6.4199746549129504 3.935521211475133 2.5677823722362518 7.2557215094566345 3.9151665307581451 12.550467841327189 5.7289377450942993 2.6309160999953738 7.5761383809149248 1.6275325268507019 3.9667555019259453 1.8168591335415838 1.3867666609585283 4.617497909814122 7.0492859147489071 17.395045194774866
leaf_count=23 20 37 31 23 41 10 33 53 46 21 26 125 23 48 25 22 67 121 265
internal_value=-0.000631609 0.026583 0.00445334 0.0485032 0.0313796 -0.00727787 0.0492066 0.057369 0.042481 0.0775471 -0.0445567 -0.0444102 -0.0443065 -0.0446706 -0.0441815 -0.044827 -0.0442298 -0.0440333 -0.0443072
internal_weight=104.018 64.2259 31.9603 32.2656 20.6056 6.5033 14.1023 28.6145 16.4656 12.1489 39.7923 11.3547 37.1614 6.47204 9.393 5.35352 30.6894 8.67682 22.0125
internal_count=1060 468 288 180 115 51 64 143 99 44 592 173 566 90 150 70 476 144 332
is_linear=0
shrinkage=0.05


Tree=79
num_leaves=19
num_cat=0
split_feature=1 4 1 3 4 2 0 2 4 0 7 7 4 1 1 4 1 8
split_gain=57.5505 11.2008 30.2588 14.6154 19.3703 11.5737 11.3652 10.0614 5.70441 5.12077 3.52631 3.04461 1.41314 1.29379 0.00413205 0.000846492 0.000817927 0.000351
threshold=30656.785000000003 34905.000000000007 25484.175000000007 0.76951466148307446 37941.500000000007 5374.3250000000007 28831.020000000004 11967.715000000002 29177.500000000004 26270.245000000003 4.5000000000000009 2.5000000000000004 33745.000000000007 31131.475000000002 34295.37000000001 34905.000000000007 32762.395 4.5000000000000009
decision_type=2 2 2 2 2 2 2 2 2 2 2 2 2 2 2 2 2 2
left_child=1 2 7 9 5 -5 -6 11 -9 -3 12 -1 -4 -2 15 17 -17 -15
right_child=13 3 10 4 6 -7 -8 8 -10 -11 -12 -13 -14 14 -16 16 -18 -19
leaf_value=0.012222033847767981 -0.028959134036725565 -0.052062606523016614 -0.059606951061363857 0.011082096395714183 -0.053127607930853207 0.052131903228863713 0.038145243942160519 -0.044245893143393333 0.013120511547117644 0.011586556405632702 -0.011482696080895615 0.055617184201849107 -0.030647851102902191 -0.050812888866708997 -0.053178939060697199 -0.051973589743363802 -0.051420898648378226 -0.051431671645176563
leaf_weight=5.2034570574760464 7.3883021622896186 7.8702922165393812 16.328196287155158 24.821600154042244 10.02403564751148 55.70763310790062 5.1695350110530844 5.5955296903848675 19.213043004274368 5.2800033837556839 7.0411476194858542 18.107225388288498 5.6774270534515372 5.2665639221668226 4.0351116508245459 10.806889638304712 17.589347824454308 4.0573370307683945
leaf_count=20 30 37 68 92 47 270 18 24 69 20 31 83 26 30 20 57 96 22
internal_value=-0.000121697 0.0125906 -0.0019821 0.0229192 0.0297093 0.0394791 -0.0220725 0.022344 0.00018162 -0.0265067 -0.042281 0.0459304 -0.0521355 -0.0482456 -0.0516582 -0.0514955 -0.0516312 -0.0510822
internal_weight=235.183 186.039 77.166 108.873 95.7228 80.5292 15.1936 48.1193 24.8086 13.1503 29.0468 23.3107 22.0056 49.1436 41.7553 37.7201 28.3962 9.3239
internal_count=1060 805 321 484 427 362 65 196 93 57 125 103 94 255 225 205 153 52
is_linear=0
shrinkage=0.05


Tree=80
num_leaves=16
num_cat=0
split_feature=3 0 4 4 7 4 4 6 4 2 4 3 4 3 1
split_gain=74.7793 14.5395 11.8221 9.8489 10.219 10.2296 8.67406 4.1261 10.2361 1.60502 0.292921 0.15015 0.0328372 0.0126737 0.00393022
threshold=0.97633302414385459 26398.795000000002 35012.500000000007 30732.500000000004 1.5000000000000002 33822.500000000007 34732.500000000007 3.5000000000000004 32625.000000000004 3986.8500000000004 28185.000000000004 0.95150767645039214 32625.000000000004 1.0559114994796508 25831.890000000003
decision_type=2 2 2 2 2 2 2 2 2 2 2 2 2 2 2
left_child=7 2 -2 -3 5 -5 -6 8 -1 -4 -9 12 -12 -11 -10
right_child=1 3 9 4 6 -7 -8 10 14 13 11 -13 -14 -15 -16
leaf_value=0.041664045907969877 0.034364688326876731 -0.03682090010671895 -0.016132938843006647 -0.056574592992782592 0.067435628425341496 0.02033296818222325 0.030847529249153439 -0.031088515623905591 -0.048391285074062824 -0.048270569354263902 -0.051174022507453593 -0.03891973134887481 -0.048199347384647692 -0.051900016239849626 -0.050586972892366057
leaf_weight=4.8239441215991965 8.4556871652603167 5.4889511615037909 5.3941839039325741 5.2685260623693493 22.391982972621918 24.110793113708496 58.568188712000847 2.628463312983512 5.374812960624693 7.3873248249292356 12.133998706936834 4.0662200450897208 39.408136948943138 3.5664938241243362 3.2828710675239563
leaf_count=17 34 20 23 20 81 99 234 17 38 53 73 28 284 19 20
internal_value=-7.96266e-05 0.0211092 -0.0136326 0.0285489 0.0318008 0.00654131 0.0409671 -0.0416287 -0.0167027 -0.0384582 -0.0473989 -0.0481699 -0.0488996 -0.0494523 -0.0492239
internal_weight=212.351 140.632 24.8037 115.828 110.339 29.3793 80.9602 71.7184 13.4816 16.348 58.2368 55.6084 51.5421 10.9538 8.65768
internal_count=1060 583 129 454 434 119 315 477 75 95 402 385 357 72 58
is_linear=0
shrinkage=0.05


Tree=81
num_leaves=17
num_cat=0
split_feature=3 2 1 7 1 3 2 0 1 1 4 4 4 8 3 3
split_gain=23.5166 4.16118 9.99431 3.08872 2.45771 1.65066 1.08647 1.04789 0.771777 6.95995e-05 2.77274e-05 1.80242e-05 1.38504e-05 1.05318e-05 6.49e-06 2.74057e-06
threshold=1.1058688793335112 4063.2400000000002 33654.830000000009 4.5000000000000009 31586.425000000007 1.1162738210500116 1385.7350000000004 27906.735000000004 31131.475000000002 28473.070000000003 33155.000000000007 33745.000000000007 37487.500000000007 3.5000000000000004 1.015521194284267 1.0813427833146656
decision_type=2 2 2 2 2 2 2 2 2 2 2 2 2 2 2 2
left_child=8 2 5 4 -3 -2 -4 -7 9 11 15 14 -12 -13 -1 -11
right_child=1 3 6 -5 -6 7 -8 -9 -10 10 12 13 -14 -15 -16 -17
leaf_value=-0.042550559552355871 0.064604789551667333 0.07366394707336503 0.074376751201052055 0.095491976888821689 -0.014662798574743308 -0.043551856894425957 0.038576035782982923 0.017361775796104699 0.0012612500815199889 -0.042844421898598592 -0.042501313156176064 -0.042581671074283144 -0.042807853002022153 -0.042432400810788577 -0.042730967809509746 -0.042983635245113873
leaf_weight=4.3609957555309 0.45094146765768783 1.5867505092173808 4.1650601029396039 4.1487411558628082 1.5636720620095728 4.8910395260900259 4.3144352063536644 0.82514819875359524 1.0667026564478863 0.66778975725173884 1.0034640599042175 1.3779829256236524 0.5823367740958928 8.2946952991187572 0.56284703314304341 0.75121370702981949
leaf_count=182 8 23 15 17 22 153 28 24 13 21 44 55 19 394 20 22
internal_value=0.00121647 0.0363073 0.0209374 0.0671488 0.0298241 -0.0274933 0.0561611 -0.0347588 -0.0400357 -0.0425384 -0.0427576 -0.0424933 -0.0426139 -0.0424537 -0.0425712 -0.0429181
internal_weight=40.6138 21.9458 14.6466 7.29916 3.15042 6.16713 8.4795 5.71619 18.668 17.6013 3.0048 14.5965 1.5858 9.67268 4.92384 1.419
internal_count=1060 290 228 62 45 185 43 177 770 757 106 651 63 449 202 43
is_linear=0
shrinkage=0.05


Tree=82
num_leaves=14
num_cat=0
split_feature=1 4 1 2 2 4 1 1 4 4 4 0 4
split_gain=5.36793 3.74138 3.70056 0.736969 0.000122007 1.62507e-05 8.72934e-06 2.76522e-07 1.71388e-07 1.17992e-07 1.31332e-07 3.37228e-08 2.3275e-08
threshold=29968.010000000006 33565.000000000007 36139.180000000008 4392.7500000000009 1231.4400000000003 28185.000000000004 34370.070000000007 28473.070000000003 33155.000000000007 33745.000000000007 38897.500000000007 27272.590000000004 37162.000000000007
decision_type=2 2 2 2 2 2 2 2 2 2 2 2 2
left_child=5 3 4 -2 -3 -1 -6 9 -9 11 -11 -7 -10
right_child=1 2 -4 -5 6 7 -8 8 12 10 -12 -13 -14
leaf_value=-0.042234033096837237 0.041992690182074521 -0.043355733018808094 0.17067392143512872 0.08788671696259491 -0.041900132786881206 -0.041860486948569503 -0.04229642963043917 -0.041917071214885207 -0.041850201298373753 -0.04183051323190571 -0.041865808090558732 -0.041833218155360397 -0.041876979994012187
leaf_weight=0.29463159199804101 1.6823715362697842 0.16614071745425496 0.22966527193784703 1.8221451407298443 1.5407694326713679 0.82508572633378285 0.15273131802678097 0.20257822796702374 0.23332444531843066 1.8262629746459427 0.30801876354962576 0.13144071702845395 0.12440808024257421
leaf_count=25 23 5 2 20 250 152 10 29 45 394 55 28 22
internal_value=0.00278109 0.0342817 -0.0186778 0.0658549 -0.0420627 -0.0418768 -0.0419359 -0.041848 -0.0418803 -0.0418421 -0.0418356 -0.0418567 -0.0418595
internal_weight=9.53957 5.59382 2.08931 3.50452 1.85964 3.94575 1.6935 3.65112 0.560311 3.09081 2.13428 0.956526 0.357733
internal_count=1060 310 267 43 265 750 260 725 96 629 449 180 67
is_linear=0
shrinkage=0.05


Tree=83
num_leaves=17
num_cat=0
split_feature=4 1 2 0 4 4 5 0 3 3 4 2 7 4 5 2
split_gain=11.3736 8.64628 1.03448 1.56131e-05 1.04684e-05 4.69362e-06 5.69158e-06 1.60639e-06 1.05759e-06 1.04179e-06 3.78272e-07 3.54858e-07 2.07373e-07 1.13194e-07 8.46379e-08 8.07348e-08
threshold=33397.500000000007 30129.380000000005 4392.7500000000009 28278.765000000003 37941.500000000007 38137.000000000007 1.0000000180025095e-35 27231.495000000006 1.0402441540106353 1.0587887173290953 33745.000000000007 13547.320000000002 4.5000000000000009 37487.500000000007 1.5000000000000002 3039.7650000000003
decision_type=2 2 2 2 2 2 2 2 2 2 2 2 2 2 2 2
left_child=1 3 -3 7 9 -6 -7 8 -1 10 -2 -12 13 -11 -8 -14
right_child=4 2 -4 -5 5 6 14 -9 -10 12 11 -13 15 -15 -16 -17
leaf_value=-0.042045382761208387 -0.042062318213132249 0.044968895058636459 0.082187089026788895 -0.042502567914541711 -0.04232209796343802 -0.042283915800842987 -0.042077148488113038 -0.042186325545416917 -0.042133024892251569 -0.042027925223431406 -0.041985828556138624 -0.042026526172637108 -0.042047051623359567 -0.042065661246290284 -0.04204465071578517 -0.042089530388483468
leaf_weight=1.5389493615366543 0.21023545134812449 3.5408840253949165 3.949507012963295 0.24370463704690326 0.33038415759801854 0.35979736037552346 0.27123208902776219 0.31628066906705488 0.44338939525187004 1.9413062469102449 2.91595207201317 0.65614510048180807 0.21493870671838511 0.22138727270066727 0.76670151110738516 0.23322958126664162
leaf_count=146 19 22 19 14 20 24 24 25 34 192 324 65 20 20 72 20
internal_value=0.00194407 0.0375512 0.0645932 -0.042122 -0.0420434 -0.0421526 -0.0421125 -0.0420817 -0.042065 -0.0420139 -0.0419971 -0.0419933 -0.0420382 -0.0420318 -0.0420531 -0.0420692
internal_weight=18.154 10.0327 7.49039 2.54232 8.12131 1.72812 1.39773 2.29862 1.98234 6.39319 3.78233 3.5721 2.61086 2.16269 1.03793 0.448168
internal_count=1060 260 41 219 800 140 120 205 180 660 408 389 252 212 96 40
is_linear=0
shrinkage=0.05


Tree=84
num_leaves=20
num_cat=0
split_feature=3 4 2 5 1 0 3 4 7 1 4 1 4 3 1 8 3 4 3
split_gain=46.1108 11.2061 15.2241 7.028 5.07156 5.14505 2.98263 13.9325 1.86047 0.700329 0.0118385 0.000896954 0.000325805 0.000256626 0.000243368 0.000241342 0.000206523 0.000168405 6.18637e-05
threshold=0.9674788135492739 36337.500000000007 11967.715000000002 1.0000000180025095e-35 19100.020000000004 26483.845000000005 0.77928835517572725 38897.500000000007 3.5000000000000004 18372.640000000003 38215.000000000007 20346.010000000006 33305.000000000007 1.0168753323298281 30129.380000000005 4.5000000000000009 1.0587887173290953 35397.500000000007 1.1024823617791162
decision_type=2 2 2 2 2 2 2 2 2 2 2 2 2 2 2 2 2 2 2
left_child=1 2 11 -3 8 -6 9 -8 -4 -5 12 -1 13 -2 -15 -13 17 -14 -18
right_child=10 3 4 6 5 -7 7 -9 -10 -11 -12 15 16 14 -16 -17 18 -19 -20
leaf_value=-0.045220359556241756 -0.043774883482543256 -0.019806638308876856 0.029359299032759318 0.062844362837711581 0.036210152640861498 -0.046234735997008669 -0.044771782529299899 0.066476415161232677 0.067008475981345711 0.087159195937655143 -0.047715367864364366 -0.043876647684199771 -0.044339041883223587 -0.044836579934238611 -0.044044599100521116 -0.044538532158275836 -0.04433330927885612 -0.043759024576324197 -0.044122267420536411
leaf_weight=1.8367510139942194 1.0537443161010731 3.5243292301893261 6.5518599748611468 6.4240130782127398 3.9645734056830397 3.620452344417572 3.6510572358965865 12.281276047229765 6.5735449939966202 5.4941955208778381 2.4983670935034743 7.0776138417422754 1.5458165332674996 3.7630420550704002 1.3068849220871923 1.7099795341491697 4.3948694989085224 6.5718263722956181 16.544934403151274
leaf_count=23 20 37 27 24 23 40 53 46 25 20 26 125 23 48 22 25 67 121 265
internal_value=-0.000673387 0.0255938 0.00444388 0.0467166 0.0294059 -0.00314209 0.0551348 0.0409828 0.048215 0.0740533 -0.0443896 -0.0442155 -0.0441534 -0.0444849 -0.0446324 -0.0440054 -0.0440836 -0.0438695 -0.0441666
internal_weight=100.389 62.7096 31.3348 31.3749 20.7104 7.58503 27.8505 15.9323 13.1254 11.9182 37.6795 10.6243 35.1811 6.12367 5.06993 8.78759 29.0574 8.11764 20.9398
internal_count=1060 468 288 180 115 63 143 99 52 44 592 173 566 90 70 150 476 144 332
is_linear=0
shrinkage=0.05


Tree=85
num_leaves=18
num_cat=0
split_feature=1 4 1 3 4 2 0 1 7 0 1 1 1 1 4 1 1
split_gain=52.8113 10.2608 27.2956 13.0043 17.3957 11.0502 10.3296 6.60433 5.28162 4.64158 1.33053 0.444985 0.0245717 0.00290703 0.000798796 0.00074231 0.000327983
threshold=30656.785000000003 34905.000000000007 27016.485000000004 0.76951466148307446 37941.500000000007 5374.3250000000007 28831.020000000004 17804.750000000004 2.5000000000000004 26270.245000000003 31131.475000000002 27813.615000000005 29358.450000000004 34295.37000000001 34905.000000000007 32762.395 32449.360000000004
decision_type=2 2 2 2 2 2 2 2 2 2 2 2 2 2 2 2 2
left_child=1 2 7 9 5 -5 -6 -1 -9 -3 -2 -4 -13 14 16 -16 -12
right_child=10 3 11 4 6 -7 -8 8 -10 -11 13 12 -14 -15 15 -17 -18
leaf_value=-0.029343917892147766 -0.027640902722343593 -0.050399430320991583 -0.037547519826444636 0.010568880467714988 -0.051777045052434835 0.051091779771002058 0.036192126679695798 -0.003675402943793787 0.033845801051067971 0.011065950062233546 -0.050714060414093931 -0.056152608353104976 -0.052211068021691724 -0.052228145880183589 -0.05124777756089785 -0.050708737954123999 -0.050100514037555111
leaf_weight=6.7395822256803504 7.2592573314905158 7.4861253947019559 5.3211795687675503 24.644429728388786 9.5686672031879407 53.008978545665741 5.1240845322608939 12.91616730391979 34.24722084403038 5.2083928734064102 3.8558646887540799 8.2325916886329633 7.6082786172628394 3.8324099928140631 10.326351851224901 16.74112468957901 5.0062243491411209
leaf_count=28 30 37 21 92 47 270 18 48 147 20 22 37 40 20 57 96 30
internal_value=-0.000139061 0.0121801 -0.00193736 0.0222689 0.0287917 0.0382313 -0.0210979 0.0169543 0.0235702 -0.025181 -0.0473254 -0.0500573 -0.0542595 -0.0509191 -0.0507795 -0.0509144 -0.0503675
internal_weight=227.127 180.106 75.065 105.041 92.3462 77.6534 14.6928 53.903 47.1634 12.6945 47.0212 21.162 15.8409 39.762 35.9296 27.0675 8.86209
internal_count=1060 805 321 484 427 362 65 223 195 57 255 98 77 225 205 153 52
is_linear=0
shrinkage=0.05


Tree=86
num_leaves=16
num_cat=0
split_feature=3 0 4 4 7 2 4 6 4 2 3 4 4 3 1
split_gain=67.5499 12.9879 10.6133 8.74675 9.02715 9.71126 7.91681 4.01011 9.43971 1.55375 0.126781 0.132353 0.0298954 0.0116287 0.00365795
threshold=0.97633302414385459 26398.795000000002 35012.500000000007 30732.500000000004 1.5000000000000002 5108.5950000000012 34732.500000000007 3.5000000000000004 32625.000000000004 3986.8500000000004 0.95150767645039214 29177.500000000004 32625.000000000004 1.0559114994796508 25831.890000000003
decision_type=2 2 2 2 2 2 2 2 2 2 2 2 2 2 2
left_child=7 2 -2 -3 5 -5 -6 8 -1 -4 11 -9 -13 -11 -10
right_child=1 3 9 4 6 -7 -8 10 14 13 -12 12 -14 -15 -16
leaf_value=0.039236677951662399 0.032052900527837096 -0.03502149164996872 -0.015731250244014162 0.021400479532337677 0.064633690952142178 -0.049179832533167794 0.029206927359353325 -0.039785943256633108 -0.047898192900133668 -0.047724767170982077 -0.038068291949531666 -0.050883177394837491 -0.047676959411552165 -0.05128571288857682 -0.050073260184632033
leaf_weight=4.8595013618469229 8.3967335075140017 5.3989577889442435 5.3574657291173926 22.843359738588337 21.738372921943665 6.1953503638505927 57.436205685138702 5.0575600117444983 5.0628865510225278 6.9153434857726079 3.8619165867567053 9.0488191694021207 36.992479138076305 3.4297181516885757 3.1268154978752136
leaf_count=17 34 20 23 88 81 31 234 34 38 53 28 56 284 19 20
internal_value=-0.000117487 0.0200171 -0.0133228 0.0270892 0.030188 0.00634231 0.0389338 -0.0408875 -0.0159705 -0.0375868 -0.0468035 -0.0474637 -0.0483071 -0.0489053 -0.0487286
internal_weight=205.721 137.712 24.0993 113.612 108.213 29.0387 79.1746 68.01 13.0492 15.7025 54.9608 51.0989 46.0413 10.3451 8.1897
internal_count=1060 583 129 454 434 119 315 477 75 95 402 374 340 72 58
is_linear=0
shrinkage=0.05


Tree=87
num_leaves=14
num_cat=0
split_feature=3 7 4 2 3 1 1 1 7 4 4 4 3
split_gain=21.6997 3.65649 5.09037 11.7375 9.64845 0.769331 0.013241 6.17536e-05 2.66945e-05 1.79491e-05 1.23247e-05 9.15421e-06 6.95712e-06
threshold=1.1058688793335112 5.5000000000000009 34905.000000000007 1618.2000000000003 1.1850114936235565 31131.475000000002 33820.070000000007 28473.070000000003 4.5000000000000009 33745.000000000007 33397.500000000007 38897.500000000007 1.015521194284267
decision_type=2 2 2 2 2 2 2 2 2 2 2 2 2
left_child=5 2 4 -4 -2 7 -5 9 10 12 -9 -11 -1
right_child=1 -3 3 6 -6 -7 -8 8 -10 11 -12 -13 -14
leaf_value=-0.042501773811107438 0.10921478980114091 0.07934847998583687 0.057546400519124456 -0.042824882484989293 -0.011785003991737028 0.0013913691107703219 -0.049188221094255274 -0.042745514716472338 -0.042953347144452626 -0.042382588576768486 -0.042500154276989 -0.042526129258038767 -0.042692487222695516
leaf_weight=4.1252703471109333 4.0140041429549518 3.7822051867842665 5.4993517100810987 4.9479091856628656 2.7944784238934517 1.0630479976534832 0.97931331396102894 0.90995572507381428 0.76258145458996285 7.7529616430401784 1.1697296947240827 1.2964768651872871 0.54089768975973118
leaf_count=182 39 14 20 180 30 13 7 31 23 394 52 55 20
internal_value=0.00151209 0.0346079 0.0253281 0.00493618 0.0595515 -0.039841 -0.0438763 -0.0424882 -0.0427003 -0.0424442 -0.0426075 -0.0424032 -0.0425239
internal_weight=39.6382 22.0173 18.2351 11.4266 6.80848 17.6209 5.92722 16.5579 2.84227 13.7156 2.07969 9.04944 4.66617
internal_count=1060 290 276 207 69 770 187 757 106 651 83 449 202
is_linear=0
shrinkage=0.05


Tree=88
num_leaves=16
num_cat=0
split_feature=1 2 2 1 1 1 1 4 4 1 4 4 4 0 3
split_gain=4.94699 3.26563 3.19527 2.67494 1.50695 1.10376 0.47878 0.00119896 1.52681e-05 2.38175e-07 1.28668e-07 1.21776e-07 1.13265e-07 3.13811e-08 1.35846e-08
threshold=29968.010000000006 4117.1850000000004 4698.4550000000008 36139.180000000008 30363.555000000004 30431.425000000007 30551.800000000003 33565.000000000007 28185.000000000004 28473.070000000003 33030.000000000007 33745.000000000007 38897.500000000007 27272.590000000004 1.1018465058710039
decision_type=2 2 2 2 2 2 2 2 2 2 2 2 2 2 2
left_child=8 3 6 4 -2 -4 -3 -6 -1 11 -11 13 -13 -10 -12
right_child=1 2 5 -5 7 -7 -8 -9 9 10 14 12 -14 -15 -16
leaf_value=-0.042219968298747898 0.057265803994769132 0.076599392777896513 0.056171509564788835 0.14511794078801926 -0.0446908936285191 -0.044529628193728313 0.12776516995176665 -0.042075854456481425 -0.041850794541153924 -0.04191308155808636 -0.041860248429846217 -0.041820089100925092 -0.041853904761384994 -0.041823718390081248 -0.041839488163056555
leaf_weight=0.28244282398372922 0.46315506380051452 0.76189796952530775 0.49065930955111958 0.25895016640424717 0.65684724785387505 0.61090598022565246 1.1432970925234256 1.3174561746418474 0.78278215951286334 0.12338294135406602 0.29900099197402596 1.7064369008876381 0.28966120863333333 0.12395838601514697 0.10699683683924377
leaf_count=25 12 8 15 2 12 25 35 201 152 18 56 394 55 28 22
internal_value=0.00303519 0.0322812 0.0681106 -0.00767203 -0.0239041 0.000324682 0.107304 -0.0429459 -0.0418666 -0.0418375 -0.0418684 -0.0418319 -0.041825 -0.0418471 -0.0418548
internal_weight=9.41783 5.70317 3.00676 2.69641 2.43746 1.10157 1.9052 1.9743 3.71466 3.43222 0.529381 2.90284 1.9961 0.906741 0.405998
internal_count=1060 310 83 227 225 40 43 213 750 725 96 629 449 180 78
is_linear=0
shrinkage=0.05


Tree=89
num_leaves=17
num_cat=0
split_feature=4 1 0 2 1 4 4 5 3 4 2 1 7 4 5 2
split_gain=10.3465 7.58926 8.03713 1.81171 0.0258968 8.5412e-06 3.33468e-06 5.04665e-06 1.11718e-06 4.03584e-07 3.00198e-07 2.77621e-07 1.93456e-07 1.1316e-07 8.23013e-08 7.6794e-08
threshold=33397.500000000007 32231.750000000004 27932.350000000002 4001.2750000000005 30160.145000000004 37941.500000000007 38137.000000000007 1.0000000180025095e-35 1.0587887173290953 34905.000000000007 13547.320000000002 25762.015000000003 4.5000000000000009 37487.500000000007 1.5000000000000002 3039.7650000000003
decision_type=2 2 2 2 2 2 2 2 2 2 2 2 2 2 2 2
left_child=1 2 3 -1 -5 8 -7 -8 9 11 -11 -2 13 -10 -9 -14
right_child=5 -3 -4 4 -6 6 7 14 12 10 -12 -13 15 -15 -16 -17
leaf_value=0.057694165835595994 -0.041984078497121699 0.11742184910610057 0.066028911226169731 -0.042055805466298557 -0.050328050678708131 -0.042271226212272028 -0.042253843709680369 -0.042055045015354293 -0.042009401192961954 -0.041960970674429783 -0.042004881597104395 -0.042050748012861759 -0.042028233475189448 -0.042048026534115164 -0.04202209913975985 -0.042070670242852881
leaf_weight=0.47460091765970158 0.37538654264062588 2.1893035173416129 3.727694442961365 2.0282718609087174 1.7732492759823797 0.30806874437257636 0.34212910104542948 0.25710414256900549 1.8417934100143618 2.4284807052463298 0.46351774223148812 0.26736192777752876 0.20446476340293873 0.21138452552258957 0.72153792809695005 0.22274220641702414
leaf_count=9 42 8 38 193 12 20 24 24 192 292 49 25 20 20 72 20
internal_value=0.00195285 0.0349299 0.0123657 -0.0344151 -0.0459145 -0.0420215 -0.0421231 -0.0420885 -0.041994 -0.041976 -0.041968 -0.0420118 -0.0420197 -0.0420134 -0.0420308 -0.0420504
internal_weight=17.8371 10.1931 8.00382 4.27612 3.80152 7.64397 1.62884 1.32077 6.01513 3.53475 2.892 0.642748 2.48038 2.05318 0.978642 0.427207
internal_count=1060 260 252 214 205 800 140 120 660 408 341 67 252 212 96 40
is_linear=0
shrinkage=0.05


Tree=90
num_leaves=19
num_cat=0
split_feature=3 4 2 6 7 1 3 4 1 4 1 4 3 4 3 1 4 0
split_gain=42.7937 10.1247 13.9798 6.23444 4.48607 5.4271 2.61035 12.3861 0.573457 0.0107483 0.000766034 0.000246079 0.000225996 0.000219455 0.000217921 0.000199029 0.000146145 6.45197e-05
threshold=0.9674788135492739 36337.500000000007 11967.715000000002 4.5000000000000009 1.0000000180025095e-35 19600.625000000004 0.77928835517572725 38897.500000000007 18372.640000000003 38215.000000000007 20346.010000000006 33305.000000000007 1.0587887173290953 33745.000000000007 1.0168753323298281 30129.380000000005 35397.500000000007 26407.605000000003
decision_type=2 2 2 2 2 2 2 2 2 2 2 2 2 2 2 2 2 2
left_child=1 2 10 -3 -4 -6 8 -8 -5 11 -1 14 16 -12 -2 -16 -13 -14
right_child=9 3 4 6 5 -7 7 -9 -10 -11 13 12 17 -15 15 -17 -18 -19
leaf_value=-0.045013764341915195 -0.043627648216767047 -0.018624591350418492 -0.021775209355391241 0.060614361761417851 0.056522623808994234 -0.0065918170504300523 -0.044535403688679885 0.063594294576656205 0.082856436577569581 -0.047481146611066075 -0.044174582089591519 -0.044163616052391413 -0.044241538641614342 -0.043649244934580889 -0.044633682260723645 -0.043897699822300185 -0.043606133118039313 -0.043994800291711128
leaf_weight=1.7439319528639341 0.98699838668107887 3.4036370962858227 3.7188053950667408 6.1775347292423266 12.184175565838816 4.7276397682726374 3.4015076309442511 11.962052389979361 5.4586526453495026 2.3869814462959758 3.3261719457805139 1.4545865990221525 3.1471158601343658 4.9412047155201435 3.5550166815519333 1.2386490069329736 6.1293576993048191 16.755331333726645
leaf_count=23 20 37 21 24 51 43 53 46 20 26 54 23 49 96 48 22 121 283
internal_value=-0.000717111 0.0247029 0.00441966 0.0451453 0.0279458 0.0388792 0.0531843 0.0396543 0.0710483 -0.0442402 -0.0440615 -0.0440077 -0.0439453 -0.0438606 -0.0443042 -0.0444435 -0.0437131 -0.0440338
internal_weight=96.6994 61.0453 30.6419 30.4034 20.6306 16.9118 26.9997 15.3636 11.6362 35.654 10.0113 33.2671 27.4864 8.26738 5.78066 4.79367 7.58394 19.9024
internal_count=1060 468 288 180 115 94 143 99 44 592 173 566 476 150 90 70 144 332
is_linear=0
shrinkage=0.05


Tree=91
num_leaves=19
num_cat=0
split_feature=1 4 1 4 3 0 2 1 7 0 1 1 7 0 1 4 7 1
split_gain=48.3457 9.35893 24.664 11.6007 15.5649 10.6559 10.5623 5.81242 4.83402 4.22682 1.35297 0.479955 0.286247 0.0197501 0.00216706 0.00116106 0.000768266 0.000375111
threshold=30656.785000000003 34905.000000000007 27016.485000000004 37941.500000000007 0.76951466148307446 29130.860000000004 5374.3250000000007 17804.750000000004 2.5000000000000004 26270.245000000003 31131.475000000002 27813.615000000005 5.5000000000000009 26638.810000000005 34295.37000000001 34905.000000000007 1.5000000000000002 32449.360000000004
decision_type=2 2 2 2 2 2 2 2 2 2 2 2 2 2 2 2 2 2
left_child=1 2 7 4 9 12 -6 -1 -9 -3 -2 -4 -5 -13 15 17 -17 -12
right_child=10 3 11 5 6 -7 -8 8 -10 -11 14 13 -14 -15 -16 16 -18 -19
leaf_value=-0.027809776695784258 -0.026500032581925931 -0.048831266760476666 -0.035639537030959574 -0.040986397173964816 0.010010838441386102 0.046525153814351017 0.050074937318506575 -0.0037319954285351857 0.032426120185456694 0.010695629492945679 -0.049982004347310177 -0.056028743848292151 -0.058049647392517591 -0.05208830341676244 -0.051398634392485654 -0.050970154237905477 -0.050172793396788165 -0.049305537244115696
leaf_weight=6.5912677496671668 7.1361732631921759 7.106578201055525 5.1809594482183483 5.6357957422733289 24.453049808740616 4.1948038041591635 50.270251631736755 12.795715659856794 33.296900719404221 5.1383447498083115 3.6452077031135541 4.5505049973726264 4.3588056564331055 10.557991310954092 3.6391281187534323 3.4939272701740292 22.315458044409752 4.6808291226625443
leaf_count=28 30 37 21 29 92 15 270 48 147 20 22 21 21 56 20 20 133 30
internal_value=-0.000212835 0.0117167 -0.00193111 0.0215619 0.0284013 -0.020357 0.036964 0.016108 0.0223883 -0.023852 -0.0464668 -0.0487718 -0.048428 -0.0532751 -0.0502388 -0.0501151 -0.0502807 -0.0496017
internal_weight=219.042 174.131 72.9733 101.158 86.9682 14.1894 74.7233 52.6839 46.0926 12.2449 44.9107 20.2895 9.9946 15.1085 37.7746 34.1354 25.8094 8.32604
internal_count=1060 805 321 484 419 65 362 223 195 57 255 98 50 77 225 205 153 52
is_linear=0
shrinkage=0.05


Tree=92
num_leaves=16
num_cat=0
split_feature=3 0 4 4 7 4 4 6 4 2 3 4 4 2 1
split_gain=61.0441 11.5986 9.61209 7.99888 7.93452 9.37907 7.43648 4.00524 8.95267 1.5076 0.13343 0.143579 0.0276343 0.0107788 0.00324845
threshold=0.97633302414385459 26398.795000000002 35012.500000000007 30732.500000000004 1.5000000000000002 33822.500000000007 34732.500000000007 3.5000000000000004 32625.000000000004 3986.8500000000004 0.95150767645039214 29177.500000000004 32625.000000000004 5445.2500000000009 25831.890000000003
decision_type=2 2 2 2 2 2 2 2 2 2 2 2 2 2 2
left_child=7 2 -2 -3 5 -5 -6 8 -1 -4 11 -9 -13 -11 -10
right_child=1 3 9 4 6 -7 -8 10 14 13 -12 12 -14 -15 -16
leaf_value=0.038270262834725004 0.030226157031520297 -0.034010094504861199 -0.015332658701501887 -0.054997975153472468 0.062452850443980114 0.019658882190161327 0.027614445113001818 -0.038749544807957712 -0.047463901617881651 -0.050667557523379571 -0.03705055615255589 -0.050378599899120559 -0.047223801728263251 -0.047188952613111207 -0.049572101286814885
leaf_weight=4.8708022832870466 8.3081086277961749 5.3276116847991934 5.3209021985530844 5.12646156549454 21.048688858747482 23.452544413506985 56.257463499903679 4.8103488236665717 4.7717519327998161 3.4354791864752752 3.6652870029211035 8.6721455454826337 34.779869563877583 6.330091305077076 2.9611175805330276
leaf_count=17 34 20 23 20 81 99 234 34 38 20 28 56 284 52 20
internal_value=-0.000128817 0.0190387 -0.0129619 0.0257703 0.0287781 0.00626704 0.0371001 -0.0401107 -0.0148265 -0.0367456 -0.0462476 -0.046946 -0.0478534 -0.0484127 -0.0482712
internal_weight=199.139 134.607 23.3946 111.213 105.885 28.579 77.3062 64.5313 12.6037 15.0865 51.9277 48.2624 43.452 9.76557 7.73287
internal_count=1060 583 129 454 434 119 315 477 75 95 402 374 340 72 58
is_linear=0
shrinkage=0.05


Tree=93
num_leaves=14
num_cat=0
split_feature=3 7 4 2 3 1 1 1 7 4 4 3 4
split_gain=20.1421 3.29999 4.5495 10.7621 7.7712 0.7772 0.011485 5.72311e-05 2.9076e-05 1.78904e-05 8.78192e-06 8.05535e-06 7.92057e-06
threshold=1.1058688793335112 5.5000000000000009 34905.000000000007 1618.2000000000003 1.1850114936235565 31131.475000000002 33820.070000000007 28473.070000000003 4.5000000000000009 33745.000000000007 33397.500000000007 1.0168753323298281 38897.500000000007
decision_type=2 2 2 2 2 2 2 2 2 2 2 2 2
left_child=5 2 4 -4 -2 7 -5 9 10 11 -9 -1 -11
right_child=1 -3 3 6 -6 -7 -8 8 -10 12 -12 -13 -14
leaf_value=-0.042456471815246505 0.098023731527486155 0.075645192749546467 0.054093659559477786 -0.042778618191776044 -0.010316563221103537 0.0019865760659206295 -0.048823966102403499 -0.042671887833843812 -0.042919126367678639 -0.042336080774957888 -0.042458366614227853 -0.042673513879219561 -0.042473843296867653
leaf_weight=3.9434816287830499 4.2799741048365894 3.7998699843883506 5.5679206401109678 4.7244723606854677 2.6989535372704268 1.0506854914128769 0.94235470890998829 0.85054337605833952 0.73839634656906117 7.2454766938462836 1.1100271027535198 0.47947899810969818 1.2188805174082515
leaf_count=184 39 14 20 180 30 13 7 31 23 394 52 18 55
internal_value=0.001883 0.0332618 0.0244195 0.00472403 0.0561254 -0.0396365 -0.0437839 -0.0424424 -0.0426517 -0.0423985 -0.042551 -0.04248 -0.0423559
internal_weight=38.6505 22.0135 18.2137 11.2347 6.97893 16.637 5.66683 15.5863 2.69897 12.8873 1.96057 4.42296 8.46436
internal_count=1060 290 276 207 69 770 187 757 106 651 83 202 449
is_linear=0
shrinkage=0.05


Tree=94
num_leaves=15
num_cat=0
split_feature=1 4 1 6 2 4 1 4 3 4 1 3 1 4
split_gain=4.565 2.89137 2.7882 0.543982 8.1408e-05 1.3577e-05 5.88945e-06 2.11472e-07 1.47932e-07 1.40231e-07 8.22557e-08 4.06608e-08 3.74931e-08 3.11672e-08
threshold=29968.010000000006 33565.000000000007 36139.180000000008 9.5000000000000018 1231.4400000000003 28185.000000000004 34370.070000000007 33745.000000000007 1.018842598292325 37487.500000000007 24929.570000000003 0.80527506027736273 28647.430000000004 33030.000000000007
decision_type=2 2 2 2 2 2 2 2 2 2 2 2 2 2
left_child=5 3 4 -2 -3 -1 -6 8 11 12 -11 -7 -9 -10
right_child=1 2 -4 -5 6 7 -8 9 13 10 -12 -13 -14 -15
leaf_value=-0.042196750852164545 0.036329040713999922 -0.043149852503565095 0.12697679447895113 0.074288353187341796 -0.041889442808432355 -0.041845263417544999 -0.042231694909919459 -0.041809399721970016 -0.041896367068992191 -0.041820585892682137 -0.04186301576550118 -0.041822247737320628 -0.041831807950448656 -0.041862584521677085
leaf_weight=0.27000974584370885 1.8008959302678706 0.14698614459484849 0.28440158814191807 1.9831532547250388 1.4354709796607492 0.42390892421826742 0.13775910856202234 1.5020023661199959 0.12163283303380013 0.21341493143700052 0.24576581921428442 0.3506153249181807 0.21316306386142958 0.155630505643785
leaf_count=25 26 5 2 17 250 84 10 373 19 49 45 81 46 28
internal_value=0.0032565 0.0305029 -0.0180478 0.0562228 -0.0420245 -0.0418562 -0.0419194 -0.0418277 -0.0418461 -0.0418188 -0.0418433 -0.0418348 -0.0418122 -0.0418774
internal_weight=9.28481 5.78867 2.00462 3.78405 1.72022 3.49614 1.57323 3.22613 1.05179 2.17435 0.459181 0.774524 1.71517 0.277263
internal_count=1060 310 267 43 265 750 260 725 212 513 94 165 419 47
is_linear=0
shrinkage=0.05


Tree=95
num_leaves=18
num_cat=0
split_feature=4 1 2 0 4 5 4 0 3 2 4 2 1 7 4 5 2
split_gain=9.58881 6.83257 0.836527 2.03979e-05 7.09466e-06 2.65677e-06 4.3779e-06 1.28101e-06 1.21786e-06 1.00074e-06 3.94331e-07 2.84324e-07 2.441e-07 1.72804e-07 1.07604e-07 8.11916e-08 7.32598e-08
threshold=33397.500000000007 30129.380000000005 4392.7500000000009 28278.765000000003 37941.500000000007 1.0000000180025095e-35 38137.000000000007 27231.495000000006 1.0587887173290953 5014.7050000000008 34905.000000000007 13547.320000000002 25762.015000000003 4.5000000000000009 37487.500000000007 1.5000000000000002 3039.7650000000003
decision_type=2 2 2 2 2 2 2 2 2 2 2 2 2 2 2 2 2
left_child=1 3 -3 7 8 -6 -7 9 10 -1 12 -12 -2 14 -10 -8 -15
right_child=4 2 -4 -5 5 6 15 -9 13 -11 11 -13 -14 16 -16 -17 -18
leaf_value=-0.042097960429154528 -0.041965484712674757 0.038149784613843635 0.070735639072298281 -0.042527377712357858 -0.042211920928837444 -0.042250616383071621 -0.042034607924764072 -0.042141275216296639 -0.041992717541993546 -0.042007876673165218 -0.041940523979989139 -0.041984660594826501 -0.042029868308221356 -0.042010325732799003 -0.042031269414093297 -0.042000978351746744 -0.042052779637979536
leaf_weight=0.39587999042123811 0.35353104583918993 3.7073171883821487 4.2016857042908669 0.24338295124471176 0.37686012871563423 0.23739915573969461 0.24395510740578175 0.28889392176643003 1.75049548689276 1.3935331138782201 2.2597735445015137 0.43514759745448817 0.25226464401930571 0.19448243081569661 0.20187368383631099 0.67905560089275241 0.21281456155702472
leaf_count=33 42 22 19 14 28 16 24 25 192 147 292 49 25 20 20 72 20
internal_value=0.00221486 0.0333225 0.0554611 -0.0420943 -0.0420013 -0.0420966 -0.0420591 -0.0420436 -0.0419755 -0.0420278 -0.0419558 -0.0419477 -0.0419923 -0.0420029 -0.0419967 -0.0420099 -0.0420325
internal_weight=17.4283 10.2307 7.909 2.32169 7.19765 1.53727 1.16041 2.07831 5.66038 1.78941 3.30072 2.69492 0.605796 2.35967 1.95237 0.923011 0.407297
internal_count=1060 260 41 219 800 140 112 205 660 180 408 341 67 252 212 96 40
is_linear=0
shrinkage=0.05


Tree=96
num_leaves=19
num_cat=0
split_feature=3 4 2 5 7 0 3 4 1 4 1 3 4 4 1 3 7 2
split_gain=39.7287 9.21002 12.8327 5.51349 4.21894 4.74974 2.31649 11.0306 0.476541 0.00913795 0.000653628 0.000246247 0.000245911 0.00021268 0.000168147 0.000117807 8.11936e-05 4.53285e-06
threshold=0.9674788135492739 36337.500000000007 11967.715000000002 1.0000000180025095e-35 1.0000000180025095e-35 26490.885000000006 0.77928835517572725 38897.500000000007 18372.640000000003 38215.000000000007 20346.010000000006 1.0168753323298281 33305.000000000007 33745.000000000007 30129.380000000005 1.0587887173290953 2.5000000000000004 7985.1050000000005
decision_type=2 2 2 2 2 2 2 2 2 2 2 2 2 2 2 2 2 2
left_child=1 2 10 -3 -4 -6 8 -8 -5 11 -1 16 14 -12 -13 -14 17 -2
right_child=9 3 4 6 5 -7 7 -9 -10 -11 13 12 15 -15 -16 -17 -18 -19
leaf_value=-0.044821049006260404 -0.043419043637998367 -0.017323873686758688 -0.021861009349895193 0.058673765843901951 0.054879123853408797 -0.0023945972676068837 -0.044316436118004732 0.060962293169378595 0.079222456367117305 -0.04715827589105559 -0.044042507740012282 -0.044447474428372935 -0.04358581573075191 -0.043510296931000614 -0.043750682987158333 -0.04391112691074904 -0.043782708127476144 -0.043288875950587294
leaf_weight=1.6556521020829693 1.5775953605771094 3.2816436663270023 3.7003990188241032 5.9170315265655535 11.649939991533758 5.2517759948968878 3.1664076782762995 11.61349682509899 5.3930460512638092 2.2690889313817015 3.1658576093614101 3.3572461456060436 3.2625365965068367 4.6114292703568935 1.1666977703571317 18.934654109179974 2.0034953244030476 1.1610252670943735
leaf_count=23 34 37 21 24 51 43 53 46 20 26 54 48 66 96 22 332 37 27
internal_value=-0.00075769 0.0238495 0.00438099 0.0437577 0.0264957 0.0370828 0.0514407 0.0384077 0.0684721 -0.0440939 -0.043919 -0.0438729 -0.0439318 -0.0437269 -0.0442678 -0.0438633 -0.0435408 -0.0433639
internal_weight=93.139 59.4067 30.0351 29.3716 20.6021 16.9017 26.09 14.7799 11.3101 33.7323 9.43294 31.4633 26.7211 7.77729 4.52394 22.1972 4.74212 2.73862
internal_count=1060 468 288 180 115 94 143 99 44 592 173 566 468 150 70 398 98 61
is_linear=0
shrinkage=0.05


Tree=97
num_leaves=20
num_cat=0
split_feature=1 4 1 4 3 2 0 2 4 0 1 7 1 7 6 4 7 2 1
split_gain=44.4743 8.60803 22.3256 10.4271 13.8721 10.1405 9.65123 8.15825 4.57248 3.84609 3.08067 2.82656 1.38954 0.282299 0.146592 0.00171795 0.00131107 0.0012096 0.000462845
threshold=30656.785000000003 34905.000000000007 25484.175000000007 37941.500000000007 0.76951466148307446 5374.3250000000007 29130.860000000004 11967.715000000002 29177.500000000004 26270.245000000003 27241.350000000002 2.5000000000000004 31131.475000000002 5.5000000000000009 9.5000000000000018 34905.000000000007 1.5000000000000002 4074.6050000000005 32313.485000000004
decision_type=2 2 2 2 2 2 2 2 2 2 2 2 2 2 2 2 2 2 2
left_child=1 2 7 4 9 -6 13 11 -9 -3 -4 -1 -2 -5 -12 18 -17 -18 -14
right_child=12 3 10 6 5 -7 -8 8 -10 -11 14 -13 15 -15 -16 16 17 -19 -20
leaf_value=0.0096644637494354355 -0.025304571530771459 -0.047433386261998667 -0.014159705416250334 -0.039518759270456415 0.0095131806407096411 0.049214433330922257 0.044391584829147249 -0.041829506625691529 0.011182535298113642 0.010248448847096305 -0.04467848730901236 0.05283809207200274 -0.049474929199908313 -0.056846885238046263 -0.054109380284776132 -0.05048555593415336 -0.049796685558450737 -0.048720338465797208 -0.048702954920903728
leaf_weight=4.9871747046709087 7.0112504959106436 6.7309545129537565 8.6864783018827456 5.3967134505510312 24.263506203889847 47.709706872701645 4.1309975385665885 5.1972006857395199 18.715515151619911 5.0641373991966248 6.6037576049566296 15.806701466441153 3.1688183248043043 4.1639382392168045 10.957271568477152 5.9302797168493298 18.789194479584697 3.031333662569522 5.0137350261211395
leaf_count=20 30 37 34 29 92 270 15 24 69 20 35 83 20 21 56 35 115 21 34
internal_value=-0.000245498 0.0113364 -0.0019118 0.0209815 0.0275935 0.0358304 -0.0194715 0.0195784 -0.000339126 -0.0226681 -0.0385155 0.0424834 -0.0456658 -0.0470657 -0.0505629 -0.0496386 -0.0498263 -0.0496472 -0.0490019
internal_weight=211.359 168.414 70.9541 97.46 83.7683 71.9732 13.6916 44.7066 23.9127 11.7951 26.2475 20.7939 42.9446 9.56065 17.561 35.9334 27.7508 21.8205 8.18255
internal_count=1060 805 321 484 419 362 65 196 93 57 125 103 255 50 91 225 171 136 54
is_linear=0
shrinkage=0.05


Tree=98
num_leaves=16
num_cat=0
split_feature=3 0 4 4 7 2 4 6 4 2 3 4 4 2 1
split_gain=55.1759 10.372 8.70549 7.22885 7.02978 8.87756 7.04195 4.0012 8.47489 1.4643 0.140931 0.154385 0.0258383 0.0108645 0.00286201
threshold=0.97633302414385459 26398.795000000002 35012.500000000007 30732.500000000004 1.5000000000000002 5108.5950000000012 34732.500000000007 3.5000000000000004 32625.000000000004 3986.8500000000004 0.95150767645039214 29177.500000000004 32625.000000000004 5374.3250000000007 25831.890000000003
decision_type=2 2 2 2 2 2 2 2 2 2 2 2 2 2 2
left_child=7 2 -2 -3 5 -5 -6 8 -1 -4 11 -9 -13 -11 -10
right_child=1 3 9 4 6 -7 -8 10 14 13 -12 12 -14 -15 -16
leaf_value=0.037288988607493703 0.028506937258867184 -0.032811323036309618 -0.014950682443456665 0.020584662090000622 0.060540385541055834 -0.048276131006368954 0.026098101377560842 -0.037764627193259459 -0.047062195660003824 -0.050320050368839346 -0.036024418622140279 -0.049927723658819895 -0.046807181874244513 -0.04671316357891199 -0.049099692085248059
leaf_weight=4.8811167478561384 8.2096405923366564 5.234439641237258 5.2854638397693625 22.284599512815479 20.316884934902191 5.9248815998435012 55.057010605931282 4.5831403881311408 4.4918474182486534 3.1974954456090909 3.4769550040364257 8.3238475695252401 32.666169710457325 6.0157327950000763 2.7965656965970993
leaf_count=17 34 20 23 88 81 31 234 34 38 19 28 56 284 53 20
internal_value=-0.00014899 0.0181022 -0.0126342 0.0245164 0.0274133 0.00612172 0.035382 -0.0393605 -0.0136977 -0.0359297 -0.0457275 -0.0464678 -0.0474409 -0.047965 -0.047844
internal_weight=192.746 131.526 22.7083 108.818 103.583 28.2095 75.3739 61.2196 12.1695 14.4987 49.0501 45.5732 40.99 9.21323 7.28841
internal_count=1060 583 129 454 434 119 315 477 75 95 402 374 340 72 58
is_linear=0
shrinkage=0.05


Tree=99
num_leaves=17
num_cat=0
split_feature=1 6 2 0 2 1 2 2 1 4 1 2 7 4 4 3
split_gain=18.6738 3.75699 4.23962 3.65453 4.28344 9.37609 2.84078 1.18645 0.00544036 0.00102551 0.00060464 5.16324e-05 1.98622e-05 1.80969e-05 7.33253e-06 4.6623e-06
threshold=29699.930000000004 3.5000000000000004 2405.7800000000002 27906.735000000004 4033.3750000000005 34039.485000000008 3039.7650000000003 4433.7400000000007 33800.06500000001 34905.000000000007 29581.985000000004 4392.7500000000009 2.5000000000000004 33745.000000000007 38897.500000000007 1.018842598292325
decision_type=2 2 2 2 2 2 2 2 2 2 2 2 2 2 2 2
left_child=10 2 -2 4 5 -3 -5 -6 9 -4 11 12 -1 15 -15 -13
right_child=1 3 8 6 7 -7 -8 -9 -10 -11 -12 13 -14 14 -16 -17
leaf_value=-0.042433450222460589 0.052331487870233645 -0.044248045647120843 -0.045376689477726613 0.13746168029992359 0.082202260889866208 0.061485125916219054 0.046082454128035806 0.039793548000919117 -0.048354318889778786 -0.043018242890495724 -0.044132324475505726 -0.042415255204205193 -0.042829528727641702 -0.042291705585857098 -0.042425989605961695 -0.042559327174838339
leaf_weight=0.50713465083390186 1.7478053718805338 4.4316973155364412 0.74696982838213477 1.5263091698288911 3.0837275367230168 3.9794762432575226 1.920934099704027 3.5453328378498554 1.0727906599640844 1.2036190535873172 0.51434246078133661 3.7562278145924202 0.84212272800505161 6.9975130083039385 1.1893807444721458 0.6602442543953656
leaf_count=25 9 145 11 10 21 14 31 29 9 39 12 185 29 407 57 27
internal_value=0.00215503 0.0298987 -0.00965827 0.0401075 0.0294647 0.0057762 0.0865417 0.0595214 -0.0454943 -0.0439214 -0.0424488 -0.0423867 -0.0426807 -0.0423552 -0.0423112 -0.0424368
internal_weight=37.7256 23.2587 4.77118 18.4875 15.0402 8.41117 3.44724 6.62906 3.02338 1.95059 14.467 13.9526 1.34926 12.6034 8.18689 4.41647
internal_count=1060 318 68 250 209 159 41 50 59 50 742 730 54 676 464 212
is_linear=0
shrinkage=0.05


Tree=100
num_leaves=16
num_cat=0
split_feature=1 6 1 7 5 7 4 2 4 4 3 1 7 1 4
split_gain=4.22108 2.68401 3.38745 4.06651 2.68299 0.000676167 1.21189e-05 2.23375e-07 1.90352e-07 1.27129e-07 1.09845e-07 8.09029e-08 5.01611e-08 3.92203e-08 2.3605e-08
threshold=29968.010000000006 1.5000000000000002 32181.375000000004 1.5000000000000002 1.5000000000000002 1.5000000000000002 28185.000000000004 4063.2400000000002 33745.000000000007 37487.500000000007 1.018842598292325 24929.570000000003 1.5000000000000002 28647.430000000004 33030.000000000007
decision_type=2 2 2 2 2 2 2 2 2 2 2 2 2 2 2
left_child=6 -2 3 -3 -5 -4 -1 -7 10 13 12 -11 -8 -10 -12
right_child=1 2 5 4 -6 7 8 -9 9 11 14 -13 -14 -15 -16
leaf_value=-0.042175299007468012 0.13358201284850355 0.1450180585260554 -0.043962965132203762 -0.044927411857727209 0.053843148912188922 -0.04183263287828061 -0.041847496799503441 -0.041915649582129282 -0.041800217516440703 -0.041810317222771932 -0.041881363538204985 -0.04185370611770628 -0.041818345415293265 -0.041823749392165856 -0.041851004183239462
leaf_weight=0.25815496267750893 0.55451851151883591 0.78666177578270469 0.97369115613400914 1.0960189821198585 1.8448593798093496 0.51931312959641218 0.20457038376480374 0.096010048873722553 1.4017787997145208 0.1990596237592398 0.1137520968914032 0.23340997169725597 0.52957744803279638 0.20266731013543893 0.14646618161350489
leaf_count=25 23 30 35 36 59 112 40 15 373 49 19 45 125 46 28
internal_value=0.00349757 0.0289028 0.0179848 0.044043 0.0170329 -0.043143 -0.0418464 -0.0418456 -0.0418184 -0.0418097 -0.0418364 -0.0418337 -0.0418265 -0.0418032 -0.0418643
internal_weight=9.16051 5.87107 5.31655 3.72754 2.94088 1.58901 3.28944 0.615323 3.03128 2.03692 0.994366 0.43247 0.734148 1.60445 0.260218
internal_count=1060 310 287 125 95 162 750 127 725 513 212 94 165 419 47
is_linear=0
shrinkage=0.05


Tree=101
num_leaves=17
num_cat=0
split_feature=4 1 0 2 1 4 5 4 3 4 1 0 1 3 3 5
split_gain=8.76193 6.21123 6.54043 1.69862 0.0244607 5.84104e-06 2.44464e-06 3.30477e-06 1.27153e-06 3.85324e-07 2.91307e-07 1.94031e-07 1.7141e-07 1.65003e-07 1.10597e-07 8.11263e-08
threshold=33397.500000000007 32231.750000000004 27932.350000000002 4001.2750000000005 30160.145000000004 37941.500000000007 1.0000000180025095e-35 38137.000000000007 1.0587887173290953 35397.500000000007 25762.015000000003 26407.605000000003 30950.150000000005 1.0913229996156175 0.7088056081634696 1.5000000000000002
decision_type=2 2 2 2 2 2 2 2 2 2 2 2 2 2 2 2
left_child=1 2 3 -1 -5 8 -7 -8 9 10 -2 13 -13 -10 -11 -9
right_child=5 -3 -4 4 -6 6 7 15 11 14 -12 12 -14 -15 -16 -17
leaf_value=0.052819461074914212 -0.041947071466218545 0.10372420764370467 0.056202319295026074 -0.042017542766729574 -0.050291149650606083 -0.042184612408974059 -0.042206618992585092 -0.042015459911111858 -0.042048131339850164 -0.041963224555652795 -0.042009237570135721 -0.041954433594612539 -0.041988828958971297 -0.041988617676139837 -0.041920913953046875 -0.041980928795247847
leaf_weight=0.49432840384543109 0.79695900902151995 2.2958344221115103 3.9609389444813132 1.8255646363832059 1.7494414150714872 0.35755561757832754 0.22104557324200846 0.23184920847415924 0.20953145204111967 0.16836401820182834 0.24680218752473593 0.50785005977377284 1.2631978318095205 0.26221450231969357 1.8688242174684999 0.63854044489562511
leaf_count=9 102 8 38 193 12 28 16 24 20 20 26 63 140 29 260 72
internal_value=0.00221282 0.0311996 0.010465 -0.034054 -0.0460663 -0.0419821 -0.0420711 -0.042034 -0.0419579 -0.0419371 -0.0419618 -0.0419866 -0.041979 -0.0420151 -0.0419244 -0.0419901
internal_weight=17.0988 10.3261 8.03027 4.06933 3.57501 6.77273 1.44899 1.09144 5.32374 3.08095 1.04376 2.24279 1.77105 0.471746 2.03719 0.87039
internal_count=1060 260 252 214 205 800 140 112 660 408 128 252 203 49 280 96
is_linear=0
shrinkage=0.05


Tree=102
num_leaves=21
num_cat=0
split_feature=3 5 4 2 8 0 3 4 3 1 1 4 4 2 3 4 1 3 7 2
split_gain=36.9632 8.41662 7.45778 12.2768 3.54707 2.5234 2.07362 9.851 1.30926 0.422099 0.0540134 0.0083213 0.000615688 0.000569298 0.000242119 0.000194941 0.000142181 0.000116356 7.03728e-05 3.70232e-06
threshold=0.9674788135492739 1.0000000180025095e-35 36337.500000000007 11967.715000000002 4.5000000000000009 28192.000000000004 0.77928835517572725 38897.500000000007 0.86843138485286731 18645.915000000005 20346.010000000006 38215.000000000007 33745.000000000007 11910.690000000001 1.0168753323298281 33305.000000000007 30129.380000000005 1.0587887173290953 2.5000000000000004 7985.1050000000005
decision_type=2 2 2 2 2 2 2 2 2 2 2 2 2 2 2 2 2 2 2 2
left_child=1 5 3 12 -5 10 9 -8 -7 -4 -1 14 -3 -12 18 16 -16 -17 19 -2
right_child=11 2 6 4 -6 8 7 -9 -10 -11 13 -13 -14 -15 15 17 -18 -19 -20 -21
leaf_value=-0.055493218530164569 -0.043287701691274418 -0.044224641712262341 0.05718178776880755 0.012795887142291474 0.05805685170838279 0.040759812008973474 -0.044113591082389846 0.058617757058536904 -0.020599283810058436 0.076876708998624435 -0.043702664013676645 -0.046959710607407279 -0.043299279751479465 -0.04515630965321546 -0.044285230250699942 -0.043460375291134862 -0.043627401504295227 -0.043793919335934128 -0.043639671153736445 -0.043165735558206388
leaf_weight=1.8515047058463077 1.4679412357509201 3.6672223098576096 5.9105221033096331 9.2876183837652206 8.1074302047491074 1.6062617376446726 2.9451910369098178 11.236210033297537 1.8950529731810091 5.0405191034078598 1.3975297473371031 2.1640469171106806 3.5257000811398029 1.3001417107880113 3.1803629621863392 3.0592165328562286 1.1074233576655386 17.994803074747324 1.8736670613288877 1.0799689553678034
leaf_count=12 34 60 25 51 35 17 53 46 25 19 27 26 81 17 48 66 22 332 37 27
internal_value=-0.000790851 0.0230702 0.0307496 0.0111719 0.033891 -0.0243584 0.0499033 0.0372825 0.00754979 0.0662469 -0.0489168 -0.0439661 -0.0437711 -0.0444032 -0.0437485 -0.043808 -0.0441153 -0.0437455 -0.0434071 -0.043236
internal_weight=89.6983 57.7709 49.7204 24.588 17.395 8.05049 25.1324 14.1814 3.50131 10.951 4.54918 31.9274 7.19292 2.69767 29.7634 25.3418 4.28779 21.054 4.42158 2.54791
internal_count=1060 468 370 227 86 98 143 99 42 44 56 592 141 44 566 468 70 398 98 61
is_linear=0
shrinkage=0.05


Tree=103
num_leaves=19
num_cat=0
split_feature=1 4 1 4 3 2 0 1 7 0 1 1 7 0 4 7 2 1
split_gain=40.813 7.83776 20.3106 9.4196 12.3245 9.71899 8.68417 4.90553 4.10636 3.50461 1.41375 0.550249 0.274146 0.0149237 0.00195789 0.00105182 0.00106075 0.000499356
threshold=30656.785000000003 34905.000000000007 27016.485000000004 37941.500000000007 0.76951466148307446 5374.3250000000007 29130.860000000004 17804.750000000004 2.5000000000000004 26270.245000000003 31131.475000000002 27813.615000000005 5.5000000000000009 26638.810000000005 34905.000000000007 1.5000000000000002 4074.6050000000005 32313.485000000004
decision_type=2 2 2 2 2 2 2 2 2 2 2 2 2 2 2 2 2 2
left_child=1 2 7 4 9 -6 12 -1 -9 -3 -2 -4 -5 -13 17 -16 -17 -12
right_child=10 3 11 6 5 -7 -8 8 -10 -11 14 13 -14 -15 15 16 -18 -19
leaf_value=-0.026416984485512614 -0.024245916493589884 -0.046129700416870291 -0.032101434663780029 -0.038271122163163251 0.009014640578084758 0.048358815781763889 0.042024331949382182 -0.0036278733641119986 0.030226434837478635 0.0098450950758886893 -0.048874536972377487 -0.054133413057733004 -0.05574560473772322 -0.050554101080705398 -0.049884179866645617 -0.049256900915175428 -0.048220976517225504 -0.048047498684804568
leaf_weight=6.3575611710548392 6.892668440937995 6.3636604845523816 4.8813092857599285 5.1620681881904584 24.066127881407738 45.133158549666405 4.0594284385442725 12.529818549752234 31.413606405258179 4.988424077630043 2.9961374104022971 4.1953213661909095 3.9711140394210815 9.5215262696146947 5.6358990669250515 17.923832982778553 2.8662978932261458 4.6699276641011238
leaf_count=28 30 37 21 29 92 270 15 48 147 20 20 21 21 56 35 115 21 34
internal_value=-0.000306667 0.0109302 -0.00187287 0.02034 0.0267542 0.0346757 -0.0188238 0.0146342 0.0205734 -0.0215328 -0.0448987 -0.0465184 -0.045869 -0.0516488 -0.0490742 -0.0492783 -0.0491141 -0.0483707
internal_weight=203.628 162.643 68.8991 93.744 80.5514 69.1993 13.1926 50.301 43.9434 11.3521 40.9848 18.5982 9.13318 13.7168 34.0921 26.426 20.7901 7.66607
internal_count=1060 805 321 484 419 362 65 223 195 57 255 98 50 77 225 171 136 54
is_linear=0
shrinkage=0.05


Tree=104
num_leaves=15
num_cat=0
split_feature=3 0 4 4 4 6 4 4 0 3 5 2 4 1
split_gain=49.9156 9.53771 6.24976 6.96361 11.8867 3.89727 7.82673 3.6476 0.193328 0.147628 0.160082 0.025896 0.0125377 0.00259626
threshold=0.97633302414385459 26151.095000000005 30732.500000000004 33155.000000000007 33397.500000000007 3.5000000000000004 32625.000000000004 35012.500000000007 25979.260000000006 0.95150767645039214 1.0000000180025095e-35 4256.1350000000011 33155.000000000007 25831.890000000003
decision_type=2 2 2 2 2 2 2 2 2 2 2 2 2 2
left_child=5 7 -3 11 -5 6 -1 -2 -9 10 -7 -4 -12 -8
right_child=1 2 3 4 -6 9 13 8 -10 -11 12 -13 -14 -15
leaf_value=0.035223483783461851 0.008335850780770598 -0.031908555930592074 0.063322683669256016 -0.05357948399740986 0.024100508217033339 -0.035547838690069632 -0.0466842359592477 -0.052512029733637333 -0.036695792693862847 -0.035036195112166477 -0.048168207876368711 0.058599997686482636 -0.046276821227819821 -0.048680975017741622
leaf_weight=4.9067410230636579 5.4379768818616849 5.1697535514831534 5.1985891312360746 5.1999223828315726 93.064889043569565 3.3677558898925772 4.2203011810779572 4.1087052822113037 3.6471333056688309 3.2988925799727431 13.105278640985487 6.572306364774704 26.437126688659191 2.6503184586763382
leaf_count=17 24 20 20 21 413 24 38 30 28 28 100 27 250 20
internal_value=-0.000181251 0.0172073 0.021819 0.0243433 0.0199899 -0.0386848 -0.0130088 -0.0230609 -0.0450745 -0.0452288 -0.0460124 0.0606858 -0.0469037 -0.0474545
internal_weight=186.386 128.399 115.205 110.036 98.2648 57.9864 11.7774 13.1938 7.75584 46.2091 42.9102 11.7709 39.5424 6.87062
internal_count=1060 583 501 481 434 477 75 82 58 402 374 47 350 58
is_linear=0
shrinkage=0.05


Tree=105
num_leaves=16
num_cat=0
split_feature=1 6 2 1 2 0 7 1 4 1 2 7 4 4 3
split_gain=17.426 3.36001 3.94743 3.14319 6.40643 5.43876 1.03036 0.00465746 0.000727026 0.0005053 5.21379e-05 2.0512e-05 1.66914e-05 7.33658e-06 4.42991e-06
threshold=29699.930000000004 3.5000000000000004 2405.7800000000002 34370.070000000007 4033.3750000000005 27906.735000000004 4.5000000000000009 33800.06500000001 35012.500000000007 29581.985000000004 4392.7500000000009 3.5000000000000004 34905.000000000007 38897.500000000007 1.018842598292325
decision_type=2 2 2 2 2 2 2 2 2 2 2 2 2 2 2
left_child=9 2 -2 4 5 -3 -6 8 -4 10 11 -1 14 -14 -12
right_child=1 3 7 -5 6 -7 -8 -9 -10 -11 12 -13 13 -15 -16
leaf_value=-0.042497420551500166 0.049496164818805144 -0.026589507941587195 -0.044879548446010414 0.085471201876907849 0.038292896062647255 0.077688405545097372 0.074591784620257492 -0.04798713892358706 -0.04288907566454965 -0.043984807421299614 -0.042364396610210159 -0.042911227134700768 -0.042239428086030303 -0.042379652990797601 -0.042502749883043221
leaf_weight=0.82125642616301486 1.7768887467682386 5.8252448048442629 0.83550572581589255 2.9784731566905966 3.2636544033884984 1.5921890493482349 4.8753953948616982 1.0249669402837751 1.0173459835350511 0.48836567997932512 4.3827082458883506 0.47134427353739738 5.6558064129203558 1.1170129515230653 0.66656406223773945
leaf_count=38 9 151 14 10 38 23 28 9 36 12 232 16 358 57 29
internal_value=0.00252237 0.0288771 -0.0091018 0.0384148 0.0294053 -0.00420574 0.0600364 -0.0452827 -0.0437866 -0.0424056 -0.0423468 -0.0426483 -0.0423139 -0.0422626 -0.0423827
internal_weight=36.7927 23.1897 4.65471 18.535 15.5565 7.41743 8.13905 2.87782 1.85285 13.6031 13.1147 1.2926 11.8221 6.77282 5.04927
internal_count=1060 318 68 250 240 174 66 59 50 742 730 54 676 415 261
is_linear=0
shrinkage=0.05


Tree=106
num_leaves=15
num_cat=0
split_feature=1 4 1 1 2 4 1 4 4 3 1 7 2 4
split_gain=3.90576 2.30466 2.42094 0.330064 4.8734e-05 1.1471e-05 4.50411e-06 1.66418e-07 1.15679e-07 8.55351e-08 8.05849e-08 5.07885e-08 4.21464e-08 1.59398e-08
threshold=29968.010000000006 33565.000000000007 36139.180000000008 30595.115000000002 1231.4400000000003 28185.000000000004 34370.070000000007 33745.000000000007 37487.500000000007 1.018842598292325 24929.570000000003 1.5000000000000002 5374.3250000000007 33030.000000000007
decision_type=2 2 2 2 2 2 2 2 2 2 2 2 2 2
left_child=5 3 4 -2 -3 -1 -6 9 12 11 -10 -7 -9 -11
right_child=1 2 -4 -5 6 7 -8 8 10 13 -12 -13 -14 -15
leaf_value=-0.042164513710054807 0.062550143456951313 -0.042926202607902135 0.110269725612616 0.033808783280789935 -0.041882137098227301 -0.041839669147738297 -0.042192288300995508 -0.041812887638914817 -0.041800631349206203 -0.041867014947627457 -0.041845281910814852 -0.041809597282384092 -0.041791009299745212 -0.041841278695360251
leaf_weight=0.24775867862626944 2.1253023762255907 0.12777238152921189 0.31123923510313023 1.8847415708005426 1.3638565579894928 0.19550006324425373 0.12804865231737483 0.26795247336849559 0.18550439295358945 0.10623852629214525 0.22196038044057786 0.49822342162951827 1.2332912131678311 0.13872223533689976
leaf_count=25 15 5 2 28 250 40 10 66 49 19 45 125 353 28
internal_value=0.00370456 0.0274317 -0.0174468 0.0490416 -0.041989 -0.0418382 -0.0419088 -0.0418098 -0.0418013 -0.041827 -0.041825 -0.0418181 -0.0417949 -0.0418524
internal_weight=9.03611 5.94096 1.93092 4.01004 1.61968 3.09515 1.49191 2.84739 1.90871 0.938684 0.407465 0.693723 1.50124 0.244961
internal_count=1060 310 267 43 265 750 260 725 513 212 94 165 419 47
is_linear=0
shrinkage=0.05


Tree=107
num_leaves=18
num_cat=0
split_feature=4 1 2 0 4 5 4 3 0 2 4 1 0 1 3 1 5
split_gain=8.13993 5.52373 0.784826 2.41651e-05 4.88404e-06 2.21278e-06 2.63689e-06 1.30951e-06 1.01039e-06 1.00183e-06 3.91309e-07 2.70188e-07 2.125e-07 1.52029e-07 1.44399e-07 9.08423e-08 8.43105e-08
threshold=33397.500000000007 30129.380000000005 4256.1350000000011 28278.765000000003 37941.500000000007 1.0000000180025095e-35 38137.000000000007 1.0587887173290953 27246.570000000003 4323.6450000000013 35397.500000000007 25762.015000000003 26407.605000000003 30950.150000000005 1.0913229996156175 18270.365000000002 1.5000000000000002
decision_type=2 2 2 2 2 2 2 2 2 2 2 2 2 2 2 2 2
left_child=1 3 -3 8 7 -6 -7 10 9 -1 11 -2 14 -14 -9 -12 -8
right_child=4 2 -4 -5 5 6 16 12 -10 -11 15 -13 13 -15 -16 -17 -18
leaf_value=-0.042097141750750598 -0.041930640450868362 0.030194247471119776 0.06158205041620566 -0.042542712413602447 -0.04215896162284781 -0.042170946384552731 -0.041997889684297421 -0.04203336036475025 -0.042103199133513729 -0.041980485372368516 -0.041942840571908439 -0.0419922489040436 -0.04193943955910915 -0.041972715866178685 -0.041976576264856041 -0.041903119508300904 -0.04196172891601966
leaf_weight=0.211581458337608 0.74678510893136207 3.4130497351288778 4.7817630022764206 0.24022520938888181 0.33966881688684214 0.20757685182616092 0.22047947952523828 0.20111677143722806 0.25237923813983787 1.4139425866305826 0.15694203507155169 0.23363735666498542 0.48104652203619469 1.1981504121795294 0.25254021165892482 1.7376786805689333 0.59945937339216471
leaf_count=18 102 20 21 14 28 16 24 20 24 163 20 26 63 140 29 260 72
internal_value=0.00245008 0.0299056 0.0485094 -0.0420705 -0.0419646 -0.0420483 -0.0420118 -0.0419417 -0.0420101 -0.0419957 -0.0419197 -0.0419453 -0.0419714 -0.0419632 -0.0420017 -0.0419064 -0.0419715
internal_weight=16.688 10.3129 8.19481 2.11813 6.37508 1.36718 1.02752 5.0079 1.8779 1.62552 2.87504 0.980422 2.13285 1.6792 0.453657 1.89462 0.819939
internal_count=1060 260 41 219 800 140 112 660 205 181 408 128 252 203 49 280 96
is_linear=0
shrinkage=0.05


Tree=108
num_leaves=20
num_cat=0
split_feature=3 4 2 5 7 1 3 4 1 4 4 2 3 4 1 3 7 0 2
split_gain=34.3536 7.78724 10.7026 4.29052 3.77804 4.37626 1.87035 8.81859 0.359341 0.00710308 0.000440613 0.000236918 0.000225591 0.000142478 0.000121675 0.000113153 6.82098e-05 4.9211e-05 2.92341e-06
threshold=0.9674788135492739 36337.500000000007 11967.715000000002 1.0000000180025095e-35 1.0000000180025095e-35 17804.750000000004 0.77928835517572725 38897.500000000007 18645.915000000005 38215.000000000007 33745.000000000007 10441.205000000002 1.0168753323298281 33305.000000000007 30129.380000000005 1.0587887173290953 2.5000000000000004 27529.680000000004 7947.1550000000016
decision_type=2 2 2 2 2 2 2 2 2 2 2 2 2 2 2 2 2 2 2
left_child=1 2 10 -3 -4 -6 8 -8 -5 12 11 -1 16 14 -14 -15 18 -12 -2
right_child=9 3 4 6 5 -7 7 -9 -10 -11 17 -13 13 15 -16 -17 -18 -19 -20
leaf_value=-0.04364415592977279 -0.043165022968688904 -0.014535013196217351 -0.022389086364731681 0.055666995914803258 0.071214992682874012 0.016427882266006378 -0.043925909332442122 0.056509977967155504 0.074143969953293115 -0.046677898843737589 -0.043174957332138254 -0.044386757335954874 -0.044123648296859781 -0.043345673946721161 -0.04349628573424795 -0.04368504245475089 -0.043526119210172021 -0.043594840036672508 -0.043053076176294364
leaf_weight=2.2589046042412537 1.3240083754062717 3.0353177227079895 3.6884613037109402 5.626553416252138 5.2843328714370754 11.748556997627018 2.7375421933829776 10.839029520750044 4.9431770443916321 2.0541718006134024 3.1137985438108444 2.0476698689162731 2.9983349740505245 2.8673931360244778 1.0412670038640497 17.127972256392241 1.7695057131350038 0.89938330277800549 1.0422760657966135
leaf_count=45 33 37 21 25 20 74 53 46 19 26 77 32 48 66 22 332 37 19 28
internal_value=-0.000850848 0.0222595 0.00425681 0.0414937 0.0234901 0.0334252 0.0485368 0.0362584 0.0643082 -0.0438394 -0.043646 -0.0439972 -0.0436324 -0.0436911 -0.0439619 -0.0436364 -0.0432913 -0.0432691 -0.0431157
internal_weight=86.4477 56.2227 29.0411 27.1816 20.7214 17.0329 24.1463 13.5766 10.5697 30.2249 8.31976 4.30657 28.1708 24.035 4.0396 19.9954 4.13579 4.01318 2.36628
internal_count=1060 468 288 180 115 94 143 99 44 592 173 77 566 468 70 398 98 96 61
is_linear=0
shrinkage=0.05


Tree=109
num_leaves=21
num_cat=0
split_feature=1 4 1 4 3 2 0 2 7 0 7 1 1 0 7 4 6 2 7 1
split_gain=37.6943 7.38126 18.1372 8.35272 10.7437 10.7927 7.89867 6.7078 3.23817 3.20554 2.7161 2.16161 1.46949 0.760096 0.273498 0.00147719 0.00094323 0.000987556 0.000793139 0.00048121
threshold=30656.785000000003 34732.500000000007 25484.175000000007 37941.500000000007 0.76951466148307446 5374.3250000000007 29130.860000000004 11967.715000000002 4.5000000000000009 26270.245000000003 2.5000000000000004 17804.750000000004 31131.475000000002 27470.225000000002 5.5000000000000009 34905.000000000007 7.5000000000000009 3634.2050000000004 1.5000000000000002 32313.485000000004
decision_type=2 2 2 2 2 2 2 2 2 2 2 2 2 2 2 2 2 2 2 2
left_child=1 2 7 4 9 -6 14 10 13 -3 -1 -9 -2 -4 -5 19 18 -18 -17 -14
right_child=12 3 8 6 5 -7 -8 11 -10 -11 -12 -13 15 -15 -16 16 17 -19 -20 -21
leaf_value=0.0078434710123436915 -0.022980013214614549 -0.044863895635465438 -0.054818486662550542 -0.036862521828549766 0.0065800125288726224 0.047852090700452245 0.040326000024801446 -0.025407436005818393 -0.0077231373232004713 0.0095760336529193517 0.051491636187745417 0.008839638639156976 -0.048467353546363431 -0.028549384723388013 -0.054730236873735516 -0.049721491811988379 -0.048687359750969349 -0.047584278917851629 -0.048830535785150689 -0.04763665692825933
leaf_weight=4.8383430391550091 6.7707258462905875 6.0085587799549085 13.25672154128552 4.9392302930355054 24.734299898147583 44.050488591194153 3.9894336462020865 6.2932632416486767 6.476518750190734 4.9165616482496262 13.533528938889502 17.20149153470993 2.869662180542945 3.4756820499896994 3.7812702804803848 3.4866247475147274 10.32407261431217 2.5253352448344222 8.8087001293897611 4.4419047236442566
leaf_count=20 30 37 69 29 96 277 15 28 31 20 78 65 20 19 21 22 70 20 59 34
internal_value=-0.000312852 0.0106101 -0.00228947 0.0196931 0.0256953 0.0330111 -0.0179501 0.017364 -0.0377424 -0.0203646 0.0399966 -0.000333722 -0.0441682 -0.0493618 -0.0446101 -0.0485882 -0.0487701 -0.0484706 -0.0490832 -0.0479627
internal_weight=196.722 157.495 65.0755 92.4198 79.7099 68.7848 12.7099 41.8666 23.2089 10.9251 18.3719 23.4948 39.227 16.7324 8.7205 32.4563 25.1447 12.8494 12.2953 7.31157
internal_count=1060 805 310 495 430 373 65 191 119 57 98 93 255 88 50 225 171 90 81 54
is_linear=0
shrinkage=0.05


Tree=110
num_leaves=16
num_cat=0
split_feature=3 0 4 4 4 0 6 4 2 3 5 4 2 4 0
split_gain=45.1482 8.65586 7.27357 6.01917 6.38664 4.73534 3.88727 7.4099 1.38625 0.156495 0.16971 0.0120691 0.0111692 0.00265578 0.000316737
threshold=0.97633302414385459 26398.795000000002 35012.500000000007 30732.500000000004 38215.000000000007 27066.905000000002 3.5000000000000004 32625.000000000004 3986.8500000000004 0.95150767645039214 1.0000000180025095e-35 33155.000000000007 5374.3250000000007 35134.500000000007 28278.765000000003
decision_type=2 2 2 2 2 2 2 2 2 2 2 2 2 2 2
left_child=6 2 -2 -3 5 -5 7 -1 -4 10 -8 -12 -10 -9 -15
right_child=1 3 8 4 -6 -7 9 13 12 -11 11 -13 -14 14 -16
leaf_value=0.034319025159086317 0.025389035699116227 -0.030796839508442055 -0.01458859313330936 0.013942459624203866 -0.023361260744021204 0.037232770190603559 -0.034641311536020535 -0.048540261841962556 -0.049794637968902267 -0.034004433439944581 -0.047827706382360571 -0.045922758648465491 -0.045997165803116774 -0.045987676174925551 -0.046845953434294985
leaf_weight=4.9144155979156476 7.9856009930372265 5.0756229907274237 5.2463313043117514 35.240096464753151 6.3783612251281729 57.327207282185555 3.245063602924346 2.1613578498363495 3.05081859230995 3.1303113698959342 12.526434071362017 24.729846157133579 5.3003281503915787 2.2768400311470032 2.0363314896821976
leaf_count=17 34 20 23 161 26 247 24 17 19 28 100 250 53 23 18
internal_value=-0.000216062 0.0163287 -0.0124868 0.0223076 0.0250317 0.0283662 -0.0379855 -0.0119726 -0.0347308 -0.0447755 -0.045608 -0.0465632 -0.0473844 -0.0471097 -0.0463929
internal_weight=180.625 125.604 21.5831 104.021 98.9457 92.5673 55.0206 11.3889 13.5975 43.6317 40.5013 37.2563 8.35115 6.47453 4.31317
internal_count=1060 583 129 454 434 408 477 75 95 402 374 350 72 58 41
is_linear=0
shrinkage=0.05


Tree=111
num_leaves=16
num_cat=0
split_feature=1 6 2 1 2 0 7 1 4 1 2 7 4 4 7
split_gain=16.2001 3.00162 3.69335 2.88339 5.66605 4.87648 0.994782 0.00400986 0.000645068 0.000450312 5.09803e-05 2.19806e-05 1.66989e-05 6.34041e-06 4.00528e-06
threshold=29699.930000000004 3.5000000000000004 2405.7800000000002 34370.070000000007 4033.3750000000005 27906.735000000004 4.5000000000000009 33800.06500000001 35012.500000000007 29581.985000000004 4392.7500000000009 3.5000000000000004 34905.000000000007 38897.500000000007 1.5000000000000002
decision_type=2 2 2 2 2 2 2 2 2 2 2 2 2 2 2
left_child=9 2 -2 4 5 -3 -6 8 -4 10 11 -1 14 -14 -12
right_child=1 3 7 -5 6 -7 -8 -9 -10 -11 12 -13 13 -15 -16
leaf_value=-0.042453117268560263 0.046962389596278617 -0.025905803226662794 -0.044748262161415413 0.081727409635809545 0.035407107459945276 0.071176883043476954 0.070750535310321772 -0.047678167371307263 -0.042828423285672823 -0.043892015255692945 -0.042444734994994585 -0.042890142702479657 -0.042200342609705177 -0.042335058948830023 -0.042325227738353045
leaf_weight=0.77731340285390327 1.8023643530905271 5.6937055392190841 0.79825000278651737 2.9762073159217826 3.3434113003313524 1.6737227868288753 4.9215456210076809 0.98443111032247532 0.96826518513262272 0.46684423275291997 0.85293450951576044 0.45679671317338943 5.2637649131938815 1.0471612578257916 3.9386621527373791
leaf_count=38 9 151 14 10 38 23 28 9 36 12 40 16 358 57 221
internal_value=0.00276696 0.0277166 -0.00867108 0.0366202 0.0280324 -0.00385068 0.0564531 -0.045121 -0.043696 -0.0423677 -0.04231 -0.0426149 -0.0422761 -0.0422227 -0.0423465
internal_weight=35.9654 23.1619 4.55331 18.6086 15.6324 7.36743 8.26496 2.75095 1.76652 12.8035 12.3366 1.23411 11.1025 6.31093 4.7916
internal_count=1060 318 68 250 240 174 66 59 50 742 730 54 676 415 261
is_linear=0
shrinkage=0.05


Tree=112
num_leaves=16
num_cat=0
split_feature=1 2 2 1 3 1 1 4 4 4 0 2 3 7 4
split_gain=3.62425 2.10312 2.19065 1.78155 1.4071 0.854254 0.347295 0.0113929 1.03101e-05 1.56512e-07 1.05654e-07 9.62014e-08 5.9761e-08 5.31432e-08 1.02993e-08
threshold=29968.010000000006 4117.1850000000004 4698.4550000000008 36139.180000000008 1.1217802209562635 30431.425000000007 30551.800000000003 30732.500000000004 28185.000000000004 33745.000000000007 28622.670000000002 5374.3250000000007 1.018842598292325 1.5000000000000002 33030.000000000007
decision_type=2 2 2 2 2 2 2 2 2 2 2 2 2 2 2
left_child=8 3 6 4 -2 -4 -3 -6 -1 12 11 -11 13 -10 -14
right_child=1 2 5 -5 7 -7 -8 -9 9 10 -12 -13 14 -15 -16
leaf_value=-0.042145797751057187 0.050975508796661267 0.056258704875380518 0.040794616949820776 0.10107189871367273 -0.052149330781706964 -0.044461502448941891 0.096801331589079997 -0.042299749051350838 -0.04183369062861414 -0.0418146282634402 -0.041836927877519713 -0.041783984601100388 -0.041853027234303231 -0.041802286388954779 -0.041831648806224496
leaf_weight=0.23705808445811305 0.49518299358896989 0.86083943629637438 0.56932476069778182 0.32841119915246952 0.37150906026363362 0.60715713305398822 1.3670655991882084 1.3997825812548397 0.18848105659708414 0.31659815879538644 0.12834342406131316 1.3407081591431049 0.098867745138704777 0.47223441512323916 0.13096412736922503
leaf_count=25 13 8 15 2 2 25 35 210 40 78 28 407 19 125 28
internal_value=0.00392525 0.026144 0.0519899 -0.00776491 -0.0235353 -0.00320424 0.0811361 -0.0443656 -0.0418298 -0.0418018 -0.0417932 -0.0417898 -0.0418189 -0.0418112 -0.0418408
internal_weight=8.91253 5.99927 3.40439 2.59489 2.26647 1.17648 2.22791 1.77129 2.91326 2.6762 1.78565 1.65731 0.890547 0.660715 0.229832
internal_count=1060 310 83 227 225 40 43 212 750 725 513 485 212 165 47
is_linear=0
shrinkage=0.05


Tree=113
num_leaves=18
num_cat=0
split_feature=4 1 2 1 2 0 4 5 4 3 4 1 0 1 3 5 1
split_gain=7.45692 5.24714 5.76537 9.54032 0.47762 2.11972e-05 3.97087e-06 1.98929e-06 1.96604e-06 1.30089e-06 4.04277e-07 2.74247e-07 2.06485e-07 1.45568e-07 1.12412e-07 8.81668e-08 7.37406e-08
threshold=33397.500000000007 32231.750000000004 4736.2000000000007 30129.380000000005 4074.6050000000005 28278.765000000003 37941.500000000007 1.0000000180025095e-35 38137.000000000007 1.0587887173290953 35397.500000000007 25762.015000000003 26407.605000000003 30950.150000000005 1.0913229996156175 1.5000000000000002 18270.365000000002
decision_type=2 2 2 2 2 2 2 2 2 2 2 2 2 2 2 2 2
left_child=1 2 4 5 -1 -4 9 -8 -9 10 11 -2 14 -14 -11 -10 -12
right_child=6 -3 3 -5 -6 -7 7 8 15 12 16 -13 13 -15 -16 -17 -18
leaf_value=-0.013454821959390168 -0.041914977170512305 0.093692302982178732 -0.041981875375338089 0.11082081450907802 -0.050053379234701836 -0.042501705827873111 -0.042133227801310381 -0.042132438019155477 -0.04198164898169323 -0.042015835931884148 -0.041923534472036089 -0.041978617662463719 -0.041924361553510786 -0.041957837763717198 -0.041964614421929697 -0.041943672901250978 -0.041886439997579794
leaf_weight=1.4411234799772521 0.69974399218335692 2.3556964099407187 1.4901881366968153 2.518395870923996 2.3371541844680905 0.22582620102912176 0.32153737545013406 0.19287832733243704 0.20981888519600034 0.19146677153185043 0.14610218256711949 0.22330586751922965 0.45410910109058011 1.1398729351349173 0.24313383456319571 0.5627585700713098 1.6142556187696753
leaf_count=19 102 8 177 9 33 14 28 16 24 20 20 26 63 140 29 72 260
internal_value=0.00242107 0.0280921 0.00880594 0.0488691 -0.0360938 -0.0420503 -0.0419477 -0.0420255 -0.0419896 -0.0419264 -0.0419036 -0.0419304 -0.0419566 -0.0419483 -0.0419872 -0.041954 -0.0418895
internal_weight=16.3674 10.3684 8.01269 4.23441 3.77828 1.71601 5.99898 1.28699 0.965456 4.71199 2.68341 0.92305 2.02858 1.59398 0.434601 0.772577 1.76036
internal_count=1060 260 252 200 52 191 800 140 112 660 408 128 252 203 49 96 280
is_linear=0
shrinkage=0.05


Tree=114
num_leaves=20
num_cat=0
split_feature=3 4 2 5 7 1 3 4 1 4 4 2 3 4 1 3 7 2 0
split_gain=31.9994 7.17569 9.7349 3.8134 3.54211 4.03825 1.69849 7.90933 0.355768 0.0130911 0.000361261 0.000220422 0.000213596 0.000130413 0.000113847 0.000106855 6.27119e-05 1.93454e-06 1.18671e-06
threshold=0.9674788135492739 36337.500000000007 11967.715000000002 1.0000000180025095e-35 1.0000000180025095e-35 17804.750000000004 0.77928835517572725 38897.500000000007 18736.595000000005 40120.000000000007 34732.500000000007 10441.205000000002 1.0168753323298281 33305.000000000007 30129.380000000005 1.0587887173290953 2.5000000000000004 7947.1550000000016 27046.415000000005
decision_type=2 2 2 2 2 2 2 2 2 2 2 2 2 2 2 2 2 2 2
left_child=1 2 10 -3 -4 -6 8 -8 -5 12 11 -1 16 14 -14 -15 17 -2 -12
right_child=9 3 4 6 5 -7 7 -9 -10 -11 18 -13 13 15 -16 -17 -18 -19 -20
leaf_value=-0.043504848858055216 -0.043050835147712123 -0.013205432145665094 -0.022407729758911397 0.054506489612750633 0.068783601306318429 0.015702803304765544 -0.043751862137172276 0.054601398282913362 0.073397294211214201 -0.049490017670197846 -0.043044986402868586 -0.044191790466104393 -0.044009923380402043 -0.043239818288173706 -0.043386613049746413 -0.043578766250270573 -0.043415671166539355 -0.042956546606791289 -0.043115364142126522
leaf_weight=2.993556788191202 1.2293250784277985 2.9321234263479736 3.667573336511853 5.8068755418062228 5.1398526132106808 11.830067202448843 2.5423933565616599 10.429382279515265 4.3664151877164841 0.95259265601634879 2.0079619325697426 1.9146554470062254 2.8698426671326192 2.6876025460660484 0.98367764800786961 17.246863558888435 1.6644311770796774 0.97582073137164105 0.85361791029572476
leaf_count=65 33 37 21 27 20 74 53 46 17 6 54 32 48 66 22 352 37 28 22
internal_value=-0.000908583 0.0215756 0.0041904 0.0405143 0.02215 0.0317799 0.0473198 0.0353247 0.0626145 -0.043727 -0.0435125 -0.0437728 -0.0435285 -0.0435845 -0.0438508 -0.0435331 -0.043184 -0.0430091 -0.043066
internal_weight=83.0946 54.4845 28.4073 26.0772 20.6375 16.9699 23.1451 12.9718 10.1733 28.6102 7.76979 4.90821 27.6576 23.788 3.85352 19.9345 3.86958 2.20515 2.86158
internal_count=1060 468 288 180 115 94 143 99 44 592 173 97 586 488 70 418 98 61 76
is_linear=0
shrinkage=0.05


Tree=115
num_leaves=19
num_cat=0
split_feature=1 4 1 4 3 0 1 1 2 1 1 7 1 2 4 7 2 1
split_gain=34.5505 6.98122 17.2377 8.07917 11.6444 8.8487 3.69073 3.92218 2.32883 10.6039 1.51033 0.172778 0.0189086 0.00628066 0.00133043 0.000735776 0.000878131 0.000435012
threshold=30656.785000000003 34905.000000000007 27241.350000000002 36337.500000000007 0.76951466148307446 27181.225000000002 17804.750000000004 25230.310000000005 4323.6450000000013 27931.635000000006 31131.475000000002 4.5000000000000009 28473.070000000003 13916.035000000002 34905.000000000007 1.5000000000000002 4074.6050000000005 32313.485000000004
decision_type=2 2 2 2 2 2 2 2 2 2 2 2 2 2 2 2 2 2
left_child=1 2 6 8 13 -6 -1 -8 -3 -10 -2 12 -4 -5 17 -16 -17 -12
right_child=10 3 11 4 5 -7 7 -9 9 -11 14 -13 -14 -15 15 16 -18 -19
leaf_value=-0.024102099102753759 -0.021814577882503117 0.068650677721798614 -0.053934047927653862 -0.047305615501604087 0.035189724275161614 -0.0065832155365153217 0.025112552666485124 -0.011408098403096612 0.050147543961759591 -0.043848111474358881 -0.047983094290080928 -0.038284295158996569 -0.04969767750236688 -0.050186255196648794 -0.048812500560747291 -0.048269851901160558 -0.047267131127037745 -0.047170194748781036
leaf_weight=6.1457146704196921 6.6448885649442664 6.2975971996784237 3.8824527114629737 4.035116806626319 30.121061950922012 21.890772372484207 34.291965946555138 9.3579812198877317 17.468006476759914 3.6227694898843756 2.7181018218398121 3.3893612101674071 8.1910338997840864 3.5630182474851608 5.0955172181129482 16.227900207042698 2.5228786394000045 4.1715941354632378
leaf_count=28 30 26 20 20 172 112 164 38 116 14 20 19 52 24 35 115 21 34
internal_value=-0.000357509 0.0102173 -0.0021446 0.0194901 0.00916192 0.0176083 0.0121753 0.017283 0.0419689 0.0340019 -0.0434298 -0.0482596 -0.05106 -0.0486564 -0.0481029 -0.0482797 -0.0481349 -0.0474909
internal_weight=189.638 152.257 65.2585 86.9983 59.61 52.0118 49.7957 43.6499 27.3884 21.0908 37.3809 15.4628 12.0735 7.59814 30.736 23.8463 18.7508 6.8897
internal_count=1060 805 321 484 328 284 230 202 156 130 255 91 72 44 225 171 136 54
is_linear=0
shrinkage=0.05


Tree=116
num_leaves=16
num_cat=0
split_feature=3 0 4 4 4 6 4 4 0 3 4 2 4 4 0
split_gain=40.7905 7.92748 5.00653 6.32703 10.6892 3.81702 6.93222 3.04881 0.199026 0.160727 0.440128 0.0208218 0.0205258 0.00278464 0.000258429
threshold=0.97633302414385459 26151.095000000005 30732.500000000004 33155.000000000007 33397.500000000007 3.5000000000000004 32625.000000000004 35012.500000000007 25979.260000000006 0.95150767645039214 28185.000000000004 4256.1350000000011 32625.000000000004 35134.500000000007 28278.765000000003
decision_type=2 2 2 2 2 2 2 2 2 2 2 2 2 2 2
left_child=5 7 -3 11 -5 6 -1 -2 -9 10 -7 -4 -12 -8 -15
right_child=1 2 3 4 -6 9 13 8 -10 -11 12 -13 -14 14 -16
leaf_value=0.032965741647897569 0.0061007597166437277 -0.02923789389433723 0.060434833170873316 -0.0527979851757579 0.021907705922601533 -0.021965566292951003 -0.048293625696867105 -0.051936436020431798 -0.035113020843289156 -0.033119489202771628 -0.048473973841125999 0.056053903191087495 -0.045746934773499809 -0.045657444594674246 -0.046458995443358228
leaf_weight=4.9201712310314161 5.3344144970178586 4.9773081243038169 4.8978179544210416 5.0599291175603858 89.188028678297997 1.9340719804167736 2.0674559101462364 3.723276823759079 3.3306078240275383 2.965648226439952 9.2832801565527898 6.0779670178890228 26.878586046397686 2.1244653314352036 1.909351162612438
leaf_count=17 24 20 20 21 413 17 17 30 28 28 73 27 284 23 18
internal_value=-0.000249187 0.0155 0.0197631 0.022081 0.017897 -0.0373186 -0.011192 -0.0224226 -0.043993 -0.0443313 -0.0452041 0.0580088 -0.046447 -0.0468016 -0.0460368
internal_weight=174.672 122.589 110.201 105.224 94.248 52.083 11.0214 12.3883 7.05388 41.0616 38.0959 10.9758 36.1619 6.10127 4.03382
internal_count=1060 583 501 481 434 477 75 82 58 402 374 47 357 58 41
is_linear=0
shrinkage=0.05


Tree=117
num_leaves=16
num_cat=0
split_feature=1 6 2 1 2 0 7 1 4 1 2 7 4 4 7
split_gain=15.1009 2.66152 3.42549 2.54095 5.14808 4.48292 0.882821 0.0034035 0.000518753 0.00040422 5.07827e-05 2.17814e-05 1.62429e-05 5.52152e-06 4.39882e-06
threshold=29699.930000000004 3.5000000000000004 2405.7800000000002 34370.070000000007 4033.3750000000005 27906.735000000004 4.5000000000000009 33800.06500000001 35012.500000000007 29581.985000000004 4392.7500000000009 3.5000000000000004 34905.000000000007 38897.500000000007 1.5000000000000002
decision_type=2 2 2 2 2 2 2 2 2 2 2 2 2 2 2
left_child=9 2 -2 4 5 -3 -6 8 -4 10 11 -1 14 -14 -12
right_child=1 3 7 -5 6 -7 -8 -9 -10 -11 12 -13 13 -15 -16
leaf_value=-0.042420648271082391 0.044403763732859605 -0.025528363059521234 -0.044532185523715871 0.077551636251866368 0.03414372955013803 0.0664640627717593 0.067293173109436666 -0.047326685270580364 -0.042759149987685235 -0.043806487026092286 -0.042416567053060836 -0.042863347792850892 -0.042164241576729142 -0.042294144628439077 -0.04228870986689242
leaf_weight=0.7446372350677819 1.8267275653779531 5.5654305862262872 0.75247593782842181 2.9567922651767722 3.3760972898453456 1.7378701362758873 4.9579185470938683 0.93723003566265095 0.91318940091878176 0.44813746958971101 0.8214970948174577 0.44323351699858904 4.8981402087956667 0.98201323207467783 3.7141498625278473
leaf_count=38 9 151 14 10 38 23 28 9 36 12 40 16 358 57 221
internal_value=0.00301213 0.0267481 -0.00808173 0.0350455 0.0270082 -0.00363814 0.0538644 -0.0449164 -0.0435601 -0.042333 -0.0422761 -0.0425858 -0.0422408 -0.0421859 -0.0423119
internal_weight=35.0755 23.0237 4.42962 18.5941 15.6373 7.3033 8.33402 2.6029 1.66567 12.0518 11.6037 1.18787 10.4158 5.88015 4.53565
internal_count=1060 318 68 250 240 174 66 59 50 742 730 54 676 415 261
is_linear=0
shrinkage=0.05


Tree=118
num_leaves=14
num_cat=0
split_feature=1 6 4 6 1 2 4 4 0 2 3 7 4
split_gain=3.38751 1.87098 2.69621 0.312638 0.00138787 2.97321e-05 9.21528e-06 1.48845e-07 1.01176e-07 9.99256e-08 5.32549e-08 5.72235e-08 7.61334e-09
threshold=29968.010000000006 1.5000000000000002 33565.000000000007 10.500000000000002 36139.180000000008 1231.4400000000003 28185.000000000004 33745.000000000007 28622.670000000002 4500.6400000000012 1.018842598292325 1.5000000000000002 33030.000000000007
decision_type=2 2 2 2 2 2 2 2 2 2 2 2 2
left_child=6 -2 3 -3 5 -4 -1 10 9 -9 11 -8 -12
right_child=1 2 4 -5 -6 -7 7 8 -10 -11 12 -13 -14
leaf_value=-0.042128322076373181 0.10546862069739163 0.023494762628076885 -0.042740288128590535 0.051770217963224556 -0.047408089155306893 -0.041881361998180794 -0.041827828145471563 -0.041814481142578089 -0.041829735870719011 -0.041777385479901348 -0.041843561961182267 -0.041794512605363057 -0.041824741422004048
leaf_weight=0.225253195036203 0.64815770322456945 2.0207882393151526 0.10979620553553093 1.8937506359070537 0.12772752344608296 1.2231373158283529 0.18155024130828712 0.20999795012176026 0.12182464450597752 1.3395825033076105 0.093975132331252098 0.44436270324513316 0.1254862267524004
leaf_count=25 23 25 5 15 1 241 40 52 28 433 19 125 28
internal_value=0.00424697 0.0252191 0.0155423 0.0371737 -0.0424292 -0.0419521 -0.0418219 -0.0417945 -0.0417859 -0.0417824 -0.0418116 -0.0418042 -0.0418328
internal_weight=8.76539 6.02336 5.3752 3.91454 1.46066 1.33293 2.74203 2.51678 1.67141 1.54958 0.845374 0.625913 0.219461
internal_count=1060 310 287 40 247 246 750 725 513 485 212 165 47
is_linear=0
shrinkage=0.05


Tree=119
num_leaves=18
num_cat=0
split_feature=4 1 2 1 2 0 4 5 4 3 4 1 0 1 3 5 2
split_gain=6.99364 4.73047 5.27532 8.36576 0.465036 1.85356e-05 3.25858e-06 1.71562e-06 1.44663e-06 1.22115e-06 4.3099e-07 2.80838e-07 2.40684e-07 1.23105e-07 9.91275e-08 8.91898e-08 7.49391e-08
threshold=33397.500000000007 32231.750000000004 4736.2000000000007 30129.380000000005 4074.6050000000005 28278.765000000003 37941.500000000007 1.0000000180025095e-35 38137.000000000007 1.0587887173290953 35397.500000000007 25762.015000000003 26407.605000000003 30950.150000000005 1.0913229996156175 1.5000000000000002 5374.3250000000007
decision_type=2 2 2 2 2 2 2 2 2 2 2 2 2 2 2 2 2
left_child=1 2 4 5 -1 -4 9 -8 -9 10 11 -2 14 -14 -11 -10 -12
right_child=6 -3 3 -5 -6 -7 7 8 15 12 16 -13 13 -15 -16 -17 -18
leaf_value=-0.012903134369012491 -0.041901037717438451 0.08926155798872476 -0.041965992855726525 0.10279003958448003 -0.049503193904976074 -0.042465438365635495 -0.042107135206070588 -0.042097277087083822 -0.041967172617956051 -0.042002819053180374 -0.041903733269578664 -0.041967010643926092 -0.041909809694803846 -0.041941500963807166 -0.041953785197313298 -0.041927973076086034 -0.041869877466003548
leaf_weight=1.4210292063653454 0.65632753819227341 2.374104231595993 1.4102083998732267 2.5832030177116394 2.2296104421839118 0.21395248547196377 0.30408072564750888 0.1791021884419024 0.19977798499166965 0.18399336095899332 0.18421022361144412 0.21387725183740258 0.42844728939235199 1.0760357677936552 0.23435974679887295 0.53026959532871842 1.4502513767220078
leaf_count=19 102 8 177 9 33 14 28 16 24 20 28 26 63 140 29 72 252
internal_value=0.00276845 0.0274107 0.00872392 0.0468847 -0.0352564 -0.0420318 -0.0419317 -0.0420043 -0.0419699 -0.0419118 -0.0418888 -0.0419173 -0.0419418 -0.0419325 -0.0419754 -0.0419387 -0.0418737
internal_weight=15.8728 10.2321 7.858 4.20736 3.65064 1.62416 5.64073 1.21323 0.90915 4.4275 2.50467 0.870205 1.92284 1.50448 0.418353 0.730048 1.63446
internal_count=1060 260 252 200 52 191 800 140 112 660 408 128 252 203 49 96 280
is_linear=0
shrinkage=0.05


Tree=120
num_leaves=21
num_cat=0
split_feature=3 5 4 2 8 0 7 3 3 0 3 8 2 4 3 4 1 3 7 4
split_gain=29.8662 6.55237 5.66047 9.34768 3.29684 2.65212 1.50774 3.93872 1.317 0.176919 0.0519268 0.0115225 0.00174542 0.000415407 0.000178306 0.000105565 0.000101091 9.25234e-05 5.87353e-05 1.21908e-06
threshold=0.9674788135492739 1.0000000180025095e-35 36337.500000000007 11967.715000000002 4.5000000000000009 28192.000000000004 1.0000000180025095e-35 0.86572981933620674 0.86252542800112864 26542.350000000002 0.75318744187217657 3.5000000000000004 12338.030000000001 33745.000000000007 1.0168753323298281 33305.000000000007 30129.380000000005 1.0587887173290953 2.5000000000000004 36520.000000000007
decision_type=2 2 2 2 2 2 2 2 2 2 2 2 2 2 2 2 2 2 2 2
left_child=1 5 3 13 -5 10 9 -8 -7 -4 -1 -2 -12 -3 18 16 -16 -17 19 -13
right_child=11 2 6 4 -6 8 7 -9 -10 -11 12 14 -14 -15 15 17 -18 -19 -20 -21
leaf_value=-0.056197548337241998 -0.049114175473080508 -0.043793519368507984 0.053483986789414684 0.0081259742938592314 0.051857875257038111 0.044925515016936007 0.047474157139238388 -0.027361776855893229 -0.01835998418764033 0.066469740528956919 -0.043395968775213997 -0.04287627770629146 -0.045981886731786055 -0.042955379802028307 -0.043876003407938652 -0.043146636276483456 -0.043270268337861378 -0.04347145319779646 -0.043328391271973826 -0.042954708099730399
leaf_weight=1.5563176423311222 0.92060317099094646 3.1004658825695541 5.3400237262249011 8.8618487194180489 8.3896531611680984 1.5337311476469042 9.6210208982229215 2.1513879410922518 1.771757900714874 5.1548311710357666 1.3352951686829331 0.819561287760738 1.2762211747467516 2.8257267698645592 2.7115529030561478 2.5320887044072178 0.92333619110286225 16.340971002355218 1.5801331438124178 1.2528498321771619
leaf_count=11 6 60 26 51 35 16 55 42 26 20 30 25 15 81 48 66 22 352 37 36
internal_value=-0.000910544 0.0209443 0.028079 0.0107828 0.0293934 -0.022442 0.0460825 0.033798 0.0110042 0.0598623 -0.0489681 -0.0436163 -0.0446597 -0.0433939 -0.0434228 -0.0434754 -0.0437221 -0.0434279 -0.0430988 -0.0429237
internal_weight=79.9994 52.9183 45.445 23.1777 17.2515 7.47332 22.2673 11.7724 3.30549 10.4949 4.16783 27.0811 2.61152 5.92619 26.1605 22.5079 3.63489 18.8731 3.65254 2.07241
internal_count=1060 468 370 227 86 98 143 97 42 46 56 592 45 141 586 488 70 418 98 61
is_linear=0
shrinkage=0.05


Tree=121
num_leaves=20
num_cat=0
split_feature=1 4 1 4 3 0 1 1 2 1 1 7 1 2 4 5 7 2 1
split_gain=31.9246 6.55505 15.7728 7.38418 10.4378 8.11251 3.22614 3.49691 2.1522 12.1648 1.5642 0.169407 0.016836 0.0154357 0.00102497 0.000596181 0.000702775 0.000687336 0.000473381
threshold=30656.785000000003 34905.000000000007 27241.350000000002 36337.500000000007 0.76951466148307446 27181.225000000002 17804.750000000004 25230.310000000005 4323.6450000000013 28160.405000000002 31131.475000000002 4.5000000000000009 28473.070000000003 13495.655000000001 34905.000000000007 1.5000000000000002 1.5000000000000002 3552.1800000000007 32313.485000000004
decision_type=2 2 2 2 2 2 2 2 2 2 2 2 2 2 2 2 2 2 2
left_child=1 2 6 8 13 -6 -1 -8 -3 -10 -2 12 -4 -5 18 16 -16 -17 -12
right_child=10 3 11 4 5 -7 7 -9 9 -11 14 -13 -14 -15 15 17 -18 -19 -20
leaf_value=-0.022850588242202152 -0.02062422716433035 0.067109548401358299 -0.053172623321469485 -0.044305078922816821 0.034267355450403818 -0.0061446201282224534 0.023826060105801076 -0.010883527958192557 0.049851724309876055 -0.057845289790167821 -0.047668718153681386 -0.037549978841441845 -0.049080754638008053 -0.04902474579628948 -0.048712109705214265 -0.047797466394393577 -0.047861997043189115 -0.046824635458061974 -0.046800809337854452
leaf_weight=6.001751795411109 6.5265852361917487 6.0994839966297176 3.7258772552013379 2.8838230967521659 29.226795271039009 21.594182930886745 33.457451000809669 9.2661873996257764 16.949214376509193 3.1018991768360129 2.6091276407241848 3.2971241846680632 7.7276065200567245 4.3388388454914093 3.3128805905580547 7.8720420747995359 9.1337814927101117 2.3599829748272896 3.948993094265461
leaf_count=28 30 26 20 12 172 112 164 38 118 12 20 19 52 32 23 59 68 21 34
internal_value=-0.000370298 0.00989487 -0.00223756 0.0190418 0.00910278 0.017096 0.0114759 0.016298 0.0411023 0.033191 -0.0427561 -0.0475369 -0.0504119 -0.0471403 -0.0476966 -0.0478558 -0.0480883 -0.0475731 -0.0471461
internal_weight=183.434 147.67 63.476 84.1942 58.0436 50.821 48.7254 42.7236 26.1506 20.0511 35.7634 14.7506 11.4535 7.22266 29.2368 22.6787 12.4467 10.232 6.55812
internal_count=1060 805 321 484 328 284 230 202 156 130 255 91 72 44 225 171 91 80 54
is_linear=0
shrinkage=0.05


Tree=122
num_leaves=17
num_cat=0
split_feature=3 0 2 4 1 7 1 4 6 4 2 3 4 4 4 1
split_gain=36.979 7.16512 5.54098 10.0746 5.18269 4.75773 7.57872 6.79659 3.7366 6.59573 3.17634 0.167153 0.451823 0.0179609 0.0025092 0.000260352
threshold=0.97633302414385459 25832.050000000003 5108.5950000000012 35692.500000000007 28592.965000000004 2.5000000000000004 31131.475000000002 35987.500000000007 3.5000000000000004 32625.000000000004 6997.6250000000009 0.95150767645039214 28185.000000000004 32625.000000000004 35134.500000000007 25518.540000000005
decision_type=2 2 2 2 2 2 2 2 2 2 2 2 2 2 2 2
left_child=8 -2 5 10 -5 6 -3 -7 9 -1 -4 12 -10 -14 -11 -16
right_child=1 2 3 4 -6 7 -8 -9 11 14 -12 -13 13 -15 15 -17
leaf_value=0.032061245739464304 -0.037101141769543669 0.062196438979945347 0.0093639904866770051 -0.048279150085978294 0.0057513367326615973 0.029044155679308004 0.017960707910093618 -0.011361076049436118 -0.020916301562720126 -0.048006886381429206 0.059785068690784197 -0.032195399604712446 -0.048073583361327527 -0.045452172162755058 -0.045403809380160948 -0.046225519347541502
leaf_weight=4.9196853041648847 6.3163926377892485 16.901177614927292 6.423070542514326 10.097984082996847 7.9188144207000724 26.011706650257111 22.669988915324211 17.349574327468872 1.8744031041860569 1.9726932421326635 6.0803435519337654 2.8308008238673201 8.8211437910795194 25.205019518733025 1.9289484247565272 1.9269357025623319
leaf_count=17 39 71 28 82 31 114 106 86 17 17 26 28 73 284 22 19
internal_value=-0.000292954 0.014729 0.0176146 -0.000600225 -0.0245315 0.0243179 0.0368542 0.0128773 -0.0366546 -0.0105716 0.0338835 -0.0438929 -0.0448152 -0.0461318 -0.0465565 -0.0458144
internal_weight=169.249 119.769 113.453 30.5202 18.0168 82.9324 39.5712 43.3613 49.4796 10.7483 12.5034 38.7314 35.9006 34.0262 5.82858 3.85588
internal_count=1060 583 544 167 113 377 177 200 477 75 54 402 374 357 58 41
is_linear=0
shrinkage=0.05


Tree=123
num_leaves=16
num_cat=0
split_feature=1 6 2 1 2 0 7 1 4 1 2 7 4 4 7
split_gain=14.0672 2.37955 3.21717 2.35277 4.53795 4.04499 0.870731 0.00292803 0.00045323 0.000361387 4.5652e-05 2.3131e-05 1.53204e-05 4.84142e-06 4.25431e-06
threshold=29699.930000000004 3.5000000000000004 2405.7800000000002 34370.070000000007 4033.3750000000005 27906.735000000004 4.5000000000000009 33800.06500000001 35012.500000000007 29581.985000000004 4392.7500000000009 3.5000000000000004 34905.000000000007 38897.500000000007 1.5000000000000002
decision_type=2 2 2 2 2 2 2 2 2 2 2 2 2 2 2
left_child=9 2 -2 4 5 -3 -6 8 -4 10 11 -1 14 -14 -12
right_child=1 3 7 -5 6 -7 -8 -9 -10 -11 12 -13 13 -15 -16
leaf_value=-0.042367901256176621 0.042377316808334051 -0.024778299961701854 -0.044403934306275455 0.074647144639348365 0.031446187605802665 0.061539322618172389 0.064138565316738283 -0.047044078838401303 -0.042705398969871113 -0.043730722189014443 -0.04238428511021361 -0.042836272477336151 -0.042132100885456922 -0.0422576620005293 -0.042255560640397448
leaf_weight=0.69619199447333524 1.8460467122495199 5.4287252938374904 0.71586618199944518 2.931083768606185 3.4443183001130802 1.8096918463706968 4.9837305769324303 0.89885611832141865 0.8701122822239995 0.42396957986056882 0.78525694832205584 0.42423683777451515 4.585041718557477 0.92211953178048123 3.515174861997366
leaf_count=38 9 151 14 10 38 23 28 9 36 12 40 16 358 57 221
internal_value=0.00322157 0.0257588 -0.00761995 0.0335318 0.0258394 -0.00319785 0.0507781 -0.0447642 -0.0434721 -0.0422985 -0.0422429 -0.0425452 -0.0422083 -0.0421531 -0.0422791
internal_weight=34.2804 22.9284 4.33088 18.5975 15.6665 7.23842 8.42805 2.48483 1.58598 11.352 10.928 1.12043 9.80759 5.50716 4.30043
internal_count=1060 318 68 250 240 174 66 59 50 742 730 54 676 415 261
is_linear=0
shrinkage=0.05


Tree=124
num_leaves=17
num_cat=0
split_feature=1 2 5 0 1 3 4 4 4 4 4 1 3 7 2 2
split_gain=3.1416 1.71682 1.73375 3.26388 1.556 1.26032 0.0115081 0.000967371 8.30777e-06 1.38778e-07 9.66045e-08 6.85189e-08 4.01765e-08 5.93761e-08 3.53215e-08 1.008e-08
threshold=29968.010000000006 4117.1850000000004 1.5000000000000002 28952.695000000003 36139.180000000008 1.1217802209562635 30732.500000000004 33030.000000000007 28185.000000000004 34905.000000000007 37487.500000000007 24867.495000000006 1.018842598292325 1.5000000000000002 5374.3250000000007 4736.2000000000007
decision_type=2 2 2 2 2 2 2 2 2 2 2 2 2 2 2 2
left_child=8 4 3 7 5 -2 -7 -3 -1 12 14 -12 13 -10 -11 -14
right_child=1 2 -4 -5 -6 6 -8 -9 9 10 11 -13 15 -15 -16 -17
leaf_value=-0.042111578452632269 0.04469322805912098 -0.04611718166412359 0.081018210223173667 0.094810087152962325 0.090627998029624998 -0.052210957073387909 -0.042259566334208624 -0.043082823926852191 -0.041821074869219189 -0.041789505690236345 -0.041774136141986218 -0.041819588648047794 -0.041809258519387854 -0.041787708620690811 -0.041764912635200907 -0.04182905060196495
leaf_weight=0.21542324917390976 0.52026136964559633 0.50212652236223243 1.7934105596505103 0.69944959692656983 0.34831834584474552 0.37577737867832173 1.2804643553681669 0.55077488999813795 0.17353972396813355 0.17650523618794955 0.14572403556667257 0.19237368716858327 0.1412658728659153 0.57548651238903403 0.84477392002008855 0.11812191037461162
leaf_count=25 13 5 27 11 2 2 210 40 40 52 48 46 35 172 306 26
internal_value=0.00436813 0.0240201 0.0464578 0.0110876 -0.00749043 -0.0231929 -0.0445174 -0.0445299 -0.0418143 -0.0417873 -0.0417768 -0.0418 -0.0418013 -0.0417954 -0.0417692 -0.0418183
internal_weight=8.6538 6.07058 3.54576 1.75235 2.52482 2.1765 1.65624 1.0529 2.58321 2.36779 1.35938 0.338098 1.00841 0.749026 1.02128 0.259388
internal_count=1060 310 83 56 227 225 212 45 750 725 452 94 273 212 358 61
is_linear=0
shrinkage=0.05


Tree=125
num_leaves=18
num_cat=0
split_feature=4 1 2 1 2 0 4 5 3 4 4 1 3 0 1 5 3
split_gain=6.46921 4.17595 4.83958 7.35789 0.473204 1.57621e-05 2.75726e-06 1.6346e-06 1.07538e-06 1.07004e-06 4.05609e-07 2.1808e-07 1.99675e-07 1.57928e-07 1.15428e-07 9.43076e-08 9.03496e-08
threshold=33397.500000000007 32231.750000000004 4736.2000000000007 30129.380000000005 4074.6050000000005 28278.765000000003 37941.500000000007 1.0000000180025095e-35 1.0587887173290953 38137.000000000007 34905.000000000007 25762.015000000003 0.76951466148307446 26407.605000000003 30950.150000000005 1.5000000000000002 1.0913229996156175
decision_type=2 2 2 2 2 2 2 2 2 2 2 2 2 2 2 2 2
left_child=1 2 4 5 -1 -4 8 -8 10 -9 11 -2 -12 16 -15 -11 -10
right_child=6 -3 3 -5 -6 -7 7 9 13 15 12 -13 -14 14 -16 -17 -18
leaf_value=-0.011782117547936502 -0.041887779330816964 0.084068254073014617 -0.04195106469922389 0.095615279320282395 -0.049242762450419086 -0.042425450092616647 -0.04208788947736708 -0.04206456726621003 -0.041981965107559756 -0.041953101211275136 -0.041899146187485137 -0.041957345225883902 -0.041857614478743421 -0.041896544391782531 -0.041928088815638427 -0.041911682328791361 -0.041933603779181129
leaf_weight=1.382824382744728 0.26081831939518574 2.3842138051986694 1.3371531125158069 2.6329330801963806 2.1595801129005849 0.2014873451553284 0.29127486469224073 0.16611590003594756 0.17318158876150835 0.19002461852505803 0.35660334629937995 0.19832085957750678 1.5357656977139411 0.40467567555606354 1.0234455494210122 0.49656945699825883 0.21832919307053089
leaf_count=19 42 8 177 9 33 14 28 16 20 24 57 25 284 63 140 72 29
internal_value=0.00273221 0.026233 0.00835745 0.0448525 -0.0346195 -0.0420132 -0.0419169 -0.0419856 -0.041898 -0.0419507 -0.0418757 -0.0419178 -0.0418654 -0.0419269 -0.0419192 -0.0419231 -0.041955
internal_weight=15.4133 10.0982 7.71398 4.17157 3.5424 1.53864 5.31513 1.14398 4.17114 0.85271 2.35151 0.459139 1.89237 1.81963 1.42812 0.686594 0.391511
internal_count=1060 260 252 200 52 191 800 140 660 112 408 67 341 252 203 96 49
is_linear=0
shrinkage=0.05


Tree=126
num_leaves=21
num_cat=0
split_feature=3 5 4 2 8 0 7 3 3 0 1 4 2 4 3 4 1 3 7 4
split_gain=27.843 5.99848 5.17126 8.54511 3.04173 2.55725 1.3983 3.59228 1.21904 0.144526 0.0462642 0.0103802 0.000437472 0.000366916 0.000158171 9.0468e-05 9.05672e-05 8.1192e-05 4.88995e-05 1.38208e-06
threshold=0.9674788135492739 1.0000000180025095e-35 36337.500000000007 11967.715000000002 4.5000000000000009 28192.000000000004 1.0000000180025095e-35 0.86572981933620674 0.86252542800112864 26542.350000000002 20346.010000000006 40120.000000000007 11910.690000000001 33745.000000000007 1.0168753323298281 33305.000000000007 30017.295000000002 1.0587887173290953 2.5000000000000004 36520.000000000007
decision_type=2 2 2 2 2 2 2 2 2 2 2 2 2 2 2 2 2 2 2 2
left_child=1 5 3 13 -5 10 9 -8 -7 -4 -1 14 -12 -3 18 16 -16 -17 19 -2
right_child=11 2 6 4 -6 8 7 -9 -10 -11 12 -13 -14 -15 15 17 -18 -19 -20 -21
leaf_value=-0.054853697458348977 -0.042792381203499867 -0.043672841723537546 0.052362487411246994 0.0072792083819094968 0.049229669501732909 0.042801045848840175 0.046025434475951713 -0.026657934538112778 -0.017967443611016098 0.06434166982495898 -0.043300227679566018 -0.048810714497265456 -0.044691929317705922 -0.042859562634552206 -0.043764195953274729 -0.043058087836242522 -0.043183561511907845 -0.043371750515797662 -0.043225655602637081 -0.042878609519743309
leaf_weight=1.7320185527205461 0.76521833986044585 2.9398334734141853 5.040944308042528 8.7712442241609097 8.5166214108467102 1.5637623742222788 9.3299205638468248 2.0787214860320082 1.747558958828449 5.030524343252182 1.1364660449326041 0.89329998195171256 1.122318275272846 2.6253121457993984 2.5271999500691922 2.3804897218942669 0.91465824842452992 15.475638834759591 1.4844542387872932 1.1832895595580337
leaf_count=12 25 60 26 51 35 16 55 42 26 20 27 6 17 81 47 66 23 352 37 36
internal_value=-0.000906877 0.020238 0.0271543 0.0105985 0.0279455 -0.0217531 0.0447683 0.0327821 0.0107303 0.0583459 -0.0487058 -0.0435157 -0.0439917 -0.0432892 -0.0433244 -0.0433752 -0.0436099 -0.0433299 -0.0430095 -0.0428447
internal_weight=77.2595 51.6352 44.3331 22.853 17.2879 7.30212 21.4801 11.4086 3.31132 10.0715 3.9908 25.6242 2.25878 5.56515 24.7309 21.298 3.44186 17.8561 3.43296 1.94851
internal_count=1060 468 370 227 86 98 143 97 42 46 56 592 44 141 586 488 70 418 98 61
is_linear=0
shrinkage=0.05


Tree=127
num_leaves=21
num_cat=0
split_feature=1 4 1 4 3 2 0 7 2 3 0 1 6 0 1 4 5 2 2 1
split_gain=29.4449 6.01453 13.9105 6.63034 7.61447 9.74962 6.7264 3.20104 5.60295 4.22305 2.51809 1.66169 0.421135 0.293408 0.0239212 0.00103852 0.000623007 0.000640121 0.000508654 0.000449156
threshold=30656.785000000003 34732.500000000007 27016.485000000004 37941.500000000007 0.76951466148307446 5374.3250000000007 29130.860000000004 4.5000000000000009 11967.715000000002 0.9172219867905741 26270.245000000003 31131.475000000002 9.5000000000000018 28245.860000000004 28202.080000000005 34905.000000000007 1.5000000000000002 3552.1800000000007 3039.7650000000003 32313.485000000004
decision_type=2 2 2 2 2 2 2 2 2 2 2 2 2 2 2 2 2 2 2 2
left_child=1 2 7 4 10 -6 13 9 -9 -1 -3 -2 -4 -5 -14 19 18 -18 -17 -13
right_child=11 3 12 6 5 -7 -8 8 -10 -11 -12 15 14 -15 -16 16 17 -19 -20 -21
leaf_value=0.0087281592850854822 -0.019011496539342622 -0.042009112990501418 -0.033742426039819549 -0.049654476266969887 0.0052586523949651014 0.046182727869749154 0.03766700840192054 0.047230997924206791 -0.0015270167874168927 -0.045533229202979336 0.0093784359886048031 -0.047291889817736521 -0.054665341492266956 -0.029440840563690299 -0.049361266740219067 -0.04831710203200161 -0.047428754812975649 -0.046462360112313167 -0.047560431884683993 -0.046423167285498751
leaf_weight=17.019107513129715 6.3559012562036505 4.9964350312948209 5.454467996954917 5.2184066474437696 23.612391546368599 37.934862591326237 3.8701086491346359 12.335514247417452 11.279795929789541 4.5429521650075904 4.5593080371618271 2.4826872125268009 3.309661462903021 2.7367329522967339 5.9422932416200638 2.947951793670657 7.5047157779335958 2.2205456793308258 9.0066964551806432 3.7133744210004807
leaf_count=81 30 37 36 37 96 277 15 72 45 19 20 20 16 13 41 21 59 21 70 34
internal_value=-0.00043319 0.00954996 -0.00252498 0.0182695 0.0240351 0.0304823 -0.0163983 0.0112243 0.0239418 -0.00270428 -0.0174907 -0.0420819 -0.0447621 -0.0427006 -0.0512587 -0.0473421 -0.0475053 -0.0472081 -0.047747 -0.0467713
internal_weight=177.044 142.812 59.8838 82.9282 71.103 61.5473 11.8252 45.1774 23.6153 21.5621 9.55574 34.2319 14.7064 7.95514 9.25195 27.876 21.6799 9.72526 11.9546 6.19606
internal_count=1060 805 310 495 430 373 65 217 117 100 57 255 93 50 57 225 171 80 91 54
is_linear=0
shrinkage=0.05


Tree=128
num_leaves=16
num_cat=0
split_feature=3 0 2 4 1 7 1 1 6 4 2 4 3 4 1
split_gain=33.6019 6.51038 4.87919 9.03365 4.94557 4.49865 7.32735 6.32445 3.66359 6.29192 3.01325 0.425414 0.21292 0.0162598 0.002374
threshold=0.97633302414385459 25832.050000000003 5108.5950000000012 35692.500000000007 28592.965000000004 2.5000000000000004 31131.475000000002 31204.425000000007 3.5000000000000004 32625.000000000004 6997.6250000000009 28185.000000000004 0.95150767645039214 32625.000000000004 25831.890000000003
decision_type=2 2 2 2 2 2 2 2 2 2 2 2 2 2 2
left_child=8 -2 5 10 -5 6 -3 -7 9 -1 -4 -10 13 -13 -11
right_child=1 2 3 4 -6 7 -8 -9 11 14 -12 12 -14 -15 -16
leaf_value=0.031266445641815292 -0.036111731575259869 0.061022810380219575 0.0085767639941749952 -0.047836272071443219 0.0056735921260582228 -0.0087275956793462228 0.016866407713073135 0.030013417165397894 -0.019913010211210141 -0.045486988491624525 0.058363190593731844 -0.047736320480308569 -0.031228096127865469 -0.045179108989850177 -0.04759092464948389
leaf_weight=4.9164437651634199 6.1291220784187308 16.295850560069084 6.3214618638157862 9.5412075370550173 7.8878738880157462 19.742878898978233 22.185916602611542 22.586847722530365 1.8192008361220349 3.3271732553839684 5.8531955555081367 8.4367300942540151 2.698508456349372 23.617199964821339 2.2457617595791817
leaf_count=17 39 71 28 82 31 87 106 113 17 38 26 73 28 284 20
internal_value=-0.000352619 0.0140466 0.0168308 -0.000534877 -0.0236193 0.0231924 0.0355653 0.0119443 -0.0360115 -0.00996258 0.0325125 -0.0434828 -0.0447166 -0.0458522 -0.0463348
internal_weight=163.605 116.544 110.415 29.6037 17.4291 80.8115 38.4818 42.3297 47.061 10.4894 12.1747 36.5716 34.7524 32.0539 5.57294
internal_count=1060 583 544 167 113 377 177 200 477 75 54 402 385 357 58
is_linear=0
shrinkage=0.05


Tree=129
num_leaves=15
num_cat=0
split_feature=3 0 2 4 7 5 2 2 1 4 4 0 4 3
split_gain=13.1569 2.22178 2.445 3.77957 6.18008 5.44221 1.53177 0.0435317 0.000880922 4.03656e-05 1.45304e-05 1.08272e-05 8.27898e-06 6.14833e-06
threshold=1.0889260149909588 26653.730000000003 1385.7350000000004 34905.000000000007 5.5000000000000009 1.5000000000000002 4279.2800000000016 2441.8700000000003 31131.475000000002 28185.000000000004 34905.000000000007 26483.845000000005 37487.500000000007 1.018842598292325
decision_type=2 2 2 2 2 2 2 2 2 2 2 2 2 2
left_child=8 6 -3 5 -5 -4 7 -2 9 -1 13 -9 -12 -11
right_child=1 2 3 4 -6 -7 -8 11 -10 10 12 -13 -14 -15
leaf_value=-0.042612572209104665 -0.059706142652520333 0.066634858760692722 0.086962277883532779 -0.032724087635833558 0.05380031673758226 0.0033222342776348282 0.037063436115522999 -0.042350433795371116 -0.04462414611651086 -0.042233919392117202 -0.04210563151532723 -0.042677353036101838 -0.042244758689523626 -0.042384686442738517
leaf_weight=0.61179033573716601 0.56717933155596556 3.7726952135562923 4.1112398803234127 5.5212278449907881 3.2955850940197706 3.6908279173076153 0.77367698214948166 0.60446056351065613 0.3952471353113659 3.2212637308984977 4.1529390141367912 0.43590687774121761 1.4400657359510658 0.85588202066719521
leaf_count=29 7 13 34 156 16 43 9 33 6 212 345 19 94 44
internal_value=0.00348833 0.0249601 0.030297 0.0220479 -0.000382635 0.0473957 -0.0207421 -0.0485626 -0.0423077 -0.0422187 -0.0421938 -0.0424874 -0.0421415 -0.0422656
internal_weight=33.45 22.7728 20.3916 16.6189 8.81681 7.80207 2.38122 1.60755 10.6772 10.2819 9.67015 1.04037 5.593 4.07715
internal_count=1060 330 262 249 172 77 68 59 730 724 695 52 439 256
is_linear=0
shrinkage=0.05


Tree=130
num_leaves=16
num_cat=0
split_feature=1 2 2 3 1 3 6 4 4 4 0 2 3 7 2
split_gain=2.96939 1.53932 1.50491 1.42776 1.41682 1.18455 0.914543 0.00968062 7.06354e-06 1.33025e-07 9.01868e-08 6.13919e-08 3.51576e-08 5.35311e-08 1.29393e-08
threshold=29968.010000000006 4117.1850000000004 4698.4550000000008 1.1082566721840645 36139.180000000008 1.1217802209562635 3.5000000000000004 30732.500000000004 28185.000000000004 34905.000000000007 28831.020000000004 5374.3250000000007 1.018842598292325 1.5000000000000002 4736.2000000000007
decision_type=2 2 2 2 2 2 2 2 2 2 2 2 2 2 2
left_child=8 4 3 -3 5 -2 -4 -7 -1 12 11 -11 13 -10 -14
right_child=1 2 6 -5 -6 7 -8 -9 9 10 -12 -13 14 -15 -16
leaf_value=-0.042088125331119768 0.04187084336397312 0.10658971319884103 0.044488406227832407 0.029918747810536373 0.084686198741652702 -0.051533117044636395 -0.044866672764056495 -0.0422111014344001 -0.041814020012315198 -0.041790210613329354 -0.041822737287989693 -0.041761238450033294 -0.041800366582982668 -0.041781527306597482 -0.041823343357125724
leaf_weight=0.20385951036587391 0.53353473427705544 1.1704829437658197 0.5431242666672913 1.2617594199255107 0.36123453825712193 0.36183536052703846 0.60570790781639516 1.2092043799348173 0.16518864291720126 0.22526232525706269 0.07636661548167456 0.97109186858870089 0.13232876383699477 0.5448444465873763 0.11411151802167296
leaf_count=25 13 11 13 32 2 2 27 210 40 67 18 367 35 172 26
internal_value=0.00483776 0.0236057 0.0445392 0.0668156 -0.00679583 -0.022498 -0.00262298 -0.0443581 -0.0418064 -0.0417806 -0.0417701 -0.0417667 -0.0417947 -0.0417891 -0.041811
internal_weight=8.47994 6.04688 3.58107 2.43224 2.46581 2.10457 1.14883 1.57104 2.43305 2.22919 1.27272 1.19635 0.956473 0.710033 0.24644
internal_count=1060 310 83 43 227 225 40 212 750 725 452 434 273 212 61
is_linear=0
shrinkage=0.05


Tree=131
num_leaves=18
num_cat=0
split_feature=4 1 1 0 4 5 3 4 4 3 4 1 3 7 6 3 2
split_gain=6.11657 3.82796 0.924425 1.25941e-05 2.41663e-06 1.54208e-06 9.74218e-07 8.25373e-07 6.0904e-07 4.53825e-07 3.83277e-07 2.03971e-07 1.59501e-07 1.2797e-07 1.2011e-07 8.58759e-08 5.07997e-08
threshold=33397.500000000007 30129.380000000005 31640.755000000001 28278.765000000003 37941.500000000007 1.0000000180025095e-35 1.0587887173290953 38137.000000000007 28185.000000000004 1.026391187321819 34905.000000000007 25762.015000000003 0.76951466148307446 3.5000000000000004 7.5000000000000009 1.1058688793335112 3054.6250000000005
decision_type=2 2 2 2 2 2 2 2 2 2 2 2 2 2 2 2 2
left_child=1 3 -3 8 6 -6 10 -7 -1 -10 11 -2 -12 16 -9 -15 -8
right_child=4 2 -4 -5 5 7 13 14 9 -11 12 -13 -14 15 -16 -17 -18
leaf_value=-0.042034038147799199 -0.041875091571398598 0.024986203671119714 0.058756538575196152 -0.042381017984083474 -0.042070472259018402 -0.042037627664403637 -0.041885594888781914 -0.041950128725711078 -0.04192041768907831 -0.041986749058060741 -0.041883793239406698 -0.041944264874733329 -0.041845400749982074 -0.041957495331476753 -0.04189791612834249 -0.041918642230644287 -0.041909504001775462
leaf_weight=0.18681377451866765 0.24598193122074175 4.5243201293051225 3.6705281659960747 0.19010890927165736 0.27964287437498547 0.1553205493837595 0.32870447402819969 0.14077435387298465 0.99139693006873109 0.34851289261132479 0.33327377308160056 0.18803266109898686 1.4369002548046408 0.19705250021070231 0.50624774163588881 0.51109505258500576 0.68543694168329239
leaf_count=22 42 26 15 14 28 16 53 18 143 40 57 25 284 25 78 72 102
internal_value=0.00313269 0.0258897 0.0401122 -0.0419972 -0.0419032 -0.0419694 -0.041885 -0.0419341 -0.0419495 -0.0419377 -0.041863 -0.0419051 -0.0418526 -0.0419131 -0.0419093 -0.0419295 -0.0419018
internal_weight=14.9201 9.91168 8.19485 1.71683 5.00846 1.08199 3.92648 0.802343 1.52672 1.33991 2.20419 0.434015 1.77017 1.72229 0.647022 0.708148 1.01414
internal_count=1060 260 41 219 800 140 660 112 205 183 408 67 341 252 96 97 155
is_linear=0
shrinkage=0.05


Tree=132
num_leaves=21
num_cat=0
split_feature=3 5 4 2 8 0 3 4 2 1 3 4 2 4 3 4 1 3 7 4
split_gain=25.951 5.37936 4.79928 7.72918 2.71453 2.51773 1.3352 6.51476 0.631682 0.208246 0.0446283 0.00902701 0.00142039 0.000302248 0.000153978 8.48999e-05 8.58458e-05 7.05867e-05 3.96965e-05 8.66341e-07
threshold=0.9674788135492739 1.0000000180025095e-35 36337.500000000007 11967.715000000002 4.5000000000000009 28192.000000000004 0.77928835517572725 38897.500000000007 9746.3550000000014 18736.595000000005 0.74442997631718355 40120.000000000007 12338.030000000001 33745.000000000007 1.0168753323298281 33305.000000000007 30017.295000000002 1.0587887173290953 2.5000000000000004 36890.000000000007
decision_type=2 2 2 2 2 2 2 2 2 2 2 2 2 2 2 2 2 2 2 2
left_child=1 5 3 13 -5 10 9 -8 -7 -4 -1 14 -12 -3 18 16 -16 -17 19 -2
right_child=11 2 6 4 -6 8 7 -9 -10 -11 12 -13 -14 -15 15 17 -18 -19 -20 -21
leaf_value=-0.055650871886303438 -0.042733399125915672 -0.043538972643951866 0.05122943232235775 0.0066254887985850528 0.046078066322064473 -0.013007809361799377 -0.043615443903089537 0.050922302327039072 0.031123538347794112 0.066542231531659432 -0.043232356385475762 -0.048456446833330793 -0.045660681259959694 -0.042775382185313453 -0.043671608382482865 -0.042979007150594613 -0.043090756607287277 -0.043280520322563645 -0.043114048384047733 -0.042806269895682023
leaf_weight=1.3899926319718354 1.1931728739291494 2.7552874609828022 4.8921871930360812 8.7588760033249855 8.6813372522592545 1.4728583060204985 2.2638647258281699 9.3436402529478055 1.8040397986769674 4.0652697086334229 1.2496528550982478 0.85804997384548087 1.1622825488448141 2.4467471390962601 2.415126282721761 2.2373595144599703 0.86354952305555333 14.659921092912553 1.3820337541401384 0.61970967799425114
leaf_count=10 41 60 27 51 35 19 53 46 23 17 31 6 15 81 47 66 23 352 37 20
internal_value=-0.00091052 0.0195713 0.0261906 0.0103094 0.0262641 -0.0208313 0.043676 0.0324842 0.0112879 0.058179 -0.048515 -0.0434196 -0.0444025 -0.0431798 -0.0432347 -0.0432858 -0.0435186 -0.0432406 -0.0429122 -0.0427583
internal_weight=74.515 50.286 43.2072 22.6422 17.4402 7.07883 20.565 11.6075 3.2769 8.95746 3.80193 24.2289 2.41194 5.20203 23.3709 20.176 3.27868 16.8973 3.19492 1.81288
internal_count=1060 468 370 227 86 98 143 99 42 44 56 592 46 141 586 488 70 418 98 61
is_linear=0
shrinkage=0.05


Tree=133
num_leaves=20
num_cat=0
split_feature=1 4 1 4 3 2 2 1 8 2 1 1 6 1 4 5 2 7 1
split_gain=27.0031 5.57804 13.2708 6.38865 8.79006 6.37794 2.91091 2.88069 3.09366 2.05535 11.2113 1.70878 0.179262 0.0180118 0.000998061 0.000554577 0.000556746 0.000519109 0.000371785
threshold=30656.785000000003 34905.000000000007 27241.350000000002 36337.500000000007 0.87118681729126901 5374.3250000000007 11072.210000000001 17804.750000000004 4.5000000000000009 4323.6450000000013 28160.405000000002 31131.475000000002 9.5000000000000018 28973.965000000004 34905.000000000007 1.5000000000000002 3552.1800000000007 1.5000000000000002 32313.485000000004
decision_type=2 2 2 2 2 2 2 2 2 2 2 2 2 2 2 2 2 2 2
left_child=1 2 7 9 6 -6 -5 -1 -9 -3 -11 -2 -4 -14 18 17 -17 -16 -13
right_child=11 3 12 4 5 -7 -8 8 -10 10 -12 14 13 -15 15 16 -18 -19 -20
leaf_value=-0.02217769798724914 -0.017826909467601577 0.065293539649403085 -0.038624365961213318 -0.057907064035023097 -0.0071869821282010502 0.035982885319340435 -0.0097513593773704277 0.029962013381771031 0.0023167050483244313 0.048862285819390082 -0.056343275786887727 -0.046880231147885282 -0.053002797588884015 -0.048380588703676501 -0.047928333916055423 -0.047056198513086275 -0.046127714375581941 -0.047164180196049968 -0.046065455318433167
leaf_weight=5.9587317556142798 6.2128045260906211 5.8354979455471065 4.9397324025630942 4.332167759537696 12.923851951956747 25.313987717032433 11.385826557874678 18.752348765730858 21.982818752527237 15.058720894157888 3.0442643761634818 2.3404403999447849 4.0836326852440816 4.3557143434882164 3.0288968905806568 7.121283255517481 2.0879078507423401 8.3475445657968503 3.4846863523125648
leaf_count=28 30 26 35 31 50 170 77 104 98 118 12 20 23 33 23 59 21 68 34
internal_value=-0.000511304 0.00916204 -0.00228614 0.017991 0.00845314 0.0213921 -0.023024 0.0102933 0.0150432 0.0394887 0.0311705 -0.0414205 -0.0461893 -0.0506172 -0.0469706 -0.0471341 -0.0468457 -0.0473676 -0.0463928
internal_weight=170.591 137.967 60.073 77.8943 53.9558 38.2378 15.718 46.6939 40.7352 23.9385 18.103 32.6236 13.3791 8.43935 26.4108 20.5856 9.20919 11.3764 5.82513
internal_count=1060 805 321 484 328 220 108 230 202 156 130 255 91 56 225 171 80 91 54
is_linear=0
shrinkage=0.05


Tree=134
num_leaves=17
num_cat=0
split_feature=3 0 2 8 4 7 1 0 6 4 0 4 3 4 4 1
split_gain=30.4782 5.92783 4.25892 8.5225 4.69447 4.33224 7.40198 6.10628 3.61091 5.90682 2.40586 0.444104 0.221996 0.0154537 0.00242915 0.000221561
threshold=0.97633302414385459 25832.050000000003 5108.5950000000012 4.5000000000000009 35397.500000000007 2.5000000000000004 34039.485000000008 27079.920000000002 3.5000000000000004 32625.000000000004 27429.070000000003 28185.000000000004 0.95150767645039214 32625.000000000004 35134.500000000007 25518.540000000005
decision_type=2 2 2 2 2 2 2 2 2 2 2 2 2 2 2 2
left_child=8 -2 5 10 -5 6 -3 -7 9 -1 -4 -10 13 -13 -11 -16
right_child=1 2 3 4 -6 7 -8 -9 11 14 -12 12 -14 -15 15 -17
leaf_value=0.030147058979384973 -0.035315748930571114 0.042490448608530011 -0.046151026816303925 0.054876736640424376 -0.0016285046340284806 -0.0097526024990856747 -0.02666728840705624 0.028744742537182705 -0.018505086430193687 -0.047580467335068537 -0.0039385339360190697 -0.047490990809309734 -0.030270051247207365 -0.044934408989528295 -0.044911870702142781 -0.045714118687755149
leaf_weight=4.9210408031940442 5.923504412174224 33.03447824716568 8.0997398272156698 7.2064402252435684 7.5026178061962128 19.182288721203804 4.3823392689228049 22.245986089110374 1.7411527335643757 1.8080381155014036 5.7871146947145471 8.0658580958843249 2.5556854978203765 22.123848419636488 1.7037106081843378 1.7391697764396665
leaf_count=17 39 159 65 32 45 89 18 111 17 17 25 73 28 284 22 19
internal_value=-0.000403985 0.0133782 0.0160628 -0.000467066 0.0260552 0.022058 0.0343905 0.0109195 -0.0353897 -0.00921099 -0.0285597 -0.0431113 -0.0444196 -0.0456175 -0.0460965 -0.0453171
internal_weight=158.023 113.365 107.441 28.5959 14.7091 78.8451 37.4168 41.4283 44.6585 10.172 13.8869 34.4865 32.7454 30.1897 5.25092 3.44288
internal_count=1060 583 544 167 77 377 177 200 477 75 90 402 385 357 58 41
is_linear=0
shrinkage=0.05


Tree=135
num_leaves=16
num_cat=0
split_feature=1 6 2 1 2 0 6 1 4 1 2 7 4 0 7
split_gain=12.4047 2.07826 2.87252 2.0824 3.87945 3.5813 0.757678 0.00274869 0.000358599 0.000305482 3.90763e-05 2.16381e-05 1.38511e-05 4.01023e-06 3.3906e-06
threshold=29699.930000000004 3.5000000000000004 2405.7800000000002 34370.070000000007 4033.3750000000005 27906.735000000004 11.500000000000002 33820.070000000007 35012.500000000007 29581.985000000004 4392.7500000000009 3.5000000000000004 34905.000000000007 28626.480000000003 1.5000000000000002
decision_type=2 2 2 2 2 2 2 2 2 2 2 2 2 2 2
left_child=9 2 -2 4 5 -3 -6 8 -4 10 11 -1 14 -14 -12
right_child=1 3 7 -5 6 -7 -8 -9 -10 -11 12 -13 13 -15 -16
leaf_value=-0.042294718028364764 0.038648468444215676 -0.024152487337522541 -0.044174496472561414 0.07090632801822129 0.032029492040770706 0.056274585408316924 0.062049473696547092 -0.046927777844516322 -0.042626411304680006 -0.04361574744687062 -0.042319420379276058 -0.042769407414281521 -0.042080126899331334 -0.042244784608259082 -0.042198718237664551
leaf_weight=0.61829670518636415 1.8791318051517034 5.2047489667311337 0.66248670779168628 2.8612261712551108 4.094023831188677 1.8855649586766956 4.3194585032761097 0.79511250555515278 0.85926224570721388 0.38788023777306158 0.71308286394923781 0.39245166070759296 4.4112369483336806 0.40361537691205729 3.1606644159182906
leaf_count=38 9 151 14 10 45 23 21 7 38 12 40 16 389 26 221
internal_value=0.00385222 0.0244604 -0.0072878 0.0317141 0.0244812 -0.00276409 0.0474417 -0.0445452 -0.0433004 -0.0422398 -0.0421848 -0.042479 -0.0421506 -0.0420939 -0.0422209
internal_weight=32.6482 22.561 4.19599 18.365 15.5038 7.09031 8.41348 2.31686 1.52175 10.0872 9.69935 1.01075 8.6886 4.81485 3.87375
internal_count=1060 318 68 250 240 174 66 59 52 742 730 54 676 415 261
is_linear=0
shrinkage=0.05


Tree=136
num_leaves=14
num_cat=0
split_feature=1 4 1 6 1 4 2 4 0 2 3 7 7
split_gain=2.78693 1.414 1.68176 0.301907 1.31325e-05 6.40806e-06 2.01159e-06 1.26622e-07 8.26327e-08 6.19242e-08 3.10078e-08 4.79577e-08 1.50563e-08
threshold=29968.010000000006 33565.000000000007 36139.180000000008 9.5000000000000018 34615.960000000006 28185.000000000004 4148.9800000000005 34905.000000000007 28831.020000000004 5374.3250000000007 1.018842598292325 1.5000000000000002 2.5000000000000004
decision_type=2 2 2 2 2 2 2 2 2 2 2 2 2
left_child=5 3 4 -2 6 -1 -3 10 9 -9 11 -7 -12
right_child=1 2 -4 -5 -6 7 -8 8 -10 -11 12 -13 -14
leaf_value=-0.042074945250436369 0.024106670643621722 -0.041823774481444566 0.077716703466775283 0.050594044690075106 -0.042378709303516726 -0.041807427795285929 -0.041962119969883221 -0.041784737388064916 -0.041815724305402639 -0.04175484680137815 -0.04178638879158339 -0.041775910399328126 -0.041813307760279056
leaf_weight=0.19412893475964699 2.0215462679043412 0.79825378372333922 0.37686733901500691 2.2995854094624519 0.14157807081937779 0.15755476406775448 0.39167989324778318 0.21444845804944612 0.072350933449342736 0.90243932430166751 0.077662755502387881 0.51594657194800675 0.15686134458519518
leaf_count=25 26 201 2 17 9 40 55 67 18 367 23 172 38
internal_value=0.00513945 0.0229779 -0.0155309 0.0382025 -0.0419235 -0.0418001 -0.0418693 -0.0417747 -0.0417639 -0.0417606 -0.0417887 -0.0417833 -0.0418044
internal_weight=8.3209 6.02951 1.70838 4.32113 1.33151 2.29139 1.18993 2.09726 1.18924 1.11689 0.908025 0.673501 0.234524
internal_count=1060 310 267 43 265 750 256 725 452 434 273 212 61
is_linear=0
shrinkage=0.05


Tree=137
num_leaves=18
num_cat=0
split_feature=4 1 2 1 7 0 4 5 3 4 4 1 3 7 6 3 2
split_gain=5.72924 3.54073 4.51475 6.22831 0.451021 1.11914e-05 2.05929e-06 1.38172e-06 8.87792e-07 6.35902e-07 3.9205e-07 1.81307e-07 1.60051e-07 1.22024e-07 1.18282e-07 8.2701e-08 6.03763e-08
threshold=33397.500000000007 32231.750000000004 4736.2000000000007 30129.380000000005 2.5000000000000004 28278.765000000003 37941.500000000007 1.0000000180025095e-35 1.0587887173290953 38137.000000000007 34905.000000000007 25762.015000000003 0.76951466148307446 3.5000000000000004 7.5000000000000009 1.1058688793335112 3054.6250000000005
decision_type=2 2 2 2 2 2 2 2 2 2 2 2 2 2 2 2 2
left_child=1 2 4 5 -1 -4 8 -8 10 -9 11 -2 -12 16 -11 -15 -10
right_child=6 -3 3 -5 -6 -7 7 9 13 14 12 -13 -14 15 -16 -17 -18
leaf_value=-0.048331386384547398 -0.041865856443038807 0.078325588774172838 -0.041924484768349181 0.088696000127912872 -0.01108384907920614 -0.042346817741021163 -0.042051173871481363 -0.042012623578117192 -0.041870767107691352 -0.04193771170229877 -0.041872380057578235 -0.041932747688393918 -0.041832672449476666 -0.041944940679277204 -0.041884607168229247 -0.041905921665269942 -0.041897686686261419
leaf_weight=2.1066776602528972 0.23480560583993959 2.3750602602958679 1.2056892197579143 2.6653963327407837 1.323183336760849 0.18032068433240045 0.26606080448254921 0.14549682894721627 0.30661421362310626 0.1344763832166791 0.31343947956338514 0.17816877737641335 1.3332115304656325 0.1884967964142561 0.4760588351637125 0.4857509839348495 0.64953888533636928
leaf_count=29 42 8 177 9 23 14 28 16 53 18 57 25 284 25 78 72 102
internal_value=0.00345796 0.0251381 0.00825281 0.0439912 -0.0339619 -0.0419794 -0.0418904 -0.0419532 -0.041873 -0.0419187 -0.0418512 -0.0418947 -0.0418402 -0.0419005 -0.0418963 -0.0419168 -0.0418891
internal_weight=14.5684 9.85633 7.48127 4.05141 3.42986 1.38601 4.71212 1.02209 3.69003 0.756032 2.05963 0.412974 1.64665 1.6304 0.610535 0.674248 0.956153
internal_count=1060 260 252 200 52 191 800 140 660 112 408 67 341 252 96 97 155
is_linear=0
shrinkage=0.05


Tree=138
num_leaves=19
num_cat=0
split_feature=3 4 1 7 2 5 7 3 0 4 2 3 4 4 1 3 7 3
split_gain=24.1466 4.95039 7.11156 3.45032 4.73171 2.78039 1.28614 2.98042 0.109126 0.00737146 0.00416392 0.000141587 0.000124784 8.83308e-05 8.5741e-05 6.25043e-05 3.37897e-05 7.31175e-07
threshold=0.9674788135492739 36337.500000000007 20777.680000000004 1.0000000180025095e-35 12521.130000000003 1.0000000180025095e-35 1.0000000180025095e-35 0.86572981933620674 26542.350000000002 40120.000000000007 12684.725 1.0168753323298281 34732.500000000007 33305.000000000007 30017.295000000002 1.0587887173290953 2.5000000000000004 1.0004665281549683
decision_type=2 2 2 2 2 2 2 2 2 2 2 2 2 2 2 2 2 2
left_child=1 2 3 -1 -5 -3 8 -8 -7 11 12 16 -4 14 -13 -15 17 -2
right_child=9 5 10 4 -6 6 7 -9 -10 -11 -12 13 -14 15 -16 -17 -18 -19
leaf_value=-0.024714127938440203 -0.042658456454648254 -0.011077328876101133 -0.043276652900572914 -0.02370706299359672 0.041704632498716976 0.050657234324303552 0.043255919702870987 -0.025824028858179034 0.06149939893516862 -0.047992229969167424 -0.046858697266046287 -0.043596783916056231 -0.042779977219600765 -0.042897698383270295 -0.042999336005058938 -0.043190445922154076 -0.043021444536308767 -0.04272776642527068
leaf_weight=3.8061794601380887 1.1126746404916112 2.7394688166677978 2.9597864877432576 3.49532422423363 13.226264286786316 4.5261613726615924 8.5627984032034856 1.9096077438443888 4.7630477547645569 0.8148026168346395 0.84072043001651753 2.3227185718715222 2.2079856730997562 2.099702386185526 0.80992018803954113 13.852035589516161 1.2964544184505937 0.57827054150402535
leaf_count=27 41 37 75 40 63 26 55 42 20 6 8 47 75 66 23 352 37 20
internal_value=-0.000915225 0.0188767 0.00424792 0.0182517 0.0280316 0.0361289 0.0426729 0.0306594 0.0562166 -0.0433219 -0.0435953 -0.0431495 -0.0430644 -0.0431996 -0.0434423 -0.0431519 -0.0428294 -0.0426822
internal_weight=71.9239 49.0373 26.5363 20.5278 16.7216 22.5011 19.7616 10.4724 9.28921 22.8866 6.00849 22.0718 5.16777 19.0844 3.13264 15.9517 2.9874 1.69095
internal_count=1060 468 288 130 103 180 143 97 46 592 158 586 150 488 70 418 98 61
is_linear=0
shrinkage=0.05


Tree=139
num_leaves=22
num_cat=0
split_feature=1 0 2 3 7 2 4 6 4 0 2 7 6 2 4 5 7 2 1 7 0
split_gain=24.9234 6.69204 9.4343 7.52305 5.79779 11.1243 6.8974 4.2973 5.40401 2.75638 2.2081 1.49156 1.00773 0.0385273 0.000843696 0.000473975 0.000478422 0.000398524 0.000301979 0.000150453 0.000123655
threshold=31131.475000000002 26988.310000000005 13782.725000000002 1.0027719324561855 2.5000000000000004 5564.4250000000011 35865.000000000007 7.5000000000000009 32625.000000000004 27409.210000000003 5030.3150000000014 3.5000000000000004 2.5000000000000004 15004.260000000002 34905.000000000007 1.5000000000000002 1.5000000000000002 3552.1800000000007 32352.085000000003 3.5000000000000004 26846.940000000006
decision_type=2 2 2 2 2 2 2 2 2 2 2 2 2 2 2 2 2 2 2 2 2
left_child=1 2 4 7 5 -1 -6 8 -3 10 -5 -9 -11 -4 18 16 -16 20 -2 -18 -17
right_child=14 3 13 9 6 -7 -8 11 -10 12 -12 -13 -14 -15 15 17 19 -19 -20 -21 -22
leaf_value=-0.057092118659428107 -0.046498369177238014 -0.014005613267998413 -0.040988243855468148 -0.032430614477358503 0.017599952248063173 0.017176484549197013 0.057378587786463542 0.002085212250162258 0.038118586937852944 -0.02366471511549989 0.019956158590946769 -0.046349317373136571 -0.054551532286671034 -0.049105272548548629 -0.047540534528442112 -0.046953563673661304 -0.046567922980895848 -0.045867057329013507 -0.045747256762017026 -0.047004476415750153 -0.046509853413418296
leaf_weight=6.0372798889875403 2.3138714209198978 7.623800650238997 2.6653636395931235 4.2403929606080073 31.593112289905548 30.584202848374844 16.635629639029503 2.7231940776109687 14.298666916787623 3.8042065426707259 3.8267494440078735 3.8182466402649879 8.6351925134658796 3.2376721650362015 2.8704047203063983 2.5003277063369733 3.9373032748699188 1.9752267003059385 3.1733895242214203 3.9572756439447403 4.2208490297198296
leaf_count=36 21 32 23 25 185 183 102 18 92 18 18 32 49 22 23 21 35 21 33 33 38
internal_value=-0.00057801 0.0076416 0.0156796 -0.00725469 0.0199318 0.00493284 0.0313209 0.0093794 0.0199918 -0.0303435 -0.0075803 -0.0261861 -0.0451058 -0.0454402 -0.0466116 -0.046766 -0.0469877 -0.0464914 -0.046064 -0.0467868 -0.0466749
internal_weight=164.672 139.724 90.7533 48.9704 84.8502 36.6215 48.2287 28.4639 21.9225 20.5065 8.06714 6.54144 12.4394 5.90304 24.9486 19.4614 10.765 8.6964 5.48726 7.89458 6.72118
internal_count=1060 835 551 284 506 219 287 174 124 110 43 50 67 45 225 171 91 80 54 68 59
is_linear=0
shrinkage=0.05


Tree=140
num_leaves=15
num_cat=0
split_feature=3 0 2 3 1 7 6 4 0 3 4 4 4 1
split_gain=27.6142 5.3712 3.86305 7.10461 5.09428 4.90205 3.60343 5.66745 3.43399 0.192884 0.500781 0.0139479 0.00216156 0.000167966
threshold=0.97633302414385459 25832.050000000003 3986.8500000000004 1.1850114936235565 33820.070000000007 2.5000000000000004 3.5000000000000004 32625.000000000004 26426.105000000003 0.95150767645039214 28185.000000000004 32625.000000000004 35134.500000000007 25518.540000000005
decision_type=2 2 2 2 2 2 2 2 2 2 2 2 2 2
left_child=6 -2 4 8 5 -3 7 -1 -4 10 -8 -12 -9 -14
right_child=1 2 3 -5 -6 -7 9 12 -10 -11 11 -13 13 -15
leaf_value=0.029795958582317456 -0.03430505576851469 0.056148869390409306 -0.017754093676754162 -0.055154956143178314 -0.0089326518371473287 0.019461864614438103 -0.01732240167257448 -0.047270276845572098 0.017137796544820779 -0.029186604585226733 -0.047204489199120236 -0.044712752647677011 -0.044722925292050575 -0.045441103035683834
leaf_weight=4.9183203279972059 5.7469033002853385 14.95953446626663 8.3630302771925908 4.2984573245048514 8.5215177834033948 23.266933903098106 1.683594942092898 1.7315392605960367 44.96983927488327 2.4338830858469001 7.6982510089874294 20.765974793583155 1.6197354085743429 1.6368953958153722
leaf_count=17 39 78 69 20 35 123 17 17 219 28 73 284 22 19
internal_value=-0.000455963 0.0127548 0.0153458 0.00668256 0.0260259 0.0338189 -0.0346972 -0.00829011 0.0116665 -0.0427263 -0.0438194 -0.0453867 -0.0458429 -0.0450839
internal_weight=152.614 110.126 104.379 57.6313 46.748 38.2265 42.4882 9.90649 53.3329 32.5817 30.1478 28.4642 4.98817 3.25663
internal_count=1060 583 544 308 236 201 477 75 288 402 374 357 58 41
is_linear=0
shrinkage=0.05


Tree=141
num_leaves=16
num_cat=0
split_feature=1 6 2 1 2 0 7 1 4 1 2 7 4 0 7
split_gain=11.6058 1.86206 2.67697 1.87031 3.49963 3.31543 0.701082 0.00233712 0.000292499 0.0002692 3.66415e-05 2.18552e-05 1.309e-05 3.58491e-06 3.12054e-06
threshold=29699.930000000004 3.5000000000000004 2405.7800000000002 34370.070000000007 4033.3750000000005 27906.735000000004 4.5000000000000009 33820.070000000007 35012.500000000007 29581.985000000004 4392.7500000000009 3.5000000000000004 34905.000000000007 28626.480000000003 1.5000000000000002
decision_type=2 2 2 2 2 2 2 2 2 2 2 2 2 2 2
left_child=9 2 -2 4 5 -3 -6 8 -4 10 11 -1 14 -14 -12
right_child=1 3 7 -5 6 -7 -8 -9 -10 -11 12 -13 13 -15 -16
leaf_value=-0.042257827802375983 0.036788558016372111 -0.023637078560034334 -0.044006967738448623 0.06817474730034298 0.028320107274950324 0.053307897261252436 0.057601405648050899 -0.046627142422107894 -0.042566999544205286 -0.043538856379628413 -0.042290818056947843 -0.042744856691171229 -0.042053504469090952 -0.042213708455207333 -0.042172246754281953
leaf_weight=0.58338841330260116 1.8928117044270063 5.0655761901289251 0.62505131028592609 2.7998506128787986 3.4910335764288885 1.9346481300890443 4.9325291849672794 0.75789200514554966 0.8092548344284296 0.36743053793907243 0.68087298888712977 0.38064392749220133 4.1231243126094341 0.38150885514914978 2.9990166975185275
leaf_count=38 9 151 14 10 38 23 28 7 38 12 40 16 389 26 221
internal_value=0.00401942 0.0237399 -0.00677078 0.0305791 0.0237545 -0.00237184 0.0454662 -0.0443813 -0.0431945 -0.0422119 -0.0421586 -0.0424501 -0.0421242 -0.0420671 -0.0421942
internal_weight=31.8246 22.3086 4.08501 18.2236 15.4238 7.00022 8.42356 2.1922 1.43431 9.51599 9.14856 0.964032 8.18452 4.50463 3.67989
internal_count=1060 318 68 250 240 174 66 59 52 742 730 54 676 415 261
is_linear=0
shrinkage=0.05


Tree=142
num_leaves=17
num_cat=0
split_feature=1 2 5 0 6 3 4 4 4 4 4 1 3 7 2 7
split_gain=2.64745 1.36814 1.2723 2.61684 1.23885 1.25455 0.00829852 0.000550541 5.67313e-06 1.22349e-07 7.68885e-08 5.75786e-08 2.95858e-08 4.42352e-08 2.35207e-08 1.62215e-08
threshold=29968.010000000006 4117.1850000000004 1.5000000000000002 28952.695000000003 1.5000000000000002 1.1217802209562635 30732.500000000004 33030.000000000007 28185.000000000004 34905.000000000007 37487.500000000007 27016.485000000004 1.018842598292325 1.5000000000000002 5374.3250000000007 2.5000000000000004
decision_type=2 2 2 2 2 2 2 2 2 2 2 2 2 2 2 2
left_child=8 4 3 7 -2 -6 -7 -3 -1 12 14 -12 13 -10 -11 -14
right_child=1 2 -4 -5 5 6 -8 -9 9 10 11 -13 15 -15 -16 -17
leaf_value=-0.042058880120344637 0.075632617026568136 -0.045453738625870169 0.070653737081244603 0.079599233809787839 0.046802183332612893 -0.05151718199983351 -0.042835494121499243 -0.043044079365119808 -0.041801400706804027 -0.041768624301285827 -0.041763215927446994 -0.041809815854679563 -0.041779450368635555 -0.041770396435283755 -0.041746517926357141 -0.041808146041540532
leaf_weight=0.18460387480445239 0.38465002388693426 0.43735388666391395 1.8798394114710388 0.77310631237924099 0.49477767967619035 0.36167664825916279 1.151914188172668 0.51753100124187768 0.15043522557243694 0.14602804160676874 0.17805400607176125 0.10560160293243825 0.073043709388002753 0.48901442601345479 0.68359516013879329 0.15118175093084574
leaf_count=25 12 5 27 11 12 2 201 40 40 52 67 27 23 172 306 38
internal_value=0.00565201 0.0227424 0.0421861 0.0112169 -0.00657187 -0.022316 -0.04491 -0.0441477 -0.0417938 -0.041769 -0.0417581 -0.0417806 -0.0417832 -0.0417777 -0.0417504 -0.0417988
internal_weight=8.16241 6.00085 3.60783 1.72799 2.39302 2.00837 1.51359 0.954885 2.16156 1.97695 1.11328 0.283656 0.863675 0.63945 0.829623 0.224225
internal_count=1060 310 83 56 227 215 203 45 750 725 452 94 273 212 358 61
is_linear=0
shrinkage=0.05


Tree=143
num_leaves=18
num_cat=0
split_feature=4 1 2 0 4 5 3 2 4 0 4 1 7 3 6 3 2
split_gain=5.44377 3.33814 1.23634 9.14993e-06 1.66409e-06 1.20019e-06 8.20191e-07 6.71975e-07 5.03056e-07 4.67496e-07 3.51333e-07 1.44324e-07 1.33627e-07 1.20525e-07 1.04918e-07 8.31967e-08 5.36573e-08
threshold=33397.500000000007 30129.380000000005 4551.5400000000009 28278.765000000003 37941.500000000007 1.0000000180025095e-35 1.0587887173290953 4392.7500000000009 38137.000000000007 27246.570000000003 34905.000000000007 25762.015000000003 3.5000000000000004 0.76951466148307446 7.5000000000000009 1.1058688793335112 3054.6250000000005
decision_type=2 2 2 2 2 2 2 2 2 2 2 2 2 2 2 2 2
left_child=1 3 -3 7 6 -6 10 -1 -7 -9 11 -2 16 -12 -10 -14 -8
right_child=4 2 -4 -5 5 8 12 9 14 -11 13 -13 15 -15 -16 -17 -18
leaf_value=-0.042010489040737065 -0.041855711403468047 0.020541899865024985 0.059877294300258448 -0.042314747066316848 -0.042029474130986344 -0.041988793100507564 -0.041858327965931155 -0.041899583823725904 -0.041921983179213307 -0.041989811533267085 -0.041857907046735837 -0.041917227413980004 -0.041934640115583871 -0.041822156157337247 -0.041870383163420635 -0.041894700636074943 -0.04188450669262183
leaf_weight=0.20463569834828277 0.222350341267885 4.5085954740643484 3.5867930576205254 0.17073989380151022 0.25214601401239622 0.13611301360651851 0.28806530917063333 1.0145286959595976 0.12657493958249688 0.16722461720928539 0.29070812487043429 0.16692559653893113 0.18151750601828098 1.2469099364243446 0.44433471001684666 0.46291126031428576 0.61069652321748435
leaf_count=23 42 27 14 14 28 16 53 160 18 22 57 25 25 284 78 72 102
internal_value=0.00401545 0.0250744 0.0379701 -0.0419694 -0.0418775 -0.0419358 -0.0418614 -0.0419268 -0.0419024 -0.0419124 -0.0418397 -0.0418821 -0.0418886 -0.0418289 -0.0418818 -0.041906 -0.0418761
internal_weight=14.0818 9.65252 8.09539 1.55713 4.42925 0.959169 3.47008 1.38639 0.707023 1.18175 1.92689 0.389276 1.54319 1.53762 0.57091 0.644429 0.898762
internal_count=1060 260 41 219 800 140 660 205 112 182 408 67 252 341 96 97 155
is_linear=0
shrinkage=0.05


Tree=144
num_leaves=20
num_cat=0
split_feature=3 4 2 7 1 5 7 3 0 8 4 3 4 1 2 7 7 1 3
split_gain=22.624 4.64003 6.6827 2.73937 3.4502 2.48391 1.24223 2.67039 0.098248 0.00611644 0.000222445 0.000115979 7.99127e-05 7.68333e-05 6.92318e-05 5.34502e-05 2.82304e-05 1.6215e-06 6.91599e-07
threshold=0.9674788135492739 36337.500000000007 11967.715000000002 1.0000000180025095e-35 17804.750000000004 1.0000000180025095e-35 1.0000000180025095e-35 0.86572981933620674 26542.350000000002 3.5000000000000004 34732.500000000007 1.0168753323298281 33305.000000000007 30017.295000000002 10441.205000000002 3.5000000000000004 2.5000000000000004 24415.950000000004 1.0004665281549683
decision_type=2 2 2 2 2 2 2 2 2 2 2 2 2 2 2 2 2 2 2
left_child=1 2 10 -4 -5 -3 8 -8 -7 -2 14 16 13 -13 -1 -14 18 -12 -11
right_child=9 5 3 4 -6 6 7 -9 -10 11 17 12 15 -15 -16 -17 -18 -19 -20
leaf_value=-0.043114527240371112 -0.047584270883861954 -0.0097674120294314274 -0.022423188393367249 0.062691599765532263 0.012072913769153627 0.049985108070893014 0.041929828355659643 -0.024963024800582437 0.06048323819262337 -0.042605774775715338 -0.042604110802140473 -0.043497269940895388 -0.042999351104990501 -0.042914278337386869 -0.043552887793314954 -0.04320038236547602 -0.042948243726298643 -0.042702721412570921 -0.042674904340184359
leaf_weight=2.3368856348097355 0.77650401741266506 2.6555521301925209 3.5061214156448868 4.6669875681400326 12.079536918550728 4.2923593521118182 8.2349164523184282 1.8220639135688532 4.6353740692138672 1.056325253099206 1.4189702924340966 2.2139869295060666 10.158351730555294 0.75886183418333519 1.4655847512185571 4.9020166564732781 1.2231685891747472 0.59030233323574055 0.55026997625827778
leaf_count=65 6 37 21 20 74 26 55 42 20 41 55 47 293 23 32 125 37 21 20
internal_value=-0.000823075 0.0184119 0.00420313 0.0177655 0.0261795 0.0355256 0.0418611 0.0298106 0.0554358 -0.043227 -0.0430586 -0.0430648 -0.0431115 -0.0433485 -0.0432835 -0.0430648 -0.0427673 -0.0426331 -0.0426295
internal_weight=69.3441 47.7047 26.0644 20.2526 16.7465 21.6403 18.9847 10.057 8.92773 21.6395 5.81174 20.863 18.0332 2.97285 3.80247 15.0604 2.82976 2.00927 1.6066
internal_count=1060 468 288 115 94 180 143 97 46 592 173 586 488 70 97 418 98 76 61
is_linear=0
shrinkage=0.05


Tree=145
num_leaves=22
num_cat=0
split_feature=1 0 2 2 4 4 7 2 4 2 3 4 4 2 4 5 7 2 1 7 7
split_gain=23.196 6.06063 8.6559 6.89251 5.41276 9.18932 5.40208 11.701 4.12451 3.32657 3.0169 1.76625 1.71954 0.0439115 0.00066982 0.000534379 0.000442404 0.000291974 0.00020885 0.000159984 6.58764e-05
threshold=31131.475000000002 26988.310000000005 12521.130000000003 5108.5950000000012 33745.000000000007 37941.500000000007 2.5000000000000004 5564.4250000000011 35865.000000000007 13782.725000000002 0.90276289285221212 33155.000000000007 35397.500000000007 15004.260000000002 34905.000000000007 1.5000000000000002 1.5000000000000002 3416.5450000000005 32352.085000000003 3.5000000000000004 2.5000000000000004
decision_type=2 2 2 2 2 2 2 2 2 2 2 2 2 2 2 2 2 2 2 2 2
left_child=1 2 6 12 10 -6 7 -1 -8 11 -5 -4 -3 -11 18 16 -16 20 -2 -18 -17
right_child=14 3 9 4 5 -7 8 -9 -10 13 -12 -13 -14 -15 15 17 19 -19 -20 -21 -22
leaf_value=-0.05596274789718151 -0.046166607247612096 -0.01590275732295069 0.019558352715633182 -0.0021230742189155059 0.043907510178650841 -0.017393194470867426 0.023803585869282853 0.024716017467340187 0.057605971924907309 -0.039643790514357957 -0.053470475652894922 -0.012764767394884023 -0.056574039489747791 -0.048525857061178956 -0.047219563446163904 -0.04618279021909194 -0.046245375616038892 -0.045619940251206165 -0.045525109743185438 -0.046706997848214638 -0.046523489039364513
leaf_weight=5.7504687160253551 2.1832354143261936 4.1363375261425954 6.8650414198637071 6.5211578309535962 13.783283822238447 10.986628711223601 24.061525270342827 20.570463433861732 14.440257623791693 2.5568548738956443 5.096212163567543 10.995707295835016 6.9914959073066711 3.0531434267759323 2.7436300516128558 3.8637067675590497 3.7301286160945892 2.0634522065520287 3.0291427075862885 3.7778177037835121 2.2422027811408043
leaf_count=36 21 30 26 28 97 64 158 143 92 23 32 51 33 22 23 37 35 23 33 33 20
internal_value=-0.000577338 0.00737828 0.0151268 -0.0070201 0.00351099 0.0167177 0.024547 0.00708971 0.0364813 -0.0108905 -0.0246477 -0.000340901 -0.0414561 -0.0444777 -0.0462942 -0.0464358 -0.0466762 -0.0461341 -0.0457938 -0.0464777 -0.0463079
internal_weight=159.442 135.809 88.2935 47.5151 36.3873 24.7699 64.8227 26.3209 38.5018 23.4707 11.6174 17.8607 11.1278 5.61 23.6333 18.4209 10.2516 8.16936 5.21238 7.50795 6.10591
internal_count=1060 835 551 284 221 161 429 179 250 122 60 77 63 45 225 171 91 80 54 68 57
is_linear=0
shrinkage=0.05


Tree=146
num_leaves=14
num_cat=0
split_feature=3 0 4 4 4 6 4 3 4 4 2 4 1
split_gain=25.1789 4.87106 3.68708 6.33569 6.56469 3.49516 5.20069 0.204744 0.50668 0.0125916 0.00654494 0.00184106 0.000138515
threshold=0.97633302414385459 25832.050000000003 30732.500000000004 33155.000000000007 33397.500000000007 3.5000000000000004 32625.000000000004 0.95150767645039214 28185.000000000004 32625.000000000004 4256.1350000000011 35134.500000000007 25518.540000000005
decision_type=2 2 2 2 2 2 2 2 2 2 2 2 2
left_child=5 -2 -3 10 -5 6 -1 8 -7 -10 -4 -8 -13
right_child=1 2 3 4 -6 7 11 -9 9 -11 -12 12 -14
leaf_value=0.028060032484610944 -0.033306576055993027 -0.028458264700028203 0.05591219271370778 -0.041618916534338135 0.01588200213909579 -0.016609477918170239 -0.046908587745022656 -0.028112626359882643 -0.046937624786416471 -0.044510390177683302 0.053322452352200379 -0.044489234208166958 -0.045163967197689774
leaf_weight=4.9227218925952894 5.5930451080203047 4.7362408638000479 4.2248688936233503 5.2843610048294059 81.797703374177217 1.6475232690572799 1.6371502019464967 2.3310385942459098 7.3581820577383068 19.511476263403893 5.7738208174705505 1.509852569550276 1.5328399091958997
leaf_count=17 39 20 20 23 451 17 17 28 73 284 30 22 19
internal_value=-0.000538301 0.0121237 0.0146193 0.0167209 0.0123927 -0.0341601 -0.00781728 -0.0423601 -0.0435248 -0.0451751 0.0544167 -0.0455566 -0.0448291
internal_weight=147.861 107.41 101.817 97.0808 87.0821 40.4508 9.60256 30.8482 28.5172 26.8697 9.99869 4.67984 3.04269
internal_count=1060 583 544 524 474 477 75 402 374 357 50 58 41
is_linear=0
shrinkage=0.05


Tree=147
num_leaves=15
num_cat=0
split_feature=3 0 2 4 7 3 2 1 1 4 4 0 1 3
split_gain=10.7708 1.80673 1.96874 3.51999 5.03911 4.85252 1.29385 0.0454779 0.000474496 3.70094e-05 1.2991e-05 8.24749e-06 6.5415e-06 5.57614e-06
threshold=1.0889260149909588 26653.730000000003 1385.7350000000004 34905.000000000007 5.5000000000000009 1.1850114936235565 4279.2800000000016 33554.420000000006 31131.475000000002 28185.000000000004 34905.000000000007 26443.730000000003 27854.150000000005 1.018842598292325
decision_type=2 2 2 2 2 2 2 2 2 2 2 2 2 2
left_child=8 6 -3 5 -5 -4 7 11 9 -1 13 -2 -12 -11
right_child=1 2 3 4 -6 -7 -8 -9 -10 10 12 -13 -14 -15
leaf_value=-0.04254466340264873 -0.04224847099329572 0.060706863351907947 0.071520395758931724 -0.032933341926965266 0.046933866917727773 -0.011545464768026642 0.033342765453783028 -0.061373674895122889 -0.044071356082296051 -0.042155014595919665 -0.04202849626122717 -0.042548564635107838 -0.042172151237883315 -0.042308062104793383
leaf_weight=0.53611531388014633 0.5531061841174989 3.6343217194080379 5.2889061300084022 5.195848008617757 3.1859354674816132 2.6336827352643013 0.72697757650166739 0.47260739281773567 0.33098385110497552 2.7584175332449363 3.5745509671978652 0.39066777750849724 1.0181837752461431 0.75887286011129607
leaf_count=29 35 13 48 156 16 29 9 4 6 212 361 20 78 44
internal_value=0.00396616 0.0227398 0.027429 0.0200111 -0.00257563 0.0439071 -0.0208815 -0.0487128 -0.0422134 -0.0421423 -0.0421157 -0.0423727 -0.0420603 -0.042188
internal_weight=31.0592 22.0821 19.9387 16.3044 8.38178 7.92259 2.14336 1.41638 8.97712 8.64614 8.11003 0.943774 4.59273 3.51729
internal_count=1060 330 262 249 172 77 68 59 730 724 695 55 439 256
is_linear=0
shrinkage=0.05


Tree=148
num_leaves=16
num_cat=0
split_feature=1 2 2 1 3 3 2 4 4 4 0 2 3 7 7
split_gain=2.50533 1.22547 1.16343 1.12696 1.02202 0.719639 0.652921 0.0078914 4.96228e-06 1.17411e-07 6.45298e-08 4.82196e-08 2.62006e-08 4.05523e-08 1.39248e-08
threshold=29968.010000000006 4117.1850000000004 4698.4550000000008 36139.180000000008 1.1217802209562635 1.1058688793335112 5594.5800000000008 30732.500000000004 28185.000000000004 34905.000000000007 28831.020000000004 5374.3250000000007 1.018842598292325 1.5000000000000002 2.5000000000000004
decision_type=2 2 2 2 2 2 2 2 2 2 2 2 2 2 2
left_child=8 3 5 4 -2 -3 -4 -6 -1 12 11 -11 13 -10 -14
right_child=1 2 6 -5 7 -7 -8 -9 9 10 -12 -13 14 -15 -16
leaf_value=-0.042041310051303515 0.035706122209538185 0.094416482928606965 -0.044319481590115652 0.071934565858633587 -0.05086475602249986 0.038998004774749746 0.032497900335392065 -0.042161469247376675 -0.041795570131566082 -0.041771722941873958 -0.041800727065551407 -0.041743710912318613 -0.041774309185841824 -0.041765170754142857 -0.041801566321440949
leaf_weight=0.17591813905164633 0.55931943072937462 0.92608160618692714 0.50105172884650506 0.38810411095619191 0.34719334542751301 1.594227908644825 0.61755718197673559 1.0424908953718839 0.14364850637502957 0.1908663314534349 0.064720602822490036 0.7874661983223632 0.069407640490680933 0.46426875400356948 0.14421240193769336
leaf_count=25 13 10 23 2 2 33 17 210 40 67 18 367 23 172 38
internal_value=0.00604759 0.0223808 0.0405263 -0.00587205 -0.0213656 0.0593614 -0.00191045 -0.0443359 -0.0417875 -0.0417635 -0.0417524 -0.0417492 -0.0417776 -0.0417724 -0.0417927
internal_weight=8.01653 5.97603 3.63892 2.33711 1.949 2.52031 1.11861 1.38968 2.04051 1.86459 1.04305 0.978333 0.821537 0.607917 0.21362
internal_count=1060 310 83 227 225 43 40 212 750 725 452 434 273 212 61
is_linear=0
shrinkage=0.05


Tree=149
num_leaves=19
num_cat=0
split_feature=4 1 2 1 2 0 1 4 2 2 7 0 2 4 2 3 0 2
split_gain=5.06388 3.1446 4.09154 5.25574 0.466939 8.11077e-06 1.42509e-06 9.82174e-07 9.08138e-07 3.28826e-07 1.58217e-07 1.5534e-07 1.24436e-07 1.17545e-07 1.69119e-07 4.38177e-08 3.38864e-08 2.46157e-08
threshold=33397.500000000007 32231.750000000004 4736.2000000000007 30129.380000000005 4074.6050000000005 28278.765000000003 27016.485000000004 37941.500000000007 3965.7550000000006 5564.4250000000011 2.5000000000000004 28518.120000000006 5564.4250000000011 35397.500000000007 12820.555000000002 1.1058688793335112 26868.670000000002 2405.7800000000002
decision_type=2 2 2 2 2 2 2 2 2 2 2 2 2 2 2 2 2 2
left_child=1 2 4 5 -1 -4 11 10 17 -10 12 13 -8 14 -2 -12 -15 -9
right_child=6 -3 3 -5 -6 -7 7 8 9 -11 15 -13 -14 16 -16 -17 -18 -19
leaf_value=-0.010264105586678738 -0.041822602937500536 0.074393250422920956 -0.04190196106254078 0.082005938709407589 -0.048604533492298783 -0.042280600457026245 -0.041863631455435174 -0.04189636589822246 -0.042047668388439638 -0.041949954307809345 -0.04189466115989688 -0.041891734502188409 -0.041813942402924298 -0.041809475986450725 -0.041883056288336135 -0.041874417472310695 -0.041828112505474718 -0.041867541676517288
leaf_weight=1.3281872561201438 0.30387444933876473 2.3510180711746216 1.0955340652726593 2.670547217130661 1.9749179356731472 0.16239857673645008 0.47037729248404536 0.12450524326413859 0.16745892539620399 0.17720803408883512 0.39544270816259064 0.093437414150684961 0.17209786036983132 0.69102361565455772 0.18680901685729623 0.8249432104639709 0.37697676918469369 0.18284498155117035
leaf_count=19 71 8 177 9 33 14 88 20 18 23 65 16 41 171 31 141 83 32
internal_value=0.00414953 0.0241591 0.00782771 0.0423139 -0.0331877 -0.0419508 -0.0418652 -0.0418889 -0.0419417 -0.0419974 -0.0418704 -0.0418291 -0.0418503 -0.0418254 -0.0418456 -0.041881 -0.0418161 -0.0418792
internal_weight=13.7496 9.5826 7.23159 3.92848 3.30311 1.25793 4.167 2.51488 0.652017 0.344667 1.86286 1.65212 0.642475 1.55868 0.490683 1.22039 1.068 0.30735
internal_count=1060 260 252 200 52 191 800 428 93 41 335 372 129 356 102 206 254 52
is_linear=0
shrinkage=0.05


Tree=150
num_leaves=16
num_cat=0
split_feature=3 4 1 4 2 4 0 4 2 3 7 3 4 7 3
split_gain=21.0743 4.40992 8.22521 4.15522 3.44393 3.76694 1.174 0.00556506 0.00368251 9.82823e-05 6.11304e-05 6.52582e-05 4.85879e-05 2.5558e-05 8.0993e-07
threshold=0.9674788135492739 40120.000000000007 20777.680000000004 38897.500000000007 13594.735000000002 32625.000000000004 26426.105000000003 40120.000000000007 13661.390000000001 1.0168753323298281 3.5000000000000004 1.1002883408614299 33030.000000000007 2.5000000000000004 1.0004665281549683
decision_type=2 2 2 2 2 2 2 2 2 2 2 2 2 2 2
left_child=1 2 4 8 5 -1 -6 9 -4 13 12 -12 -11 14 -2
right_child=7 -3 3 -5 6 -7 -8 -9 -10 10 11 -13 -14 -15 -16
leaf_value=-0.031233476156829906 -0.042540831250054721 0.056136085861681444 -0.0430651513677896 0.025759135001330081 0.055024399259605429 0.024364443665224923 0.022451959032950532 -0.047362251464660977 -0.046652027380308624 -0.0433189310595197 -0.043370448568728438 -0.043027837746502082 -0.042931283674339682 -0.042880243920909195 -0.042617979670851368
leaf_weight=4.0946159772574928 0.98549421317876029 6.4447617232799521 7.3591044787317497 2.959074728190898 8.8686066418886167 11.90267571993172 4.0204384289681903 0.75422542542219062 0.79264249652624119 0.87698801979422825 2.2740918751806012 3.5745140966027975 10.326768737286327 1.153800820931792 0.51955188065767288
leaf_count=41 41 34 223 20 48 65 29 6 8 20 54 101 313 37 20
internal_value=-0.000875086 0.0177529 0.0115682 -0.0249915 0.0256304 0.0101338 0.0448642 -0.0431472 -0.0434139 -0.0429859 -0.04303 -0.0431611 -0.0429616 -0.0427032 -0.0425675
internal_weight=66.9074 46.4419 39.9972 11.1108 28.8863 15.9973 12.889 20.4654 8.15175 19.7112 17.0524 5.84861 11.2038 2.65885 1.50505
internal_count=1060 468 434 251 183 106 77 592 231 586 488 155 333 98 61
is_linear=0
shrinkage=0.05


Tree=151
num_leaves=22
num_cat=0
split_feature=1 0 2 2 7 2 4 4 4 2 3 0 4 2 4 5 7 2 1 7 7
split_gain=21.7547 5.50044 7.79534 6.33436 4.96508 10.8632 4.92048 8.45256 4.18176 3.04344 2.87921 1.77306 1.69561 0.0491978 0.000578714 0.000479069 0.000385478 0.000248678 0.000191838 0.000137664 5.99647e-05
threshold=31131.475000000002 26988.310000000005 12521.130000000003 5108.5950000000012 2.5000000000000004 5564.4250000000011 33745.000000000007 37941.500000000007 35865.000000000007 13782.725000000002 0.90276289285221212 26221.155000000002 35397.500000000007 15004.260000000002 34905.000000000007 1.5000000000000002 1.5000000000000002 3416.5450000000005 32352.085000000003 3.5000000000000004 2.5000000000000004
decision_type=2 2 2 2 2 2 2 2 2 2 2 2 2 2 2 2 2 2 2 2 2
left_child=1 2 4 12 5 -1 10 -8 -6 11 -5 -4 -3 -11 18 16 -16 20 -2 -18 -17
right_child=14 3 9 6 8 -7 7 -9 -10 13 -12 -13 -14 -15 15 17 19 -19 -20 -21 -22
leaf_value=-0.055286853850471412 -0.045918612178076863 -0.014619355076794786 -0.012561864324535911 -0.0018359788994032735 0.022502176088778993 0.023899429443029835 0.043120188598116962 -0.016577616699021754 0.057134085777297422 -0.038260806519145901 -0.052802309503297964 0.020054766599097603 -0.055634876475580401 -0.047916160365730924 -0.046916059016581156 -0.045912718030292655 -0.04598701752319264 -0.045382916860812771 -0.045287563687520231 -0.046425290537140139 -0.0462458398705341
leaf_weight=5.5242460370063808 2.0758945941925075 4.0197353065013868 11.076264366507536 6.4578393846750242 23.405971899628639 20.05271553248167 13.199991226196291 10.76506097614765 13.888922430574892 2.4562269300222388 4.8538500219583511 6.6792066022753707 6.7530733197927475 2.8503114879131317 2.6232062354683894 3.6653121858835211 3.5590177178382874 1.9503558650612829 2.8685340359807014 3.6082107350230217 2.1394544988870621
leaf_count=36 21 30 46 28 158 143 97 64 92 23 32 31 33 22 23 37 35 23 33 33 20
internal_value=-0.000574935 0.00717066 0.0146427 -0.00677306 0.0237634 0.00679636 0.0034747 0.016304 0.0353994 -0.0102221 -0.0237056 -0.000292225 -0.0403305 -0.043447 -0.0460303 -0.0461649 -0.0463975 -0.0458714 -0.0455525 -0.0462077 -0.0460355
internal_weight=154.473 131.983 85.9339 46.0496 62.8719 25.577 35.2767 23.9651 37.2949 23.062 11.3117 17.7555 10.7728 5.30654 22.49 17.5456 9.79043 7.75512 4.94443 7.16723 5.80477
internal_count=1060 835 551 284 429 179 221 161 250 122 60 77 63 45 225 171 91 80 54 68 57
is_linear=0
shrinkage=0.05


Tree=152
num_leaves=14
num_cat=0
split_feature=3 0 4 2 7 3 6 4 4 3 4 4 4
split_gain=23.0474 4.51082 3.48532 4.13343 5.48726 5.07086 3.35644 4.77989 0.469248 0.267115 0.0109274 0.00147393 0.000248589
threshold=0.97633302414385459 25612.290000000005 38215.000000000007 3915.6150000000002 2.5000000000000004 1.1850114936235565 3.5000000000000004 32625.000000000004 28185.000000000004 0.95150767645039214 32625.000000000004 35134.500000000007 37217.000000000007
decision_type=2 2 2 2 2 2 2 2 2 2 2 2 2
left_child=6 -2 3 4 -3 -5 7 -1 -8 10 -10 -9 -13
right_child=1 2 -4 5 -6 -7 8 11 9 -11 -12 12 -14
leaf_value=0.026411098257270466 -0.048991694239526769 0.054169060933662694 -0.023398655129907922 0.011507364276606386 0.014445619607308949 -0.044428502361973154 -0.015710466451147407 -0.046561044339089461 -0.046659489073474003 -0.026906778628614972 -0.044336255373737032 -0.044197746601106244 -0.045130194778959458
leaf_weight=4.9098985493183118 2.9854016974568358 13.446995377540587 6.0636986494064322 53.371973618865013 24.593821629881859 4.3845919147133818 1.6053330153226877 1.5438292212784288 6.9870521724224153 2.2246530130505553 18.364798277616501 1.4920484349131586 1.3720980361104009
leaf_count=17 18 77 26 307 133 22 17 17 73 28 284 24 17
internal_value=-0.000561441 0.0115875 0.013363 0.0156899 0.0284874 0.00726099 -0.0336468 -0.00752046 -0.041989 -0.0435188 -0.0449765 -0.0453157 -0.0446444
internal_weight=143.346 104.846 101.861 95.7974 38.0408 57.7566 38.4997 9.31787 29.1818 27.5765 25.3519 4.40798 2.86415
internal_count=1060 583 565 539 210 329 477 75 402 385 357 58 41
is_linear=0
shrinkage=0.05


Tree=153
num_leaves=15
num_cat=0
split_feature=1 1 4 4 8 1 0 2 1 1 4 4 1 7
split_gain=10.0946 1.68722 3.87638 1.28457 4.08265 1.25544 0.516761 0.00452695 0.000730661 0.000262857 3.24944e-05 9.88413e-06 5.5294e-06 2.64126e-06
threshold=29699.930000000004 32762.395 33565.000000000007 34905.000000000007 4.5000000000000009 31385.455000000005 28107.465000000004 5374.3250000000007 33654.830000000009 29581.985000000004 28185.000000000004 34905.000000000007 27854.150000000005 1.0000000180025095e-35
decision_type=2 2 2 2 2 2 2 2 2 2 2 2 2 2
left_child=9 2 5 -3 8 -2 7 -4 -5 10 -1 13 -13 -12
right_child=1 3 6 4 -6 -7 -8 -9 -10 -11 11 12 -14 -15
leaf_value=-0.042546072975616543 0.058245204940112233 0.062760110141251366 -0.042760924369953331 -0.042534218441475376 0.039342574570673743 0.007247757601143612 0.0010242468512881629 -0.047374591922419398 -0.044755421111283937 -0.04352551135509123 -0.042265506984290144 -0.042005915713320907 -0.042139121756046199 -0.042133859186591016
leaf_weight=0.40520851314067829 2.55371525231749 2.8790511656552544 2.1635537818074235 1.2948451507836551 8.6528855096548796 2.2880934402346611 0.82426847610622633 0.70491253212094296 0.51848872564733017 0.34153349604457695 0.43764607980847392 3.3414094839245081 1.0159230111166833 2.9435482723638415
leaf_count=24 26 23 105 67 37 18 23 9 10 12 27 361 83 235
internal_value=0.00412645 0.0220795 0.00471718 0.033183 0.0250469 0.0341453 -0.0338682 -0.0438947 -0.0431693 -0.0421666 -0.0421096 -0.0420868 -0.042037 -0.0421509
internal_weight=30.3651 21.8798 8.53454 13.3453 10.4662 4.84181 3.69273 2.86847 1.81333 8.48527 8.14374 7.73853 4.35733 3.38119
internal_count=1060 318 181 137 114 44 137 114 77 742 730 706 444 262
is_linear=0
shrinkage=0.05


Tree=154
num_leaves=17
num_cat=0
split_feature=1 0 0 2 2 1 6 2 4 1 4 0 2 3 7 7
split_gain=2.33382 1.16109 2.58873 1.79381 1.57242 1.22702 0.907805 0.000127285 4.47106e-06 1.50599e-07 1.02911e-07 6.76888e-08 3.8338e-08 1.96325e-08 3.61505e-08 1.03249e-08
threshold=29968.010000000006 26893.720000000005 26800.980000000003 4392.7500000000009 4698.4550000000008 36139.180000000008 13.500000000000002 4551.5400000000009 28185.000000000004 33366.480000000003 34905.000000000007 28831.020000000004 5374.3250000000007 1.018842598292325 1.5000000000000002 2.5000000000000004
decision_type=2 2 2 2 2 2 2 2 2 2 2 2 2 2 2 2
left_child=8 2 7 5 -5 6 -3 9 -1 -2 13 12 -12 14 -10 -15
right_child=1 3 -4 4 -6 -7 -8 -9 10 -11 11 -13 -14 15 -16 -17
leaf_value=-0.042027967039232506 -0.041777938441600368 -0.046184643431929101 0.14640112669071237 0.081445502019707183 -0.00020149895109636539 0.066890361775475554 0.02374053573840797 -0.044009448181011324 -0.041789461023602759 -0.041872408643313409 -0.041764599104156974 -0.041797432717805505 -0.041738797871449254 -0.041768865919894101 -0.041760011843317735 -0.041793047510336918
leaf_weight=0.16820249194279302 0.11019492964260269 1.7622548281215138 0.502152408240363 1.3149868259206416 1.069148773094639 0.39953182637691487 0.63012501061893988 0.10476695233955979 0.13660213514231123 0.068355386611074209 0.17903953685890883 0.063003776129335165 0.73514903907198459 0.065540444571524858 0.43946189491543919 0.13520652474835515
leaf_count=25 35 166 16 15 37 2 21 4 40 14 67 18 367 23 172 38
internal_value=0.00612725 0.0215748 0.0782195 0.0129789 0.0448315 -0.0142214 -0.0277672 -0.0426259 -0.0417817 -0.0418141 -0.0417581 -0.0417473 -0.0417439 -0.0417717 -0.041767 -0.0417852
internal_weight=7.88372 5.96152 0.78547 5.17605 2.38414 2.79191 2.39238 0.283317 1.92221 0.17855 1.754 0.977192 0.914189 0.776811 0.576064 0.200747
internal_count=1060 310 69 241 52 189 187 53 750 49 725 452 434 273 212 61
is_linear=0
shrinkage=0.05


Tree=155
num_leaves=19
num_cat=0
split_feature=4 1 1 0 1 4 2 4 3 2 0 4 2 7 4 2 0 2
split_gain=4.71745 2.82399 0.645322 6.94399e-06 1.25659e-06 8.82588e-07 7.90651e-07 4.91694e-07 3.12319e-07 2.46511e-07 1.60149e-07 1.22245e-07 1.61928e-07 1.19327e-07 8.18621e-08 4.64176e-08 2.62175e-08 2.06546e-08
threshold=33397.500000000007 30129.380000000005 31640.755000000001 28278.765000000003 27016.485000000004 37941.500000000007 3965.7550000000006 28185.000000000004 1.026391187321819 5564.4250000000011 28518.120000000006 35397.500000000007 12820.555000000002 3.5000000000000004 37162.000000000007 4462.5600000000013 26868.670000000002 2405.7800000000002
decision_type=2 2 2 2 2 2 2 2 2 2 2 2 2 2 2 2 2 2
left_child=1 3 -3 7 10 13 17 -1 -9 -8 11 12 -2 14 -6 -15 -13 -7
right_child=4 2 -4 -5 5 6 9 8 -10 -11 -12 16 -14 15 -16 -17 -18 -19
leaf_value=-0.04198597851543192 -0.041813458168176103 0.022038442850454195 0.050687342090279801 -0.042258104843008584 -0.041854630584223826 -0.041885080319221335 -0.042026982426943221 -0.041874955815935276 -0.041935694290228663 -0.041940311166213745 -0.041884635761715 -0.04179978240457391 -0.041874093601461562 -0.041882917960825328 -0.041815026589790999 -0.041852487979521846 -0.041816780566493711 -0.041857964589142309
leaf_weight=0.15521065890788843 0.28558585513383261 4.3459607437252998 3.5887860357761383 0.15442289551720012 0.92089197435416303 0.11766392644494761 0.15798366256058216 0.80717166094109394 0.28686404274776578 0.17066652677021921 0.089327878085896262 0.64381872466765344 0.17919145571067929 0.52592657180503 0.15201985812745988 0.16452259384095669 0.35025209095329046 0.17420375905930996
leaf_count=22 71 26 15 14 179 20 18 143 40 23 16 171 31 87 37 32 83 32
internal_value=0.00408703 0.0234314 0.034996 -0.0419418 -0.0418547 -0.0418775 -0.0419288 -0.0419027 -0.0418909 -0.041982 -0.0418196 -0.0418157 -0.0418368 -0.0418595 -0.041849 -0.0418757 -0.0418058 -0.0418689
internal_weight=13.2705 9.33842 7.93475 1.40367 3.93205 2.38388 0.620518 1.24925 1.09404 0.32865 1.54818 1.45885 0.464777 1.76336 1.07291 0.690449 0.994071 0.291868
internal_count=1060 260 41 219 800 428 93 205 183 41 372 356 102 335 216 119 254 52
is_linear=0
shrinkage=0.05


Tree=156
num_leaves=16
num_cat=0
split_feature=3 4 1 4 2 4 0 4 2 3 4 1 3 4 0
split_gain=19.6235 4.10298 7.43621 3.82399 3.17258 3.45539 1.1194 0.00522578 0.00316796 8.2486e-05 5.5707e-05 5.91679e-05 3.71182e-05 2.38282e-05 6.48066e-07
threshold=0.9674788135492739 40120.000000000007 20777.680000000004 38897.500000000007 13594.735000000002 32625.000000000004 26426.105000000003 40120.000000000007 13674.955000000002 1.0168753323298281 33305.000000000007 30017.295000000002 1.0587887173290953 35692.500000000007 26800.980000000003
decision_type=2 2 2 2 2 2 2 2 2 2 2 2 2 2 2
left_child=1 2 4 8 5 -1 -6 9 -4 13 11 -11 -12 -2 -15
right_child=7 -3 3 -5 6 -7 -8 -9 -10 10 12 -13 -14 14 -16
leaf_value=-0.030624319400223456 -0.042820564321386936 0.054780950498405312 -0.042992279423896176 0.02397438008131815 0.05348836739782923 0.023061493726915148 0.021389833618437 -0.047202330761687568 -0.046561946035023977 -0.043300282059594304 -0.042698909981448117 -0.042755644146179828 -0.042944697684274058 -0.042485136982865962 -0.042556455218707052
leaf_weight=4.0009082220494774 1.0928816460073059 6.2248414307832709 6.9698531813919526 2.9164352118968964 8.5062677264213544 11.947487827390431 3.9903256446123114 0.73794182389974494 0.68238402158021916 1.9822294749319582 1.7683178726583708 0.66628266125917424 11.694571450352667 0.92741368524730183 0.4851787444204092
leaf_count=41 37 34 224 20 48 65 29 6 7 47 66 23 352 41 20
internal_value=-0.000942553 0.0170837 0.0110689 -0.0247432 0.0243748 0.00959356 0.0432389 -0.0430757 -0.0433106 -0.0429121 -0.0429537 -0.0431633 -0.0429124 -0.0426453 -0.0425096
internal_weight=64.5933 45.2385 39.0137 10.5687 28.445 15.9484 12.4966 19.3548 7.65224 18.6169 16.1114 2.64851 13.4629 2.50547 1.41259
internal_count=1060 468 434 251 183 106 77 592 231 586 488 70 418 98 61
is_linear=0
shrinkage=0.05


Tree=157
num_leaves=22
num_cat=0
split_feature=1 0 2 2 1 4 4 4 2 2 2 0 3 2 4 5 7 4 0 1 7
split_gain=20.3172 5.06337 7.03752 5.80934 4.73185 12.7084 4.51544 7.71421 2.80109 2.76411 1.67294 1.57019 1.3689 0.0528402 0.000524624 0.00050647 0.000354931 0.000245063 0.000318037 0.000140152 0.000116053
threshold=31131.475000000002 26988.310000000005 12521.130000000003 5108.5950000000012 25147.020000000004 33155.000000000007 33745.000000000007 37941.500000000007 13782.725000000002 12521.130000000003 4323.6450000000013 26177.545000000002 0.72755731370149479 15004.260000000002 34905.000000000007 1.5000000000000002 1.5000000000000002 37941.500000000007 26827.310000000001 32352.085000000003 3.5000000000000004
decision_type=2 2 2 2 2 2 2 2 2 2 2 2 2 2 2 2 2 2 2 2 2
left_child=1 2 4 10 12 -6 9 -8 11 -5 -3 -4 -1 -10 19 16 -16 -17 -19 -2 -18
right_child=14 3 8 6 5 -7 7 -9 13 -11 -12 -13 -14 -15 15 17 20 18 -20 -21 -22
leaf_value=0.0093072998231417663 -0.045620848749174311 -0.011758415393383771 -0.012754672454919264 -0.040616681683764283 -0.055144622252063839 0.024613615173217692 0.042286436875495055 -0.015627212975512825 -0.037109019564178163 0.012411608886827189 -0.053834215414363853 0.017547696952219759 0.046872491480142615 -0.047396519159832368 -0.04664961348830024 -0.045913284728741066 -0.045746676378888816 -0.045727702967043503 -0.044842597527734396 -0.045065561925451768 -0.046158878941693619
leaf_weight=2.7883718162775066 1.9539912119507814 3.6106519475579244 10.337673082947736 7.3825444728136045 5.8628938049077979 33.712699674069881 12.599837332963945 10.576825149357317 2.3468064069747916 3.6835783123970032 6.8335172086954117 7.2895155847072592 18.617495812475681 2.6663759425282478 2.5126510411500949 3.2066241428256026 3.3852110803127289 2.2576783820986748 1.8437413461506365 2.7155196480453014 3.4455647692084312
leaf_count=13 21 24 43 44 34 209 97 64 23 16 39 34 173 22 23 32 35 24 24 33 33
internal_value=-0.000568424 0.00694207 0.014203 -0.00664516 0.0230412 0.0127979 0.00331108 0.0158572 -0.00960249 -0.0229652 -0.0392882 -0.000223486 0.0419792 -0.0425807 -0.0457663 -0.0458976 -0.0461415 -0.0455858 -0.0453298 -0.0452979 -0.0459546
internal_weight=149.63 128.309 83.6218 44.687 60.9815 39.5756 34.2428 23.1767 22.6404 11.0661 10.4442 17.6272 21.4059 5.01318 21.321 16.6515 9.34343 7.30804 4.10142 4.66951 6.83078
internal_count=1060 835 551 284 429 243 221 161 122 60 63 77 186 45 225 171 91 80 48 54 68
is_linear=0
shrinkage=0.05


Tree=158
num_leaves=14
num_cat=0
split_feature=3 0 6 4 4 2 3 7 4 3 4 4 4
split_gain=21.0984 4.1589 3.22472 4.39246 3.13297 3.71245 5.8058 5.62958 0.476197 0.284541 0.00963784 0.00118995 0.000248256
threshold=0.97633302414385459 25612.290000000005 3.5000000000000004 32625.000000000004 38215.000000000007 3986.8500000000004 1.1850114936235565 2.5000000000000004 28185.000000000004 0.95150767645039214 32625.000000000004 35134.500000000007 37217.000000000007
decision_type=2 2 2 2 2 2 2 2 2 2 2 2 2
left_child=2 -2 3 -1 5 7 -7 -3 -4 10 -10 -5 -13
right_child=1 4 8 11 -6 6 -8 -9 9 -11 -12 12 -14
leaf_value=0.024872815193330945 -0.048132041883643242 0.053247867962717035 -0.014843089424867804 -0.046237415959042301 -0.022283986285665337 0.011136626713919283 -0.052708280530542211 0.013073330546889569 -0.046406023685244574 -0.025706303387356397 -0.044166868629758493 -0.04399669946014189 -0.044958136392775835
leaf_weight=4.8923766911029798 2.8819533810019484 13.305585175752638 1.5659912973642374 1.4560149386525152 5.9813500791788092 50.96759931370616 3.8282742351293555 25.30170014500618 6.6604306623339715 2.12685602903366 17.256764370948076 1.3854187875986101 1.3028280362486837
leaf_count=17 18 80 17 17 26 300 20 139 73 28 284 24 17
internal_value=-0.000584873 0.0110798 -0.0331364 -0.00721084 0.0127968 0.0150434 0.00667615 0.0269191 -0.0416218 -0.0432319 -0.0447904 -0.0450862 -0.0444626
internal_weight=138.913 102.266 36.6467 9.03664 99.3845 93.4032 54.7959 38.6073 27.61 26.0441 23.9172 4.14426 2.68825
internal_count=1060 583 477 75 565 539 320 219 402 385 357 58 41
is_linear=0
shrinkage=0.05


Tree=159
num_leaves=15
num_cat=0
split_feature=3 0 2 4 7 5 2 4 1 1 4 2 0 0
split_gain=9.41875 1.5652 1.67844 2.96179 4.4894 4.3097 1.17866 0.0513873 0.00039176 3.7625e-05 1.47568e-05 1.25523e-05 5.5765e-06 3.08798e-06
threshold=1.0889260149909588 26653.730000000003 1385.7350000000004 34905.000000000007 5.5000000000000009 1.5000000000000002 4279.2800000000016 38215.000000000007 31131.475000000002 29699.930000000004 34905.000000000007 4416.5500000000011 26443.730000000003 28583.885000000006
decision_type=2 2 2 2 2 2 2 2 2 2 2 2 2 2
left_child=8 6 -3 5 -5 -4 7 12 9 10 11 -1 -2 -12
right_child=1 2 3 4 -6 -7 -8 -9 -10 -11 13 -13 -14 -15
leaf_value=-0.042464294282949344 -0.042170662322597148 0.056684898913476181 0.073747810214789974 -0.032549585614279647 0.044453724378989312 0.00052873523229486196 0.031234673868829967 -0.063466800078147617 -0.043913224378571189 -0.04254610633482437 -0.04199057598926919 -0.042118279141830667 -0.042426743945585162 -0.042147154962657724
leaf_weight=0.28612084593624088 0.48066913243383413 3.5460175275802639 4.3619336877018231 4.9161748299375168 3.0778532531112432 3.7268593162298203 0.70058697089552868 0.42872335016727448 0.3094106726348399 0.4430197263136505 3.5175702292472129 3.1225238186307251 0.38117962749674916 0.34584036376327265
leaf_count=16 35 13 34 156 16 43 9 2 6 21 401 259 22 27
internal_value=0.00409217 0.0212624 0.0255472 0.0186818 -0.00290184 0.0400126 -0.0209774 -0.0493208 -0.0421687 -0.0420987 -0.0420715 -0.0421473 -0.0422839 -0.0420046
internal_weight=29.6445 21.62 19.6288 16.0828 7.99403 8.08879 1.99116 1.29057 8.02449 7.71507 7.27206 3.40864 0.861849 3.86341
internal_count=1060 330 262 249 172 77 68 59 730 724 703 275 57 428
is_linear=0
shrinkage=0.05


Tree=160
num_leaves=17
num_cat=0
split_feature=1 1 6 2 6 2 4 1 4 4 4 0 2 3 7 2
split_gain=2.20742 1.07032 1.62071 2.70151 1.49775 0.466955 0.0174831 0.000851185 0.000493592 3.88094e-06 9.55362e-08 6.79868e-08 3.08596e-08 1.73202e-08 3.28694e-08 9.29254e-09
threshold=29968.010000000006 32181.375000000004 13.500000000000002 4392.7500000000009 1.5000000000000002 4624.6200000000008 33030.000000000007 35127.040000000008 33565.000000000007 28185.000000000004 34905.000000000007 28831.020000000004 5374.3250000000007 1.018842598292325 1.5000000000000002 4872.8900000000003
decision_type=2 2 2 2 2 2 2 2 2 2 2 2 2 2 2 2
left_child=9 2 3 6 -3 -5 -2 8 -6 -1 13 12 -12 14 -11 -15
right_child=1 4 -4 5 7 -7 -8 -9 -10 10 11 -13 -14 15 -16 -17
leaf_value=-0.042011283600619335 -0.05626994425810905 0.06997601747834245 0.088685333793161042 0.07403638139946718 -0.044119496018775101 0.028258071832816409 -0.043103746575667436 -0.046655939809831334 -0.041849614767594009 -0.041784008523647616 -0.041758021885162012 -0.04179345606072013 -0.041734097421654008 -0.04176944621774184 -0.041755245366172089 -0.041791582395260408
leaf_weight=0.15980576188303519 0.39943060278892539 0.39046428212895978 1.0313291798811404 0.97961295489221845 0.42051904276013352 1.2913990600500254 0.68375121802091599 0.1704481104388833 0.55636315676383674 0.13040212891064562 0.16776043211575598 0.060960317496210337 0.68574748211540282 0.10346801439300179 0.41677858948241919 0.087505853036418557
leaf_count=25 2 15 23 9 8 33 66 3 151 40 67 18 367 36 172 25
internal_value=0.00650914 0.0212835 0.0338694 0.0170149 -0.0146092 0.0480048 -0.0479589 -0.0433956 -0.0428267 -0.041776 -0.0417532 -0.0417424 -0.0417388 -0.0417666 -0.0417621 -0.0417796
internal_weight=7.73575 5.92332 4.38552 3.35419 1.53779 2.27101 1.08318 1.14733 0.976882 1.81243 1.65262 0.914468 0.853508 0.738155 0.547181 0.190974
internal_count=1060 310 133 110 177 42 68 162 159 750 725 452 434 273 212 61
is_linear=0
shrinkage=0.05


Tree=161
num_leaves=19
num_cat=0
split_feature=4 1 2 0 1 4 2 4 3 2 0 4 2 7 4 2 2 0
split_gain=4.41527 2.61405 0.740722 6.14574e-06 1.15167e-06 8.726e-07 8.11629e-07 4.40958e-07 2.70713e-07 2.44257e-07 1.51886e-07 1.1663e-07 1.40153e-07 1.03398e-07 6.48915e-08 3.92715e-08 2.87377e-08 2.0662e-08
threshold=33397.500000000007 30129.380000000005 4500.6400000000012 28278.765000000003 27016.485000000004 37941.500000000007 3965.7550000000006 28185.000000000004 1.026391187321819 5564.4250000000011 28518.120000000006 35397.500000000007 12820.555000000002 3.5000000000000004 37162.000000000007 4416.5500000000011 2405.7800000000002 26868.670000000002
decision_type=2 2 2 2 2 2 2 2 2 2 2 2 2 2 2 2 2 2
left_child=1 3 -3 7 10 13 16 -1 -9 -8 11 12 -2 14 -6 -15 -7 -13
right_child=4 2 -4 -5 5 6 9 8 -10 -11 -12 17 -14 15 -16 -17 -18 -19
leaf_value=-0.041972535298694193 -0.041804982651259218 0.019476804554239946 0.050166159522632585 -0.042233763181911577 -0.041844023557956793 -0.041875818668587472 -0.042019741184306209 -0.04186489551793364 -0.041922826559676121 -0.041931913191110726 -0.041875231568809353 -0.04179064093089465 -0.041863027008595129 -0.041871535192424168 -0.041807778461877394 -0.041843409582925303 -0.04184283352807483 -0.041806289005659705
leaf_weight=0.14737798320129325 0.26853804383427016 4.2423837780952454 3.6645025461912155 0.14752205950207997 0.86709132953546963 0.11216834047809232 0.1521154809743166 0.76703103445470311 0.2735952534712851 0.16506467899307609 0.084669494302943238 0.59939694753848016 0.16972912522032857 0.48749615810811509 0.14399697468616068 0.16650168178603053 0.16054018586874008 0.32552085560746491
leaf_count=22 71 26 15 14 179 20 18 143 40 23 16 171 31 85 37 34 32 83
internal_value=0.00428877 0.0227716 0.0337 -0.0419294 -0.0418451 -0.0418674 -0.0419197 -0.0418916 -0.0418801 -0.041974 -0.0418103 -0.0418062 -0.0418275 -0.0418489 -0.0418389 -0.0418644 -0.0418564 -0.0417961
internal_weight=12.9452 9.24241 7.90689 1.33553 3.70283 2.25497 0.589889 1.188 1.04063 0.31718 1.44785 1.36318 0.438267 1.66509 1.01109 0.653998 0.272709 0.924918
internal_count=1060 260 41 219 800 428 93 205 183 41 372 356 102 335 216 119 52 254
is_linear=0
shrinkage=0.05


Tree=162
num_leaves=16
num_cat=0
split_feature=3 4 1 4 2 4 0 8 2 3 4 1 7 4 0
split_gain=18.3618 3.80245 6.70808 3.51652 2.93222 3.77543 0.22844 0.0048858 0.00275567 7.08774e-05 5.32291e-05 5.50889e-05 3.46006e-05 2.19903e-05 5.35719e-07
threshold=0.9674788135492739 40120.000000000007 20777.680000000004 38897.500000000007 13746.785000000002 32625.000000000004 26340.085000000003 3.5000000000000004 13674.955000000002 1.0168753323298281 33305.000000000007 30017.295000000002 3.5000000000000004 35692.500000000007 26800.980000000003
decision_type=2 2 2 2 2 2 2 2 2 2 2 2 2 2 2
left_child=1 2 4 8 5 -1 -6 -2 -4 13 11 -11 -12 -9 -15
right_child=7 -3 3 -5 6 -7 -8 9 -10 10 12 -13 -14 14 -16
leaf_value=-0.027548674709631744 -0.047043743820100264 0.053476736858832322 -0.042901168997755694 0.02225788114381801 0.053380733026129036 0.024651342215071644 0.037299401447785839 -0.042763403094978239 -0.046304116645990885 -0.043229283958642249 -0.042786293655173252 -0.04268808923956538 -0.042961842266828684 -0.042433455697104688 -0.042500413194624935
leaf_weight=4.5656682141125264 0.72158328443765896 6.0144947320222846 6.4881993588060123 2.8769817277789116 5.2644791901111585 14.354127353057264 3.8040901869535446 1.0418596304953127 0.6549735739827155 1.8993388880044215 8.5454714652150852 0.6249279212206601 4.1798620559275141 0.87096171639859654 0.45467930845916271
leaf_count=44 6 34 224 20 35 79 25 37 7 47 293 23 125 41 20
internal_value=-0.000974875 0.0165362 0.0106907 -0.0244152 0.023259 0.0120546 0.0466349 -0.0430112 -0.0432132 -0.042846 -0.0428856 -0.0430953 -0.042844 -0.0425915 -0.0424564
internal_weight=62.3617 44.023 38.0085 10.0202 27.9884 18.9198 9.06857 18.3387 7.14317 17.6171 15.2496 2.52427 12.7253 2.3675 1.32564
internal_count=1060 468 434 251 183 123 60 592 231 586 488 70 418 98 61
is_linear=0
shrinkage=0.05


Tree=163
num_leaves=23
num_cat=0
split_feature=1 0 2 3 4 1 7 1 4 2 0 6 4 6 2 4 5 7 4 0 7 1
split_gain=19.0069 4.65639 6.37066 5.34921 4.6869 11.7886 3.56682 3.29799 6.06575 2.57799 2.47715 1.90281 1.51352 1.03959 0.0569401 0.000472072 0.000512127 0.000362775 0.000255041 0.000267145 0.000120124 9.63772e-05
threshold=31131.475000000002 26988.310000000005 12521.130000000003 1.0027719324561855 35692.500000000007 25230.310000000005 2.5000000000000004 27369.860000000004 40120.000000000007 13782.725000000002 27409.210000000003 9.5000000000000018 33155.000000000007 2.5000000000000004 15004.260000000002 34905.000000000007 1.5000000000000002 1.5000000000000002 37941.500000000007 26827.310000000001 3.5000000000000004 32449.360000000004
decision_type=2 2 2 2 2 2 2 2 2 2 2 2 2 2 2 2 2 2 2 2 2 2
left_child=1 2 4 7 5 -1 -6 8 -3 12 11 -5 -4 -12 -11 21 17 -17 -18 -20 -19 -2
right_child=15 3 9 10 6 -7 -8 -9 -10 14 13 -13 -14 -15 -16 16 18 20 19 -21 -22 -23
leaf_value=0.040647547076485158 -0.045333592696910868 0.013425483937434514 0.01849986202174873 0.019050930614157607 0.020251937170543695 -0.020051089216102894 0.056590442868328927 0.057718255646473038 -0.057472230906987012 -0.035950851335207056 -0.019584006770809629 -0.031780663707358422 -0.011743830945454288 -0.052651245029213249 -0.046927851133464815 -0.04642530901898461 -0.045669323829041507 -0.045489800580695579 -0.045433584371582687 -0.044594382275881882 -0.045919759495433699 -0.044862399266629209
leaf_weight=15.559693746268747 1.9204361140728021 18.471235968172557 6.7079294472932878 3.9483753591775921 14.055893443524839 16.462337397038937 12.996926657855509 3.0000609010457984 3.6058345660567275 2.2456423491239539 3.4895270839333516 3.4495188295841217 10.79219678044319 7.4543326497077942 2.4927829578518867 2.4163714051246625 3.0496313571929923 3.2045566290616989 2.1110541075468068 1.7217593565583227 3.2946418076753616 2.4952535554766655
leaf_count=132 22 132 26 19 114 91 92 14 28 23 18 24 51 49 22 23 32 35 24 24 33 32
internal_value=-0.000547498 0.00674131 0.0138006 -0.00647917 0.0223875 0.00944274 0.03771 0.00853001 0.0018458 -0.00900956 -0.027 -0.00465102 -0.000151197 -0.0421075 -0.0417256 -0.0455244 -0.0456521 -0.0459022 -0.0453281 -0.0450566 -0.0457078 -0.0450673
internal_weight=144.946 124.732 81.3134 43.4189 59.0749 32.022 27.0528 25.0771 22.0771 22.2386 18.3418 7.39789 17.5001 10.9439 4.73843 20.2137 15.798 8.91557 6.88244 3.83281 6.4992 4.41569
internal_count=1060 835 551 284 429 223 206 174 160 122 110 43 77 67 45 225 171 91 80 48 68 54
is_linear=0
shrinkage=0.05


Tree=164
num_leaves=12
num_cat=0
split_feature=3 0 4 4 4 0 6 2 4 0 1
split_gain=19.2146 3.77613 3.18057 2.9859 6.81108 5.29217 1.73263 0.802005 2.24924 0.224724 0.0194424
threshold=0.97633302414385459 25612.290000000005 28185.000000000004 30732.500000000004 33155.000000000007 27066.905000000002 1.5000000000000002 10118.625000000002 33155.000000000007 28094.650000000005 28592.965000000004
decision_type=2 2 2 2 2 2 2 2 2 2 2
left_child=2 -2 -1 -3 10 -6 -4 8 -8 -9 -5
right_child=1 3 6 4 5 -7 7 9 -10 -11 -12
leaf_value=0.022596257697355113 -0.046957421965406282 -0.027253808147707032 0.0015604178132922247 0.056666330990730096 -0.0041943710209983425 0.021161287016925462 0.0068142811467228996 -0.044497613884524737 -0.044122690784974272 -0.062421572089173087 0.052039003077089634
leaf_weight=2.4257359504699698 2.7771301791071883 4.5755883753299704 2.7026312090456477 3.6247886270284635 38.153272267431021 44.67644676566124 3.0751383937895316 17.285327773541216 7.3408122472465038 1.9455517902970303 6.0735886693000793
leaf_count=20 18 20 24 17 249 244 19 271 125 18 35
internal_value=-0.000614692 0.01053 -0.0326242 0.0121741 0.0141238 0.00948189 -0.0367649 -0.0402587 -0.0290844 -0.0463109 0.0537685
internal_weight=134.656 99.8808 34.7752 97.1037 92.5281 82.8297 32.3495 29.6468 10.416 19.2309 9.69838
internal_count=1060 583 477 565 545 493 457 433 144 289 52
is_linear=0
shrinkage=0.05


Tree=165
num_leaves=15
num_cat=0
split_feature=3 0 2 4 7 3 2 1 1 1 4 2 0 0
split_gain=8.72535 1.45489 1.49393 2.76177 4.06784 4.05123 1.08645 0.0468893 0.000325082 3.18639e-05 1.3299e-05 1.19066e-05 4.692e-06 3.15202e-06
threshold=1.0889260149909588 26653.730000000003 1385.7350000000004 34905.000000000007 5.5000000000000009 1.1850114936235565 4279.2800000000016 33717.05000000001 31131.475000000002 29699.930000000004 34905.000000000007 4416.5500000000011 26443.730000000003 28583.885000000006
decision_type=2 2 2 2 2 2 2 2 2 2 2 2 2 2
left_child=8 6 -3 5 -5 -4 7 12 9 10 11 -1 -2 -12
right_child=1 2 3 4 -6 -7 -8 -9 -10 -11 13 -13 -14 -15
leaf_value=-0.042438393006129858 -0.042138964738469412 0.054177216439047375 0.062776972298802775 -0.032052354026796216 0.042177541632055365 -0.012381380059146936 0.029186739297226261 -0.062796852161231098 -0.043777369279842146 -0.042497658651790872 -0.041969399883226316 -0.042094568728064836 -0.04238183562207027 -0.04213093186330516
leaf_weight=0.27526754885912241 0.45107728894800192 3.4759650528430965 5.5079047949984652 4.767976824194192 3.0112645272165537 2.6583207622170448 0.68687077332288016 0.42314459383487701 0.29209402576088894 0.42227765452116717 3.2825970514677469 2.9534819172695279 0.35564997605979443 0.33260336378589261
leaf_count=16 35 13 48 156 16 29 9 2 6 21 401 259 22 27
internal_value=0.00402226 0.0203743 0.0244759 0.0180013 -0.00331872 0.038311 -0.0211847 -0.0493167 -0.0421419 -0.0420761 -0.0420501 -0.0421239 -0.042246 -0.0419843
internal_weight=28.8965 21.3382 19.4214 15.9455 7.77924 8.16623 1.91674 1.22987 7.55832 7.26623 6.84395 3.22875 0.806727 3.6152
internal_count=1060 330 262 249 172 77 68 59 730 724 703 275 57 428
is_linear=0
shrinkage=0.05


Tree=166
num_leaves=14
num_cat=0
split_feature=1 4 1 3 1 4 2 4 0 2 3 7 7
split_gain=2.07207 1.00903 1.26812 0.2161 4.86096e-06 3.60698e-06 2.30337e-06 8.4735e-08 6.71161e-08 2.73969e-08 1.60901e-08 3.0386e-08 8.29114e-09
threshold=29968.010000000006 33565.000000000007 36139.180000000008 1.1109839318008974 34615.960000000006 28185.000000000004 4148.9800000000005 34905.000000000007 28831.020000000004 5374.3250000000007 1.018842598292325 1.5000000000000002 2.5000000000000004
decision_type=2 2 2 2 2 2 2 2 2 2 2 2 2
left_child=5 3 4 -2 6 -1 -3 10 9 -9 11 -7 -12
right_child=1 2 -4 -5 -6 7 -8 8 -10 -11 12 -13 -14
leaf_value=-0.042002668449295108 0.043268292566126652 -0.041797239215042289 0.060991717899374326 0.020939474992445712 -0.042206942649175551 -0.041778592363535566 -0.041953846495856872 -0.041752871435181443 -0.041789557269849231 -0.041729650318466059 -0.041758859501655206 -0.041750220167217911 -0.04178170992427073
leaf_weight=0.15350466570816923 2.3586418684571981 0.63220730726607122 0.40957364439964283 2.0044452045112848 0.10899145575240243 0.12422726373188175 0.37350173084996641 0.15854221279732883 0.058944539166986942 0.6388725652359426 0.058602012693881989 0.39262022078037262 0.12306021386757493
leaf_count=25 23 201 2 20 9 40 55 67 18 367 23 172 38
internal_value=0.00670788 0.0207754 -0.0142454 0.0330102 -0.0418898 -0.0417714 -0.0418554 -0.0417486 -0.0417381 -0.0417343 -0.0417615 -0.041757 -0.0417743
internal_weight=7.59573 5.88736 1.52427 4.36309 1.1147 1.70837 1.00571 1.55487 0.856359 0.797415 0.69851 0.516847 0.181662
internal_count=1060 310 267 43 265 750 256 725 452 434 273 212 61
is_linear=0
shrinkage=0.05


Tree=167
num_leaves=20
num_cat=0
split_feature=4 1 2 1 3 2 4 1 4 2 2 0 2 4 7 4 4 2 2
split_gain=4.11907 2.46188 3.71001 4.17813 0.535129 0.00252779 5.62681e-06 1.03009e-06 7.477e-07 7.00575e-07 1.62632e-07 1.44232e-07 1.03739e-07 1.2559e-07 9.63458e-08 5.69377e-08 4.60398e-08 4.01919e-08 3.49047e-08
threshold=33397.500000000007 32231.750000000004 4736.2000000000007 30129.380000000005 1.1217802209562635 4392.7500000000009 28185.000000000004 27016.485000000004 37941.500000000007 3965.7550000000006 5564.4250000000011 28518.120000000006 12820.555000000002 36337.500000000007 3.5000000000000004 37162.000000000007 34905.000000000007 2405.7800000000002 4416.5500000000011
decision_type=2 2 2 2 2 2 2 2 2 2 2 2 2 2 2 2 2 2 2
left_child=1 2 4 6 5 -1 -4 11 14 17 -11 12 16 -14 15 -9 -2 -10 -16
right_child=7 -3 3 -5 -6 -7 -8 8 9 10 -12 -13 13 -15 18 -17 -18 -19 -20
leaf_value=-0.045909937630935344 -0.041819114829776308 0.067432083228681883 -0.04217413534394774 0.075036567407046117 -0.0045447549717360326 -0.049418497008846554 -0.041864203140845824 -0.041834399030064674 -0.041869016342662324 -0.0419967199787517 -0.041923358581883466 -0.041866255521493118 -0.041852713815985931 -0.041793448020493257 -0.041861631909380505 -0.041799388114393904 -0.041784031241558106 -0.0418288378851569 -0.041834423275080954
leaf_weight=1.0931391306221474 0.10583986993879191 2.2522304356098175 0.1748928804881873 2.636168509721756 1.1139111965894697 0.96791865304112423 0.90025171311572194 0.81807246734388195 0.10748277301900078 0.14378334861248732 0.15918270940892398 0.080240484559908398 0.16079768817871809 0.20128936623223126 0.46418622881174088 0.13533863029442728 0.80280873016454279 0.14788097236305475 0.15799083490855992
leaf_count=32 26 8 21 9 9 11 170 179 20 18 23 16 31 57 85 37 242 32 34
internal_value=0.00441592 0.0220535 0.00721191 0.0411565 -0.0324669 -0.0475576 -0.0419146 -0.0418354 -0.041857 -0.0419068 -0.0419582 -0.0418012 -0.0417971 -0.0418198 -0.0418394 -0.0418294 -0.0417881 -0.0418457 -0.0418547
internal_weight=12.6234 9.13851 6.88628 3.71131 3.17497 2.06106 1.07514 3.48489 2.13392 0.55833 0.302966 1.35098 1.27074 0.362087 1.57559 0.953411 0.908649 0.255364 0.622177
internal_count=1060 260 252 200 52 43 191 800 428 93 41 372 356 88 335 216 268 52 119
is_linear=0
shrinkage=0.05


Tree=168
num_leaves=21
num_cat=0
split_feature=3 5 4 2 0 8 7 2 2 1 0 8 1 4 7 2 4 4 5 2
split_gain=17.1244 3.61763 3.19075 4.77983 2.52743 2.10664 1.16814 1.2637 0.67158 0.0847874 0.0682008 0.00390027 0.0029015 0.000130982 6.1895e-05 7.17118e-05 2.01883e-05 2.00595e-05 1.70679e-05 3.41687e-06
threshold=0.9674788135492739 1.0000000180025095e-35 36337.500000000007 11967.715000000002 28192.000000000004 4.5000000000000009 1.0000000180025095e-35 9617.0200000000023 9746.3550000000014 19600.625000000004 26542.350000000002 3.5000000000000004 21272.090000000004 33745.000000000007 3.5000000000000004 5801.1250000000009 33397.500000000007 33030.000000000007 1.5000000000000002 6277.5100000000011
decision_type=2 2 2 2 2 2 2 2 2 2 2 2 2 2 2 2 2 2 2 2
left_child=1 4 3 13 9 -5 10 -8 -6 -1 -4 -2 -11 -3 15 17 -16 -13 -18 -17
right_child=11 2 6 5 8 -7 7 -9 -10 12 -12 14 -14 -15 16 19 18 -19 -20 -21
leaf_value=-0.06287107664425623 -0.046646168059174535 -0.043015469160910001 0.047803181002434136 0.00086218731834074443 -0.012123257534279232 0.036447547802060755 -0.013467470219963033 0.03533675515402681 0.03492197804214206 -0.046529521106771027 0.057377115894122178 -0.043039723587164708 -0.043030647804989948 -0.042416545570921706 -0.043090120692735559 -0.042548409448311765 -0.042979204380417774 -0.042753910748021234 -0.042783482352769284 -0.042404718076559954
leaf_weight=0.88563333451747839 0.68053501099348324 2.0042244661599429 3.4081922918558147 7.6602890230715284 1.3870075140148403 9.0992137789726257 1.6390289049595574 6.9533962439745665 1.6743138693273065 1.1586284153163435 4.0953517556190491 0.6640013530850436 1.2127023860812185 1.6764459479600189 1.2901044730097044 0.57890851423144285 1.9279188551008699 8.135903279297052 2.6380887757986784 1.4498975146561859
leaf_count=5 6 60 26 51 19 35 38 59 23 13 20 18 38 81 38 25 56 286 92 71
internal_value=-0.00105032 0.0159224 0.0219636 0.00885154 -0.0190114 0.0201825 0.0386146 0.0260272 0.013607 -0.0496703 0.0530285 -0.0429359 -0.0447402 -0.0427427 -0.0427845 -0.0427137 -0.0429155 -0.0427755 -0.0428661 -0.0424457
internal_weight=60.2198 42.8544 36.5361 20.4402 6.31829 16.7595 16.096 8.59243 3.06132 3.25696 7.50354 17.3654 2.37133 3.68067 16.6848 10.8287 5.85611 8.7999 4.56601 2.02881
internal_count=1060 468 370 227 98 86 143 97 42 56 46 592 51 141 586 400 186 304 148 96
is_linear=0
shrinkage=0.05


Tree=169
num_leaves=23
num_cat=0
split_feature=1 4 1 4 3 0 8 6 2 1 3 6 2 1 2 4 6 7 4 2 7 1
split_gain=17.7927 4.47441 9.50522 5.27463 5.46634 5.26752 2.21906 3.21682 2.6356 1.30432 1.41518 0.222763 0.0364752 0.0251038 0.0222991 0.000443302 0.0003958 0.000262334 0.000199366 0.000291942 8.03752e-05 7.68241e-05
threshold=31131.475000000002 34905.000000000007 27241.350000000002 36337.500000000007 0.76951466148307446 27006.785000000003 4.5000000000000009 3.5000000000000004 7414.4050000000016 28160.405000000002 1.1419315993599806 9.5000000000000018 12820.555000000002 28973.965000000004 13447.585000000001 34905.000000000007 7.5000000000000009 1.5000000000000002 37941.500000000007 3285.7500000000005 3.5000000000000004 32449.360000000004
decision_type=2 2 2 2 2 2 2 2 2 2 2 2 2 2 2 2 2 2 2 2 2 2
left_child=1 2 6 9 14 -6 7 -1 -8 12 -11 -4 -3 -13 -5 21 17 -17 -18 -20 -19 -2
right_child=15 3 11 4 5 -7 8 -9 -10 10 -12 13 -14 -15 -16 16 18 20 19 -21 -22 -23
leaf_value=-0.017291673414549041 -0.045094604928954889 0.045967114057667104 -0.035532909609781768 -0.039223791348588638 0.029328479333556253 -0.0058355005858424279 0.036578165899851946 0.029989402816396216 -0.01212574503956133 0.003634366617634529 0.041390723456133829 -0.052884990866050509 0.053415617131148729 -0.047016335136028077 -0.045859440379667105 -0.046148022424514247 -0.04544553380965511 -0.045301886690407023 -0.045232334745262934 -0.044315312979637443 -0.045687951197625552 -0.044661231288684294
leaf_weight=4.7188016921281841 1.8081093281507516 9.2481944933533686 4.2021822631359083 2.2361991703510276 21.046610504388809 21.559589505195618 3.2908368110656765 15.138133496046065 17.815777331590652 4.9871582686901075 4.9403631836175919 3.6901582255959511 1.9988543838262547 3.5998659320175648 2.9184016808867455 2.1921295672655088 3.5432013943791389 2.6353244706988335 2.6135251820087437 1.2994391322135923 2.7602166458964348 2.3539364524185658
leaf_count=18 22 107 39 10 161 140 19 110 83 25 21 23 11 34 34 22 39 30 31 20 29 32
internal_value=-0.000588477 0.00648653 -0.00451793 0.0148603 0.0056512 0.0115348 0.00675554 0.0187535 -0.00453208 0.035632 0.0224236 -0.0447018 0.0472909 -0.049987 -0.0429807 -0.0453062 -0.0454325 -0.0456868 -0.0451738 -0.0449278 -0.0454994 -0.0448495
internal_weight=140.597 121.391 52.4558 68.9354 47.7608 42.6062 40.9635 19.8569 21.1066 21.1746 9.92752 11.4922 11.247 7.29002 5.1546 19.2059 15.0438 7.58767 7.45617 3.91296 5.39554 4.16205
internal_count=1060 835 326 509 345 301 230 128 102 164 46 96 118 57 44 225 171 81 90 51 59 54
is_linear=0
shrinkage=0.05


Tree=170
num_leaves=15
num_cat=0
split_feature=3 0 4 1 0 4 2 7 3 6 1 4 0 2
split_gain=17.3545 3.574 3.18876 6.17612 3.77709 2.90929 3.39347 4.72634 4.14013 0.158798 0.00286835 0.000633377 0.000275864 0.00023249
threshold=0.97633302414385459 25832.050000000003 32625.000000000004 20068.450000000001 27649.135000000002 38215.000000000007 3915.6150000000002 2.5000000000000004 1.1850114936235565 5.5000000000000009 27016.485000000004 33155.000000000007 25750.225000000002 12820.555000000002
decision_type=2 2 2 2 2 2 2 2 2 2 2 2 2 2
left_child=2 -2 3 9 -5 6 7 -3 -8 -1 11 -4 -11 -13
right_child=1 5 10 4 -6 -7 8 -9 -10 12 -12 13 -14 -15
leaf_value=-0.062877688683530025 -0.030924309574724498 0.052641589002005822 -0.044862354786587344 -0.018609622358446244 0.055238088527486386 -0.021834848952427093 0.010581659482897639 0.013371206887371982 -0.042709833922651444 -0.045324928396062517 -0.046490830631406077 -0.04369423257228687 -0.044492334784413216 -0.044089222957535305
leaf_weight=1.7709470316767673 5.0588842034339896 11.672311462461947 1.5600104257464469 3.3438929915428162 3.5909269899129868 5.8679121136665335 48.690110549330711 22.29975351691246 3.9393644779920569 1.8917477056384089 1.1271489560604084 12.525030646473171 2.0984689332544804 5.3025541715323916
leaf_count=9 39 76 20 34 13 26 289 131 22 22 12 246 30 91
internal_value=-0.000632948 0.00999739 -0.0318505 -0.0121562 0.0196295 0.0122362 0.0145447 0.0268639 0.00659274 -0.0504173 -0.0440388 -0.0438963 -0.0448871 -0.0438117
internal_weight=130.739 97.5283 33.2107 12.696 6.93482 92.4695 86.6015 33.9721 52.6295 5.76116 20.5147 19.3876 3.99022 17.8276
internal_count=1060 583 477 108 47 544 518 207 311 61 369 357 52 337
is_linear=0
shrinkage=0.05


Tree=171
num_leaves=15
num_cat=0
split_feature=1 6 2 0 1 2 2 1 1 4 4 4 1 7
split_gain=8.22504 1.45014 2.03634 1.54617 1.82751 3.82125 0.43364 0.00187238 0.000261523 0.000253282 3.41454e-05 7.28499e-06 3.8482e-06 1.93589e-06
threshold=29699.930000000004 3.5000000000000004 2405.7800000000002 27906.735000000004 34370.070000000007 4033.3750000000005 2828.9800000000005 33820.070000000007 29581.985000000004 34905.000000000007 28185.000000000004 34905.000000000007 27854.150000000005 1.0000000180025095e-35
decision_type=2 2 2 2 2 2 2 2 2 2 2 2 2 2
left_child=8 2 -2 4 5 -3 -5 9 10 -4 -1 13 -13 -12
right_child=1 3 7 6 -6 -7 -8 -9 -10 -11 11 12 -14 -15
leaf_value=-0.042525275603029024 0.028711250504269897 -0.024663620678002526 -0.043927159966418335 0.073349538977176262 0.061998791695672843 0.034470549129076773 0.039746255261968649 -0.046245673718572022 -0.043532231957968598 -0.042440851771821178 -0.042187293721722322 -0.041946089281161184 -0.042067235793331735 -0.042065958205498279
leaf_weight=0.35651715938002126 1.9093711972236662 4.6386799076572078 0.46427140291780211 1.6289863735437387 2.0020242035388938 6.6461063995957375 2.3380672112107277 0.70763856172561634 0.31066162604838599 0.74913990125060081 0.3784601837396625 2.7307198871858422 0.86256083054468025 2.5019525308161974
leaf_count=24 9 151 11 8 8 50 33 7 12 41 27 361 83 235
internal_value=0.00426593 0.0199738 -0.00785633 0.0261522 0.0179736 0.0101631 0.0535447 -0.0442016 -0.0421134 -0.0430095 -0.0420489 -0.0420227 -0.0419752 -0.0420819
internal_weight=28.2252 21.0843 3.83042 17.2539 13.2868 11.2848 3.96705 1.92105 7.14087 1.21341 6.83021 6.47369 3.59328 2.88041
internal_count=1060 318 68 250 209 201 41 59 742 52 730 706 444 262
is_linear=0
shrinkage=0.05


Tree=172
num_leaves=17
num_cat=0
split_feature=1 1 0 2 6 2 2 1 4 4 4 0 2 7 3 8
split_gain=1.94012 0.914779 1.33111 1.41025 1.30415 0.942367 0.400833 0.00101404 0.000396586 3.26636e-06 7.48095e-08 5.48427e-08 2.18784e-08 1.39786e-08 2.55094e-08 8.72423e-09
threshold=29968.010000000006 32181.375000000004 26893.720000000005 4392.7500000000009 1.5000000000000002 3965.7550000000006 4624.6200000000008 36139.180000000008 33565.000000000007 28185.000000000004 34905.000000000007 28831.020000000004 5374.3250000000007 1.5000000000000002 1.018842598292325 4.5000000000000009
decision_type=2 2 2 2 2 2 2 2 2 2 2 2 2 2 2 2
left_child=9 2 -2 5 -3 -4 -5 8 -6 -1 13 12 -12 15 -15 -11
right_child=1 4 3 6 7 -7 -8 -9 -10 10 11 -13 -14 14 -16 -17
leaf_value=-0.041991936052842294 0.09719698531742603 0.062301721798857436 0.031470342616391145 0.068732491350504937 -0.043949981536552593 -0.050869021815371986 0.02643930169794554 -0.047482628198270045 -0.04185875856191805 -0.041783385295791987 -0.041747411583224092 -0.041781844708175066 -0.041725999285354837 -0.041745707097267305 -0.041770463302981287 -0.041758769451677037
leaf_weight=0.14615179016254831 0.65743962652049948 0.40401958161965001 0.5734445011476057 0.9788381448015574 0.39535988122224786 0.88190123462118208 1.3099719132296739 0.12897989153862 0.53148696653079242 0.067503576865419523 0.1489042341709137 0.055324320564977825 0.59998553642071784 0.37016188516281545 0.14474736689589918 0.077113591600209475
leaf_count=25 39 15 36 9 8 17 32 1 153 21 67 18 367 172 50 30
internal_value=0.00685054 0.0202036 0.0315792 0.0200573 -0.0140951 -0.0184251 0.0445265 -0.0433288 -0.0427508 -0.0417665 -0.041744 -0.0417338 -0.0417303 -0.0417565 -0.0417527 -0.0417703
internal_weight=7.47133 5.86144 4.4016 3.74416 1.45985 1.45535 2.28881 1.05583 0.926847 1.60989 1.46374 0.804214 0.74889 0.659526 0.514909 0.144617
internal_count=1060 310 133 94 177 53 41 162 161 750 725 452 434 273 222 51
is_linear=0
shrinkage=0.05


Tree=173
num_leaves=20
num_cat=0
split_feature=4 1 2 4 1 4 2 3 7 2 0 4 2 4 7 4 4 2 2
split_gain=3.91241 2.25214 0.608535 4.71226e-06 8.85321e-07 6.19254e-07 5.58043e-07 2.58881e-07 2.00988e-07 1.44595e-07 1.33182e-07 1.21279e-07 1.0577e-07 1.19018e-07 8.266e-08 4.77686e-08 4.06299e-08 3.34682e-08 2.78187e-08
threshold=33397.500000000007 30129.380000000005 4500.6400000000012 28185.000000000004 27016.485000000004 37941.500000000007 3965.7550000000006 1.018842598292325 1.0000000180025095e-35 5564.4250000000011 28518.120000000006 33030.000000000007 12741.340000000002 36337.500000000007 3.5000000000000004 37162.000000000007 34905.000000000007 2405.7800000000002 4416.5500000000011
decision_type=2 2 2 2 2 2 2 2 2 2 2 2 2 2 2 2 2 2 2
left_child=1 3 -3 -1 10 14 17 8 -5 -8 12 -9 16 -14 15 -6 -2 -7 -16
right_child=4 2 -4 7 5 6 9 11 -10 -11 -12 -13 13 -15 18 -17 -18 -19 -20
leaf_value=-0.042120220029099598 -0.041810374578886145 0.018735252438312512 0.046950736836983406 -0.041900011119701472 -0.041825939046974958 -0.041860068608454593 -0.041978604527649836 -0.041933845800302787 -0.041831151133139753 -0.041907279377040189 -0.041857903519774337 -0.041866710486847321 -0.04184575028769371 -0.041786912488574392 -0.041851629635129534 -0.041793057863262088 -0.041776321086253967 -0.041822509149476092 -0.041826735948332
leaf_weight=0.21009983401745358 0.099230361869559802 4.0916702300310135 3.5855221599340439 0.12940035667270422 0.77527962788008176 0.10184902092441905 0.13564475858584046 0.1381160132586956 0.5851911730132997 0.14923160756006837 0.076523270923644193 0.13114548940211535 0.15469156438484788 0.19340992253273726 0.4409890491515398 0.12880697497166693 0.74679206102155149 0.14200784638524055 0.15053783706389368
leaf_count=26 26 26 15 20 179 20 18 19 130 23 16 24 31 58 85 37 241 32 34
internal_value=0.00469745 0.0219778 0.0319129 -0.0419053 -0.0418267 -0.0418472 -0.0418937 -0.0418594 -0.0418436 -0.0419412 -0.041794 -0.0419011 -0.0417899 -0.0418131 -0.0418308 -0.0418213 -0.0417803 -0.0418382 -0.0418453
internal_weight=12.1661 8.87115 7.67719 1.19395 3.29499 2.02435 0.528733 0.983853 0.714592 0.284876 1.27065 0.269262 1.19412 0.348101 1.49561 0.904087 0.846022 0.243857 0.591527
internal_count=1060 260 41 219 800 428 93 193 150 41 372 43 356 89 335 216 267 52 119
is_linear=0
shrinkage=0.05


Tree=174
num_leaves=21
num_cat=0
split_feature=3 5 4 2 0 8 7 6 2 1 6 4 3 4 7 2 4 4 5 2
split_gain=15.9751 3.38142 2.93797 4.3912 2.39945 1.73898 1.12434 1.20645 0.606907 0.0757146 0.0666195 0.00356311 0.00293795 0.000117647 5.42402e-05 6.25386e-05 1.8453e-05 1.82215e-05 1.59012e-05 2.7195e-06
threshold=0.9674788135492739 1.0000000180025095e-35 36337.500000000007 11967.715000000002 28192.000000000004 4.5000000000000009 1.0000000180025095e-35 7.5000000000000009 9746.3550000000014 19600.625000000004 10.500000000000002 40120.000000000007 0.77255106175730182 33745.000000000007 3.5000000000000004 5801.1250000000009 33030.000000000007 33397.500000000007 1.5000000000000002 6277.5100000000011
decision_type=2 2 2 2 2 2 2 2 2 2 2 2 2 2 2 2 2 2 2 2
left_child=1 4 3 13 9 -5 10 -8 -6 -1 -4 14 -11 -3 15 16 -2 -16 -19 -17
right_child=11 2 6 5 8 -7 7 -9 -10 12 -12 -13 -14 -15 17 19 -18 18 -20 -21
leaf_value=-0.062056401023976859 -0.042976302802551047 -0.042946051191586558 0.057387659239709982 0.0014874329183025118 -0.012009788236891545 0.033799070787510543 -0.0088833961443843239 0.035752428971493784 0.032580786754503176 -0.046987826415987505 0.047690608766631289 -0.046471752482482448 -0.043285109236783435 -0.042359509305917087 -0.043022595615392789 -0.042494862219825742 -0.042695891248451322 -0.042915580749164815 -0.042721818626138386 -0.042362618684941657
leaf_weight=0.86370185762643759 0.63520221412181666 1.9032202772796183 3.2953988760709754 7.594126984477044 1.3825436364859345 9.2191821783781052 1.9861818086355905 6.3656834829598665 1.7031272538006303 0.85838499292731318 3.8293280899524689 0.66160494834184724 1.425226980820298 1.5521225426346061 1.2222573338076479 0.54295003227889438 7.6836640033870935 1.838904336094856 2.4960969164967537 1.3689316641539333
leaf_count=5 18 60 16 51 19 35 21 76 23 9 30 6 42 81 38 25 286 56 92 71
internal_value=-0.00111166 0.0152545 0.0211803 0.00865438 -0.018729 0.0192048 0.0375847 0.0251375 0.0126019 -0.0494463 0.0521758 -0.042877 -0.0446769 -0.0426826 -0.0427263 -0.042658 -0.0427173 -0.0428521 -0.042804 -0.0424002
internal_weight=58.4278 41.9782 35.7452 20.2687 6.23298 16.8133 15.4766 8.35187 3.08567 3.14731 7.12473 16.4496 2.28361 3.45534 15.788 10.2307 8.31887 5.55726 4.335 1.91188
internal_count=1060 468 370 227 98 86 143 97 42 56 46 592 51 141 586 400 304 186 148 96
is_linear=0
shrinkage=0.05


Tree=175
num_leaves=23
num_cat=0
split_feature=1 4 1 4 3 0 8 6 6 1 3 6 2 2 1 4 6 7 4 2 7 1
split_gain=16.6748 4.25807 8.81205 4.80762 4.96317 4.96033 2.00895 4.62705 2.32167 1.30691 1.308 0.221845 0.0415306 0.0297964 0.0222303 0.000394787 0.000395767 0.000234595 0.000195295 0.000257328 6.65973e-05 5.26277e-05
threshold=31131.475000000002 34905.000000000007 27241.350000000002 36337.500000000007 0.76951466148307446 27006.785000000003 4.5000000000000009 2.5000000000000004 6.5000000000000009 28160.405000000002 1.1419315993599806 9.5000000000000018 13258.320000000002 12820.555000000002 28973.965000000004 34905.000000000007 7.5000000000000009 1.5000000000000002 37941.500000000007 3285.7500000000005 3.5000000000000004 32449.360000000004
decision_type=2 2 2 2 2 2 2 2 2 2 2 2 2 2 2 2 2 2 2 2 2 2
left_child=1 2 6 9 12 -6 7 -1 -8 13 -11 -4 -5 -3 -13 21 17 -17 -18 -20 -19 -2
right_child=15 3 11 4 5 -7 8 -9 -10 10 -12 14 -14 -15 -16 16 18 20 19 -21 -22 -23
leaf_value=-0.038195259233629125 -0.044865036679636205 0.045737481099204502 -0.034849876907954734 -0.036229182682281695 0.028829942006193595 -0.0056134179135056989 0.024865875118399001 0.028471987158415254 -0.013931945739978226 0.0036166129867910091 0.0400486489707121 -0.052351765037069044 -0.045663193164869526 0.052638493261986989 -0.046707725969161992 -0.045925671230699197 -0.04522828330778101 -0.045114076973482617 -0.04499594289773301 -0.044105281107909594 -0.045473933931858029 -0.044496123856978265
leaf_weight=3.0959406197071102 1.7015868872404127 8.6942349523305911 4.0285035744309408 1.9239809811115254 20.537527039647102 21.287823386490345 5.0982389077544239 16.335189923644066 15.823620207607744 4.9671855270862562 4.8881284147500992 3.5585944056510925 2.9634105041623116 1.907281920313834 3.4226191565394402 2.0985886529088003 3.3655302226543427 2.5097608268260956 2.4450216814875607 1.2134354375302789 2.6361053362488747 2.2385126762092113
leaf_count=12 22 107 39 8 161 140 30 116 72 25 21 23 36 11 34 22 39 30 31 20 29 32
internal_value=-0.000550071 0.00629331 -0.00454398 0.0145803 0.0057281 0.0112993 0.00627372 0.01785 -0.00447769 0.0347941 0.0216865 -0.0441932 -0.0419494 0.046979 -0.0495847 -0.0450985 -0.0452208 -0.0454801 -0.0449534 -0.0447005 -0.0452984 -0.0446554
internal_weight=136.741 118.532 51.3627 67.1696 46.7127 41.8254 40.353 19.4311 20.9219 20.4568 9.85531 11.0097 4.88739 10.6015 6.98121 18.2085 14.2684 7.24445 7.02399 3.65846 5.14587 3.9401
internal_count=1060 835 326 509 345 301 230 128 102 164 46 96 44 118 57 225 171 81 90 51 59 54
is_linear=0
shrinkage=0.05


Tree=176
num_leaves=16
num_cat=0
split_feature=3 0 4 1 0 4 4 4 6 1 1 4 0 0 3
split_gain=15.9579 3.33309 3.11207 5.82123 3.38718 2.60901 6.31005 4.8629 0.141013 0.0188679 0.00269801 0.000607471 0.000227019 0.000214767 0.000213779
threshold=0.97633302414385459 25612.290000000005 32625.000000000004 20068.450000000001 27649.135000000002 30732.500000000004 33155.000000000007 33397.500000000007 5.5000000000000009 28482.355000000003 27016.485000000004 34732.500000000007 25750.225000000002 28518.120000000006 0.75318744187217657
decision_type=2 2 2 2 2 2 2 2 2 2 2 2 2 2 2
left_child=2 -2 3 8 -5 -3 9 -8 -1 -7 11 14 -10 -13 -4
right_child=1 5 10 4 -6 6 7 -9 12 -11 -12 13 -14 -15 -16
leaf_value=-0.061938841498349488 -0.046102999926948711 -0.026288910503385488 -0.044726210485796551 -0.01787687052628124 0.052469287468879522 0.055675665980055015 -0.039245617783827978 0.011712842284254165 -0.045096231985110827 0.050912817494431634 -0.046326857813596543 -0.043525698168487136 -0.044319973653665995 -0.044296567896151766 -0.044018618054251279
leaf_weight=1.7254856377840058 2.6155614480376235 4.4353617131710044 1.4982617869973243 3.26971086114645 3.5899911522865295 3.2497044056653959 4.9966872036457053 74.264546319842339 1.788058325648308 5.7737946435809135 1.089676834642886 12.067169826477762 1.9902350790798662 0.97666341066360551 3.7120782919228077
leaf_count=9 18 20 20 34 13 16 24 469 22 36 12 258 30 16 63
internal_value=-0.000659133 0.00956048 -0.0313868 -0.0117931 0.0189384 0.0111307 0.0130106 0.00850038 -0.0500958 0.0526281 -0.04391 -0.0437657 -0.0446873 -0.0435834 -0.0442221
internal_weight=127.043 95.3357 31.7073 12.3635 6.8597 92.7201 88.2847 79.2612 5.50378 9.0235 19.3439 18.2542 3.77829 13.0438 5.21034
internal_count=1060 583 477 108 47 565 545 493 61 52 369 357 52 274 83
is_linear=0
shrinkage=0.05


Tree=177
num_leaves=15
num_cat=0
split_feature=1 6 2 1 2 6 6 1 1 4 4 4 1 7
split_gain=7.64816 1.2974 1.91751 1.42299 2.23483 2.86778 0.5695 0.00163622 0.00023086 0.000205108 3.12613e-05 6.74984e-06 3.51815e-06 1.54452e-06
threshold=29699.930000000004 3.5000000000000004 2405.7800000000002 34370.070000000007 4033.3750000000005 7.5000000000000009 11.500000000000002 33820.070000000007 29581.985000000004 34905.000000000007 28185.000000000004 34905.000000000007 27854.150000000005 1.0000000180025095e-35
decision_type=2 2 2 2 2 2 2 2 2 2 2 2 2 2
left_child=8 2 -2 4 5 -3 -6 9 10 -4 -1 13 -13 -12
right_child=1 3 7 -5 6 -7 -8 -9 -10 -11 11 12 -14 -15
leaf_value=-0.042498224967828437 0.027539948059771287 0.036956245315093644 -0.043780913058097698 0.06038830574009673 0.023646617610923914 -0.030173395861986071 0.050187111361478146 -0.046020683956629102 -0.043456798242429769 -0.042406049284854558 -0.042159760139901331 -0.041928373882936812 -0.042047551068155435 -0.042048370714387988
leaf_weight=0.33863193262368696 1.9086757116019755 2.7026873072609332 0.43654194939881541 2.4332864284515372 4.1102410499006492 3.8677068674005568 3.9768807198852301 0.67881184816360463 0.29678580258041609 0.71652298327535391 0.3578258985653523 2.5527091496624057 0.81758976122364391 2.3885807362385094
leaf_count=24 9 50 11 10 45 124 21 7 12 41 27 361 83 235
internal_value=0.00415148 0.0191409 -0.00753142 0.0249785 0.0191002 -0.00256007 0.036698 -0.0440731 -0.0420933 -0.0429266 -0.0420306 -0.0420047 -0.0419573 -0.0420629
internal_weight=27.5835 20.8314 3.74055 17.0908 14.6575 6.57039 8.08712 1.83188 6.75212 1.15306 6.45534 6.11671 3.3703 2.74641
internal_count=1060 318 68 250 240 174 66 59 742 52 730 706 444 262
is_linear=0
shrinkage=0.05


Tree=178
num_leaves=14
num_cat=0
split_feature=1 4 1 3 1 4 2 4 0 1 3 7 2
split_gain=1.8354 0.886625 1.1681 0.171139 3.36191e-06 2.8178e-06 1.99936e-06 6.92963e-08 5.36284e-08 1.93416e-08 1.23239e-08 2.19961e-08 7.36711e-09
threshold=29968.010000000006 33565.000000000007 36139.180000000008 1.1109839318008974 34615.960000000006 28185.000000000004 4148.9800000000005 34905.000000000007 28831.020000000004 27931.635000000006 1.018842598292325 1.5000000000000002 4872.8900000000003
decision_type=2 2 2 2 2 2 2 2 2 2 2 2 2
left_child=5 3 4 -2 6 -1 -3 10 9 -9 11 -7 -12
right_child=1 2 -4 -5 -6 7 -8 8 -10 -11 12 -13 -14
leaf_value=-0.041976833991108006 0.040261102317787352 -0.041792001809234425 0.05756336282331026 0.020386880714755917 -0.042156141128791208 -0.041767654734595212 -0.04194191926234947 -0.041721714474365013 -0.041778286431825677 -0.041741270880225667 -0.041754374038230999 -0.04174220611842213 -0.041775618839186811
leaf_weight=0.13842464913614083 2.3717619171366096 0.59445477300323524 0.41127876937389363 1.9937723968178032 0.097676123958081007 0.11180545901879646 0.35533040284644812 0.5356138264760375 0.053453860920853913 0.16549702279735357 0.087599934195168316 0.35296636109706014 0.07639283942990005
leaf_count=25 23 201 2 20 9 40 55 352 18 82 36 172 25
internal_value=0.00713252 0.0199075 -0.0138405 0.0311844 -0.0418768 -0.0417617 -0.0418481 -0.0417402 -0.04173 -0.0417263 -0.0417525 -0.0417483 -0.0417643
internal_weight=7.34603 5.82427 1.45874 4.36553 1.04746 1.52175 0.949785 1.38333 0.754565 0.701111 0.628765 0.464772 0.163993
internal_count=1060 310 267 43 265 750 256 725 452 434 273 212 61
is_linear=0
shrinkage=0.05


Tree=179
num_leaves=20
num_cat=0
split_feature=4 1 2 1 3 2 0 1 4 2 7 0 4 7 2 4 2 2 6
split_gain=3.65973 2.16242 3.40028 3.57958 0.519049 0.0022882 4.19016e-06 8.13581e-07 5.95659e-07 5.49142e-07 1.49104e-07 1.28004e-07 9.35975e-08 7.07088e-08 5.84524e-08 4.28075e-08 4.27038e-08 2.29116e-08 1.85515e-08
threshold=33397.500000000007 32231.750000000004 4736.2000000000007 30129.380000000005 1.1217802209562635 4392.7500000000009 28278.765000000003 27016.485000000004 37941.500000000007 3965.7550000000006 5.5000000000000009 28518.120000000006 34732.500000000007 3.5000000000000004 12338.030000000001 37162.000000000007 2405.7800000000002 4416.5500000000011 10.500000000000002
decision_type=2 2 2 2 2 2 2 2 2 2 2 2 2 2 2 2 2 2 2
left_child=1 2 4 6 5 -1 -4 11 13 16 -11 12 18 15 -14 -9 -10 -15 -2
right_child=7 -3 3 -5 -6 -7 -8 8 9 10 -12 -13 14 17 -16 -17 -18 -19 -20
leaf_value=-0.045604064555609308 -0.041832698742557073 0.064499371956139626 -0.041849839281651757 0.071000488787922408 -0.0043331097820510358 -0.049039656035152909 -0.042158286261545795 -0.041818069695003152 -0.04185368186380406 -0.041970465736717782 -0.041896692429629484 -0.041850695618191269 -0.04176830713936594 -0.04184224621453899 -0.04179539598370155 -0.041786071606368519 -0.041809936386680728 -0.041819080119666049 -0.041798836030999292
leaf_weight=1.0176703114993855 0.089102615602315582 2.1787155568599701 0.8374343870673332 2.5839886069297791 1.1060768663883207 0.92532725771889079 0.12677391222678125 0.73312238464131929 0.097378742648288497 0.13726624473929405 0.13669671770185232 0.072944676037877687 0.67086991341784596 0.41866200533695519 0.28320934763178229 0.12190298875793815 0.13061897223815322 0.14324976340867579 0.07406676048412919
leaf_count=32 20 8 177 9 9 11 14 179 20 19 22 16 233 85 83 37 32 34 20
internal_value=0.00479591 0.0213103 0.00704731 0.0403228 -0.0316753 -0.0472402 -0.0418904 -0.041819 -0.0418391 -0.0418859 -0.0419337 -0.0417865 -0.0417823 -0.0418226 -0.0417763 -0.0418135 -0.0418286 -0.0418363 -0.0418173
internal_weight=11.8851 8.77599 6.59727 3.5482 3.04907 1.943 0.964208 3.10909 1.9189 0.501961 0.273963 1.19019 1.11725 1.41694 0.954079 0.855025 0.227998 0.561912 0.163169
internal_count=1060 260 252 200 52 43 191 800 428 93 41 372 356 335 316 216 52 119 40
is_linear=0
shrinkage=0.05


Tree=180
num_leaves=16
num_cat=0
split_feature=3 4 1 4 2 4 0 2 4 7 2 4 5 4 2
split_gain=14.9604 3.29567 5.39721 3.00218 2.74413 2.74139 0.999879 0.00317878 0.00315563 5.32996e-05 5.58557e-05 2.25759e-05 1.46722e-05 1.13517e-05 2.02169e-06
threshold=0.9674788135492739 40120.000000000007 20777.680000000004 38897.500000000007 13746.785000000002 32625.000000000004 26542.350000000002 13674.955000000002 40120.000000000007 3.5000000000000004 5801.1250000000009 33397.500000000007 1.5000000000000002 33030.000000000007 6277.5100000000011
decision_type=2 2 2 2 2 2 2 2 2 2 2 2 2 2 2
left_child=1 2 4 7 5 -1 -6 -4 9 10 13 -11 -13 -2 -12
right_child=8 -3 3 -5 6 -7 -8 -9 -10 11 14 12 -14 -15 -16
leaf_value=-0.02524367142531473 -0.0428728502822067 0.05118559073348742 -0.042789322492958276 0.019828739873356156 0.056431004550618558 0.020361424338390586 0.019189846589667429 -0.046482869475967685 -0.046263221513424796 -0.042993985982735572 -0.042436730475562241 -0.042855666634357754 -0.042664753836732766 -0.042644455283600197 -0.042318807206881137
leaf_weight=4.2934323437511983 0.58789581246673517 5.373801849782466 5.6581055093556625 2.7009148225188255 5.5960891842842084 14.173136470839379 2.6586388051509857 0.64937815442681301 0.63851901143789369 1.1832170020788915 0.50691067613661278 1.7545553036034105 2.3601309135556221 7.2924304082989693 1.2843431523069737
leaf_count=44 18 34 224 20 41 79 19 7 6 38 25 56 92 286 71
internal_value=-0.00114629 0.0146786 0.00918786 -0.0242813 0.0204711 0.00975835 0.0444366 -0.0431696 -0.0428209 -0.042674 -0.0426042 -0.0428015 -0.0427462 -0.0426615 -0.0423522
internal_weight=56.7115 41.1035 35.7297 9.0084 26.7213 18.4666 8.25473 6.30748 15.608 14.9695 9.67158 5.2979 4.11469 7.88033 1.79125
internal_count=1060 468 434 251 183 123 60 231 592 586 400 186 148 304 96
is_linear=0
shrinkage=0.05


Tree=181
num_leaves=21
num_cat=0
split_feature=1 4 1 0 3 3 6 4 1 7 6 2 1 4 5 7 4 2 7 1
split_gain=15.7194 4.00345 8.20881 4.5266 5.61966 5.01614 3.07358 2.44197 2.00355 2.09652 0.878664 0.629009 0.0415217 0.000336209 0.000332579 0.000237173 0.000180739 0.000186823 8.08884e-05 5.06424e-05
threshold=31131.475000000002 34905.000000000007 27016.485000000004 27429.070000000003 1.0118370314591323 0.77928835517572725 6.5000000000000009 37162.000000000007 17804.750000000004 2.5000000000000004 9.5000000000000018 5594.5800000000008 28973.965000000004 34905.000000000007 1.5000000000000002 1.5000000000000002 36384.500000000007 3190.1000000000008 3.5000000000000004 32449.360000000004
decision_type=2 2 2 2 2 2 2 2 2 2 2 2 2 2 2 2 2 2 2 2
left_child=1 2 8 5 6 10 -5 -7 -1 -10 -3 12 -4 19 15 -15 -16 -18 -17 -2
right_child=13 3 11 4 -6 7 -8 -9 9 -11 -12 -13 -14 14 16 18 17 -19 -20 -21
leaf_value=-0.02140758273147747 -0.044706378503553114 -0.0010147205438445996 -0.053653368144320882 0.030939205157680522 -0.042596181416605407 0.039048426909081398 -0.025128221337176584 0.013640218538138788 -0.0070374009535926797 0.020177356820629152 -0.036862160007625898 -0.025129041296917815 -0.046072089357006678 -0.045700126579872463 -0.045139897055387825 -0.04488410997613182 -0.044775783317157022 -0.044019680717592269 -0.04526357606445866 -0.04433521726866689
leaf_weight=5.3635745272040358 1.6212725341320067 3.9099237844347945 2.8597717583179456 8.2774276584386843 6.8516477867960921 24.741036832332611 3.4686486795544615 15.30734036117792 10.354556687176226 22.35474157333374 3.0373246967792511 4.3583076745271683 4.9015886671841145 2.1006032004952413 1.9569889083504675 2.7569730207324028 2.7531934157013898 1.1616958566009996 2.8624705523252487 2.1217686794698238
leaf_count=28 22 23 19 64 35 209 32 111 48 147 35 31 53 23 23 35 37 20 33 32
internal_value=-0.000510646 0.00613747 -0.00449098 0.0142704 -0.0066093 0.0225333 0.0143823 0.0293369 0.0069175 0.0115622 -0.0166872 -0.0403297 -0.0488655 -0.0449156 -0.0450311 -0.0452468 -0.0447475 -0.0445514 -0.0450774 -0.044496
internal_weight=133.121 115.786 50.1925 65.5933 18.5977 46.9956 11.7461 40.0484 38.0729 32.7093 6.94725 12.1197 7.76136 17.335 13.5919 7.72005 5.87188 3.91489 5.61944 3.74304
internal_count=1060 835 326 509 131 378 96 320 223 195 58 103 72 225 171 91 80 57 68 54
is_linear=0
shrinkage=0.05


Tree=182
num_leaves=19
num_cat=0
split_feature=3 0 4 1 0 2 8 4 7 1 4 0 6 1 4 0 3 0
split_gain=14.5949 3.13962 3.05233 5.49035 3.01013 2.51528 8.95701 3.90516 3.84849 5.22178 4.46672 0.525509 0.148292 0.00263933 0.000574402 0.000213776 0.000179131 0.000168072
threshold=0.97633302414385459 25612.290000000005 32625.000000000004 20068.450000000001 27649.135000000002 5374.3250000000007 4.5000000000000009 35397.500000000007 2.5000000000000004 31131.475000000002 35987.500000000007 27546.900000000005 4.5000000000000009 27016.485000000004 34732.500000000007 28518.120000000006 0.75318744187217657 25715.165000000005
decision_type=2 2 2 2 2 2 2 2 2 2 2 2 2 2 2 2 2 2
left_child=2 -2 3 12 -5 8 11 -8 9 -3 -10 -7 -1 14 16 -16 -4 -14
right_child=1 5 13 4 -6 6 7 -9 10 -11 -12 -13 17 -15 15 -17 -18 -19
leaf_value=-0.063314785335162521 -0.045674590058686987 0.05108374705503238 -0.044565713118194537 -0.016847751885343678 0.049890953849393668 -0.04842299435319717 0.05159630022537734 -0.0033948013848192262 0.017895414035134938 0.0097422963892470436 -0.018030701696048947 -0.024614098346925139 -0.044917613141200574 -0.046216288390318883 -0.043395324653402768 -0.044183362673357957 -0.043902499183877536 -0.0442414217029308
leaf_weight=1.4480484127998368 2.5464482232928267 13.984213702380659 1.4294300302863181 3.1996396109461784 3.5798621773719788 6.200704600661993 6.3602287918329239 6.5565630085766315 23.374181792140007 16.831387273967266 13.736210033297537 3.7008887082338333 1.5492566898465159 1.0553521960973729 11.265289567410942 0.93178946152329523 3.5384034812450409 2.2587673775851727
leaf_count=6 18 77 20 34 13 69 33 44 127 107 89 19 20 12 258 16 63 35
internal_value=-0.000705428 0.00908135 -0.030882 -0.0113419 0.0183931 0.0106179 -0.00374455 0.0236828 0.0154427 0.0285032 0.00459756 -0.039524 -0.0496954 -0.0437893 -0.0436401 -0.0434555 -0.0440933 -0.0445165
internal_weight=123.547 93.2908 30.2558 12.0356 6.7795 90.7444 22.8184 12.9168 67.926 30.8156 37.1104 9.90159 5.25607 18.2203 17.1649 12.1971 4.96783 3.80802
internal_count=1060 583 477 108 47 565 165 77 400 184 216 88 61 369 357 274 83 55
is_linear=0
shrinkage=0.05


Tree=183
num_leaves=17
num_cat=0
split_feature=1 1 4 3 4 6 5 1 1 0 2 1 4 4 1 3
split_gain=7.16181 1.22587 3.18833 1.01455 2.72784 1.28345 1.20496 0.905302 0.86108 0.503035 0.00536068 0.000209602 3.15956e-05 6.10894e-06 3.19462e-06 1.32947e-06
threshold=29699.930000000004 32762.395 33565.000000000007 1.1934432076561217 34905.000000000007 5.5000000000000009 1.5000000000000002 31385.455000000005 34226.06500000001 28107.465000000004 5374.3250000000007 29581.985000000004 28185.000000000004 34905.000000000007 27854.150000000005 1.018842598292325
decision_type=2 2 2 2 2 2 2 2 2 2 2 2 2 2 2 2
left_child=11 2 7 4 -3 -6 -5 -2 -8 10 -4 12 -1 15 -15 -14
right_child=1 3 9 6 5 -7 8 -9 -10 -11 -12 -13 13 14 -16 -17
leaf_value=-0.042494111872755244 0.049211569172852639 0.093012074810475812 -0.042735257776625339 -0.0025459700460908935 -0.042899179761157265 0.049821637802770227 0.018981277042972908 0.0058174142397730095 0.059829407508654744 0.0020076480525692648 -0.047798039203384372 -0.043406196475823222 -0.042024476760154639 -0.041912074494041052 -0.042028869194818491 -0.042109065977793958
leaf_weight=0.32502265647053974 2.6528879329562205 1.8306666202843183 1.8933915318921215 3.6220403313636762 0.77123970817774512 0.72318583633750677 3.3625559564679861 2.1974960062652826 2.0933087319135666 0.76300281565636385 0.72232359834015358 0.2830925965681671 2.0045700892806058 2.3869070564396684 0.77576682297512878 0.60460110846906889
leaf_count=24 26 8 105 34 35 6 45 18 9 23 9 12 212 361 83 50
internal_value=0.00422211 0.0185387 0.00357611 0.028466 0.0520945 0.00197049 0.0198113 0.0295516 0.0346539 -0.0337135 -0.0441333 -0.0420762 -0.0420145 -0.0419874 -0.0419407 -0.0420441
internal_weight=27.0121 20.6321 8.2291 12.403 3.32509 1.49443 9.07791 4.85038 5.45586 3.37872 2.61572 6.37996 6.09687 5.77185 3.16267 2.60917
internal_count=1060 318 181 137 49 41 88 44 54 137 114 742 730 706 444 262
is_linear=0
shrinkage=0.05


Tree=184
num_leaves=13
num_cat=0
split_feature=1 1 2 2 6 4 4 0 1 3 7 2
split_gain=1.71292 0.995589 1.38517 1.62568 1.23029 2.55325e-06 6.24714e-08 5.03212e-08 1.76206e-08 1.06071e-08 1.81815e-08 7.90754e-09
threshold=29968.010000000006 30096.365000000002 4698.4550000000008 4205.3100000000004 13.500000000000002 28185.000000000004 34905.000000000007 28831.020000000004 27931.635000000006 1.018842598292325 1.5000000000000002 4872.8900000000003
decision_type=2 2 2 2 2 2 2 2 2 2 2 2
left_child=5 -2 3 4 -3 -1 9 8 -8 10 -7 -11
right_child=1 2 -4 -5 -6 6 7 -9 -10 11 -12 -13
leaf_value=-0.041967101197368989 0.10698958590478275 -0.023034271353577496 -0.044518449580914048 0.060977829416569443 0.047382096609314091 -0.041762499075304757 -0.041718138942985684 -0.041774058381014625 -0.041737353883858616 -0.041748972626081654 -0.041738752533881263 -0.041771560961206745
leaf_weight=0.13218868360854674 0.30597912496887136 1.8387146668974312 0.84622766159009177 1.8761717448942361 0.93609339650720347 0.10609249304980017 0.50007994740735739 0.05147965089417994 0.15669666568282992 0.082015197607688606 0.3355431902455166 0.073437258834019303
leaf_count=25 8 183 36 31 52 40 352 18 82 36 172 25
internal_value=0.00710444 0.0192083 0.0143223 0.0250282 0.000720992 -0.0417577 -0.0417365 -0.0417265 -0.0417227 -0.0417484 -0.0417445 -0.0417596
internal_weight=7.24072 5.80319 5.49721 4.65098 2.77481 1.43753 1.30534 0.708256 0.656777 0.597088 0.441636 0.155452
internal_count=1060 310 302 266 235 750 725 452 434 273 212 61
is_linear=0
shrinkage=0.05


Tree=185
num_leaves=19
num_cat=0
split_feature=4 1 2 1 2 0 1 4 2 7 0 4 7 2 4 4 1 6
split_gain=3.42909 1.98558 3.14161 3.2828 0.517749 3.64888e-06 7.32563e-07 5.09777e-07 4.72984e-07 1.46913e-07 1.45342e-07 9.14121e-08 5.74703e-08 4.94651e-08 3.85963e-08 3.62216e-08 2.10667e-08 1.67236e-08
threshold=33397.500000000007 32231.750000000004 4736.2000000000007 30129.380000000005 4074.6050000000005 28278.765000000003 27016.485000000004 37941.500000000007 3965.7550000000006 5.5000000000000009 28626.480000000003 34732.500000000007 3.5000000000000004 12338.030000000001 37162.000000000007 38215.000000000007 30656.785000000003 10.500000000000002
decision_type=2 2 2 2 2 2 2 2 2 2 2 2 2 2 2 2 2 2
left_child=1 2 4 5 -1 -4 10 12 15 -10 11 17 14 -13 -8 -9 -14 -2
right_child=6 -3 3 -5 -6 -7 7 8 9 -11 -12 13 16 -15 -16 -17 -18 -19
leaf_value=-0.0052119865891926071 -0.041825577255549223 0.062702561667317122 -0.041840836208395044 0.068546960891342171 -0.048017805860959217 -0.042136827696144151 -0.041811330692441084 -0.041803201834878699 -0.041957899879393967 -0.041882792766598662 -0.04185439961205549 -0.041761400313694158 -0.04181684647332673 -0.041787050820474889 -0.041780182584448017 -0.041844588093160773 -0.041836840535531383 -0.041792597063758992
leaf_weight=1.1731169018894418 0.084751495625824846 2.1245317906141281 0.79600049648433957 2.5389935374259949 1.7756010920275 0.11979107744991779 0.69747646665200569 0.12450883351266373 0.13179404428228736 0.12867809529416263 0.061253395862877258 0.63020748575218022 0.23619161522947252 0.26782890828326344 0.11599368625320494 0.091883462853729725 0.29792272718623281 0.07034051395021379
leaf_count=19 20 8 177 9 33 14 179 32 19 22 13 235 57 84 37 20 62 20
internal_value=0.00476585 0.0208168 0.00692006 0.0392752 -0.030988 -0.0418796 -0.0418115 -0.041831 -0.0418754 -0.0419208 -0.0417795 -0.0417752 -0.0418153 -0.0417691 -0.0418069 -0.0418208 -0.041828 -0.0418106
internal_weight=11.4669 8.52803 6.4035 3.45479 2.94872 0.915792 2.93883 1.82445 0.476864 0.260472 1.11438 1.05313 1.34758 0.898036 0.81347 0.216392 0.534114 0.155092
internal_count=1060 260 252 200 52 191 800 428 93 41 372 359 335 319 216 52 119 40
is_linear=0
shrinkage=0.05


Tree=186
num_leaves=16
num_cat=0
split_feature=3 4 1 4 2 4 0 4 2 7 2 4 5 4 1
split_gain=13.9897 3.1382 4.90187 2.80601 2.57951 2.54316 1.01994 0.00271632 0.00267024 4.75446e-05 4.97936e-05 2.04684e-05 1.47214e-05 1.06997e-05 2.17084e-06
threshold=0.9674788135492739 40120.000000000007 20777.680000000004 38897.500000000007 13746.785000000002 32625.000000000004 26542.350000000002 40120.000000000007 13674.955000000002 3.5000000000000004 5801.1250000000009 33397.500000000007 1.5000000000000002 33030.000000000007 28160.405000000002
decision_type=2 2 2 2 2 2 2 2 2 2 2 2 2 2 2
left_child=1 2 4 8 5 -1 -6 9 -4 10 13 -11 -13 -2 -12
right_child=7 -3 3 -5 6 -7 -8 -9 -10 11 14 12 -14 -15 -16
leaf_value=-0.024854592588554714 -0.042820851125876809 0.05047412690151485 -0.042726685738825917 0.018787622212619481 0.056037579743933752 0.019339799382408526 0.0179667657524555 -0.046026369087528579 -0.04620540051982467 -0.042935391221709598 -0.042279394188248734 -0.042805131092665094 -0.042609194461971034 -0.042594241815229528 -0.042416140627860963
leaf_weight=4.2243266440928045 0.56349568255245142 5.1762034222483626 5.3327870573848468 2.6481510922312737 5.2729410827159873 14.18928376585245 2.6401082761585712 0.61196389049291688 0.61528146266937245 1.1240984713658697 1.3037707852199671 1.679878104478121 2.2328581111505628 6.8914956469088793 0.3733317395672201
leaf_count=44 18 34 224 20 41 79 19 6 7 38 77 56 92 286 19
internal_value=-0.00118489 0.0141419 0.00875678 -0.0240256 0.0194609 0.00920102 0.0433356 -0.0427649 -0.0430865 -0.042624 -0.042556 -0.0427473 -0.0426933 -0.0426114 -0.0423098
internal_weight=54.88 40.0991 34.9229 8.59622 26.3267 18.4136 7.91305 14.7809 5.94807 14.1689 9.13209 5.03683 3.91274 7.45499 1.6771
internal_count=1060 468 434 251 183 123 60 592 231 586 400 186 148 304 96
is_linear=0
shrinkage=0.05


Tree=187
num_leaves=22
num_cat=0
split_feature=1 4 1 4 3 2 8 3 8 1 3 2 2 1 4 5 7 4 0 7 1
split_gain=14.8635 3.68203 7.56501 4.13015 4.24249 5.51853 2.3988 1.94911 3.27337 1.32973 1.10175 0.225751 0.0263845 0.0259548 0.000343312 0.000332153 0.000209499 0.000161256 0.000213041 6.41749e-05 4.90502e-05
threshold=31131.475000000002 34905.000000000007 27241.350000000002 36337.500000000007 0.87118681729126901 5374.3250000000007 3.5000000000000004 0.66094075969639043 4.5000000000000009 28160.405000000002 1.1419315993599806 5594.5800000000008 12820.555000000002 28973.965000000004 34905.000000000007 1.5000000000000002 1.5000000000000002 37941.500000000007 26827.310000000001 3.5000000000000004 32449.360000000004
decision_type=2 2 2 2 2 2 2 2 2 2 2 2 2 2 2 2 2 2 2 2 2
left_child=1 2 7 9 6 -6 -5 -1 -9 12 -11 13 -3 -4 20 16 -16 -17 -19 -18 -2
right_child=14 3 11 4 5 -7 -8 8 -10 10 -12 -13 -14 -15 15 17 19 18 -20 -21 -22
leaf_value=-0.034007462198504999 -0.044535311849062349 0.045340636922688693 -0.052129295245187696 -0.057156646356057342 -0.010941507253155612 0.031012199313908431 -0.0062926404991878382 0.025940113834202708 -0.0044622312552268341 0.0034388340685357881 0.037292730914918228 -0.031438146038579744 0.052059057850186066 -0.045779014280250545 -0.045532738168073371 -0.044883343723911909 -0.044761077894864859 -0.044708241392169674 -0.043866435324263132 -0.045105156464681287 -0.044159541223377681
leaf_weight=2.8731298446655265 1.540002368390563 7.69525368884206 2.4746122285723668 3.2403538525104496 12.856477066874502 20.08165292814374 8.1434250771999359 15.69153071939945 20.317088812589645 4.8427193462848646 4.7709259539842606 2.9012436382472515 1.8039183393120763 4.6002779267728329 2.0192331261932832 2.5307139754295349 2.6640505567193031 1.7366504967212679 1.3250327333807943 2.7582206502556801 1.9914289303123949
leaf_count=20 22 107 18 31 63 174 77 108 102 25 21 25 11 53 23 32 35 24 24 33 32
internal_value=-0.00054759 0.0059747 -0.00434184 0.0139206 0.00554253 0.0146367 -0.0207709 0.00562404 0.00878624 0.0333489 0.0202394 -0.0431836 0.0466165 -0.0480002 -0.0447607 -0.0448792 -0.045098 -0.044588 -0.0443439 -0.0449361 -0.0443234
internal_weight=128.858 112.293 48.8579 63.4347 44.3219 32.9381 11.3838 38.8817 36.0086 19.1128 9.61365 9.97613 9.49917 7.07489 16.5653 13.0339 7.4415 5.5924 3.06168 5.42227 3.53143
internal_count=1060 835 326 509 345 237 108 230 210 164 46 96 118 71 225 171 91 80 48 68 54
is_linear=0
shrinkage=0.05


Tree=188
num_leaves=16
num_cat=0
split_feature=3 4 2 3 1 4 1 3 0 2 7 6 2 4 0
split_gain=13.3206 3.02039 2.89893 3.20003 4.55054 5.55244 4.44742 2.52338 2.90948 3.59977 2.36408 1.65452 0.810602 1.90859 0.170663
threshold=0.97633302414385459 28185.000000000004 4117.1850000000004 1.0837188757919201 30656.785000000003 35012.500000000007 33820.070000000007 1.1614123663630882 26426.105000000003 7585.2200000000003 1.5000000000000002 1.5000000000000002 10118.625000000002 33155.000000000007 28094.650000000005
decision_type=2 2 2 2 2 2 2 2 2 2 2 2 2 2 2
left_child=1 -1 3 -2 5 -5 -6 8 9 -4 -10 -3 13 -13 -14
right_child=2 11 7 4 6 -7 -8 -9 10 -11 -12 12 14 -15 -16
leaf_value=0.025911122582182013 0.061375890821211913 0.0038980782230394182 -0.035711964654397799 0.030195661389060841 0.034822781903919083 -0.047168989905632917 -0.0093673181201001342 -0.042751920162455652 -0.0090047070908383861 0.039985046186466845 0.019120860931311427 0.0057994953308755327 -0.043928936803174085 -0.043572062542098833 -0.060661947933089502
leaf_weight=2.2086098119616535 3.8795749843120566 2.4877776391804245 7.9070095308125001 3.8787780031561834 22.122595161199573 5.7680173367261887 7.6670250445604315 3.1958792656660071 10.982812844216822 1.9598574638366697 23.368144251406193 2.9726653136312979 13.787964189425109 5.7319617345929146 1.7131410837173451
leaf_count=20 17 24 83 26 163 31 35 19 61 14 134 19 271 125 18
internal_value=-0.000720588 -0.0302816 0.00869612 0.0180468 0.0137843 -0.0160623 0.0234495 0.000153588 0.00325462 -0.0206763 0.0101285 -0.0349309 -0.0389216 -0.0267115 -0.0457782
internal_weight=119.632 28.9021 90.7297 43.316 39.4364 9.6468 29.7896 47.4137 44.2178 9.86687 34.351 26.6935 24.2057 8.70463 15.5011
internal_count=1060 477 583 272 255 57 198 311 292 97 195 457 433 144 289
is_linear=0
shrinkage=0.05


Tree=189
num_leaves=14
num_cat=0
split_feature=3 1 4 2 2 0 3 4 4 1 1 2 4
split_gain=6.75765 1.19738 2.37352 2.15036 3.41666 2.61695 1.01727 0.00472294 0.000215296 0.000188335 3.07166e-05 9.80837e-06 5.90525e-06
threshold=1.0889260149909588 31131.475000000002 30732.500000000004 4279.2800000000016 2731.0650000000001 28192.000000000004 1.1850114936235565 37941.500000000007 33822.500000000007 31131.475000000002 29857.390000000003 4231.6450000000013 34905.000000000007
decision_type=2 2 2 2 2 2 2 2 2 2 2 2 2
left_child=9 2 -2 4 5 -3 -6 8 -4 10 11 -1 -13
right_child=1 3 7 -5 6 -7 -8 -9 -10 -11 -12 12 -14
leaf_value=-0.042271092507954217 0.038751715023792245 0.013537461415585565 -0.043612197082397108 0.051846829219198191 0.0029708754875561651 0.077546304071615502 -0.0460202755047735 -0.04819073591847281 -0.042281347724961553 -0.043426248954681688 -0.042451430978181215 -0.042020626910430209 -0.041913550929764891
leaf_weight=0.27494063181802886 1.519082799553874 5.5000302344560641 0.42680695839226279 4.8266710583120576 1.9547813422977922 2.2500770092010498 2.3138213464990258 0.52312294580042351 1.0552138783968983 0.24465836957097042 0.36914213187992562 2.4609339898452163 2.700762627646327
leaf_count=23 11 63 14 27 63 8 58 6 80 6 20 265 416
internal_value=0.00433064 0.0181123 -0.00839119 0.0236572 0.0123363 0.0321211 -0.0235851 -0.0441063 -0.0426646 -0.0420673 -0.0420101 -0.0419801 -0.0419646
internal_weight=26.42 20.3696 3.52423 16.8454 12.0187 7.75011 4.2686 2.00514 1.48202 6.05044 5.80578 5.43664 5.1617
internal_count=1060 330 111 219 192 71 121 100 94 730 724 704 681
is_linear=0
shrinkage=0.05


Tree=190
num_leaves=13
num_cat=0
split_feature=1 1 2 2 6 4 4 0 1 7 1 0
split_gain=1.61414 0.821874 1.26974 1.43701 1.12101 2.18358e-06 5.84969e-08 4.27053e-08 1.51952e-08 1.11854e-08 1.65569e-08 7.45083e-09
threshold=29968.010000000006 30096.365000000002 4698.4550000000008 4205.3100000000004 13.500000000000002 28185.000000000004 34905.000000000007 28831.020000000004 27931.635000000006 1.5000000000000002 26472.645000000004 25636.570000000003
decision_type=2 2 2 2 2 2 2 2 2 2 2 2
left_child=5 -2 3 4 -3 -1 9 8 -8 11 -11 -7
right_child=1 2 -4 -5 -6 6 7 -9 -10 10 -12 -13
leaf_value=-0.041952158656429525 0.096388908592677194 -0.022186725544205033 -0.044284397161734684 0.057707320211546821 0.044989958456196577 -0.041771086507665471 -0.041714917148028725 -0.041768091520249816 -0.041733326977381434 -0.041733745682440739 -0.04175394029946905 -0.041746681959632395
leaf_weight=0.12519232928752888 0.32303143246099342 1.7902453936403619 0.7903490129392593 1.8988899716641752 0.95089159673079837 0.057943895226344244 0.46742718247696757 0.048443162580952048 0.14743977191392332 0.28197208058554679 0.15857516985852271 0.067953670164570212
leaf_count=25 8 183 36 31 52 20 352 18 82 154 68 31
internal_value=0.00734401 0.0189066 0.0142975 0.0242759 0.00111665 -0.0417532 -0.041733 -0.0417229 -0.0417193 -0.0417448 -0.041741 -0.0417579
internal_weight=7.10835 5.75341 5.43038 4.64003 2.74114 1.35495 1.22975 0.66331 0.614867 0.566445 0.440547 0.125898
internal_count=1060 310 302 266 235 750 725 452 434 273 222 51
is_linear=0
shrinkage=0.05


Tree=191
num_leaves=19
num_cat=0
split_feature=4 1 2 1 7 0 1 4 2 7 0 4 1 4 2 4 2 6
split_gain=3.24445 1.84734 2.87236 3.02328 0.528277 2.96749e-06 6.68486e-07 4.49691e-07 4.11024e-07 1.26612e-07 1.19564e-07 7.93022e-08 5.71121e-08 6.3484e-08 4.64889e-08 4.1834e-08 3.20948e-08 1.41326e-08
threshold=33397.500000000007 32231.750000000004 4736.2000000000007 30129.380000000005 2.5000000000000004 28278.765000000003 27016.485000000004 37941.500000000007 3965.7550000000006 5.5000000000000009 28626.480000000003 34732.500000000007 30950.150000000005 35397.500000000007 12338.030000000001 34905.000000000007 2405.7800000000002 10.500000000000002
decision_type=2 2 2 2 2 2 2 2 2 2 2 2 2 2 2 2 2 2
left_child=1 2 4 5 -1 -4 10 12 16 -10 11 17 13 -8 -13 -14 -9 -2
right_child=6 -3 3 -5 -6 -7 7 8 9 -11 -12 14 15 -15 -16 -17 -18 -19
leaf_value=-0.047300144427163647 -0.041816686918831038 0.061443719996882577 -0.041833249600784134 0.066360789273529591 -0.0030737760940012055 -0.042107712449235023 -0.041820025166855783 -0.041836893388855184 -0.04194468441457911 -0.041873290355213977 -0.041842777052952168 -0.041754972299634173 -0.041791448402748489 -0.041787450407327481 -0.04178065353122104 -0.041825627897390666 -0.0417969359032489 -0.041785487407753154
leaf_weight=1.7305869583506122 0.080074638826773681 2.0804422646760941 0.75809839251451228 2.4871595203876495 1.1071979277767239 0.11318693147040904 0.22314604790881254 0.087084823753684648 0.12553666951134801 0.12289134785532951 0.057487014913931489 0.58772129588760436 0.10953498771414161 0.45361670735292137 0.2516858393792063 0.49002241855487227 0.11882832739502192 0.066390594700351357
leaf_count=29 20 8 177 9 23 14 55 20 19 22 13 235 31 138 84 111 32 20
internal_value=0.0049928 0.0206774 0.0069897 0.0382826 -0.0300447 -0.0418689 -0.0418043 -0.0418234 -0.0418661 -0.0419094 -0.0417727 -0.0417686 -0.0418081 -0.0417982 -0.0417627 -0.0418194 -0.0418138 -0.0418025
internal_weight=11.0507 8.27667 6.19623 3.35844 2.83778 0.871285 2.77402 1.73066 0.454341 0.248428 1.04336 0.985872 1.27632 0.676763 0.839407 0.599557 0.205913 0.146465
internal_count=1060 260 252 200 52 191 800 428 93 41 372 359 335 193 319 142 52 40
is_linear=0
shrinkage=0.05


Tree=192
num_leaves=16
num_cat=0
split_feature=3 4 3 4 2 4 0 2 4 7 2 4 5 4 1
split_gain=13.0389 2.91308 4.56933 2.58526 2.4043 2.51182 1.04312 0.00260208 0.0022507 4.28935e-05 4.35302e-05 1.99723e-05 1.101e-05 8.48472e-06 1.8979e-06
threshold=0.9674788135492739 40120.000000000007 0.7870816554390635 38897.500000000007 13746.785000000002 32625.000000000004 26542.350000000002 12741.340000000002 40120.000000000007 3.5000000000000004 5801.1250000000009 33397.500000000007 1.5000000000000002 33030.000000000007 28160.405000000002
decision_type=2 2 2 2 2 2 2 2 2 2 2 2 2 2 2
left_child=1 2 4 7 5 -1 -6 -4 9 10 13 -11 -13 -2 -12
right_child=8 -3 3 -5 6 -7 -8 -9 -10 11 14 12 -14 -15 -16
leaf_value=-0.024678833311177897 -0.042750921508479853 0.049281868868661191 -0.042557407948685906 0.017487296145657357 0.055672802138857773 0.019068013871491624 0.016698668274818744 -0.045249059635374553 -0.045752783719582302 -0.042882384172407279 -0.042237958839133755 -0.042737311758508034 -0.042563004094228675 -0.042543105298922815 -0.042370063798151336
leaf_weight=4.2826476581394735 0.53124818950890951 4.9853246808052054 4.5174932200461608 2.5611195266246796 4.9941925704479209 14.032175177708266 2.6161234118044376 1.1206230632960794 0.58041426539421159 1.0741493422538049 1.217695655301213 1.5819571502506735 2.1199282286688685 6.5079553499817848 0.35003021452575911
leaf_count=47 18 34 215 20 41 76 19 16 6 38 77 56 92 286 19
internal_value=-0.00122823 0.0135801 0.00836436 -0.0241697 0.0186538 0.00883847 0.042275 -0.0430924 -0.0427046 -0.0425724 -0.0425057 -0.0426926 -0.0426375 -0.0425588 -0.0422675
internal_weight=53.0731 39.1097 34.1244 8.19924 25.9251 18.3148 7.61032 5.63812 13.9634 13.383 8.60693 4.77603 3.70189 7.0392 1.56773
internal_count=1060 468 434 251 183 123 60 231 592 586 400 186 148 304 96
is_linear=0
shrinkage=0.05


Tree=193
num_leaves=21
num_cat=0
split_feature=1 4 1 0 3 3 3 4 1 1 2 6 1 4 5 7 4 0 5 1
split_gain=13.8061 3.40781 6.98947 3.92461 5.04015 4.23964 2.57854 2.17128 1.60592 1.83489 0.762395 0.227748 0.0158758 0.00028287 0.000310436 0.000229664 0.000125051 0.000169479 6.06493e-05 4.68688e-05
threshold=31131.475000000002 34905.000000000007 27241.350000000002 27429.070000000003 1.0118370314591323 0.77928835517572725 0.87118681729126901 37162.000000000007 17804.750000000004 25484.175000000007 13696.715000000002 9.5000000000000018 28973.965000000004 34905.000000000007 1.5000000000000002 1.5000000000000002 37941.500000000007 26827.310000000001 1.0000000180025095e-35 32449.360000000004
decision_type=2 2 2 2 2 2 2 2 2 2 2 2 2 2 2 2 2 2 2 2
left_child=1 2 8 5 6 10 -5 -7 -1 -10 -3 -4 -13 19 15 -15 -16 -18 -17 -2
right_child=13 3 11 4 -6 7 -8 -9 9 -11 -12 12 -14 14 16 18 17 -19 -20 -21
leaf_value=-0.020775117712038722 -0.044369258682962896 -0.0020164779413636182 -0.03248170329848514 -0.013765646430387773 -0.041205105438709491 0.037569080015404044 0.035229454459643143 0.012916142449232807 0.015128233706832009 -0.014338084697910126 -0.036897691998147672 -0.051002410641149493 -0.0458697276799645 -0.04535667193653143 -0.044654085283077585 -0.044881788299133071 -0.044499593911272457 -0.043725117994669098 -0.044536606760012469 -0.043990636370836209
leaf_weight=5.144588701426982 1.4536698944866651 4.0434785708785048 3.4742477089166623 4.7049272842705268 6.5624982193112364 22.831706892699003 6.2562036663293839 14.670019056648014 26.497685246169567 6.5989260151982299 2.5572534948587418 3.1526952460408211 2.88538483902812 1.9388477616012076 2.373229619115591 2.6719382330775261 1.6289722025394442 1.2472203969955442 2.4297104142606258 1.8672663066536186
leaf_count=28 22 24 39 50 35 209 46 111 168 34 34 23 34 23 32 34 24 24 34 32
internal_value=-0.000579046 0.00569882 -0.00432698 0.0134677 -0.00654957 0.0214214 0.0141989 0.0279253 0.00521343 0.00925313 -0.0155301 -0.0426811 -0.0485497 -0.0445658 -0.0446765 -0.0448934 -0.0443854 -0.0441638 -0.0447174 -0.0441564
internal_weight=124.99 109.38 47.7535 61.6261 17.5236 44.1025 10.9611 37.5017 38.2412 33.0966 6.60073 9.51233 6.03808 15.6109 12.2899 7.0405 5.24942 2.87619 5.10165 3.32094
internal_count=1060 835 326 509 131 378 96 320 230 202 58 96 57 225 171 91 80 48 68 54
is_linear=0
shrinkage=0.05


Tree=194
num_leaves=16
num_cat=0
split_feature=3 4 1 0 0 4 4 4 0 1 1 4 0 0 3
split_gain=12.0367 3.08536 5.16625 2.75865 2.73027 2.34194 4.65535 4.16589 0.084886 0.00223787 0.00196244 0.000517387 0.000206601 0.000161473 0.000155574
threshold=0.97633302414385459 32625.000000000004 20068.450000000001 27649.135000000002 25832.050000000003 30732.500000000004 33155.000000000007 33397.500000000007 27246.570000000003 27016.485000000004 29431.275000000005 34732.500000000007 25750.225000000002 28503.375000000004 0.75318744187217657
decision_type=2 2 2 2 2 2 2 2 2 2 2 2 2 2 2
left_child=1 2 8 -4 -2 -6 10 -8 12 11 -7 14 -1 -13 -3
right_child=4 9 3 -5 5 6 7 -9 -10 -11 -12 13 -14 -15 -16
leaf_value=-0.044679775001522176 -0.029821172020558687 -0.04432424519280688 -0.015756304012406477 0.04879852654785119 -0.025963797275343786 0.049359905546439486 -0.038028354521235264 0.011503285514769189 -0.058358561528330424 -0.045914797158273596 0.051023629524908257 -0.043171111787356956 -0.04388550605647723 -0.043878712496621022 -0.043679183904073084
leaf_weight=1.5926992036402245 4.4559395872056475 1.3191413246095187 3.0808579139411449 3.5756383687257767 4.2176941484212866 4.46893037110567 4.5293179228901854 67.636105734854937 1.5872919708490369 0.95468695461750108 2.9375108405947685 9.8018844723701442 1.6847755536437032 0.87850013747811395 3.2072969526052475
leaf_count=22 39 20 34 13 20 32 23 451 9 12 18 257 30 17 63
internal_value=-0.000707465 -0.0294728 -0.00970274 0.0189203 0.00831628 0.0103444 0.012269 0.00839453 -0.0488679 -0.0435666 0.0500198 -0.0434192 -0.0442715 -0.0432293 -0.0438672
internal_weight=115.928 27.6828 11.5213 6.6565 88.2455 83.7896 79.5719 72.1654 4.86477 16.1615 7.40644 15.2068 3.27747 10.6804 4.52644
internal_count=1060 477 108 47 583 544 524 474 61 369 50 357 52 274 83
is_linear=0
shrinkage=0.05


Tree=195
num_leaves=16
num_cat=0
split_feature=3 4 4 1 4 5 1 6 1 2 1 1 4 2 0
split_gain=6.28814 1.18097 4.52855 4.55508 4.11484 2.4586 1.60515 0.303127 0.00172279 0.000702982 0.000157755 2.42742e-05 8.46589e-06 8.3869e-06 1.82303e-06
threshold=1.0889260149909588 34905.000000000007 34732.500000000007 31807.810000000001 37941.500000000007 1.5000000000000002 31131.475000000002 15.500000000000002 33820.070000000007 4577.795000000001 31131.475000000002 29699.930000000004 34905.000000000007 4392.7500000000009 28583.885000000006
decision_type=2 2 2 2 2 2 2 2 2 2 2 2 2 2 2
left_child=10 2 3 6 8 -6 -2 -7 9 -3 11 12 13 -1 -14
right_child=1 4 -4 -5 5 7 -8 -9 -10 -11 -12 -13 14 -15 -16
leaf_value=-0.042332161571126889 0.01340351075367064 -0.042322992945925619 0.096698942510354394 -0.046237648890635606 -0.011279788266654477 0.054153996684281419 0.076511756134748421 0.030577680584976005 -0.04600790239707514 -0.044488976329106145 -0.043327086290889494 -0.042387792851277806 -0.041886884766804758 -0.04200159961741165 -0.042027176777252456
leaf_weight=0.20945763681084217 2.1828846633434313 2.0774699519388378 2.0341577045619488 2.2454306278377771 3.0756075866520387 3.2761001624166965 1.8714032918214796 2.3351515047252178 0.47053586691617955 0.45701320422813285 0.23036870919167984 0.36080057453364123 2.3614287530072038 2.286846830509603 0.25673755072057236
leaf_count=15 41 144 9 33 30 28 8 20 5 12 6 21 401 260 27
internal_value=0.00426112 0.0174545 0.0318363 0.0108924 0.0072033 0.0246493 0.0425334 0.0443426 -0.0432294 -0.0427136 -0.0420453 -0.0419914 -0.0419635 -0.0420293 -0.0419006
internal_weight=25.7314 20.0258 8.33388 6.29972 11.6919 8.68686 4.05429 5.61125 3.00502 2.53448 5.70564 5.47527 5.11447 2.4963 2.61817
internal_count=1060 330 91 82 239 78 49 48 161 156 730 724 703 275 428
is_linear=0
shrinkage=0.05


Tree=196
num_leaves=15
num_cat=0
split_feature=1 6 1 1 3 1 4 4 4 0 1 7 3 0
split_gain=1.52907 0.741497 1.38289 1.53503 1.24134 0.000595734 0.000322871 1.81449e-06 5.31473e-08 3.70927e-08 1.51793e-08 9.73701e-09 1.53025e-08 6.66711e-09
threshold=29968.010000000006 1.5000000000000002 32181.375000000004 31807.810000000001 1.1217802209562635 36139.180000000008 33565.000000000007 28185.000000000004 34905.000000000007 28831.020000000004 27931.635000000006 1.5000000000000002 1.018842598292325 25636.570000000003
decision_type=2 2 2 2 2 2 2 2 2 2 2 2 2 2
left_child=7 -2 3 4 -3 6 -4 -1 11 10 -10 13 -13 -9
right_child=1 2 5 -5 -6 -7 -8 8 9 -11 -12 12 -14 -15
leaf_value=-0.041935707706178799 0.062813522838409963 0.027164845805938073 -0.043830873654664301 0.095619986214228014 -0.046272098564370673 -0.046569965206719389 -0.041835813186894638 -0.041766501957902914 -0.041711707398080521 -0.041763039382233282 -0.041730590361617886 -0.041731616933876607 -0.041752826354585638 -0.041742853103749193
leaf_weight=0.11774841381702561 0.81757458695210505 2.5651957509107897 0.35771068558096875 0.63404620066285122 0.74186183942947526 0.11304371058940887 0.46826598769985139 0.055384970502927677 0.43556816159980372 0.045868200599215925 0.14084029837977141 0.30055517819710076 0.11860448378138244 0.064522670931182802
leaf_count=25 23 44 8 14 67 1 153 20 352 18 82 172 50 31
internal_value=0.00765451 0.0187452 0.0113623 0.0243544 0.010691 -0.0431657 -0.0426998 -0.0417487 -0.0417297 -0.0417198 -0.0417163 -0.0417412 -0.0417376 -0.0417538
internal_weight=6.97679 5.6977 4.88012 3.9411 3.30706 0.93902 0.825977 1.27909 1.16134 0.622277 0.576408 0.539067 0.41916 0.119908
internal_count=1060 310 287 125 111 162 161 750 725 452 434 273 222 51
is_linear=0
shrinkage=0.05


Tree=197
num_leaves=19
num_cat=0
split_feature=4 1 2 4 1 4 5 3 7 0 4 2 4 7 2 2 6 6
split_gain=3.07085 1.73975 0.396454 2.31854e-06 5.67562e-07 3.62167e-07 3.38613e-07 1.67829e-07 1.23498e-07 1.07907e-07 7.6331e-08 7.56328e-08 5.91121e-08 4.28405e-08 5.64137e-08 4.0152e-08 2.35212e-08 1.27212e-08
threshold=33397.500000000007 30129.380000000005 4500.6400000000012 28185.000000000004 27016.485000000004 37941.500000000007 1.0000000180025095e-35 1.018842598292325 1.5000000000000002 28626.480000000003 34732.500000000007 4279.2800000000016 33030.000000000007 2.5000000000000004 5564.4250000000011 12338.030000000001 2.5000000000000004 10.500000000000002
decision_type=2 2 2 2 2 2 2 2 2 2 2 2 2 2 2 2 2 2
left_child=1 3 -3 -1 9 13 -7 8 -5 10 17 -8 -9 14 -6 -12 -15 -2
right_child=4 2 -4 7 5 6 11 12 -10 -11 15 -13 -14 16 -16 -17 -18 -19
leaf_value=-0.042030445852974649 -0.041810184624011815 0.018109077087583983 0.041867599987302634 -0.041845305967541768 -0.041798293946240218 -0.041912626620257507 -0.041800681203572103 -0.04188908720694038 -0.041796701833301787 -0.041834798004486057 -0.041748875538646472 -0.041855928003457638 -0.041837538286399967 -0.041829297419276767 -0.041755698244751172 -0.041773563091357387 -0.041803997053699693 -0.041779842652566589
leaf_weight=0.16960495011880805 0.076405090978370338 3.7237472198903561 3.3225933015346527 0.19694175152108073 0.30604105093516387 0.15680903685279179 0.17457715538330376 0.11451793415471911 0.38852451136335731 0.054491741582751274 0.5466747801983729 0.096023529535159469 0.10811839089728892 0.10597369726747274 0.10419520549476147 0.23571383499074727 0.68996273155789822 0.06305230688303709
leaf_count=26 20 26 15 40 88 26 48 19 110 13 235 19 24 25 41 84 181 20
internal_value=0.00531577 0.0206396 0.029312 -0.0418624 -0.0417966 -0.0418146 -0.0418542 -0.0418271 -0.0418131 -0.0417664 -0.0417624 -0.0418203 -0.0418641 -0.0418006 -0.0417875 -0.0417563 -0.0418074 -0.0417965
internal_weight=10.634 8.02405 7.04634 0.977708 2.60992 1.63358 0.42741 0.808103 0.585466 0.976338 0.921846 0.270601 0.222636 1.20617 0.410236 0.782389 0.795936 0.139457
internal_count=1060 260 41 219 800 428 93 193 150 372 359 67 43 335 129 319 206 40
is_linear=0
shrinkage=0.05


Tree=198
num_leaves=21
num_cat=0
split_feature=3 5 4 2 0 8 7 6 2 1 6 1 4 4 7 2 4 5 2 1
split_gain=12.2331 2.85666 2.28544 3.2902 2.25042 1.3385 1.0744 1.12514 0.554479 0.085258 0.066809 0.00345682 0.00186096 8.18354e-05 4.26897e-05 3.90375e-05 2.32164e-05 1.00707e-05 6.00315e-06 1.48105e-06
threshold=0.9674788135492739 1.0000000180025095e-35 36337.500000000007 11967.715000000002 28192.000000000004 4.5000000000000009 1.0000000180025095e-35 7.5000000000000009 9746.3550000000014 19267.145 8.5000000000000018 20421.150000000005 40120.000000000007 33745.000000000007 3.5000000000000004 5801.1250000000009 33397.500000000007 1.5000000000000002 1618.2000000000003 28160.405000000002
decision_type=2 2 2 2 2 2 2 2 2 2 2 2 2 2 2 2 2 2 2 2
left_child=1 4 3 13 9 -5 10 -8 -6 -1 -4 -11 14 -3 15 18 -16 -18 -2 -17
right_child=12 2 6 5 8 -7 7 -9 -10 11 -12 -13 -14 -15 16 19 17 -19 -20 -21
leaf_value=-0.063777757569676963 -0.042679895723783938 -0.042744198704217376 0.057563489058772413 -0.00010568011391548217 -0.01228692370113324 0.028799965396040711 -0.011751520772955078 0.033565425332341234 0.030882052808404434 -0.047209435946966048 0.046599686809411969 -0.043076126079841237 -0.045499604207971167 -0.042194175136623567 -0.042859108191211449 -0.04219960766717832 -0.042687949000431456 -0.042517075409391238 -0.042498546630780461 -0.0423203348545017
leaf_weight=0.8209558948874468 0.4927921928465312 1.587576963007453 2.1796304881572706 6.9909466877579698 1.3480980368331077 9.3763225525617599 1.8435704503208397 5.3287208583205938 1.6595215108245609 0.85555538907647166 3.8328917622566223 1.2375561436638234 0.55021142214536745 1.1781142037361858 1.0416685203090317 1.1345527246594427 1.5103097446262839 2.0096630267798901 6.1691558938473463 0.3273323019966482
leaf_count=4 20 60 10 51 19 35 21 76 23 9 36 43 6 81 38 77 56 92 284 19
internal_value=-0.0012221 0.0131182 0.018968 0.00793028 -0.0188076 0.0164535 0.0349853 0.0219171 0.0115325 -0.0501217 0.0505742 -0.0447656 -0.0426528 -0.0425099 -0.0425293 -0.0424606 -0.0426518 -0.0425904 -0.042512 -0.0422266
internal_weight=51.4751 38.2395 32.3178 19.133 5.92169 16.3673 13.1848 7.17229 3.00762 2.91407 6.01252 2.09311 13.2357 2.76569 12.6855 8.12383 4.56164 3.51997 6.66195 1.46189
internal_count=1060 468 370 227 98 86 143 97 42 56 46 52 592 141 586 400 186 148 304 96
is_linear=0
shrinkage=0.05


Tree=199
num_leaves=22
num_cat=0
split_feature=1 4 1 0 2 3 7 4 8 6 6 6 2 1 4 5 7 4 0 5 1
split_gain=13.0097 3.22524 6.49649 3.63521 4.71368 3.79885 3.04961 2.05645 1.53909 3.93714 1.83359 0.707554 0.235357 0.021509 0.000258047 0.000282577 0.000212154 0.000112961 0.000153498 5.31202e-05 3.52663e-05
threshold=31131.475000000002 34905.000000000007 27241.350000000002 27429.070000000003 5374.3250000000007 0.77928835517572725 5.5000000000000009 37162.000000000007 4.5000000000000009 2.5000000000000004 6.5000000000000009 9.5000000000000018 5594.5800000000008 28973.965000000004 34905.000000000007 1.5000000000000002 1.5000000000000002 37941.500000000007 26827.310000000001 1.0000000180025095e-35 32231.750000000004
decision_type=2 2 2 2 2 2 2 2 2 2 2 2 2 2 2 2 2 2 2 2 2
left_child=1 2 8 5 -5 11 -6 -7 9 -1 -10 -3 13 -4 20 16 -16 -17 -19 -18 -2
right_child=14 3 12 4 6 7 -8 -9 10 -11 -12 -13 -14 -15 15 17 19 18 -20 -21 -22
leaf_value=-0.036421191336559598 -0.044226681665309034 -0.00060152778444702484 -0.051371166760517423 -0.044503685652736942 0.030557123512063245 0.036724853683428815 -0.023177104384952699 0.012492009377101548 0.022481842892657145 0.026276374137660659 -0.013186371176803902 -0.034241208607036534 -0.029871698029669394 -0.045319803543219996 -0.045187804690836338 -0.044497352924592504 -0.044717318874479356 -0.044345203741171291 -0.043585726859097548 -0.044386685238267082 -0.043881202523868547
leaf_weight=3.0193656682968166 1.1875677742063993 3.7964639961719504 2.284449737519024 5.489809267222884 7.5365766473114473 22.160434864461422 4.0644992627203465 14.47251622751355 4.7274838238954571 14.667298976331947 15.149683296680449 2.6571882963180542 2.6978457421064377 4.1108726970851421 1.8590752594172935 2.2643596045672894 2.5524173974990845 1.5494709573686125 1.1658938452601431 2.3180662281811237 1.9542382154613731
leaf_count=12 19 23 18 31 64 209 36 111 30 116 72 35 25 53 23 32 34 24 24 34 35
internal_value=-0.000565081 0.00553039 -0.0043359 0.01318 -0.00633226 0.0209197 0.011731 0.0271512 0.00484369 0.015573 -0.00470323 -0.0144521 -0.0422568 -0.0474814 -0.0444142 -0.0445221 -0.0447334 -0.0442366 -0.0440191 -0.04456 -0.0440118
internal_weight=121.686 106.834 46.657 60.1775 17.0909 43.0866 11.6011 36.633 37.5638 17.6867 19.8772 6.45365 9.09317 6.39532 14.8511 11.7093 6.72956 4.97972 2.71536 4.87048 3.14181
internal_count=1060 835 326 509 131 378 100 320 230 128 102 58 96 71 225 171 91 80 48 68 54
is_linear=0
shrinkage=0.05


Tree=200
num_leaves=18
num_cat=0
split_feature=3 4 1 0 0 4 1 4 8 5 6 6 1 4 0 0 3
split_gain=11.0004 3.04819 4.91531 2.54 2.51801 2.36276 5.25768 4.21204 5.38918 3.86906 0.219771 0.086583 0.00198144 0.000450889 0.000196828 0.000134037 0.000128837
threshold=0.97633302414385459 32625.000000000004 20068.450000000001 27649.135000000002 25832.050000000003 37217.000000000007 29968.010000000006 37162.000000000007 4.5000000000000009 1.5000000000000002 14.500000000000002 4.5000000000000009 27016.485000000004 34732.500000000007 25715.165000000005 28503.375000000004 0.75318744187217657
decision_type=2 2 2 2 2 2 2 2 2 2 2 2 2 2 2 2 2
left_child=1 2 11 -4 -2 7 10 8 -6 -8 -7 -1 13 16 -13 -15 -3
right_child=4 12 3 -5 5 6 9 -9 -10 -11 -12 14 -14 15 -16 -17 -18
leaf_value=-0.059237539602642844 -0.029146116009340195 -0.044176266289872645 -0.015044439767183776 0.047217870500743442 0.00044143885488560642 -0.052209636046517349 0.03536795272855902 0.06056121008081692 0.034111049563437905 -0.013073477731634723 -0.033270948589400336 -0.044611262414366706 -0.045740981432407367 -0.043083015198525004 -0.043832441289467949 -0.043745903699426297 -0.043574148095263547
leaf_weight=1.3358366340398804 4.3465488739311686 1.2537921033799619 3.0303144566714764 3.5652191340923309 37.046428345143795 3.2540864497423199 8.1542909964919108 4.7025170177221289 17.498147260397673 8.3358609452843648 2.8942850679159164 1.4102698490023615 0.89911015704274255 9.2133683562278712 1.9098781459033487 0.83139052055776197 3.0486360676586628
leaf_count=6 39 20 34 13 263 20 50 20 115 56 20 20 12 257 35 17 63
internal_value=-0.000719439 -0.0288957 -0.00915499 0.0186115 0.00793869 0.00990718 -0.00383278 0.0151573 0.0112428 0.0108805 -0.0432944 -0.0484882 -0.043464 -0.0433213 -0.0441633 -0.0431379 -0.0437496
internal_weight=112.73 26.4978 11.2515 6.59553 86.2322 81.8856 22.6385 59.2471 54.5446 16.4902 6.14837 4.65598 15.2463 14.3472 3.32015 10.0448 4.30243
internal_count=1060 477 108 47 583 544 146 398 378 106 40 61 369 357 55 274 83
is_linear=0
shrinkage=0.05


Tree=201
num_leaves=15
num_cat=0
split_feature=1 6 2 1 2 6 6 1 1 4 4 4 1 7
split_gain=5.91025 1.17041 1.46102 1.27062 1.80765 2.50861 0.492843 0.00125417 0.000167311 0.000113632 3.24593e-05 4.96329e-06 2.15293e-06 1.21764e-06
threshold=29699.930000000004 3.5000000000000004 2405.7800000000002 34370.070000000007 4033.3750000000005 7.5000000000000009 11.500000000000002 33820.070000000007 29581.985000000004 35012.500000000007 28185.000000000004 34905.000000000007 27854.150000000005 1.0000000180025095e-35
decision_type=2 2 2 2 2 2 2 2 2 2 2 2 2 2
left_child=8 2 -2 4 5 -3 -6 9 10 -4 -1 13 -13 -12
right_child=1 3 7 -5 6 -7 -8 -9 -10 -11 11 12 -14 -15
leaf_value=-0.042488851262247225 0.020839493463059307 0.033613283190268829 -0.043357583732259723 0.057755678853074699 0.021156068505548478 -0.029961501951758659 0.046575955969822544 -0.045617136596284261 -0.043294329774240761 -0.042287102930284905 -0.042090082191704514 -0.041869108015827064 -0.041973718872841424 -0.041982320393113497
leaf_weight=0.28784498525783675 1.8828219510614901 2.7206576378084737 0.44422139879316069 2.2292113006114951 3.9302484970539808 3.6113637434318662 3.7036096323281527 0.62175766378641117 0.25126294512301672 0.56094666477292776 0.30298975342884693 1.9515401185490193 0.65755044063553203 1.944212316535413
leaf_count=24 9 50 14 10 45 124 21 7 12 38 27 361 83 235
internal_value=0.00433246 0.0170282 -0.00914793 0.0227011 0.0171057 -0.00264554 0.0334887 -0.043852 -0.0420345 -0.0427602 -0.041973 -0.0419424 -0.0418955 -0.0419968
internal_weight=25.1002 19.7048 3.50975 16.1951 13.9659 6.33202 7.63386 1.62693 5.3954 1.00517 5.14414 4.85629 2.60909 2.2472
internal_count=1060 318 68 250 240 174 66 59 742 52 730 706 444 262
is_linear=0
shrinkage=0.05


Tree=202
num_leaves=14
num_cat=0
split_feature=1 4 1 3 6 4 7 4 0 1 7 1 0
split_gain=1.4261 0.641094 1.17128 0.172215 2.88043e-06 1.65865e-06 1.15924e-06 4.91487e-08 3.06936e-08 1.31938e-08 9.90528e-09 1.32151e-08 7.02368e-09
threshold=29968.010000000006 33565.000000000007 36139.180000000008 1.1109839318008974 1.5000000000000002 28185.000000000004 1.5000000000000002 34905.000000000007 28831.020000000004 27931.635000000006 1.5000000000000002 25762.015000000003 25636.570000000003
decision_type=2 2 2 2 2 2 2 2 2 2 2 2 2
left_child=5 3 4 -2 -3 -1 -6 10 9 -9 12 -12 -7
right_child=1 2 -4 -5 6 7 -8 8 -10 -11 11 -13 -14
leaf_value=-0.041927906898070355 0.036812332751387317 -0.042059109372647605 0.060129973870813681 0.016780018984323603 -0.041920336256603942 -0.041764080518612828 -0.04179006465705995 -0.041709062092971233 -0.041757357068473291 -0.041727187260919341 -0.041726511244810915 -0.041745004981031793 -0.041739323066758732
leaf_weight=0.11293070542160411 2.3044946920126677 0.16813511424697913 0.39843741059303284 2.0074604358524084 0.24959328700788319 0.053745258832350151 0.54075040540192276 0.40819278673734516 0.04311107867397368 0.13315503264311701 0.23155797930667177 0.16573476023040712 0.061348714982159436
leaf_count=25 23 19 2 20 46 20 200 352 18 82 141 81 31
internal_value=0.00753662 0.0180538 -0.0119201 0.0274862 -0.0418712 -0.0417454 -0.0418312 -0.0417267 -0.0417168 -0.0417135 -0.041738 -0.0417342 -0.0417509
internal_weight=6.87865 5.66887 1.35692 4.31196 0.958479 1.20978 0.790344 1.09685 0.584459 0.541348 0.512387 0.397293 0.115094
internal_count=1060 310 267 43 265 750 246 725 452 434 273 222 51
is_linear=0
shrinkage=0.05


Tree=203
num_leaves=18
num_cat=0
split_feature=4 1 2 1 2 0 1 4 5 0 4 2 2 1 4 4 6
split_gain=2.84228 1.64363 2.5926 2.61504 0.533647 1.93509e-06 4.97831e-07 3.02736e-07 3.00025e-07 8.92399e-08 6.90506e-08 5.71721e-08 3.93974e-08 3.78083e-08 4.90627e-08 3.67256e-08 1.1969e-08
threshold=33397.500000000007 32231.750000000004 4736.2000000000007 30129.380000000005 4074.6050000000005 28278.765000000003 27016.485000000004 37941.500000000007 1.0000000180025095e-35 28626.480000000003 34732.500000000007 4279.2800000000016 12338.030000000001 31264.930000000004 35397.500000000007 34905.000000000007 10.500000000000002
decision_type=2 2 2 2 2 2 2 2 2 2 2 2 2 2 2 2 2
left_child=1 2 4 5 -1 -4 9 13 -9 10 16 -10 -12 14 -8 -15 -2
right_child=6 -3 3 -5 -6 -7 7 8 11 -11 12 -13 -14 15 -16 -17 -18
leaf_value=-0.0023906078522423335 -0.041804018088539528 0.059094739439072445 -0.041818892290178482 0.063206765790088923 -0.047453531932640632 -0.042054245140511086 -0.041806192502764156 -0.041900990462390077 -0.041794348609251998 -0.041825088039773563 -0.041743556880253108 -0.041843876721238009 -0.041768741438923819 -0.041777730879527686 -0.04177730259526527 -0.041812176317565314 -0.041773823810061644
leaf_weight=1.1014660513028505 0.072859655832872128 1.9815717339515684 0.68747465277556363 2.3901587426662445 1.6280728052370248 0.10004803631454706 0.21757614449597873 0.14913271437399078 0.16581646003760397 0.051283467444591224 0.51102331071160734 0.089833571226336062 0.22307610954158008 0.097325848415493965 0.45280078495852649 0.37764467089436948 0.059724629390984774
leaf_count=19 20 8 177 9 33 14 59 26 48 13 235 19 84 31 152 93 20
internal_value=0.00503863 0.0196896 0.00647112 0.0371709 -0.029269 -0.0418488 -0.0417902 -0.0418075 -0.0418446 -0.041761 -0.0417572 -0.0418118 -0.0417512 -0.0417943 -0.0417867 -0.0418051 -0.0417904
internal_weight=10.3569 7.88879 5.90722 3.17768 2.72954 0.787523 2.4681 1.55013 0.404783 0.917967 0.866684 0.25565 0.734099 1.14535 0.670377 0.474971 0.132584
internal_count=1060 260 252 200 52 191 800 428 93 372 359 67 319 335 211 124 40
is_linear=0
shrinkage=0.05


Tree=204
num_leaves=16
num_cat=0
split_feature=3 4 1 4 2 4 0 2 4 7 2 4 5 2 1
split_gain=11.4781 2.68569 3.91723 2.39498 2.22297 1.93337 1.12817 0.00228162 0.00154659 3.56582e-05 3.54856e-05 2.42148e-05 7.53011e-06 5.48025e-06 1.41969e-06
threshold=0.9674788135492739 40120.000000000007 20777.680000000004 38897.500000000007 13746.785000000002 32625.000000000004 26606.005000000001 13674.955000000002 40120.000000000007 3.5000000000000004 5801.1250000000009 33397.500000000007 1.5000000000000002 5154.8050000000012 28160.405000000002
decision_type=2 2 2 2 2 2 2 2 2 2 2 2 2 2 2
left_child=1 2 4 7 5 -1 -6 -4 9 10 13 -11 -13 -2 -12
right_child=8 -3 3 -5 6 -7 -8 -9 -10 11 14 12 -14 -15 -16
leaf_value=-0.022955165692589208 -0.042457553862133263 0.047951566146195182 -0.042617986663847765 0.016984663976524955 0.054945602262942629 0.016445820850916559 0.013034122702491616 -0.045973521816116331 -0.045267167552767079 -0.042818442786133559 -0.042164763715713122 -0.042624804975554924 -0.042472666099883052 -0.042613222235309424 -0.04228648593335485
leaf_weight=3.9965159446001115 5.7061539711430633 4.7067841291427603 4.6294649345800272 2.4492784291505814 4.714781090617179 14.090463576838372 2.4348408579826355 0.56884047761559475 0.52217093110084611 0.99845985230058421 1.0598202841356394 1.4197749216109516 1.9040631502866743 0.6275586113333701 0.30950546171516169
leaf_count=44 274 34 224 20 42 79 18 7 6 38 77 56 92 30 19
internal_value=-0.0011954 0.0126261 0.00756994 -0.0237787 0.0170697 0.00773974 0.0406724 -0.0429852 -0.0426032 -0.0424876 -0.0424231 -0.0426025 -0.0425377 -0.042473 -0.0421923
internal_weight=50.1385 37.591 32.8842 7.64758 25.2366 18.087 7.14962 5.19831 12.5475 12.0253 7.70304 4.3223 3.32384 6.33371 1.36933
internal_count=1060 468 434 251 183 123 60 231 592 586 400 186 148 304 96
is_linear=0
shrinkage=0.05


Tree=205
num_leaves=21
num_cat=0
split_feature=1 4 1 4 3 0 1 6 1 0 2 2 2 1 4 7 4 1 6 2
split_gain=12.2495 3.03431 6.05553 3.46853 3.46635 3.75016 1.51698 1.77154 1.33915 1.01834 0.243196 0.0553589 0.0246043 0.0188686 0.000240332 0.000220439 0.000185205 3.86705e-05 3.69864e-05 2.30404e-05
threshold=31131.475000000002 34905.000000000007 27241.350000000002 36337.500000000007 0.76951466148307446 27006.785000000003 17804.750000000004 17.500000000000004 28160.405000000002 26502.695000000003 5594.5800000000008 13258.320000000002 12820.555000000002 28973.965000000004 34905.000000000007 1.5000000000000002 37941.500000000007 32231.750000000004 3.5000000000000004 3552.1800000000007
decision_type=2 2 2 2 2 2 2 2 2 2 2 2 2 2 2 2 2 2 2 2
left_child=1 2 6 8 11 -6 -1 -8 12 -10 13 -5 -3 -4 17 -16 18 -2 -17 -18
right_child=14 3 10 4 5 -7 7 -9 9 -11 -12 -13 -14 -15 15 16 19 -19 -20 -21
leaf_value=-0.020838579791890043 -0.044096475997820739 0.044892466615040434 -0.050923245579773513 -0.032763653654145811 0.02612431457574807 -0.0056756657471571034 0.013660391318312086 -0.018737993423460813 0.034178933828652155 0.00075688969517597718 -0.02894517008598976 -0.044611797184110485 0.051625402219347818 -0.045140872664273884 -0.044792059111065846 -0.044636297701560246 -0.044079792741023929 -0.043724523032264866 -0.044345526001044348 -0.043797915492152228
leaf_weight=5.0791460499167433 1.1309465877711766 6.4986102581024188 2.2041826099157316 1.7844827175140374 18.004278909415007 19.113658674061298 26.911362253129486 5.0038634948432437 4.854214593768118 4.2962489128112793 2.5897755995392799 2.2029881775379181 1.7149589061737058 3.9195379093289375 2.4535520710051051 1.4630007520318011 1.3651676476001742 1.8286897595971821 4.3319127857685089 1.5458615161478517
leaf_count=28 19 107 18 8 161 140 171 31 28 18 25 36 11 53 35 20 22 35 64 30
internal_value=-0.000562802 0.00536045 -0.00429077 0.0129052 0.00499013 0.00974911 0.00454164 0.00858078 0.0316423 0.0184869 -0.04179 -0.0393095 0.0462983 -0.0472222 -0.0442672 -0.0443735 -0.0442555 -0.0438667 -0.0444189 -0.0439301
internal_weight=118.296 104.177 45.7079 58.4694 41.1054 37.1179 36.9944 31.9152 17.364 9.15046 8.7135 3.98747 8.21357 6.12372 14.1191 11.1595 8.70594 2.95964 5.79491 2.91103
internal_count=1060 835 326 509 345 301 230 202 164 46 96 44 118 71 225 171 136 54 84 52
is_linear=0
shrinkage=0.05


Tree=206
num_leaves=15
num_cat=0
split_feature=3 4 1 0 0 4 4 4 6 1 4 0 0 3
split_gain=10.095 2.97793 4.63294 2.33945 2.2621 2.16615 2.33407 3.80806 0.0736611 0.00188685 0.000408021 0.000165157 0.00011927 0.000108115
threshold=0.97633302414385459 32625.000000000004 20068.450000000001 25832.050000000003 27649.135000000002 38215.000000000007 30732.500000000004 33155.000000000007 4.5000000000000009 27016.485000000004 34732.500000000007 25715.165000000005 28503.375000000004 0.75318744187217657
decision_type=2 2 2 2 2 2 2 2 2 2 2 2 2 2
left_child=1 2 8 -2 -4 6 -5 -8 -1 10 13 -10 -12 -3
right_child=3 9 4 5 -6 -7 7 -9 11 -11 12 -13 -14 -15
leaf_value=-0.058166874736686802 -0.028599220949082124 -0.044048679920836178 -0.014097927700279201 -0.025071567480197166 0.045043827041128782 -0.020670727395129138 0.049300367506204652 0.010041825212301897 -0.04443709085331627 -0.045645317481951886 -0.042997584054110069 -0.043704011645061838 -0.043638281198528681 -0.04348400089600668
leaf_weight=1.2992949038743988 4.247039206326007 1.1965085603296728 2.9741617627441883 4.0710757151246062 3.5427480041980743 5.5415892601013175 6.8444317728281012 63.341318048536777 1.334283195436001 0.86179364100098688 8.6432301942259038 1.8112857043743131 0.79302797093987543 2.9074343144893646
leaf_count=6 39 20 34 20 13 26 50 448 20 12 257 35 17 63
internal_value=-0.000783068 -0.02843 -0.00879225 0.00756039 0.0180529 0.00948488 0.0117353 0.0138703 -0.0481518 -0.0433768 -0.0432324 -0.044015 -0.0430514 -0.0436486
internal_weight=109.409 25.3638 10.9618 84.0455 6.51691 79.7984 74.2568 70.1857 4.44486 14.402 13.5402 3.14557 9.43626 4.10394
internal_count=1060 477 108 583 47 544 518 498 61 369 357 55 274 83
is_linear=0
shrinkage=0.05


Tree=207
num_leaves=14
num_cat=0
split_feature=3 0 2 4 4 7 2 1 1 1 2 4 0
split_gain=5.57052 1.10752 1.12714 2.27511 3.70349 2.90343 0.81167 0.0414696 0.000115633 1.94467e-05 7.61622e-06 4.50141e-06 2.9906e-06
threshold=1.0889260149909588 26653.730000000003 1385.7350000000004 34905.000000000007 34732.500000000007 5.5000000000000009 4279.2800000000016 33717.05000000001 31131.475000000002 29857.390000000003 4231.6450000000013 34905.000000000007 26443.730000000003
decision_type=2 2 2 2 2 2 2 2 2 2 2 2 2
left_child=8 6 -3 4 -4 -5 7 12 9 10 -1 -12 -2
right_child=1 2 3 5 -6 -7 -8 -9 -10 -11 11 -13 -14
leaf_value=-0.042213615582035825 -0.041987052803743076 0.047756730083802205 0.012408295539439559 -0.03209407927396498 0.090151576437592709 0.035351815997304671 0.024167972816996272 -0.062725978472860211 -0.04316734110541439 -0.042341443729326279 -0.041975244081442993 -0.04187349256264461 -0.042213472247395828
leaf_weight=0.23788992641493933 0.304580161813649 3.0666456967592266 5.9072583056986314 4.252424172591418 2.0682185478508472 2.5540246125310659 0.56689994502812613 0.41767697036266327 0.20824947580695141 0.31971541000530113 2.119853314710781 2.2307483037002385 0.2798216100782156
leaf_count=23 35 13 68 156 9 16 9 2 6 20 265 416 22
internal_value=0.00440035 0.0166302 0.0201706 0.0144476 0.0325689 -0.00678595 -0.0236453 -0.0506945 -0.0420134 -0.0419644 -0.0419381 -0.0419231 -0.0420955
internal_weight=24.534 19.4176 17.8486 14.7819 7.97548 6.80645 1.56898 1.00208 5.11646 4.90821 4.58849 4.3506 0.584402
internal_count=1060 330 262 249 77 172 68 59 730 724 704 681 57
is_linear=0
shrinkage=0.05


Tree=208
num_leaves=13
num_cat=0
split_feature=1 3 2 2 6 4 4 0 1 0 1 1
split_gain=1.34409 0.934391 1.12097 1.12792 0.939894 1.45701e-06 4.51987e-08 2.64686e-08 1.15441e-08 8.2084e-09 6.07683e-09 1.95964e-09
threshold=29968.010000000006 1.0308512055435675 4698.4550000000008 4205.3100000000004 13.500000000000002 28185.000000000004 34905.000000000007 28831.020000000004 27931.635000000006 25584.195000000003 26583.380000000001 19533.920000000002
decision_type=2 2 2 2 2 2 2 2 2 2 2 2
left_child=5 -2 3 4 -3 -1 9 8 -8 11 -11 -7
right_child=1 2 -4 -5 -6 6 7 -9 -10 10 -12 -13
leaf_value=-0.041917460466646447 0.10483612300991876 -0.021325893812923876 -0.044049771012487172 0.051238778292642333 0.040474046687473952 -0.04175554309888653 -0.04170657669314537 -0.041752658963365337 -0.041724044990697956 -0.04172700192113097 -0.041739984828916575 -0.041741330662415171
leaf_weight=0.10722536290995766 0.29166122805327166 1.6991877529071646 0.74302773096133012 1.9310645591467617 0.96443867369089264 0.045077884104102628 0.38240686850622296 0.041003254009410739 0.12565938220359385 0.2498675225651823 0.14098653866676614 0.052501927013508976
leaf_count=25 2 183 38 32 55 19 352 18 82 154 73 27
internal_value=0.00764774 0.0176911 0.0129293 0.0221437 0.00105046 -0.041742 -0.0417239 -0.041714 -0.0417109 -0.0417349 -0.0417317 -0.0417479
internal_weight=6.77411 5.62938 5.33772 4.59469 2.66363 1.14473 1.0375 0.54907 0.508066 0.488434 0.390854 0.0975798
internal_count=1060 310 308 270 238 750 725 452 434 273 227 46
is_linear=0
shrinkage=0.05


Tree=209
num_leaves=18
num_cat=0
split_feature=4 1 2 1 2 0 1 4 5 0 4 2 2 1 4 4 0
split_gain=2.68697 1.53777 2.43252 2.44258 0.678715 1.63794e-06 4.25209e-07 2.42573e-07 2.41648e-07 7.99058e-08 6.37955e-08 4.02891e-08 3.70706e-08 3.32545e-08 4.52715e-08 3.47955e-08 1.08461e-08
threshold=33397.500000000007 32231.750000000004 4736.2000000000007 30129.380000000005 4001.2750000000005 28278.765000000003 27016.485000000004 37941.500000000007 1.0000000180025095e-35 28626.480000000003 34732.500000000007 4279.2800000000016 12338.030000000001 31264.930000000004 35012.500000000007 34905.000000000007 26528.405000000002
decision_type=2 2 2 2 2 2 2 2 2 2 2 2 2 2 2 2 2
left_child=1 2 4 5 -1 -4 9 13 -9 10 16 -10 -12 14 -8 -15 -2
right_child=6 -3 3 -5 -6 -7 7 8 11 -11 12 -13 -14 15 -16 -17 -18
leaf_value=0.0062864228974599179 -0.041770438763165336 0.058092627121827778 -0.041811721336415336 0.061874056161824321 -0.046913299445515727 -0.042033955034356654 -0.041804581397329142 -0.04188662746788685 -0.04178940022691538 -0.041817890412287229 -0.041738532548840024 -0.041832217465439914 -0.041763743630573794 -0.041770936154563898 -0.041773226563925347 -0.041805473325070702 -0.041799775042974233
leaf_weight=0.9149560336954895 0.063804056262597775 1.9328495711088178 0.65472608665004406 2.3387605100870132 1.7390299211256204 0.094934588065370917 0.15127852349542059 0.14033793169073749 0.15883660386316478 0.049126678961329162 0.47756293404381722 0.083992505213245749 0.20989540708251297 0.091440421296283603 0.48165989096742123 0.36020315065979958 0.062242448795586824
leaf_count=14 22 8 177 9 38 14 43 26 48 13 235 19 84 31 168 93 18
internal_value=0.00523936 0.0195167 0.00653229 0.0366993 -0.0285728 -0.0418399 -0.0417838 -0.0418002 -0.0418344 -0.041756 -0.0417522 -0.0418042 -0.0417462 -0.0417881 -0.0417807 -0.0417985 -0.0417849
internal_weight=10.0056 7.67526 5.74241 3.08842 2.65399 0.749661 2.33038 1.46775 0.383167 0.862632 0.813505 0.242829 0.687458 1.08458 0.632938 0.451644 0.126047
internal_count=1060 260 252 200 52 191 800 428 93 372 359 67 319 335 211 124 40
is_linear=0
shrinkage=0.05


Tree=210
num_leaves=18
num_cat=0
split_feature=3 5 2 4 0 1 1 2 1 1 4 7 2 4 5 2 0
split_gain=10.7392 2.57217 2.08723 3.08003 2.07944 1.35555 0.731223 0.526759 0.075971 0.0034969 0.00140876 3.29904e-05 3.13019e-05 2.48343e-05 6.92691e-06 5.51706e-06 1.1384e-06
threshold=0.9674788135492739 1.0000000180025095e-35 14674.035000000002 32625.000000000004 28192.000000000004 17804.750000000004 17804.750000000004 9746.3550000000014 19267.145 20346.010000000006 40120.000000000007 3.5000000000000004 5801.1250000000009 33397.500000000007 1.5000000000000002 1618.2000000000003 26994.255000000005
decision_type=2 2 2 2 2 2 2 2 2 2 2 2 2 2 2 2 2
left_child=1 4 3 6 8 -5 -3 -6 -1 -10 11 12 15 -13 -15 -2 -14
right_child=10 2 -4 5 7 -7 -8 -9 9 -11 -12 13 16 14 -16 -17 -18
leaf_value=-0.063006136900696952 -0.042601441797764969 -0.0038610135227233099 0.053857001113393227 0.058250897441860496 -0.012988806338220533 0.01658715230227395 -0.044399306411466041 0.029121770085872547 -0.047330404167244149 -0.042999030659171433 -0.045142343687256697 -0.042784284532932128 -0.042135976446055629 -0.042579180927701056 -0.042429524878365876 -0.042418784146890737 -0.042250381787362595
leaf_weight=0.80016912519931738 0.44665752165019146 2.1407444179058137 3.5503497570753089 2.1544780582189587 1.3509983438998463 20.799900535494089 2.3157041892409325 1.6491286531090734 0.77016931772232045 1.1798321409150956 0.50682839751243669 0.95915648899972428 1.0096664521843193 1.3547044936567547 1.8012802386656401 5.5523631330579519 0.27712154574692238
leaf_count=4 20 8 27 18 19 256 61 23 8 44 6 38 78 56 92 284 18
internal_value=-0.00130218 0.0120812 0.0177849 0.0131127 -0.0186289 0.0204977 -0.0249259 0.0101588 -0.0500331 -0.0447097 -0.042563 -0.0424483 -0.0423844 -0.0425615 -0.0424938 -0.0424324 -0.0421606
internal_weight=48.6193 36.7115 30.9612 27.4108 5.7503 22.9544 4.45645 3.00013 2.75017 1.95 11.9078 11.4009 7.28581 4.11514 3.15598 5.99902 1.28679
internal_count=1060 468 370 343 98 274 69 42 56 52 592 586 400 186 148 304 96
is_linear=0
shrinkage=0.05


Tree=211
num_leaves=22
num_cat=0
split_feature=1 4 1 0 2 3 7 2 7 4 1 4 3 2 1 4 7 4 1 6 2
split_gain=11.5692 2.85461 5.63561 3.29973 4.22851 3.10658 2.74726 2.47919 2.81093 2.11377 2.42032 1.93431 0.9166 0.655155 0.0729368 0.000224821 0.000217482 0.000159972 3.65144e-05 3.27766e-05 1.997e-05
threshold=31131.475000000002 34905.000000000007 25484.175000000007 27429.070000000003 5374.3250000000007 0.77928835517572725 5.5000000000000009 11967.715000000002 2.5000000000000004 33155.000000000007 27241.350000000002 37162.000000000007 0.7389527860711459 13696.715000000002 28299.970000000005 34905.000000000007 1.5000000000000002 37941.500000000007 32181.375000000004 3.5000000000000004 3552.1800000000007
decision_type=2 2 2 2 2 2 2 2 2 2 2 2 2 2 2 2 2 2 2 2 2
left_child=1 2 7 5 -5 13 -6 8 -1 14 -11 -7 -9 -3 -4 18 -17 19 -2 -18 -19
right_child=15 3 9 4 6 11 -8 12 -10 10 -12 -13 -14 -15 -16 16 17 20 -20 -21 -22
leaf_value=-0.0086355741909198685 -0.04397888225039176 -0.00053609632458004352 -0.055562866206160036 -0.043317879753797681 0.029616887693025725 0.035535139800601502 -0.022523715364054279 0.0062803456462686875 0.047639980596474701 0.019351688722940501 -0.037111244397375322 0.011466661874561166 -0.015722633021005575 -0.034873366580299235 -0.045227385771124048 -0.044668964669416451 -0.044488687059681419 -0.043956467222117351 -0.043603292747937811 -0.044208692734182514 -0.04368747534991476
leaf_weight=3.3547947183251399 1.0189878195524209 3.8281403928995124 3.0417495816946012 5.2567138895392445 7.1370274722576124 20.928278811275959 3.9105495177209377 12.666926473379137 6.553922027349472 3.4553710371255875 4.2109031341969967 13.88681775704026 7.5570496320724478 2.1803815066814423 3.8899053335189819 2.350787214934825 1.3986877575516681 1.3026692867279055 1.7731442581862209 4.1358981616795063 1.4670263379812238
leaf_count=20 18 24 16 31 64 209 36 60 83 19 41 111 33 34 54 35 20 22 36 64 30
internal_value=-0.000550563 0.00520401 -0.00425545 0.0126107 -0.00640404 0.0202049 0.0111605 0.00809732 0.0285868 -0.0297538 -0.0116621 0.0259349 -0.00194146 -0.0129965 -0.0497628 -0.0441397 -0.0442444 -0.0441242 -0.0437404 -0.0442795 -0.043814
internal_weight=115.306 101.859 44.7306 57.1279 16.3043 40.8236 11.0476 30.1327 9.90872 14.5979 7.66627 34.8151 20.224 6.00852 6.93165 13.4472 10.6551 8.30428 2.79213 5.53459 2.7697
internal_count=1060 835 326 509 131 378 100 196 103 130 60 320 93 58 70 225 171 136 54 84 52
is_linear=0
shrinkage=0.05


Tree=212
num_leaves=21
num_cat=0
split_feature=3 4 1 2 3 1 4 1 0 4 1 0 4 1 6 1 4 0 0 3
split_gain=9.21969 2.94279 4.42505 2.31233 2.93696 3.97671 4.26822 3.65184 2.08388 1.98675 4.25884 4.22117 2.13084 1.6724 0.0615836 0.00167071 0.000370743 0.000176285 0.000107713 9.31474e-05
threshold=0.97633302414385459 32625.000000000004 20068.450000000001 4117.1850000000004 1.0837188757919201 30656.785000000003 35012.500000000007 33820.070000000007 27649.135000000002 33155.000000000007 29581.985000000004 27006.785000000003 35692.500000000007 30950.150000000005 4.5000000000000009 27016.485000000004 34732.500000000007 25584.195000000003 28503.375000000004 0.75318744187217657
decision_type=2 2 2 2 2 2 2 2 2 2 2 2 2 2 2 2 2 2 2 2
left_child=1 2 14 4 -2 6 -6 -7 -4 10 -5 12 -11 -13 -1 16 19 -16 -18 -3
right_child=3 15 8 9 5 7 -8 -9 -10 11 -12 13 -14 -15 17 -17 18 -19 -20 -21
leaf_value=-0.057096736146222994 0.059292643350221733 -0.043927147949132925 -0.013303934433724239 0.051958220146112594 0.026830312185420802 0.032733430400827601 -0.045187188215872254 -0.0088866298658088882 0.043682806037219218 -0.0040534499846966053 -0.027046501935292257 0.017957767058674662 -0.041252970289571977 -0.014523081297633451 -0.044416228775581844 -0.045459247856012228 -0.042909014744735151 -0.043623577779804121 -0.043535316355475993 -0.043390419361438656
leaf_weight=1.2576956301927582 3.5761793404817572 1.1415574811398959 2.9383249953389168 4.6584962680935851 3.3356193751096708 19.282270796597007 5.3687057495117188 7.2528577744960776 3.5332591235637665 6.8249339498579493 2.691224530339241 15.123318284749987 8.8303865455090982 5.3702547550201407 1.1164266131818297 0.82833496108651239 8.07467942871153 1.8870706446468828 0.75028894655406553 2.7694237716495991
leaf_count=6 17 20 34 34 26 163 31 35 13 41 18 81 105 32 17 12 257 38 17 63
internal_value=-0.000741107 -0.0278048 -0.00824271 0.0072474 0.0161188 0.0117374 -0.0175891 0.0213574 0.0178088 -0.000668915 0.0230293 -0.00548719 -0.0250358 0.0094463 -0.0478079 -0.0432834 -0.0431419 -0.0439182 -0.0429623 -0.0435471
internal_weight=106.611 24.2971 10.7328 82.3142 38.8156 35.2395 8.70433 26.5351 6.47158 43.4986 7.34972 36.1489 15.6553 20.4936 4.26119 13.5643 12.7359 3.0035 8.82497 3.91098
internal_count=1060 477 108 583 272 255 57 198 47 311 52 259 146 113 61 369 357 55 274 83
is_linear=0
shrinkage=0.05


Tree=213
num_leaves=16
num_cat=0
split_feature=1 4 4 1 5 1 0 1 1 3 1 4 4 1 7
split_gain=5.2165 1.05842 3.52439 4.07806 3.52283 1.89275 1.36593 0.867203 0.442108 0.151773 0.000155012 3.41995e-05 4.13135e-06 1.72473e-06 1.03017e-06
threshold=29699.930000000004 34905.000000000007 34732.500000000007 31807.810000000001 1.5000000000000002 34615.960000000006 26653.730000000003 31131.475000000002 33333.410000000011 1.2515267527752918 29581.985000000004 28185.000000000004 34905.000000000007 27854.150000000005 1.0000000180025095e-35
decision_type=2 2 2 2 2 2 2 2 2 2 2 2 2 2 2
left_child=10 2 3 7 5 9 -6 -2 -8 -3 11 -1 14 -14 -13
right_child=1 4 -4 -5 6 -7 8 -9 -10 -11 -12 12 13 -15 -16
leaf_value=-0.042498378540538922 0.016912226564249476 -0.046804787509413304 0.085730783190342552 -0.045928202427957976 -0.016828727459882897 0.02942433201602675 0.02462636449002813 0.063595407654079728 0.056001900319189349 -0.02222413175953401 -0.043269793606044257 -0.042058459984137243 -0.041845745259447037 -0.041944815040676764 -0.041954800528367552
leaf_weight=0.26867590565234678 1.9948553736321648 3.0688713840208934 2.0884269177913666 2.1000542789697647 1.1441534338518975 1.2313107624649999 1.816460993606597 1.9844096805900333 2.9399355798959732 0.78954538702964772 0.2341168951243161 0.27742482069879804 1.7115108203142884 0.59102650033310045 1.7616090623196212
leaf_count=24 32 112 9 34 36 5 58 11 18 3 12 27 361 83 235
internal_value=0.00433952 0.0160608 0.0296933 0.0104428 0.00592941 -0.0245503 0.0322208 0.0401925 0.0440196 -0.0417749 -0.0420147 -0.041951 -0.0419171 -0.0418712 -0.0419689
internal_weight=24.0024 19.158 8.16775 6.07932 10.9903 5.08973 5.90055 3.97927 4.7564 3.85842 4.84436 4.61025 4.34157 2.30254 2.03903
internal_count=1060 318 86 77 232 120 112 43 76 115 742 730 706 444 262
is_linear=0
shrinkage=0.05


Tree=214
num_leaves=13
num_cat=0
split_feature=1 3 2 2 0 4 4 0 1 0 7 1
split_gain=1.25595 0.796883 1.02005 1.0482 0.862782 1.3425e-06 4.07197e-08 2.45727e-08 1.01973e-08 9.02265e-09 7.88652e-09 4.79099e-09
threshold=29968.010000000006 1.0308512055435675 4698.4550000000008 4577.795000000001 26893.720000000005 28185.000000000004 34905.000000000007 28831.020000000004 27931.635000000006 25584.195000000003 4.5000000000000009 26583.380000000001
decision_type=2 2 2 2 2 2 2 2 2 2 2 2
left_child=5 -2 3 4 -3 -1 9 8 -8 10 -7 -11
right_child=1 2 -4 -5 -6 6 7 -9 -10 11 -12 -13
leaf_value=-0.041910737638359952 0.096308512468156249 0.056838975534554075 -0.043858944118303565 0.08366637782100067 -5.5356847390457713e-05 -0.041762572922236021 -0.041704031132271807 -0.041749371242777576 -0.041720947656680413 -0.041724031648494524 -0.041733280811638379 -0.041735895935261356
leaf_weight=0.10311469808220841 0.30055097024887789 0.84564288880210403 0.69448190671391774 0.58519275393337 3.1428870316594839 0.039695955929346383 0.35722327040275559 0.039331679814495146 0.11868147406494245 0.23718716960866004 0.054563599638640881 0.13269493513507769
leaf_count=25 2 66 38 4 200 15 352 18 82 154 31 73
internal_value=0.00754092 0.0171203 0.0126026 0.0211758 0.0120073 -0.0417391 -0.0417211 -0.0417114 -0.0417082 -0.0417318 -0.0417456 -0.0417283
internal_weight=6.65125 5.56876 5.2682 4.57372 3.98853 1.08249 0.979378 0.515236 0.475905 0.464142 0.0942596 0.369882
internal_count=1060 310 308 270 266 750 725 452 434 273 46 227
is_linear=0
shrinkage=0.05


Tree=215
num_leaves=18
num_cat=0
split_feature=4 1 2 1 2 0 1 4 5 0 4 2 2 1 4 4 0
split_gain=2.54136 1.44997 2.21945 2.25701 0.669611 1.29347e-06 3.85595e-07 2.18587e-07 2.19127e-07 7.06643e-08 5.88676e-08 3.09721e-08 3.01257e-08 3.01111e-08 4.46588e-08 3.14798e-08 9.31405e-09
threshold=33397.500000000007 32231.750000000004 4736.2000000000007 30129.380000000005 4001.2750000000005 28278.765000000003 27016.485000000004 37941.500000000007 1.0000000180025095e-35 28626.480000000003 34732.500000000007 4279.2800000000016 12338.030000000001 31264.930000000004 35012.500000000007 34905.000000000007 26528.405000000002
decision_type=2 2 2 2 2 2 2 2 2 2 2 2 2 2 2 2 2
left_child=1 2 4 5 -1 -4 9 13 -9 10 16 -10 -12 14 -8 -15 -2
right_child=6 -3 3 -5 -6 -7 7 8 11 -11 12 -13 -14 15 -16 -17 -18
leaf_value=0.006939262853999025 -0.041765547954042012 0.057213814273428858 -0.041805289877968541 0.060222536749420123 -0.046604325753713503 -0.042009403034818787 -0.041799349199899964 -0.041877985651238486 -0.041784558116487555 -0.041810673205926206 -0.041733964971357465 -0.041823131910313699 -0.041757487674819037 -0.041765539337143859 -0.041767479187257706 -0.041799279753950883 -0.041793401091036186
leaf_weight=0.90227370476350222 0.060853664996102785 1.8862572312355039 0.62354231684003059 2.2641384303569794 1.6548776165582237 0.088651814963668585 0.14489204715937354 0.13503551762551058 0.15160559816285968 0.046454563154838979 0.44603525043930858 0.079236587276682258 0.19589341594837606 0.08651804958935827 0.45543140778318048 0.34399035712704062 0.059226229088380933
leaf_count=14 22 8 177 9 38 14 43 26 48 13 235 19 84 31 168 93 18
internal_value=0.00534954 0.0193561 0.00645113 0.0358026 -0.0277118 -0.0418307 -0.0417783 -0.0417942 -0.0418274 -0.0417508 -0.0417472 -0.0417978 -0.0417411 -0.0417824 -0.0417752 -0.0417925 -0.0417793
internal_weight=9.62491 7.41974 5.53348 2.97633 2.55715 0.712194 2.20517 1.39671 0.365878 0.808463 0.762009 0.230842 0.641929 1.03083 0.600323 0.430508 0.12008
internal_count=1060 260 252 200 52 191 800 428 93 372 359 67 319 335 211 124 40
is_linear=0
shrinkage=0.05


Tree=216
num_leaves=16
num_cat=0
split_feature=3 4 3 4 2 4 0 2 4 7 2 4 5 2 0
split_gain=10.0167 2.50296 3.39426 2.2273 1.99944 1.83238 1.11304 0.00225839 0.00114288 2.84423e-05 2.68797e-05 2.11155e-05 5.79339e-06 5.77343e-06 1.06002e-06
threshold=0.9674788135492739 40120.000000000007 0.7870816554390635 38897.500000000007 13746.785000000002 32625.000000000004 26606.005000000001 12741.340000000002 40120.000000000007 3.5000000000000004 5801.1250000000009 33397.500000000007 1.5000000000000002 1618.2000000000003 26994.255000000005
decision_type=2 2 2 2 2 2 2 2 2 2 2 2 2 2 2
left_child=1 2 4 7 5 -1 -6 -4 9 10 13 -11 -13 -2 -12
right_child=8 -3 3 -5 6 -7 -8 -9 -10 11 14 12 -14 -15 -16
leaf_value=-0.022902868200991858 -0.042566820614454604 0.046501316723916532 -0.042444355402809712 0.015955636514548895 0.054590926510151253 0.01547359355379732 0.011746513350239162 -0.045091727796711251 -0.044905696448529604 -0.042724508777995163 -0.042104607613178496 -0.04252935836822172 -0.042388610590035423 -0.042375134766320113 -0.042218407792476195
leaf_weight=4.0124977268278696 0.42477852944284311 4.4915201961994162 3.8146405257284632 2.3952262029051781 4.1955180615186682 13.836394861340521 2.3734097611159086 1.0212460793554781 0.47725255042314607 0.90605773311108384 0.94242264050990321 1.279428865760565 1.7060115439817307 5.2211848930455744 0.26138551812618971
leaf_count=47 20 34 215 20 42 76 18 16 6 38 78 56 92 284 18
internal_value=-0.00123904 0.0115725 0.00661555 -0.0234739 0.0155263 0.00684642 0.0391109 -0.0430034 -0.0425115 -0.0424051 -0.0423438 -0.0425131 -0.0424489 -0.0423896 -0.0421293
internal_weight=47.359 36.1405 31.6489 7.23111 24.4178 17.8489 6.56893 4.83589 11.2185 10.7413 6.84977 3.8915 2.98544 5.64596 1.20381
internal_count=1060 468 434 251 183 123 60 231 592 586 400 186 148 304 96
is_linear=0
shrinkage=0.05


Tree=217
num_leaves=20
num_cat=0
split_feature=1 4 1 4 4 4 0 1 6 2 4 4 1 4 7 4 6 1 2
split_gain=10.7886 2.55137 5.22985 3.14317 4.593 8.35623 4.32502 1.42631 1.50081 0.635262 0.365387 0.298855 0.0288759 0.000201292 0.000245962 0.000134211 4.04764e-05 2.87527e-05 1.3324e-05
threshold=31131.475000000002 34905.000000000007 27016.485000000004 37941.500000000007 37217.000000000007 37162.000000000007 29130.860000000004 17804.750000000004 2.5000000000000004 5594.5800000000008 37332.500000000007 40120.000000000007 28592.965000000004 34905.000000000007 1.5000000000000002 37941.500000000007 3.5000000000000004 32231.750000000004 3552.1800000000007
decision_type=2 2 2 2 2 2 2 2 2 2 2 2 2 2 2 2 2 2 2
left_child=1 2 7 4 5 -3 11 -1 -9 12 -6 -5 -4 17 -15 16 -16 -2 -17
right_child=13 3 9 6 10 -7 -8 8 -10 -11 -12 -13 -14 14 15 18 -18 -19 -20
leaf_value=-0.019892594626025481 -0.043814303053178912 0.01763298917619226 -0.052540221744467867 -0.052118983893906172 0.030296751906796204 -0.057351038049083515 0.030981848993525397 -0.01901121892941458 0.013774708157148863 -0.020739784723629012 0.051448980007680646 -0.029566416601612827 -0.044963512944932768 -0.044557033203289527 -0.044348224805139225 -0.043791370328192705 -0.044028696744891183 -0.043473310694802737 -0.043564655058010715
leaf_weight=4.9124741852283469 1.0031424835324281 31.380175743252039 1.8540100902318934 2.8074466958641988 2.7407107874751082 4.2144628018140784 3.3294342756271362 4.0527644641697433 25.161167643964291 3.648975744843483 8.0044092908501607 3.081081248819828 3.9086043760180473 2.2516201883554441 1.331908982247114 1.2178617566823962 3.873537465929985 1.6110035646706817 1.3851145114749668
leaf_count=28 19 321 14 21 20 20 15 21 174 31 80 32 58 35 20 22 64 35 30
internal_value=-0.000558356 0.00499713 -0.00406578 0.0120993 0.0174035 0.00875476 -0.0145657 0.00503475 0.00922641 -0.0370643 0.0460538 -0.0403187 -0.0474012 -0.0439951 -0.0440966 -0.0439639 -0.0441105 -0.0436042 -0.0436707
internal_weight=111.77 99.0957 43.538 55.5577 46.3398 35.5946 9.21796 34.1264 29.2139 9.41159 10.7451 5.88853 5.76261 12.6742 10.06 7.80842 5.20545 2.61415 2.60298
internal_count=1060 835 326 509 441 341 68 223 195 103 100 53 72 225 171 136 84 54 52
is_linear=0
shrinkage=0.05


Tree=218
num_leaves=21
num_cat=0
split_feature=3 4 1 2 3 1 4 1 0 4 1 0 4 1 6 1 4 0 0 2
split_gain=8.49084 2.85733 4.14547 2.14043 2.79342 3.67603 3.83031 3.35484 1.92139 1.78066 3.89231 3.7641 2.03938 1.50492 0.0525271 0.00143897 0.000296529 0.000161109 0.000158934 9.18915e-05
threshold=0.97633302414385459 32625.000000000004 20068.450000000001 4117.1850000000004 1.0837188757919201 30656.785000000003 35012.500000000007 33654.830000000009 27649.135000000002 33155.000000000007 29581.985000000004 27006.785000000003 35692.500000000007 30950.150000000005 4.5000000000000009 27096.115000000002 34732.500000000007 28626.480000000003 25584.195000000003 11967.715000000002
decision_type=2 2 2 2 2 2 2 2 2 2 2 2 2 2 2 2 2 2 2 2
left_child=1 2 14 4 -2 6 -6 -7 -4 10 -5 12 -11 -13 -1 16 19 -18 -16 -3
right_child=3 15 8 9 5 7 -8 -9 -10 11 -12 13 -14 -15 18 -17 17 -19 -20 -21
leaf_value=-0.056191636429908313 0.058490950940373369 -0.043145383485103134 -0.013077687406871442 0.051186323162410022 0.025479421743321934 0.033283769517897535 -0.043876992331999848 -0.0054017313562770399 0.042008276516237175 -0.0036926123178120927 -0.02595128572097273 0.017007375539157564 -0.04066059639725246 -0.014126402995969123 -0.04427273533845448 -0.045452339892706244 -0.042844076831796238 -0.043658182063858929 -0.043497519143418983 -0.04365270901887694
leaf_weight=1.2225206792354599 3.4600366279482833 1.5111328065395331 2.8867497220635414 4.3716304227709761 3.2263191267847997 17.315699428319935 5.1977398544549942 8.2859648987650854 3.50491763651371 6.7341811060905448 2.6127645000815392 14.84140805155039 8.3645179159939271 5.2560020908713332 1.054903391748667 0.66959065943956453 7.7739165760576707 0.65924757719039906 1.7714036107063291 2.1805191934108734
leaf_count=6 17 40 34 34 26 155 31 43 13 41 18 81 105 32 17 10 262 14 38 43
internal_value=-0.000761708 -0.0273568 -0.00794666 0.00699484 0.0156886 0.011336 -0.0173143 0.0207632 0.0171291 -0.00073126 0.0223302 -0.00530763 -0.0241725 0.00886507 -0.0475324 -0.0431959 -0.0430713 -0.0429077 -0.0437869 -0.043445
internal_weight=102.901 23.2349 10.4405 79.6663 37.4858 34.0257 8.42406 25.6017 6.39167 42.1805 6.98439 35.1961 15.0987 20.0974 4.04883 12.7944 12.1248 8.43316 2.82631 3.69165
internal_count=1060 477 108 583 272 255 57 198 47 311 52 259 146 113 61 369 359 276 55 83
is_linear=0
shrinkage=0.05


Tree=219
num_leaves=15
num_cat=0
split_feature=3 4 4 4 2 5 2 2 1 2 1 1 2 4
split_gain=4.87998 0.996187 3.27196 3.18712 3.69629 2.08711 0.280627 0.00122256 0.0010881 0.000586984 0.000104743 1.55991e-05 5.92164e-06 3.55884e-06
threshold=1.0889260149909588 34905.000000000007 37941.500000000007 34732.500000000007 4033.3750000000005 1.5000000000000002 4279.2800000000016 2790.9050000000007 33820.070000000007 4577.795000000001 31131.475000000002 29857.390000000003 4231.6450000000013 34905.000000000007
decision_type=2 2 2 2 2 2 2 2 2 2 2 2 2 2
left_child=10 3 8 4 7 -4 -7 -2 9 -3 11 12 -1 -14
right_child=1 2 5 -5 -6 6 -8 -9 -10 -11 -12 -13 13 -15
leaf_value=-0.042169688309227293 -0.043476681920052801 -0.042239571755381483 -0.011808684593496216 0.081927036272448045 0.038241431565020217 0.029970308813397819 0.053571003051150437 -0.04599450721480372 -0.045434071105269251 -0.044320982624252832 -0.043118943753774799 -0.042289461535647235 -0.041947293290709509 -0.041851461992812027
leaf_weight=0.21240421663970011 0.80252750264480921 1.78034839220345 2.9891552319750172 2.0939933732151985 3.9655756237916648 2.7269355729222298 2.340749055147171 1.207588408142328 0.41251509636640538 0.41831573890522111 0.19614569097757328 0.29440899845212687 1.9046347627881917 1.9717202335596082
leaf_count=23 30 144 30 9 32 36 12 20 5 12 6 20 265 416
internal_value=0.00428157 0.0155895 0.00556259 0.028845 0.0102441 0.0213266 0.0408714 -0.0449893 -0.0430777 -0.0426356 -0.0419885 -0.0419379 -0.0419126 -0.0418985
internal_weight=23.317 18.7377 10.668 8.06968 5.97569 8.05684 5.06768 2.01012 2.61118 2.19866 4.57931 4.38317 4.08876 3.87635
internal_count=1060 330 239 91 82 78 48 50 161 156 730 724 704 681
is_linear=0
shrinkage=0.05


Tree=220
num_leaves=13
num_cat=0
split_feature=1 1 2 2 0 4 4 0 1 0 7 1
split_gain=1.17547 0.666047 0.934933 0.93105 0.753462 1.12678e-06 3.5777e-08 2.08513e-08 8.87601e-09 7.75422e-09 7.01814e-09 3.82517e-09
threshold=29968.010000000006 30017.295000000002 4698.4550000000008 4577.795000000001 26893.720000000005 28185.000000000004 34905.000000000007 28831.020000000004 27931.635000000006 25584.195000000003 4.5000000000000009 26583.380000000001
decision_type=2 2 2 2 2 2 2 2 2 2 2 2
left_child=5 -2 3 4 -3 -1 9 8 -8 10 -7 -11
right_child=1 2 -4 -5 -6 6 7 -9 -10 11 -12 -13
leaf_value=-0.041897834155410291 0.087913517352317228 0.05322394785512688 -0.043685541446349979 0.079432328440010358 0.00031572428501765816 -0.041758201041809863 -0.041701952713491176 -0.04174491668241969 -0.041718188145561261 -0.041721450612021677 -0.041729826688299276 -0.041732361333046142
leaf_weight=0.09660477517172672 0.30973500851541746 0.85895948205143247 0.64931235788390029 0.58329802844673384 3.1066481538582593 0.037877759081311524 0.33570325403707102 0.037333338579628617 0.11236071184976026 0.22425542667042464 0.051318031852133572 0.12516772892558947
leaf_count=25 4 65 37 4 200 15 352 18 82 154 31 73
internal_value=0.00755129 0.0166841 0.0124399 0.0204512 0.0117758 -0.0417354 -0.0417184 -0.041709 -0.041706 -0.0417287 -0.0417419 -0.0417254
internal_weight=6.52857 5.50795 5.19822 4.54891 3.96561 1.02062 0.924016 0.485397 0.448064 0.438619 0.0891958 0.349423
internal_count=1060 310 306 269 265 750 725 452 434 273 46 227
is_linear=0
shrinkage=0.05


Tree=221
num_leaves=17
num_cat=0
split_feature=4 1 2 1 2 0 1 4 5 0 4 2 6 1 2 0
split_gain=2.39617 1.3492 2.01605 2.07539 0.663925 1.04142e-06 3.23173e-07 1.83846e-07 1.83772e-07 6.17339e-08 5.3887e-08 2.76224e-08 2.65632e-08 2.97415e-08 2.57644e-08 8.32485e-09
threshold=33397.500000000007 32231.750000000004 4736.2000000000007 30129.380000000005 4001.2750000000005 28278.765000000003 27016.485000000004 37941.500000000007 1.0000000180025095e-35 28626.480000000003 34732.500000000007 12338.030000000001 1.5000000000000002 31264.930000000004 4279.2800000000016 26528.405000000002
decision_type=2 2 2 2 2 2 2 2 2 2 2 2 2 2 2 2
left_child=1 2 4 5 -1 -4 9 12 -9 10 15 -12 -8 -14 -10 -2
right_child=6 -3 3 -5 -6 -7 7 8 14 -11 11 -13 13 -15 -16 -17
leaf_value=0.0077709158802881434 -0.041761124655349424 0.056244228189065798 -0.041798709918070297 0.05867296576575276 -0.046307063522698658 -0.041987558298596968 -0.041805795060026157 -0.041866231482344543 -0.04177825344229482 -0.041803755515795203 -0.041729873865710088 -0.041753092891249607 -0.04176648475305856 -0.041784983549303448 -0.041814474341221645 -0.041788148098635583
leaf_weight=0.88941895635798607 0.057731796056032514 1.8294181972742078 0.58843794616404954 2.1838953495025635 1.5684486080426721 0.08334249584004283 0.070648145163431542 0.12810412608087063 0.14247967291157693 0.044310240889899433 0.41842058242764324 0.18460065452381968 0.53781120351050049 0.36456317198462784 0.074906934867613018 0.056284007616341114
leaf_count=14 22 8 177 9 38 14 20 26 48 13 235 84 203 112 19 18
internal_value=0.00545767 0.0192099 0.00645928 0.0350321 -0.0267381 -0.0418221 -0.0417724 -0.0417874 -0.0418187 -0.0417465 -0.0417429 -0.041737 -0.0417763 -0.041774 -0.0417907 -0.0417745
internal_weight=9.22282 7.14296 5.31354 2.85568 2.45787 0.67178 2.07986 1.31851 0.345491 0.761347 0.717037 0.603021 0.973023 0.902374 0.217387 0.114016
internal_count=1060 260 252 200 52 191 800 428 93 372 359 319 335 315 67 40
is_linear=0
shrinkage=0.05


Tree=222
num_leaves=20
num_cat=0
split_feature=3 5 0 4 3 8 7 6 2 1 6 1 4 7 2 4 2 5 0
split_gain=9.41671 2.32493 1.97307 1.96386 2.72023 5.58686 1.01449 1.0416 0.475002 0.0692258 0.0475905 0.00314476 0.000987664 2.38732e-05 2.31642e-05 1.86746e-05 6.17839e-06 5.44413e-06 3.14977e-07
threshold=0.9674788135492739 1.0000000180025095e-35 28192.000000000004 36337.500000000007 0.66094075969639043 4.5000000000000009 1.0000000180025095e-35 7.5000000000000009 9746.3550000000014 19267.145 8.5000000000000018 20346.010000000006 40120.000000000007 3.5000000000000004 6070.6200000000008 33397.500000000007 1618.2000000000003 1.5000000000000002 26511.000000000004
decision_type=2 2 2 2 2 2 2 2 2 2 2 2 2 2 2 2 2 2 2
left_child=1 2 9 4 -3 -6 10 -8 -4 -1 -5 -11 13 14 16 -15 -2 -17 -16
right_child=12 3 8 6 5 -7 7 -9 -10 11 -12 -13 -14 15 18 17 -18 -19 -20
leaf_value=-0.062397278085625098 -0.042535964017206239 0.052953047891983268 -0.012652339433935131 0.055517118999906516 -0.041182732905641464 0.021156307012079122 -0.013746086422143401 0.03201418401037405 0.027611192759605677 -0.047137376299733059 0.045675897029123641 -0.042923964097139597 -0.044745451882362508 -0.042670865675452724 -0.042066047984589239 -0.042484685998295052 -0.042333524957309299 -0.042344162907756833 -0.04212163370459919
leaf_weight=0.78407975286245291 0.40748508926480642 2.705616928637034 1.3245921172201636 2.0217530727386457 5.6264668814837906 9.9498625677078962 1.7054248051717875 4.5916476640850306 1.6387365469709037 0.74863078072667111 3.1308243945240974 1.0842340672388671 0.45541765540838319 0.86054572928696904 0.57879232615232445 1.2104537542909386 5.0214913506060839 1.6006936440244315 0.4553577546030283
leaf_count=4 20 18 19 10 156 53 21 76 23 8 36 44 6 38 52 56 291 92 37
internal_value=-0.00111425 0.0112879 -0.018326 0.016846 0.00667652 -0.00136174 0.033084 0.019621 0.00961361 -0.0499638 0.0495374 -0.0446449 -0.0424676 -0.0423652 -0.0423074 -0.0424671 -0.0423487 -0.0424047 -0.0420905
internal_weight=45.9021 35.3119 5.58027 29.7316 18.2819 15.5763 11.4496 6.29707 2.96333 2.61694 5.15258 1.83286 10.5902 10.1348 6.46313 3.67169 5.42898 2.81115 1.03415
internal_count=1060 468 98 370 227 209 143 97 42 56 46 52 592 586 400 186 311 148 89
is_linear=0
shrinkage=0.05


Tree=223
num_leaves=22
num_cat=0
split_feature=1 4 1 4 3 2 2 1 2 8 6 6 6 2 1 4 7 4 6 1 2
split_gain=10.0722 2.31636 4.8465 2.95524 3.01131 4.35082 1.95646 1.36528 1.34204 1.29317 3.05653 1.38749 0.257436 0.0207834 0.00983441 0.000181242 0.000271531 0.000116888 5.11578e-05 2.47116e-05 8.90897e-06
threshold=31131.475000000002 34905.000000000007 27241.350000000002 36337.500000000007 0.87118681729126901 5374.3250000000007 11072.210000000001 28160.405000000002 4205.3100000000004 4.5000000000000009 2.5000000000000004 6.5000000000000009 9.5000000000000018 12820.555000000002 28473.070000000003 34905.000000000007 1.5000000000000002 37941.500000000007 3.5000000000000004 32231.750000000004 3552.1800000000007
decision_type=2 2 2 2 2 2 2 2 2 2 2 2 2 2 2 2 2 2 2 2 2
left_child=1 2 9 7 6 -6 -5 13 -9 10 -1 -11 -4 -3 -14 19 -17 18 -18 -2 -19
right_child=15 3 12 4 5 -7 -8 8 -10 11 -12 -13 14 -15 -16 16 17 20 -20 -21 -22
leaf_value=-0.032535984172903147 -0.043681234491873604 0.044551686712943607 -0.028020564116424514 -0.055751192039267795 -0.011252477301425857 0.028545231535116983 -0.0057494773178235663 0.03357489816793538 -0.0060620061537274362 0.01975454129735971 0.024445125129116632 -0.012372945040008333 -0.050066049259383016 0.051008497632700669 -0.045436415918512024 -0.044454582366369719 -0.044230572491373861 -0.04363663633895401 -0.043862415378079445 -0.043354853552313957 -0.043444978491266682
leaf_weight=2.8620561584830311 0.94262312352657263 5.5437157377600661 2.7254032567143431 2.7568060494959337 11.624965220689775 16.780547793954611 6.7375245094299316 4.9641239643096906 3.7477959245443344 4.369271237403157 13.243731681257485 14.557150736451147 1.8892566151916979 1.607730835676193 2.9199911840260029 2.1664353683590871 1.2753917090594766 1.1371856927871706 3.6270669177174568 1.5073475595563648 1.2988973949104545
leaf_count=12 19 107 39 31 63 174 77 27 19 30 116 72 15 11 42 35 20 22 64 35 30
internal_value=-0.000577119 0.00479494 -0.00391868 0.0116939 0.00410985 0.012258 -0.0202681 0.0298134 0.0165234 0.00390563 0.0143194 -0.00495613 -0.0402977 0.0460033 -0.0472551 -0.0438639 -0.0439627 -0.0438175 -0.0439582 -0.0434804 -0.0435344
internal_weight=108.285 96.3301 42.5669 53.7632 37.8998 28.4055 9.49433 15.8634 8.71192 35.0322 16.1058 18.9264 7.53465 7.15145 4.80925 11.9549 9.50498 7.33854 4.90246 2.44997 2.43608
internal_count=1060 835 326 509 345 237 108 164 46 230 128 102 96 118 57 225 171 136 84 54 52
is_linear=0
shrinkage=0.05


Tree=224
num_leaves=18
num_cat=0
split_feature=3 4 1 0 0 4 1 4 8 5 2 1 0 1 4 6 2
split_gain=7.77565 2.77327 3.96529 2.0467 1.88463 1.86377 4.17501 3.6004 4.59317 3.07009 0.186417 0.132737 0.0482357 0.00130576 0.000294333 8.15045e-05 7.76944e-05
threshold=0.97633302414385459 32625.000000000004 20548.700000000001 25832.050000000003 27649.135000000002 37217.000000000007 29968.010000000006 37162.000000000007 4.5000000000000009 1.5000000000000002 14257.385000000002 28369.465000000004 26542.350000000002 27016.485000000004 34732.500000000007 11.500000000000002 11967.715000000002
decision_type=2 2 2 2 2 2 2 2 2 2 2 2 2 2 2 2 2
left_child=1 2 10 -2 -4 7 11 8 -5 -8 12 -7 -1 14 16 -16 -3
right_child=3 13 4 5 -6 6 9 -9 -10 -11 -12 -13 -14 -15 15 -17 -18
leaf_value=-0.043902597397935825 -0.028804805612231522 -0.043078024164046165 -0.0095654547703929588 -0.00090030539776556518 0.049068485075621421 -0.048731043400615737 0.0324894405925523 0.057497897675731803 0.031973098348763676 -0.013200397479112617 -0.028216964107407618 -0.033317973587691833 -0.056965477309510161 -0.045140887201113478 -0.042942894391548518 -0.042613190185655535 -0.043555801171745102
leaf_weight=1.8474086970090886 3.8578693717718116 1.4407011661678519 2.6144695803523064 33.160570222884417 2.8802323341369629 2.8278330639004734 7.3555116057395917 4.2728797346353522 15.636255864053963 7.3510859832167625 1.7133800312876699 2.760438933968544 1.1445023566484449 0.7458478659391411 4.6179620809853077 3.1551124360412359 2.0784920565783978
leaf_count=34 39 40 30 263 11 23 50 20 115 56 21 17 12 12 149 125 43
internal_value=-0.000809805 -0.0268615 -0.00767937 0.00669242 0.0211695 0.00855904 -0.004328 0.0134873 0.00963351 0.0096514 -0.0413682 -0.0411174 -0.0488996 -0.0431147 -0.0429808 -0.0428091 -0.0433602
internal_weight=99.4606 22.2381 10.2 77.2224 5.4947 73.3646 20.2949 53.0697 48.7968 14.7066 4.70529 5.58827 2.99191 12.0381 11.2923 7.77307 3.51919
internal_count=1060 477 108 583 41 544 146 398 378 106 67 40 46 369 357 274 83
is_linear=0
shrinkage=0.05


Tree=225
num_leaves=15
num_cat=0
split_feature=1 6 1 2 6 2 6 1 1 4 4 4 1 7
split_gain=4.56305 0.991447 1.12022 1.4741 2.22129 1.09722 0.43585 0.000861208 0.000158407 6.59452e-05 2.39591e-05 3.39663e-06 1.25818e-06 8.53562e-07
threshold=29699.930000000004 3.5000000000000004 34370.070000000007 4033.3750000000005 7.5000000000000009 2405.7800000000002 11.500000000000002 33820.070000000007 29581.985000000004 35012.500000000007 28185.000000000004 34905.000000000007 27854.150000000005 1.0000000180025095e-35
decision_type=2 2 2 2 2 2 2 2 2 2 2 2 2 2
left_child=8 5 3 4 -3 -2 -5 9 10 -7 -1 13 -13 -12
right_child=1 2 -4 6 -6 7 -8 -9 -10 -11 11 12 -14 -15
leaf_value=-0.042410482070839743 0.015496332618887783 0.030923668709967652 0.055523615665636933 0.018716638744422431 -0.030253645478834225 -0.043088220907076334 0.043393231070142223 -0.045134299777533464 -0.043289476683902567 -0.042195964127274117 -0.042027487909527927 -0.041825240579774159 -0.041914946772123901 -0.041928694045500793
leaf_weight=0.23740286193788307 1.8046206086874037 2.6674945829436165 1.9764815717935551 3.7595335450023413 3.3435959261842072 0.3714128336869178 3.4146308023482561 0.55136246234178543 0.22362205572426308 0.46804051240906119 0.25380900502204928 1.506356473779306 0.52783890161663283 1.5775057682767508
leaf_count=24 9 50 10 45 124 14 21 7 12 38 27 361 83 235
internal_value=0.00419913 0.0150861 0.0204206 0.0151586 -0.00310547 -0.010225 0.0304618 -0.0435991 -0.0419936 -0.0425907 -0.0419229 -0.041893 -0.0418485 -0.0419424
internal_weight=22.6837 18.3572 15.1617 13.1853 6.01109 3.19544 7.17416 1.39082 4.32654 0.839453 4.10291 3.86551 2.0342 1.83131
internal_count=1060 318 250 240 174 68 66 59 742 52 730 706 444 262
is_linear=0
shrinkage=0.05


Tree=226
num_leaves=15
num_cat=0
split_feature=1 6 1 3 3 1 4 4 4 0 2 0 7 0
split_gain=1.10251 0.530316 1.10501 1.39841 1.08271 0.000263558 0.000211407 9.38056e-07 3.30618e-08 1.85516e-08 7.42985e-09 7.42711e-09 6.87378e-09 3.49908e-09
threshold=29968.010000000006 1.5000000000000002 32181.375000000004 1.1850114936235565 1.1217802209562635 35127.040000000008 33565.000000000007 28185.000000000004 34905.000000000007 28626.480000000003 5374.3250000000007 25584.195000000003 4.5000000000000009 28192.000000000004
decision_type=2 2 2 2 2 2 2 2 2 2 2 2 2 2
left_child=7 -2 3 4 -3 6 -4 -1 11 10 -10 12 -9 -13
right_child=1 2 5 -5 -6 -7 -8 8 9 -11 -12 13 -14 -15
leaf_value=-0.041884435088029345 0.052937966034141262 0.023536690050710823 -0.043556487604227832 0.090494768399313016 -0.046181460858266445 -0.045132924907723491 -0.041809025626549014 -0.041755540368359607 -0.041716161944349843 -0.041736127282824928 -0.041699611613565307 -0.041721125155645564 -0.041726884152092185 -0.041740059217940759
leaf_weight=0.091143886907957383 0.83613488357514132 2.4619368575513372 0.30706704221665848 0.60852389805950213 0.71966061845887441 0.11714865546673536 0.39665105612948537 0.036645873682573438 0.085906720429193228 0.047459179128054529 0.32194618741050363 0.30469532916322351 0.048785427934490144 0.026525097084231675
leaf_count=25 23 46 8 7 72 3 151 15 64 27 361 211 31 16
internal_value=0.00758234 0.0163016 0.00965812 0.0210492 0.00776681 -0.0429371 -0.0425715 -0.0417318 -0.0417159 -0.0417065 -0.0417031 -0.041726 -0.0417392 -0.0417226
internal_weight=6.41023 5.44712 4.61099 3.79012 3.1816 0.820867 0.703718 0.963108 0.871964 0.455312 0.407853 0.416652 0.0854313 0.33122
internal_count=1060 310 287 125 118 162 159 750 725 452 425 273 46 227
is_linear=0
shrinkage=0.05


Tree=227
num_leaves=17
num_cat=0
split_feature=4 1 4 0 6 1 1 4 5 0 4 6 1 2 2 0
split_gain=2.26533 1.28266 1.90275 1.13965 0.222744 0.00334551 2.78045e-07 1.52481e-07 1.5126e-07 4.96297e-08 4.99149e-08 2.74794e-08 2.58579e-08 2.3057e-08 2.09552e-08 7.99127e-09
threshold=33397.500000000007 32231.750000000004 28185.000000000004 29238.225000000002 6.5000000000000009 31131.475000000002 27016.485000000004 37941.500000000007 1.0000000180025095e-35 28626.480000000003 34732.500000000007 1.5000000000000002 31264.930000000004 12338.030000000001 4279.2800000000016 26528.405000000002
decision_type=2 2 2 2 2 2 2 2 2 2 2 2 2 2 2 2
left_child=1 2 4 5 -1 -4 9 11 -9 10 15 -8 -13 -12 -10 -2
right_child=6 -3 3 -5 -6 -7 7 8 14 -11 13 12 -14 -15 -16 -17
leaf_value=0.052257849376486955 -0.041756124071830977 0.055601536018773025 -0.042279762876436346 0.030245502263341401 0.022710685184807441 -0.046551871798979481 -0.041801241981372014 -0.041854604548995866 -0.041772531812930939 -0.041794836175508727 -0.041725858488265717 -0.041760923575637487 -0.041778683581997114 -0.041747808454700608 -0.041806199075249503 -0.041783258677781793
leaf_weight=1.2276428006589415 0.054695901693776139 1.788470610976219 0.82863948598969761 0.69978971034288395 1.3276410824619231 1.0252840183675287 0.067465696716680901 0.12118531344458461 0.13423639058601111 0.041559567791409791 0.39188954548444599 0.50780701555777341 0.34364351420663297 0.17221464845351875 0.070488109020516276 0.053845451097004116
leaf_count=12 22 8 197 4 28 11 20 26 48 13 235 203 112 84 19 18
internal_value=0.0056825 0.0191591 0.00640195 -0.024121 0.0369061 -0.0446424 -0.0417667 -0.0417809 -0.0418103 -0.0417418 -0.0417385 -0.0417705 -0.0417681 -0.0417326 -0.0417841 -0.0417696
internal_weight=8.8565 6.89747 5.109 2.55371 2.55528 1.85392 1.95903 1.24483 0.32591 0.714205 0.672646 0.918916 0.851451 0.564104 0.204724 0.108541
internal_count=1060 260 252 212 40 208 800 428 93 372 359 335 315 319 67 40
is_linear=0
shrinkage=0.05


Tree=228
num_leaves=16
num_cat=0
split_feature=3 4 3 4 5 2 2 4 7 3 1 3 1 2 4
split_gain=8.86308 2.24338 3.14592 1.90719 1.83525 2.18895 0.00203159 0.000817854 2.13098e-05 1.76315e-05 1.63266e-05 1.16471e-05 5.4635e-06 1.47858e-06 7.5181e-07
threshold=0.9674788135492739 40120.000000000007 0.7870816554390635 38897.500000000007 1.0000000180025095e-35 13746.785000000002 12741.340000000002 40120.000000000007 4.5000000000000009 1.1024823617791162 27016.485000000004 1.0416381119854512 33560.215000000004 3915.6150000000002 35865.000000000007
decision_type=2 2 2 2 2 2 2 2 2 2 2 2 2 2 2
left_child=1 2 4 6 -1 -6 -4 8 10 11 14 -10 -12 -11 -2
right_child=7 -3 3 -5 5 -7 -8 -9 9 13 12 -13 -14 -15 -16
leaf_value=-0.022456999876546674 -0.042140562373462018 0.045369638257079563 -0.042401095847605361 0.013860308631751486 0.011218389151910849 0.050109456503998853 -0.044983765479919911 -0.044558781885928454 -0.042379911632562592 -0.042352418317082918 -0.042300671948819389 -0.042718887571198752 -0.042430469675507357 -0.042212504841311775 -0.042032862936109361
leaf_weight=2.9077164214104476 0.2441301774233543 4.1576241776347151 3.4822448547929516 2.2080148160457611 16.10538401268423 4.6663542091846457 0.97454386949539173 0.43115518242120821 0.37902755755931161 0.59069442003965367 5.9436864433810115 0.76459054555743933 0.9387836419045924 0.27755366172641516 0.48189245350658894
leaf_count=33 22 34 215 20 102 48 16 6 23 31 361 31 50 21 47
internal_value=-0.00111144 0.0109255 0.00620613 -0.0241396 0.0147472 0.0199552 -0.0429658 -0.0424283 -0.0423329 -0.0424776 -0.0422946 -0.0426065 -0.0423184 -0.0423077 -0.0420691
internal_weight=44.5534 34.5019 30.3443 6.6648 23.6795 20.7717 4.45679 10.0515 9.62036 2.01187 7.60849 1.14362 6.88247 0.868248 0.726023
internal_count=1060 468 434 251 183 150 231 592 586 106 480 54 411 52 69
is_linear=0
shrinkage=0.05


Tree=229
num_leaves=21
num_cat=0
split_feature=1 4 1 4 4 4 4 1 2 1 6 2 2 1 4 7 4 6 1 2
split_gain=9.5011 2.18089 4.52164 2.74073 2.80971 2.96106 1.3214 2.94124 1.28548 1.22751 1.59847 0.3624 0.269074 0.011805 0.000170541 0.000244133 9.55183e-05 4.22701e-05 2.40855e-05 1.49432e-05
threshold=31131.475000000002 34905.000000000007 27241.350000000002 36337.500000000007 36520.000000000007 37941.500000000007 35987.500000000007 28160.405000000002 5475.6050000000005 17804.750000000004 17.500000000000004 3634.2050000000004 5594.5800000000008 28803.075000000004 34905.000000000007 1.5000000000000002 37941.500000000007 3.5000000000000004 32231.750000000004 3552.1800000000007
decision_type=2 2 2 2 2 2 2 2 2 2 2 2 2 2 2 2 2 2 2 2
left_child=1 2 9 6 8 -6 7 -3 -5 -1 -11 -8 13 -4 18 -16 17 -17 -2 -18
right_child=14 3 12 4 5 -7 11 -9 -10 10 -12 -13 -14 -15 15 16 19 -19 -20 -21
leaf_value=-0.019904505457496242 -0.04357026644058748 0.046063075062159543 -0.049891319669299335 -0.052463766110807754 0.020905915443502909 -0.013763555937832057 0.079695560566657872 -0.0040451678915990235 -0.0081610250620124756 0.01251286469695537 -0.019132576551446765 0.045226737223948391 -0.02542388883733487 -0.044648742788145061 -0.044326500145032199 -0.044092047639457975 -0.043579030614649246 -0.043749154920118244 -0.043238716670709637 -0.043325198706805366
leaf_weight=4.7615160942077628 0.89539777860045378 5.874128755182026 1.5631637983024109 2.5703306794166556 21.117480639368299 8.6944245770573598 1.0952207446098321 5.8401402682065964 4.5108889304101467 24.913089279085401 4.7515229620039454 2.5105995573103428 2.2372884191572666 3.4298141673207283 2.0665059108287078 1.2144490703940389 1.1068482026457789 3.4579107910394669 1.4109129775315521 1.2177129462361334
leaf_count=28 19 98 15 17 205 68 4 26 55 171 31 36 25 56 35 20 22 64 35 30
internal_value=-0.000583995 0.00464455 -0.00388791 0.0114519 0.0040699 0.0107948 0.0292287 0.0210816 -0.024242 0.00366145 0.00744406 0.0556962 -0.0398334 -0.04629 -0.0437513 -0.043849 -0.043708 -0.0438383 -0.0433674 -0.0434461
internal_weight=105.239 93.8696 41.6564 52.2132 36.8931 29.8119 15.3201 11.7143 7.08122 34.4261 29.6646 3.60582 7.23027 4.99298 11.3697 9.06343 6.99692 4.67236 2.30631 2.32456
internal_count=1060 835 326 509 345 273 164 124 72 230 202 40 96 71 225 171 136 84 54 52
is_linear=0
shrinkage=0.05


Tree=230
num_leaves=15
num_cat=0
split_feature=3 4 1 0 4 4 4 0 0 1 4 0 0 2
split_gain=7.08539 2.71314 3.73207 1.91006 1.75909 2.00477 3.16211 1.56484 0.0401415 0.0012342 0.000269823 0.000149445 8.41568e-05 6.59123e-05
threshold=0.97633302414385459 32625.000000000004 20068.450000000001 25832.050000000003 38215.000000000007 30732.500000000004 33155.000000000007 27649.135000000002 27672.160000000003 27016.485000000004 34732.500000000007 25584.195000000003 28626.480000000003 11967.715000000002
decision_type=2 2 2 2 2 2 2 2 2 2 2 2 2 2
left_child=1 2 8 -2 5 -5 -7 -4 11 10 13 -1 -12 -3
right_child=3 9 7 4 -6 6 -8 -9 -10 -11 12 -13 -14 -15
leaf_value=-0.044067366529564882 -0.028317506729923243 -0.043015168241334466 -0.011468582465415855 -0.025285512238000702 -0.019540841296434096 0.047939360979050931 0.0089397643709126558 0.038891745093854679 -0.054818855022116031 -0.045067193231077399 -0.042692354412953326 -0.043277107320589439 -0.043348348452818562 -0.043465709728105317
leaf_weight=0.96855177171528595 3.7760620787739745 1.3722565602511134 2.7944193780422211 3.7181944400072089 5.3033824115991584 5.720231130719184 56.87909658998251 3.4431536197662354 1.1572771146893499 0.7079341188073166 6.7449725084006786 1.5647730752825735 0.52711921371519554 1.9875252060592172
leaf_count=17 39 40 34 20 26 50 448 13 6 12 261 38 13 43
internal_value=-0.000848049 -0.0263358 -0.00724995 0.00634153 0.00816886 0.0103848 0.0125035 0.0163304 -0.0471037 -0.0430457 -0.0429111 -0.0435792 -0.0427399 -0.0432817
internal_weight=96.6649 21.268 9.92817 75.397 71.6209 66.3175 62.5993 6.23757 3.6906 11.3398 10.6319 2.53332 7.27209 3.35978
internal_count=1060 477 108 583 544 518 498 47 61 369 357 55 274 83
is_linear=0
shrinkage=0.05


Tree=231
num_leaves=16
num_cat=0
split_feature=1 4 5 4 1 1 0 1 1 2 1 4 4 1 7
split_gain=4.29227 0.999449 2.928 2.77146 3.46975 1.73886 1.30013 0.719703 0.400448 0.260016 0.000143083 2.21712e-05 3.05427e-06 1.14813e-06 7.22606e-07
threshold=29699.930000000004 34905.000000000007 1.5000000000000002 34732.500000000007 31807.810000000001 34615.960000000006 26653.730000000003 31131.475000000002 33333.410000000011 1385.7350000000004 29581.985000000004 28185.000000000004 34905.000000000007 27854.150000000005 1.0000000180025095e-35
decision_type=2 2 2 2 2 2 2 2 2 2 2 2 2 2 2
left_child=10 3 5 4 7 9 -4 -2 -8 -3 11 -1 14 -14 -13
right_child=1 2 6 -5 -6 -7 8 -9 -10 -11 -12 12 13 -15 -16
leaf_value=-0.042392540474373651 0.015817635428298598 -0.010937161062923891 -0.019543391221332113 0.077401744051455668 -0.045665593736651418 0.027935137915501847 0.022752703349070931 0.058747374418165799 0.054044013472736518 -0.047263242820073187 -0.043237367370593027 -0.042010848998822292 -0.041815771290978125 -0.04190390285944412 -0.041917566027688417
leaf_weight=0.2263707984238893 1.9700080910697608 0.58871063590049599 1.0725836181081829 2.0932130366563797 1.8744056094437835 1.2099838778376577 1.6649540867656467 1.935438511893153 2.6494662147015333 3.0177150280214846 0.21504958858713497 0.24090439267456565 1.4076127416919915 0.5011020607780664 1.5018898318521676
leaf_count=24 32 2 36 9 34 5 58 11 18 113 12 27 361 83 235
internal_value=0.00425358 0.0147224 0.00439493 0.0281066 0.0102541 -0.0239317 0.0297212 0.0370925 0.0419686 -0.0413334 -0.041982 -0.0419124 -0.0418826 -0.0418389 -0.0419305
internal_weight=22.1694 18.0765 10.2034 7.87307 5.77985 4.81641 5.387 3.90545 4.31442 3.60643 4.09293 3.87788 3.65151 1.90871 1.74279
internal_count=1060 318 232 86 77 120 112 43 76 115 742 730 706 444 262
is_linear=0
shrinkage=0.05


Tree=232
num_leaves=13
num_cat=0
split_feature=1 3 1 2 2 4 4 0 0 2 9 0
split_gain=1.04353 0.559493 0.885888 0.733907 0.86947 8.23056e-07 3.00497e-08 1.61798e-08 7.11813e-09 6.91091e-09 5.72522e-09 3.79585e-09
threshold=29968.010000000006 1.0308512055435675 30195.880000000001 4698.4550000000008 4117.1850000000004 28185.000000000004 34905.000000000007 28583.885000000006 25584.195000000003 5374.3250000000007 1.0000000180025095e-35 28192.000000000004
decision_type=2 2 2 2 2 2 2 2 2 2 2 2
left_child=5 -2 -3 4 -4 -1 8 9 10 -8 -7 -10
right_child=1 2 3 -5 -6 6 7 -9 11 -11 -12 -13
leaf_value=-0.041875792690882839 0.081411031977061912 -0.050445002731058952 -0.00020511926893062543 -0.043252840641243337 0.045948776448340167 -0.041751909229198358 -0.041714058898122734 -0.041732280819953241 -0.041718471616623398 -0.041697545428790776 -0.041725250641766909 -0.041738548487164323
leaf_weight=0.086454001604579278 0.30955891218036402 0.50828064256347705 1.8263420618604866 0.42719349067192514 2.3124156123958528 0.035125828813761473 0.080284920055419207 0.046463417063932866 0.2886950055253692 0.30049992201384157 0.047206442337483168 0.025633071782067418
leaf_count=25 2 19 220 28 41 15 63 28 211 361 31 16
internal_value=0.00778079 0.0161526 0.0121714 0.0191418 0.0255821 -0.041729 -0.0417136 -0.0417044 -0.0417235 -0.041701 -0.0417366 -0.0417201
internal_weight=6.29415 5.38379 5.07423 4.56595 4.13876 0.910363 0.823909 0.427248 0.39666 0.380785 0.0823323 0.314328
internal_count=1060 310 308 289 261 750 725 452 273 424 46 227
is_linear=0
shrinkage=0.05


Tree=233
num_leaves=18
num_cat=0
split_feature=4 1 2 4 1 4 5 3 7 0 0 4 6 1 2 2 0
split_gain=2.13294 1.2031 0.206326 1.08999e-06 2.39685e-07 1.18982e-07 1.19391e-07 9.32281e-08 7.73316e-08 7.00812e-08 4.70862e-08 4.67385e-08 2.69963e-08 2.2497e-08 2.04831e-08 1.4057e-08 7.31345e-09
threshold=33397.500000000007 30129.380000000005 4433.7400000000007 28185.000000000004 27016.485000000004 37941.500000000007 1.0000000180025095e-35 1.018842598292325 1.0000000180025095e-35 26699.275000000005 28626.480000000003 34732.500000000007 1.5000000000000002 31264.930000000004 12338.030000000001 4279.2800000000016 26528.405000000002
decision_type=2 2 2 2 2 2 2 2 2 2 2 2 2 2 2 2 2
left_child=1 3 -3 -1 10 12 -7 8 -5 -9 11 16 -6 -14 -13 -8 -2
right_child=4 2 -4 7 5 6 15 9 -10 -11 -12 14 13 -15 -16 -17 -18
leaf_value=-0.041949068361111112 -0.041751999918871956 0.016669239084320761 0.035221040007789084 -0.041821304951302249 -0.041796958841922971 -0.041842694797859931 -0.041768563128975644 -0.041848643102201988 -0.041767499397450718 -0.041782603995882475 -0.041790516598395042 -0.041721861211180135 -0.04175644904019285 -0.041773449598097256 -0.041743245430967281 -0.041796970036951438 -0.041778605538130217
leaf_weight=0.13172007515095163 0.052026284160092362 2.908438216894865 3.0920722410082817 0.0826767364051193 0.064445290016010182 0.11357945390045643 0.12867401540279388 0.099176680669188499 0.34729797835461795 0.067526358179748058 0.039835375850088894 0.36471036204602569 0.48070623981766403 0.32695492473430932 0.16160061908885837 0.065829948172904551 0.051296733319759369
leaf_count=26 22 24 17 20 20 26 48 21 130 22 13 235 203 112 84 19 18
internal_value=0.00579138 0.0188629 0.026229 -0.0418189 -0.0417617 -0.0417753 -0.041802 -0.0417902 -0.0417778 -0.0418219 -0.0417378 -0.0417345 -0.0417658 -0.0417633 -0.0417284 -0.0417782 -0.0417652
internal_weight=8.57857 6.72891 6.00051 0.728398 1.84966 1.18019 0.308083 0.596678 0.429975 0.166703 0.669469 0.629634 0.872106 0.807661 0.526311 0.194504 0.103323
internal_count=1060 260 41 219 800 428 93 193 150 43 372 359 335 315 319 67 40
is_linear=0
shrinkage=0.05


Tree=234
num_leaves=16
num_cat=0
split_feature=3 4 2 1 4 6 2 4 7 3 1 3 1 2 4
split_gain=8.3312 2.06908 2.95643 4.46017 1.82579 1.61891 1.38383 0.000759535 2.04842e-05 1.65644e-05 1.41369e-05 1.10441e-05 5.6415e-06 1.19245e-06 6.64807e-07
threshold=0.9674788135492739 40120.000000000007 12521.130000000003 17804.750000000004 38897.500000000007 4.5000000000000009 14674.035000000002 40120.000000000007 4.5000000000000009 1.1024823617791162 27016.485000000004 1.0416381119854512 33560.215000000004 3915.6150000000002 35865.000000000007
decision_type=2 2 2 2 2 2 2 2 2 2 2 2 2 2 2
left_child=1 2 3 -1 -5 -4 -7 8 10 11 14 -10 -12 -11 -2
right_child=7 -3 5 4 -6 6 -8 -9 9 13 12 -13 -14 -15 -16
leaf_value=0.12715357375886818 -0.042116828006610318 0.044193825741830201 -0.020034123117368022 -0.040527129967430811 0.01255889875928288 0.015477775987802101 0.052673802730231138 -0.044476059533939766 -0.042348679527830474 -0.042319613684054957 -0.042267721181356736 -0.042686353871485408 -0.042402830681899831 -0.042190901981433007 -0.042012239241528693
leaf_weight=0.49870492517948406 0.22815486975013843 4.0136140398681155 2.678481935523453 6.2353893416002375 2.188039056956768 15.183273281902077 2.9935071989893904 0.42035363614559251 0.36146089155226924 0.56318529322743405 5.6275952467694879 0.73355952743440866 0.895567251369357 0.26444079726934433 0.45482289977371693
leaf_count=2 22 34 32 258 20 95 27 6 23 31 361 31 50 21 47
internal_value=-0.00116005 0.0104936 0.00595118 -0.0181359 -0.0267377 0.0162559 0.0216035 -0.042398 -0.0423023 -0.0424473 -0.0422636 -0.0425749 -0.0422863 -0.0422785 -0.0420472
internal_weight=43.3402 33.791 29.7774 8.92213 8.42343 20.8553 18.1768 9.54914 9.12879 1.92265 7.20614 1.09502 6.52316 0.827626 0.682978
internal_count=1060 468 434 280 278 154 122 592 586 106 480 54 411 52 69
is_linear=0
shrinkage=0.05


Tree=235
num_leaves=15
num_cat=0
split_feature=1 4 1 4 4 0 0 0 4 7 4 6 1 2
split_gain=8.98577 2.09813 2.34524 2.27551 2.42856 2.55756 2.5117 0.0739418 0.000161843 0.000236186 8.23419e-05 3.70306e-05 1.64859e-05 1.27619e-05
threshold=31131.475000000002 29177.500000000004 20548.700000000001 29507.500000000004 34732.500000000007 25584.195000000003 27429.070000000003 26965.135000000006 34905.000000000007 1.5000000000000002 37941.500000000007 3.5000000000000004 32231.750000000004 3552.1800000000007
decision_type=2 2 2 2 2 2 2 2 2 2 2 2 2 2
left_child=1 2 -1 7 5 -5 -6 -3 12 -10 11 -11 -2 -12
right_child=8 3 -4 4 6 -7 -8 -9 9 10 13 -13 -14 -15
leaf_value=0.0029048389052835836 -0.043440362787908596 0.046498192072018579 -0.058537283175283866 0.01529430878832758 0.017908010719204871 -0.017063045955520047 -0.0064657333446541251 0.034055352326560165 -0.044228843989609412 -0.043973274098766488 -0.043483030924603934 -0.043644931948069149 -0.043157496731988133 -0.043242655509350178
leaf_weight=3.6538468673825255 0.83756517618894522 2.3164584115147582 2.7012735772877932 8.8213006518781203 37.36390794813633 19.846277430653572 14.739228110760449 2.4639438316226006 1.9771259799599628 1.1607016548514364 1.055921368300915 3.3004571720957756 1.3379107080399988 1.1574211325496433
leaf_count=36 19 26 24 45 389 170 131 14 35 20 22 64 35 30
internal_value=-0.00056868 0.00450678 -0.0232114 0.00656581 0.004582 -0.00710636 0.011013 0.0400848 -0.0436519 -0.0437488 -0.0436067 -0.0437304 -0.0432664 -0.0433573
internal_weight=102.733 91.9062 6.35512 85.5511 80.7707 28.6676 52.1031 4.7804 10.8271 8.65163 6.6745 4.46116 2.17548 2.21334
internal_count=1060 835 60 775 735 215 520 40 225 171 136 84 54 52
is_linear=0
shrinkage=0.05


Tree=236
num_leaves=17
num_cat=0
split_feature=3 4 1 0 4 3 5 4 8 0 2 0 1 4 0 2
split_gain=6.4492 2.66964 3.60657 1.79143 1.64827 3.82169 4.45673 3.5005 4.10996 1.35871 0.202822 0.047217 0.00112695 0.000231992 0.000117167 5.81777e-05
threshold=0.97633302414385459 32625.000000000004 20548.700000000001 25832.050000000003 37217.000000000007 1.0691500938204357 1.5000000000000002 37162.000000000007 4.5000000000000009 27546.900000000005 14257.385000000002 26542.350000000002 27096.115000000002 34732.500000000007 28690.355000000003 11967.715000000002
decision_type=2 2 2 2 2 2 2 2 2 2 2 2 2 2 2 2
left_child=1 2 10 -2 7 -6 -7 8 -5 -4 11 -1 13 15 -15 -3
right_child=3 12 9 4 5 6 -8 -9 -10 -11 -12 -13 -14 14 -16 -17
leaf_value=-0.043692128339861684 -0.027884685512602144 -0.04294622575255147 -0.0067229437544697318 -0.001504253206574657 -0.048936718845507821 0.037838925232388583 -0.016374550095778401 0.056630649203351674 0.030379478970043051 0.043687068649973425 -0.026512340815258714 -0.057152335100132762 -0.045124187834052434 -0.042630688004632537 -0.043425865704312082 -0.043379693826409473
leaf_weight=1.6792664807289859 3.6967832483351222 1.30666332133114 2.4681777693331242 31.723871313035488 3.8816744908690479 6.5636651813983908 8.9737666845321638 4.1400867700576773 14.833390921354292 2.9158221483230591 1.5992433559149501 1.0645671710371969 0.57662029191851694 6.39960743393749 0.49940243363380421 1.8991223759949205
leaf_count=34 39 40 29 263 31 48 67 20 115 12 21 12 10 264 12 43
internal_value=-0.000839531 -0.0257172 -0.00676695 0.00603884 0.00782741 -0.00455921 0.0065275 0.012572 0.00865407 0.0205777 -0.0406654 -0.0489145 -0.0429742 -0.0428516 -0.0426882 -0.043203
internal_weight=94.2217 20.4085 9.72708 73.8132 70.1165 19.4191 15.5374 50.6973 46.5573 5.384 4.34308 2.74383 10.6814 10.1048 6.89901 3.20579
internal_count=1060 477 108 583 544 146 115 398 378 41 67 46 369 359 276 83
is_linear=0
shrinkage=0.05


Tree=237
num_leaves=15
num_cat=0
split_feature=3 4 4 4 2 5 2 2 1 2 1 1 2 4
split_gain=4.04054 0.954876 2.74671 2.51625 3.19389 1.81162 0.29932 0.000950449 0.000756279 0.000525671 8.02785e-05 1.2647e-05 4.27651e-06 2.65155e-06
threshold=1.0889260149909588 34905.000000000007 37941.500000000007 34732.500000000007 4033.3750000000005 1.5000000000000002 4279.2800000000016 2790.9050000000007 33820.070000000007 4577.795000000001 31131.475000000002 29857.390000000003 4231.6450000000013 34905.000000000007
decision_type=2 2 2 2 2 2 2 2 2 2 2 2 2 2
left_child=10 3 8 4 7 -4 -7 -2 9 -3 11 12 -1 -14
right_child=1 2 5 -5 -6 6 -8 -9 -10 -11 -12 -13 13 -15
leaf_value=-0.042115819880627736 -0.043329947904843659 -0.042189207613029495 -0.012150250238989859 0.07429458230126694 0.035739830235529894 0.026512317929156856 0.051954402860562188 -0.045675215681555567 -0.045052434133447117 -0.044222848043970267 -0.042997766101987994 -0.042238600069383729 -0.041911943135738497 -0.041821796155964978
leaf_weight=0.18237840523943694 0.71571035962552088 1.5967895174399003 2.9182379730045795 2.0951966643333435 3.8846327266655862 2.5418661087751389 2.1203747987747192 1.0897975936532018 0.37102117389440525 0.3967112423852085 0.17631316557526577 0.26507925009354938 1.6371322006452831 1.6257634570356456
leaf_count=23 30 144 30 9 32 36 12 20 5 12 6 20 265 416
internal_value=0.00421487 0.0143358 0.00406937 0.0274502 0.0102014 0.018745 0.0380833 -0.0447455 -0.0429797 -0.0425939 -0.0419553 -0.0419058 -0.0418802 -0.041867
internal_weight=21.617 17.7303 9.945 7.78534 5.69014 7.58048 4.66224 1.80551 2.36452 1.9935 3.88667 3.71035 3.44527 3.2629
internal_count=1060 330 239 91 82 78 48 50 161 156 730 724 704 681
is_linear=0
shrinkage=0.05


Tree=238
num_leaves=13
num_cat=0
split_feature=1 1 1 2 2 4 4 0 0 2 7 0
split_gain=0.983537 0.475337 0.82905 0.676943 0.784576 7.65227e-07 2.67046e-08 1.52682e-08 7.1732e-09 6.14344e-09 5.3808e-09 3.15381e-09
threshold=29968.010000000006 30017.295000000002 30195.880000000001 4698.4550000000008 4117.1850000000004 28185.000000000004 34905.000000000007 28626.480000000003 25584.195000000003 5374.3250000000007 4.5000000000000009 28192.000000000004
decision_type=2 2 2 2 2 2 2 2 2 2 2 2
left_child=5 -2 -3 4 -4 -1 8 9 10 -8 -7 -10
right_child=1 2 3 -5 -6 6 7 -9 11 -11 -12 -13
leaf_value=-0.04187094369236273 0.075583896464258643 -0.050196553612494255 0.00014108161873547826 -0.043149990696775248 0.044068788485113586 -0.041749361315779353 -0.041711546275253836 -0.041730521008395784 -0.041715877609550825 -0.041695616355798271 -0.041723045628358192 -0.041734713353828667
leaf_weight=0.083206229493953177 0.3135350765660404 0.48230961617082346 1.8112788602011276 0.40234268398489792 2.3164612555410713 0.034010536735877395 0.077142910973634571 0.043182544293813407 0.27343162556644529 0.28093440039083362 0.045294319861568511 0.024189411720726639
leaf_count=25 4 17 220 28 41 15 64 27 211 361 31 16
internal_value=0.00784231 0.0158594 0.0121235 0.0187586 0.024793 -0.0417268 -0.0417114 -0.0417024 -0.041721 -0.041699 -0.0417343 -0.0417174
internal_weight=6.18732 5.32593 5.01239 4.53008 4.12774 0.861392 0.778186 0.40126 0.376926 0.358077 0.0793049 0.297621
internal_count=1060 310 306 289 261 750 725 452 273 425 46 227
is_linear=0
shrinkage=0.05


Tree=239
num_leaves=17
num_cat=0
split_feature=4 1 2 1 2 0 1 4 5 0 4 6 1 2 8 0
split_gain=2.00265 1.18859 1.71354 1.72011 0.634725 7.67245e-07 2.17543e-07 1.10133e-07 1.08107e-07 4.2206e-08 4.26434e-08 2.41323e-08 2.03647e-08 1.66697e-08 1.21046e-08 6.24199e-09
threshold=33397.500000000007 32231.750000000004 4736.2000000000007 30129.380000000005 4001.2750000000005 28278.765000000003 27016.485000000004 37941.500000000007 1.0000000180025095e-35 28626.480000000003 34732.500000000007 1.5000000000000002 31264.930000000004 12338.030000000001 4.5000000000000009 26528.405000000002
decision_type=2 2 2 2 2 2 2 2 2 2 2 2 2 2 2 2
left_child=1 2 4 5 -1 -4 9 11 -9 10 15 -8 -13 -12 -10 -2
right_child=6 -3 3 -5 -6 -7 7 8 14 -11 13 12 -14 -15 -16 -17
leaf_value=0.0081807678843632478 -0.041748119299216145 0.054361148594418596 -0.041783081187938512 0.05581462826690721 -0.045843654993796494 -0.041956207062194946 -0.041791396494604838 -0.041836240423547472 -0.041760395899026088 -0.041785081223845111 -0.041718432400428294 -0.041752106253470804 -0.041768688410217254 -0.04173839664971235 -0.041785968862969897 -0.041773292022975146
leaf_weight=0.8743960261344913 0.049686904647387453 1.7029673606157301 0.5092300018295649 2.0037277191877365 1.4374781968072055 0.073194013210013509 0.06149103643838294 0.10945495823398232 0.089850477874279022 0.037781762424856424 0.34095748083200306 0.45574505988042802 0.31184936466161162 0.15080555202439427 0.095409056870266795 0.048826679238118231
leaf_count=14 22 8 177 9 38 14 20 26 35 13 235 203 112 84 32 18
internal_value=0.00576633 0.0183788 0.00586831 0.0338299 -0.0254106 -0.0418048 -0.0417574 -0.0417706 -0.0417968 -0.0417338 -0.0417306 -0.0417613 -0.0417588 -0.0417246 -0.0417736 -0.0417606
internal_weight=8.35285 6.60099 4.89803 2.58615 2.31187 0.582424 1.75186 1.1238 0.294714 0.628058 0.590277 0.829085 0.767594 0.491763 0.18526 0.0985136
internal_count=1060 260 252 200 52 191 800 428 93 372 359 335 315 319 67 40
is_linear=0
shrinkage=0.05


Tree=240
num_leaves=18
num_cat=0
split_feature=3 5 0 2 4 0 1 2 1 1 4 7 1 1 4 2 4
split_gain=7.87372 1.95322 1.76905 1.7586 2.33383 1.54724 0.62553 0.497686 0.0548014 0.00238197 0.000708923 1.82042e-05 1.51578e-05 1.2294e-05 4.92453e-06 3.17099e-06 6.23106e-07
threshold=0.9674788135492739 1.0000000180025095e-35 28192.000000000004 14674.035000000002 32625.000000000004 24614.640000000003 17804.750000000004 9746.3550000000014 19267.145 20346.010000000006 40120.000000000007 4.5000000000000009 29541.940000000006 27016.485000000004 38215.000000000007 5594.5800000000008 35865.000000000007
decision_type=2 2 2 2 2 2 2 2 2 2 2 2 2 2 2 2 2
left_child=1 2 8 4 6 -6 -3 -4 -1 -10 11 13 -13 16 -15 -14 -2
right_child=10 3 7 -5 5 -7 -8 -9 9 -11 -12 12 15 14 -16 -17 -18
leaf_value=-0.06074897751710831 -0.042096617484421728 -0.0047839787307292657 -0.014118286916672072 0.052471940487558044 0.082113871447111866 0.015041769757862819 -0.044035082949032717 0.027318737001324197 -0.046657940524764595 -0.042801447576053593 -0.044399426802678867 -0.042584407181420689 -0.042241447051018378 -0.042245761729140345 -0.042438390951787912 -0.042438241797250864 -0.04199254955649636
leaf_weight=0.74620361626148168 0.21631854400038353 2.1333982050418916 1.3289980376139285 2.8766969814896575 0.89821231365204113 20.122921470552683 1.9363197376951573 1.5934680793434379 0.68801270239055135 0.9578033946454525 0.41032197698950845 0.75458749663084734 0.79770067334175088 5.8434827136807144 0.35176061186939467 0.27535311365500093 0.42926902370527387
leaf_count=4 22 8 19 27 3 271 61 23 8 44 6 37 54 391 20 15 47
internal_value=-0.00109539 0.0101633 -0.0176234 0.0154434 0.011198 0.0179077 -0.0234592 0.00847516 -0.0495095 -0.0444136 -0.0423686 -0.0422725 -0.0424127 -0.0422351 -0.0422567 -0.0422919 -0.0420274
internal_weight=42.3608 33.282 5.31449 27.9675 25.0909 21.0211 4.06972 2.92247 2.39202 1.64582 9.07879 8.66847 1.82764 6.84083 6.19524 1.07305 0.645588
internal_count=1060 468 98 370 343 274 69 42 56 52 592 586 106 480 411 69 69
is_linear=0
shrinkage=0.05


Tree=241
num_leaves=15
num_cat=0
split_feature=1 4 1 4 4 1 0 0 4 7 4 2 6 1
split_gain=8.47765 1.92346 2.18784 2.11546 2.25239 2.43697 2.32711 0.108716 0.000153622 0.000217505 6.8521e-05 2.81768e-05 1.89729e-05 1.59239e-05
threshold=31131.475000000002 29177.500000000004 20548.700000000001 29507.500000000004 34732.500000000007 25230.310000000005 27429.070000000003 27285.210000000003 34905.000000000007 1.5000000000000002 36384.500000000007 3416.5450000000005 5.5000000000000009 32231.750000000004
decision_type=2 2 2 2 2 2 2 2 2 2 2 2 2 2
left_child=1 2 -1 7 5 -5 -6 -3 13 -10 12 -12 -11 -2
right_child=8 3 -4 4 6 -7 -8 -9 9 10 11 -13 -14 -15
leaf_value=0.0028118645613806384 -0.043340701078258825 0.046222671854504016 -0.057576729974218956 0.0040869932111851975 0.017380530889342227 -0.026468295636272413 -0.0062998742051982876 0.030829436154658864 -0.044120103104029994 -0.043843132015673032 -0.043467070907023828 -0.043168661716449543 -0.043584115563886951 -0.043054179627456182
leaf_weight=3.5565119311213484 0.79328390955924932 2.5114998035132876 2.5936178416013718 18.130655542016033 36.604101553559303 10.194901823997496 14.47844892926514 2.1112786307930946 1.8956722971051911 1.1589360088109972 2.1285349726676945 1.2589260842651127 1.8130224607884882 1.2475177794694898
leaf_count=36 19 29 24 110 389 105 131 11 35 21 45 34 36 35
internal_value=-0.000570645 0.00433673 -0.0226551 0.00631223 0.0043981 -0.00691043 0.0106687 0.0391924 -0.043554 -0.04365 -0.0435099 -0.0433562 -0.0436851 -0.0431656
internal_weight=100.477 90.181 6.15013 84.0309 79.4081 28.3256 51.0826 4.62278 10.2959 8.25509 6.35942 3.38746 2.97196 2.0408
internal_count=1060 835 60 775 735 215 520 40 225 171 136 79 57 54
is_linear=0
shrinkage=0.05


Tree=242
num_leaves=20
num_cat=0
split_feature=3 5 4 2 4 1 0 4 3 1 4 1 0 1 4 4 4 4 0
split_gain=6.05552 2.69156 2.16141 1.7366 2.47741 3.66398 3.15507 3.05883 2.42646 3.09705 2.89971 2.78188 0.336392 0.00572177 0.000795489 0.000159902 7.52791e-05 5.59438e-05 4.93249e-05
threshold=0.94623210782473077 1.0000000180025095e-35 32625.000000000004 4117.1850000000004 33155.000000000007 29581.985000000004 26426.105000000003 33397.500000000007 1.0837188757919201 30656.785000000003 35012.500000000007 33654.830000000009 25979.260000000006 24656.205000000005 33155.000000000007 29507.500000000004 34732.500000000007 34905.000000000007 28503.375000000004
decision_type=2 2 2 2 2 2 2 2 2 2 2 2 2 2 2 2 2 2 2
left_child=1 2 -1 8 5 -5 12 -8 -2 10 -10 -11 -6 14 15 -3 -16 -4 -19
right_child=3 13 17 4 6 -7 7 -9 9 11 -12 -13 -14 -15 16 -17 -18 18 -20
leaf_value=0.014777872860916075 0.055735846819703519 -0.043280808701989297 -0.043531360842495218 0.053283161440066673 -0.050570097904094606 -0.024396267621391431 -0.047826215349441377 0.0064367823841733219 0.022056249945936964 0.031188682073102016 -0.041933585931094808 -0.0056863072005352349 -0.028002082594367341 -0.047863639457671886 -0.042925844381086417 -0.043889569368484968 -0.042515169878685241 -0.042800325470930045 -0.043368910539122646
leaf_weight=4.9961262494325664 3.1339320689439765 2.5215717218816245 0.68643320538103614 4.3633754588663569 2.875620048493146 2.3279233351349831 2.9104331582784679 24.122667130082846 2.8169819302856949 15.123532906174662 4.7652656510472298 7.7282420247793189 3.87791140191257 0.65682194940745908 1.5781494844704864 1.8851495198905466 3.8095701560378075 1.107892697677016 0.58170147798955429
leaf_count=22 17 64 15 36 53 18 17 181 26 155 31 43 52 16 48 35 177 39 15
internal_value=-0.000862402 -0.0270271 -0.00389237 0.00543564 -0.0015374 0.0262583 -0.00704221 0.000594729 0.0138441 0.0095303 -0.0181599 0.0187179 -0.0376114 -0.0433459 -0.043043 -0.0435412 -0.0426355 -0.0431507 -0.0429961
internal_weight=91.8693 17.8234 7.37215 74.0459 40.4779 6.6913 33.7866 27.0331 33.568 30.434 7.58225 22.8518 6.75353 10.4513 9.79444 4.40672 5.38772 2.37603 1.68959
internal_count=1060 431 91 629 357 54 303 198 272 255 57 198 105 340 324 99 225 69 54
is_linear=0
shrinkage=0.05


Tree=243
num_leaves=16
num_cat=0
split_feature=1 4 4 4 1 5 1 2 1 2 1 4 4 1 7
split_gain=3.82135 0.918909 2.53004 2.23798 3.10827 1.64681 0.661129 0.313883 0.000601805 0.000428971 0.000139986 2.04436e-05 2.51745e-06 8.7583e-07 5.86667e-07
threshold=29699.930000000004 34905.000000000007 37941.500000000007 34732.500000000007 31807.810000000001 1.5000000000000002 31131.475000000002 4279.2800000000016 33820.070000000007 5014.7050000000008 29581.985000000004 28185.000000000004 34905.000000000007 27854.150000000005 1.0000000180025095e-35
decision_type=2 2 2 2 2 2 2 2 2 2 2 2 2 2 2
left_child=10 3 8 4 6 -4 -2 -7 9 -3 11 -1 14 -14 -13
right_child=1 2 5 -5 -6 7 -8 -9 -10 -11 -12 12 13 -15 -16
leaf_value=-0.042370001150560284 0.014909111400387969 -0.042280345793518886 -0.011362861968504154 0.071053851446266761 -0.045401833146404225 0.024832330837000524 0.05638008161937054 0.051275243023258345 -0.044840449412988925 -0.044441277115736921 -0.043244342287080517 -0.041984308301604552 -0.041799533909902618 -0.041880938577204832 -0.041896538411194395
leaf_weight=0.21208013733849274 1.943084708880636 1.607732110191135 2.9470765516161919 2.0935901254415512 1.7226022835820911 2.5149303842335939 1.9014914687722919 2.0265801101922989 0.35261149704456318 0.26793368905782688 0.20317403646185983 0.22134562861174378 1.2456486287992445 0.44970258674584318 1.3612837966065852
leaf_count=24 32 137 35 9 34 36 11 12 5 7 12 27 361 83 235
internal_value=0.00421949 0.0140357 0.00382672 0.0269848 0.0104122 0.017744 0.0354203 0.0366321 -0.0429453 -0.042589 -0.0419685 -0.0418942 -0.0418635 -0.0418211 -0.0419088
internal_weight=21.0709 17.3776 9.71686 7.66077 5.56718 7.48859 3.84458 4.54151 2.22828 1.87567 3.69323 3.49006 3.27798 1.69535 1.58263
internal_count=1060 318 232 86 77 83 43 48 149 144 742 730 706 444 262
is_linear=0
shrinkage=0.05


Tree=244
num_leaves=13
num_cat=0
split_feature=1 3 1 2 3 4 4 0 0 2 9 0
split_gain=0.929087 0.44062 0.777013 0.613099 0.729747 7.00244e-07 2.38467e-08 1.39711e-08 5.90283e-09 5.0874e-09 4.53382e-09 3.17555e-09
threshold=29968.010000000006 1.0308512055435675 30195.880000000001 4698.4550000000008 1.1217802209562635 28185.000000000004 34905.000000000007 28583.885000000006 25584.195000000003 5374.3250000000007 1.0000000180025095e-35 28192.000000000004
decision_type=2 2 2 2 2 2 2 2 2 2 2 2
left_child=5 -2 -3 4 -4 -1 8 9 10 -8 -7 -10
right_child=1 2 3 -5 -6 6 7 -9 11 -11 -12 -13
leaf_value=-0.041864961746887398 0.073468837157790887 -0.049691233706349841 0.048279206885905361 -0.043026507230092416 0.0057149517081854471 -0.041745247839374888 -0.04170912531159536 -0.041727660924597967 -0.041713778738712029 -0.041694096535826605 -0.041720468861755337 -0.041733036446122529
leaf_weight=0.080222484306432196 0.30872213095426548 0.46408158191479731 1.7531541981734333 0.3740400539827532 2.3659428419196047 0.032337102689780295 0.071455714234616607 0.042632314027287066 0.26062869041925296 0.26567405747482553 0.043017691350542009 0.023322286084294319
leaf_count=25 2 19 28 28 233 15 63 28 211 361 31 16
internal_value=0.00780653 0.0155127 0.0119034 0.0182653 0.023831 -0.0417247 -0.0417094 -0.0417007 -0.0417187 -0.0416973 -0.0417311 -0.0417154
internal_weight=6.08523 5.26594 4.95722 4.49314 4.1191 0.81929 0.739068 0.379762 0.359306 0.33713 0.0753548 0.283951
internal_count=1060 310 308 289 261 750 725 452 273 424 46 227
is_linear=0
shrinkage=0.05


Tree=245
num_leaves=16
num_cat=0
split_feature=4 1 4 0 6 1 1 4 5 0 4 6 1 2 4
split_gain=1.8944 1.13014 1.60399 0.967478 0.192403 0.00226866 1.85867e-07 9.19654e-08 9.00938e-08 3.61784e-08 3.20272e-08 2.32163e-08 1.86621e-08 1.3589e-08 1.0602e-08
threshold=33397.500000000007 32231.750000000004 28185.000000000004 29238.225000000002 6.5000000000000009 30977.925000000003 27016.485000000004 37941.500000000007 1.0000000180025095e-35 28379.110000000004 34732.500000000007 1.5000000000000002 31264.930000000004 12338.030000000001 38215.000000000007
decision_type=2 2 2 2 2 2 2 2 2 2 2 2 2 2 2
left_child=1 2 4 5 -1 -4 9 11 -9 10 -2 -8 -13 -12 -10
right_child=6 -3 3 -5 -6 -7 7 8 14 -11 13 12 -14 -15 -16
leaf_value=0.049599151979856655 -0.041753923415669164 0.053719476434501659 -0.042097456951737777 0.02677353239932663 0.021220122340037801 -0.045869863981147341 -0.041787101708725495 -0.041827117133366884 -0.041760336613089338 -0.041769492795642155 -0.041715597285483172 -0.041747763890164664 -0.04176405779892476 -0.041734426872346991 -0.041787006898241413
leaf_weight=1.114811943843961 0.090797728160396107 1.6553594321012495 0.66658216877840482 0.67187696695327748 1.286460999632254 0.99111606553196907 0.058663782081566529 0.10396113153547049 0.1227915451163426 0.054720827378332615 0.3123739113798365 0.43120892066508532 0.29661079426296055 0.13821333914529532 0.053496852051466703
leaf_count=12 39 8 196 4 28 12 20 26 48 23 228 203 112 82 19
internal_value=0.00578375 0.0181614 0.00571934 -0.0238392 0.0343953 -0.0443529 -0.0417531 -0.0417656 -0.0417902 -0.0417307 -0.0417268 -0.0417568 -0.0417544 -0.0417214 -0.0417684
internal_weight=8.04905 6.38621 4.73085 2.32958 2.40127 1.6577 1.66284 1.06673 0.28025 0.596106 0.541385 0.786483 0.72782 0.450587 0.176288
internal_count=1060 260 252 212 40 208 800 428 93 372 349 335 315 310 67
is_linear=0
shrinkage=0.05


Tree=246
num_leaves=14
num_cat=0
split_feature=3 4 3 4 2 4 0 4 2 8 4 1 3
split_gain=7.44712 2.59157 2.94431 2.4387 1.63583 1.42035 1.03175 0.00942352 0.00150315 4.52355e-05 2.06011e-05 2.13703e-05 1.675e-05
threshold=0.87118681729126901 38897.500000000007 0.7870816554390635 40120.000000000007 13746.785000000002 32625.000000000004 26606.005000000001 38897.500000000007 12741.340000000002 4.5000000000000009 33822.500000000007 30017.295000000002 1.0650522376330858
decision_type=2 2 2 2 2 2 2 2 2 2 2 2 2
left_child=1 2 4 7 5 -1 -6 10 9 -4 11 -2 -12
right_child=3 -3 8 -5 6 -7 -8 -9 -10 -11 12 -13 -14
leaf_value=-0.021467252062147842 -0.042447696982004679 0.055552147866822749 -0.04221810961544778 0.013776214810568361 0.053981714370268497 0.01347546301169341 0.010186697017552503 -0.047772941092392038 -0.044919624520043597 -0.042804698296036177 -0.042094816236227114 -0.042137071779030637 -0.042258476495009772
leaf_weight=3.7076762896031275 2.0304303285665779 3.2233713120222083 1.127757505513727 2.3355546966195098 3.4553563743829718 13.486733065918086 2.201726732775569 0.8385028615593918 0.9295517113059758 0.46384141407906998 2.3850958286784589 0.76131574157625426 4.537914093118161
leaf_count=47 115 31 90 22 42 76 18 7 16 16 218 62 300
internal_value=-0.000900821 0.0133216 0.00795657 -0.0324557 0.013614 0.00594067 0.0369368 -0.0426873 -0.0433221 -0.0423891 -0.0422483 -0.042363 -0.0422021
internal_weight=41.4848 28.596 25.3726 12.8888 22.8515 17.1944 5.65708 10.5533 2.52115 1.5916 9.71476 2.79175 6.92301
internal_count=1060 336 305 724 183 123 60 702 122 106 695 177 518
is_linear=0
shrinkage=0.05


Tree=247
num_leaves=19
num_cat=0
split_feature=1 0 3 2 3 8 6 7 2 0 6 4 7 4 4 4 6 2
split_gain=7.91968 1.74388 3.39898 3.09366 2.97682 2.96244 3.68641 3.32094 2.94453 0.751881 0.727616 0.0250498 0.000142602 0.000172894 5.25281e-05 6.29951e-05 2.27723e-05 2.10788e-05
threshold=31131.475000000002 27373.345000000005 1.0118370314591323 14674.035000000002 0.87118681729126901 4.5000000000000009 5.5000000000000009 2.5000000000000004 13084.345000000003 29238.225000000002 2.5000000000000004 36384.500000000007 1.5000000000000002 36890.000000000007 34905.000000000007 36384.500000000007 5.5000000000000009 3416.5450000000005
decision_type=2 2 2 2 2 2 2 2 2 2 2 2 2 2 2 2 2 2
left_child=1 3 4 5 8 7 -7 -1 -3 -6 -4 -12 13 -2 -14 16 -16 -17
right_child=12 2 10 -5 9 6 -8 -9 -10 -11 11 -13 14 -15 15 17 -18 -19
leaf_value=0.0049286667527766934 -0.043312906286383596 -0.036640653240934955 -0.011484770541988799 -0.052414387146341501 0.018560738373352068 0.03755095832704259 -0.0094685351128682895 0.035892667844422264 0.026896251538452154 0.05423584588277134 -0.050410646082774381 -0.043359549125525199 -0.043028176173400039 -0.04413948981307219 -0.043743036320751584 -0.043340398358748873 -0.043451501233487157 -0.043073573262378054
leaf_weight=17.747218236327171 1.1469127330929025 5.360703771933915 2.0743339248001567 2.0409466587007037 4.7594159785658112 5.0193373635411289 24.593663360923529 16.910539325326681 2.763538233935833 2.1414541006088257 2.3590930886566639 2.7025990337133408 1.1748179215937851 1.4108251966536043 1.1064110919833186 1.9902118258178236 1.6975223533809183 1.1784417089074848
leaf_count=191 29 55 14 26 52 39 163 218 17 11 28 21 33 27 21 45 36 34
internal_value=-0.000571799 0.00413161 -0.00801128 0.00818972 0.00548355 0.0101142 -0.00149884 0.0200369 -0.015028 0.0296313 -0.0364251 -0.0466458 -0.0434485 -0.0437688 -0.0433338 -0.0433939 -0.0435665 -0.0432412
internal_weight=98.178 88.4728 22.1611 66.3117 15.0251 64.2708 29.613 34.6578 8.12424 6.90087 7.13603 5.06169 9.70514 2.55774 7.1474 5.97259 2.80393 3.16865
internal_count=1060 835 198 637 135 611 202 409 72 63 63 49 225 56 169 136 57 79
is_linear=0
shrinkage=0.05


Tree=248
num_leaves=23
num_cat=0
split_feature=2 8 1 7 1 7 4 4 0 4 4 1 1 1 6 3 2 2 4 1 0 3
split_gain=5.68361 4.20289 3.96366 3.58403 3.80506 4.00421 2.79012 2.70102 2.62673 2.65652 2.14099 2.37528 1.32244 3.36698 1.07638 0.43444 0.304397 0.301676 0.0763268 0.0057238 0.00491651 5.3445e-05
threshold=5374.3250000000007 4.5000000000000009 24929.570000000003 2.5000000000000004 31131.475000000002 1.5000000000000002 27195.000000000004 33822.500000000007 26511.000000000004 35865.000000000007 33155.000000000007 28592.965000000004 29541.940000000006 30950.150000000005 2.5000000000000004 0.91373731771551525 5521.4550000000008 4800.8300000000008 37162.000000000007 23070.275000000005 27932.350000000002 0.75318744187217657
decision_type=2 2 2 2 2 2 2 2 2 2 2 2 2 2 2 2 2 2 2 2 2 2
left_child=3 6 19 4 17 7 -2 -6 9 -5 -4 -12 -10 -14 15 -8 -16 18 -1 21 -7 -3
right_child=1 2 10 8 5 20 14 -9 12 -11 11 -13 13 -15 16 -17 -18 -19 -20 -21 -22 -23
leaf_value=0.047105741422968486 0.030505878179320847 -0.043364587693359394 0.057184802338990239 0.0045870245445417852 -0.05220732162224722 0.044322929255700097 0.0028518760948502034 0.0067755575258050945 0.033209516467309165 -0.053733504431705215 -0.0098167856806854401 0.045571306861938991 -0.030367480597263241 0.016863018562124753 -0.013482441206040939 -0.030445147587040967 -0.042823416099111278 0.032196483162063971 0.05713879860194742 -0.04804344183275211 0.047796418282685278 -0.042884020194005057
leaf_weight=4.7546189352870005 1.7504125349223638 0.8714008480310439 2.6502287685871115 3.6332167983055141 2.9987234957516176 2.3934016674756995 2.195824244990948 5.5025379881262779 3.9507189095020321 4.2211330011487007 6.6550210490822774 2.7295123264193535 5.6656082943081882 11.298454187810419 0.93902073055506008 1.7686848640441892 15.074128852225838 2.8765939027070999 3.1524768620729446 0.73531255312263955 1.7737221941351888 1.7214928511530159
leaf_count=49 20 20 15 26 19 36 23 36 24 37 72 13 28 112 11 17 392 14 15 10 16 55
internal_value=-0.000905529 -0.0158719 0.00414438 0.00972457 0.0242325 0.00565088 -0.0300245 -0.01403 -0.00210202 -0.026756 0.0175001 0.00629296 0.00715653 0.00108911 -0.035328 -0.0120029 -0.0411028 0.0460617 0.0511058 -0.0441497 0.0458014 -0.0430455
internal_weight=89.3122 37.091 15.363 52.2212 23.4521 12.6684 21.7281 8.50126 28.7691 7.85435 12.0348 9.38453 20.9148 16.9641 19.9777 3.96451 16.0131 10.7837 7.9071 3.32821 4.16712 2.59289
internal_count=1060 648 185 412 185 107 463 55 227 63 100 85 164 140 443 40 403 78 64 85 52 75
is_linear=0
shrinkage=0.05


Tree=249
num_leaves=15
num_cat=0
split_feature=3 0 2 4 7 4 7 1 1 3 1 4 2 0
split_gain=3.61291 0.948473 0.776807 1.66041 1.94561 1.92434 0.682678 0.0409553 7.64898e-05 4.30924e-05 1.08729e-05 3.23967e-06 3.22554e-06 7.72015e-07
threshold=1.0889260149909588 26653.730000000003 1385.7350000000004 34905.000000000007 5.5000000000000009 34732.500000000007 3.5000000000000004 33717.05000000001 31131.475000000002 1.135013600710977 29857.390000000003 34905.000000000007 4392.7500000000009 28583.885000000006
decision_type=2 2 2 2 2 2 2 2 2 2 2 2 2 2
left_child=8 6 -3 5 -5 -4 7 9 10 -2 11 12 -1 -13
right_child=1 2 3 4 -6 -7 -8 -9 -10 -11 -12 13 -14 -15
leaf_value=-0.042143774205137971 -0.043043332469518587 0.04182703558319803 0.011722704598987584 -0.030436267522019746 0.030466393098600966 0.068508616097299288 0.02152358285305251 -0.064231922476821898 -0.042978530911443685 -0.042040021815946793 -0.042205180172005273 -0.041796675077765216 -0.041889721916271876 -0.041908322670762388
leaf_weight=0.13672276725992949 0.18460564617999142 2.645509034395217 5.2794772991910559 3.5992557927966118 2.0630113687366247 2.0795510783791542 0.47349571157246828 0.42511777579784393 0.16858005616813887 0.2546475026756525 0.24871409218758334 1.347159865312278 1.4495716195087878 0.17494081566110242
leaf_count=15 16 13 68 156 16 9 20 2 6 30 20 401 260 28
internal_value=0.00412483 0.0136756 0.0171264 0.012108 -0.00824677 0.0277696 -0.0267338 -0.0531688 -0.0419393 -0.0424617 -0.0418871 -0.0418616 -0.0419116 -0.0418095
internal_weight=20.5304 17.0047 15.6668 13.0213 5.66227 7.35903 1.33787 0.864371 3.52569 0.439253 3.35711 3.1084 1.58629 1.5221
internal_count=1060 330 262 249 172 77 68 48 730 46 724 704 275 429
is_linear=0
shrinkage=0.05


Tree=250
num_leaves=14
num_cat=0
split_feature=1 4 1 2 6 2 4 4 0 0 2 9 0
split_gain=0.872037 0.414756 1.14594 0.214222 4.417e-06 1.14549e-06 6.02498e-07 2.13027e-08 1.277e-08 5.6197e-09 4.37736e-09 3.57519e-09 3.18592e-09
threshold=29968.010000000006 33565.000000000007 36139.180000000008 4392.7500000000009 1.5000000000000002 4148.9800000000005 28185.000000000004 34905.000000000007 28583.885000000006 25584.195000000003 5374.3250000000007 1.0000000180025095e-35 28192.000000000004
decision_type=2 2 2 2 2 2 2 2 2 2 2 2 2
left_child=6 3 4 -2 -3 -6 -1 9 10 11 -9 -8 -11
right_child=1 2 -4 -5 5 -7 7 8 -10 12 -12 -13 -14
leaf_value=-0.041855253399912598 0.011470145651024312 -0.042112378674531353 0.062030975375244192 0.03476070629083796 -0.041781494618274385 -0.041917233132417055 -0.041741775281400391 -0.041707017221690977 -0.041725379262726445 -0.041711573646684985 -0.041692699935045527 -0.041719311772600694 -0.041731329401112904
leaf_weight=0.07661679945886124 1.9995522582903507 0.16789524164050795 0.38230889290571213 1.9502203073352573 0.46585500141372904 0.23324605100788176 0.03091252432204783 0.067758134799078107 0.040995384857524186 0.24655554222408682 0.2517003730754368 0.041481052234303206 0.022248977242270485
leaf_count=25 23 19 2 20 200 46 15 63 28 211 361 31 16
internal_value=0.0076386 0.0150276 -0.0100829 0.02297 -0.0418821 -0.0418268 -0.0417221 -0.0417076 -0.0416991 -0.0417165 -0.0416957 -0.0417289 -0.0417132
internal_weight=5.97735 5.19908 1.24931 3.94977 0.866996 0.699101 0.778269 0.701652 0.360454 0.341198 0.319459 0.0723936 0.268805
internal_count=1060 310 267 43 265 246 750 725 452 273 424 46 227
is_linear=0
shrinkage=0.05


Tree=251
num_leaves=16
num_cat=0
split_feature=4 1 4 0 6 1 1 4 5 0 4 6 1 4 2
split_gain=1.77983 1.06653 1.48355 0.907005 0.176235 0.00198449 1.56101e-07 7.95825e-08 7.93332e-08 3.36891e-08 2.91123e-08 2.29464e-08 1.50621e-08 1.17832e-08 1.1612e-08
threshold=33397.500000000007 32231.750000000004 28185.000000000004 29238.225000000002 6.5000000000000009 31131.475000000002 27016.485000000004 37941.500000000007 1.0000000180025095e-35 28379.110000000004 34732.500000000007 1.5000000000000002 31264.930000000004 38215.000000000007 12338.030000000001
decision_type=2 2 2 2 2 2 2 2 2 2 2 2 2 2 2
left_child=1 2 4 5 -1 -4 9 11 -9 10 -2 -8 -13 -10 -12
right_child=6 -3 3 -5 -6 -7 7 8 13 -11 14 12 -14 -15 -16
leaf_value=0.048195262952442891 -0.041750286443937697 0.052982639421635482 -0.04223379749585307 0.025836068338615077 0.020696894256836365 -0.045810615233845706 -0.04178301136181084 -0.04181943566632805 -0.041754045105361674 -0.041765909727818441 -0.041713058029438414 -0.041743623752860309 -0.041758689155953904 -0.041782883767566809 -0.04173095329872463
leaf_weight=1.0717655315529557 0.08694482163991768 1.596160754561424 0.68997741327621065 0.65310274064540852 1.2767941677011547 0.88542693480849266 0.056027273880317585 0.099483006400987506 0.11458056594710797 0.052660149754956365 0.29582598491106182 0.40893945284187794 0.27916198596358299 0.051269446732476354 0.13070251175668091
leaf_count=12 39 8 197 4 28 11 20 26 48 23 228 203 112 19 82
internal_value=0.00568351 0.0177897 0.00551685 -0.0237059 0.0332458 -0.0442441 -0.0417488 -0.0417606 -0.0417841 -0.0417278 -0.0417239 -0.0417522 -0.0417497 -0.041763 -0.0417185
internal_weight=7.74882 6.17323 4.57707 2.22851 2.34856 1.5754 1.5756 1.00946 0.265333 0.566133 0.513473 0.744129 0.688101 0.16585 0.426528
internal_count=1060 260 252 212 40 208 800 428 93 372 349 335 315 67 310
is_linear=0
shrinkage=0.05


Tree=252
num_leaves=16
num_cat=0
split_feature=3 4 1 4 2 4 0 2 4 7 1 1 1 2 3
split_gain=7.00101 1.81467 2.61941 1.51773 1.5161 1.14053 0.991331 0.00177815 0.000655528 1.38772e-05 1.28853e-05 8.84879e-06 4.88359e-06 2.21314e-06 4.60693e-07
threshold=0.9674788135492739 40120.000000000007 20777.680000000004 38897.500000000007 13746.785000000002 32625.000000000004 26606.005000000001 13674.955000000002 40120.000000000007 4.5000000000000009 29541.940000000006 27016.485000000004 33654.830000000009 5594.5800000000008 0.98663507818718299
decision_type=2 2 2 2 2 2 2 2 2 2 2 2 2 2 2
left_child=1 2 4 7 5 -1 -6 -4 9 11 -11 14 -13 -12 -2
right_child=8 -3 3 -5 6 -7 -8 -9 -10 10 13 12 -14 -15 -16
leaf_value=-0.019715400566383143 -0.04205235526123087 0.042338353362431094 -0.042417310370192959 0.010740365853383031 0.053572030763762782 0.012279585602560844 0.0099714977461721564 -0.045642258359049712 -0.04429815887081838 -0.042505379577068708 -0.042176854517008922 -0.042178906287507173 -0.042320675428844996 -0.042351603274714135 -0.041958511587476405
leaf_weight=3.5030919173732498 0.20014088973402788 3.7379494607448569 3.3690249822102483 2.0117827504873276 3.2461933977901927 13.594785897061227 2.178652623668313 0.4895343892276286 0.39578300714492787 0.69072476495057322 0.70720609789714217 4.8342304136604071 0.69475859031081189 0.24359255935996771 0.37736746808513999
leaf_count=44 22 34 224 20 42 79 18 7 6 37 54 366 45 15 47
internal_value=-0.000905555 0.00958951 0.00527812 -0.024469 0.0130314 0.00572431 0.0360618 -0.0428265 -0.0423133 -0.042212 -0.042341 -0.0421773 -0.0421967 -0.0422216 -0.041991
internal_weight=40.2748 32.131 28.3931 5.87034 22.5227 17.0979 5.42485 3.85856 8.1438 7.74802 1.64152 6.1065 5.52899 0.950799 0.577508
internal_count=1060 468 434 251 183 123 60 231 592 586 106 480 411 69 69
is_linear=0
shrinkage=0.05


Tree=253
num_leaves=21
num_cat=0
split_feature=1 4 1 4 3 2 1 2 2 3 0 6 2 1 7 4 4 4 2 6
split_gain=7.40331 1.70917 3.74815 2.31812 2.56029 2.38432 1.28045 1.19753 1.05721 3.14992 0.347204 0.124163 0.0124755 0.00769842 0.000150655 0.000155155 4.20394e-05 6.20373e-05 1.95423e-05 1.91611e-05
threshold=31131.475000000002 34905.000000000007 27241.350000000002 36337.500000000007 0.76951466148307446 5374.3250000000007 28160.405000000002 4279.2800000000016 6997.6250000000009 0.94623210782473077 26407.605000000003 6.5000000000000009 12820.555000000002 28473.070000000003 1.5000000000000002 36890.000000000007 34905.000000000007 36384.500000000007 3416.5450000000005 5.5000000000000009
decision_type=2 2 2 2 2 2 2 2 2 2 2 2 2 2 2 2 2 2 2 2
left_child=1 2 8 6 11 -6 12 -8 -1 -10 -4 -5 -3 -12 15 -2 -16 19 -19 -18
right_child=14 3 10 4 5 -7 7 -9 9 -11 13 -13 -14 -15 16 -17 17 18 -20 -21
leaf_value=0.03225545647576513 -0.043244994040699536 0.044150952917490965 -0.018383865203767825 -0.025914660490948923 -0.011483870857655403 0.017889311480657977 0.030928548899143316 -0.0079550783785327563 0.0059620193638045011 -0.04675194241567477 -0.048608301330021003 -0.045996935724403241 0.049579104652392597 -0.044187261606184525 -0.042946412967265202 -0.044046378040165687 -0.043625464143548738 -0.04322461504258332 -0.042958014766908574 -0.043350774544856141
leaf_weight=2.8292597755789748 1.0949435140937551 4.3730322066694489 1.5700479149818409 1.2191971838474267 10.564522400498392 19.965461924672127 4.7365371286869031 3.4025845378637314 26.159496907144788 3.1782291494309893 1.3763416297733782 2.0875261947512627 1.3965496793389318 3.4602148681879044 1.1042329799383876 1.3469968307763336 1.048541530966759 1.8600912690162661 1.0902738645672796 1.6091360151767728
leaf_count=22 29 107 15 6 63 238 29 17 188 20 14 38 11 67 33 27 21 45 34 36
internal_value=-0.00059597 0.00393822 -0.00388941 0.0102622 0.00319865 0.00772509 0.0274461 0.0146731 0.00306631 0.000251384 -0.0388135 -0.0385926 0.0454649 -0.0454454 -0.0433508 -0.043687 -0.0432284 -0.0432839 -0.0431261 -0.0434591
internal_weight=95.4732 86.319 38.5736 47.7454 33.8367 30.53 13.9087 8.13912 32.167 29.3377 6.4066 3.30672 5.76958 4.83656 9.15422 2.44194 6.71228 5.60804 2.95037 2.65768
internal_count=1060 835 326 509 345 301 164 46 230 208 96 44 118 81 225 56 169 136 79 57
is_linear=0
shrinkage=0.05


Tree=254
num_leaves=23
num_cat=0
split_feature=2 8 1 7 1 7 4 4 0 4 4 1 4 4 6 2 2 1 4 1 0 3
split_gain=5.19744 3.90278 3.71899 3.28013 3.59083 3.72472 2.59678 2.51906 2.39374 2.47683 2.06651 2.20156 1.28228 3.34972 1.07959 0.32794 0.297497 0.193467 0.0668027 0.00520673 0.00428617 4.32029e-05
threshold=5374.3250000000007 4.5000000000000009 24929.570000000003 2.5000000000000004 31131.475000000002 1.5000000000000002 27195.000000000004 33822.500000000007 26511.000000000004 35865.000000000007 33155.000000000007 28592.965000000004 37487.500000000007 35397.500000000007 2.5000000000000004 4800.8300000000008 5521.4550000000008 24521.195000000003 37162.000000000007 23070.275000000005 27932.350000000002 0.75318744187217657
decision_type=2 2 2 2 2 2 2 2 2 2 2 2 2 2 2 2 2 2 2 2 2 2
left_child=3 6 19 4 15 7 -2 -6 9 -5 -4 -12 13 -10 17 18 -16 -8 -1 21 -7 -3
right_child=1 2 10 8 5 20 14 -9 12 -11 11 -13 -14 -15 16 -17 -18 -19 -20 -21 -22 -23
leaf_value=0.046793739101385699 0.029163034200427741 -0.043269260225400327 0.056520357978350012 0.0039470972569295368 -0.051679222628558633 0.044103734827699324 0.00025861526243689108 0.0063079412122185388 -0.002362847734692964 -0.053086238384503881 -0.0096400684592185659 0.043950033863354332 -0.018571599016283896 0.046030935162896996 -0.013017474671691646 0.030634266500207449 -0.04248409916426589 -0.021977949747465711 0.056367801379508246 -0.047845087292899768 0.047455249923285661 -0.042826660488210724
leaf_weight=4.5165039487183112 1.7352160103619123 0.82897952571511258 2.5691505223512641 3.640299420803788 2.8647053092718107 2.2176657840609546 1.8813517987728148 5.4096582010388374 11.189482554793363 3.9902028180658817 6.6211059615015966 2.6971466392278671 3.9660403728485099 5.2551256120204917 0.91096858680248161 2.8022240847349167 14.343708460219203 2.0375309512019157 3.053940936923027 0.70512977242469776 1.6740768253803251 1.6463225502520797
leaf_count=49 20 20 15 26 19 36 16 36 86 37 72 13 35 43 11 14 392 24 15 10 16 55
internal_value=-0.00090243 -0.01543 0.00396927 0.00943079 0.0236331 0.00520537 -0.02941 -0.0137681 -0.00198468 -0.0258772 0.0168179 0.00587146 0.00694753 0.0131021 -0.0347109 0.045247 -0.0407244 -0.0113028 0.0506559 -0.0440547 0.0455454 -0.0429749
internal_weight=86.5565 35.9766 15.0678 50.5799 22.5388 12.1661 20.9088 8.27436 28.0412 7.6305 11.8874 9.31825 20.4106 16.4446 19.1736 10.3727 15.2547 3.91888 7.57044 3.18043 3.89174 2.4753
internal_count=1060 648 185 412 185 107 463 55 227 63 100 85 164 129 443 78 403 40 64 85 52 75
is_linear=0
shrinkage=0.05


Tree=255
num_leaves=15
num_cat=0
split_feature=3 0 3 4 4 7 7 1 1 3 1 4 2 0
split_gain=3.41525 0.879062 0.74679 1.37771 1.81762 1.62355 0.650358 0.0350947 6.64372e-05 3.6039e-05 1.27615e-05 2.82255e-06 2.35796e-06 6.17141e-07
threshold=1.0889260149909588 26653.730000000003 1.2656215416582746 34905.000000000007 34732.500000000007 5.5000000000000009 3.5000000000000004 33717.05000000001 31427.985000000004 1.135013600710977 29857.390000000003 34905.000000000007 4416.5500000000011 28583.885000000006
decision_type=2 2 2 2 2 2 2 2 2 2 2 2 2 2
left_child=8 6 3 4 -3 -5 7 9 10 -2 11 12 -1 -13
right_child=1 2 -4 5 -6 -7 -8 -9 -10 -11 -12 13 -14 -15
leaf_value=-0.042101509457145581 -0.042960612735146127 0.011081982820463784 0.043348220676663898 -0.025000241281081949 0.066387264781305952 0.030181286686783333 0.020727791085994918 -0.063033145081695441 -0.043093731017326713 -0.042011271873224509 -0.042207954350607819 -0.041789533120284598 -0.04187992594488843 -0.041892739598953871
leaf_weight=0.1315699538681695 0.17304108664393669 5.2441072789952141 2.2656109035015097 3.8246131290215999 2.0728531777858734 2.0460531711578369 0.4732347703538835 0.41558244824409485 0.11722531262785185 0.23673871392384171 0.27445676736533631 1.271733161062002 1.3725469487253574 0.16346572013571847
leaf_count=16 16 68 12 157 9 16 20 2 4 30 22 401 259 28
internal_value=0.00431493 0.0135094 0.0168297 0.0122738 0.0267497 -0.00576829 -0.0260019 -0.0527951 -0.0419245 -0.0424122 -0.0418819 -0.0418514 -0.0418993 -0.0418013
internal_weight=20.0828 16.7518 15.4532 13.1876 7.31696 5.87067 1.2986 0.825362 3.331 0.40978 3.21377 2.93932 1.50412 1.4352
internal_count=1060 330 262 250 77 173 68 48 730 46 726 704 275 429
is_linear=0
shrinkage=0.05


Tree=256
num_leaves=14
num_cat=0
split_feature=1 6 4 6 1 2 4 4 0 0 2 9 0
split_gain=0.81382 0.375462 0.931974 0.00262554 0.000363443 9.634e-07 4.96823e-07 1.92966e-08 1.04115e-08 5.44975e-09 3.57599e-09 3.10702e-09 3.04014e-09
threshold=29968.010000000006 1.5000000000000002 33565.000000000007 11.500000000000002 36139.180000000008 4148.9800000000005 28185.000000000004 34905.000000000007 28626.480000000003 25584.195000000003 5374.3250000000007 1.0000000180025095e-35 28192.000000000004
decision_type=2 2 2 2 2 2 2 2 2 2 2 2 2
left_child=6 -2 3 -3 5 -4 -1 9 10 11 -9 -8 -11
right_child=1 2 4 -5 -6 -7 7 8 -10 12 -12 -13 -14
leaf_value=-0.041843946338328858 0.045309351344532227 0.017929675408063055 -0.041775422296092192 0.020647240955699392 -0.04524848729127004 -0.041903537227237275 -0.041738924777301928 -0.041704618489388556 -0.041722235644926928 -0.041709247560999807 -0.041691355213480698 -0.04171759002615387 -0.041728906273597599
leaf_weight=0.071898294147103914 0.82971549895592023 1.8727023806422951 0.4384797379025257 1.6916459472849963 0.087471291422843933 0.22054668626515195 0.029745931620709598 0.064612282905727625 0.03714314813259989 0.23263704049168155 0.23807446548016742 0.040030367439612746 0.02148242000839673
leaf_count=25 23 27 200 13 1 46 15 64 27 211 361 31 16
internal_value=0.00746943 0.0145084 0.00858009 0.0192194 -0.0422202 -0.0418183 -0.0417191 -0.0417056 -0.0416973 -0.0417143 -0.0416942 -0.0417267 -0.0417109
internal_weight=5.87619 5.14056 4.31085 3.56435 0.746498 0.659026 0.735624 0.663726 0.33983 0.323896 0.302687 0.0697763 0.254119
internal_count=1060 310 287 40 247 246 750 725 452 273 425 46 227
is_linear=0
shrinkage=0.05


Tree=257
num_leaves=16
num_cat=0
split_feature=1 2 2 2 3 4 4 4 0 3 7 0 1 2 7
split_gain=1.67027 1.54133 0.701427 1.65349 0.827681 0.00155433 1.67083e-06 1.99302e-07 9.19989e-08 5.67458e-08 5.35681e-08 3.16818e-08 2.76833e-08 2.17088e-08 8.2016e-09
threshold=30129.380000000005 3965.7550000000006 4063.2400000000002 4736.2000000000007 1.1850114936235565 33565.000000000007 28185.000000000004 34905.000000000007 28626.480000000003 1.018842598292325 1.0000000180025095e-35 26699.275000000005 27931.635000000006 1618.2000000000003 3.5000000000000004
decision_type=2 2 2 2 2 2 2 2 2 2 2 2 2 2 2
left_child=6 5 -3 4 -4 -2 -1 9 12 10 -8 -11 -9 -7 -15
right_child=1 2 3 -5 -6 13 7 8 -10 11 -12 -13 -14 14 -16
leaf_value=-0.041937716417936144 -0.045962177901334153 0.058450185734929709 -0.045041713894278093 0.049945840041019485 0.022516705622620783 -0.041778356573946872 -0.041798109368528187 -0.041715631448006364 -0.041778973423369697 -0.041805688445113488 -0.0417508446139193 -0.04176276982385272 -0.041739403662029155 -0.041737619345556941 -0.041752769014682396
leaf_weight=0.12568612117320288 0.45333636924624432 1.3701584002701563 1.0809108256362381 1.860201427945867 0.78088198206387449 0.051515707513317466 0.070119600044563191 0.4521858129883185 0.08021807239856571 0.11899768735747784 0.41323867125902325 0.067327102296985686 0.1679544443031773 0.22181709622964263 0.14958126016426831
leaf_count=26 5 17 40 30 11 20 20 347 28 35 192 27 87 113 62
internal_value=0.00548404 0.0173246 0.0278649 0.0166057 -0.016706 -0.0439282 -0.0417632 -0.0417472 -0.0417286 -0.0417667 -0.0417577 -0.0417902 -0.0417221 -0.0417479 -0.0417437
internal_weight=7.46413 5.9684 5.09215 3.72199 1.86179 0.87625 1.49573 1.37004 0.700358 0.669683 0.483358 0.186325 0.62014 0.422914 0.371398
internal_count=1060 298 98 81 51 200 762 736 462 274 212 62 434 195 175
is_linear=0
shrinkage=0.05


Tree=258
num_leaves=15
num_cat=0
split_feature=3 4 3 4 2 4 2 4 7 1 1 2 6 0
split_gain=6.61614 1.72783 2.40129 1.47742 1.44324 1.60427 0.00153258 0.000566731 1.24035e-05 1.14938e-05 7.54869e-06 4.79617e-06 1.33133e-06 4.59798e-07
threshold=0.9674788135492739 40120.000000000007 0.7870816554390635 38897.500000000007 14674.035000000002 32625.000000000004 12741.340000000002 40120.000000000007 4.5000000000000009 29541.940000000006 27016.485000000004 1618.2000000000003 5.5000000000000009 26511.000000000004
decision_type=2 2 2 2 2 2 2 2 2 2 2 2 2 2
left_child=1 2 4 6 5 -1 -4 8 10 -10 13 -12 -11 -2
right_child=7 -3 3 -5 -6 -7 -8 -9 9 12 11 -13 -14 -15
leaf_value=-0.021660976310182559 -0.041943477467538515 0.041716582458752371 -0.042284830207914487 0.010619687238411443 0.041793087144183283 0.014504493631106131 -0.044705477686173244 -0.044169107706711591 -0.04246905116185723 -0.042278459547699931 -0.042361348256287269 -0.042157643049797536 -0.042150758090598109 -0.042044196887100982
leaf_weight=3.867869317531599 0.3801011573523273 3.6575808413326731 2.7988855117000635 1.999013304710388 3.5494436509907237 14.79855264816433 0.8532145507633685 0.37853705510497082 0.6578142177313564 0.31038928776979446 0.30701357778161753 4.9125248081982136 0.59598842170089483 0.16144117806106806
leaf_count=51 50 34 215 20 32 100 16 6 37 20 20 391 49 19
internal_value=-0.00074472 0.00940609 0.00516529 -0.023936 0.0125679 0.00701065 -0.0428503 -0.0422826 -0.0421851 -0.04231 -0.0421512 -0.0421696 -0.0421945 -0.0419735
internal_weight=39.2284 31.5246 27.867 5.65111 22.2159 18.6664 3.6521 7.70381 7.32527 1.56419 5.76108 5.21954 0.906378 0.541542
internal_count=1060 468 434 251 183 151 231 592 586 106 480 411 69 69
is_linear=0
shrinkage=0.05


Tree=259
num_leaves=21
num_cat=0
split_feature=1 4 1 4 4 4 2 3 1 2 2 2 1 2 7 4 4 4 6 2
split_gain=6.95514 1.62363 3.51932 2.11664 2.39755 2.33611 1.80755 2.50457 1.25885 1.0284 1.01123 0.617573 0.0186311 0.0106987 0.000156363 0.000143172 3.70114e-05 5.48687e-05 2.08073e-05 8.97324e-06
threshold=31131.475000000002 34905.000000000007 27016.485000000004 36337.500000000007 36520.000000000007 37941.500000000007 7726.9550000000008 0.92373174082419485 28160.405000000002 5475.6050000000005 4279.2800000000016 5594.5800000000008 28592.965000000004 12820.555000000002 1.5000000000000002 36890.000000000007 37941.500000000007 34905.000000000007 3.5000000000000004 3552.1800000000007
decision_type=2 2 2 2 2 2 2 2 2 2 2 2 2 2 2 2 2 2 2 2
left_child=1 2 6 8 9 -6 -1 -8 13 -5 -10 12 -4 -3 15 -2 17 -16 -19 -18
right_child=14 3 11 4 5 -7 7 -9 10 -11 -12 -13 -14 -15 16 -17 19 18 -20 -21
leaf_value=0.048372975653597439 -0.043177690140441628 0.044091227238464106 -0.050962376046178731 -0.051040020787721935 0.019650341466951368 -0.012703868093595493 0.0055018399101153387 -0.043018803377641218 0.029307984076962897 -0.0092426295437580703 -0.0067635949470152531 -0.017472339151446293 -0.044138265125964304 0.049231008611845005 -0.042889405696343572 -0.043965400140087679 -0.043051680647449374 -0.043501737572583105 -0.04322815342083642 -0.042820866580731511
leaf_weight=2.1088208220899132 1.044015103951095 4.0936780460178834 1.5337386224418867 2.2926074340939513 18.487958665937189 7.9905633926391593 25.200157538056377 2.9734393395483485 4.6288665384054184 4.1097522228956223 3.3484393358230591 3.1308799739927053 2.8752185180783272 1.3451585322618482 1.0521406549960373 1.2891486026346681 0.82136186957359292 0.94256305694580111 2.6458422932773829 0.86403852328658104
leaf_count=21 29 107 14 17 205 68 182 20 29 55 17 31 58 11 33 27 22 20 64 30
internal_value=-0.000594235 0.00379803 -0.00388741 0.0100766 0.0032476 0.00988664 0.00372306 0.000380975 0.0268135 -0.0242098 0.0141671 -0.0344535 -0.0465122 0.0453624 -0.0432631 -0.0436129 -0.043134 -0.0432069 -0.0433 -0.0429334
internal_weight=92.7784 84.1193 37.8223 46.297 32.8809 26.4785 30.2824 28.1736 13.4161 6.40236 7.97731 7.53984 4.40896 5.43884 8.65911 2.33316 6.32595 4.64055 3.58841 1.6854
internal_count=1060 835 326 509 345 273 223 202 164 72 46 103 72 118 225 56 169 117 84 52
is_linear=0
shrinkage=0.05


Tree=260
num_leaves=26
num_cat=0
split_feature=2 4 3 1 7 3 7 1 7 4 6 5 7 4 4 0 2 2 4 0 1 1 6 3 3
split_gain=4.69621 3.68551 4.97313 4.73863 4.3865 3.91101 3.03457 3.38807 3.46745 2.21029 7.42376 2.37477 2.25014 1.77755 0.670235 0.431234 0.347497 0.129292 0.0561606 0.0319716 0.0305096 0.0128164 0.00362236 0.00010402 4.73711e-05
threshold=5374.3250000000007 33745.000000000007 1.0691500938204357 20068.450000000001 4.5000000000000009 0.7502787815035824 2.5000000000000004 31131.475000000002 1.5000000000000002 35987.500000000007 10.500000000000002 1.5000000000000002 4.5000000000000009 36520.000000000007 34905.000000000007 26783.290000000005 4800.8300000000008 3634.2050000000004 37162.000000000007 27799.560000000001 28592.965000000004 27016.485000000004 5.5000000000000009 0.68651146647319183 1.1761136270864119
decision_type=2 2 2 2 2 2 2 2 2 2 2 2 2 2 2 2 2 2 2 2 2 2 2 2 2
left_child=6 3 20 19 15 -6 7 16 13 11 24 14 -13 -9 -8 -5 18 -12 -1 23 21 -3 -10 -2 -11
right_child=1 2 -4 4 5 -7 9 8 22 10 17 12 -14 -15 -16 -17 -18 -19 -20 -21 -22 -23 -24 -25 -26
leaf_value=0.04650208901807476 -0.043745382342383746 -0.04279872605620505 0.019229432322350779 0.028509326755761868 0.047108585409767027 -0.044457025587055825 -0.03137431366308354 -0.044643524996287751 0.047090250418827161 0.044753685315405994 -0.061188574291036628 0.043479721018471029 -0.0034632400093604528 0.0041816190863618805 -0.0013483941192618536 0.053090317057769336 0.029275208081262299 -0.046627898441351345 0.055476542792537276 -0.053877078777250023 -0.052469818091481095 -0.04618268156296574 0.043904214948450621 -0.043121335875471581 0.04434534726561027
leaf_weight=4.2692678980529326 0.99187006615102635 8.9168119672685879 3.9025308713316909 3.1823323890566808 1.6701028347015379 3.8649296574294567 3.0075290761888089 2.9279350787401182 1.5767638012766831 1.492138154804705 2.6952186971902847 6.0113015472888929 4.4369243308901787 5.1306656077504158 4.8648931235074997 4.0613024346530437 2.7487580925226212 3.5100900530815125 2.9462480247020721 0.94023840129375447 1.1175855398178089 4.0775678083300582 2.0546660833060741 2.0436008833348751 1.3554396629333494
leaf_count=49 26 369 20 25 6 55 20 21 16 20 12 51 35 34 32 30 14 37 15 5 6 52 36 54 20
internal_value=-0.000972333 -0.0150282 -0.0307273 0.00185176 0.0166837 -0.0168286 0.00899558 0.0229815 0.00472196 -0.0020682 -0.02228 0.00791919 0.023545 -0.013558 -0.0128193 0.0422912 0.0444034 -0.0529522 0.0501665 -0.0458207 -0.0445424 -0.0438606 0.0452876 -0.0433252 0.0445593
internal_weight=83.7967 34.7689 18.0145 16.7544 12.7787 5.53503 49.0278 21.6543 11.69 27.3735 9.05289 18.3206 10.4482 8.0586 7.87242 7.24363 9.96427 6.20531 7.21552 3.97571 14.112 12.9944 3.63143 3.03547 2.84758
internal_count=1060 648 447 201 116 61 412 185 107 227 89 138 86 55 52 55 78 49 64 85 427 421 52 80 40
is_linear=0
shrinkage=0.05


Tree=261
num_leaves=14
num_cat=0
split_feature=1 6 1 2 6 0 4 6 1 4 4 1 3
split_gain=3.22449 0.753444 0.998171 1.18673 1.96281 0.874721 0.463638 0.368186 0.000106124 1.64031e-05 1.86028e-06 6.21784e-07 4.44081e-07
threshold=29699.930000000004 3.5000000000000004 34370.070000000007 4033.3750000000005 7.5000000000000009 28449.990000000002 34905.000000000007 11.500000000000002 29581.985000000004 28185.000000000004 34905.000000000007 27854.150000000005 1.0852513793656897
decision_type=2 2 2 2 2 2 2 2 2 2 2 2 2
left_child=8 5 3 4 -3 -2 -7 -5 9 -1 12 -12 -11
right_child=1 2 -4 7 -6 6 -8 -9 -10 10 11 -13 -14
leaf_value=-0.042324924374527909 -0.052198679184440322 0.028753622776425122 0.054072808443403488 0.01629586845966129 -0.03088289350836549 0.033571445593752081 -0.015934321929034521 0.040198649894046638 -0.043104423825273852 -0.041872213458617857 -0.04177863680279844 -0.041852933684553666 -0.041980030536987289
leaf_weight=0.18486930429935799 0.86786437872797551 2.5152261443436128 1.6821331083774556 3.4298423267900944 3.056207396555692 0.93113682977855183 0.96110492805019021 3.0381022542715073 0.18455643579363812 1.2588287161197516 1.0419992042006923 0.38589213741943229 0.10334598342888046
leaf_count=24 17 50 10 45 124 13 38 21 12 247 361 83 15
internal_value=0.00433002 0.0132001 0.0179947 0.0129539 -0.00395996 -0.0106359 0.00842654 0.0275234 -0.041941 -0.0418688 -0.0418386 -0.0417987 -0.0418804
internal_weight=19.6411 16.4816 13.7215 12.0394 5.57143 2.76011 1.89224 6.46794 3.15949 2.97494 2.79007 1.42789 1.36217
internal_count=1060 318 250 240 174 68 51 66 742 730 706 444 262
is_linear=0
shrinkage=0.05


Tree=262
num_leaves=18
num_cat=0
split_feature=1 0 2 2 2 5 0 0 4 0 4 4 0 0 0 2 9
split_gain=0.763093 0.345904 0.683806 1.15471 0.579503 0.221409 0.186233 0.526638 0.00983597 3.18541e-05 4.41981e-07 1.76787e-08 8.91836e-09 4.60433e-09 3.28584e-09 3.26559e-09 2.89798e-09
threshold=29968.010000000006 26893.720000000005 4392.7500000000009 3965.7550000000006 3915.6150000000002 1.5000000000000002 26882.910000000003 26800.980000000003 33030.000000000007 26708.730000000003 28185.000000000004 34905.000000000007 28626.480000000003 25584.195000000003 28192.000000000004 5374.3250000000007 1.0000000180025095e-35
decision_type=2 2 2 2 2 2 2 2 2 2 2 2 2 2 2 2 2
left_child=10 6 3 4 -3 -4 7 9 -5 -2 -1 13 15 16 -15 -13 -12
right_child=1 2 5 8 -6 -7 -8 -9 -10 -11 11 12 -14 14 -16 -17 -18
leaf_value=-0.041837390805409359 -0.041817985840324617 0.0031132448639992986 0.015496131822079103 -0.052458188310054214 0.083903201562905649 0.049310427695129257 0.074593438760056946 0.060917988058657814 -0.04294546137739072 -0.043177628651014821 -0.041736065787744053 -0.041702878460490436 -0.04171939424453551 -0.041707380467020674 -0.041728091422629739 -0.041689835366947377 -0.041714970021407123
leaf_weight=0.068737511290237197 0.12014489818830032 0.85341274278471269 1.1660968491341916 0.54307298362255074 0.29998615384101868 0.82772777555510391 0.30316927330568433 0.3631145020481199 0.54387121135368943 0.067157426266930997 0.028530166950076818 0.06117321175406687 0.035007450263947248 0.22145456160069443 0.020963654096703976 0.22266017409856431 0.037913461390417069
leaf_count=25 44 146 38 3 1 14 2 14 39 9 15 64 27 211 16 361 31
internal_value=0.00736908 0.0140883 0.00823464 -0.010721 0.0241258 0.029534 0.0431248 0.0257919 -0.0476983 -0.0423055 -0.041717 -0.0417038 -0.0416956 -0.0417124 -0.0417092 -0.0416926 -0.041724
internal_weight=5.78419 5.08775 4.23417 2.24034 1.1534 1.99382 0.853586 0.550417 1.08694 0.187302 0.69644 0.627703 0.318841 0.308862 0.242418 0.283833 0.0664436
internal_count=1060 310 241 189 147 52 69 67 42 53 750 725 452 273 227 425 46
is_linear=0
shrinkage=0.05


Tree=263
num_leaves=16
num_cat=0
split_feature=1 2 2 2 3 4 4 4 0 3 7 1 0 2 7
split_gain=1.56394 1.41715 0.648854 1.5408 0.783303 0.00127563 1.41941e-06 1.83301e-07 7.79306e-08 4.94263e-08 4.85971e-08 2.5081e-08 2.50127e-08 2.16683e-08 9.09e-09
threshold=30129.380000000005 3965.7550000000006 4063.2400000000002 4736.2000000000007 1.1850114936235565 33565.000000000007 28185.000000000004 34905.000000000007 28626.480000000003 1.018842598292325 1.0000000180025095e-35 27931.635000000006 26699.275000000005 1618.2000000000003 3.5000000000000004
decision_type=2 2 2 2 2 2 2 2 2 2 2 2 2 2 2
left_child=6 5 -3 4 -4 -2 -1 9 11 10 -8 -9 -11 -7 -15
right_child=1 2 3 -5 -6 13 7 8 -10 12 -12 -13 -14 14 -16
leaf_value=-0.041923648240404066 -0.045679279458664783 0.056894563873106367 -0.04491242945728053 0.048933266573026137 0.021569769053478183 -0.041774917222546414 -0.041793338372172889 -0.041712565369128207 -0.04177290598426639 -0.041799412960181664 -0.041747418076203212 -0.041735862764116019 -0.041760414537338503 -0.041732774703597791 -0.04174915038112656
leaf_weight=0.11968898307532061 0.42484299466013897 1.3300510232802478 1.0365255771903323 1.7890581095125524 0.77382239792495955 0.049212653189897537 0.067484832252375559 0.42246132279979065 0.075581988086923957 0.11269710247870535 0.39397462527267635 0.15900322084780782 0.064732052385807037 0.20676943357102573 0.14359471912030131
leaf_count=26 5 17 40 30 11 20 20 347 28 35 192 87 27 113 62
internal_value=0.00532172 0.016905 0.0270528 0.0160256 -0.016495 -0.0437719 -0.0417589 -0.0417437 -0.0417251 -0.0417628 -0.0417541 -0.0417189 -0.0417852 -0.0417438 -0.0417395
internal_weight=7.1695 5.75388 4.92946 3.59941 1.81035 0.82442 1.41562 1.29594 0.657047 0.638889 0.461459 0.581465 0.177429 0.399577 0.350364
internal_count=1060 298 98 81 51 200 762 736 462 274 212 434 62 195 175
is_linear=0
shrinkage=0.05


Tree=264
num_leaves=20
num_cat=0
split_feature=3 5 0 4 3 8 7 6 2 1 6 1 4 7 1 1 2 6 3
split_gain=6.21021 1.71217 1.65988 1.51123 2.15069 3.98784 0.992955 0.972867 0.490543 0.0517146 0.0299928 0.00228362 0.000537776 1.16263e-05 1.03177e-05 6.20717e-06 4.89123e-06 1.09848e-06 3.82528e-07
threshold=0.9674788135492739 1.0000000180025095e-35 28192.000000000004 36337.500000000007 0.66094075969639043 4.5000000000000009 1.0000000180025095e-35 7.5000000000000009 9746.3550000000014 19267.145 8.5000000000000018 20346.010000000006 40120.000000000007 4.5000000000000009 29541.940000000006 27016.485000000004 1618.2000000000003 5.5000000000000009 0.98663507818718299
decision_type=2 2 2 2 2 2 2 2 2 2 2 2 2 2 2 2 2 2 2
left_child=1 2 9 4 -3 -6 10 -8 -4 -1 -5 -11 13 15 -15 18 -17 -16 -2
right_child=12 3 8 6 5 -7 7 -9 -10 11 -12 -13 -14 14 17 16 -18 -19 -20
leaf_value=-0.060660391254894919 -0.042015519552591307 0.052601109102538041 -0.014684531941313314 0.053262047062287189 -0.039557996310586957 0.016460483120437647 -0.018421425962688597 0.029769773410621099 0.027176182895281033 -0.046614322804551481 0.044748768694189853 -0.042681450308751367 -0.044111115613615276 -0.042435326591557063 -0.04224651969118224 -0.042337719668792489 -0.042126910688855886 -0.042127255073919796 -0.041924643839737673
leaf_weight=0.7338702455163032 0.17762411758303542 2.1037930101156297 1.2931187087669971 1.8081303536891917 4.6730541358701858 9.9234565049409866 1.487429045140743 3.5390258254483342 1.5254225898534057 0.67013708502054192 2.4182580783963203 0.82164981449022889 0.3707589991390704 0.62251600809395291 0.29316229280084372 0.29267008276656259 4.5982011440210044 0.56546705681830645 0.33269680663943291
leaf_count=4 22 18 19 10 156 53 21 76 23 8 36 44 6 37 20 20 391 49 47
internal_value=-0.000607091 0.00913841 -0.0175167 0.014319 0.00533823 -0.00147376 0.0305284 0.015509 0.0079709 -0.0497939 0.0483909 -0.0444482 -0.0422562 -0.0421562 -0.0422803 -0.0421222 -0.0421395 -0.042168 -0.0419563
internal_weight=38.2504 30.9973 5.0442 25.9531 16.7003 14.5965 9.25284 5.02645 2.81854 2.22566 4.22639 1.49179 7.2531 6.88234 1.48115 5.40119 4.89087 0.858629 0.510321
internal_count=1060 468 98 370 227 209 143 97 42 56 46 52 592 586 106 480 411 69 69
is_linear=0
shrinkage=0.05


Tree=265
num_leaves=15
num_cat=0
split_feature=1 4 1 4 4 1 4 6 7 4 4 4 6 2
split_gain=6.50456 1.45908 1.94727 1.62584 1.69907 2.11 1.9593 0.180575 0.000156054 0.000126472 3.63684e-05 4.16651e-05 1.83756e-05 7.00633e-06
threshold=31131.475000000002 29177.500000000004 20548.700000000001 29507.500000000004 34905.000000000007 27854.150000000005 36337.500000000007 4.5000000000000009 1.5000000000000002 36890.000000000007 37941.500000000007 34905.000000000007 3.5000000000000004 3552.1800000000007
decision_type=2 2 2 2 2 2 2 2 2 2 2 2 2 2
left_child=1 2 -1 7 5 -5 -6 -3 9 -2 11 -10 -13 -12
right_child=8 3 -4 4 6 -7 -8 -9 10 -11 13 12 -14 -15
leaf_value=0.0040303392531741847 -0.043109151854358894 0.02423242190640286 -0.055948485643765859 -0.0010501691523565994 0.026095457018733628 -0.044356686533858686 0.0030516534878815564 0.045311397266794118 -0.042827609711829973 -0.043867413631302116 -0.04293865777566272 -0.043391084957784189 -0.043125624891417413 -0.042726503262675068
leaf_weight=3.2368837334215632 0.99468695092946147 1.8165069818496693 2.3253935184329748 24.070467691868547 12.978346919640897 3.1848017815500489 31.889954937621951 2.3055599331855774 0.99874755740165699 1.2298392206430433 0.7583058103919027 0.88417756557464633 2.4815452434122562 0.79941181093454361
leaf_count=36 29 8 24 163 164 63 345 32 33 27 22 20 64 30
internal_value=-0.000565025 0.00367786 -0.0210447 0.00548142 0.00373592 -0.00611057 0.00971717 0.0360223 -0.0431713 -0.0435284 -0.0430372 -0.0431112 -0.0431954 -0.0428298
internal_weight=89.9546 81.8079 5.56228 76.2456 72.1236 27.2553 44.8683 4.12207 8.14671 2.22453 5.92219 4.36447 3.36572 1.55772
internal_count=1060 835 60 775 735 226 509 40 225 56 169 117 84 52
is_linear=0
shrinkage=0.05


Tree=266
num_leaves=26
num_cat=0
split_feature=2 4 3 1 7 3 7 1 7 4 6 5 7 4 4 2 0 2 4 1 0 1 0 3 3
split_gain=4.33366 3.39598 4.78307 4.41989 3.95401 3.64032 2.82651 3.20278 3.21898 2.06395 6.83978 2.1986 2.11776 1.64316 0.595976 0.43755 0.436365 0.106173 0.0502293 0.0276319 0.0264772 0.0120604 0.00313008 9.18584e-05 3.64686e-05
threshold=5374.3250000000007 33745.000000000007 1.0691500938204357 20068.450000000001 4.5000000000000009 0.7502787815035824 2.5000000000000004 31131.475000000002 1.5000000000000002 35987.500000000007 10.500000000000002 1.5000000000000002 4.5000000000000009 36520.000000000007 34905.000000000007 4872.8900000000003 26783.290000000005 3634.2050000000004 37162.000000000007 28647.430000000004 27799.560000000001 27016.485000000004 27932.350000000002 0.68651146647319183 1.1761136270864119
decision_type=2 2 2 2 2 2 2 2 2 2 2 2 2 2 2 2 2 2 2 2 2 2 2 2 2
left_child=6 3 19 20 16 -6 7 15 13 11 24 14 -13 -9 -8 18 -5 -12 -1 21 23 -3 -10 -2 -11
right_child=1 2 -4 4 5 -7 9 8 22 10 17 12 -14 -15 -16 -17 -18 -19 -20 -21 -22 -23 -24 -25 -26
leaf_value=0.046130707986541779 -0.043653170672994034 -0.042735273374202819 0.018618223456924331 0.026837600194825891 0.045501844358284547 -0.043508199301384859 -0.030083133076645313 -0.043922009948460017 0.04372465310182367 0.044517156027494932 -0.059789459637829293 0.042616881009949939 -0.0036057075520538012 0.0038215820646734541 -0.0015955848821602213 0.025125476967947688 0.051951923910823698 -0.046297273231586854 0.054532736528778783 -0.05265296316613613 -0.053050744968284685 -0.0460652412111828 0.046782840333854409 -0.043051703193998182 0.044146209759846011
leaf_weight=3.9881801828742045 0.94081041589379655 8.3907493213191611 3.8796242624521247 3.1035882607102376 1.6593227088451383 3.7326877266168594 2.9698144793510499 2.7987446971237642 1.9057513214647772 1.3908372707664951 2.6055135205388069 5.8017440065741521 4.3255790136754513 5.0609264448285103 4.8086404018104076 2.374110534787178 3.9068749137222767 3.3110659345984459 3.2109543457627296 0.95208957791328508 0.90400742739439 4.0226180367171773 1.4915317445993421 1.9516196884214876 1.2653998509049413
leaf_count=49 26 369 20 25 6 55 20 21 36 20 12 51 35 34 32 12 30 37 17 5 5 53 16 54 20
internal_value=-0.00103863 -0.0148149 -0.0302569 0.00162443 0.0160744 -0.0161165 0.00870019 0.0224794 0.00439912 -0.00213966 -0.0223144 0.00751945 0.0228743 -0.0131794 -0.0124721 0.0437396 0.0408336 -0.0522389 0.0498782 -0.044444 -0.0455817 -0.0438144 0.0450673 -0.0432473 0.0443404
internal_weight=80.7528 33.444 17.2451 16.1989 12.4025 5.39201 47.3088 20.8302 11.257 26.4786 8.57282 17.9058 10.1273 7.85967 7.77845 9.57325 7.01046 5.91658 7.19913 13.3655 3.79644 12.4134 3.39728 2.89243 2.65624
internal_count=1060 648 447 201 116 61 412 185 107 227 89 138 86 55 52 78 55 49 66 427 85 422 52 80 40
is_linear=0
shrinkage=0.05


Tree=267
num_leaves=15
num_cat=0
split_feature=3 0 2 4 7 4 2 1 1 1 1 4 2 0
split_gain=3.00819 0.786765 0.725762 1.29687 1.66863 1.6096 0.572289 0.042468 0.000458037 6.65056e-05 9.27684e-06 2.27591e-06 1.96693e-06 5.08053e-07
threshold=1.0889260149909588 26653.730000000003 1385.7350000000004 34905.000000000007 5.5000000000000009 34732.500000000007 4279.2800000000016 34039.485000000008 33534.480000000003 31427.985000000004 29857.390000000003 34905.000000000007 4416.5500000000011 28583.885000000006
decision_type=2 2 2 2 2 2 2 2 2 2 2 2 2 2
left_child=9 6 -3 5 -5 -4 7 8 -2 10 11 12 -1 -13
right_child=1 2 3 4 -6 -7 -8 -9 -10 -11 -12 13 -14 -15
leaf_value=-0.042075159787155168 -0.041914669987519193 0.040343891936836997 0.0098102057652131036 -0.029346468273508203 0.028868832572995724 0.062365152466501705 0.019755721654839031 -0.067486327020020317 -0.045065863418839044 -0.043098130820036294 -0.042154281320279957 -0.041775698860190447 -0.041861825498419269 -0.041874319730577023
leaf_weight=0.1183293662034014 0.29785019857809192 2.508585460484027 5.1328897872008366 3.3426626089494675 1.9483944894745944 2.0343136787414551 0.43294139252975583 0.28345814347267151 0.18816759251058102 0.11331510078161944 0.24993434641510237 1.117486208793707 1.2432239040499551 0.14787083235569287
leaf_count=16 51 13 68 156 16 9 9 1 7 4 22 401 259 28
internal_value=0.00416116 0.012681 0.0158072 0.0108665 -0.00790909 0.0247272 -0.0262311 -0.0521053 -0.0431347 -0.04191 -0.0418632 -0.0418355 -0.0418804 -0.0417872
internal_weight=19.1594 16.1693 14.9668 12.4583 5.29106 7.1672 1.20242 0.769476 0.486018 2.99016 2.87684 2.62691 1.36155 1.26536
internal_count=1060 330 262 249 172 77 68 59 58 730 726 704 275 429
is_linear=0
shrinkage=0.05


Tree=268
num_leaves=14
num_cat=0
split_feature=1 1 4 2 6 7 4 4 0 0 0 2 7
split_gain=0.718544 0.344677 0.993192 0.169284 4.07248e-06 7.71221e-07 3.92544e-07 1.51334e-08 8.44311e-09 4.22135e-09 2.94937e-09 2.81682e-09 2.71131e-09
threshold=29968.010000000006 36139.180000000008 33565.000000000007 4392.7500000000009 1.5000000000000002 1.5000000000000002 28185.000000000004 34905.000000000007 28626.480000000003 25584.195000000003 28192.000000000004 5374.3250000000007 4.5000000000000009
decision_type=2 2 2 2 2 2 2 2 2 2 2 2 2
left_child=6 2 3 -2 -4 -6 -1 9 11 12 -11 -9 -8
right_child=1 -3 4 -5 5 -7 7 8 -10 10 -12 -13 -14
leaf_value=-0.041830900344089296 0.010148604557551309 0.059785649149233303 -0.042091479201471188 0.03115053469491957 -0.041886545400683067 -0.041767151544117663 -0.04173340799114892 -0.041700946379858855 -0.041717758917161375 -0.041705213211972153 -0.041725357703720524 -0.041688455363222784 -0.041712504667025037
leaf_weight=0.065633211866952368 1.9475045837461951 0.37807227671146382 0.15896449633873988 1.891258919611573 0.20348336594179273 0.40338671673089266 0.02738246601074934 0.057579045416787267 0.033582996635232121 0.20893958350643516 0.019900708604836836 0.20881865074625239 0.035786690947134048
leaf_count=25 23 2 19 20 46 200 15 64 27 211 16 361 31
internal_value=0.00740852 0.0138919 0.0101237 0.0204957 -0.0418662 -0.0418072 -0.0417149 -0.041702 -0.0416941 -0.0417101 -0.041707 -0.0416912 -0.0417216
internal_weight=5.64029 4.98267 4.6046 3.83876 0.765835 0.60687 0.657623 0.59199 0.299981 0.292009 0.22884 0.266398 0.0631692
internal_count=1060 310 308 43 265 246 750 725 452 273 227 425 46
is_linear=0
shrinkage=0.05


Tree=269
num_leaves=18
num_cat=0
split_feature=4 1 0 4 0 1 1 1 0 4 4 0 7 1 6 2 0
split_gain=1.47053 0.876628 1.31981 1.07825 0.61653 0.00172697 0.000209385 1.25747e-07 7.40006e-08 7.04438e-08 2.25656e-08 2.63605e-08 1.40123e-08 1.46856e-08 1.35191e-08 6.9515e-09 4.30008e-09
threshold=33397.500000000007 32231.750000000004 27181.225000000002 28185.000000000004 29238.225000000002 30260.970000000005 30160.145000000004 27016.485000000004 28031.530000000002 37941.500000000007 34732.500000000007 28690.355000000003 5.5000000000000009 33717.05000000001 1.5000000000000002 12338.030000000001 26528.405000000002
decision_type=2 2 2 2 2 2 2 2 2 2 2 2 2 2 2 2 2
left_child=1 2 5 -4 -5 6 -1 10 12 14 16 15 13 -9 -10 -12 -2
right_child=7 -3 3 4 -6 -7 -8 8 9 -11 11 -13 -14 -15 -16 -17 -18
leaf_value=-0.041770108598243996 -0.041731058406275751 0.050816551038367234 0.046251143046006658 -0.044424711098874213 0.025051945526368736 -0.046427069939137783 -0.0441009745781017 -0.041736643391976858 -0.041775296044959602 -0.041806934939863476 -0.041705551834838588 -0.041762575570950422 -0.041769007680086415 -0.041764835950433093 -0.041742932561393054 -0.041720530676625331 -0.041754369263819327
leaf_weight=0.4192411210387943 0.039302247227169351 1.4038480073213575 1.8071590219624343 0.71851787046762161 0.5747230276465416 0.4768780842423439 0.12510047480463982 0.52194148593116552 0.04581922385841608 0.096443878370337188 0.25532317906618118 0.025599687127396464 0.042155251489020884 0.050676284241490066 0.10910971747944131 0.11118833854561672 0.039834696566686034
leaf_count=179 22 8 17 45 4 5 2 290 18 30 237 11 15 22 53 84 18
internal_value=0.00530525 0.016692 0.00506895 0.0213073 -0.0135489 -0.0442303 -0.0423058 -0.0417392 -0.0417505 -0.0417734 -0.0417184 -0.0417135 -0.0417412 -0.0417391 -0.0417525 -0.0417101 -0.0417428
internal_weight=6.86286 5.52547 4.12162 3.1004 1.29324 1.02122 0.544342 1.33739 0.866146 0.251373 0.471248 0.392111 0.614773 0.572618 0.154929 0.366512 0.0791369
internal_count=1060 260 252 66 49 186 181 800 428 101 372 332 327 312 71 321 40
is_linear=0
shrinkage=0.05


Tree=270
num_leaves=14
num_cat=0
split_feature=3 4 1 4 2 0 1 4 2 2 4 1 3
split_gain=5.89951 2.288 2.37462 1.95702 1.32345 1.56859 0.867215 0.00761423 0.00121013 6.80422e-05 1.69633e-05 1.40699e-05 7.73811e-06
threshold=0.87118681729126901 38897.500000000007 20777.680000000004 40120.000000000007 13594.735000000002 26483.845000000005 19533.920000000002 38897.500000000007 13674.955000000002 12324.190000000002 33822.500000000007 30017.295000000002 1.0650522376330858
decision_type=2 2 2 2 2 2 2 2 2 2 2 2 2
left_child=1 2 4 7 6 -6 -1 10 9 -4 11 -2 -12
right_child=3 -3 8 -5 5 -7 -8 -9 -10 -11 12 -13 -14
leaf_value=0.011601693915900843 -0.0423327989145309 0.054421909517107771 -0.042236876144149151 0.011076303867958277 0.044351138787693895 -0.0022289649835834954 -0.014993862224023477 -0.047310299030049047 -0.045374561911314379 -0.042904463855471468 -0.042014091166219875 -0.042051943198239877 -0.042138644863677251
leaf_weight=8.9874468958005398 1.6635172907263025 2.8488578759133807 1.1223962805233889 2.1179451495409003 5.2041827589273444 2.7690349407494068 4.6515054516494265 0.78499526530504216 0.45200392603874195 0.57835819385945786 1.9187228204682467 0.60924436454661179 3.5618442269042134
leaf_count=58 115 31 95 22 52 25 48 7 7 20 218 62 300
internal_value=-0.000508457 0.0120793 0.00700338 -0.031946 0.0119916 0.0281742 0.0025314 -0.0426178 -0.043075 -0.0424639 -0.0421427 -0.0422575 -0.042095
internal_weight=37.2701 26.6138 23.7649 10.6563 21.6122 7.97322 13.639 8.53832 2.15276 1.70075 7.75333 2.27276 5.48057
internal_count=1060 336 305 724 183 77 106 702 122 115 695 177 518
is_linear=0
shrinkage=0.05


Tree=271
num_leaves=20
num_cat=0
split_feature=1 0 3 3 2 2 8 6 7 0 6 4 7 4 4 7 2 2 2
split_gain=6.08571 1.3934 2.55258 2.49647 2.52398 2.0736 2.24166 3.31023 2.53062 0.733977 0.711306 0.023898 0.000155429 0.000109206 3.55356e-05 3.39227e-05 1.08701e-05 8.78815e-06 5.41803e-06
threshold=31131.475000000002 27373.345000000005 1.0118370314591323 0.87118681729126901 13084.345000000003 14389.035000000002 4.5000000000000009 5.5000000000000009 2.5000000000000004 29238.225000000002 2.5000000000000004 36384.500000000007 1.5000000000000002 36890.000000000007 37941.500000000007 3.5000000000000004 2731.0650000000001 2790.9050000000007 3552.1800000000007
decision_type=2 2 2 2 2 2 2 2 2 2 2 2 2 2 2 2 2 2 2
left_child=1 5 3 4 -3 6 8 -8 -1 -5 -4 -12 13 -2 15 17 -17 -14 -16
right_child=12 2 10 9 -6 -7 7 -9 -10 -11 11 -13 14 -15 18 16 -18 -19 -20
leaf_value=0.0047700998810553102 -0.043053994926461579 -0.03636705669800195 -0.0090149539749210302 0.01587266793922603 0.024426484653728719 -0.044244299056114371 0.037552143793886161 -0.008839905978749292 0.033845150455958657 0.052685302086530134 -0.049442288510388149 -0.042015085397028619 -0.042728645248991316 -0.043774639606354082 -0.042835120499673834 -0.043284041421989418 -0.043059583981539702 -0.042951296943211224 -0.04264113633442506
leaf_weight=15.815028458833696 0.95228301919996683 4.9176228102296609 1.9306167494505633 4.3244636077433825 2.6152729950845242 1.8845634199678887 4.607249233871701 23.245152773335576 14.206571443006395 1.9712487384676931 2.0303313937038183 2.3213501572608948 0.69671017490327347 1.173593860119581 0.69994684308767297 0.96399730816483531 1.2245961576700208 1.2179151345044372 0.74104673229157925
leaf_count=191 29 55 14 52 17 27 39 163 217 11 28 21 25 27 22 23 33 36 30
internal_value=-0.00054677 0.00353862 -0.00784556 0.00416087 -0.0152607 0.0073698 0.00905052 -0.00116589 0.0185288 0.0273991 -0.0342741 -0.0454803 -0.0430883 -0.0434518 -0.042949 -0.043024 -0.0431584 -0.0428703 -0.0427354
internal_weight=87.5396 79.8695 20.1109 13.8286 7.5329 59.7586 57.874 27.8524 30.0216 6.29571 6.2823 4.35168 7.67009 2.12588 5.54421 4.10322 2.18859 1.91463 1.44099
internal_count=1060 835 198 135 72 637 610 202 408 63 63 49 225 56 169 117 56 61 52
is_linear=0
shrinkage=0.05


Tree=272
num_leaves=15
num_cat=0
split_feature=1 0 2 4 0 8 2 4 0 1 1 4 2 4
split_gain=4.06564 3.0151 1.9861 1.60815 1.94765 1.47056 4.4662 3.46825 1.0977 0.792149 0.00724051 0.000714878 0.000453583 5.29684e-05
threshold=24929.570000000003 27649.135000000002 13084.345000000003 38215.000000000007 25612.290000000005 4.5000000000000009 5445.2500000000009 35012.500000000007 27181.225000000002 21770.750000000004 24656.205000000005 33155.000000000007 10212.045000000002 34732.500000000007
decision_type=2 2 2 2 2 2 2 2 2 2 2 2 2 2
left_child=1 10 9 4 -2 6 -6 -7 -5 -3 11 12 -1 -13
right_child=3 2 -4 8 5 7 -8 -9 -10 -11 -12 13 -14 -15
leaf_value=-0.044416241565581167 -0.047611098791872433 0.068968986275650526 -0.033582003410789457 0.0062937835632420752 0.0099268761602364381 0.043872877353773376 -0.036101823814159419 0.0015015301786809889 -0.03918544210834745 0.012831855255287281 -0.048852502234070248 -0.042694567216490099 -0.043103734449402721 -0.042326049140262313
leaf_weight=0.83700805157422697 1.617735382169484 1.037861600518226 1.7650097198784349 2.1666534263640633 31.48690434359014 8.2303122729063052 6.329521636478602 11.688138818368314 3.4227255489677191 1.5928993569687007 0.54355800338089544 1.4820132702589033 3.0822514891624451 2.8506219498813152
leaf_count=15 15 4 15 15 300 82 110 97 36 37 12 55 90 177
internal_value=-0.0010569 -0.0263637 0.00744979 0.00408349 0.00649802 0.00801417 0.00222283 0.0190094 -0.021556 0.0349785 -0.0432629 -0.0428947 -0.043384 -0.0424521
internal_weight=78.1332 13.1912 4.39577 64.942 59.3526 57.7349 37.8164 19.9185 5.58938 2.63076 8.79545 8.25189 3.91926 4.33264
internal_count=1060 405 56 655 604 589 410 179 51 41 349 337 105 232
is_linear=0
shrinkage=0.05


Tree=273
num_leaves=14
num_cat=0
split_feature=1 6 1 0 2 0 4 2 1 4 4 1 3
split_gain=2.82254 0.703695 0.978387 1.06032 1.4103 0.809438 0.368672 0.281431 8.55846e-05 1.62509e-05 1.42346e-06 5.17506e-07 4.76046e-07
threshold=29699.930000000004 3.5000000000000004 34370.070000000007 27853.515000000003 4033.3750000000005 28449.990000000002 34905.000000000007 3039.7650000000003 29581.985000000004 28185.000000000004 34905.000000000007 27854.150000000005 1.0852513793656897
decision_type=2 2 2 2 2 2 2 2 2 2 2 2 2
left_child=8 5 3 4 -3 -2 -7 -5 9 -1 12 -12 -11
right_child=1 2 -4 7 -6 6 -8 -9 -10 10 11 -13 -14
leaf_value=-0.04232371792493738 -0.051578366038256843 -0.022793330660236068 0.053640689288583156 0.050757920723110556 0.019786485980819328 0.030976759231973468 -0.014473675673786541 0.022601233684440655 -0.043022820406696555 -0.041853139924547339 -0.041766976033088536 -0.041838387955384089 -0.041970758382676554
leaf_weight=0.17370033706538723 0.84854057477787082 3.3910167424473894 1.5957888215780247 1.5009822063148024 4.5593015244230628 0.87251329980790593 0.91310325544327497 2.1711748521775007 0.16701056621968735 1.129004751914181 0.92452001525089123 0.34964095149189234 0.093123507453128584
leaf_count=24 17 147 10 9 47 13 38 37 12 247 361 83 15
internal_value=0.00400665 0.0122267 0.0169294 0.0118889 0.00162509 -0.0113716 0.00773496 0.0341102 -0.0419248 -0.0418561 -0.0418235 -0.0417866 -0.0418621
internal_weight=18.6894 15.8524 13.2183 11.6225 7.95032 2.63416 1.78562 3.67216 2.837 2.66999 2.49629 1.27416 1.22213
internal_count=1060 318 250 240 194 68 51 46 742 730 706 444 262
is_linear=0
shrinkage=0.05


Tree=274
num_leaves=18
num_cat=0
split_feature=1 0 3 0 5 0 0 0 4 0 4 4 0 0 0 2 7
split_gain=0.67454 0.330048 0.597417 1.16496 0.40197 0.672254 0.154026 0.462931 0.00379741 2.56721e-05 3.56746e-07 1.30268e-08 7.61816e-09 4.11771e-09 2.57944e-09 2.42378e-09 2.34237e-09
threshold=29968.010000000006 26893.720000000005 1.1217802209562635 28831.020000000004 1.5000000000000002 28952.695000000003 26882.910000000003 26800.980000000003 33305.000000000007 26708.730000000003 28185.000000000004 34905.000000000007 28626.480000000003 25584.195000000003 28192.000000000004 5374.3250000000007 4.5000000000000009
decision_type=2 2 2 2 2 2 2 2 2 2 2 2 2 2 2 2 2
left_child=10 6 4 8 5 -3 7 9 -4 -2 -1 13 15 16 -15 -13 -12
right_child=1 2 3 -5 -6 -7 -8 -9 -10 -11 11 12 -14 14 -16 -17 -18
leaf_value=-0.041825763788236499 -0.041811330866410291 -0.042841412408307029 -0.049548080760896632 0.056923771298071947 0.042504100612219604 0.029476138716320873 0.070913709354425203 0.058012042239238885 -0.042938954309882933 -0.043091881307347167 -0.041730862299909549 -0.041699276860924742 -0.041715768080839266 -0.041703175336922971 -0.04172254205166448 -0.041687357699411676 -0.04171103078551458
leaf_weight=0.063115682394709327 0.10723673610482354 0.50251638202462368 0.3031131178140638 0.38166860654018808 1.2440413213334975 0.89139814395457506 0.29951146617531776 0.36111512617208064 0.76805777667323127 0.061633502133190632 0.026256976998411119 0.054398559354012832 0.032174829859286547 0.19666335670626722 0.0188401491031982 0.19752836885163561 0.034393026900943369
leaf_count=25 44 35 2 16 8 14 2 14 166 9 15 64 27 211 16 361 31
internal_value=0.0072871 0.0134951 0.00766381 -0.0180834 0.0218439 0.00340513 0.0422532 0.0260562 -0.0448092 -0.0422787 -0.0417131 -0.0417004 -0.0416929 -0.0417081 -0.0417049 -0.0416899 -0.0417196
internal_weight=5.54366 4.92029 4.0908 1.45284 2.63796 1.39391 0.829497 0.529985 1.07117 0.16887 0.623371 0.560255 0.284102 0.276154 0.215504 0.251927 0.06065
internal_count=1060 310 241 184 57 49 69 67 168 53 750 725 452 273 227 425 46
is_linear=0
shrinkage=0.05


Tree=275
num_leaves=16
num_cat=0
split_feature=1 2 2 2 3 4 4 4 0 1 7 7 2 1 7
split_gain=1.38617 1.22017 0.580074 1.35254 0.720861 0.000882854 1.40738e-06 1.30606e-07 6.64648e-08 2.66603e-08 4.55141e-08 3.1189e-08 2.09526e-08 1.88095e-08 8.1328e-09
threshold=30129.380000000005 3965.7550000000006 4063.2400000000002 4736.2000000000007 1.1850114936235565 33565.000000000007 28185.000000000004 34905.000000000007 28626.480000000003 26129.525000000005 1.0000000180025095e-35 2.5000000000000004 1618.2000000000003 27985.200000000004 3.5000000000000004
decision_type=2 2 2 2 2 2 2 2 2 2 2 2 2 2 2
left_child=6 5 -3 4 -4 -2 -1 9 13 10 -8 -11 -7 -9 -14
right_child=1 2 3 -5 -6 12 7 8 -10 11 -12 -13 14 -15 -16
leaf_value=-0.041920306385424821 -0.045209900799122488 0.055176626066897674 -0.044706024145538648 0.047393348014590719 0.021047383376988776 -0.041767667194186876 -0.041784350365966831 -0.041707678972389584 -0.041765534140740697 -0.041730513077973326 -0.041737409647339942 -0.041778313318488559 -0.04172416922763058 -0.041729241837280114 -0.041740655870441866
leaf_weight=0.11407043505460013 0.37993343919515599 1.2395871070912106 0.96132171864155702 1.6484009537380186 0.73591762990690768 0.044699705787934363 0.062051292159594373 0.37796263641212136 0.069497843913268298 0.043603354191873223 0.30777466477593407 0.1570006055990234 0.1796591387828812 0.13808472960954532 0.12816481746267527
leaf_count=26 5 17 40 30 11 20 20 350 28 30 167 57 113 84 62
internal_value=0.00517846 0.0163872 0.0259598 0.0151348 -0.0161956 -0.0435378 -0.0417528 -0.0417362 -0.0417196 -0.0417532 -0.0417453 -0.0417679 -0.0417357 -0.0417134 -0.041731
internal_weight=6.58773 5.31768 4.58523 3.34564 1.69724 0.732457 1.27005 1.15598 0.585545 0.57043 0.369826 0.200604 0.352524 0.516047 0.307824
internal_count=1060 298 98 81 51 200 762 736 462 274 187 87 195 434 175
is_linear=0
shrinkage=0.05


Tree=276
num_leaves=13
num_cat=0
split_feature=3 0 4 3 2 4 8 7 1 2 1 6
split_gain=5.51824 1.65457 1.69408 2.15954 1.58544 1.06024 0.000496925 1.01688e-05 8.78783e-06 5.60189e-06 3.74503e-06 8.17749e-07
threshold=0.9674788135492739 24614.640000000003 40120.000000000007 0.77928835517572725 13746.785000000002 38897.500000000007 3.5000000000000004 4.5000000000000009 29541.940000000006 1618.2000000000003 27016.485000000004 5.5000000000000009
decision_type=2 2 2 2 2 2 2 2 2 2 2 2
left_child=1 -1 3 4 -3 -5 -2 9 -9 -8 -11 -10
right_child=6 2 -4 5 -6 -7 7 8 11 10 -12 -13
leaf_value=0.075759069798155512 -0.044025590012141777 0.002328815303826383 0.039857352014564161 -0.036026169788284261 0.035775407624390902 0.0091485141869570904 -0.042297474921460056 -0.04237923557479259 -0.042192178822061055 -0.041926763523599836 -0.042077209011348322 -0.042083744436145869
leaf_weight=0.88908270001411693 0.35786091163754363 14.532580885104844 3.3657638803124419 4.546290489844977 4.6854655705392352 1.8183158338069914 0.26737481867894519 0.57157467957586028 0.2638335507363081 0.4602543944492935 4.0855260514654219 0.50990798650309443
leaf_count=3 6 107 34 245 59 20 20 37 20 69 391 49
internal_value=-0.000529742 0.00857391 0.00651048 0.00212322 0.0104833 -0.0231201 -0.0422143 -0.042109 -0.0422306 -0.0420751 -0.042062 -0.0421207
internal_weight=36.3538 29.8375 28.9484 25.5827 19.218 6.36461 6.51633 6.15847 1.34532 4.81316 4.54578 0.773742
internal_count=1060 468 465 431 166 265 592 586 106 480 460 69
is_linear=0
shrinkage=0.05


Tree=277
num_leaves=16
num_cat=0
split_feature=1 4 1 4 4 1 4 6 7 4 4 7 2 2 2
split_gain=5.73535 1.30316 1.69429 1.31691 1.40811 1.95211 1.75001 0.224743 0.000143062 0.000104499 2.99969e-05 3.25976e-05 9.55455e-06 9.42366e-06 4.67552e-06
threshold=31131.475000000002 29177.500000000004 20548.700000000001 29507.500000000004 34905.000000000007 27854.150000000005 35397.500000000007 4.5000000000000009 1.5000000000000002 36890.000000000007 37941.500000000007 3.5000000000000004 2731.0650000000001 2923.5000000000005 3552.1800000000007
decision_type=2 2 2 2 2 2 2 2 2 2 2 2 2 2 2
left_child=1 2 -1 7 5 -5 -6 -3 9 -2 11 13 -13 -10 -12
right_child=8 3 -4 4 6 -7 -8 -9 10 -11 14 12 -14 -15 -16
leaf_value=0.0034289241285859039 -0.042974841965955281 0.020745745922260531 -0.054230956083797348 -0.00077489544203630529 0.034608645396673098 -0.044135921695350827 0.0051045384010994753 0.044885064124090934 -0.042668466911902632 -0.04369879699902593 -0.04277602301580246 -0.043208054724197593 -0.042992698893222013 -0.042898788541790252 -0.042591210236186082
leaf_weight=3.0412997752428046 0.89639713522046749 1.8263269737362855 2.1924957633018494 23.448172098025683 5.816305384039878 2.9187455084174863 36.985114036127925 2.0426487624645233 0.79380088392645154 1.1228263601660726 0.66638077795505501 0.92030049487948451 1.1695727612823246 1.0081318467855451 0.7035057321190834
leaf_count=36 29 8 24 163 75 63 434 32 30 27 22 23 33 31 30
internal_value=-0.000573069 0.00337539 -0.0207254 0.00510243 0.00351454 -0.00557484 0.00911387 0.0334902 -0.0430196 -0.0433774 -0.0428823 -0.0429532 -0.0430875 -0.0427973 -0.0426811
internal_weight=85.552 78.2711 5.2338 73.0373 69.1683 26.3669 42.8014 3.86898 7.28092 2.01922 5.26169 3.89181 2.08987 1.80193 1.36989
internal_count=1060 835 60 775 735 226 509 40 225 56 169 117 56 61 52
is_linear=0
shrinkage=0.05


Tree=278
num_leaves=15
num_cat=0
split_feature=1 0 2 4 0 8 2 4 0 3 1 4 2 4
split_gain=3.80062 2.85689 1.75864 1.46836 1.56249 1.34125 3.96029 3.15145 0.994791 0.746723 0.00670329 0.000604996 0.000404731 4.60585e-05
threshold=24929.570000000003 27649.135000000002 13084.345000000003 38215.000000000007 25832.050000000003 4.5000000000000009 5445.2500000000009 35012.500000000007 27181.225000000002 0.77379361923308843 24656.205000000005 33155.000000000007 10212.045000000002 34732.500000000007
decision_type=2 2 2 2 2 2 2 2 2 2 2 2 2 2
left_child=1 10 9 4 -2 6 -6 -7 -5 -3 11 12 -1 -13
right_child=3 2 -4 8 5 7 -8 -9 -10 -11 -12 13 -14 -15
leaf_value=-0.044292060900545167 -0.028978823545047966 0.066605546909143817 -0.032198524698903962 0.0054427614059283647 0.0098105807210167404 0.044944582525475257 -0.034945749456325524 0.0026472854491463686 -0.038282587612679692 0.011564496720887343 -0.048672359934661971 -0.042644993896971101 -0.043021155231913577 -0.042292078213656797
leaf_weight=0.79863477684557294 2.9851048719137898 1.0069782435894006 1.7264605555683372 2.1571384901180854 30.764253217726946 7.215514516457918 5.8887145686894646 11.301028545945881 3.2766460804268718 1.5878995731472967 0.52433593757450569 1.4090479165315626 2.9054089998826385 2.6884319307282567
leaf_count=15 37 4 15 15 297 77 99 94 36 37 12 55 90 177
internal_value=-0.00104662 -0.0260795 0.00690622 0.0039322 0.00625471 0.00816112 0.00261997 0.0191297 -0.0209242 0.0329239 -0.0431999 -0.0428321 -0.0432952 -0.0424134
internal_weight=76.2356 12.6472 4.32134 63.5884 58.1546 55.1695 36.653 18.5165 5.43378 2.59488 8.32586 7.80152 3.70404 4.09748
internal_count=1060 405 56 655 604 567 396 171 51 41 349 337 105 232
is_linear=0
shrinkage=0.05


Tree=279
num_leaves=15
num_cat=0
split_feature=3 0 3 4 3 5 7 1 1 3 1 4 2 0
split_gain=2.67458 0.704572 0.697777 1.08455 1.43448 1.34551 0.517943 0.0219286 6.09272e-05 1.82231e-05 7.48535e-06 1.75487e-06 1.47589e-06 3.74604e-07
threshold=1.0889260149909588 26653.730000000003 1.2656215416582746 34905.000000000007 1.1850114936235565 1.5000000000000002 3.5000000000000004 33717.05000000001 31427.985000000004 1.1366730878923519 29857.390000000003 34905.000000000007 4433.7400000000007 28583.885000000006
decision_type=2 2 2 2 2 2 2 2 2 2 2 2 2 2
left_child=8 6 3 4 -3 -5 7 9 10 -2 11 12 -1 -13
right_child=1 2 -4 5 -6 -7 -8 -9 -10 -11 -12 13 -14 -15
leaf_value=-0.042037178008105129 -0.042694321239606009 0.03750701659466868 0.042004526089864165 -0.024455235591751726 -0.013113072360951831 0.027774267929633556 0.018416094034762496 -0.059921973891882287 -0.043056022971894627 -0.041942712393715047 -0.042117801497826353 -0.04176501209861383 -0.041844623731994289 -0.041854351789430144
leaf_weight=0.10927056986838968 0.15426723612472304 5.067055974621324 2.049708515405654 3.5376735827885568 1.933630170766264 1.8928704659920184 0.41364712174981833 0.38911101222038269 0.10856582131236781 0.16898285364732146 0.23224950768053521 1.0011241935426367 1.1145913415821267 0.13291158713400353
leaf_count=17 20 48 12 103 29 70 20 2 4 26 22 401 258 28
internal_value=0.00406503 0.0120124 0.0149748 0.0105181 0.0235255 -0.00625012 -0.0260855 -0.0519262 -0.0418956 -0.0423014 -0.041847 -0.0418203 -0.0418618 -0.0417755
internal_weight=18.3057 15.6069 14.4809 12.4312 7.00069 5.43054 1.12601 0.712361 2.69871 0.32325 2.59015 2.3579 1.22386 1.13404
internal_count=1060 330 262 250 77 173 68 48 730 46 726 704 275 429
is_linear=0
shrinkage=0.05


Tree=280
num_leaves=18
num_cat=0
split_feature=1 0 2 2 2 5 0 0 4 0 4 4 0 0 0 2 9
split_gain=0.63873 0.309229 0.571745 1.04384 0.467972 0.206729 0.141364 0.427023 0.00808659 2.13396e-05 3.0149e-07 1.15754e-08 6.20414e-09 4.00115e-09 2.48717e-09 1.97078e-09 1.86466e-09
threshold=29968.010000000006 26893.720000000005 4392.7500000000009 3965.7550000000006 3915.6150000000002 1.5000000000000002 26882.910000000003 26800.980000000003 33030.000000000007 26708.730000000003 28185.000000000004 34905.000000000007 28626.480000000003 25584.195000000003 28192.000000000004 5374.3250000000007 1.0000000180025095e-35
decision_type=2 2 2 2 2 2 2 2 2 2 2 2 2 2 2 2 2
left_child=10 6 3 4 -3 -4 7 9 -5 -2 -1 13 15 16 -15 -13 -12
right_child=1 2 5 8 -6 -7 -8 -9 -10 -11 11 12 -14 14 -16 -17 -18
leaf_value=-0.041817638251873464 -0.041804919189405404 0.0033438857369612143 0.01374898774362651 -0.051856219296774669 0.07673342600877088 0.047294968054578619 0.068930457540893386 0.055748826706562948 -0.042828700794363538 -0.043004690402722388 -0.041728017279298008 -0.041697417525208481 -0.041712817343859419 -0.041701158518279519 -0.041720497143898416 -0.04168635727714607 -0.04170998203414869
leaf_weight=0.059260504669509717 0.10206217993982125 0.80286632094066657 1.1153597227530552 0.51360987871885289 0.29778063297271729 0.78073864284669969 0.29699896043166518 0.3630703438539058 0.47980749886482954 0.058194100274704397 0.025139560224488378 0.051315545337274671 0.030125511984806508 0.18513580679427832 0.018266690807649866 0.18722111481474712 0.033335714251734316
leaf_count=25 44 146 38 3 1 14 2 14 39 9 15 64 27 211 16 361 31
internal_value=0.00739846 0.0134196 0.00767164 -0.0103383 0.0231995 0.0275619 0.0413783 0.0257419 -0.047496 -0.0422406 -0.0417107 -0.0416987 -0.0416914 -0.0417062 -0.0417029 -0.0416887 -0.0417177
internal_weight=5.40029 4.81049 3.99016 2.09406 1.10065 1.8961 0.820326 0.523327 0.993417 0.160256 0.5898 0.53054 0.268662 0.261878 0.203402 0.238537 0.0584753
internal_count=1060 310 241 189 147 52 69 67 42 53 750 725 452 273 227 425 46
is_linear=0
shrinkage=0.05


Tree=281
num_leaves=19
num_cat=0
split_feature=4 1 0 4 0 1 1 0 4 3 2 2 4 1 0 6 7 1
split_gain=1.31772 0.781289 1.19437 0.941357 0.562517 0.00133305 0.000166951 1.09719e-07 5.85587e-08 5.75961e-08 4.92309e-08 2.81503e-08 2.32029e-08 1.46864e-08 8.63892e-09 7.06463e-09 2.73964e-09 2.01429e-09
threshold=33397.500000000007 32231.750000000004 27181.225000000002 28185.000000000004 29238.225000000002 30260.970000000005 30160.145000000004 28031.530000000002 37941.500000000007 1.0587887173290953 5801.1250000000009 4800.8300000000008 34905.000000000007 33605.385000000002 28622.670000000002 5.5000000000000009 3.5000000000000004 30260.970000000005
decision_type=2 2 2 2 2 2 2 2 2 2 2 2 2 2 2 2 2 2
left_child=1 2 5 -4 -5 6 -1 9 14 12 -10 13 16 -11 17 -14 -2 -9
right_child=7 -3 3 4 -6 -7 -8 8 10 11 -12 -13 15 -15 -16 -17 -18 -19
leaf_value=-0.041761107064693909 -0.041721232516281875 0.049840147324360026 0.044849646002766599 -0.044189059545705227 0.024578351538790118 -0.046049694598303416 -0.043923505707752254 -0.041723354501541916 -0.04182942409702893 -0.041728485054633994 -0.041762870416643741 -0.041765521067116874 -0.041721260297234053 -0.041757875337938233 -0.041754332197514003 -0.041702951246641445 -0.041738192975081245 -0.041738051529512626
leaf_weight=0.37704500096151639 0.03501748153939821 1.3010355681180952 1.6963570807129147 0.65602835308527552 0.54395444691181183 0.44335038587450981 0.11694544181227684 0.041040971700567752 0.043989213765598834 0.33306062698829919 0.075438433443196118 0.076199680916033685 0.064749424054753035 0.048724114894866943 0.075842333491891623 0.28279616124927998 0.074392871931195259 0.053971662709955126
leaf_count=179 25 8 17 45 4 5 2 29 14 200 33 36 46 23 37 291 38 28
internal_value=0.00531676 0.0163605 0.00499849 0.0208751 -0.0130167 -0.0440593 -0.042273 -0.0417337 -0.0417605 -0.0417252 -0.0417874 -0.0417378 -0.0417127 -0.0417322 -0.0417417 -0.0417064 -0.0417328 -0.0417317
internal_weight=6.33994 5.13472 3.83368 2.89634 1.19998 0.937341 0.49399 1.20522 0.290283 0.91494 0.119428 0.457984 0.456956 0.381785 0.170855 0.347546 0.10941 0.0950126
internal_count=1060 260 252 66 49 186 181 800 141 659 47 259 400 223 94 337 63 57
is_linear=0
shrinkage=0.05


Tree=282
num_leaves=14
num_cat=0
split_feature=1 4 3 5 0 2 4 4 4 0 7 1 2
split_gain=5.27275 2.50289 2.39884 1.47383 1.38432 1.36206 0.0203764 0.00544759 0.000943954 2.31714e-05 6.02892e-06 1.2519e-05 4.83231e-06
threshold=27280.845000000005 40120.000000000007 0.87118681729126901 1.0000000180025095e-35 28192.000000000004 14674.035000000002 40910.000000000007 38897.500000000007 38897.500000000007 28245.860000000004 4.5000000000000009 29541.940000000006 1618.2000000000003
decision_type=2 2 2 2 2 2 2 2 2 2 2 2 2
left_child=1 2 3 4 -1 -5 8 9 10 -4 12 -12 -2
right_child=6 -3 7 5 -6 -7 -8 -9 -10 -11 11 -13 -14
leaf_value=-0.050491544175212288 -0.042282832717987898 0.05255353896609434 -0.042041285152321389 0.008730266740696796 0.018454927401237643 0.050987599603612578 -0.053759212826449493 -0.047904933132085187 -0.044242190204072322 -0.042596170950686268 -0.042487821861736878 -0.042099435265527799 -0.042058731048413345
leaf_weight=1.8992969295941393 0.25707620335742776 2.8758589252829543 1.7703958253841841 19.090239789336923 1.1805675718933342 2.1185394190251818 0.41841867566108693 0.50780683010816563 0.57341836765408505 0.21051296684890974 0.28913708310574271 0.73469683760777116 3.7417826016899198
leaf_count=38 20 32 203 235 18 27 2 4 9 13 15 69 375
internal_value=-0.000430038 0.00822792 0.0034674 0.00825781 -0.0240631 0.0129513 -0.0431161 -0.0432847 -0.0423203 -0.0421003 -0.0421009 -0.0422091 -0.0420731
internal_weight=35.6677 29.6532 26.7774 24.2886 3.07986 21.2088 6.01453 2.48872 5.59611 1.98091 5.02269 1.02383 3.99886
internal_count=1060 570 538 318 56 262 490 220 488 216 479 84 395
is_linear=0
shrinkage=0.05


Tree=283
num_leaves=19
num_cat=0
split_feature=1 0 3 3 2 2 8 6 7 6 2 0 7 4 7 4 4 4
split_gain=5.40506 1.24498 2.50834 2.11966 2.13501 1.819 1.8517 3.03858 2.45875 0.784628 0.737362 0.00868332 0.000133682 0.000100859 2.73742e-05 2.38079e-05 5.21718e-06 8.06699e-06
threshold=31131.475000000002 27400.215000000004 1.0118370314591323 0.87118681729126901 13084.345000000003 14389.035000000002 4.5000000000000009 5.5000000000000009 2.5000000000000004 2.5000000000000004 8641.9900000000016 27730.680000000004 1.5000000000000002 36890.000000000007 3.5000000000000004 37487.500000000007 35987.500000000007 36384.500000000007
decision_type=2 2 2 2 2 2 2 2 2 2 2 2 2 2 2 2 2 2
left_child=1 5 3 4 -3 6 8 -8 -1 -4 -5 -11 13 -2 16 -16 -14 -18
right_child=12 2 9 10 -6 -7 7 -9 -10 11 -12 -13 14 -15 15 -17 17 -19
leaf_value=0.0035767395187637887 -0.042900645457257962 -0.034659903919175034 -0.0090332713290867117 0.013580660166523104 0.022241229764308798 -0.043294525207263908 0.036845461520105934 -0.0082950707784323913 0.032801987305720037 -0.050682431269572038 0.050611930125898645 -0.045952149157701301 -0.042609675977195727 -0.043630841398561493 -0.04308367826035038 -0.042744808530128159 -0.042896588064845143 -0.04268580019764634
leaf_weight=15.412712255492808 0.84320300817489524 4.5991396289318818 1.907320138067006 4.0320173017680645 2.569581713527441 1.7545092701911915 4.4546113498508957 22.855625603348017 13.500810774043201 1.8303137570619585 2.0165842454880476 2.0644810050725937 0.81692867353558551 1.076864233240485 1.3351119887083771 0.84722999576479185 0.69895995780825604 1.2946153469383717
leaf_count=193 29 53 14 40 17 27 39 164 219 16 23 30 33 27 36 32 21 47
internal_value=-0.000603988 0.00319837 -0.00790222 0.00412834 -0.0142641 0.00683986 0.00840434 -0.000932135 0.0172231 -0.0353081 0.0259268 -0.0481751 -0.0429556 -0.0433102 -0.0428193 -0.0429521 -0.0427161 -0.0427597
internal_weight=83.9106 76.9977 19.0194 13.2173 7.16872 57.9783 56.2238 27.3102 28.9135 5.80211 6.0486 3.89479 6.91291 1.92007 4.99285 2.18234 2.8105 1.99358
internal_count=1060 835 193 133 70 642 615 203 412 60 63 46 225 56 169 68 101 68
is_linear=0
shrinkage=0.05


Tree=284
num_leaves=15
num_cat=0
split_feature=1 0 2 4 0 8 2 4 0 3 1 4 2 4
split_gain=3.52826 2.74773 1.57824 1.36356 1.76375 1.29061 3.79728 3.11505 0.927242 0.669872 0.00602816 0.00052225 0.000348265 4.2247e-05
threshold=24929.570000000003 27649.135000000002 13084.345000000003 38215.000000000007 25612.290000000005 4.5000000000000009 5445.2500000000009 35012.500000000007 27181.225000000002 0.77379361923308843 24656.205000000005 33155.000000000007 10212.045000000002 34732.500000000007
decision_type=2 2 2 2 2 2 2 2 2 2 2 2 2 2
left_child=1 10 9 4 -2 6 -6 -7 -5 -3 11 12 -1 -13
right_child=3 2 -4 8 5 7 -8 -9 -10 -11 -12 13 -14 -15
leaf_value=-0.04417060466511346 -0.046556936019926207 0.064247831350795023 -0.03076672128926905 0.004978807972152507 0.0090816352831765892 0.042729575244869138 -0.034502313042916559 0.0015630299758317323 -0.037644597043708102 0.011478900732581156 -0.048421510176992331 -0.042604413582876706 -0.042958964239318151 -0.042258420046923748
leaf_weight=0.75561831332743024 1.5542338043451298 0.97125387191772494 1.6866683829575775 2.1331666801124802 30.371404452249408 7.6311041712760952 5.9818850364536038 11.551320873200892 3.1752323573455215 1.5794159788638351 0.5054129036143421 1.3520625419914725 2.7568183885887265 2.5391503535211086
leaf_count=15 15 4 15 15 300 82 110 97 36 37 12 55 90 177
internal_value=-0.00107658 -0.0257315 0.00675841 0.00372273 0.00597656 0.00744678 0.00190996 0.0179398 -0.0205165 0.0315725 -0.0431383 -0.0427776 -0.0432196 -0.0423786
internal_weight=74.5447 12.1464 4.23734 62.3983 57.0899 55.5357 36.3533 19.1824 5.3084 2.55067 7.90906 7.40365 3.51244 3.89121
internal_count=1060 405 56 655 604 589 410 179 51 41 349 337 105 232
is_linear=0
shrinkage=0.05


Tree=285
num_leaves=14
num_cat=0
split_feature=1 6 1 0 2 0 4 2 1 4 4 3 1
split_gain=2.53069 0.648548 0.854061 0.977129 1.26337 0.770606 0.345053 0.285743 6.83186e-05 1.54703e-05 1.1124e-06 4.24757e-07 4.04622e-07
threshold=29699.930000000004 3.5000000000000004 34370.070000000007 27853.515000000003 4033.3750000000005 28449.990000000002 34905.000000000007 3039.7650000000003 29581.985000000004 28185.000000000004 34905.000000000007 1.0852513793656897 27854.150000000005
decision_type=2 2 2 2 2 2 2 2 2 2 2 2 2
left_child=8 5 3 4 -3 -2 -7 -5 9 -1 11 -11 -12
right_child=1 2 -4 7 -6 6 -8 -9 -10 10 12 -13 -14
leaf_value=-0.042319102128219543 -0.051926649074034895 -0.021777211914420839 0.052282352763806363 0.049923857531125937 0.019056660074716077 0.030102339323732588 -0.014434069619673903 0.02138038668582487 -0.04292613925964122 -0.041836561483596359 -0.041756813222477096 -0.041952524473782102 -0.041823128779464341
leaf_weight=0.15963748213835405 0.8009295633528376 3.300475786905734 1.4618032202124585 1.4895675424486401 4.4457173636183143 0.85083349724300184 0.88965738704428077 2.1314098904840648 0.15508433338254679 1.0186113236704843 0.82797805825248338 0.085602387087419518 0.31849617545958608
leaf_count=24 17 147 10 9 47 13 38 37 12 247 361 15 83
internal_value=0.00406309 0.0117361 0.0163074 0.0116811 0.00165828 -0.0113397 0.00733741 0.0331224 -0.0419089 -0.0418435 -0.0418097 -0.0418456 -0.0417752
internal_weight=17.9358 15.3704 12.829 11.3672 7.74619 2.54142 1.74049 3.62098 2.56541 2.41033 2.25069 1.10421 1.14647
internal_count=1060 318 250 240 194 68 51 46 742 730 706 262 444
is_linear=0
shrinkage=0.05


Tree=286
num_leaves=14
num_cat=0
split_feature=1 1 4 3 6 7 4 4 0 0 0 2 7
split_gain=0.60999 0.295761 0.875786 0.110244 3.31292e-06 5.94701e-07 2.61528e-07 1.03418e-08 5.47377e-09 3.74198e-09 2.81583e-09 1.72456e-09 1.6354e-09
threshold=29968.010000000006 36139.180000000008 33565.000000000007 1.1109839318008974 1.5000000000000002 1.5000000000000002 28185.000000000004 34905.000000000007 28626.480000000003 25584.195000000003 28208.335000000003 5374.3250000000007 4.5000000000000009
decision_type=2 2 2 2 2 2 2 2 2 2 2 2 2
left_child=6 2 3 -2 -4 -6 -1 9 11 12 -11 -9 -8
right_child=1 -3 4 -5 5 -7 7 8 -10 10 -12 -13 -14
leaf_value=-0.041810867186182252 0.028131033224995668 0.056212595315551096 -0.042063384035244469 0.010769395974545879 -0.041869100994760405 -0.041758514226838912 -0.041725745894674302 -0.04169596962838331 -0.041710849362564105 -0.041699462138714484 -0.041721366512955882 -0.041685362942296376 -0.041708520056444279
leaf_weight=0.056404668488539644 1.8485240722075107 0.37256205081939686 0.14706334774382401 1.8093121284618972 0.18360867048613727 0.35981105105020106 0.024200239917263389 0.048879966809181497 0.02865424330229871 0.17702804924920201 0.015997703158063814 0.17743890528799966 0.031995209748856723
leaf_count=25 23 2 19 20 46 200 15 64 27 213 14 361 31
internal_value=0.00760169 0.0134573 0.00979399 0.0195433 -0.0418529 -0.0417959 -0.0417088 -0.0416973 -0.0416903 -0.0417046 -0.0417013 -0.0416877 -0.0417159
internal_weight=5.28148 4.72088 4.34832 3.65784 0.690483 0.54342 0.560599 0.504194 0.254973 0.249221 0.193026 0.226319 0.0561954
internal_count=1060 310 308 43 265 246 750 725 452 273 227 425 46
is_linear=0
shrinkage=0.05


Tree=287
num_leaves=16
num_cat=0
split_feature=1 2 2 2 3 4 4 4 0 3 7 2 0 1 7
split_gain=1.25828 1.10214 0.506 1.18292 0.77435 0.000644788 1.30302e-06 1.03664e-07 4.61994e-08 2.28847e-08 3.28274e-08 2.10432e-08 1.39125e-08 1.38538e-08 7.00695e-09
threshold=30129.380000000005 3965.7550000000006 4063.2400000000002 4736.2000000000007 1.196563476064014 33565.000000000007 28185.000000000004 34905.000000000007 28626.480000000003 1.018842598292325 1.0000000180025095e-35 1618.2000000000003 26699.275000000005 27985.200000000004 3.5000000000000004
decision_type=2 2 2 2 2 2 2 2 2 2 2 2 2 2 2
left_child=6 5 -3 4 -4 -2 -1 9 13 10 -8 -7 -11 -9 -13
right_child=1 2 3 -5 -6 11 7 8 -10 12 -12 14 -14 -15 -16
leaf_value=-0.041913778404793822 -0.044840179602793184 0.053474908113357644 -0.04438618193898175 0.046242060714185761 0.027296649222622385 -0.041763012113544794 -0.041774367586916161 -0.041703649951476372 -0.041754908259407475 -0.041774937173759817 -0.041733122843033467 -0.041717913336974714 -0.041742316264983766 -0.041723130947615261 -0.041734038482302567
leaf_weight=0.10621255799196649 0.35064143687486637 1.1849247204372657 0.93531209486536704 1.5359852110268546 0.63085265527479351 0.04122480790829286 0.056902384501881675 0.33890142146265134 0.061826399818528444 0.08957850222941488 0.31703797553200275 0.15969046688405797 0.051463039708323777 0.12489313766127452 0.11653046286664903
leaf_count=26 5 17 41 30 10 20 20 350 28 35 192 113 27 84 62
internal_value=0.0054491 0.0163721 0.0256809 0.0150645 -0.0155123 -0.0433622 -0.041747 -0.0417299 -0.0417143 -0.0417459 -0.0417394 -0.0417297 -0.041763 -0.0417089 -0.0417247
internal_weight=6.10198 4.95516 4.28707 3.10215 1.56616 0.668087 1.14682 1.0406 0.525621 0.514982 0.37394 0.317446 0.141042 0.463795 0.276221
internal_count=1060 298 98 81 51 200 762 736 462 274 212 195 62 434 175
is_linear=0
shrinkage=0.05


Tree=288
num_leaves=13
num_cat=0
split_feature=1 4 3 4 2 4 4 2 8 7 1 2
split_gain=4.94792 2.37008 2.24032 1.58446 1.11926 1.27356 0.0156575 0.00133979 0.00081523 5.17642e-06 1.08732e-05 4.82253e-06
threshold=27280.845000000005 40120.000000000007 0.7870816554390635 38897.500000000007 14674.035000000002 32625.000000000004 40910.000000000007 12741.340000000002 3.5000000000000004 4.5000000000000009 29541.940000000006 1618.2000000000003
decision_type=2 2 2 2 2 2 2 2 2 2 2 2
left_child=1 2 4 7 5 -1 8 -4 -2 11 -11 -10
right_child=6 -3 3 -5 -6 -7 -8 -9 9 10 -12 -13
leaf_value=-0.020562930714573251 -0.044115905402762064 0.051991255138361059 -0.042164272732206451 0.017523029301606634 0.038699925261122557 0.012600237196922316 -0.052605510168453579 -0.044518457206276597 -0.042268569730700263 -0.042451333988150042 -0.042079413549566798 -0.042039910946076273
leaf_weight=3.628362795338048 0.54888864234089751 2.7572832666337481 3.0988134939689185 1.5302162691950796 3.0410020388662806 14.322891275398431 0.39528299868106831 0.75078269932419051 0.24660218413919244 0.27348149847239245 0.69828544277697802 3.5511750059667975
leaf_count=51 9 32 322 17 32 100 2 16 20 15 69 375
internal_value=-0.000461559 0.00788326 0.00327163 -0.0255156 0.0106491 0.0058972 -0.0430047 -0.0426234 -0.0422911 -0.0420811 -0.0421841 -0.0420548
internal_weight=34.8431 29.1294 26.3721 5.37981 20.9923 17.9513 5.71372 3.8496 5.31843 4.76954 0.971767 3.79778
internal_count=1060 570 538 355 183 151 490 338 488 479 84 395
is_linear=0
shrinkage=0.05


Tree=289
num_leaves=20
num_cat=0
split_feature=1 0 3 3 2 2 8 6 7 6 1 1 0 7 4 7 4 4 4
split_gain=5.10234 1.17178 2.33766 2.29488 1.86991 1.60601 1.78468 2.80246 2.10886 0.934928 0.545696 0.0853011 0.00666443 0.000124479 9.52045e-05 2.55778e-05 2.12088e-05 5.90557e-06 6.94085e-06
threshold=31131.475000000002 27400.215000000004 1.0046644069458952 0.87118681729126901 13084.345000000003 13883.210000000001 4.5000000000000009 5.5000000000000009 2.5000000000000004 2.5000000000000004 27369.860000000004 18084.100000000002 27730.680000000004 1.5000000000000002 36890.000000000007 3.5000000000000004 37487.500000000007 35987.500000000007 36384.500000000007
decision_type=2 2 2 2 2 2 2 2 2 2 2 2 2 2 2 2 2 2 2
left_child=1 5 3 4 -3 6 8 -8 -1 -4 -5 -7 -11 14 -2 17 -17 -15 -19
right_child=13 2 9 10 -6 11 7 -9 -10 12 -12 -13 -14 15 -16 16 -18 18 -20
leaf_value=0.0042482040514550904 -0.042835908494005155 -0.032956411633136805 -0.0083227638527478814 0.017006502487996091 0.020704433983248276 -0.04359668867832283 0.035955037480699906 -0.0078958928727314841 0.031872874970383581 -0.049831122332003625 0.050248218561766728 -0.02403240681190209 -0.045692582566724954 -0.042540380136231792 -0.043563914633014102 -0.043018903288346247 -0.042691275647594541 -0.042835369987173605 -0.042635056692386208
leaf_weight=14.724399184808137 0.79577633645385404 4.4962172564119118 2.4624177683144799 3.0682541523128748 2.540958110243082 1.2378394976258271 4.3413876947015551 22.666300099343061 13.015439450740812 1.870799099095166 2.0658386722207069 1.0131594277918337 2.0264850724488497 0.75994558632373821 1.03079925943166 1.2769520170986655 0.80559105612337578 0.66603854298591603 1.2330379150807858
leaf_count=176 29 53 18 42 17 30 39 164 217 18 14 16 31 33 27 36 32 21 47
internal_value=-0.000626625 0.00304918 -0.00787323 0.00496373 -0.0135807 0.0066002 0.00830203 -0.000847015 0.0172096 -0.0324407 0.0303822 -0.0347909 -0.0476792 -0.042896 -0.0432467 -0.0427609 -0.0428922 -0.0426582 -0.0427053
internal_weight=82.0976 75.5295 18.531 12.1713 7.03718 56.9985 54.7475 27.0077 27.7398 6.3597 5.13409 2.251 3.89728 6.56814 1.82658 4.74157 2.08254 2.65902 1.89908
internal_count=1060 835 193 126 70 642 596 203 393 67 56 46 49 225 56 169 68 101 68
is_linear=0
shrinkage=0.05


Tree=290
num_leaves=14
num_cat=0
split_feature=1 0 2 4 0 4 4 0 3 1 4 2 8
split_gain=3.30318 2.6073 1.39116 1.262 1.39596 1.18357 2.49502 0.847273 0.373039 0.00556365 0.000445575 0.000322127 3.67533e-05
threshold=24929.570000000003 27649.135000000002 13084.345000000003 38215.000000000007 25832.050000000003 29177.500000000004 33155.000000000007 27181.225000000002 0.7939045527511005 24656.205000000005 33155.000000000007 10147.185000000003 4.5000000000000009
decision_type=2 2 2 2 2 2 2 2 2 2 2 2 2
left_child=1 9 8 4 -2 -6 -7 -5 -3 10 11 -1 -12
right_child=3 2 -4 7 5 6 -8 -9 -10 -11 12 -13 -14
leaf_value=-0.044143453821797747 -0.028133089945708845 0.05266575898995645 -0.029423508198253442 0.0042444212342701336 -0.023144520712155024 0.041569837084657967 0.0055482262115087904 -0.036893198514290827 0.013551623623083995 -0.048248970663823054 -0.042223076090534807 -0.042900844979568781 -0.042549207254962328
leaf_weight=0.64813678525388096 2.8806682638823977 1.0352833829820158 1.6509755328297613 2.1202661581337443 2.9551676511764517 5.3856659047305575 44.75268095638603 3.0552735989913344 1.4824260864406822 0.48718388285487879 2.309718070551753 2.6704779705032706 1.3800337361171844
leaf_count=13 37 8 15 15 20 56 491 36 33 12 172 92 60
internal_value=-0.00106941 -0.025453 0.00624556 0.00358173 0.00576589 0.00760513 0.00941753 -0.0200403 0.0296354 -0.0430823 -0.0427232 -0.0431435 -0.0423451
internal_weight=72.814 11.6642 4.16869 61.1497 55.9742 53.0935 50.1383 5.17554 2.51771 7.49555 7.00837 3.31861 3.68975
internal_count=1060 405 56 655 604 567 547 51 41 349 337 105 232
is_linear=0
shrinkage=0.05


Tree=291
num_leaves=15
num_cat=0
split_feature=3 0 2 4 5 4 2 1 1 1 1 4 2 0
split_gain=2.40748 0.630681 0.645672 1.20578 1.51848 1.28622 0.490135 0.027437 0.000303344 5.49056e-05 6.52982e-06 1.36314e-06 1.19256e-06 2.8414e-07
threshold=1.0889260149909588 26653.730000000003 1385.7350000000004 34905.000000000007 1.5000000000000002 34732.500000000007 4279.2800000000016 34039.485000000008 33534.480000000003 31427.985000000004 29857.390000000003 34905.000000000007 4416.5500000000011 28583.885000000006
decision_type=2 2 2 2 2 2 2 2 2 2 2 2 2 2
left_child=9 6 -3 5 -5 -4 7 8 -2 10 11 12 -1 -13
right_child=1 2 3 4 -6 -7 -8 -9 -10 -11 -12 13 -14 -15
leaf_value=-0.042012378212484575 -0.041871649622694004 0.038589607862371471 0.0094368941175754454 -0.03055489221541104 0.026777674798403667 0.057328601555420557 0.019068587261212494 -0.063521459580039935 -0.044657642965248524 -0.04300549611170059 -0.042093135182945988 -0.041755586404485186 -0.041829210005397584 -0.041837566361706158
leaf_weight=0.097462686477232885 0.24441949627362081 2.3003917858004561 4.8688901439309102 3.0995534171815962 1.8407813303638247 1.9688710644841192 0.391639469191432 0.27081689238548279 0.16277127526700497 0.10442309919744719 0.21984117431566108 0.90035324846394338 1.0070982071338219 0.11975387600250542
leaf_count=16 51 13 68 102 70 9 9 1 7 4 22 401 259 28
internal_value=0.00411251 0.0115485 0.0143607 0.00962848 -0.00919263 0.0232269 -0.0254644 -0.0511881 -0.0429853 -0.0418837 -0.0418337 -0.0418069 -0.0418454 -0.0417652
internal_weight=17.5971 15.1481 14.0785 11.7781 4.94033 6.83776 1.06965 0.678008 0.407191 2.44893 2.34451 2.12467 1.10456 1.02011
internal_count=1060 330 262 249 172 77 68 59 58 730 726 704 275 429
is_linear=0
shrinkage=0.05


Tree=292
num_leaves=16
num_cat=0
split_feature=1 0 2 2 2 5 0 1 4 4 0 0 0 2 7
split_gain=0.575733 0.290116 0.514695 0.963615 0.424913 0.200901 0.121318 0.00498711 2.2094e-07 9.17888e-09 4.71818e-09 3.64686e-09 2.67088e-09 1.40175e-09 1.35105e-09
threshold=29968.010000000006 26893.720000000005 4392.7500000000009 3965.7550000000006 3915.6150000000002 1.5000000000000002 26882.910000000003 30656.785000000003 28185.000000000004 34905.000000000007 28626.480000000003 25584.195000000003 28208.335000000003 5374.3250000000007 4.5000000000000009
decision_type=2 2 2 2 2 2 2 2 2 2 2 2 2 2 2
left_child=8 6 3 4 -3 -4 -2 -5 -1 11 13 14 -13 -11 -10
right_child=1 2 5 7 -6 -7 -8 -9 9 10 -12 12 -14 -15 -16
leaf_value=-0.041803582983594836 0.025891922953440772 0.0030216131062073739 0.012855409654703567 -0.050895146867770115 0.073427099046170258 0.046351068132149224 0.066346996839346598 -0.043580867489100061 -0.041723441216515132 -0.041694331168487891 -0.041708745851165532 -0.041697721637113452 -0.041719447248330627 -0.041684494702416607 -0.041707495056388856
leaf_weight=0.052959973458200582 0.50775413861265395 0.78667371644405715 1.0900274491868911 0.4565943635534494 0.29453957080841064 0.75962199113564555 0.29183046659454703 0.47600333567243069 0.023263478884473443 0.0461466996348463 0.027118308906210586 0.16671050136210397 0.015458303270861506 0.16834702968480997 0.030961849319282919
leaf_count=25 67 146 38 7 1 14 2 35 15 64 27 213 14 361 31
internal_value=0.00762554 0.0132428 0.00756917 -0.00992092 0.0222012 0.0266116 0.0406571 -0.0471619 -0.0417067 -0.0416959 -0.0416891 -0.041703 -0.0416996 -0.0416866 -0.0417143
internal_weight=5.19401 4.66305 3.86346 2.01381 1.08121 1.84965 0.799585 0.932598 0.530966 0.478006 0.241612 0.236394 0.182169 0.214494 0.0542253
internal_count=1060 310 241 189 147 52 69 42 750 725 452 273 227 425 46
is_linear=0
shrinkage=0.05


Tree=293
num_leaves=20
num_cat=0
split_feature=4 1 0 4 0 1 2 0 4 5 3 4 2 2 6 1 7 6 3
split_gain=1.20877 0.69415 1.09103 0.827914 0.518078 0.00101407 1.1036e-07 1.09196e-07 4.992e-08 7.53328e-08 2.81775e-08 1.91677e-08 1.68006e-08 3.87055e-08 1.20146e-08 1.08292e-08 9.27946e-09 4.29336e-09 1.44804e-09
threshold=33397.500000000007 32231.750000000004 27181.225000000002 28185.000000000004 29238.225000000002 30160.145000000004 4205.3100000000004 27546.900000000005 37941.500000000007 1.0000000180025095e-35 1.0650522376330858 34905.000000000007 8590.3300000000017 5090.5800000000008 7.5000000000000009 33605.385000000002 4.5000000000000009 5.5000000000000009 0.98136493734095998
decision_type=2 2 2 2 2 2 2 2 2 2 2 2 2 2 2 2 2 2 2
left_child=1 2 5 -4 -5 6 -1 10 12 -10 11 18 13 -9 -11 16 -12 -13 -2
right_child=7 -3 3 4 -6 -7 -8 8 9 14 15 17 -14 -15 -16 -17 -18 -19 -20
leaf_value=-0.041821873608339451 -0.04172362468528399 0.049104708777048797 0.043934468027188776 -0.04392338164200392 0.024133225917405771 -0.04527057755218953 -0.041741336482993496 -0.041733654422118321 -0.041803443445595292 -0.041750661517866335 -0.041720734998552417 -0.041718160026607311 -0.041708961389019195 -0.041790509862304703 -0.041703155956455587 -0.041756811811790535 -0.041741968206746617 -0.041699597384059039 -0.041736794935693246
leaf_weight=0.049831854994409119 0.061667214380576985 1.2174299806356428 1.6021770373918118 0.5971801920677533 0.52589322626590729 0.51483336091041565 0.29054119705688208 0.17798473505536094 0.086452164803631604 0.027751325629651546 0.22491310874465853 0.035642885835841298 0.04298487474443391 0.035986640839837492 0.025575179723091424 0.030701922310981899 0.066719469497911632 0.2471186832699459 0.03154710924718529
leaf_count=14 41 8 17 45 4 7 165 102 28 14 158 28 38 17 27 15 32 283 17
internal_value=0.0056711 0.0164896 0.00539978 0.0208612 -0.012055 -0.0438706 -0.0417531 -0.0417296 -0.0417506 -0.0417746 -0.0417177 -0.0417084 -0.0417375 -0.0417432 -0.0417279 -0.0417286 -0.0417256 -0.0417019 -0.0417281
internal_weight=5.89293 4.79789 3.58046 2.72525 1.12307 0.855206 0.340373 1.09505 0.396735 0.139779 0.69831 0.375976 0.256956 0.213971 0.0533265 0.322335 0.291633 0.282762 0.0932143
internal_count=1060 260 252 66 49 186 179 800 226 69 574 369 157 119 41 205 190 311 58
is_linear=0
shrinkage=0.05


Tree=294
num_leaves=14
num_cat=0
split_feature=3 0 4 1 8 5 7 4 7 1 4 1 6
split_gain=4.65284 1.48871 1.51925 2.07432 1.45864 1.08465 0.989504 0.000321538 7.45483e-06 6.57841e-06 5.34445e-06 2.35696e-06 6.1764e-07
threshold=0.9674788135492739 24614.640000000003 36337.500000000007 16485.380000000001 4.5000000000000009 1.0000000180025095e-35 1.0000000180025095e-35 40120.000000000007 4.5000000000000009 29541.940000000006 38215.000000000007 27016.485000000004 5.5000000000000009
decision_type=2 2 2 2 2 2 2 2 2 2 2 2 2
left_child=1 -1 3 -3 -5 -4 -7 8 10 -10 11 -2 -11
right_child=7 2 5 4 -6 6 -8 -9 9 12 -12 -13 -14
leaf_value=0.071904565246840954 -0.041891694804952993 0.053522296182207635 -0.011953015475280403 -0.027087696121102397 0.0037529472306425896 0.048065039827943898 0.01293734212785907 -0.04370227301547977 -0.04230157047594274 -0.042127887750494988 -0.042251922041785697 -0.042020230477049475 -0.042026472398784806
leaf_weight=0.87513035535812633 0.39719880488701109 1.4746402539312899 1.9831371614709485 6.3427278199233124 9.6927241599187255 3.7581046745181066 4.2968961861915886 0.31286161392927159 0.49922987446188904 0.22901775315403938 0.23648253036662925 3.4937754939310253 0.4358405782841146
leaf_count=3 69 15 37 203 67 46 97 6 37 20 20 391 49
internal_value=-0.000507188 0.00770274 0.00566323 -0.00322714 -0.00844589 0.0211712 0.0293264 -0.0421447 -0.0420527 -0.0421644 -0.0420211 -0.0420071 -0.0420614
internal_weight=34.0278 28.4234 27.5482 17.5101 16.0355 10.0381 8.055 5.60441 5.29155 1.16409 4.12746 3.89097 0.664858
internal_count=1060 468 465 285 270 180 143 592 586 106 480 460 69
is_linear=0
shrinkage=0.05


Tree=295
num_leaves=21
num_cat=0
split_feature=1 4 1 4 4 2 0 7 3 2 1 1 7 7 7 4 7 4 4 4
split_gain=4.84623 1.12567 2.68993 1.57545 3.08808 3.15288 2.90106 0.934396 2.6849 2.62413 0.0398402 0.0208385 0.00250087 0.000159132 0.000114677 8.82981e-05 2.24373e-05 1.84571e-05 5.3284e-06 6.03128e-06
threshold=31131.475000000002 34905.000000000007 27813.615000000005 37941.500000000007 37332.500000000007 5374.3250000000007 28626.480000000003 4.5000000000000009 0.95150767645039214 11967.715000000002 29541.940000000006 27241.350000000002 4.5000000000000009 2.5000000000000004 1.5000000000000002 36890.000000000007 3.5000000000000004 37487.500000000007 35987.500000000007 36384.500000000007
decision_type=2 2 2 2 2 2 2 2 2 2 2 2 2 2 2 2 2 2 2 2
left_child=1 2 7 4 5 -3 11 8 -1 -9 -6 -5 13 -4 15 -2 18 -18 -16 -20
right_child=14 3 12 6 10 -7 -8 9 -10 -11 -12 -13 -14 -15 16 -17 17 -19 19 -21
leaf_value=0.0042457283940782412 -0.042780387580014637 -0.010236754591886757 -0.042943649900941065 -0.043681231872035438 0.045769736408780515 0.023034093169990652 0.017416778586890534 0.038116934212248821 -0.043675115207631968 -0.0068009415565129551 0.055727176798106973 -0.051687547387706825 -0.046193439620018005 -0.043770455708820648 -0.042496439358788884 -0.043498586199995096 -0.042956639483634686 -0.042643675986832753 -0.042781181535709305 -0.042590192235054759
leaf_weight=12.492222744971519 0.7549522342160333 14.131933838129045 0.98828733526170198 1.7025754842907184 3.8627651631832114 14.352388069033621 3.6478835940361023 5.3391422852873793 3.8157533369958392 8.3158491961657983 1.3575859218835828 1.5549850016832349 1.2423037234693768 1.4154588207602499 0.71994618140161049 0.98806026019155979 1.2211970463395116 0.76698669418692578 0.63673966005444516 1.1782967671751976
leaf_count=92 29 93 33 37 74 268 22 74 33 45 6 9 21 28 33 27 36 32 21 47
internal_value=-0.000617887 0.00294709 -0.00382162 0.0085489 0.0130065 0.00652742 -0.0132084 0.00111275 -0.00696683 0.0107621 0.0483592 -0.047503 -0.0443719 -0.0434305 -0.0428429 -0.0431875 -0.0427102 -0.0428359 -0.0426115 -0.0426572
internal_weight=80.4853 74.2191 33.609 40.6101 33.7047 28.4843 6.90544 29.963 16.308 13.655 5.22035 3.25756 3.64605 2.40375 6.26618 1.74301 4.52317 1.98818 2.53498 1.81504
internal_count=1060 835 326 509 441 361 68 244 125 119 80 46 82 61 225 56 169 68 101 68
is_linear=0
shrinkage=0.05


Tree=296
num_leaves=16
num_cat=0
split_feature=1 0 0 4 3 2 4 7 2 3 1 1 4 2 8
split_gain=3.0972 2.48425 1.49198 1.42152 3.02602 4.44794 2.80772 2.76509 1.21614 0.348618 0.00724466 0.00511984 0.000383564 0.000274997 3.22796e-05
threshold=24929.570000000003 27649.135000000002 25612.290000000005 37217.000000000007 1.0691500938204357 5988.3750000000009 37162.000000000007 1.5000000000000002 13084.345000000003 0.7939045527511005 28434.440000000002 24656.205000000005 33155.000000000007 10212.045000000002 4.5000000000000009
decision_type=2 2 2 2 2 2 2 2 2 2 2 2 2 2 2
left_child=1 11 -2 6 10 -6 7 -4 9 -3 -5 12 13 -1 -14
right_child=2 8 3 4 5 -7 -8 -9 -10 -11 -12 -13 14 -15 -16
leaf_value=-0.043957844779606167 -0.045633666475028638 0.05030040898640923 -0.019053743013632267 -0.044500925746523937 -0.0087784932806674598 0.074407547583983352 0.052923284408371699 0.012821222563222016 -0.028047629733016735 0.012227817160007062 -0.049102366284708106 -0.048075599336794179 -0.042195856197707146 -0.042827037400692138 -0.042509152355516271
leaf_weight=0.68851117230951642 1.5085403211414803 1.0134948045015337 8.7615658268332464 2.6990136392414565 10.06760163977742 1.9121391624212254 3.4221346825361243 30.448391178622842 1.6093930117785928 1.4782388899475334 1.2522937953472135 0.46965607535094012 2.182428621686995 2.4535499876365066 1.319088524207473
leaf_count=15 15 8 128 63 106 9 20 305 15 33 9 12 172 90 60
internal_value=-0.00104025 -0.0251615 0.00346279 0.00472747 -0.00801579 0.0044992 0.00948946 0.00569868 0.00583137 0.0277136 -0.0459593 -0.0430304 -0.0426738 -0.0430748 -0.0423139
internal_weight=71.286 11.2144 60.0717 58.5631 15.931 11.9797 42.6321 39.21 4.10113 2.49173 3.95131 7.11323 6.64358 3.14206 3.50152
internal_count=1060 405 655 640 187 115 453 433 56 41 72 349 337 105 232
is_linear=0
shrinkage=0.05


Tree=297
num_leaves=15
num_cat=0
split_feature=3 0 3 4 3 5 2 1 7 1 1 4 2 0
split_gain=2.26017 0.58406 0.600095 1.03059 1.22258 1.21168 0.466882 0.0233615 0.000342396 4.73967e-05 5.31162e-06 1.23195e-06 1.14363e-06 2.23184e-07
threshold=1.0889260149909588 26653.730000000003 1.2656215416582746 34905.000000000007 1.1850114936235565 1.5000000000000002 4279.2800000000016 34039.485000000008 1.0000000180025095e-35 31427.985000000004 29857.390000000003 34905.000000000007 4416.5500000000011 28583.885000000006
decision_type=2 2 2 2 2 2 2 2 2 2 2 2 2 2
left_child=9 6 3 4 -3 -5 7 8 -2 10 11 12 -1 -13
right_child=1 2 -4 5 -6 -7 -8 -9 -10 -11 -12 13 -14 -15
leaf_value=-0.042005417231836949 -0.045054262624909712 0.035516201607776715 0.040138961826735688 -0.024570703720531346 -0.012349482179459777 0.025937892889862837 0.018421041607918093 -0.062192224778501795 -0.041895810070251345 -0.042945319637137103 -0.042066498112070062 -0.041751349261167837 -0.041822000794297334 -0.041826311675741711
leaf_weight=0.093287511263046463 0.12813231348991283 4.952599239535628 1.8803493380546559 3.3994334111921489 1.8258642130531368 1.8247965099290011 0.38918205490335822 0.26533392071723938 0.25976022914983332 0.098703186959028133 0.20743891806341697 0.85415063216350962 0.95507955690845847 0.11235319403931499
leaf_count=16 9 48 12 103 29 70 9 1 49 4 22 401 259 28
internal_value=0.00402706 0.0111649 0.0138751 0.00976064 0.022623 -0.00692831 -0.0249311 -0.0507595 -0.0429391 -0.0418732 -0.0418256 -0.0418008 -0.0418383 -0.0417601
internal_weight=17.2465 14.9255 13.883 12.0027 6.77846 5.22423 1.04241 0.653226 0.387893 2.32101 2.22231 2.01487 1.04837 0.966504
internal_count=1060 330 262 250 77 173 68 59 58 730 726 704 275 429
is_linear=0
shrinkage=0.05


Tree=298
num_leaves=16
num_cat=0
split_feature=1 0 2 2 2 5 0 1 4 4 0 0 0 7 2
split_gain=0.542958 0.262682 0.481641 0.905391 0.389307 0.192006 0.115104 0.00439843 2.00529e-07 8.16356e-09 3.76325e-09 3.6426e-09 2.16218e-09 1.19689e-09 1.14888e-09
threshold=29968.010000000006 26893.720000000005 4392.7500000000009 3965.7550000000006 3915.6150000000002 1.5000000000000002 26882.910000000003 30656.785000000003 28185.000000000004 34905.000000000007 28626.480000000003 25584.195000000003 28208.335000000003 4.5000000000000009 5374.3250000000007
decision_type=2 2 2 2 2 2 2 2 2 2 2 2 2 2 2
left_child=8 6 3 4 -3 -4 -2 -5 -1 11 14 13 -13 -10 -11
right_child=1 2 5 7 -6 -7 -8 -9 9 10 -12 12 -14 -15 -16
leaf_value=-0.041799721581412035 0.024816295675511607 0.002883234885162695 0.012520593675157815 -0.050509064027711263 0.070712992981924488 0.045498295524538719 0.064405536551104203 -0.043479494363157983 -0.041721594836151427 -0.041692831662170603 -0.041706039037056442 -0.041696110372397448 -0.041716284645797463 -0.041706324186444849 -0.041683676995417279
leaf_weight=0.050364244962111004 0.50817111390642811 0.7786699964781294 1.0812643510289488 0.439722136594355 0.29044425487518311 0.74584123963722948 0.28746107313781977 0.45051256543956697 0.022474649478681386 0.043630911386571825 0.025439210527110845 0.15726243527024053 0.014506213803542778 0.029905554547440261 0.15975627435545903
leaf_count=25 67 146 38 7 1 14 2 35 15 64 27 213 14 31 361
internal_value=0.00758855 0.0130034 0.00751569 -0.00970462 0.0213104 0.0259824 0.0391198 -0.0469517 -0.0417051 -0.0416946 -0.0416879 -0.0417013 -0.0416978 -0.0417129 -0.0416856
internal_weight=5.08543 4.58209 3.78645 1.95935 1.06911 1.82711 0.795632 0.890235 0.503339 0.452975 0.228826 0.224149 0.171769 0.0523802 0.203387
internal_count=1060 310 241 189 147 52 69 42 750 725 452 273 227 46 425
is_linear=0
shrinkage=0.05


Tree=299
num_leaves=20
num_cat=0
split_feature=4 1 0 4 0 1 0 2 4 5 3 4 2 2 6 1 7 6 3
split_gain=1.15369 0.65482 1.02756 0.753698 0.495882 0.000841347 9.65729e-08 9.61966e-08 4.4388e-08 6.75071e-08 2.41973e-08 1.6438e-08 1.46378e-08 3.39441e-08 1.00357e-08 9.10481e-09 6.89979e-09 3.76141e-09 1.26089e-09
threshold=33397.500000000007 32231.750000000004 27181.225000000002 28185.000000000004 29238.225000000002 30160.145000000004 27546.900000000005 4205.3100000000004 37941.500000000007 1.0000000180025095e-35 1.0650522376330858 34905.000000000007 8590.3300000000017 5090.5800000000008 7.5000000000000009 33554.420000000006 4.5000000000000009 5.5000000000000009 0.98136493734095998
decision_type=2 2 2 2 2 2 2 2 2 2 2 2 2 2 2 2 2 2 2
left_child=1 2 5 -4 -5 7 10 -1 12 -10 11 18 13 -8 -11 16 -12 -13 -2
right_child=6 -3 3 4 -6 -7 8 -9 9 14 15 17 -14 -15 -16 -17 -18 -19 -20
leaf_value=-0.041815712733703714 -0.041720883600357181 0.048750200363294992 0.042811891801304847 -0.043815560477422834 0.023892044325125966 -0.045041050246005229 -0.041730755615552916 -0.041738357299040803 -0.04179809700960662 -0.041745866635801543 -0.041718300544178549 -0.041715913289474355 -0.041707254072973869 -0.041785322537467411 -0.041700993729745096 -0.041749862370684059 -0.041737419800862957 -0.041698066812559401 -0.041733484399089103
leaf_weight=0.047045157174580132 0.058345064288005011 1.1758009791374204 1.5657310578972103 0.56535203964449443 0.51837538182735443 0.48704543709754944 0.17006466566817835 0.2758132028975524 0.082509797299280763 0.026099801063537598 0.21140656841453165 0.033778114186134189 0.041273001814261079 0.034237762563861907 0.023842185677494854 0.034418205206748098 0.060747787589207292 0.23446797323413193 0.030092154745943844
leaf_count=14 41 8 17 45 4 7 102 165 28 14 156 28 38 17 27 18 31 283 17
internal_value=0.00583122 0.0165151 0.00555868 0.0206252 -0.0114292 -0.043729 -0.0417268 -0.0417496 -0.041747 -0.0417703 -0.0417153 -0.0417065 -0.0417344 -0.0417399 -0.0417244 -0.0417256 -0.0417226 -0.0417003 -0.0417252
internal_weight=5.67645 4.63516 3.45936 2.64946 1.08373 0.809904 1.04128 0.322858 0.378027 0.132452 0.663256 0.356683 0.245575 0.204302 0.049942 0.306573 0.272154 0.268246 0.0884372
internal_count=1060 260 252 66 49 186 800 179 226 69 574 369 157 119 41 205 187 311 58
is_linear=0
shrinkage=0.05


end of trees

feature_importances:
thermal_on_capacity=1219
net_load=1014
renewable_power=725
total_load=550
thermal_space_load_ratio=482
weekday=322
period=187
hour=126
month=71
is_weekend=6

parameters:
[boosting: gbdt]
[objective: multiclass]
[metric: multi_logloss]
[tree_learner: serial]
[device_type: cpu]
[data_sample_strategy: bagging]
[data: ]
[valid: ]
[num_iterations: 400]
[learning_rate: 0.05]
[num_leaves: 31]
[num_threads: 0]
[seed: 42]
[deterministic: 0]
[force_col_wise: 0]
[force_row_wise: 0]
[histogram_pool_size: -1]
[max_depth: 5]
[min_data_in_leaf: 20]
[min_sum_hessian_in_leaf: 0.001]
[bagging_fraction: 1]
[pos_bagging_fraction: 1]
[neg_bagging_fraction: 1]
[bagging_freq: 0]
[bagging_seed: 400]
[bagging_by_query: 0]
[feature_fraction: 1]
[feature_fraction_bynode: 1]
[feature_fraction_seed: 30056]
[extra_trees: 0]
[extra_seed: 12879]
[early_stopping_round: 0]
[early_stopping_min_delta: 0]
[first_metric_only: 0]
[max_delta_step: 0]
[lambda_l1: 0]
[lambda_l2: 0]
[linear_lambda: 0]
[min_gain_to_split: 0]
[drop_rate: 0.1]
[max_drop: 50]
[skip_drop: 0.5]
[xgboost_dart_mode: 0]
[uniform_drop: 0]
[drop_seed: 17869]
[top_rate: 0.2]
[other_rate: 0.1]
[min_data_per_group: 100]
[max_cat_threshold: 32]
[cat_l2: 10]
[cat_smooth: 10]
[max_cat_to_onehot: 4]
[top_k: 20]
[monotone_constraints: ]
[monotone_constraints_method: basic]
[monotone_penalty: 0]
[feature_contri: ]
[forcedsplits_filename: ]
[refit_decay_rate: 0.9]
[cegb_tradeoff: 1]
[cegb_penalty_split: 0]
[cegb_penalty_feature_lazy: ]
[cegb_penalty_feature_coupled: ]
[path_smooth: 0]
[interaction_constraints: ]
[verbosity: -1]
[saved_feature_importance_type: 0]
[use_quantized_grad: 0]
[num_grad_quant_bins: 4]
[quant_train_renew_leaf: 0]
[stochastic_rounding: 1]
[linear_tree: 0]
[max_bin: 255]
[max_bin_by_feature: ]
[min_data_in_bin: 3]
[bin_construct_sample_cnt: 200000]
[data_random_seed: 175]
[is_enable_sparse: 1]
[enable_bundle: 1]
[use_missing: 1]
[zero_as_missing: 0]
[feature_pre_filter: 1]
[pre_partition: 0]
[two_round: 0]
[header: 0]
[label_column: ]
[weight_column: ]
[group_column: ]
[ignore_column: ]
[categorical_feature: ]
[forcedbins_filename: ]
[precise_float_parser: 0]
[parser_config_file: ]
[objective_seed: 16083]
[num_class: 6]
[is_unbalance: 0]
[scale_pos_weight: 1]
[sigmoid: 1]
[boost_from_average: 1]
[reg_sqrt: 0]
[alpha: 0.9]
[fair_c: 1]
[poisson_max_delta_step: 0.7]
[tweedie_variance_power: 1.5]
[lambdarank_truncation_level: 30]
[lambdarank_norm: 1]
[label_gain: ]
[lambdarank_position_bias_regularization: 0]
[eval_at: ]
[multi_error_top_k: 1]
[auc_mu_weights: ]
[num_machines: 1]
[local_listen_port: 12400]
[time_out: 120]
[machine_list_filename: ]
[machines: ]
[gpu_platform_id: -1]
[gpu_device_id: -1]
[gpu_use_dp: 0]
[num_gpu: 1]

end of parameters

pandas_categorical:[]
