tree
version=v4
num_class=1
num_tree_per_iteration=1
label_index=0
max_feature_idx=10
objective=regression
feature_names=total_load net_load renewable_power thermal_space_load_ratio thermal_on_capacity hour period weekday month is_weekend is_holiday
feature_infos=[26122.099999999999:44911.5] [-7743.4299999999967:37663.540000000001] [1434.76:35198.879999999997] [-0.29636860496714201:0.96085206700191261] [27170:48080] [6:9] [25:40] [0:6] [1:4] [0:1] none
tree_sizes=2756 2762 2614 2741 2796 2709 2790 2710 2759 2807 2761 2777 2785 2858 2833 2772 2689 2838 2722 2720 2863 2879 2844 2797 2163 2560 2834 2667 2657 2834 2655 2485 2315 2839 2610 2830 2348 2731 2456 2580 2840 2610 2655 2580 2575 2497 2577 2729 2807 2866 2876 2682 2789 2845

Tree=0
num_leaves=31
num_cat=0
split_feature=1 1 7 4 1 4 4 1 7 4 4 8 7 1 1 0 1 1 0 1 0 2 7 0 4 6 1 0 0 4
split_gain=1.07906e+07 3.18771e+06 4.79475e+06 4.37e+06 1.32957e+06 599357 464116 459336 302576 251426 216667 204779 161843 123557 108216 135898 97326.3 96099.3 70885.5 62780.7 28646.2 25876.1 52157.6 20565.5 19402.6 8027.08 2522.38 1645.9 1184.22 225.127
threshold=21468.695000000003 32051.535000000003 5.5000000000000009 44810.000000000007 15395.810000000001 36662.500000000007 36662.500000000007 25202.625000000004 1.0000000180025095e-35 44395.000000000007 46105.000000000007 2.5000000000000004 2.5000000000000004 17941.165000000005 13832.41 33244.100000000013 31085.080000000002 28193.150000000005 30441.850000000002 32411.960000000006 35167.750000000007 21551.320000000003 1.0000000180025095e-35 36332.05000000001 36090.000000000007 33.500000000000007 30483.950000000001 31542.150000000005 38010.400000000001 42595.000000000007
decision_type=2 2 2 2 2 2 2 2 2 2 2 2 2 2 2 2 2 2 2 2 2 2 2 2 2 2 2 2 2 2
left_child=4 6 8 20 14 23 17 10 9 -3 -8 12 -7 -13 21 18 -9 24 -16 -10 -4 22 -1 25 -2 -6 -19 -23 -5 -17
right_child=1 2 3 28 5 11 7 16 19 -11 -12 13 -14 -15 15 29 -18 26 -20 -21 -22 27 -24 -25 -26 -27 -28 -29 -30 -31
leaf_value=219.90500806825503 228.00922097223145 230.34181495943628 270.60696623183429 229.97363327997073 226.36922149913653 218.85739168841852 224.08620712846704 226.29890116196705 233.862990042993 240.8071330612614 218.86321641958895 217.42324424045427 213.24102421943445 222.52090465340896 212.873632898501 212.94328293817384 228.83930706663162 231.65175799386842 221.34295460666928 228.91728253480676 276.17773262994632 212.873632898501 214.01978139275951 229.90363307652021 230.03029979404948 224.8541887540666 232.69807730903702 213.30222832333473 228.75696661330406 213.43713311212403
leaf_weight=3.9999999999999991 57 11.000000000000002 3.0000000000000009 6 17 29 115 209 6.9999999999999991 11.999999999999998 24 18 23 35 3.0000000000000062 9.9999999999999982 46 16.000000000000004 13.999999999999998 77 9.9999999999999982 48 64 2.9999999999999991 14.999999999999998 18 8.9999999999999982 42 3 2.9999999999999991
leaf_count=4 57 11 3 6 17 29 115 209 7 12 24 18 23 35 3 10 46 16 14 77 10 48 64 3 15 18 9 42 3 3
internal_value=224.206 228.097 235.092 256.35 216.916 220.55 226.259 225.497 230.721 235.802 223.184 218.602 216.373 220.79 214.153 216.906 226.757 229.358 219.848 229.329 274.892 213.63 214.366 225.931 228.43 225.59 232.028 213.074 229.568 213.057
internal_weight=951 620 129 22 331 143 491 394 107 23 139 105 52 53 188 30 255 97 17 84 13 158 68 38 72 35 25 90 9 13
internal_count=951 620 129 22 331 143 491 394 107 23 139 105 52 53 188 30 255 97 17 84 13 158 68 38 72 35 25 90 9 13
is_linear=0
shrinkage=1


Tree=1
num_leaves=30
num_cat=0
split_feature=3 1 7 3 6 1 3 8 7 1 3 8 1 8 0 8 3 7 8 0 8 1 0 0 2 7 1 7 0
split_gain=1.06276e+07 3.49314e+06 5.09066e+06 1.02334e+06 615025 614451 600173 539700 315566 246558 199829 173193 150624 145424 126290 91876.6 83037.8 82035 81410 63219.1 59435.2 41053.2 35862.6 31047.9 24434 44175.9 18648.9 17257.2 1400.32
threshold=0.55991650581239927 32051.535000000003 5.5000000000000009 0.95604516073706869 33.500000000000007 24685.955000000005 0.46787050638448829 2.5000000000000004 1.0000000180025095e-35 33070.825000000004 0.80879246116508019 2.5000000000000004 22350.315000000002 3.5000000000000004 35634.000000000007 3.5000000000000004 0.42754562562772613 2.5000000000000004 3.5000000000000004 30687.600000000002 3.5000000000000004 32411.960000000006 32754.700000000001 36597.100000000006 21369.970000000005 1.0000000180025095e-35 16228.635 3.5000000000000004 31903.350000000002
decision_type=2 2 2 2 2 2 2 2 2 2 2 2 2 2 2 2 2 2 2 2 2 2 2 2 2 2 2 2 2
left_child=6 5 8 4 -4 7 16 12 9 -3 20 -12 -2 17 26 -9 24 19 27 -8 -7 -10 -20 -19 25 -1 -15 -18 -26
right_child=1 2 3 -5 -6 10 13 15 21 -11 11 -13 -14 14 -16 -17 18 23 22 -21 -22 -23 -24 -25 28 -27 -28 -29 -30
leaf_value=-4.1267504930496219 -5.5999230962050595 15.7148053577968 30.996633617694545 5.6846516927083339 50.349529012044272 1.7741591874270413 -10.743410746256499 0.4846458896151129 8.0596838315327961 5.9478039264678957 2.9288543992572365 6.7504417623792383 -1.5359631187037417 -1.8091850566864001 -11.041084289550781 3.3766141916576182 -7.6401439706484453 -9.4200907135009739 -2.0645257130265242 -3.0060632581060585 4.0918301958026309 4.4779067145453562 -7.8629054784774768 -5.705382664998373 -10.645166951305463 -9.5625106895179073 1.017896945987429 -10.269581515972432 -10.279960735027608
leaf_weight=3.9999999999999991 38 14.000000000000002 13.000000000000005 2.9999999999999991 5.9999999999999991 171 3.0000000000000027 53 8.9999999999999982 11.999999999999998 63 56 57 10.000000000000005 2.9999999999999991 57 12.000000000000002 15.000000000000002 7.9999999999999982 22 33 72 4 8.9999999999999982 53 57 13.999999999999998 12.999999999999998 52
leaf_count=4 38 14 13 3 6 171 3 53 9 12 63 56 57 10 3 57 12 15 8 22 33 72 4 9 53 57 14 13 52
internal_value=0.0702363 3.54215 10.9181 32.8231 37.1081 1.74008 -8.10557 -0.400945 6.41427 11.207 3.09893 4.72725 -3.16155 -4.3155 -1.36906 1.98321 -9.52451 -5.93905 -7.38254 -3.93454 2.14908 4.87588 -3.99732 -8.02708 -10.0019 -9.20607 -0.160054 -9.00745 -10.4643
internal_weight=936 657 129 22 19 528 279 205 107 26 323 119 95 76 27 110 203 49 37 25 204 81 12 24 166 61 24 25 105
internal_count=936 657 129 22 19 528 279 205 107 26 323 119 95 76 27 110 203 49 37 25 204 81 12 24 166 61 24 25 105
is_linear=0
shrinkage=0.05


Tree=2
num_leaves=29
num_cat=0
split_feature=3 1 7 4 3 1 8 7 4 8 1 0 4 1 4 0 3 4 2 7 1 7 4 0 7 1 0 6
split_gain=9.12553e+06 3.00847e+06 5.23914e+06 2.60012e+06 585501 572561 590603 284392 204283 182478 153086 107649 128155 92465.7 83513 79936.5 67512.5 100386 62132 56795.6 39270.8 31520.7 27196.3 23497.1 15674.8 36795.5 13659.7 158.961
threshold=0.55481155334014154 31772.66 5.5000000000000009 44810.000000000007 0.46787050638448829 24685.955000000005 2.5000000000000004 1.0000000180025095e-35 39497.500000000007 2.5000000000000004 22350.315000000002 30687.600000000002 39497.500000000007 27943.330000000005 36372.500000000007 33055.750000000007 0.42754562562772613 37740.000000000007 16931.710000000003 2.5000000000000004 36295.825000000004 1.5000000000000002 33577.500000000007 35167.750000000007 1.0000000180025095e-35 8273.8000000000011 31188.300000000003 35.500000000000007
decision_type=2 2 2 2 2 2 2 2 2 2 2 2 2 2 2 2 2 2 2 2 2 2 2 2 2 2 2 2
left_child=4 5 7 23 16 6 10 9 13 -3 -2 27 18 -7 -8 -10 24 22 -13 -14 -9 -19 -18 -4 25 -1 -26 -6
right_child=1 2 3 -5 11 8 14 20 15 -11 -12 12 19 -15 -16 -17 17 21 -20 -21 -22 -23 -24 -25 26 -27 -28 -29
leaf_value=-10.111423492431642 -5.9646180664620756 3.3968501091003405 42.653154500325471 4.1067730712890622 -10.621228535970053 3.4669257074594499 3.4147571460767225 3.9859211330172379 -2.1061508615811664 12.163769191244375 -1.9281686249646275 0.72022937595844261 -3.3320737115361476 7.0054850387573246 0.58504360448569059 2.0855249087847425 -5.688776993751528 -5.0126113891601527 -5.0810472011566166 -7.0135797387361523 7.6621780395507812 -9.3614541006088263 -0.15742504119873046 47.698472290039064 -10.154138758275415 -3.9204129695892327 -9.2268024107850177 -10.106510925292966
leaf_weight=5.9999999999999982 41 8.0000000000000018 3.0000000000000027 4.9999999999999991 2.9999999999999991 48 44 79 11.999999999999998 23 55 20.000000000000004 22 30 64 218 3.9999999999999982 5.0000000000000027 5.9999999999999991 20 7.9999999999999991 25 5 9.9999999999999982 77 4 82 3
leaf_count=6 41 8 3 5 3 48 44 79 12 23 55 20 22 30 64 218 4 5 6 20 8 25 5 10 77 4 82 3
internal_value=-0.255543 3.0118 9.62209 34.7488 -7.76348 1.25594 -0.798561 5.78921 2.61671 9.90134 -3.65207 -3.94381 -3.37734 4.82791 1.73789 1.86683 -9.1224 -7.24722 -0.618527 -5.08517 4.32397 -8.63665 -2.6158 46.5342 -9.55513 -7.63502 -9.67589 -10.3639
internal_weight=930 648 136 18 282 512 204 118 308 31 96 74 68 78 108 230 208 39 26 42 87 30 9 13 169 10 159 6
internal_count=930 648 136 18 282 512 204 118 308 31 96 74 68 78 108 230 208 39 26 42 87 30 9 13 169 10 159 6
is_linear=0
shrinkage=0.05


Tree=3
num_leaves=31
num_cat=0
split_feature=3 3 7 4 3 0 2 4 0 7 4 4 3 4 5 7 2 2 7 0 2 7 6 1 0 7 0 1 0 0
split_gain=8.49852e+06 2.33094e+06 3.71407e+06 2.47615e+06 523828 383032 288171 323032 206681 334584 154687 105652 74757.5 67593.7 52757.2 57563.4 52598.5 23547.6 23444.1 23087.6 21748.9 35747.7 10289.8 21173.2 7394.7 6142.34 1680.27 1247.55 892.908 228.964
threshold=0.55991650581239927 0.83128649734099669 5.5000000000000009 44810.000000000007 0.46787050638448829 30072.550000000003 13065.610000000002 45602.500000000007 33055.750000000007 1.0000000180025095e-35 36662.500000000007 36372.500000000007 0.42754562562772613 37740.000000000007 6.5000000000000009 3.5000000000000004 7105.7850000000008 18675.280000000002 1.5000000000000002 35740.700000000004 21369.970000000005 1.0000000180025095e-35 31.500000000000004 16228.635 30339.650000000005 1.5000000000000002 37037.250000000007 15715.105000000001 31542.150000000005 29358.400000000005
decision_type=2 2 2 2 2 2 2 2 2 2 2 2 2 2 2 2 2 2 2 2 2 2 2 2 2 2 2 2 2 2
left_child=4 5 8 19 12 16 11 -8 24 -10 22 -7 20 17 -12 -16 25 -14 -15 -4 21 -1 27 -24 -3 -2 -5 -6 -22 -18
right_child=1 2 3 26 10 6 7 -9 9 -11 14 -13 13 18 15 -17 29 -19 -20 -21 28 -23 23 -25 -26 -27 -28 -29 -30 -31
leaf_value=-3.7243923664093019 -5.6977704366048201 -4.356080118815103 40.343559773762976 4.9898806254069008 0.72625589370727484 3.6513657892072526 0.7835303679796366 -5.6403668837089631 11.026375110332783 4.8169695858281996 1.2686974207560222 1.5426143532154768 -1.8887386932969097 -4.7619806671142539 -4.4787697538351408 -7.9651974309893223 -10.364642333984373 -7.0831188201904283 -8.5125083074569705 45.486954879760745 -9.606692547268338 -8.6061751806736009 -3.317999315261841 0.51652576923370364 -1.2160802459716795 -2.7048487186431878 3.3164257049560542 2.075083923339843 -9.3204669883034441 -9.786796061197915
leaf_weight=3.9999999999999991 2.9999999999999982 3 3.0000000000000027 2.9999999999999991 4.0000000000000027 74 65 28 26 131 2.9999999999999991 301 7.9999999999999982 5.0000000000000027 39 17 4 3 25 7.9999999999999991 54 60 5.9999999999999991 8.9999999999999982 5 4 3 3 55 3
leaf_count=4 3 3 3 3 4 74 65 28 26 131 3 301 8 5 39 17 4 3 25 8 54 60 6 9 5 4 3 3 55 3
internal_value=-0.219853 2.91747 7.73849 29.9909 -7.28149 1.09709 1.34087 -1.15055 5.44582 5.84528 -3.85683 1.95874 -8.57774 -6.65809 -5.19109 -5.53715 -7.05226 -3.30539 -7.88742 44.0842 -9.03269 -8.30106 -0.27859 -1.01728 -2.39358 -3.98753 4.15315 1.30433 -9.46227 -10.117
internal_weight=959 664 182 17 295 482 468 93 165 157 81 375 214 41 59 56 14 11 30 11 173 64 22 15 8 7 6 7 109 7
internal_count=959 664 182 17 295 482 468 93 165 157 81 375 214 41 59 56 14 11 30 11 173 64 22 15 8 7 6 7 109 7
is_linear=0
shrinkage=0.05


Tree=4
num_leaves=31
num_cat=0
split_feature=3 1 7 2 3 8 6 1 8 0 7 1 8 1 3 3 7 0 8 0 6 7 1 8 7 7 2 2 1 8
split_gain=7.64876e+06 2.20482e+06 3.96656e+06 1.09673e+06 720766 350814 327987 285392 254450 231463 128701 122981 116598 107432 82891 78846.6 76586 75028.1 69462.6 56246.2 53457.8 47192.8 46822.6 38356.4 19691.3 16603.1 32212.1 15375.1 8371.62 5176.74
threshold=0.59821859422454893 32152.670000000002 5.5000000000000009 1721.2 0.46787050638448829 2.5000000000000004 33.500000000000007 25818.930000000004 2.5000000000000004 36436.700000000004 3.5000000000000004 19886.205000000005 3.5000000000000004 32354.635000000006 0.42754562562772613 0.54385781232014196 1.5000000000000002 32431.900000000005 3.5000000000000004 30687.600000000002 30.500000000000004 2.5000000000000004 27779.175000000007 3.5000000000000004 1.5000000000000002 2.5000000000000004 21369.970000000005 15056.270000000002 20995.295000000002 3.5000000000000004
decision_type=2 2 2 2 2 2 2 2 2 2 2 2 2 2 2 2 2 2 2 2 2 2 2 2 2 2 2 2 2 2
left_child=4 7 9 -4 14 16 -5 8 11 10 -3 -2 17 -11 25 20 19 -9 24 -6 -7 -20 -14 -10 -16 26 -1 -18 -17 -27
right_child=1 2 3 6 5 15 -8 12 23 13 -12 -13 22 -15 18 28 27 -19 21 -21 -22 -23 -24 -25 -26 29 -28 -29 -30 -31
leaf_value=-6.0807940735536468 -10.073887252807618 15.973197828020369 4.6833534240722612 28.855238278706864 -9.6247853597005211 1.1725763380527496 43.172780354817711 -2.2032762209574384 1.1363661015885218 11.360860406160356 5.4700959014892572 -1.1277842891738588 3.2638081436157229 3.8308881388770213 -4.5238816404342623 0.20423971357799711 -9.7421246846516922 2.4515541882044944 -7.0109134137630482 -1.9011144638061523 -3.3701390846687205 -0.20282827956335883 6.2165517741236194 2.9193780737103161 -7.9859657373117363 -9.1447007287906708 -8.9510533208432417 -7.3044897577036982 1.9069615407423541 -8.4577070031847281
leaf_weight=17 3.9999999999999991 6.9999999999999982 4.0000000000000027 12.000000000000002 2.9999999999999991 7.9999999999999991 5.9999999999999991 8.9999999999999982 70 4.9999999999999991 5 97 25 90 5.0000000000000027 21 8.9999999999999982 227 3.9999999999999982 10.999999999999998 34 7 29 53 23 79 23 23 10.999999999999998 42
leaf_count=17 4 7 4 12 3 8 6 9 70 5 5 97 25 90 5 21 9 227 4 11 34 7 29 53 23 79 23 23 11 42
internal_value=0.041371 3.18493 9.0293 28.3651 -6.27522 -3.21173 33.6278 1.71815 0.377598 5.05371 11.5969 -1.48209 2.75362 4.2272 -8.11331 -1.08025 -6.64063 2.27404 -6.04513 -3.55619 -2.50486 -2.6785 4.84954 1.90466 -7.36774 -8.6143 -7.73119 -7.99007 0.78955 -8.90624
internal_weight=963 643 129 22 320 120 18 514 224 107 12 101 290 95 200 74 46 236 39 14 42 11 54 123 28 161 40 32 32 121
internal_count=963 643 129 22 320 120 18 514 224 107 12 101 290 95 200 74 46 236 39 14 42 11 54 123 28 161 40 32 32 121
is_linear=0
shrinkage=0.05


Tree=5
num_leaves=31
num_cat=0
split_feature=3 3 7 4 3 8 0 8 4 4 3 7 7 2 0 5 6 4 2 4 4 3 5 3 3 0 0 0 0 4
split_gain=6.8734e+06 1.57329e+06 2.65902e+06 2.59181e+06 874543 395135 278477 230964 266176 128680 120090 118584 99641.9 96410.1 88935.7 80491 44643.6 39077.6 34283.5 71480.3 65645.5 23385.7 23266 22211.5 6364.47 6022.33 5007.9 1239.79 1991.96 5.81549
threshold=0.6148142274167071 0.83536318148236244 5.5000000000000009 44810.000000000007 0.45567280274640226 2.5000000000000004 31441.750000000004 2.5000000000000004 44395.000000000007 39497.500000000007 0.66827656702053984 3.5000000000000004 1.0000000180025095e-35 16931.710000000003 30687.600000000002 7.5000000000000009 34.500000000000007 36662.500000000007 21369.970000000005 42910.000000000007 36372.500000000007 0.79110185962080826 8.5000000000000018 0.75335956183949526 0.70522246007218936 37037.250000000007 38142.100000000006 31542.150000000005 33567.30000000001 29480.000000000004
decision_type=2 2 2 2 2 2 2 2 2 2 2 2 2 2 2 2 2 2 2 2 2 2 2 2 2 2 2 2 2 2
left_child=4 6 7 26 18 11 15 12 -9 21 -11 14 -3 17 -6 23 -15 -7 19 20 -1 -8 -13 -2 -17 -5 -4 29 -29 -20
right_child=1 2 3 25 5 13 9 8 -10 10 -12 22 -14 16 -16 24 -18 -19 27 -21 -22 -23 -24 -25 -26 -27 -28 28 -30 -31
leaf_value=-5.1967825520297763 1.9770747820536247 -1.8057003426551821 39.506465148925777 4.4491855621337884 -9.2163099016462056 1.4131609247997403 2.9145109994070872 4.6943539170895594 10.478811022440594 -0.76562494787119206 1.7522122301161289 -9.3681163587068266 3.5789208677948503 0.11472375392913813 -2.9945063960331026 -9.6033832550048839 -4.496011633248556 -1.0043155214616231 -8.7033620452880864 0.40243231356143955 -8.3535109487073171 4.7231592416763304 -6.2820043881734193 -2.7638062443052021 -6.5568249384562156 1.7054815053939816 41.649028930664059 -7.936187663831209 -8.5788435964873351 -8.6698975227974557
leaf_weight=23 3.0000000000000062 9.9999999999999982 6 4 6.9999999999999991 32 70 59 30 59 240 19 61 7.0000000000000027 32 3.9999999999999991 21 35 20 2.9999999999999991 58 24 9.0000000000000018 13.999999999999998 3 4 5 19 33 37
leaf_count=23 3 10 6 4 7 32 70 59 30 59 240 19 61 7 32 4 21 35 20 3 58 24 9 14 3 4 5 19 33 37
internal_value=-0.154157 3.12647 7.04744 24.7317 -5.66191 -2.95317 1.44337 4.94743 6.64417 1.76267 1.25538 -5.89359 2.82052 -0.879401 -4.11124 -3.78525 -3.34333 0.1503 -7.93557 -7.17646 -7.45716 3.37629 -8.37615 -1.92718 -8.29772 3.07733 40.4804 -8.52058 -8.34403 -8.68164
internal_weight=951 596 179 19 355 162 417 160 89 393 299 67 71 95 39 24 28 67 193 84 81 94 28 17 7 8 11 109 52 57
internal_count=951 596 179 19 355 162 417 160 89 393 299 67 71 95 39 24 28 67 193 84 81 94 28 17 7 8 11 109 52 57
is_linear=0
shrinkage=0.05


Tree=6
num_leaves=31
num_cat=0
split_feature=1 1 7 4 3 4 0 3 4 0 0 4 6 4 5 3 0 1 4 0 4 1 1 7 1 1 6 0 0 0
split_gain=6.18098e+06 1.41508e+06 3.03944e+06 2.85647e+06 1.2518e+06 426128 213334 180130 167829 197543 140632 120445 94641.5 76324.3 63424.2 57439.7 54627.4 48087.6 44438.9 31667.9 28202.4 17220.2 13607.5 12364.9 27064.5 9164.83 8720.25 7835.51 7274.14 6442.57
threshold=23315.780000000002 32051.535000000003 5.5000000000000009 44810.000000000007 0.46787050638448829 36662.500000000007 36436.700000000004 0.80879246116508019 46105.000000000007 31756.300000000003 32431.900000000005 44395.000000000007 34.500000000000007 36662.500000000007 8.5000000000000018 0.42754562562772613 34005.350000000006 36295.825000000004 36662.500000000007 34370.150000000001 33577.500000000007 14939.910000000003 23846.535000000003 1.0000000180025095e-35 8273.8000000000011 34547.435000000005 30.500000000000004 31188.300000000003 37037.250000000007 29528.800000000003
decision_type=2 2 2 2 2 2 2 2 2 2 2 2 2 2 2 2 2 2 2 2 2 2 2 2 2 2 2 2 2 2
left_child=4 7 6 25 15 19 11 13 9 -7 29 -3 -12 22 -10 23 -15 -8 20 26 -17 -20 -2 24 -1 -4 -6 -25 -5 -9
right_child=1 2 3 28 5 8 17 10 14 -11 12 -13 -14 16 -16 18 -18 -19 21 -21 -22 -23 -24 27 -26 -27 -28 -29 -30 -31
leaf_value=-8.2444702148437514 6.6846536000569658 4.974025497436525 37.933030090332032 4.2267264366149897 2.2337852928373549 -6.7131809512774154 3.4358801542326463 -3.7711607297261569 -9.1601788838704419 -1.6981845210547801 3.96108652313987 15.134652709960935 9.9943771362304688 -1.3730574959800359 -3.0776263753573101 -4.9722390532493606 1.3004147201495351 6.9468476382168864 -8.4888000488281232 4.9441000257219585 0.44786700904369348 -5.8337681657389595 3.1797257317437069 -8.3301459049833007 -2.9348347842693325 40.76485443115233 0.85813405215740213 -7.6110526456009779 1.3660615444183348 -1.0017333371298653
leaf_weight=5.9999999999999982 2.9999999999999991 4.9999999999999982 9.9999999999999982 4 18 24 86 2.9999999999999982 15.000000000000002 108 91 7 6.9999999999999991 21 5.9999999999999991 5.9999999999999982 212 10.999999999999998 9.0000000000000018 6.9999999999999991 4 19 36 69 4 4.0000000000000009 32 84 5 7
leaf_count=6 3 5 10 4 18 24 86 3 15 108 91 7 7 21 6 6 212 11 9 7 4 19 36 69 4 4 32 84 5 7
internal_value=-0.0285988 3.63733 8.09728 24.6142 -4.5954 -1.89577 4.61205 2.08808 -3.27051 -2.61 3.81568 10.9011 4.39204 1.40212 -7.42231 -7.41591 1.05946 3.83403 -5.66534 1.79434 -2.8042 -6.68717 3.44934 -7.82402 -6.12062 38.7421 1.35337 -7.93535 2.63747 -1.83256
internal_weight=923 512 132 23 411 210 109 380 153 132 108 12 98 272 21 201 233 97 38 57 10 28 39 163 10 14 50 153 9 10
internal_count=923 512 132 23 411 210 109 380 153 132 108 12 98 272 21 201 233 97 38 57 10 28 39 163 10 14 50 153 9 10
is_linear=0
shrinkage=0.05


Tree=7
num_leaves=30
num_cat=0
split_feature=3 3 7 5 0 3 8 5 7 0 7 8 1 8 3 2 8 7 8 3 6 1 3 1 0 0 8 0 0
split_gain=5.64782e+06 1.65663e+06 3.273e+06 752530 701862 672107 251675 197817 307072 162114 159874 115149 112759 81519.2 68013.7 46921.8 52350.4 41796.8 34167.8 33163.2 30486.4 25364 23716 20672.1 14334.3 5576.56 666.239 911.314 115.484
threshold=0.60900257424970261 0.83128649734099669 5.5000000000000009 7.5000000000000009 36280.250000000007 0.46787050638448829 2.5000000000000004 7.5000000000000009 1.0000000180025095e-35 29822.550000000007 1.5000000000000002 3.5000000000000004 24567.180000000004 2.5000000000000004 0.55991650581239927 21369.970000000005 3.5000000000000004 1.0000000180025095e-35 3.5000000000000004 0.42754562562772613 30.500000000000004 22614.520000000004 0.50876274539604005 27779.175000000007 35130.30000000001 38486.05000000001 2.5000000000000004 31542.150000000005 35663.05000000001
decision_type=2 2 2 2 2 2 2 2 2 2 2 2 2 2 2 2 2 2 2 2 2 2 2 2 2 2 2 2 2
left_child=5 9 7 4 -4 15 10 13 -9 21 22 12 -11 -3 20 16 17 -1 -16 -18 -8 -2 -7 -13 -12 -5 28 -28 -17
right_child=1 2 3 25 -6 6 14 8 -10 11 24 23 -14 -15 18 26 19 -19 -20 -21 -22 -23 -24 -25 -26 -27 27 -29 -30
leaf_value=-1.2252623558044435 -8.6840188980102528 2.4247856249411903 35.430599212646449 38.814582061767567 10.258682907952204 -4.3361360311508177 0.94872338473796847 21.532523620128615 6.0438243627548225 -0.53781896479350999 -8.7196506076388882 2.6273146298196579 1.4896998100046419 4.8261138907352166 -0.7812900837262472 -7.8165479977925614 -5.7000300742331014 -7.2637542545795446 2.4498325606187183 -2.3110649320212278 -2.3955036234596503 -3.0532997369766228 0.10946190313746532 4.7936915030846228 -6.4258294205580446 36.174372863769527 -7.8497473203218906 -7.4612734052870016 -7.9899663925170898
leaf_weight=2.9999999999999991 4 60 4.0000000000000027 4 8.9999999999999982 3.9999999999999991 7.9999999999999991 4.0000000000000027 15.999999999999998 97 8.9999999999999982 72 234 86 14.999999999999998 24 21 64 18 10.999999999999998 46 4 11.999999999999998 12.999999999999998 28 4 26 36 15.999999999999998
leaf_count=3 4 60 4 4 9 4 8 4 16 97 9 72 234 86 15 24 21 64 18 11 46 4 12 13 28 4 26 36 16
internal_value=0.0334623 2.91052 6.83086 25.4289 18.0039 -5.12162 -2.46183 4.4781 9.14156 1.1815 -5.17794 1.31708 0.895533 3.83927 -0.807192 -6.9742 -6.19877 -6.99337 0.98114 -4.53507 -1.90006 -5.86866 -1.00194 2.95864 -6.98379 37.4945 -7.72682 -7.62418 -7.88592
internal_weight=952 611 187 21 13 341 140 166 20 424 53 416 331 146 87 201 99 67 33 32 54 8 16 85 37 8 102 62 40
internal_count=952 611 187 21 13 341 140 166 20 424 53 416 331 146 87 201 99 67 33 32 54 8 16 85 37 8 102 62 40
is_linear=0
shrinkage=0.05


Tree=8
num_leaves=31
num_cat=0
split_feature=3 1 7 4 3 0 3 4 0 8 5 8 1 7 5 0 2 7 0 3 1 0 0 0 0 2 0 8 4 0
split_gain=5.36204e+06 1.59073e+06 2.7945e+06 2.27335e+06 497774 270352 222422 176549 162699 100836 79228.1 70558.1 67387.5 64308.9 52259.2 45624.4 33011.2 39693.6 43996.2 26164.7 23250.7 13022.7 12160.5 11424.6 8215.54 5053.89 4576.82 888.172 1403.31 111.555
threshold=0.59551357121420345 32051.535000000003 5.5000000000000009 44810.000000000007 0.46787050638448829 31441.750000000004 0.78513850771015659 36662.500000000007 35130.30000000001 2.5000000000000004 7.5000000000000009 2.5000000000000004 32705.314999999999 4.5000000000000009 8.5000000000000018 30687.600000000002 21369.970000000005 1.0000000180025095e-35 31188.300000000003 0.75335956183949526 16410.185000000001 35167.750000000007 32262.100000000002 36332.05000000001 30339.650000000005 8733.0350000000017 37037.250000000007 2.5000000000000004 33235.000000000007 35663.05000000001
decision_type=2 2 2 2 2 2 2 2 2 2 2 2 2 2 2 2 2 2 2 2 2 2 2 2 2 2 2 2 2 2
left_child=4 5 8 21 16 10 9 20 -3 -7 19 -8 -10 15 -15 -9 17 24 -19 -2 22 -4 -6 -22 -1 -12 -5 29 -29 -18
right_child=1 2 3 26 7 6 11 13 12 -11 25 -13 -14 14 -16 -17 27 18 -20 -21 23 -23 -24 -25 -26 -27 -28 28 -30 -31
leaf_value=-0.275017915169398 1.9333949089050257 15.643757375081382 31.85711364746092 3.3428226470947262 -2.8351797600587201 -0.14880092065592393 2.1404502410677417 -8.1232595443725586 6.0523935611431412 1.637088788586694 -5.9125208536783838 4.2816623509724936 3.1267425117669285 -7.6769388198852546 -2.9143816153208402 -2.6022273250951851 -7.4257046813964855 -7.5729707348346711 -5.3763708472251892 -2.5372804363568626 1.0416181137164433 35.540226745605473 0.72391816973686207 4.3743701934814458 -3.9753651618957506 -8.5083877563476555 0.87251414299011221 -7.4659945520861406 -6.9986332787407779 -7.5841342163085947
leaf_weight=2.9999999999999991 4.0000000000000062 2.9999999999999991 3.0000000000000009 3 6.0000000000000018 138 79 3.9999999999999991 26 185 3 75 81 15.999999999999998 9.0000000000000018 58 25 40 53 18 18.000000000000004 11.999999999999998 4 2.9999999999999991 3 5 5 29 36 20
leaf_count=3 4 3 3 3 6 138 79 4 26 185 3 75 81 16 9 58 25 40 53 18 18 12 4 3 3 5 5 29 36 20
internal_value=-0.0546003 2.60677 7.47372 23.3237 -5.2634 1.33004 1.6196 -2.66717 4.15963 0.874077 -3.2739 3.18325 3.83765 -3.82164 -5.96242 -2.95842 -6.72922 -6.06684 -6.32114 -1.72443 0.572801 34.8036 -1.41154 1.51773 -2.12519 -7.53494 1.79888 -7.32536 -7.20715 -7.49612
internal_weight=967 640 133 23 327 507 477 118 110 323 30 154 107 87 25 62 209 99 93 22 31 15 10 21 6 8 8 110 65 45
internal_count=967 640 133 23 327 507 477 118 110 323 30 154 107 87 25 62 209 99 93 22 31 15 10 21 6 8 8 110 65 45
is_linear=0
shrinkage=0.05


Tree=9
num_leaves=31
num_cat=0
split_feature=3 1 7 4 3 8 0 3 7 4 4 1 4 0 4 5 1 3 2 7 4 7 0 1 0 2 1 0 8 4
split_gain=4.43775e+06 1.34026e+06 1.82761e+06 1.90043e+06 426525 261962 249182 219814 154327 177759 107018 93067 74177.5 97871.6 73118 65840.7 38992.1 30415.1 29898.6 42747.6 34293.2 26759.6 37028.3 19544 15855.8 15614.2 13760 5749.11 754.703 1187.51
threshold=0.59821859422454893 32051.535000000003 5.5000000000000009 44810.000000000007 0.46787050638448829 2.5000000000000004 31756.300000000003 0.79110185962080826 1.0000000180025095e-35 44395.000000000007 39497.500000000007 32354.635000000006 39497.500000000007 36075.000000000007 39715.000000000007 7.5000000000000009 20995.295000000002 0.75227982599624299 21369.970000000005 1.0000000180025095e-35 42595.000000000007 2.5000000000000004 30687.600000000002 22883.070000000003 31441.750000000004 17545.865000000002 34547.435000000005 37037.250000000007 2.5000000000000004 33235.000000000007
decision_type=2 2 2 2 2 2 2 2 2 2 2 2 2 2 2 2 2 2 2 2 2 2 2 2 2 2 2 2 2 2
left_child=4 6 8 26 18 21 15 10 9 -3 -8 -10 16 -14 -9 17 -7 -2 19 24 -21 22 -6 -17 -1 -23 -4 -5 -20 -30
right_child=1 2 3 27 5 12 7 14 11 -11 -12 -13 13 -15 -16 23 -18 -19 28 20 -22 25 -24 -25 -26 -27 -28 -29 29 -31
leaf_value=0.1050065651535988 1.9579397583007798 3.4251305363394984 32.131115341186522 3.5975479761759432 -7.7146522521972614 0.016593927655901227 2.4431791862884129 4.9059575768404233 9.4504712740580246 12.224721538989495 0.31912184225380885 3.0072438882378973 -5.0484198517269565 0.2417736249811509 2.3995453584194184 -8.1400712331136074 4.3791468302408854 -2.3447960666988208 -7.1216486302817748 -6.3750319316789703 -3.2626824378967285 -7.6126664947060965 -3.0670881907145184 -3.1974055290222161 -4.703640429178872 -4.4340991044044493 35.722768402099597 0.82888842105865468 -7.0950842637282152 -6.6432591871781783
leaf_weight=3.9999999999999991 5.0000000000000027 11.000000000000002 7.9999999999999991 3 6.0000000000000027 35 77 43 5.9999999999999991 11.999999999999998 258 85 18 17 90 5.9999999999999982 5.9999999999999991 23 41 77 9.9999999999999982 17.000000000000004 14.999999999999998 3 3 4.9999999999999991 4.0000000000000009 5 26 33
leaf_count=4 5 11 8 3 6 35 77 43 6 12 258 85 18 17 90 6 6 23 41 77 10 17 15 3 3 5 4 5 26 33
internal_value=-0.031827 2.35738 6.80275 20.7439 -4.90948 -2.55282 1.17782 1.49011 4.35694 8.01622 0.807338 3.43207 -0.788233 -2.4789 3.20989 -2.77225 0.655016 -1.57645 -6.35506 -5.71484 -6.01729 -5.67163 -4.39496 -6.49252 -1.95584 -6.89026 33.3283 1.86714 -6.95687 -6.84237
internal_weight=952 639 134 20 313 119 505 468 114 23 335 91 76 35 133 37 41 28 194 94 87 43 21 9 7 22 12 8 100 59
internal_count=952 639 134 20 313 119 505 468 114 23 335 91 76 35 133 37 41 28 194 94 87 43 21 9 7 22 12 8 100 59
is_linear=0
shrinkage=0.05


Tree=10
num_leaves=31
num_cat=0
split_feature=3 3 7 6 0 3 1 8 5 7 7 0 6 8 5 8 3 2 0 8 7 7 1 7 2 0 0 3 6 0
split_gain=4.26229e+06 1.28317e+06 2.18793e+06 768616 560130 237697 179665 276026 156272 288749 143675 84972.1 75262.4 43314 44914 39351.8 33129.1 34150.7 84498.9 31396.7 28375.6 21788.8 14439.3 7227.81 14561 4064.02 2796.11 893.423 357.743 19.2959
threshold=0.55991650581239927 0.83199483581423528 5.5000000000000009 31.500000000000004 36501.950000000004 0.46787050638448829 24505.605000000003 2.5000000000000004 7.5000000000000009 1.0000000180025095e-35 4.5000000000000009 33055.750000000007 30.500000000000004 2.5000000000000004 7.5000000000000009 3.5000000000000004 0.42754562562772613 16931.710000000003 32754.700000000001 3.5000000000000004 1.5000000000000002 1.0000000180025095e-35 28275.465 3.5000000000000004 21369.970000000005 38486.05000000001 32888.000000000007 0.49932034850743051 30.500000000000004 34054.05000000001
decision_type=2 2 2 2 2 2 2 2 2 2 2 2 2 2 2 2 2 2 2 2 2 2 2 2 2 2 2 2 2 2
left_child=5 6 8 4 -4 16 7 10 11 -10 -2 -3 27 20 -15 -9 23 28 -19 21 -14 -8 -21 24 -1 -5 -25 -7 -18 -29
right_child=1 2 3 25 -6 12 19 15 9 -11 -12 -13 13 14 -16 -17 17 18 -20 22 -22 -23 -24 26 -26 -27 -28 29 -30 -31
leaf_value=-5.0088518877824155 -1.0621804994723154 -2.1348007678985597 24.827179298400868 33.12031555175782 2.1676993211110429 0.65639163851738003 2.4108625096155376 0.39844374977625335 20.029327797889692 4.7967849595206129 -5.3667664285217018 3.5150436026244254 -2.5106052654130107 -7.4879821777343754 -1.9107060387327863 2.3344519052303063 -7.0148789542061953 1.4316993872324619 -5.3336718988418585 2.4720834073566258 -6.3273908600211151 1.1450365029387739 5.3144610595703128 -6.8292704177229373 -6.5398996006358763 30.982087707519526 -6.241554287501744 1.7107590675354001 -7.6674776713053365 1.5314275105794266
leaf_weight=24 63 6.9999999999999991 5.0000000000000018 4.9999999999999982 6 3.9999999999999982 41 52 4.0000000000000027 13.999999999999998 28 135 7.0000000000000027 3.9999999999999991 37 53 6.9999999999999982 6.0000000000000027 20 42 15.999999999999998 199 4.9999999999999991 73 44 4 28 3 3 3
leaf_count=24 63 7 5 5 6 4 41 52 4 14 28 135 7 4 37 53 7 6 20 42 16 199 5 73 44 4 28 3 3 3
internal_value=-0.0431734 2.13861 5.74184 21.3336 12.4675 -5.22784 0.795788 -0.371132 3.79287 8.18179 -2.38667 3.23653 -2.79876 -3.42907 -2.45483 1.37567 -6.10467 -4.7275 -3.77243 1.59271 -5.16576 1.36128 2.77446 -6.39804 -5.99953 32.17 -6.66634 1.23521 -7.21066 1.62109
internal_weight=942 663 180 20 11 279 483 196 160 18 91 142 74 64 41 105 205 36 26 287 23 240 47 169 68 9 101 10 10 6
internal_count=942 663 180 20 11 279 483 196 160 18 91 142 74 64 41 105 205 36 26 287 23 240 47 169 68 9 101 10 10 6
is_linear=0
shrinkage=0.05


Tree=11
num_leaves=31
num_cat=0
split_feature=3 3 7 4 3 8 5 7 0 7 4 1 8 3 4 3 4 4 0 3 4 4 0 4 7 1 0 4 1 3
split_gain=3.90802e+06 1.29647e+06 2.57271e+06 1.36863e+06 438470 181161 162265 237099 148570 100834 75304.1 93655.5 67950.2 65948 48011.9 38417.3 45608.9 27882.1 26179.9 24295.9 20758.1 17783.5 17733.8 15853.2 12858.7 10885.1 9207.66 6437.66 2055.91 871.48
threshold=0.60900257424970261 0.83199483581423528 5.5000000000000009 44810.000000000007 0.45955488530753758 2.5000000000000004 7.5000000000000009 1.5000000000000002 30072.550000000003 1.5000000000000002 39497.500000000007 23315.780000000002 2.5000000000000004 0.54385781232014196 36662.500000000007 0.42754562562772613 37740.000000000007 42910.000000000007 32888.000000000007 0.77704175907916995 33577.500000000007 36662.500000000007 31051.800000000007 42595.000000000007 3.5000000000000004 34547.435000000005 34084.650000000001 38752.500000000007 34821.745000000003 0.29485978875477814
decision_type=2 2 2 2 2 2 2 2 2 2 2 2 2 2 2 2 2 2 2 2 2 2 2 2 2 2 2 2 2 2
left_child=4 8 6 25 15 9 12 -8 19 22 18 -12 -3 14 -7 24 20 -11 -10 -2 -17 -15 -6 -18 26 -4 -1 -21 -5 -26
right_child=1 2 3 28 5 13 7 -9 10 17 11 -13 -14 21 -16 16 23 -19 -20 27 -22 -23 -24 -25 29 -27 -28 -29 -30 -31
leaf_value=-5.1544118063790458 -7.4203684997558614 1.9990327799512493 29.621696610884229 1.2530027389526368 -4.6496694087982124 -0.28366746187210085 19.027861404418928 5.2247504029955181 1.2137009914104757 -7.2555042088031776 -1.4799606848846782 1.0077118229921218 4.1551036295596138 1.7406152921915057 -3.6007016857465111 -3.8323673963546763 -6.0061126608597597 -4.6026662895312676 2.8671352609511347 -1.0633383433024086 1.000109357833862 -0.25970779371261599 -0.43851935704549155 -3.0579896608988446 -6.2899637858072914 32.667522430419922 -6.3670992146367613 -4.3389202117919909 3.1040857950846346 -6.5955567914386126
leaf_weight=49 4.9999999999999982 62 11.000000000000002 2.9999999999999991 3.0000000000000027 20 4.0000000000000027 13.999999999999998 39 15.999999999999998 44 270 89 20 24 3.9999999999999982 19.000000000000004 26 62 3 5 25 14.999999999999998 5.9999999999999991 51 3.9999999999999991 23 3 3 43
leaf_count=49 5 62 11 3 3 20 4 14 39 16 44 270 89 20 24 4 19 26 62 3 5 25 15 6 51 4 23 3 3 43
internal_value=0.0259896 2.421 5.8557 22.361 -4.2013 -2.14802 3.80475 8.29211 0.889089 -4.2714 1.04111 0.659121 3.26983 -0.716523 -2.09296 -5.731 -4.19979 -5.61327 2.22868 -4.84624 -1.14766 0.629325 -1.14038 -5.29856 -6.04462 30.4339 -5.5418 -2.70113 2.17854 -6.42976
internal_weight=965 616 190 21 349 149 169 18 426 60 415 314 151 89 44 200 34 42 101 11 9 45 18 25 166 15 72 6 6 94
internal_count=965 616 190 21 349 149 169 18 426 60 415 314 151 89 44 200 34 42 101 11 9 45 18 25 166 15 72 6 6 94
is_linear=0
shrinkage=0.05


Tree=12
num_leaves=31
num_cat=0
split_feature=3 1 7 4 3 4 7 6 0 0 2 4 1 6 1 4 2 7 0 7 0 1 0 7 2 1 0 0 0 0
split_gain=3.27816e+06 836827 1.30493e+06 1.43118e+06 550377 195819 190245 194420 165118 129967 149930 85978.6 50928.3 50901.7 47908.3 43192 28946.5 32494.5 45515.7 28611.7 23444.4 20829.1 14937.2 11828.6 8708.9 8486.5 6196.56 4606.11 520.045 1758.63
threshold=0.64190918007102715 32152.670000000002 5.5000000000000009 44810.000000000007 0.46787050638448829 46105.000000000007 1.0000000180025095e-35 30.500000000000004 30530.650000000005 31756.300000000003 6435.0900000000011 36662.500000000007 32411.960000000006 33.500000000000007 23659.640000000003 39497.500000000007 21369.970000000005 1.0000000180025095e-35 31188.300000000003 1.5000000000000002 30072.550000000003 23282.585000000003 31441.750000000004 4.5000000000000009 15226.270000000002 23199.440000000006 36436.700000000004 37037.250000000007 31542.150000000005 33350.05000000001
decision_type=2 2 2 2 2 2 2 2 2 2 2 2 2 2 2 2 2 2 2 2 2 2 2 2 2 2 2 2 2 2
left_child=4 9 6 26 16 8 7 -3 24 20 13 -10 -8 -11 19 -12 17 22 -19 -7 25 -22 -1 -16 -6 -2 -4 -5 -18 -30
right_child=1 2 3 27 5 14 12 -9 11 10 15 -13 -14 -15 23 -17 28 18 -20 -21 21 -23 -24 -25 -26 -27 -28 -29 29 -31
leaf_value=0.5380588173866272 -5.4025541782379172 5.0920643011728917 26.766166178385404 2.6317430496215817 -7.3972211625840929 -2.3059214075406338 8.3198957979679111 15.741557153066001 1.3377911057323217 3.310851760227469 2.3194149810876419 -1.2773971356011251 2.5387465384602548 9.0922359466552738 -3.7816546440124514 0.88489826056829168 -6.0790762998619865 -6.4152115316951983 -4.0342504316446739 -7.6022102355957033 2.1380133438110338 -1.5331762229695041 -4.1292080243428542 0.37166245778401685 -4.2865051269531254 -2.4293231010437011 29.390107896592884 0.23223531059920785 -5.4820752906799317 -6.0729565564323877
leaf_weight=3.9999999999999991 3.9999999999999982 15.000000000000002 3.0000000000000009 4 8.9999999999999982 3.0000000000000062 3.9999999999999991 5.9999999999999991 44 79 67 110 80 3.9999999999999991 3.9999999999999991 242 49 34 49 17 5.0000000000000027 17 3 3 2.9999999999999991 6 8.9999999999999982 4 20 34
leaf_count=4 4 15 3 4 9 3 4 6 44 79 67 110 80 4 4 242 49 34 49 17 5 17 3 3 3 6 9 4 20 34
internal_value=0.0300613 2.51255 6.1078 17.8133 -3.50073 -1.61271 3.87819 8.13478 -0.970394 1.45262 1.70274 -0.5302 2.81404 3.58947 -5.56174 1.19594 -5.38874 -4.73368 -5.00958 -6.80777 -1.61125 -0.698815 -1.4622 -2.00166 -6.61954 -3.61862 28.7341 1.43199 -5.96113 -5.85411
internal_weight=935 549 125 20 386 193 105 21 166 424 392 154 84 83 27 309 193 90 83 20 32 22 7 7 12 10 12 8 103 54
internal_count=935 549 125 20 386 193 105 21 166 424 392 154 84 83 27 309 193 90 83 20 32 22 7 7 12 10 12 8 103 54
is_linear=0
shrinkage=0.05


Tree=13
num_leaves=31
num_cat=0
split_feature=3 3 7 4 3 8 5 7 0 7 0 0 3 4 0 0 5 6 2 4 4 7 3 3 4 0 3 0 8 0
split_gain=3.01453e+06 775428 1.75888e+06 1.15585e+06 498257 195649 171433 393088 126701 124617 111174 74279.4 60745.5 50658.1 75558.2 44011.5 43105.7 34457.1 27130.8 45869.2 36286.8 28694.3 14534 13967.9 13368.6 6760.16 4175.62 2579.65 634.607 1036.7
threshold=0.64190918007102715 0.83199483581423528 5.5000000000000009 44810.000000000007 0.46787050638448829 2.5000000000000004 7.5000000000000009 1.0000000180025095e-35 31441.750000000004 2.5000000000000004 30687.600000000002 33055.750000000007 0.54385781232014196 39497.500000000007 33629.450000000004 37600.100000000006 7.5000000000000009 30.500000000000004 21369.970000000005 36662.500000000007 33577.500000000007 1.0000000180025095e-35 0.75335956183949526 0.77638486909899629 36372.500000000007 36436.700000000004 0.71459574330086639 37037.250000000007 2.5000000000000004 31903.350000000002
decision_type=2 2 2 2 2 2 2 2 2 2 2 2 2 2 2 2 2 2 2 2 2 2 2 2 2 2 2 2 2 2
left_child=4 8 6 25 18 9 11 -8 16 10 -6 -3 17 23 -15 -11 22 -7 19 20 -1 -21 -2 -10 -14 -4 -18 -5 -20 -30
right_child=1 2 3 27 5 12 7 -9 13 15 -12 -13 24 14 -16 -17 26 -19 28 21 -22 -23 -24 -25 -26 -27 -28 -29 29 -31
leaf_value=-4.3369472391465127 1.8783082644144651 -1.9065702199935914 25.666177368164035 2.2538210233052571 -6.7008646647135421 1.0482610119713678 24.465279134114553 4.6388420550028489 1.8259163430181602 -7.4139884346409843 -0.45135600711492929 3.0433691948652268 1.5838476605140246 -2.5301377105712892 1.1206209062065944 -3.6384436616530786 -7.5284205118815111 -2.4309659972348636 -5.8223773229689826 -0.46650044123331713 -0.74584313233693444 -5.4733859708232266 -1.9566697742257799 3.1232605248689653 0.15380375656214629 28.372375793457032 -4.8903591791788728 0.18031891187032059 -5.7933263318292028 -5.3890728759765629
leaf_weight=17.000000000000004 3.0000000000000062 7.9999999999999991 3.0000000000000027 2.9999999999999991 8.9999999999999982 8.9999999999999982 3.0000000000000027 14.999999999999998 59 19 34 144 26 14.999999999999998 257 12.999999999999998 2.9999999999999991 34 42 2.9999999999999991 11.999999999999998 62 13.999999999999998 32 44 9.9999999999999982 3 3 29 35
leaf_count=17 3 8 3 3 9 9 3 15 59 19 34 144 26 15 257 13 3 34 42 3 12 62 14 32 44 10 3 3 29 35
internal_value=0.0197506 2.31774 4.94178 19.3697 -3.38578 -1.53772 3.32924 7.94325 1.03292 -3.51759 -1.75939 2.78285 -0.223638 1.26094 0.919292 -5.88017 -2.56586 -1.70276 -5.12296 -4.50455 -2.85097 -5.2423 -1.27991 2.28213 0.684963 27.7479 -6.20939 1.21707 -5.67136 -5.57225
internal_weight=963 575 189 19 388 188 170 18 386 75 43 152 113 363 272 32 23 43 200 94 29 65 17 91 70 13 6 6 106 64
internal_count=963 575 189 19 388 188 170 18 386 75 43 152 113 363 272 32 23 43 200 94 29 65 17 91 70 13 6 6 106 64
is_linear=0
shrinkage=0.05


Tree=14
num_leaves=31
num_cat=0
split_feature=3 1 7 4 3 0 4 3 1 4 8 1 0 2 0 2 1 4 4 0 0 0 0 5 1 2 2 1 4 0
split_gain=2.82484e+06 966934 1.55359e+06 1.25873e+06 203276 202692 140716 146103 117794 111331 103264 77760.7 60278.4 48199.9 31760.5 44307.2 23562.1 38207.2 26469.6 20056 73699 15563.2 11268.8 10252.6 9176.75 3839.77 12070.7 2620.9 2153.69 298.302
threshold=0.57425294328333265 32152.670000000002 5.5000000000000009 44810.000000000007 0.46787050638448829 30530.650000000005 39497.500000000007 0.66827656702053984 32539.380000000001 44860.000000000007 2.5000000000000004 27648.350000000002 36436.700000000004 7105.7850000000008 35518.600000000006 16174.565000000001 12007.765000000001 36662.500000000007 33577.500000000007 36075.000000000007 35634.000000000007 29060.850000000002 34689.500000000007 8.5000000000000018 34547.435000000005 20856.600000000002 21369.970000000005 34821.745000000003 42977.500000000007 29358.400000000005
decision_type=2 2 2 2 2 2 2 2 2 2 2 2 2 2 2 2 2 2 2 2 2 2 2 2 2 2 2 2 2 2
left_child=4 5 8 24 16 13 11 -8 9 -3 14 -7 -10 21 15 -6 25 18 -18 20 -12 -2 -19 -16 -4 -1 -27 -5 -21 -15
right_child=1 2 3 27 10 6 7 -9 12 -11 19 -13 -14 29 23 -17 17 22 -20 28 -22 -23 -24 -25 -26 26 -28 -29 -30 -31
leaf_value=-5.8581471633911137 -4.9475621541341086 10.677560244666205 25.349400052157318 0.83523691415786738 -6.1336437988281221 1.8120155509880611 -1.0484658367139228 1.2217706797644496 6.7930367946624761 -0.44455739657084153 -0.38175454262424924 4.4776393297556281 2.2577166745032389 -6.2915983581542987 -7.4195062637329121 0.23934000333150227 -4.0730663204193105 -4.0548063902854921 -0.33541411293877499 1.1318942266702654 -5.7156076222658161 -0.8414520943164826 -5.4366279986169603 -4.6853106180826813 28.146022033691395 -2.8174864864349369 -5.3454093551635751 2.7046032587687168 -0.066352276007334385 -6.8708997726440417
leaf_weight=30 3.0000000000000027 8.9999999999999982 10.999999999999998 5 5.0000000000000018 105 94 288 7.9999999999999991 2.9999999999999991 34 37 87 4.9999999999999982 7.9999999999999982 6 10.000000000000002 25 8.9999999999999982 9.9999999999999982 7.9999999999999991 9.9999999999999982 36 6 4.0000000000000009 4.9999999999999991 85 3 5.9999999999999991 4
leaf_count=30 3 9 11 5 5 105 94 288 8 3 34 37 87 5 8 6 10 25 9 10 8 10 36 6 4 5 85 3 6 4
internal_value=0.132204 1.88801 5.76344 17.5529 -4.06189 0.965292 1.16269 0.663126 3.22925 7.89703 -1.98173 2.50658 2.63964 -3.73631 -4.668 -2.65747 -4.92515 -4.26048 -2.3026 -0.823857 -1.39773 -1.78902 -4.87031 -6.24771 26.0952 -5.36826 -5.20497 1.53625 0.682552 -6.54907
internal_weight=959 676 130 23 283 546 524 382 107 12 83 142 95 22 25 11 200 80 19 58 42 13 61 14 15 120 90 8 16 9
internal_count=959 676 130 23 283 546 524 382 107 12 83 142 95 22 25 11 200 80 19 58 42 13 61 14 15 120 90 8 16 9
is_linear=0
shrinkage=0.05


Tree=15
num_leaves=31
num_cat=0
split_feature=3 1 7 4 3 8 7 4 0 7 4 4 0 3 0 1 1 3 6 4 0 1 1 4 7 7 2 7 0 0
split_gain=2.61661e+06 652852 1.34447e+06 1.03905e+06 412829 220088 203839 156124 108979 108123 80976.3 73684.5 65678.9 59909.2 59270 46682.3 42205.1 33009.2 32161.8 31922.8 26588.6 24650.5 17784.7 13862 8559.29 7756.92 8541.24 7107.92 3780.81 1870.93
threshold=0.64190918007102715 31772.66 5.5000000000000009 44810.000000000007 0.46787050638448829 2.5000000000000004 1.0000000180025095e-35 44395.000000000007 32133.200000000004 2.5000000000000004 39497.500000000007 42277.500000000007 37234.400000000001 0.55991650581239927 30687.600000000002 27648.350000000002 36295.825000000004 0.42754562562772613 30.500000000000004 36662.500000000007 29528.800000000003 23282.585000000003 16736.175000000007 33577.500000000007 1.5000000000000002 3.5000000000000004 21369.970000000005 2.5000000000000004 37600.100000000006 38486.05000000001
decision_type=2 2 2 2 2 2 2 2 2 2 2 2 2 2 2 2 2 2 2 2 2 2 2 2 2 2 2 2 2 2
left_child=4 8 6 29 17 9 7 -3 20 14 15 -12 -11 18 -6 -10 -8 25 -7 23 24 -22 -21 -19 -2 26 -1 -15 -5 -4
right_child=1 2 3 28 5 13 16 -9 10 12 11 -13 -14 27 -16 -17 -18 19 -20 22 21 -23 -24 -25 -26 -27 -28 -29 -30 -31
leaf_value=-3.8752167055240045 -4.7364769776662206 2.3254703218286679 25.075781249999991 2.4589223543802898 -6.1022551854451503 1.1158985408869657 1.797937264641126 9.9702112927156339 1.9427356571835632 -7.0145033629044251 -0.69630322991585247 1.4522335084787636 -2.9819997880193925 1.4927692908229251 -0.68687783535569913 4.1901150376456124 5.2219179916381835 -2.5217217350006109 -1.9211884199153808 -3.5624812717437742 1.6417880164252381 -1.4858215515989635 -6.5937789916992191 1.4272946357727048 -1.4655269384384153 -5.2882837808260357 -5.0577497946249474 0.43839821006441793 0.11080031245946882 23.796303939819339
leaf_weight=26 5.9999999999999982 11.000000000000002 10.000000000000002 2.9999999999999991 5.9999999999999991 10.999999999999998 90 17 68 23 49 215 18 33 32 35 9.9999999999999982 4.9999999999999982 42 25.000000000000004 9.0000000000000018 21 5.9999999999999991 4 3 93 37 31 4 3.9999999999999991
leaf_count=26 6 11 10 3 6 11 90 17 68 23 49 215 18 33 32 35 10 5 42 25 9 21 6 4 3 93 37 31 4 4
internal_value=0.0803661 2.28919 5.11993 16.8459 -3.04692 -1.42432 3.19615 6.96692 1.25032 -3.46333 1.51736 1.05345 -5.24414 -0.0475496 -1.54194 2.70641 2.14034 -4.66953 -1.29085 -3.3881 -1.26261 -0.547539 -4.14918 -0.766603 -3.64616 -4.99809 -4.56972 0.982058 1.11714 24.7102
internal_weight=947 555 149 21 392 196 128 28 406 79 367 264 41 117 38 103 100 196 53 40 39 30 31 9 9 156 63 64 7 14
internal_count=947 555 149 21 392 196 128 28 406 79 367 264 41 117 38 103 100 196 53 40 39 30 31 9 9 156 63 64 7 14
is_linear=0
shrinkage=0.05


Tree=16
num_leaves=30
num_cat=0
split_feature=3 2 7 4 3 8 5 0 0 7 0 7 8 5 2 0 4 4 7 4 3 7 0 2 2 0 0 0 0
split_gain=2.15054e+06 537655 960375 779724 247271 130753 108466 268272 106006 88810.6 62752.1 58709.1 90605.9 46978.7 39791.9 36893 23729.1 21955.4 17746.1 16619.1 14169.2 8553.54 14310.3 3916.2 18552.2 2107.89 2084.01 1405.42 342.537
threshold=0.59821859422454893 5961.6650000000009 5.5000000000000009 44810.000000000007 0.42754562562772613 2.5000000000000004 7.5000000000000009 37541.900000000009 31441.750000000004 1.5000000000000002 32133.200000000004 5.5000000000000009 2.5000000000000004 7.5000000000000009 16704.135000000006 36380.400000000001 39905.000000000007 45077.500000000007 2.5000000000000004 42910.000000000007 0.75335956183949526 1.0000000180025095e-35 30072.550000000003 20355.720000000005 20528.805000000004 37007.750000000007 36829.750000000007 29710.450000000004 32313.000000000004
decision_type=2 2 2 2 2 2 2 2 2 2 2 2 2 2 2 2 2 2 2 2 2 2 2 2 2 2 2 2 2
left_child=4 2 6 25 21 9 10 -8 13 16 -2 17 -13 20 18 -16 -6 -10 -7 -11 -3 22 -1 28 -25 -4 -5 -15 -23
right_child=1 8 3 26 5 14 7 -9 11 19 -12 12 -14 27 15 -17 -18 -19 -20 -21 -22 23 -24 24 -26 -27 -28 -29 -30
leaf_value=-1.5234406033158301 -1.2809646874666214 1.7564179420471171 23.094720458984384 2.3359762191772462 1.180401478873359 1.1888176779855382 -1.171157741546631 19.974068069458003 1.3235500480439786 -5.6749860662680405 2.8150650409360729 -2.959504992887378 1.1045686322264374 -5.840839894612631 -2.8704112293739477 0.30292352988169746 -2.7011023862021313 0.43165066549959391 -0.68079124490420029 -3.8077648813074285 -2.1614900594949726 -5.3088285340203178 -5.8915461222330716 -1.707614974975586 -4.8223548224212927 24.678827776227678 0.47228186925252269 -7.3713165283203104 -4.9007707595825201
leaf_weight=5 9.9999999999999982 3.0000000000000027 2.9999999999999982 2.9999999999999991 8.9999999999999982 22 2.9999999999999991 3 276 26 144 24 32 2.9999999999999991 31 12.999999999999998 6.9999999999999991 92 30 22 9.9999999999999982 36 3 4.9999999999999991 109 7 3 3 5.9999999999999991
leaf_count=5 10 3 3 3 9 22 3 3 276 26 144 24 32 3 31 13 7 92 30 22 10 36 3 5 109 7 3 3 6
internal_value=-0.0913375 1.63615 3.97403 15.6538 -3.39169 -1.99324 2.80605 9.40146 0.707331 -3.74382 2.54909 0.871061 -0.637177 -2.94643 -0.826193 -1.93284 -0.517756 1.10058 0.110197 -4.81918 -1.25736 -4.75603 -3.16148 -4.8378 -4.68574 24.2036 1.40413 -6.60608 -5.25053
internal_weight=943 619 176 16 324 160 160 6 443 64 154 424 56 19 96 44 16 368 52 48 13 164 8 156 114 10 6 6 42
internal_count=943 619 176 16 324 160 160 6 443 64 154 424 56 19 96 44 16 368 52 48 13 164 8 156 114 10 6 6 42
is_linear=0
shrinkage=0.05


Tree=17
num_leaves=31
num_cat=0
split_feature=3 3 7 4 3 6 8 8 0 7 2 4 1 8 0 0 1 0 1 4 2 0 0 4 3 1 7 1 2 0
split_gain=2.04e+06 600715 973207 776530 223795 139314 190801 107798 106217 75129.2 52521.6 50116.2 57778.6 47714.8 47040.4 35417.9 30400.7 17026.7 15675.3 10425.9 8054.55 5501.67 8014.79 20910.2 2030.18 1592.87 2472.01 1453.96 725.795 673.351
threshold=0.59551357121420345 0.83199483581423528 5.5000000000000009 44810.000000000007 0.42754562562772613 32.500000000000007 2.5000000000000004 2.5000000000000004 30892.400000000005 2.5000000000000004 16341.120000000001 39497.500000000007 23282.585000000003 2.5000000000000004 30339.650000000005 36280.250000000007 21251.915000000001 33079.05000000001 20995.295000000002 39905.000000000007 17545.865000000002 31903.350000000002 34084.650000000001 42752.500000000007 0.8938490540290428 12315.330000000002 1.0000000180025095e-35 34821.745000000003 21551.320000000003 29358.400000000005
decision_type=2 2 2 2 2 2 2 2 2 2 2 2 2 2 2 2 2 2 2 2 2 2 2 2 2 2 2 2 2 2
left_child=4 8 5 24 21 13 -7 9 16 14 18 17 -13 -3 -6 -12 29 -10 -9 -18 -11 25 23 -23 -4 26 -1 -5 -24 -2
right_child=1 2 3 27 7 6 -8 10 11 20 15 12 -14 -15 -16 -17 19 -19 -20 -21 -22 22 28 -25 -26 -27 -28 -29 -30 -31
leaf_value=-3.7940815289815273 -5.2617123921712183 1.1779407241365367 23.403277969360332 0.90454602241516113 -5.6055326461791957 2.4049969779120555 13.411519731794085 -0.25671737037206949 0.97783501952504503 -5.7108977276345962 -2.8585656492333662 -1.039139011560702 0.79641466830964436 3.0390885452515093 -0.61097157218239528 0.010774471759796143 -1.0048853638080451 2.3198118003209434 1.8866099101575937 -4.2749426205952963 -4.0658827001398263 -4.0796341939405965 -5.4194299697875978 0.28032976786295571 22.023678398132326 -5.6911991119384773 -4.8454471402051977 2.3606897989908848 -4.7024191665649413 -6.3210762023925762
leaf_weight=5.9999999999999991 3.0000000000000027 57 4.0000000000000027 3.9999999999999991 6.0000000000000027 8.9999999999999982 6.9999999999999991 38 39 23 38 51 269 87 22 14.999999999999998 12.999999999999998 60 10.999999999999998 2.9999999999999991 10.999999999999998 33 3.9999999999999991 2.9999999999999991 7.9999999999999991 4.9999999999999991 82 3 30 3
leaf_count=6 3 57 4 4 6 9 7 38 39 23 38 51 269 87 22 15 13 60 11 3 11 33 4 3 8 5 82 3 30 3
internal_value=-0.0635713 1.62177 4.06465 14.7633 -3.25902 2.79418 7.22035 -1.95498 0.63022 -3.59919 -0.955553 0.808028 0.503873 2.30238 -1.68123 -2.04649 -2.75621 1.79115 0.224438 -1.61802 -5.17869 -4.57107 -4.23625 -3.7163 22.4835 -4.82309 -4.77376 1.52861 -4.78677 -5.79139
internal_weight=947 620 179 19 327 160 16 164 441 62 102 419 320 144 28 53 22 99 49 16 34 163 70 36 12 93 88 7 34 6
internal_count=947 620 179 19 327 160 16 164 441 62 102 419 320 144 28 53 22 99 49 16 34 163 70 36 12 93 88 7 34 6
is_linear=0
shrinkage=0.05


Tree=18
num_leaves=30
num_cat=0
split_feature=3 3 6 3 4 3 0 8 4 0 9 6 3 8 5 0 5 0 0 2 4 1 2 1 1 3 2 4 4
split_gain=1.83888e+06 638704 456287 370367 245768 239901 234544 148242 85655.1 73381.7 48761.3 46229.9 43819.9 47665.7 40528.4 39290.6 39127.1 20725 16680.3 51497 25849.6 14982.2 12831.3 9332.37 4819 4231.67 6136.79 3714.46 2722.88
threshold=0.59821859422454893 0.83199483581423528 33.500000000000007 0.94203075712306306 44810.000000000007 0.46787050638448829 36501.950000000004 2.5000000000000004 36662.500000000007 31756.300000000003 1.0000000180025095e-35 33.500000000000007 0.66827656702053984 2.5000000000000004 7.5000000000000009 39164.80000000001 8.5000000000000018 30892.400000000005 31542.150000000005 18881.810000000001 40910.000000000007 15395.810000000001 8733.0350000000017 16736.175000000007 33509.555000000015 0.35098047766928586 21369.970000000005 39905.000000000007 36372.500000000007
decision_type=2 2 2 2 2 2 2 2 2 2 2 2 2 2 2 2 2 2 2 2 2 2 2 2 2 2 2 2 2
left_child=5 9 3 7 24 18 -5 -3 17 14 11 -10 13 -11 22 -14 -12 -7 25 20 -20 -19 -2 -21 -4 26 -1 -16 -27
right_child=1 2 4 6 -6 8 -8 -9 10 12 16 -13 15 -15 27 -17 -18 21 19 23 -22 -23 -24 -25 -26 28 -28 -29 -30
leaf_value=-3.2757662773132328 -1.4709957811981433 1.0936100078856243 18.477740478515628 17.858699471609935 5.09979248046875 -3.3348718484242763 2.6812190771102902 4.2019004017114643 1.1491751696382251 -1.4824576798081399 -5.2686361044645311 -2.0750483166288447 1.2836508197443826 0.77741773650050172 -6.5031368255615236 -0.36194794362499599 -1.2309413803948293 -2.3923620184262595 0.37334072589874268 -3.910548519790173 -4.320368918776512 1.2981925702456272 1.4308218765258791 -5.9550838470458984 21.128721618652339 -6.005929565429688 -4.4858334011501739 -4.175709676742553 -4.7485413582094251
leaf_weight=12.999999999999998 16.000000000000007 68 3.9999999999999982 6.9999999999999982 5 2.9999999999999991 4 88 13.999999999999998 40 18 54 266 56 2.9999999999999991 42 9.0000000000000018 2.9999999999999991 10.999999999999998 80 3.9999999999999991 33 4.9999999999999991 5.9999999999999991 3 4.9999999999999991 54 4 31
leaf_count=13 16 68 4 7 5 3 4 88 14 40 18 54 266 56 3 42 9 3 11 80 4 33 5 6 3 5 54 4 31
internal_value=0.000562658 1.63757 4.14896 3.47227 13.5663 -2.95865 12.3396 2.847 -1.31507 0.596973 -2.12503 -1.41124 0.768531 -0.164197 -1.87836 1.05925 -3.92274 0.657914 -4.03825 -3.58167 -0.878315 0.990646 -0.780087 -4.05319 19.6139 -4.48597 -4.25104 -5.17318 -4.92318
internal_weight=949 611 179 167 12 338 11 156 134 432 95 68 404 96 28 308 27 39 204 101 15 36 21 86 7 103 67 7 36
internal_count=949 611 179 167 12 338 11 156 134 432 95 68 404 96 28 308 27 39 204 101 15 36 21 86 7 103 67 7 36
is_linear=0
shrinkage=0.05


Tree=19
num_leaves=30
num_cat=0
split_feature=1 3 6 8 4 4 3 8 1 0 4 4 4 9 0 1 0 4 6 3 4 0 0 6 1 6 4 2 2
split_gain=1.63109e+06 444995 400633 183396 315339 162773 149050 84928.4 98882.1 98644.9 125013 82252.3 55126.4 45877.1 57230.9 40820.8 34825.2 21972.5 20270 19015.9 32784.3 19750.1 13591.6 10999.3 8656.86 7523.71 1069.92 2791.94 699.753
threshold=20995.295000000002 0.82382884463325357 34.500000000000007 2.5000000000000004 44395.000000000007 44810.000000000007 0.46787050638448829 2.5000000000000004 24782.400000000001 39426.55000000001 43067.500000000007 37740.000000000007 46105.000000000007 1.0000000180025095e-35 30687.600000000002 29241.535000000007 33055.750000000007 43377.500000000007 31.500000000000004 0.38523483166550182 36662.500000000007 31542.150000000005 30892.400000000005 38.500000000000007 15395.810000000001 37.500000000000007 37740.000000000007 20355.720000000005 22720.970000000005
decision_type=2 2 2 2 2 2 2 2 2 2 2 2 2 2 2 2 2 2 2 2 2 2 2 2 2 2 2 2 2
left_child=6 7 3 16 -5 25 19 8 12 15 -11 22 -2 14 -13 -9 -3 -15 -10 26 21 -21 -8 -22 -24 -4 27 -1 -28
right_child=1 2 5 4 -6 -7 11 9 18 10 -12 13 -14 17 -16 -17 -18 -19 -20 20 23 -23 24 -25 -26 -27 28 -29 -30
leaf_value=-2.5645643234252931 -0.63797568238430458 -2.0902154371142387 16.547269948323571 1.9487023700028658 7.4473288270560181 5.2964761734008778 -3.1681283156077069 1.2322506240644315 -0.10483429779080636 3.1509561920166016 -6.9273785769939424 -5.1894022854891695 -3.3109582236834934 -6.2548239962621173 -1.1571836131540212 3.7853791629566866 1.3847686535895687 -2.25732120513916 1.2161363774077281 -3.9192111206054663 -4.2598032298840982 -0.17893661856651308 -2.2727439006169639 -2.697024090960622 0.51454501358362348 20.088387552897132 -4.5557354583740235 -4.1349822044372564 -4.2295134782791139
leaf_weight=2.9999999999999991 62 7.9999999999999991 2.9999999999999982 64 44 4 2.9999999999999991 198 47 4.9999999999999991 7.9999999999999991 10.999999999999998 28 10.999999999999998 44 17 73 4.9999999999999991 76 5.0000000000000027 38 11.999999999999998 2.9999999999999991 15.999999999999998 39 3 25 50 48
leaf_count=3 62 8 3 64 44 4 3 198 47 5 8 11 28 11 44 17 73 5 76 5 38 12 3 16 39 3 25 50 48
internal_value=-0.0531965 1.39339 3.35607 2.84003 4.18888 13.1093 -3.01107 0.507734 -0.210151 1.17839 -3.0511 -1.58918 -1.46957 -2.64914 -1.96363 1.43413 1.04156 -5.0056 0.711375 -3.84833 -3.19392 -1.27902 0.0832142 -3.79676 0.315453 18.3178 -4.21709 -4.04609 -4.34123
internal_weight=953 640 199 189 108 10 313 441 213 228 13 116 90 71 55 215 81 16 123 197 71 17 45 54 42 6 126 53 73
internal_count=953 640 199 189 108 10 313 441 213 228 13 116 90 71 55 215 81 16 123 197 71 17 45 54 42 6 126 53 73
is_linear=0
shrinkage=0.05


Tree=20
num_leaves=31
num_cat=0
split_feature=3 3 7 4 3 8 5 7 0 7 0 0 4 3 3 5 4 0 2 3 4 4 0 7 4 7 2 0 3 0
split_gain=1.56537e+06 465339 1.09721e+06 723856 228482 120127 72980.5 151661 72616.9 53660.8 54862.4 52189.2 38312.1 34602.6 39417.2 32460.2 30810.1 51858.6 22883.7 17306 25065.7 17620.8 15163.7 13101.5 11257.1 9703.16 16597.5 4868.64 3133.68 2915.91
threshold=0.64190918007102715 0.83199483581423528 5.5000000000000009 44810.000000000007 0.46787050638448829 2.5000000000000004 7.5000000000000009 1.0000000180025095e-35 32133.200000000004 2.5000000000000004 37234.400000000001 30687.600000000002 39715.000000000007 0.49932034850743051 0.49626801538123105 7.5000000000000009 39497.500000000007 33567.30000000001 8733.0350000000017 0.42754562562772613 37740.000000000007 33577.500000000007 31542.150000000005 3.5000000000000004 39295.000000000007 3.5000000000000004 21369.970000000005 38486.05000000001 0.71459574330086639 37037.250000000007
decision_type=2 2 2 2 2 2 2 2 2 2 2 2 2 2 2 2 2 2 2 2 2 2 2 2 2 2 2 2 2 2
left_child=4 8 6 27 19 9 12 -8 15 11 -11 -6 -3 14 -7 18 24 -18 -2 25 21 -21 -15 -22 -10 26 -1 -4 -17 -5
right_child=1 2 3 29 5 13 7 -9 16 10 -12 -13 -14 22 -16 28 17 -19 -20 20 23 -23 -24 -25 -26 -27 -28 -29 -30 -31
leaf_value=-2.3500521769890419 -1.6102256449786099 3.8768176510220487 20.338950475056954 1.7362278620402021 -4.8560928344726566 -1.0909060440565408 13.888347339630116 2.7548976834003742 1.6021391636213744 -6.0457382414076068 -2.1936599982412237 -0.57421978229985526 1.5618374726672968 -3.2237900654474894 -7.2580884297688799 -5.9488232930501308 -3.594393253326416 0.76674922967759462 1.5125255689024926 -2.4325861771901454 -2.30884929554803 1.5864189529418944 0.38974126163456174 -4.4356181303660076 3.8539707978566491 -4.1311571486452792 -3.9305411483930506 18.324702072143555 -3.6634785016377758 -0.3258988440036773
leaf_weight=26 22.000000000000004 21 12.000000000000005 2.9999999999999991 8.9999999999999982 19.000000000000004 4.0000000000000027 12.999999999999998 74 18 19 34 120 2.9999999999999991 2.9999999999999991 2.9999999999999991 6.9999999999999991 260 7.9999999999999991 5.9999999999999982 14.000000000000002 5 90 14.999999999999998 5.9999999999999991 94 46 3.9999999999999991 3 4
leaf_count=26 22 21 12 3 9 19 4 13 74 18 19 34 120 3 3 3 7 260 8 6 14 5 90 15 6 94 46 4 3 4
internal_value=-0.0221734 1.67586 3.76504 13.9683 -2.41043 -1.18373 2.27975 5.37453 0.68855 -2.67164 -4.06764 -1.47043 1.90662 -0.148662 -1.93189 -1.44894 0.910306 0.652412 -0.777492 -3.57163 -2.63804 -0.605766 0.273176 -3.4089 1.77103 -3.7966 -3.35981 19.8354 -4.80615 0.55787
internal_weight=965 564 181 23 401 195 158 17 383 80 37 43 141 115 22 36 347 267 30 206 40 11 93 29 80 166 72 16 6 7
internal_count=965 564 181 23 401 195 158 17 383 80 37 43 141 115 22 36 347 267 30 206 40 11 93 29 80 166 72 16 6 7
is_linear=0
shrinkage=0.05


Tree=21
num_leaves=31
num_cat=0
split_feature=1 3 7 4 3 4 0 3 6 7 7 0 4 0 5 3 4 1 4 1 3 0 7 5 7 2 4 1 3 1
split_gain=1.33631e+06 349973 338539 488695 281536 145417 87833.9 87000 411581 220242 57525.4 57185.1 46512.5 34277.2 30707.5 25800 58157.5 21981 17264 13812.5 11987.5 11906.6 10264.2 8227.92 5000.76 8893.33 4589.71 2311.73 1694.15 1431.86
threshold=23315.780000000002 0.90409997527797936 5.5000000000000009 44810.000000000007 0.49932034850743051 46105.000000000007 30892.400000000005 0.80879246116508019 35.500000000000007 5.5000000000000009 2.5000000000000004 33205.05000000001 44860.000000000007 35130.30000000001 8.5000000000000018 0.42754562562772613 36662.500000000007 16736.175000000007 34905.000000000007 22704.485000000001 0.94611947338892433 32679.500000000004 3.5000000000000004 7.5000000000000009 1.5000000000000002 21551.320000000003 46922.500000000007 25699.460000000003 0.39932596181323654 34821.745000000003
decision_type=2 2 2 2 2 2 2 2 2 2 2 2 2 2 2 2 2 2 2 2 2 2 2 2 2 2 2 2 2 2
left_child=4 7 11 20 15 6 23 18 12 -10 -8 -3 -9 -13 26 24 22 -18 27 -16 -4 -20 -17 -6 25 -1 -7 -2 -26 -5
right_child=1 2 3 29 5 14 10 8 9 -11 -12 13 -14 -15 19 16 17 -19 21 -21 -22 -23 -24 -25 28 -27 -28 -29 -30 -31
leaf_value=-1.8992710399627679 1.3113551616668695 -2.025676681995392 20.931205139160163 0.10460612773895264 -2.4164696965898775 -4.6863361782497792 0.94723484392551827 2.0005739025178211 5.7180920791625987 18.570393981933595 -0.92689147770575764 6.5492535591125467 0.3378718957193752 2.7031862258911135 -3.7534088770548504 -1.1866764988218035 -2.5768327414989471 -4.9487708791097011 -0.85644128833498279 1.0445960044860836 17.25887756347656 0.64261742343868677 1.4350322246551515 -4.6515362167358401 -3.7653243802941363 -3.7254692173004154 -6.2831577089097763 2.4978563382075385 -4.3144506692886351 1.6494164466857908
leaf_weight=10.000000000000002 6.0000000000000027 4.9999999999999991 4.9999999999999982 2.9999999999999991 7.0000000000000027 9.0000000000000053 85 113 9.9999999999999982 4.9999999999999991 79 8.0000000000000018 67 21 2.9999999999999991 6.9999999999999991 28 14.999999999999998 13.999999999999998 3 4 246 7.9999999999999991 9.9999999999999982 115 20 8.9999999999999982 12.999999999999998 15.999999999999998 3
leaf_count=10 6 5 5 3 7 9 85 113 10 5 79 8 67 21 3 7 28 15 14 3 4 246 8 10 115 20 9 13 16 3
internal_value=-0.0407515 1.65039 5.67319 11.9302 -2.12676 -0.795083 -0.310166 1.23453 2.0448 10.0022 0.0444545 2.91272 1.38168 3.76417 -4.45216 -3.37331 -2.46913 -3.40425 0.668222 -1.35441 19.2991 0.561899 0.211568 -3.73121 -3.69904 -3.11674 -5.48475 2.12317 -3.83239 0.877011
internal_weight=947 523 49 15 424 205 181 474 195 15 164 34 180 29 24 219 58 43 279 6 9 260 15 17 161 30 18 19 131 6
internal_count=947 523 49 15 424 205 181 474 195 15 164 34 180 29 24 219 58 43 279 6 9 260 15 17 161 30 18 19 131 6
is_linear=0
shrinkage=0.05


Tree=22
num_leaves=31
num_cat=0
split_feature=3 1 7 4 7 3 8 1 7 3 3 8 1 6 4 6 1 1 5 4 1 4 7 2 4 4 1 1 2 4
split_gain=1.25207e+06 414079 628348 621771 97853.9 112297 89016.4 85050.5 75604.5 72128.3 67802 76612.2 49570.8 40250.5 38827.9 31279.8 30001.2 27241.8 17428.2 29745.1 9118.23 7995.29 6267.58 12176.8 20774.1 3080 5664.48 3032.84 896.292 776.469
threshold=0.57996534535710154 32051.535000000003 5.5000000000000009 44810.000000000007 1.0000000180025095e-35 0.85035038439602906 2.5000000000000004 24860.715000000007 4.5000000000000009 0.80931655399799518 0.42754562562772613 2.5000000000000004 31056.305000000004 34.500000000000007 39905.000000000007 30.500000000000004 36295.825000000004 20569.405000000002 8.5000000000000018 39905.000000000007 34547.435000000005 43767.500000000007 2.5000000000000004 21369.970000000005 39052.500000000007 37740.000000000007 12990.730000000001 34821.745000000003 21551.320000000003 37010.000000000007
decision_type=2 2 2 2 2 2 2 2 2 2 2 2 2 2 2 2 2 2 2 2 2 2 2 2 2 2 2 2 2 2
left_child=10 6 4 20 5 -3 7 8 -2 12 22 18 -8 -11 -9 29 -6 -17 21 -20 -4 -12 23 24 -1 26 -24 -5 -27 -13
right_child=1 2 3 27 16 -7 9 14 -10 13 11 15 -14 -15 -16 17 -18 -19 19 -21 -22 -23 25 -25 -26 28 -28 -29 -30 -31
leaf_value=-2.9779551664988193 -0.28081443481627971 -1.2556600491205845 17.117545942826705 -0.44397201895713806 0.99208292775862938 6.5005807354336698 0.95852958427436852 3.8045379320780435 -3.2733325213193893 2.3703286155676233 -3.5817538261413571 0.95182008478376601 -3.314015143258231 6.488016510009766 0.41648637115157072 -1.6772788870719173 4.2152717113494873 1.8510658899943035 1.0161505699157709 -3.2230711658795679 20.227345275878896 -5.3839992523193363 -3.4023097424893765 -3.5987480203310649 0.85805936813354489 -3.9986644608633863 -1.143297576904297 1.5669456958770747 -3.6465821808459715 1.7289431953430174
leaf_weight=12.000000000000002 62 6.0000000000000027 10.999999999999998 5 74 21 225 8.9999999999999982 32 39 16.000000000000004 8.9999999999999982 6.9999999999999991 6.9999999999999991 140 62 7.9999999999999991 5.9999999999999991 5.0000000000000027 24 3.0000000000000009 9.9999999999999982 37 24 4.9999999999999991 28 2.9999999999999991 3 51 4.9999999999999991
leaf_count=12 62 6 11 5 74 21 225 9 32 39 16 9 7 7 140 62 8 6 5 24 3 10 37 24 5 28 3 3 51 5
internal_value=-0.0167242 1.20904 3.72191 11.4298 2.16619 4.77697 0.577201 -0.121844 -1.29954 1.18824 -2.70762 -1.8912 0.829617 2.99693 0.621134 -0.922851 1.30654 -1.36595 -3.33493 -2.49217 17.7839 -4.27493 -3.40668 -2.87354 -1.84972 -3.59037 -3.23288 0.310122 -3.77137 1.22936
internal_weight=949 652 131 22 109 27 521 243 94 278 297 137 232 46 149 82 82 68 55 29 14 26 160 41 17 119 40 8 79 14
internal_count=949 652 131 22 109 27 521 243 94 278 297 137 232 46 149 82 82 68 55 29 14 26 160 41 17 119 40 8 79 14
is_linear=0
shrinkage=0.05


Tree=23
num_leaves=31
num_cat=0
split_feature=3 3 7 4 3 8 7 0 8 6 0 0 4 3 7 0 6 4 4 4 3 2 0 2 2 7 3 3 4 0
split_gain=1.03212e+06 261509 456379 497204 175771 117191 73772.4 64471.7 53370.7 93814.7 52114.1 39904.4 38111.7 39702.8 29102.5 23496 23138.8 20378.5 112106 61768.9 13149 17762.9 50719.3 10466.2 8889.35 4383.51 7196.62 1886.76 1611.61 1568.06
threshold=0.64190918007102715 0.83536318148236244 5.5000000000000009 44810.000000000007 0.46787050638448829 2.5000000000000004 2.5000000000000004 31903.350000000002 2.5000000000000004 31.500000000000004 30687.600000000002 37234.400000000001 36662.500000000007 0.55991650581239927 1.0000000180025095e-35 34370.150000000001 31.500000000000004 43672.500000000007 43067.500000000007 44860.000000000007 0.42754562562772613 16806.000000000004 32679.500000000004 8733.0350000000017 8313.7000000000025 3.5000000000000004 0.4160418170980183 0.94611947338892433 37740.000000000007 37037.250000000007
decision_type=2 2 2 2 2 2 2 2 2 2 2 2 2 2 2 2 2 2 2 2 2 2 2 2 2 2 2 2 2 2
left_child=4 7 8 27 20 6 10 16 14 -10 -6 -8 15 -14 -3 -7 23 18 -9 -19 25 -22 -23 -2 -18 26 -1 -4 -27 -5
right_child=1 2 3 29 5 12 11 17 9 -11 -12 -13 13 -15 -16 -17 24 19 -20 -21 21 22 -24 -25 -26 28 -28 -29 -30 -31
leaf_value=-2.7562245994806291 -1.3398234199075132 -1.8582455687224866 16.81419643825955 1.0599915683269499 -4.2721508873833551 0.70525382348469323 -5.4494928269159226 0.7900661836393218 2.3144578525707837 7.9809566974639896 0.049755381912954394 -2.07291640440623 -1.9145497645101242 0.52655133124854836 1.3432222790395221 3.5696848127577043 -1.8066405296325678 2.5047393790606796 -3.5705937534570698 0.46471490321445813 -4.2025919596354164 1.2871889710426332 -2.9510990699132282 1.5027980089187623 -5.2493811035156241 -3.1903562154525367 -4.5672218322753908 15.366299947102855 -3.6121616999308266 -0.34003483597189182
leaf_weight=64 17.000000000000007 7.9999999999999991 8.9999999999999982 4 8.9999999999999982 35 21 187 84 7.9999999999999991 31 14.999999999999998 31 36 63 8.9999999999999982 3 58 15.999999999999998 103 8.9999999999999982 9.9999999999999982 24 3.9999999999999991 5 39 5.9999999999999991 3.0000000000000009 54 4
leaf_count=64 17 8 9 4 9 35 21 187 84 8 31 15 31 36 63 9 3 58 16 103 9 10 24 4 5 39 6 3 54 4
internal_value=-0.0221238 1.32578 2.88703 10.0153 -1.99767 -0.88783 -2.40053 0.598781 2.01239 2.8072 -0.922674 -4.04259 0.147891 -0.602913 0.982494 1.29116 -1.67009 0.779542 0.446369 1.19963 -3.00515 -2.22739 -1.70454 -0.798372 -3.95835 -3.21032 -2.91145 16.4522 -3.43528 0.359978
internal_weight=969 576 183 20 393 187 76 393 163 92 40 36 111 67 71 44 29 364 203 161 206 43 34 21 8 163 70 12 93 8
internal_count=969 576 183 20 393 187 76 393 163 92 40 36 111 67 71 44 29 364 203 161 206 43 34 21 8 163 70 12 93 8
is_linear=0
shrinkage=0.05


Tree=24
num_leaves=24
num_cat=0
split_feature=1 3 1 3 1 7 4 8 7 4 0 4 3 4 4 0 3 3 0 1 1 4 0
split_gain=1.0138e+06 272939 199049 186391 153292 304912 384944 98141 131834 82263.7 53439.1 37708.3 25958.4 24599.1 27807.3 22230.6 15900.7 21289.7 15726.7 13226.2 8266.73 4467.16 1718.75
threshold=23315.780000000002 0.94203075712306306 34730.385000000009 0.49932034850743051 30585.235000000004 5.5000000000000009 44810.000000000007 2.5000000000000004 4.5000000000000009 44860.000000000007 30072.550000000003 34905.000000000007 0.55062353995724178 36372.500000000007 36090.000000000007 32431.900000000005 0.49626801538123105 0.42754562562772613 29774.700000000001 20701.670000000006 25202.625000000004 36372.500000000007 35167.750000000007
decision_type=2 2 2 2 2 2 2 2 2 2 2 2 2 2 2 2 2 2 2 2 2 2 2
left_child=3 4 22 16 11 9 -7 8 10 -6 -5 20 -10 14 -9 -13 17 21 -19 -15 -2 -1 -3
right_child=1 2 -4 7 5 6 -8 13 12 -11 -12 15 -14 19 -16 -17 -18 18 -20 -21 -22 -23 -24
leaf_value=-2.66365539431572 0.55366995731989543 14.560125223795579 1.0069920241832733 -3.2980797699519564 2.971437088168901 16.720468330383305 -0.033295121416449545 0.51955589671220104 -1.3288277053832998 0.8152820811006759 0.21275654137134553 -1.0491739677434617 -5.2753521575927742 -1.1211042097636632 3.4015833594582299 0.60214153022004391 -5.9509651184082033 -3.7409299850463871 -1.5573077115606755 0.38988663087288544 2.5988032038722721 -3.2409564190082722 16.252634175618486
leaf_weight=48 5.9999999999999991 2.9999999999999982 4 13.999999999999998 87 7.9999999999999982 6 35 5.0000000000000027 90 48 22 25 28 10.999999999999998 277 3.9999999999999991 9.9999999999999982 47 30 28 111 3
leaf_count=48 6 3 4 14 87 8 6 35 5 90 48 22 25 28 11 277 4 10 47 30 28 111 3
internal_value=0.0222432 1.4639 9.64662 -1.82834 1.30774 2.43693 9.54028 -0.707047 -1.89662 1.87509 -0.580013 0.66006 -4.6176 0.345265 1.20874 0.48064 -2.82731 -2.76946 -1.9404 -0.339557 2.2379 -3.06668 15.4064
internal_weight=950 534 10 416 524 191 14 196 92 177 62 333 30 104 46 299 220 216 57 58 34 159 6
internal_count=950 534 10 416 524 191 14 196 92 177 62 333 30 104 46 299 220 216 57 58 34 159 6
is_linear=0
shrinkage=0.05


Tree=25
num_leaves=28
num_cat=0
split_feature=1 1 7 4 4 2 7 0 0 1 0 4 4 7 0 1 5 5 4 1 2 1 8 1 1 1 1
split_gain=873498 263758 385884 509526 89663.8 88278.3 88169 103201 75025.4 71219.5 70218.1 50360 48428.5 61923.7 35047.1 32827.3 21487.3 17163 13985.6 11404.6 8172.02 7164.08 22773.1 12968.1 6855.09 5910.05 2591.25
threshold=20995.295000000002 31772.66 5.5000000000000009 44810.000000000007 45602.500000000007 18299.375000000004 1.0000000180025095e-35 36489.900000000009 30530.650000000005 23953.780000000002 31903.350000000002 39497.500000000007 39497.500000000007 2.5000000000000004 34534.650000000001 36295.825000000004 7.5000000000000009 8.5000000000000018 27195.000000000004 27493.650000000005 18438.790000000005 17652.300000000007 2.5000000000000004 16736.175000000007 34547.435000000005 13717.945000000002 34821.745000000003
decision_type=2 2 2 2 2 2 2 2 2 2 2 2 2 2 2 2 2 2 2 2 2 2 2 2 2 2 2
left_child=5 4 6 24 10 8 7 -3 18 17 16 -12 14 -14 -10 -8 -2 -6 -1 -11 -7 23 -23 -22 -4 -20 -5
right_child=1 2 3 26 9 20 15 -9 12 19 11 -13 13 -15 -16 -17 -18 -19 25 -21 21 22 -24 -25 -26 -27 -28
leaf_value=-0.087834612528483069 -0.79653173387050635 11.802901887893668 15.233516947428384 -0.41449191470940905 -4.2880711466073986 -5.1628698348999027 0.84510762338441892 3.1012775164583459 0.74746164541978111 -1.0573364607312463 1.8779919184031695 0.61048579735154229 0.90941357294718428 -2.9839658042415977 -4.8104972203572594 3.7422365708784628 -4.3210663938522336 -1.1523178974787394 -3.1561283814279655 0.34794963917561939 -2.8541486002077723 -4.0834122180938719 1.2519748926162717 -5.0536869594029028 17.993365987141917 -4.657843818664551 1.3852492014567055
leaf_weight=2.9999999999999991 32 4.0000000000000027 8.9999999999999982 6 16.000000000000004 3.9999999999999991 88 23 52 22 115 246 14.999999999999998 32 2.9999999999999991 10.999999999999998 4.9999999999999991 5.9999999999999991 19.000000000000004 42 157 4 4 6.9999999999999991 3.0000000000000009 9.9999999999999982 3
leaf_count=3 32 4 9 6 16 4 88 23 52 22 115 246 15 32 3 11 5 6 19 42 157 4 4 7 3 10 3
internal_value=-0.0190889 1.04867 2.90358 9.1786 0.485297 -2.19249 1.85774 4.39041 -1.2255 -0.978727 0.801644 1.01426 -0.562835 -1.7414 0.4443 1.16701 -1.27282 -3.43287 -3.33776 -0.135117 -2.92872 -2.87676 -1.41572 -2.94803 15.9235 -3.67396 0.185422
internal_weight=941 631 147 21 484 310 126 27 134 86 398 361 102 47 55 99 37 22 32 64 176 172 8 164 12 29 9
internal_count=941 631 147 21 484 310 126 27 134 86 398 361 102 47 55 99 37 22 32 64 176 172 8 164 12 29 9
is_linear=0
shrinkage=0.05


Tree=26
num_leaves=31
num_cat=0
split_feature=1 3 4 4 3 6 4 4 3 8 5 4 1 0 4 4 0 1 0 4 6 1 0 0 4 6 3 7 1 3
split_gain=786171 237135 272588 280987 84272.9 146059 81891.1 70569.3 69775.9 53553 49792.3 30892.9 55472.3 46159.5 24348.1 35650.4 19876.1 17119.6 25941.1 33627.7 26705.6 16129.1 12929.4 42835.9 10049.2 4852.27 4393.32 3464.76 11720.7 3117.75
threshold=21174.010000000002 0.90409997527797936 44395.000000000007 44810.000000000007 0.80434509646423658 36.500000000000007 44735.000000000007 44810.000000000007 0.50436056180436795 2.5000000000000004 7.5000000000000009 46105.000000000007 23659.640000000003 39426.55000000001 42910.000000000007 46105.000000000007 33205.05000000001 11844.965000000002 34971.80000000001 42910.000000000007 34.500000000000007 20388.27 34721.05000000001 35920.000000000007 42977.500000000007 29.500000000000004 0.91819729793752314 1.0000000180025095e-35 5864.8500000000013 0.92656294451075605
decision_type=2 2 2 2 2 2 2 2 2 2 2 2 2 2 2 2 2 2 2 2 2 2 2 2 2 2 2 2 2 2
left_child=8 4 16 6 11 10 -4 -7 17 14 -6 13 -13 -2 21 -16 29 27 19 -19 -20 -10 25 -24 -18 -11 -5 28 -1 -3
right_child=1 2 3 26 5 7 -8 -9 9 22 -12 12 -14 -15 15 -17 24 18 20 -21 -22 -23 23 -25 -26 -27 -28 -29 -30 -31
leaf_value=-3.2306526184082038 0.67071246804663109 -2.6911281108856171 7.1694411087036105 2.8573874950408946 0.96021721152588724 14.090822855631515 15.00642425537109 4.698720677693685 -2.755710765293665 1.379795773824056 3.1799846631536881 -3.4483145236968995 0.10485171742518158 -2.3745125110332785 2.3454115295410163 -3.9875738143920891 2.2700761477152502 -1.7342563281293775 0.85100471973419189 2.5309548950195317 -3.4554513825310602 -6.063990325927735 -4.5227860927581762 0.65141997138659169 -0.31825866699218752 0.18430833960401602 0.71814016501108791 -2.9758634081593272 0.59700005849202453 -0.55882568359374996
leaf_weight=5.9999999999999982 291 3.0000000000000027 5.0000000000000009 3.9999999999999982 160 2.9999999999999982 10 6 14.000000000000005 11.999999999999998 30 13.999999999999998 51 12.999999999999998 4.9999999999999982 4 15.000000000000002 61 3.9999999999999991 4.9999999999999991 36 4.9999999999999991 6.0000000000000027 11.999999999999998 4.9999999999999991 29 6 108 3 4
leaf_count=6 291 3 5 4 160 3 10 6 14 12 30 14 51 13 5 4 15 61 4 5 36 5 6 12 5 29 6 108 3 4
internal_value=0.0441142 1.07206 4.30387 8.06599 0.776195 1.60552 12.3941 7.82942 -2.01179 -0.810808 1.31071 0.328942 -0.660446 0.540489 -2.61154 -0.469249 0.820413 -2.48033 -2.02007 -1.41113 -3.02481 -3.62631 0.0437765 -1.07332 1.62299 0.534207 1.57384 -2.89732 -1.95477 -1.47267
internal_weight=930 620 52 25 568 199 15 9 310 87 190 369 65 304 28 9 27 223 106 66 40 19 59 18 20 41 10 117 9 7
internal_count=930 620 52 25 568 199 15 9 310 87 190 369 65 304 28 9 27 223 106 66 40 19 59 18 20 41 10 117 9 7
is_linear=0
shrinkage=0.05


Tree=27
num_leaves=30
num_cat=0
split_feature=1 2 6 1 8 7 7 1 1 5 2 0 0 2 4 4 0 0 4 4 0 2 4 4 6 4 7 1 2
split_gain=815377 195016 225082 126198 81954.4 102080 78675.4 189962 65318.9 92631.3 314231 53694.4 48519.4 42267.9 40105 28004.5 23635.8 17673.8 17508.2 18591.8 15067.7 35694.8 16852.1 14975.4 13145.1 7862.11 4355.38 10347.2 1675.05
threshold=23092.455000000002 3732.8000000000006 30.500000000000004 16228.635 2.5000000000000004 2.5000000000000004 5.5000000000000009 34547.435000000005 27648.350000000002 7.5000000000000009 5961.6650000000009 30892.400000000005 37007.750000000007 14316.120000000001 39497.500000000007 46105.000000000007 32133.200000000004 36206.200000000004 36372.500000000007 36090.000000000007 30687.600000000002 18299.375000000004 39715.000000000007 46922.500000000007 33.500000000000007 33235.000000000007 1.0000000180025095e-35 8273.8000000000011 17708.855000000003
decision_type=2 2 2 2 2 2 2 2 2 2 2 2 2 2 2 2 2 2 2 2 2 2 2 2 2 2 2 2 2
left_child=3 2 6 20 5 11 17 -8 15 14 -11 -5 -4 -7 -10 16 -3 -2 19 -6 26 22 -22 -17 -20 -23 27 -1 -28
right_child=1 8 12 4 18 13 7 -9 9 10 -12 -13 -14 -15 -16 23 -18 -19 24 -21 21 25 -24 -25 -26 -27 28 -29 -30
leaf_value=-3.1010170300801603 2.992532164635866 -1.0625066757202148 7.5424187024434408 -2.9676827239990238 0.47407738140651157 -6.3910870075225832 13.878140258789067 0.68223317464192701 2.7810308765281331 10.70525832826441 1.7054646334406443 0.6078429684468678 15.954161834716794 -2.730466834358547 0.48680817540997351 -4.6437482198079376 0.71382371765168418 1.0720011758804322 0.54562353414517861 3.2968268530709404 0.55454515963792794 -3.8440073013305667 -2.7709880638122559 -0.84244229490623668 -0.83869561549261251 -2.3599800399987099 -3.4465813318888348 0.49536514282226546 -2.9338831496961189
leaf_weight=5.9999999999999982 23 21 2.9999999999999991 14.999999999999998 35 11.999999999999998 4.9999999999999982 6 22 10.999999999999998 82 35 4 23 142 3.0000000000000027 173 25 27 6.9999999999999991 16.000000000000004 9.9999999999999982 4.9999999999999991 19 47 83 21 3 66
leaf_count=6 23 21 3 15 35 12 5 6 22 11 82 35 4 23 142 3 173 25 27 7 16 10 5 19 47 83 21 3 66
internal_value=0.0468704 1.326 3.87206 -1.63062 -0.735079 -1.91452 2.86631 6.68037 0.970733 1.5094 2.76996 -0.464815 12.3491 -3.98554 0.79457 0.32982 0.521541 1.99226 0.129169 0.944536 -2.48779 -2.09913 -0.237248 -1.3608 -0.333606 -2.51955 -2.94932 -1.90222 -3.05764
internal_weight=950 539 66 411 201 85 59 11 473 257 93 50 7 35 164 216 194 48 116 42 210 114 21 22 74 93 96 9 87
internal_count=950 539 66 411 201 85 59 11 473 257 93 50 7 35 164 216 194 48 116 42 210 114 21 22 74 93 96 9 87
is_linear=0
shrinkage=0.05


Tree=28
num_leaves=29
num_cat=0
split_feature=3 3 7 4 3 8 4 0 4 3 4 4 3 7 5 0 2 7 4 7 2 7 2 0 2 4 0 5
split_gain=710420 221277 267082 248975 159333 70555 143408 46849 38536.2 32385.2 35270.1 41123.2 30132.8 23681.2 22591.8 19305.8 8105.1 9281.12 7864.11 7758.55 3065.01 3334.31 12480.9 2400.51 2092.59 1541.6 1161.07 200.648
threshold=0.55991650581239927 0.81011431232073228 5.5000000000000009 44810.000000000007 0.83536318148236244 2.5000000000000004 44395.000000000007 31441.750000000004 39715.000000000007 0.42754562562772613 36662.500000000007 37010.000000000007 0.64190918007102715 2.5000000000000004 7.5000000000000009 32431.900000000005 14827.195000000002 3.5000000000000004 36090.000000000007 1.0000000180025095e-35 18675.280000000002 1.5000000000000002 20163.630000000001 38010.400000000001 20355.720000000005 39905.000000000007 30236.950000000004 7.5000000000000009
decision_type=2 2 2 2 2 2 2 2 2 2 2 2 2 2 2 2 2 2 2 2 2 2 2 2 2 2 2 2
left_child=9 7 5 4 -4 15 -7 14 18 20 16 -12 -10 -13 19 -3 -11 -18 -9 -2 26 22 -22 -5 -23 -16 27 -1
right_child=1 2 3 23 -6 6 -8 8 12 10 11 13 -14 -15 25 -17 17 -19 -20 -21 21 24 -24 -25 -26 -27 -28 -29
leaf_value=-2.9080940723419193 1.6586351076761845 -1.6424346341027154 0.69673622449239059 0.7515567684173583 13.579735183715821 1.1269512002935282 4.9393825331249754 0.76420894882817203 -0.82573342046294462 -2.4270092725753756 -6.9695138931274414 -0.80241633142743796 0.31668843345313863 -2.5451265595176005 -4.225304489135743 0.7851364209101751 -0.53054878903286784 1.4102465087717231 1.6138129507833057 -1.1622668550564694 1.0211895942687976 -3.175086569786072 -2.4372531080245974 -1.0374865601460137 -2.5631011858853427 -3.0365505655606584 -4.1546434402465824 -3.311859512329101
leaf_weight=7.9999999999999982 3.0000000000000062 8.9999999999999982 3.0000000000000009 5 11.999999999999998 74 37 69 78 3.0000000000000027 3.9999999999999991 35 222 44 4.9999999999999982 91 14.000000000000002 10.999999999999998 45 12.999999999999998 3.0000000000000027 15.999999999999998 20 3 110 6 2.9999999999999991 5
leaf_count=8 3 9 3 5 12 74 37 69 78 3 4 35 222 44 5 91 14 11 45 13 3 16 20 3 110 6 3 5
internal_value=-0.0289974 0.844859 2.08765 7.20402 11.0031 1.52994 2.39776 0.18542 0.317028 -2.16615 -1.5058 -2.02347 0.0196588 -1.77304 -1.83257 0.566655 0.0287143 0.323401 1.09958 -0.633348 -2.61038 -2.53976 -1.98615 0.0806655 -2.64081 -3.57689 -3.268 -3.06339
internal_weight=951 675 234 23 15 211 111 441 414 276 111 83 300 79 27 100 28 25 114 16 165 149 23 8 126 11 16 13
internal_count=951 675 234 23 15 211 111 441 414 276 111 83 300 79 27 100 28 25 114 16 165 149 23 8 126 11 16 13
is_linear=0
shrinkage=0.05


Tree=29
num_leaves=31
num_cat=0
split_feature=1 2 7 4 6 8 2 0 4 1 4 0 7 4 4 0 0 1 4 2 4 4 7 6 1 4 1 6 6 1
split_gain=599348 166487 233546 247757 68516 268176 56715 55223.5 38106.1 63648 52351.5 71976.9 58009.4 33138.1 34270 33127 21420.8 15929.7 15236.7 9050.95 8418.82 37996.7 31664.6 10108.7 8332.45 7394.87 8715.87 3984.92 2902.37 2141.67
threshold=20995.295000000002 5961.6650000000009 5.5000000000000009 44810.000000000007 32.500000000000007 2.5000000000000004 17545.865000000002 30530.650000000005 45602.500000000007 27779.175000000007 44065.000000000007 38880.80000000001 1.0000000180025095e-35 39497.500000000007 42910.000000000007 34534.650000000001 32133.200000000004 23659.640000000003 47900.000000000007 16806.000000000004 42595.000000000007 43767.500000000007 2.5000000000000004 36.500000000000007 33430.540000000008 42520.000000000007 17652.300000000007 31.500000000000004 38.500000000000007 34821.745000000003
decision_type=2 2 2 2 2 2 2 2 2 2 2 2 2 2 2 2 2 2 2 2 2 2 2 2 2 2 2 2 2 2
left_child=6 2 4 24 16 -6 7 19 10 17 11 -3 -12 15 -15 -9 -2 -10 -11 27 25 22 -22 -23 -4 26 -8 -1 -27 -5
right_child=1 8 3 29 5 -7 20 13 9 18 12 -13 -14 14 -16 -17 -18 -19 -20 -21 21 23 -24 -25 -26 28 -28 -29 -30 -31
leaf_value=-2.4623914506700286 -0.8524993295019323 0.47600659257096556 10.411070442199701 -0.55888632610440259 0.18628394348280775 18.054041544596348 -2.4692676428117251 0.88294766454592999 -3.1408597787221275 0.92904258498123715 7.0362060546875007 -3.332627688921415 1.4376528348653548 -2.4502934318322405 0.69384104838738081 -4.5398000081380214 1.4408051332254914 -1.154919777940149 -0.80821583428803623 -0.93604755401611328 4.120754241943362 -4.3588059425353984 -1.0741345665671609 -2.1579530906677244 13.271780177525111 -5.2382761637369795 -0.34764387130737306 -3.8109152657645091 -3.1809417247772211 1.2083902200063068
leaf_weight=9.0000000000000053 10.999999999999998 271 4.0000000000000018 3.9999999999999991 6.9999999999999982 3 152 46 18 49 4.9999999999999991 12.999999999999998 62 26 12.999999999999998 2.9999999999999991 137 23 17 4.9999999999999991 3.9999999999999973 8.0000000000000018 11 14.999999999999998 7 2.9999999999999991 4.9999999999999991 13.999999999999998 4 3
leaf_count=9 11 271 4 4 7 3 152 46 18 49 5 13 62 26 13 3 137 23 17 5 4 8 11 15 7 3 5 14 4 3
internal_value=-0.0397842 0.848721 2.15577 7.55202 1.54101 5.54661 -1.81121 -0.930052 0.34645 -0.479581 0.59826 0.301668 1.85546 -0.314676 -1.40225 0.550943 1.27036 -2.0268 0.481567 -2.86409 -2.31722 -1.64664 0.311169 -2.92347 12.2315 -2.47259 -2.4017 -3.28323 -4.06266 0.198518
internal_weight=952 634 176 18 158 10 318 116 458 107 351 284 67 88 39 49 148 41 66 28 202 38 15 23 11 164 157 23 7 7
internal_count=952 634 176 18 158 10 318 116 458 107 351 284 67 88 39 49 148 41 66 28 202 38 15 23 11 164 157 23 7 7
is_linear=0
shrinkage=0.05


Tree=30
num_leaves=29
num_cat=0
split_feature=3 1 7 4 0 8 0 4 4 1 7 1 4 3 1 4 3 6 0 4 3 4 4 7 1 1 7 0
split_gain=543069 179200 287028 285164 78640.7 62186.1 62622.5 53187.8 51877.3 49339.8 56789.7 47780.7 32375.6 27369.5 24438.1 17735.9 21382.1 14395.9 17557 10294.4 7799.22 7448.69 19539.2 8089.23 3943.74 2277.01 156.882 129.65
threshold=0.55991650581239927 31772.66 5.5000000000000009 44810.000000000007 36436.700000000004 2.5000000000000004 39863.30000000001 43067.500000000007 44395.000000000007 24782.400000000001 2.5000000000000004 28193.150000000005 39905.000000000007 0.49459052855547403 35798.695000000007 36662.500000000007 0.27965812632997084 30.500000000000004 31051.800000000007 36662.500000000007 0.43416340267771097 42595.000000000007 42977.500000000007 1.0000000180025095e-35 33028.515000000007 34821.745000000003 1.0000000180025095e-35 34054.05000000001
decision_type=2 2 2 2 2 2 2 2 2 2 2 2 2 2 2 2 2 2 2 2 2 2 2 2 2 2 2 2
left_child=13 5 4 24 8 9 11 -8 -3 10 -2 -7 -11 15 -6 16 26 27 -19 -20 -18 23 -23 -17 -4 -5 -1 -15
right_child=1 2 3 25 14 6 7 -9 -10 12 -12 -13 -14 17 -16 21 20 18 19 -21 -22 22 -24 -25 -26 -27 -28 -29
leaf_value=-2.7116837910243432 -0.090655785373279035 0.89635138213634513 10.766755065917966 -0.59444367051124558 0.76471624938608374 0.66985919500626101 2.8397850672403973 -4.9669000983238227 8.0343427249363497 3.4333270549774171 -2.5573563170433045 2.3245415018905295 0.16164868825479695 1.1843517939249675 3.1489193439483643 -0.65488855600357054 -1.1670582917553407 -4.8828578948974615 0.58537643998861311 -1.2862441778182985 0.36492991298437122 0.073230609893798829 -2.5923177198930221 -2.7112107155539773 12.518140835232206 1.1479707400004064 -2.4383601960681736 1.6491990089416502
leaf_weight=7.0000000000000027 56 3.9999999999999982 5.0000000000000009 5 103 211 2.9999999999999991 7.9999999999999991 7 7.9999999999999991 40 55 138 2.9999999999999991 11.999999999999998 4.9999999999999991 27 2.9999999999999991 8.9999999999999982 40 11.999999999999998 9.9999999999999982 22 110 8.9999999999999982 3 21 3
leaf_count=7 56 4 5 5 103 211 3 8 7 8 40 55 138 3 12 5 27 3 9 40 12 10 22 110 9 3 21 3
internal_value=0.0173273 0.785195 2.31991 7.58949 1.39983 0.347548 0.859113 -2.8378 5.43871 -0.238003 -1.11845 1.01199 0.340919 -1.86564 1.0135 -2.12675 -1.45252 -0.902229 -1.16981 -0.942477 -0.695677 -2.43406 -1.75933 -2.62181 11.8926 0.0589617 -2.50669 1.41678
internal_weight=939 667 148 22 126 519 277 11 11 242 96 266 146 272 115 214 67 58 52 49 39 147 32 115 14 8 28 6
internal_count=939 667 148 22 126 519 277 11 11 242 96 266 146 272 115 214 67 58 52 49 39 147 32 115 14 8 28 6
is_linear=0
shrinkage=0.05


Tree=31
num_leaves=27
num_cat=0
split_feature=1 1 7 8 2 7 6 3 0 6 0 2 6 1 0 0 7 1 3 2 6 3 2 0 7 0
split_gain=528450 190018 340476 49713.9 48637.1 48127.5 67662.9 38898.5 37974.4 38915.3 33609.3 32831.2 22912 20919.7 20389.1 23169.7 21573.7 14630.7 13999.3 13436.2 24842.5 9770.26 7980.53 4114.77 2262.44 159.115
threshold=20995.295000000002 31772.66 5.5000000000000009 3.5000000000000004 1721.2 1.0000000180025095e-35 32.500000000000007 0.49932034850743051 33552.000000000007 34.500000000000007 30530.650000000005 12645.645000000002 33.500000000000007 36295.825000000004 34721.05000000001 35936.700000000004 4.5000000000000009 28193.150000000005 0.49626801538123105 18299.375000000004 38.500000000000007 0.64190918007102715 18438.790000000005 30007.450000000004 4.5000000000000009 28668.350000000002
decision_type=2 2 2 2 2 2 2 2 2 2 2 2 2 2 2 2 2 2 2 2 2 2 2 2 2 2
left_child=7 3 5 8 -4 6 -3 18 9 -2 23 -10 -6 -7 16 -16 -12 21 19 20 -1 -5 -21 25 -19 -9
right_child=1 2 4 17 12 13 -8 10 11 -11 14 -13 -14 -15 15 -17 -18 24 -20 22 -22 -23 -24 -25 -26 -27
leaf_value=-1.6419494979911382 -0.75455791546238793 1.7093673934107241 3.0132951200008367 2.6998035788536074 7.7532961577177026 0.53320202261209493 7.0478426694870002 -3.0969495773315443 0.59911800627560019 -5.9008232116699224 0.93844654171261943 -0.53611954327891853 11.352766963413785 2.9588284873962403 -3.498663654327391 -0.49692755540211997 -1.0218644102811814 2.6854770350456234 -4.935034847259522 -4.7208117167154944 1.7831319570541382 0.84958963940576226 -2.1187680054141818 -4.9804424285888658 1.2130064725875855 -2.6363481140136713
leaf_weight=45 45 23.000000000000004 4.0000000000000027 7.9999999999999991 12.000000000000002 80 7.9999999999999991 2.9999999999999982 254 3.9999999999999991 32 85 6.9999999999999991 9.9999999999999982 10.000000000000002 18 25 20.000000000000004 3.9999999999999991 2.9999999999999991 5.9999999999999991 66 166 3 2.9999999999999991 5
leaf_count=45 45 23 4 8 12 80 8 3 254 4 32 85 7 10 10 18 25 20 4 3 6 66 166 3 3 5
internal_value=0.0114895 0.853056 2.44795 0.37952 8.02444 1.38796 3.08704 -1.64271 0.126411 -1.17466 -0.800641 0.314471 9.07942 0.802716 -0.46409 -1.56898 0.078661 1.39196 -2.0036 -1.9503 -1.239 1.04961 -2.16496 -3.40127 2.49342 -2.80907
internal_weight=949 629 144 485 23 121 31 320 388 49 96 339 19 90 85 28 57 97 224 220 51 74 169 11 23 8
internal_count=949 629 144 485 23 121 31 320 388 49 96 339 19 90 85 28 57 97 224 220 51 74 169 11 23 8
is_linear=0
shrinkage=0.05


Tree=32
num_leaves=25
num_cat=0
split_feature=1 3 3 4 1 1 7 4 4 0 7 4 4 4 7 1 1 6 7 2 0 4 7 0
split_gain=483155 115888 90746.9 75272.5 61937.1 61067.2 120611 178556 52992.6 35798.3 35359.1 30708.7 31780.1 24058.8 19910.5 22851.4 22692.8 17363.2 17259.4 16464.5 10247.5 4096.02 3949.31 47.7819
threshold=23315.780000000002 0.94203075712306306 0.50436056180436795 46105.000000000007 34730.385000000009 30585.235000000004 5.5000000000000009 44810.000000000007 44860.000000000007 30892.400000000005 2.5000000000000004 39497.500000000007 42277.500000000007 39295.000000000007 1.0000000180025095e-35 17745.175000000003 17652.300000000007 26.500000000000004 1.5000000000000002 22111.180000000004 31441.750000000004 39905.000000000007 4.5000000000000009 30072.550000000003
decision_type=2 2 2 2 2 2 2 2 2 2 2 2 2 2 2 2 2 2 2 2 2 2 2 2
left_child=2 5 14 9 17 11 8 -8 -7 21 -11 13 -13 -2 19 16 -16 -3 -5 20 -1 -4 -20 -21
right_child=1 4 3 18 -6 6 7 -9 -10 10 -12 12 -14 -15 15 -17 -18 -19 22 23 -22 -23 -24 -25
leaf_value=2.2098632494608554 0.98483015719146361 6.0380934715271017 -1.7906669060389195 -0.16723558902740465 0.32665398120880118 2.109406456891652 10.965773773193362 -0.44462600847085315 0.39830787332521544 0.87266884491413466 -0.61861636886373172 -0.81676184234477711 0.52132234128826827 3.5860881853103637 -2.034967967028757 -5.3924783706665043 2.3452227910359702 11.070127487182615 -5.4455963134765568 -2.6002173105875652 -0.71239628791809073 -3.4940008544921874 -3.4686875134706501 -2.3180177688598627
leaf_weight=6.0000000000000018 80 2.9999999999999982 12.000000000000002 4.0000000000000027 3 91 7.9999999999999982 6 90 79 80 59 179 9.9999999999999982 206 4.9999999999999991 2.9999999999999991 4 3.0000000000000027 2.9999999999999991 6 4.9999999999999991 15.999999999999998 3
leaf_count=6 80 3 12 4 3 91 8 6 90 79 80 59 179 10 206 5 3 4 3 3 6 5 16 3
internal_value=-0.000932894 1.00565 -1.24573 -0.462368 6.33748 0.903704 1.60442 6.0756 1.25858 -0.110832 0.122337 0.487119 0.189612 1.27386 -1.91767 -2.05201 -1.97209 8.91354 -3.15238 -0.32055 0.748733 -2.29165 -3.78083 -2.45912
internal_weight=964 533 431 199 10 523 195 14 181 176 159 328 238 90 232 214 209 7 23 18 12 17 19 6
internal_count=964 533 431 199 10 523 195 14 181 176 159 328 238 90 232 214 209 7 23 18 12 17 19 6
is_linear=0
shrinkage=0.05


Tree=33
num_leaves=31
num_cat=0
split_feature=1 4 4 1 4 1 2 2 1 8 7 4 4 7 1 1 3 4 2 7 2 1 2 4 7 6 2 4 4 1
split_gain=453881 107244 447895 370504 91612.4 103162 121064 89225.9 83882.1 62235.1 123425 56747.7 46518.1 52483.6 34747.9 34424.9 25723.2 25117.7 15557.6 13663 13453.5 11679.6 10197.9 15500.3 6905.38 6859.78 6341.13 5882.16 5188.45 856.904
threshold=23315.780000000002 44065.000000000007 44810.000000000007 29385.875000000004 42977.500000000007 29880.090000000004 7716.9150000000009 16341.120000000001 32671.215000000007 2.5000000000000004 3.5000000000000004 39052.500000000007 44860.000000000007 5.5000000000000009 27556.505000000001 35798.695000000007 0.60716064715290108 39497.500000000007 5482.7650000000012 1.0000000180025095e-35 16806.000000000004 12007.765000000001 22111.180000000004 42977.500000000007 2.5000000000000004 30.500000000000004 16704.135000000006 44585.000000000007 36372.500000000007 26010.670000000006
decision_type=2 2 2 2 2 2 2 2 2 2 2 2 2 2 2 2 2 2 2 2 2 2 2 2 2 2 2 2 2 2
left_child=7 4 3 27 14 29 -7 9 -5 10 11 -1 13 -4 18 -14 -12 -16 -2 22 26 -22 23 -9 28 -26 -21 -3 -11 -6
right_child=1 2 12 8 5 6 -8 19 -10 24 16 -13 15 -15 17 -17 -18 -19 -20 20 21 -23 -24 -25 25 -27 -28 -29 -30 -31
leaf_value=-2.6064064979553225 -2.6177841711044314 2.3434524944850375 4.6213272503444127 7.3395724072175854 0.095525884628295865 -2.1674968551186953 -11.018247222900392 1.595368076860904 12.799522336324056 1.5470454247224898 -2.7653636932373042 0.88159005693918058 0.011586305284551505 0.2918778428009578 2.4248877035246958 2.5277361567815149 -5.8711998263994856 0.85713290070945569 0.23284360147746549 -2.7585133249560996 -2.1742470779589245 -1.420548381303486 -2.3629706954956058 -2.2166526317596436 0.89444320082664497 -0.25489175649913581 -5.0572683811187744 0.91841002146402995 0.40671053309189653 0.75283301998587226
leaf_weight=15.999999999999998 4.9999999999999991 14 14 17.000000000000004 7.0000000000000027 17.000000000000004 4.9999999999999991 8.0000000000000018 11.999999999999998 21 15.000000000000002 43 145 14 36 14.999999999999998 11.999999999999998 88 112 11.999999999999998 112 95 4.9999999999999991 3.9999999999999991 20 37 3.9999999999999991 15 19 17
leaf_count=16 5 14 14 17 7 17 5 8 12 21 15 43 145 14 36 15 12 88 112 12 112 95 5 4 20 37 4 15 19 17
internal_value=0.024896 0.995448 1.76151 5.60261 0.33882 -1.70591 -4.17903 -1.19805 9.59886 -0.366424 -1.34569 -0.0643073 0.576494 2.4566 0.7291 0.247475 -4.14574 1.31229 0.111022 -1.83216 -1.93632 -1.82835 -0.465795 0.324695 0.501787 0.148384 -3.3332 1.60636 1.00539 0.561118
internal_weight=956 533 246 58 287 46 22 423 29 183 86 59 188 28 241 160 27 124 117 240 223 207 17 12 97 57 16 29 40 24
internal_count=956 533 246 58 287 46 22 423 29 183 86 59 188 28 241 160 27 124 117 240 223 207 17 12 97 57 16 29 40 24
is_linear=0
shrinkage=0.05


Tree=34
num_leaves=29
num_cat=0
split_feature=3 3 5 8 2 3 8 4 4 4 1 4 4 1 2 4 4 7 2 1 1 7 2 3 2 4 4 2
split_gain=394855 134787 185783 151830 124098 80749.2 32514 37364.7 48256.7 40584.7 36959.5 76308.8 27143.1 24544.7 20280.5 29652.1 33032.5 37609.5 10088.4 6366.75 32615.1 15513.3 7260.57 6106.36 5434.24 4900.68 3879.01 3933.93
threshold=0.55991650581239927 0.80931655399799518 7.5000000000000009 2.5000000000000004 5961.6650000000009 0.94203075712306306 2.5000000000000004 42277.500000000007 39905.000000000007 45602.500000000007 31056.305000000004 43067.500000000007 44860.000000000007 34394.765000000007 18215.580000000005 36662.500000000007 37010.000000000007 1.5000000000000002 6390.1550000000016 16736.175000000007 16228.635 2.5000000000000004 19066.700000000001 0.77093533516621349 19693.770000000004 42910.000000000007 28185.000000000004 17224.935000000005
decision_type=2 2 2 2 2 2 2 2 2 2 2 2 2 2 2 2 2 2 2 2 2 2 2 2 2 2 2 2
left_child=14 6 5 18 -5 12 7 8 -2 -9 23 -12 -3 -7 15 26 -17 -18 -4 20 25 22 -21 -8 -23 -16 -1 -28
right_child=1 2 3 4 -6 13 10 9 -10 -11 11 -13 -14 -15 19 16 17 -19 -20 21 -22 24 -24 -25 -26 -27 27 -29
leaf_value=-1.0015607833862297 0.02271032580013933 1.2391182714744526 0.20351117054621373 11.633377685546872 4.0916138271490734 9.9218025207519531 0.54381533831985174 1.1474469780921936 -2.8873929010970252 -0.62159369599025749 2.9911481221516927 -7.5579588890075673 -0.0030251418856474073 3.525881671905517 -1.9595370467726168 -6.6624702453613285 0.63051861657036679 -2.0916401852008906 2.5109900897741322 -5.1254903157552061 3.3978960037231447 -0.049700813293457026 -2.5456600189208984 1.2696832497330275 -2.741476376851399 -1.0615594415103689 0.2969707706395317 1.7861507574717206
leaf_weight=4.0000000000000027 29 136 9.0000000000000018 10.000000000000002 11.999999999999998 2.9999999999999991 196 56 28 77 2.9999999999999991 4 65 3 143 2.9999999999999991 18 43 9.9999999999999982 6.0000000000000018 2.9999999999999991 5 5 34 3 17 17.000000000000004 5.9999999999999991
leaf_count=4 29 136 9 10 12 3 196 56 28 77 3 4 65 3 143 3 18 43 10 6 3 5 5 34 3 17 17 6
internal_value=0.0410395 0.689994 1.6171 4.69206 7.51969 1.00805 0.151533 -0.335758 -1.40681 0.123266 0.542188 -3.03691 0.83743 6.72384 -1.56352 -0.95406 -1.54029 -1.28838 1.41797 -1.86825 -1.76728 -2.73443 -3.95284 0.651118 -1.05912 -1.86413 0.435525 0.685453
internal_weight=948 675 248 41 22 207 427 190 57 133 237 7 201 6 273 91 64 61 19 182 163 19 11 230 8 160 27 23
internal_count=948 675 248 41 22 207 427 190 57 133 237 7 201 6 273 91 64 61 19 182 163 19 11 230 8 160 27 23
is_linear=0
shrinkage=0.05


Tree=35
num_leaves=31
num_cat=0
split_feature=1 1 7 4 3 7 8 6 0 0 4 4 3 4 8 3 4 5 4 4 1 4 1 7 1 7 3 1 3 1
split_gain=336615 88477.4 180943 204450 65456.2 59617.8 69692.4 58587.7 278213 45069.8 30991.9 34973.7 20381.4 19469.3 17376.7 15424.5 14885.3 14380.4 13253.9 11615.9 15644.8 12043.4 9293.62 10605.7 6625.75 5701.67 5082.69 4541.47 3831.78 2442.38
threshold=23315.780000000002 32152.670000000002 5.5000000000000009 44810.000000000007 0.50436056180436795 4.5000000000000009 2.5000000000000004 30.500000000000004 38044.400000000001 31756.300000000003 39497.500000000007 42277.500000000007 0.90639175606366962 44860.000000000007 2.5000000000000004 0.83536318148236244 44065.000000000007 7.5000000000000009 39715.000000000007 36662.500000000007 12201.770000000002 34905.000000000007 18217.765000000003 2.5000000000000004 34547.435000000005 1.0000000180025095e-35 0.54385781232014196 29119.790000000005 0.35098047766928586 34821.745000000003
decision_type=2 2 2 2 2 2 2 2 2 2 2 2 2 2 2 2 2 2 2 2 2 2 2 2 2 2 2 2 2 2
left_child=4 10 7 24 19 9 16 12 -9 17 15 14 -3 -13 -12 25 -7 -6 -11 20 28 -22 23 -21 -4 -2 -8 -17 -1 -5
right_child=1 2 3 29 5 6 26 8 -10 18 11 13 -14 -15 -16 27 -18 -19 -20 22 21 -23 -24 -25 -26 -27 -28 -29 -30 -31
leaf_value=-1.4611706131382993 0.040133961805930513 -0.41467424152895466 8.8689056743275039 -1.0718913793563842 -0.33196288744608549 -4.9789328956603995 -1.4190291213989248 12.568768533070882 0.89062115081092896 1.2552695069110618 -1.5462379402057691 0.94030718171929983 1.5517251727612396 0.030853060424327852 0.1023243483035795 3.6839179039001446 -2.5729516267776491 -2.9759085814158124 0.16587180363929879 -1.0804917812347412 -0.78920016830617723 1.3819632212320965 -4.5243862787882483 -1.9675905500139512 11.245235824584956 1.2155316403061152 0.32728510034084324 2.0708824694156647 -2.9335763168334963 0.73268677592277509
leaf_weight=38 12.999999999999998 43 10.999999999999998 5 9.0000000000000018 10.000000000000002 5.0000000000000027 5.9999999999999991 34 53 33 143 19 100 31 6.0000000000000027 18 11.999999999999998 59 47 22.000000000000004 8.9999999999999982 2.9999999999999991 119 4.0000000000000009 50 25 15.999999999999998 4.9999999999999991 3
leaf_count=38 13 43 11 5 9 10 5 6 34 53 33 143 19 100 31 6 18 12 59 47 22 9 3 119 4 50 25 16 5 3
internal_value=0.0335851 0.895463 2.05378 6.05989 -0.993122 -0.300515 -1.6382 1.15045 2.64234 0.282836 0.5261 0.292168 0.187932 0.566046 -0.747716 1.37101 -3.43223 -1.84279 0.68139 -1.53752 -1.0151 -0.158862 -1.76627 -1.71642 9.50259 0.972989 0.0362327 2.5108 -1.63238 -0.395175
internal_weight=951 517 125 23 434 191 58 102 40 133 392 307 62 243 64 85 28 21 112 243 74 31 169 166 15 63 30 22 43 8
internal_count=951 517 125 23 434 191 58 102 40 133 392 307 62 243 64 85 28 21 112 243 74 31 169 166 15 63 30 22 43 8
is_linear=0
shrinkage=0.05


Tree=36
num_leaves=25
num_cat=0
split_feature=3 3 6 8 2 6 3 8 0 0 4 2 0 4 4 6 2 6 7 4 3 0 2 7
split_gain=299002 85704.2 120694 79420.3 63555.9 35145.8 51850.4 31938.5 37685.9 25327.1 122606 25289.7 24071.1 19704.5 16860.4 14293.8 10091.3 9931.66 8772.27 8598.84 7437.75 6944.54 6528.93 6018.96
threshold=0.57996534535710154 0.88169075444973533 30.500000000000004 2.5000000000000004 4011.7500000000005 38.500000000000007 0.82224327644524819 2.5000000000000004 39426.55000000001 35130.30000000001 44395.000000000007 18299.375000000004 30530.650000000005 46105.000000000007 39905.000000000007 29.500000000000004 18675.280000000002 29.500000000000004 2.5000000000000004 27195.000000000004 0.50436056180436795 39941.850000000006 17224.935000000005 3.5000000000000004
decision_type=2 2 2 2 2 2 2 2 2 2 2 2 2 2 2 2 2 2 2 2 2 2 2 2
left_child=11 5 9 -4 -5 7 21 14 -9 10 -3 12 19 15 -2 -14 18 -11 -13 -1 23 -7 -21 -18
right_child=1 2 3 4 -6 6 -8 8 -10 17 -12 16 13 -15 -16 -17 20 -19 -20 22 -22 -23 -24 -25
leaf_value=0.63476152420043952 0.9014860524850733 0.90222565531730636 1.241845273971558 12.859447326660154 4.403660380840301 1.8594829964637754 8.2454093933105472 0.74342179878718329 -2.9725176130022324 0.36006353121736778 9.576079330444335 -4.7234512329101568 1.4380337993303935 -4.281244977315267 -0.29752479914243513 -0.43166240004525669 -1.3218607382194416 2.381643255693572 -1.7616500091552731 -2.6402222542535689 0.86037378311157231 0.18702808486090766 -0.96166843175888062 -1.9369325194247935
leaf_weight=2.9999999999999991 34 22.000000000000004 4.9999999999999973 5 4 20.000000000000004 2.9999999999999991 270 6.9999999999999991 46 4.9999999999999991 4.9999999999999982 11.999999999999998 2.9999999999999991 213 69 74 6.9999999999999991 5 21.000000000000004 2.9999999999999991 8.9999999999999982 7.9999999999999991 86
leaf_count=3 34 22 5 5 4 20 3 270 7 46 5 5 12 3 213 69 74 7 5 21 3 9 8 86
internal_value=0.0202811 0.615212 2.01154 6.29436 9.10132 0.379142 1.98779 0.280905 0.649517 1.26205 2.50849 -1.3178 -0.746601 -0.302048 -0.132479 -0.15467 -1.7008 0.627065 -3.24255 -1.91355 -1.60621 1.34045 -2.17717 -1.65246
internal_weight=939 650 94 14 9 556 32 524 277 80 27 289 116 84 247 81 173 53 10 32 163 29 29 160
internal_count=939 650 94 14 9 556 32 524 277 80 27 289 116 84 247 81 173 53 10 32 163 29 29 160
is_linear=0
shrinkage=0.05


Tree=37
num_leaves=30
num_cat=0
split_feature=1 4 4 1 4 0 2 4 7 4 1 8 0 1 4 7 1 4 4 4 0 4 4 0 4 4 1 7 6
split_gain=283284 74329.9 295977 265273 77998.3 157385 49254.7 53243.8 53592.4 72478.4 29976.5 29563 28012.3 21388.5 19195.4 23731.4 22174.1 15713.4 14387.4 13693.4 7215.69 7004.55 55729.8 6849.07 6370.93 5544.55 8053.58 7692.32 3331.68
threshold=23315.780000000002 44065.000000000007 44810.000000000007 29385.875000000004 43067.500000000007 39426.55000000001 18215.580000000005 36662.500000000007 2.5000000000000004 39052.500000000007 32097.435000000001 2.5000000000000004 37007.750000000007 27556.505000000001 44860.000000000007 5.5000000000000009 35798.695000000007 39905.000000000007 36090.000000000007 39497.500000000007 33350.05000000001 42977.500000000007 42910.000000000007 36380.400000000001 44585.000000000007 45077.500000000007 17344.030000000002 1.5000000000000002 29.500000000000004
decision_type=2 2 2 2 2 2 2 2 2 2 2 2 2 2 2 2 2 2 2 2 2 2 2 2 2 2 2 2 2
left_child=6 4 3 24 13 10 7 18 9 -9 -6 -10 -5 17 15 -4 -16 -2 28 -15 -20 22 23 -8 -3 26 -23 -27 -1
right_child=1 2 14 12 5 -7 21 8 11 -11 -12 -13 -14 19 16 -17 -18 -19 20 -21 -22 25 -24 -25 -26 27 -28 -29 -30
leaf_value=0.90779461860656741 0.58851280148212737 2.1856285027095246 3.2117567795973558 6.3897776073879644 0.54165434241294852 -10.22977752685547 -1.7240122373956834 -2.5010017295678457 -2.5892938405275348 0.68896199957184168 -2.8404153633117679 -0.7827169668980134 9.9182220204671232 1.8188120620591299 0.032707523284753896 0.29303253769874571 2.1941580735720119 -0.53851119628397093 0.42684936771790166 0.65144377618693239 2.5504792849222824 -2.0732110977172833 4.3497414588928223 -0.36856006622314452 0.67720774071557177 0.42613592147827095 -5.5002808888753236 -2.2889703559875492 -0.010823286670010264
leaf_weight=12.999999999999998 65 14 13 9.0000000000000018 19.000000000000004 4.9999999999999991 137 24 54 69 9.9999999999999982 39 14.999999999999998 35 136 15 12.999999999999998 59 6.0000000000000027 89 11.999999999999998 4.0000000000000027 3.9999999999999991 9.9999999999999982 14 3.0000000000000027 3 20 41
leaf_count=13 65 14 13 9 19 5 137 24 54 69 10 39 15 35 136 15 13 59 6 89 12 4 4 10 14 3 3 20 41
internal_value=-0.0481494 0.752129 1.42132 4.73771 0.208711 -2.03711 -0.979681 -0.536082 -0.982976 -0.134254 -0.624577 -1.8317 8.59506 0.516605 0.447009 1.64815 0.22129 0.0522675 0.618395 0.980943 1.8426 -1.61199 -1.47335 -1.6318 1.43142 -2.30982 -3.54196 -1.93483 0.210325
internal_weight=950 511 229 52 282 34 439 258 186 93 29 93 24 248 177 28 149 124 72 124 18 181 151 147 28 30 7 23 54
internal_count=950 511 229 52 282 34 439 258 186 93 29 93 24 248 177 28 149 124 72 124 18 181 151 147 28 30 7 23 54
is_linear=0
shrinkage=0.05


Tree=38
num_leaves=27
num_cat=0
split_feature=1 4 4 1 0 4 2 0 4 7 4 7 4 4 4 1 1 4 4 0 3 0 2 0 4 6
split_gain=287999 75755.6 338585 299143 87847.7 119351 47651.7 41635.8 39167.9 35455.4 35228.8 38671.3 44173.5 29642.1 28477.6 20887.9 19524.1 16077 12096.5 7812.1 7206.94 6249.09 5760.87 4765.7 50573 9131.76
threshold=23459.895 44065.000000000007 44810.000000000007 30718.174999999999 39426.55000000001 43067.500000000007 18299.375000000004 36423.400000000009 44860.000000000007 5.5000000000000009 36662.500000000007 2.5000000000000004 39052.500000000007 37740.000000000007 39497.500000000007 35798.695000000007 28193.150000000005 42277.500000000007 36090.000000000007 37564.000000000007 0.45153582731408642 33350.05000000001 18438.790000000005 34971.80000000001 42910.000000000007 34.500000000000007
decision_type=2 2 2 2 2 2 2 2 2 2 2 2 2 2 2 2 2 2 2 2 2 2 2 2 2 2
left_child=6 4 3 19 14 -6 10 -5 9 -4 18 12 -12 -13 16 -10 -2 -16 20 -3 -1 -20 -8 24 -24 -25
right_child=1 2 8 7 5 -7 22 -9 15 -11 11 13 -14 -15 17 -17 -18 -19 21 -21 -22 -23 23 25 -26 -27
leaf_value=2.0972777605056763 0.60310645351043124 0.84909089267253857 4.0612896185654854 6.1197031527757622 2.8965890884399408 -9.7182884216308594 -3.4817484378814698 10.537483310699464 -0.034373559620206717 0.36849858485735376 -2.2111578536033631 2.1131508445739748 0.47597360535309863 -1.844516820596023 -0.65755910318631394 2.1329896807670594 2.2472907257080079 0.30802272568980699 0.40550689920783045 2.9061645507812504 -0.10672239439160217 2.4886882464090987 -1.5756946611404421 0.7139704068501791 4.1322544097900389 -2.1261681537628174
leaf_weight=3.9999999999999991 65 20.000000000000004 13 8.0000000000000018 3 5 3.9999999999999991 15.999999999999998 151 13 20 4.9999999999999991 65 88 65 11.999999999999998 25 128 5.9999999999999991 5.9999999999999991 51 8.9999999999999982 130 2.9999999999999991 3.9999999999999991 50
leaf_count=4 65 20 13 8 3 5 4 16 151 13 20 5 65 88 65 12 25 128 6 6 51 9 130 3 4 50
internal_value=-0.0634953 0.721013 1.38062 5.03952 0.179272 -4.98771 -1.01062 9.06489 0.41266 2.21489 -0.553464 -0.927172 -0.156293 -1.63174 0.325335 0.125187 1.05982 -0.0171732 0.396821 1.3238 0.0535685 1.65542 -1.60421 -1.56405 -1.40531 -1.96541
internal_weight=969 530 239 50 291 8 439 24 189 26 248 178 85 93 283 163 90 193 70 26 55 15 191 187 134 53
internal_count=969 530 239 50 291 8 439 24 189 26 248 178 85 93 283 163 90 193 70 26 55 15 191 187 134 53
is_linear=0
shrinkage=0.05


Tree=39
num_leaves=28
num_cat=0
split_feature=1 2 7 2 4 0 7 7 0 1 4 4 6 6 0 6 0 4 2 2 4 4 1 0 0 4 6
split_gain=222637 66422.4 57847.1 103646 111382 42834.9 26373.3 46030.8 121776 43550.1 53347.6 24662.5 19868.2 16760.9 16235.1 14979.8 11628.4 8448.37 7535.87 5463.42 4761.12 17706.8 2489.6 2427.41 1485.92 930.39 708.86
threshold=25337.155000000002 18299.375000000004 5.5000000000000009 6339.0600000000004 44810.000000000007 31299.350000000002 1.5000000000000002 2.5000000000000004 39327.650000000001 27648.350000000002 46922.500000000007 46105.000000000007 29.500000000000004 33.500000000000007 34779.250000000007 38.500000000000007 32431.900000000005 27195.000000000004 6151.7050000000008 18438.790000000005 36372.500000000007 33577.500000000007 17652.300000000007 39164.80000000001 37037.250000000007 44810.000000000007 34.500000000000007
decision_type=2 2 2 2 2 2 2 2 2 2 2 2 2 2 2 2 2 2 2 2 2 2 2 2 2 2 2
left_child=1 5 6 4 14 17 9 8 -8 16 -11 12 -7 -9 -4 -13 -2 -1 -19 -3 21 -21 -22 25 -6 -5 -25
right_child=2 19 3 23 24 11 7 13 -10 10 -12 15 -14 -15 -16 -17 -18 18 -20 20 22 -23 -24 26 -26 -27 -28
leaf_value=0.68770928382873542 -2.4344932055473332 -3.307661008834839 4.1521682103474893 0.31687379520800357 0.64497268597284962 0.8825152366608382 -0.17740920625316603 0.40087607196297781 -8.376840972900391 2.3978720191319787 -0.7043031938812313 -1.9749410587808356 -0.12885236165845224 1.3650849162443326 8.2645347913106288 1.0446823883056642 0.15299874860228915 0.73871280352274582 -1.8413425521850586 -1.5472926391495598 -1.6718846583151603 0.74484882354736337 -0.84819100379943857 1.6319416046142576 -0.82708910107612599 -0.42419868037104608 0.65975499153137207
leaf_weight=3.9999999999999991 4.9999999999999991 3.9999999999999991 3.0000000000000027 9.0000000000000053 2.9999999999999991 65 48 147 4.9999999999999991 75 17 23.000000000000004 192 65 11.999999999999998 4.9999999999999991 33 2.9999999999999991 50 36 111 10.999999999999998 9.9999999999999982 3 4 7.9999999999999991 5
leaf_count=4 5 4 3 9 3 65 48 147 5 75 17 23 192 65 12 5 33 3 50 36 111 11 10 3 4 8 5
internal_value=0.0276528 -0.679917 0.850483 2.50873 5.0117 -0.276832 0.653173 0.367017 -0.950941 1.23649 1.82464 -0.0265838 0.126941 0.696506 7.44206 -1.43572 -0.187461 -1.52807 -1.6953 -1.4814 -1.43792 -1.01083 -1.60381 0.306115 -0.196205 -0.0318662 1.02432
internal_weight=956 514 442 47 22 342 395 265 53 130 92 285 257 212 15 28 38 57 53 172 168 47 121 25 7 17 8
internal_count=956 514 442 47 22 342 395 265 53 130 92 285 257 212 15 28 38 57 53 172 168 47 121 25 7 17 8
is_linear=0
shrinkage=0.05


Tree=40
num_leaves=31
num_cat=0
split_feature=1 4 4 1 4 4 0 7 2 0 7 4 0 1 4 4 2 1 2 2 1 2 0 3 0 0 4 2 4 1
split_gain=238853 58647.8 257188 128159 68082 56161 125384 29416.6 39661.2 40006 28858.2 23646.3 29431.5 18426.8 17842.8 27760.8 17062.9 13348.9 12370.5 28601.7 10393.9 10278.5 9407.86 6650.41 6462.23 4905.22 2703.19 2433.52 2329.35 1248.82
threshold=23315.780000000002 44065.000000000007 44860.000000000007 32051.535000000003 44810.000000000007 42977.500000000007 38880.80000000001 4.5000000000000009 18299.375000000004 30339.650000000005 3.5000000000000004 37740.000000000007 30892.400000000005 35798.695000000007 42752.500000000007 39905.000000000007 11708.640000000001 31399.285000000007 19353.930000000004 19475.870000000003 15058.27 19023.465000000004 33158.750000000007 0.63967239594237391 39742.750000000007 39863.30000000001 39905.000000000007 6390.1550000000016 27195.000000000004 36295.825000000004
decision_type=2 2 2 2 2 2 2 2 2 2 2 2 2 2 2 2 2 2 2 2 2 2 2 2 2 2 2 2 2 2
left_child=7 5 3 10 -5 14 17 8 9 26 -3 12 28 24 15 -2 -13 -7 21 -20 -11 -10 -14 -18 -4 -8 -1 -16 -9 -15
right_child=1 2 13 4 -6 6 25 11 18 20 -12 16 22 29 27 -17 23 -19 19 -21 -22 -23 -24 -25 -26 -27 -28 -29 -30 -31
leaf_value=-1.4624679550047845 0.89935073307624058 5.2720082600911464 -0.21290853917598726 7.7536021723633723 2.5558449334568438 0.41346469609998171 -6.0524976094563812 -1.4078892813788517 -1.6403974294662473 1.9757657095789911 1.5649865506660372 -4.7338051223754887 0.25874105960522825 1.0584342002868652 1.1748989302179087 -0.2700776183701093 -1.8246174419379753 -1.6289676904678345 3.0564322948455813 -1.2634991399534456 0.12238510072552899 -3.9869561467851913 2.9266593694686893 0.25798206478357316 0.51091981767568473 -8.7270898818969709 -2.7153019332885742 1.9934949048360189 -2.5454667674170595 2.2215718078613285
leaf_weight=31 102 5.9999999999999991 109 21 9.0000000000000018 24 2.9999999999999991 9 14.000000000000002 7.9999999999999991 42 4.9999999999999991 19.000000000000004 2.9999999999999991 23 101 92 11.999999999999998 3.9999999999999991 91 139 6.9999999999999991 3.9999999999999991 3.9999999999999991 43 4 4.9999999999999991 14.999999999999998 9 9.9999999999999982
leaf_count=31 102 6 109 21 9 24 3 9 14 8 42 5 19 3 23 101 92 12 4 91 139 7 4 4 43 4 5 15 9 10
internal_value=-0.0239129 0.694562 1.26479 3.63064 6.19428 0.206657 -1.45791 -0.882498 -0.601078 -0.142598 2.02836 -1.47507 -0.462378 0.146385 0.503656 0.317517 -1.88616 -0.267346 -1.32437 -1.08161 0.223249 -2.42258 0.722727 -1.73784 -0.00814131 -7.58084 -1.63647 1.49803 -1.97668 1.95316
internal_weight=968 527 243 78 30 284 43 441 299 183 48 142 41 165 241 203 101 36 116 95 147 21 23 96 152 7 36 38 18 13
internal_count=968 527 243 78 30 284 43 441 299 183 48 142 41 165 241 203 101 36 116 95 147 21 23 96 152 7 36 38 18 13
is_linear=0
shrinkage=0.05


Tree=41
num_leaves=28
num_cat=0
split_feature=1 1 0 6 0 8 2 0 0 0 7 0 0 2 6 2 3 6 1 7 1 0 3 2 6 3 1
split_gain=198783 51994.3 77545.2 50688.2 177672 37593.4 35214.9 20958.2 24769.4 19337.7 27557.5 48905.1 17696.7 17300.8 16067.1 13916.5 11004 37996.2 11002.6 8785.57 7813.25 6622.93 6551.32 6063.24 3700.51 3517.78 293.451
threshold=22256.405000000006 31772.66 35239.400000000001 30.500000000000004 38010.400000000001 2.5000000000000004 16379.350000000002 36075.000000000007 35717.650000000001 36075.000000000007 2.5000000000000004 31756.300000000003 32133.200000000004 13873.655000000001 25.500000000000004 20528.805000000004 0.79110185962080826 35.500000000000007 32411.960000000006 4.5000000000000009 29880.090000000004 30892.400000000005 0.90639175606366962 19066.700000000001 30.500000000000004 0.53355193731606432 17526.970000000005
decision_type=2 2 2 2 2 2 2 2 2 2 2 2 2 2 2 2 2 2 2 2 2 2 2 2 2 2 2
left_child=5 12 18 22 -5 9 21 8 -8 10 11 -1 14 -12 -2 -9 20 -18 -3 23 -14 -7 -4 -11 -16 -23 -21
right_child=1 2 3 4 -6 6 7 15 -10 19 13 -13 16 -15 24 -17 17 -19 -20 26 -22 25 -24 -25 -26 -27 -28
leaf_value=-1.7870988540649415 -4.3498624801635692 4.7892257690429689 -0.11951295909832936 9.1060493260622035 1.1885650430054915 -1.9660176595052083 -1.0722101988178669 1.4334800362586972 -4.1478100299835203 -4.1515430641174307 -4.657090301513672 1.445224679261446 0.26109938838582231 -1.6141360900771451 -0.16782512721561249 -1.6704664993286134 0.54417003270907283 4.3365263530186251 9.0714759826660138 -1.5063561201095581 -0.81732331025931571 1.4209400832653047 0.87516453599929811 -2.3047691941261292 -1.4952836070741926 0.31250079321839358 -1.9346163749694825
leaf_weight=25 3.0000000000000027 2.9999999999999991 49 7.9999999999999991 62 2.9999999999999991 101 13.000000000000002 6.9999999999999991 10.000000000000002 4.9999999999999991 22 251 71 21.000000000000004 4.9999999999999991 117 6.9999999999999991 3 7.9999999999999991 18 7.9999999999999991 25 7.9999999999999991 6.9999999999999991 68 7.9999999999999991
leaf_count=25 3 3 49 8 62 3 101 13 7 10 5 22 251 71 21 5 117 7 3 8 18 8 25 8 7 68 8
internal_value=-0.0177641 0.560891 1.36096 1.12891 2.09342 -0.9353 -0.489393 -1.00829 -1.27155 -1.51754 -1.22579 -0.274096 0.277846 -1.81433 -0.872287 0.571273 0.368569 0.758255 6.93035 -2.57298 0.188937 0.338222 0.216527 -3.33075 -0.49969 0.429179 -1.72049
internal_weight=936 574 150 144 70 362 205 126 108 157 123 47 424 76 31 18 393 124 6 34 269 79 74 18 28 76 16
internal_count=936 574 150 144 70 362 205 126 108 157 123 47 424 76 31 18 393 124 6 34 269 79 74 18 28 76 16
is_linear=0
shrinkage=0.05


Tree=42
num_leaves=29
num_cat=0
split_feature=1 3 6 3 1 5 2 4 4 2 0 0 4 0 4 4 0 3 0 4 4 7 1 4 4 5 1 0
split_gain=157761 52302 85901.1 29589.7 30423.3 22833.8 67175.5 30501.1 26179.5 22462.6 19958.6 19893.7 18820.7 18415.8 13854.2 28768.1 17258.3 12266.3 10606.8 6158.84 22581.6 20069.7 14217.5 8126.61 4264.36 730.176 170.557 25.8115
threshold=20995.295000000002 0.89760894768981436 30.500000000000004 0.94203075712306306 34522.330000000009 8.5000000000000018 8369.2550000000028 39715.000000000007 42277.500000000007 18299.375000000004 38398.850000000006 29774.700000000001 44810.000000000007 32046.250000000004 39497.500000000007 42910.000000000007 34534.650000000001 0.77638486909899629 33205.05000000001 42595.000000000007 42977.500000000007 2.5000000000000004 16736.175000000007 45077.500000000007 41855.000000000007 8.5000000000000018 16410.185000000001 28545.900000000005
decision_type=2 2 2 2 2 2 2 2 2 2 2 2 2 2 2 2 2 2 2 2 2 2 2 2 2 2 2 2
left_child=9 5 3 18 -5 7 12 13 -9 11 -4 25 -7 -2 16 -16 -13 -8 -3 22 21 -21 24 -22 -11 26 -1 -27
right_child=1 2 10 4 -6 6 17 8 -10 19 -12 14 -14 -15 15 -17 -18 -19 -20 20 23 -23 -24 -25 -26 27 -28 -29
leaf_value=-1.4268328799141772 -0.42188939072869042 -1.3077046271413566 9.3778794288635261 5.5242951103619182 0.058035308122634882 6.909872894287111 0.70002413212787362 -0.92267945977774546 0.17723504126816991 -1.2352504617585911 3.9828571319580064 0.54468967997499051 2.8934046881539479 1.1745276898735821 -1.5643154179348666 1.0067396499216557 -3.3383218765258791 -1.8714179992675781 0.94313414387586647 3.9508617401123063 -3.1851497650146467 -0.30572281943427188 -4.7994091033935549 -1.0447810397428625 -2.2213300228118897 -2.2141431172688804 -1.8340416590372723 -2.0067324956258132
leaf_weight=18.000000000000007 22 5.9999999999999991 3.9999999999999991 6.9999999999999982 4 4.9999999999999982 64 66 300 127 3 62 7 101 34 15.999999999999998 2.9999999999999991 4.9999999999999991 41 3.9999999999999973 6.0000000000000027 9 2.9999999999999991 17 11.999999999999998 2.9999999999999991 2.9999999999999991 3
leaf_count=18 22 6 4 7 4 5 64 66 300 127 3 62 7 101 34 16 3 5 41 4 6 9 3 17 12 3 3 3
internal_value=0.0336435 0.489845 1.83361 1.20215 3.53656 0.336609 1.11417 0.207811 -0.0211102 -0.871631 7.06573 -0.402612 4.56693 0.88899 -0.115853 -0.741578 0.365474 0.513688 0.655793 -1.24579 -0.661673 1.004 -1.39388 -1.60314 -1.32038 -1.62399 -1.48501 -2.11044
internal_weight=955 635 65 58 11 570 81 489 366 320 7 142 12 123 115 50 65 69 47 178 36 13 142 23 139 27 21 6
internal_count=955 635 65 58 11 570 81 489 366 320 7 142 12 123 115 50 65 69 47 178 36 13 142 23 139 27 21 6
is_linear=0
shrinkage=0.05


Tree=43
num_leaves=28
num_cat=0
split_feature=1 4 4 1 0 4 0 1 0 4 4 2 4 4 1 1 1 4 4 2 0 0 4 0 4 1 0
split_gain=176121 47721.8 212448 162313 45592.8 45034.6 111997 45034.6 23464.4 34357.1 28541.8 31120.8 28107.9 22134.2 19028 18375.6 17616.8 16861 24451.8 16719.9 19632.4 6009.86 5729.99 4476.13 3981.66 3579.59 2308.83
threshold=23315.780000000002 44065.000000000007 44810.000000000007 32671.215000000007 37882.500000000007 42977.500000000007 39426.55000000001 33028.515000000007 31441.750000000004 39497.500000000007 41515.000000000007 11683.285000000002 46105.000000000007 44860.000000000007 31399.285000000007 33169.200000000004 35798.695000000007 42752.500000000007 39905.000000000007 16931.710000000003 35824.200000000004 31188.300000000003 36090.000000000007 30892.400000000005 39905.000000000007 15533.855 37345.600000000006
decision_type=2 2 2 2 2 2 2 2 2 2 2 2 2 2 2 2 2 2 2 2 2 2 2 2 2 2 2
left_child=8 5 3 4 -3 17 14 -5 21 19 11 -11 -12 15 -7 -4 -15 18 -2 22 -21 23 -10 24 -1 -25 -19
right_child=1 2 13 7 -6 6 -8 -9 9 10 12 -13 -14 16 -16 -17 -18 26 -20 20 -22 -23 -24 25 -26 -27 -28
leaf_value=-1.284901462468234 0.78593184827612006 1.5759890163796291 2.388097536563873 14.257789039611817 5.5661401748657227 0.42040434277057648 -8.3614608764648448 7.1840065426296666 0.20372300332412127 -7.0313144683837896 -0.23141113641338609 -1.7415675318554831 -1.8263582564689018 -0.10716182725607522 -1.8321801630655923 -0.44726962447166446 1.8147379068227913 1.1130573594051858 -0.29571923528398786 -0.34288469011133371 -4.5232957204182949 -3.2540951013565067 1.101375564839691 -1.3624346415201822 -2.514744758605957 0.92235026359558092 1.9467025830195501
leaf_weight=110 104 35 20.000000000000004 2.9999999999999991 8.9999999999999982 25 4.9999999999999991 8.9999999999999982 40 2.9999999999999991 109 38 37 144 14.999999999999998 7.9999999999999991 12.999999999999998 23 105 44 2.9999999999999991 3.9999999999999991 32 2.9999999999999991 6.9999999999999991 4 12.999999999999998
leaf_count=110 104 35 20 3 9 25 5 9 40 3 109 38 37 144 15 8 13 23 105 44 3 4 32 3 7 4 13
internal_value=-0.0309334 0.579741 1.0997 3.79793 2.39216 0.147634 -1.30622 8.95245 -0.778095 -0.540315 -0.962955 -2.12862 -0.63561 0.282941 -0.424315 1.57799 0.0519764 0.414669 0.242519 0.123833 -0.609719 -1.34654 0.60268 -1.285 -1.35848 -0.0568433 1.4141
internal_weight=965 531 241 56 44 290 45 12 434 306 187 41 146 185 40 28 157 245 209 119 47 128 72 124 117 7 36
internal_count=965 531 241 56 44 290 45 12 434 306 187 41 146 185 40 28 157 245 209 119 47 128 72 124 117 7 36
is_linear=0
shrinkage=0.05


Tree=44
num_leaves=28
num_cat=0
split_feature=3 4 4 1 1 3 4 0 8 4 1 4 4 4 1 1 4 1 4 1 6 1 2 3 0 3 4
split_gain=154045 58831 207199 130003 34330.4 32055.2 31289.2 65339.6 23461.7 22726.8 22505.4 19614.4 31418.5 25743.8 17251.6 15770 16503 15107 10699.9 8195.34 12350.2 11137.2 9928.46 6340.84 4426.42 6006.52 4358.66
threshold=0.67562701324424423 44065.000000000007 44810.000000000007 30025.305000000004 32671.215000000007 0.50436056180436795 42977.500000000007 39426.55000000001 2.5000000000000004 44860.000000000007 32354.635000000006 42910.000000000007 46105.000000000007 39905.000000000007 31399.285000000007 28407.270000000004 39905.000000000007 36295.825000000004 39715.000000000007 16736.175000000007 34.500000000000007 16228.635 19353.930000000004 0.45955488530753758 31441.750000000004 0.52684437150085006 44585.000000000007
decision_type=2 2 2 2 2 2 2 2 2 2 2 2 2 2 2 2 2 2 2 2 2 2 2 2 2 2 2
left_child=5 6 3 26 -5 19 15 14 11 10 -4 13 -13 -7 -8 16 -2 -11 -17 21 -21 23 -22 -1 -10 -26 -3
right_child=1 2 9 4 -6 8 7 -9 24 17 -12 12 -14 -15 -16 18 -18 -19 -20 20 22 -23 -24 -25 25 -27 -28
leaf_value=-1.1357042797233747 0.43814914077421296 1.8115614560934212 2.5774976575374602 4.6857998916081014 8.2540537173931412 -0.20610468047005789 0.34296440834348857 -8.2389996846516933 -1.4434210360050201 -0.03322544179391116 -0.56035376787185676 1.0081281466484071 -1.4305358248097557 -3.0317805164738707 -1.7777457181145164 1.7752948636594028 -0.62323547740777341 1.8976956367492677 0.5498803453449207 0.97399113972981655 -3.3510491510232279 1.6202615261077882 -0.98159648350306927 -0.19828338116407396 1.3093640347321829 0.13180745574268135 0.38014840251869619
leaf_weight=184 94 13 20.000000000000004 14.000000000000002 12.999999999999998 13.999999999999998 22 2.9999999999999991 3.9999999999999991 128 7.9999999999999991 25 28 19 17 23 60 10.999999999999998 79 3.0000000000000027 12.000000000000002 3.9999999999999991 6.9999999999999991 20 11.999999999999998 111 9
leaf_count=184 94 13 20 14 13 14 22 3 4 128 8 25 28 19 17 23 60 11 79 3 12 4 7 20 12 111 9
internal_value=0.00297537 0.591897 1.22021 4.07909 6.40385 -0.680334 0.136479 -1.12842 -0.238365 0.381371 1.68097 -0.876059 -0.280223 -1.83301 -0.581448 0.344001 0.0246227 0.119581 0.826199 -1.08963 -2.00735 -0.992568 -2.47809 -1.0438 0.193459 0.246691 1.22598
internal_weight=957 514 216 49 27 443 298 42 213 167 28 86 53 33 39 256 154 139 102 230 22 208 19 204 127 123 22
internal_count=957 514 216 49 27 443 298 42 213 167 28 86 53 33 39 256 154 139 102 230 22 208 19 204 127 123 22
is_linear=0
shrinkage=0.05


Tree=45
num_leaves=27
num_cat=0
split_feature=3 4 4 2 4 4 0 3 0 7 8 4 0 0 4 3 4 6 3 0 0 6 7 7 6 7
split_gain=133756 48678.2 157123 97928.1 69835.8 41913.7 45689.4 28453.9 26351.3 18768.3 31766.2 30276 15011.3 14738.3 14404.6 10009 9619.8 7557.54 7551.85 6290.96 6253.68 6140.55 6019.24 4370.15 3899.8 633.882
threshold=0.67400194170835859 43672.500000000007 44860.000000000007 9349.1850000000031 44810.000000000007 43067.500000000007 39426.55000000001 0.49932034850743051 32133.200000000004 2.5000000000000004 2.5000000000000004 42277.500000000007 39241.700000000004 31051.800000000007 47900.000000000007 0.49626801538123105 39497.500000000007 25.500000000000004 0.49459052855547403 36904.350000000006 35538.850000000006 30.500000000000004 1.0000000180025095e-35 1.0000000180025095e-35 36.500000000000007 1.5000000000000002
decision_type=2 2 2 2 2 2 2 2 2 2 2 2 2 2 2 2 2 2 2 2 2 2 2 2 2 2
left_child=7 5 3 4 -3 8 19 15 17 13 11 -11 22 25 -14 18 -10 -2 23 -7 -15 -12 -4 -1 -5 -9
right_child=1 2 12 24 -6 6 -8 9 16 10 21 -13 14 20 -16 -17 -18 -19 -20 -21 -22 -23 -24 -25 -26 -27
leaf_value=-0.23338535467783614 -2.7683747482299808 6.2673748572667449 0.68231296048810086 0.76061901690498479 2.2098538919499044 0.021235372338976159 -7.8270497639973957 -2.0260299046834311 0.85744088673463426 -4.3743672370910645 0.70256787836551671 -1.0917917385697364 1.1459306569261984 0.8990814028559504 -0.64828332414229717 -3.5394137382507327 0.20233732893640269 -0.68239555539506858 1.1371004581451416 -1.977328438229031 0.080113961819618468 -0.36189308744810877 -0.52845284023755035 -1.1188793054648809 1.9988387823104858 -1.1358881155649818
leaf_weight=14.999999999999998 4.9999999999999991 24 11.999999999999998 31 19 7.0000000000000062 2.9999999999999991 5.9999999999999982 93 8.9999999999999982 20 32 44 37 14.999999999999998 3.9999999999999991 141 33 3.9999999999999991 8.9999999999999982 63 42 71 196 7.9999999999999991 3
leaf_count=15 5 24 12 31 19 7 3 6 93 9 20 32 44 37 15 4 141 33 4 9 63 42 71 196 8 3
internal_value=-0.0116229 0.532273 1.08633 2.82895 4.47452 0.105781 -2.16466 -0.661522 0.264377 -0.248611 -0.732571 -1.81236 0.0800303 0.20871 0.689775 -1.06123 0.462699 -0.956867 -1.01513 -1.10296 0.383132 -0.0185186 -0.353402 -1.05593 1.01461 -1.72932
internal_weight=946 515 224 82 43 291 19 431 272 212 103 41 142 109 59 219 234 38 215 16 100 62 83 211 39 9
internal_count=946 515 224 82 43 291 19 431 272 212 103 41 142 109 59 219 234 38 215 16 100 62 83 211 39 9
is_linear=0
shrinkage=0.05


Tree=46
num_leaves=28
num_cat=0
split_feature=1 2 8 4 4 4 1 0 0 4 7 5 1 7 5 4 4 4 0 4 8 2 2 7 0 4 3
split_gain=112234 37764.2 36537 32878.3 223906 74606 50530.9 48696.4 37264.3 19898 27924.4 15576.5 14779 19699.1 12423.3 10832.4 10356.8 9946.74 8914.46 7969.75 7372.52 6806.87 25619.6 9320.48 6072.17 4444.25 2052.07
threshold=27037.955000000005 18299.375000000004 2.5000000000000004 43672.500000000007 44810.000000000007 43067.500000000007 32671.215000000007 38142.100000000006 39426.55000000001 44860.000000000007 5.5000000000000009 7.5000000000000009 22256.405000000006 2.5000000000000004 8.5000000000000018 39497.500000000007 47900.000000000007 42277.500000000007 30530.650000000005 36372.500000000007 3.5000000000000004 19353.930000000004 19475.870000000003 1.0000000180025095e-35 36904.350000000006 42595.000000000007 0.44781004719722289
decision_type=2 2 2 2 2 2 2 2 2 2 2 2 2 2 2 2 2 2 2 2 2 2 2 2 2 2 2
left_child=1 2 12 5 6 15 11 -8 24 10 -6 -5 13 -1 -14 20 -11 -17 -4 -20 -2 23 -23 -3 -7 -25 -24
right_child=3 21 18 4 9 8 7 -9 -10 16 -12 -13 14 -15 -16 17 -18 -19 19 -21 -22 22 26 25 -26 -27 -28
leaf_value=-0.35335387925843936 3.111810817718506 -4.3496988932291618 -1.822288360595703 2.3177048397064195 3.3347804472996638 0.37339286208152728 11.57744552612305 4.896248149871826 -7.0927158355712896 0.39961645827771952 0.057561942247244029 5.3929500307355616 -0.5416820031735633 -1.9356268564860029 0.86534776028833904 -0.44436728576819101 -0.7338061521053314 0.63287583222985277 0.67671329299608862 0.069284529525924607 1.0427969452834898 3.0610805749893188 -1.0397016234751102 -1.8156512641906735 -2.1643577488985932 -0.42124767303466798 -0.16170270102364678
leaf_weight=37 4.9999999999999991 3.0000000000000027 4.9999999999999991 10.000000000000005 13 3.0000000000000027 4.9999999999999982 6 3.9999999999999991 104 13 6.9999999999999991 90 42 19 30 25 75 90 135 31 3.9999999999999991 135 20.000000000000004 10.999999999999998 7.9999999999999991 6.9999999999999991
leaf_count=37 5 3 5 10 13 3 5 6 4 104 13 7 90 42 19 30 25 75 90 135 31 4 135 20 11 8 7
internal_value=-0.001114 -0.415989 -0.15678 0.720671 1.17764 0.194728 5.29259 7.93316 -2.83659 0.434293 1.69617 3.58398 -0.673831 -1.19456 -0.29642 0.581705 0.179961 0.325092 0.265853 0.312256 1.33016 -1.02813 -0.885256 -1.70104 -1.62055 -1.41725 -0.99642
internal_weight=937 595 418 342 183 159 28 11 18 155 26 17 188 79 109 141 129 105 230 225 36 177 146 31 14 28 142
internal_count=937 595 418 342 183 159 28 11 18 155 26 17 188 79 109 141 129 105 230 225 36 177 146 31 14 28 142
is_linear=0
shrinkage=0.05


Tree=47
num_leaves=29
num_cat=0
split_feature=1 1 7 6 3 6 0 0 0 3 8 7 3 0 0 2 6 6 6 2 1 7 1 0 1 1 1 7
split_gain=95906.1 30455.2 36162.4 17138.8 19336.1 13218.6 45631.7 15883.7 13037 12667.8 16564 17310.4 18767.4 16562.5 9574.02 22803.6 9509.82 8264.49 6832.29 13492.9 7559.14 5996.15 8003.55 9429.5 4405.18 4723.9 4006.48 1518.12
threshold=22256.405000000006 29958.150000000005 5.5000000000000009 35.500000000000007 0.8938490540290428 33.500000000000007 39049.450000000004 36436.700000000004 32133.200000000004 0.46787050638448829 2.5000000000000004 2.5000000000000004 0.60716064715290108 37715.000000000007 36054.000000000007 18170.100000000002 25.500000000000004 31.500000000000004 38.500000000000007 15434.665000000003 29504.875000000004 1.0000000180025095e-35 8273.8000000000011 31441.750000000004 16736.175000000007 16228.635 19152.875000000004 4.5000000000000009
decision_type=2 2 2 2 2 2 2 2 2 2 2 2 2 2 2 2 2 2 2 2 2 2 2 2 2 2 2 2
left_child=9 8 5 4 -4 7 -7 -3 16 21 11 13 -13 -11 15 -12 -2 -18 19 -10 -20 22 -1 -24 25 -23 -16 -26
right_child=1 2 3 -5 -6 6 -8 -9 18 10 14 12 -14 -15 26 -17 17 -19 20 -21 -22 24 23 -25 27 -27 -28 -29
leaf_value=-1.3612520599365237 -3.1616055965423557 1.3096354546579156 -0.68114365577697666 5.2779691886901858 2.9411402566092359 4.3538296890258792 0.49832996852470174 0.12350164005736344 0.15990374912331809 0.16537859632122903 -0.059881990394171553 -1.311682857166637 -4.7052604293823244 -2.9357442092895507 2.1748564338684067 -4.4953891754150392 -0.13226112249222666 -2.3842362642288211 1.3022064674984324 -2.7639636993408203 -1.3732891718546549 -0.97521408416705424 2.8472077846527095 -0.86107507546742734 -3.1145189921061203 1.0254250844319663 0.58413118025974231 -1.5238607406616207
leaf_weight=4.9999999999999982 4.0000000000000027 37 5.0000000000000062 4.9999999999999991 13.999999999999998 9.9999999999999982 33 119 291 31 85 22.000000000000004 4.9999999999999991 4.9999999999999991 5.0000000000000027 2.9999999999999991 22.000000000000004 4.9999999999999991 22.000000000000004 3.9999999999999991 2.9999999999999991 179 4 3 2.9999999999999991 2.9999999999999991 19 3
leaf_count=5 4 37 5 5 14 10 33 119 291 31 85 22 5 5 5 3 22 5 22 4 3 179 4 3 3 3 19 3
internal_value=-0.0233062 0.382969 0.839895 2.67334 1.98791 0.618776 1.39496 0.404828 0.0926708 -0.645177 -0.334507 -0.9831 -1.94012 -0.265333 0.0303271 -0.211092 -0.886366 -0.549294 0.187515 0.120258 0.981147 -0.917014 0.166612 1.25794 -0.986182 -0.942237 0.915532 -2.31919
internal_weight=949 574 223 24 19 199 43 156 351 375 175 63 27 36 112 88 31 27 320 295 25 200 12 7 188 182 24 6
internal_count=949 574 223 24 19 199 43 156 351 375 175 63 27 36 112 88 31 27 320 295 25 200 12 7 188 182 24 6
is_linear=0
shrinkage=0.05


Tree=48
num_leaves=31
num_cat=0
split_feature=1 2 4 4 4 4 0 4 7 0 0 4 4 6 4 4 1 7 1 2 4 4 1 4 4 7 7 4 7 1
split_gain=84850.9 31368.6 29530.6 22954.1 122105 55463.7 48359.7 37972.3 30353.6 22317 12814.7 11370.4 9568.95 8716 8265.35 14745.2 8051.49 13487.8 7763.09 6189.41 5504.07 14301.5 14591.1 13558.4 16948 6762.11 5285.46 4881.04 3110.4 6154.02
threshold=28193.150000000005 16341.120000000001 45602.500000000007 44860.000000000007 44395.000000000007 42977.500000000007 39327.650000000001 44810.000000000007 5.5000000000000009 31441.750000000004 36423.400000000009 42910.000000000007 39715.000000000007 31.500000000000004 47900.000000000007 46555.000000000007 23659.640000000003 4.5000000000000009 22883.070000000003 7105.7850000000008 42595.000000000007 46105.000000000007 19359.420000000002 39497.500000000007 39052.500000000007 1.5000000000000002 1.0000000180025095e-35 46922.500000000007 4.5000000000000009 32152.670000000002
decision_type=2 2 2 2 2 2 2 2 2 2 2 2 2 2 2 2 2 2 2 2 2 2 2 2 2 2 2 2 2 2
left_child=1 2 9 4 5 12 -7 10 -9 13 -6 -11 -2 -1 15 19 18 -18 -4 -5 23 22 -22 24 -3 -25 -23 -17 29 -16
right_child=3 20 16 14 7 6 -8 8 -10 11 -12 -13 -14 -15 28 27 17 -19 -20 -21 21 26 -24 25 -26 -27 -28 -29 -30 -31
leaf_value=-0.41390900712074902 1.5353491407439666 -0.7535055507344145 -1.7574442434310915 -0.8838524444649617 2.9030445003509513 -0.79903368845582001 -6.2967438507080082 3.2634870235736551 -0.30523323362523858 0.016196595558337034 5.1354182985093857 0.65566199820230509 0.43954737477592731 -1.8145998921659257 -0.293402943611145 1.7019269611154284 -1.8407172662871218 0.64024036890930602 -4.6574475606282553 0.36311849022612858 -0.22781904929876329 0.65962265332539805 2.3548590485538758 -0.45652301818132401 2.5504256963729861 -1.9101943922042848 -1.5909848785400391 0.60583665000425801 -0.23319654762744901 -2.9246141910552974
leaf_weight=29 27 131 9.9999999999999982 24 10.000000000000002 20.000000000000004 4.9999999999999991 13 11 223 18 101 76 18 5 13.999999999999998 14.000000000000002 8.9999999999999982 2.9999999999999991 17 25 3.0000000000000027 6.9999999999999991 9.9999999999999982 3.9999999999999991 40 20 37 12 4
leaf_count=29 27 131 10 24 10 20 5 13 11 223 18 101 76 18 5 14 14 9 3 17 25 3 7 10 4 40 20 37 12 4
internal_value=-0.0124988 -0.332179 -0.0648332 0.693416 1.04406 0.214028 -1.89858 3.08723 1.62782 0.067837 4.33814 0.215536 0.726796 -0.950344 0.134864 0.339168 -1.43207 -0.869908 -2.42668 -0.366816 -0.785553 -0.346405 0.337142 -0.916111 -0.655611 -1.61946 -1.29743 0.906724 -0.760182 -1.46283
internal_weight=940 647 407 293 180 128 25 52 24 371 28 324 103 47 113 92 36 23 13 41 240 55 32 185 135 50 23 51 21 9
internal_count=940 647 407 293 180 128 25 52 24 371 28 324 103 47 113 92 36 23 13 41 240 55 32 185 135 50 23 51 21 9
is_linear=0
shrinkage=0.05


Tree=49
num_leaves=31
num_cat=0
split_feature=3 4 4 1 6 4 0 8 7 0 0 2 1 1 0 7 0 3 7 0 4 2 2 6 0 6 4 4 3 4
split_gain=91579.3 34156.2 93316.7 56534.5 58130.7 52911.1 45958.1 17023.3 19928.7 26172.1 35364.9 17444.9 14871.4 13109.1 12119.4 10683.1 10268.5 14743.4 10236 8441.43 13116 8942.57 8419.46 6943.96 6932.22 3562.19 549.599 812.457 368.12 208.021
threshold=0.68801597393735403 43672.500000000007 44860.000000000007 32097.435000000001 30.500000000000004 43067.500000000007 39426.55000000001 2.5000000000000004 2.5000000000000004 35997.850000000006 30687.600000000002 21369.970000000005 22350.315000000002 35798.695000000007 30072.550000000003 1.5000000000000002 36904.350000000006 0.60716064715290108 3.5000000000000004 36054.000000000007 36662.500000000007 19353.930000000004 12483.800000000001 32.500000000000007 36904.350000000006 25.500000000000004 33235.000000000007 34325.000000000007 0.84710801254778267 29480.000000000004
decision_type=2 2 2 2 2 2 2 2 2 2 2 2 2 2 2 2 2 2 2 2 2 2 2 2 2 2 2 2 2 2
left_child=7 5 3 15 -5 14 24 8 9 10 -1 19 -11 23 25 -3 17 -10 -16 20 -9 -21 -18 -4 -7 -2 29 -28 -15 -13
right_child=1 2 13 4 -6 6 -8 11 16 12 -12 26 -14 28 18 -17 22 -19 -20 21 -22 -23 -24 -25 -26 -27 27 -29 -30 -31
leaf_value=-1.174823104010688 -2.7161641597747805 3.4460114479064945 -0.26790954371293391 1.6119081020355222 5.9626665423898144 0.1950956838471547 -6.4768125152587892 0.24129351946787958 -1.187179696559906 -2.4279120635986331 1.6466096635522516 -1.0245002322726779 -0.36661075750986738 2.1754236221313477 0.61776387153273349 1.0041515268212142 1.7157297611236573 -2.84982188642025 -0.12432014430371614 0.34126020664708662 -0.71253283154497404 2.7869342327117921 -0.73659490836518149 0.50145524283672904 -1.9028573354085285 -0.72669571538766231 -0.030051167805989584 -0.88841422305387607 1.543920192718506 -1.3309286117553711
leaf_weight=18 2.9999999999999991 4.9999999999999991 78 14.000000000000002 17 7.0000000000000062 4.9999999999999991 78 80 14.999999999999998 29 18.000000000000004 21 2.9999999999999991 163 43 3.9999999999999991 15.999999999999998 65 57 67 3.9999999999999991 28 47 8.9999999999999982 8.9999999999999982 2.9999999999999991 34 9.9999999999999982 7.9999999999999991
leaf_count=18 3 5 78 14 17 7 5 78 80 15 29 18 21 3 163 43 4 16 65 57 67 4 28 47 9 9 3 34 10 8
internal_value=0.00961333 0.499497 0.96303 2.33343 3.99781 0.114107 -2.29258 -0.478229 -0.814436 -0.210996 0.566061 -0.214513 -1.22549 0.178528 0.324691 1.25851 -1.20573 -1.46429 0.406205 0.00815905 -0.19944 0.501632 -0.430054 0.0213716 -0.985003 -1.22406 -0.942614 -0.818817 1.68965 -1.11879
internal_weight=958 478 217 79 31 261 21 480 211 83 47 269 36 138 240 48 128 96 228 206 145 61 32 125 16 12 63 37 13 26
internal_count=958 478 217 79 31 261 21 480 211 83 47 269 36 138 240 48 128 96 228 206 145 61 32 125 16 12 63 37 13 26
is_linear=0
shrinkage=0.05


Tree=50
num_leaves=31
num_cat=0
split_feature=3 4 4 1 1 0 4 0 8 1 6 7 0 4 0 1 7 4 5 0 1 6 3 1 4 1 1 3 4 0
split_gain=74704.5 28539.3 117882 102979 56633.2 34950.6 30531 44445.6 14508.7 15950.4 19228.9 15463.4 24594.9 35116 14981.1 12712.5 11491 11025 9728.35 9314.42 8496.85 7493.03 17456.4 10952.8 6726.84 6536.16 5555.88 3559.89 4603.92 2010.08
threshold=0.67562701324424423 44065.000000000007 44810.000000000007 32671.215000000007 33430.540000000008 37882.500000000007 42977.500000000007 38880.80000000001 2.5000000000000004 20701.670000000006 29.500000000000004 2.5000000000000004 35991.55000000001 39052.500000000007 36280.250000000007 22350.315000000002 3.5000000000000004 42277.500000000007 7.5000000000000009 32178.500000000004 31399.285000000007 39.500000000000007 0.61283288131139868 22614.520000000004 47900.000000000007 32097.435000000001 35041.07 0.60496562258486575 40485.000000000007 33774.200000000004
decision_type=2 2 2 2 2 2 2 2 2 2 2 2 2 2 2 2 2 2 2 2 2 2 2 2 2 2 2 2 2 2
left_child=8 6 3 5 -5 -3 16 20 11 10 29 12 13 -1 -12 -14 19 -18 26 -2 -8 22 -13 -23 -20 -9 -4 28 -11 -10
right_child=1 2 18 4 -6 -7 7 25 9 27 14 21 15 -15 -16 -17 17 -19 24 -21 -22 23 -24 -25 -26 -27 -28 -29 -30 -31
leaf_value=-1.725193313451914 -0.33969069442578725 0.94240653659066853 -0.25510383508671292 13.078383763631187 5.0228158950805666 4.3418560791015626 0.24742147577926518 -6.1148294448852543 0.78163143595059692 2.0417332785470146 -0.78273441787093689 -1.0716789788978045 -2.1535201047596177 1.3429300835638336 0.87403332710266113 -0.12438313319132879 -0.58622952727776656 1.0386489675595212 0.84966464556496712 0.64929745621135782 -1.3268240928649904 -1.0205736902025011 -3.0375026592841516 2.1239432811737062 -0.6195247477955288 -3.027451769510904 1.0498685306972928 0.22715321922531495 0.33201960788832774 1.9748643112182618
leaf_weight=12.999999999999998 28 31 87 2.9999999999999991 7.9999999999999991 9.9999999999999982 20 3.9999999999999991 12.000000000000002 6.9999999999999991 151 86 19 33 14.999999999999998 12.999999999999998 53 12.999999999999998 58 159 14.999999999999998 8.9999999999999982 12.999999999999998 3.9999999999999991 8.9999999999999982 3 8.9999999999999982 52 8.9999999999999982 4.9999999999999991
leaf_count=13 28 31 87 3 8 10 20 4 12 7 151 86 19 33 15 13 53 13 58 159 15 9 13 4 9 3 9 52 9 5
internal_value=0.0010009 0.413086 0.851211 2.92405 7.21979 1.77154 0.093775 -1.15466 -0.475561 -0.226041 -0.469008 -0.805189 -0.264675 0.475852 -0.633026 -1.32918 0.301025 -0.266178 0.189936 0.501214 -0.427255 -1.18162 -1.32982 -0.05303 0.652311 -4.79167 -0.132763 0.427828 1.08002 1.13258
internal_weight=951 510 215 52 11 41 295 42 441 251 183 190 78 46 166 32 253 66 163 187 35 112 99 13 67 7 96 68 16 17
internal_count=951 510 215 52 11 41 295 42 441 251 183 190 78 46 166 32 253 66 163 187 35 112 99 13 67 7 96 68 16 17
is_linear=0
shrinkage=0.05


Tree=51
num_leaves=28
num_cat=0
split_feature=1 3 4 4 4 4 0 1 4 0 0 2 4 6 1 4 3 3 3 1 7 2 4 3 6 7 0
split_gain=80800 31667.1 30340.9 136258 61580.1 46680.4 23896.5 22662.7 14707.2 16431.2 14224.2 13821.4 12959.7 9411.05 8663.11 8421.16 8318.67 6403.76 12106.5 10644.4 6184.87 5948.44 3759.04 2469.48 359.576 154.313 2.26068
threshold=28193.150000000005 0.49932034850743051 44860.000000000007 44395.000000000007 44810.000000000007 42977.500000000007 38880.80000000001 32354.635000000006 46105.000000000007 30892.400000000005 38486.05000000001 16806.000000000004 47900.000000000007 35.500000000000007 22350.315000000002 39715.000000000007 0.90639175606366962 0.49626801538123105 0.49459052855547403 16736.175000000007 4.5000000000000009 15434.665000000003 47900.000000000007 0.75335956183949526 37.500000000000007 2.5000000000000004 39742.750000000007
decision_type=2 2 2 2 2 2 2 2 2 2 2 2 2 2 2 2 2 2 2 2 2 2 2 2 2 2 2
left_child=1 17 3 5 10 15 -7 -6 9 20 -5 -11 21 16 -14 -2 22 18 19 -1 -3 -10 -4 24 -15 -25 -18
right_child=2 8 13 4 7 6 -8 -9 12 11 -12 -13 14 23 -16 -17 26 -19 -20 -21 -22 -23 -24 25 -26 -27 -28
leaf_value=-0.67546502971181688 1.447662101207035 -0.85557304011738811 -0.041727480133374538 5.604355058670043 2.3323669700061571 -0.93509788711865738 -4.8424283599853517 -1.2419219334920248 -1.0637012779712676 0.11208105864300884 3.1097411544993521 1.913041843067516 -1.9708269119262696 0.043431194623311326 1.0926738059520722 0.42963088396936655 1.6146856943766279 -2.5264745426177981 2.4376719792683921 -2.2077965512871742 -3.2693513075510658 -2.6769098162651064 -0.81320776939392092 1.9129838307698568 0.71385648250579825 1.4924879670143127 1.5572677373886106
leaf_weight=204 28 23.000000000000004 75 20.000000000000004 17.000000000000004 18.000000000000004 4.9999999999999991 5.9999999999999991 20.000000000000004 338 7.9999999999999991 10.999999999999998 2.9999999999999991 3.0000000000000018 9.9999999999999982 74 2.9999999999999991 4.9999999999999991 2.9999999999999991 11.999999999999998 2.9999999999999991 7.9999999999999991 20 2.9999999999999991 6 7.9999999999999991 4
leaf_count=204 28 23 75 20 17 18 5 6 20 338 8 11 3 3 10 74 3 5 3 12 3 8 20 3 6 8 4
internal_value=0.038781 -0.277878 0.718855 1.1389 3.31694 0.250267 -1.78452 1.39994 -0.0197943 0.0785083 4.89161 0.168845 -0.918904 0.112883 0.385712 0.70909 -0.0815744 -0.757178 -0.716783 -0.760595 -1.13409 -1.52462 -0.204144 1.10461 0.490381 1.60717 1.58188
internal_weight=938 640 298 176 51 125 23 23 416 375 28 349 41 122 13 102 102 224 219 216 26 28 95 20 9 11 7
internal_count=938 640 298 176 51 125 23 23 416 375 28 349 41 122 13 102 102 224 219 216 26 28 95 20 9 11 7
is_linear=0
shrinkage=0.05


Tree=52
num_leaves=30
num_cat=0
split_feature=1 4 4 1 1 0 4 0 4 4 4 7 7 4 1 4 0 0 4 0 1 4 3 1 0 1 0 6 0
split_gain=62437.1 26149.6 78951.4 68200.5 38512.3 27403.2 19083 38913.2 11862.1 17968.8 11700.2 21773.6 10774.5 20465.2 14473.6 13793.2 21951.2 19089.3 17101.1 15476.3 10875 11478 8926.6 8808.13 8671.81 8416.54 7256.04 5122.26 3986.15
threshold=23315.780000000002 44065.000000000007 44810.000000000007 32671.215000000007 33028.515000000007 37882.500000000007 42977.500000000007 39327.650000000001 42752.500000000007 39905.000000000007 44860.000000000007 5.5000000000000009 2.5000000000000004 37740.000000000007 12201.770000000002 39052.500000000007 36138.05000000001 30072.550000000003 36662.500000000007 35634.000000000007 23199.440000000006 42595.000000000007 0.53355193731606432 31399.285000000007 34054.05000000001 34730.385000000009 33158.750000000007 39.500000000000007 37693.000000000007
decision_type=2 2 2 2 2 2 2 2 2 2 2 2 2 2 2 2 2 2 2 2 2 2 2 2 2 2 2 2 2
left_child=12 6 3 5 -5 -3 8 23 9 -2 11 -4 15 14 27 18 17 -17 24 -20 21 -15 -18 -8 -1 -12 -16 -14 -10
right_child=1 2 10 4 -6 -7 7 -9 28 -11 25 -13 13 20 26 16 22 -19 19 -21 -22 -23 -24 -25 -26 -27 -28 -29 -30
leaf_value=-0.357732262978187 0.57490625271537144 0.94536156449999131 2.4509011328220369 10.791992767651877 4.1490528106689455 4.1889509916305547 0.18529921271480049 -5.0435371780395508 0.82664665956246219 -0.36361650620568908 -0.052753166350206937 -0.20071283658345537 -0.9692632584010854 -1.2088567345514212 0.23440984271466736 -1.9201407623291016 -1.3944701883527968 1.3401184423403307 -1.1486049601009911 -4.5419944763183597 -3.9495299021402994 -0.32286448918960314 0.092166576955629437 -1.336199442545573 1.5535400867462159 0.94717686986923233 1.740236101150513 0.74472884654998783 2.1571220397949218
leaf_weight=39 102 35 15.999999999999998 2.9999999999999991 7.9999999999999991 7.9999999999999991 26 4.9999999999999991 19.000000000000004 102 133 15.000000000000002 34 109 40 4.9999999999999991 18 44 21.000000000000004 3.9999999999999991 2.9999999999999991 55 23 14.999999999999998 6.9999999999999991 25 9.9999999999999982 4.9999999999999991 7.9999999999999991
leaf_count=39 102 35 16 3 8 8 26 5 19 102 133 15 34 109 40 5 18 44 21 4 3 55 23 15 7 25 10 5 8
internal_value=0.0173969 0.382897 0.761459 2.44755 5.96076 1.54882 0.0508012 -0.879193 0.235995 0.105645 0.279719 1.16786 -0.438383 -0.639938 -0.0275568 -0.117898 0.293154 1.00744 -0.63895 -1.69155 -0.966297 -0.911725 -0.560503 -0.371347 -0.0668865 0.105464 0.535575 -0.749521 1.22086
internal_weight=937 520 243 54 11 43 277 46 231 204 189 31 417 256 89 161 90 49 71 25 167 164 41 41 46 158 50 39 27
internal_count=937 520 243 54 11 43 277 46 231 204 189 31 417 256 89 161 90 49 71 25 167 164 41 41 46 158 50 39 27
is_linear=0
shrinkage=0.05


Tree=53
num_leaves=31
num_cat=0
split_feature=3 4 4 4 0 1 4 4 4 8 1 7 0 4 2 1 4 2 1 1 7 3 5 2 7 1 8 0 1 0
split_gain=57084.2 19842.2 56034.7 28186 33258.4 25679.9 22315.6 10874.3 19399.2 10534.2 16199.1 12639.3 19074.8 28895.4 15860.8 11903.6 9604.22 9376 7127.12 7022.46 6469.63 4447.05 16278.8 12738.9 4198.98 3861.05 2523.02 1867.34 1051.17 307.728
threshold=0.67562701324424423 43672.500000000007 44860.000000000007 42977.500000000007 38880.80000000001 30025.305000000004 44810.000000000007 42752.500000000007 39905.000000000007 2.5000000000000004 15395.810000000001 2.5000000000000004 35991.55000000001 39052.500000000007 13873.655000000001 22704.485000000001 42520.000000000007 19934.170000000002 23659.640000000003 36295.825000000004 1.0000000180025095e-35 0.45153582731408642 7.5000000000000009 18170.100000000002 1.5000000000000002 31399.285000000007 2.5000000000000004 39426.55000000001 31813.410000000007 41737.500000000007
decision_type=2 2 2 2 2 2 2 2 2 2 2 2 2 2 2 2 2 2 2 2 2 2 2 2 2 2 2 2 2 2
left_child=9 3 5 7 25 26 -7 8 -2 11 21 12 13 -1 16 -14 -13 24 -16 20 -4 23 -23 -11 -12 -5 -3 -9 -6 -21
right_child=1 2 19 4 28 6 -8 27 -10 10 17 14 15 -15 18 -17 -18 -19 -20 29 -22 22 -24 -25 -26 -27 -28 -29 -30 -31
leaf_value=-1.6202761154908403 0.5109076479109862 1.2718292554219566 0.78081941843032843 0.050968691477408769 -5.34680035909017 3.5881168921788538 1.3267044687271119 0.88688232973217973 -0.42977619462252897 2.1598123073577882 -0.36246984947559446 -4.1143263181050624 -2.0422869576348197 1.151268653308644 -0.93381053600260011 -0.0092619945605595909 -1.5839477503299715 2.8729323705037437 1.0040098178386689 1.8225774447123215 -0.20512070057518558 0.76018082201480885 -3.3577228864034012 -0.72126479963672929 0.23303504118793891 -1.1456868716648647 0.35476483806967735 1.9258978271484375 -4.0231856028238928 1.2023682117462158
leaf_weight=12.999999999999998 126 11.999999999999998 20 13.000000000000002 2.9999999999999991 24 20 32 97 3.9999999999999991 43 5.9999999999999991 18.000000000000004 34 93 11.999999999999998 9.9999999999999982 2.9999999999999991 4.9999999999999991 2.9999999999999982 99 3.9999999999999982 6 94 95 13.999999999999998 20 4.9999999999999991 3 6
leaf_count=13 126 12 20 13 3 24 20 32 97 4 43 6 18 34 93 12 10 3 5 3 99 4 6 94 95 14 20 5 3 6
internal_value=-0.0448565 0.322347 0.700968 0.0587332 -1.31779 1.7764 2.5602 0.233445 0.101731 -0.459629 -0.245359 -0.738966 -0.244062 0.384671 -1.07324 -1.22908 -2.53284 0.107595 -0.834942 0.0624327 -0.0394165 -0.70616 -1.71056 -0.60367 0.0474792 -0.569519 0.698664 1.02729 -4.68499 1.4091
internal_weight=937 497 204 293 33 76 44 260 223 440 249 191 77 47 114 30 16 141 98 128 119 108 10 98 138 27 32 37 6 9
internal_count=937 497 204 293 33 76 44 260 223 440 249 191 77 47 114 30 16 141 98 128 119 108 10 98 138 27 32 37 6 9
is_linear=0
shrinkage=0.05


end of trees

feature_importances:
thermal_on_capacity=346
total_load=281
net_load=246
thermal_space_load_ratio=180
weekday=177
renewable_power=121
period=79
month=78
hour=38
is_weekend=2

parameters:
[boosting: gbdt]
[objective: regression]
[metric: rmse]
[tree_learner: serial]
[device_type: cpu]
[data_sample_strategy: bagging]
[data: ]
[valid: ]
[num_iterations: 400]
[learning_rate: 0.05]
[num_leaves: 31]
[num_threads: 0]
[seed: 42]
[deterministic: 0]
[force_col_wise: 0]
[force_row_wise: 0]
[histogram_pool_size: -1]
[max_depth: 5]
[min_data_in_leaf: 3]
[min_sum_hessian_in_leaf: 0.001]
[bagging_fraction: 0.85]
[pos_bagging_fraction: 1]
[neg_bagging_fraction: 1]
[bagging_freq: 1]
[bagging_seed: 400]
[bagging_by_query: 0]
[feature_fraction: 0.85]
[feature_fraction_bynode: 1]
[feature_fraction_seed: 30056]
[extra_trees: 0]
[extra_seed: 12879]
[early_stopping_round: 0]
[early_stopping_min_delta: 0]
[first_metric_only: 0]
[max_delta_step: 0]
[lambda_l1: 0]
[lambda_l2: 0]
[linear_lambda: 0]
[min_gain_to_split: 0]
[drop_rate: 0.1]
[max_drop: 50]
[skip_drop: 0.5]
[xgboost_dart_mode: 0]
[uniform_drop: 0]
[drop_seed: 17869]
[top_rate: 0.2]
[other_rate: 0.1]
[min_data_per_group: 100]
[max_cat_threshold: 32]
[cat_l2: 10]
[cat_smooth: 10]
[max_cat_to_onehot: 4]
[top_k: 20]
[monotone_constraints: ]
[monotone_constraints_method: basic]
[monotone_penalty: 0]
[feature_contri: ]
[forcedsplits_filename: ]
[refit_decay_rate: 0.9]
[cegb_tradeoff: 1]
[cegb_penalty_split: 0]
[cegb_penalty_feature_lazy: ]
[cegb_penalty_feature_coupled: ]
[path_smooth: 0]
[interaction_constraints: ]
[verbosity: -1]
[saved_feature_importance_type: 0]
[use_quantized_grad: 0]
[num_grad_quant_bins: 4]
[quant_train_renew_leaf: 0]
[stochastic_rounding: 1]
[linear_tree: 0]
[max_bin: 255]
[max_bin_by_feature: ]
[min_data_in_bin: 3]
[bin_construct_sample_cnt: 200000]
[data_random_seed: 175]
[is_enable_sparse: 1]
[enable_bundle: 1]
[use_missing: 1]
[zero_as_missing: 0]
[feature_pre_filter: 1]
[pre_partition: 0]
[two_round: 0]
[header: 0]
[label_column: ]
[weight_column: ]
[group_column: ]
[ignore_column: ]
[categorical_feature: ]
[forcedbins_filename: ]
[precise_float_parser: 0]
[parser_config_file: ]
[objective_seed: 16083]
[num_class: 1]
[is_unbalance: 0]
[scale_pos_weight: 1]
[sigmoid: 1]
[boost_from_average: 1]
[reg_sqrt: 0]
[alpha: 0.9]
[fair_c: 1]
[poisson_max_delta_step: 0.7]
[tweedie_variance_power: 1.5]
[lambdarank_truncation_level: 30]
[lambdarank_norm: 1]
[label_gain: ]
[lambdarank_position_bias_regularization: 0]
[eval_at: ]
[multi_error_top_k: 1]
[auc_mu_weights: ]
[num_machines: 1]
[local_listen_port: 12400]
[time_out: 120]
[machine_list_filename: ]
[machines: ]
[gpu_platform_id: -1]
[gpu_device_id: -1]
[gpu_use_dp: 0]
[num_gpu: 1]

end of parameters

pandas_categorical:[]
