tree
version=v4
num_class=1
num_tree_per_iteration=1
label_index=0
max_feature_idx=18
objective=regression
feature_names=total_load net_load renewable_power thermal_space_load_ratio thermal_on_capacity hour period weekday month is_weekend is_holiday price_lag_1d price_lag_2d price_lag_3d price_lag_7d price_ma_3d price_ma_7d price_std_7d net_load_lag_1d
feature_infos=[31325.099999999999:42408.400000000001] [13380.389999999999:41070.110000000001] [1144.03:19845.43] [0.41387726832827804:0.97282505160491894] [27170:45275] [18:21] [73:88] [0:6] [2:5] [0:1] none [0:1500] [0:1500] [0:1500] [0:1500] [5.9733333333333336:1035.48] [79.428571428571431:808.92000000000007] [11.335333957067357:492.08120199323025] [13380.389999999999:41070.110000000001]
tree_sizes=2332 2257 2380 2435 2390 2528 2627 2403 2483 2696 2542 2418 2890 2414 2793 2507 2377 2651 2734 2572 2407 2431 2366 2492 2547 2544 2382 2739 2569 2314 2821 2341 2570 2543 2419 2273 2588 2562 2447 2741 2591 2628 2207 2641 2517 2724 2212 2670 2526 1998 2074 2697 2656 2624 2610 2205 2119 2435 1841 2809 1919 2266 2197 2448 1987 1991 2380 2072 1756 1881 2395 2147 2009 2339 2021 2277 1984 2090 2710 1935 2233 2682 2634 2163 2307 2125 1930 2247 1865 2085 2489 2440 2109 2012 2523 2806 2181 1993 2203 1858 2406 2570 1718 1326 2825 1376 1039 1726 2141 2212 2136 2475 1602 2327 1764 1727 1448 2189 2359 2225 1639 2397 1895 2132 1645 1955 1107 2627 2726 1588 1507 2458 1882 2394 1728 1531 1931 1855 2484 2135 2050 2018 2341 2156 2334 2600 2321 2278 1556 2723 2123 1422 1435 1053 1948 2560 1670 1569 1530 2096 1705 2643 2225 1444 1425 2228 2039 2374 2106 1564 2076 1595 2336 1971 2291

Tree=0
num_leaves=25
num_cat=0
split_feature=1 3 15 14 11 14 13 18 16 2 2 11 13 1 18 7 18 14 14 7 11 13 13 11
split_gain=1.97643e+07 7.00483e+06 5.58078e+06 4.26255e+06 2.75502e+06 1.79964e+06 1.58481e+06 1.99694e+06 989901 812609 591802 576343 368831 350697 285066 218744 145290 116007 99082.2 32644 11150.3 4478.74 1782.07 27.4286
threshold=37214.820000000014 0.85988238519169591 587.40166666666676 349.50000000000006 201.78000000000003 320.50000000000006 301.79000000000002 35374.845000000008 320.67142857142863 11273.960000000001 7103.5900000000011 1115.5000000000002 395.50000000000006 22753.290000000005 20596.895000000004 5.5000000000000009 35678.660000000011 284.87000000000006 329.50000000000006 5.5000000000000009 280.25000000000006 183.52500000000003 232.03000000000003 690.25000000000011
decision_type=2 2 2 10 8 8 10 10 2 2 2 10 10 2 8 2 8 10 10 2 10 10 8 10
left_child=1 4 3 15 9 20 7 8 -3 19 14 -9 16 -12 -6 18 -8 -14 -2 -1 -4 -11 -22 -7
right_child=2 6 5 -5 10 23 12 11 -10 21 13 -13 17 -15 -16 -17 -18 -19 -20 -21 22 -23 -24 -25
leaf_value=348.61835245197892 414.18519906336513 369.70490269893855 362.28876867995541 358.97076840148253 363.44543542927386 389.98876744017878 356.50076858876031 393.51376744017881 360.69776120255449 339.18876896605769 351.11966862426084 373.01376941110573 359.73976849303523 354.24371145722171 356.27715991988845 400.18876744017882 367.72210153645159 366.6922022190281 406.5055195560642 352.98210191792134 360.33876858458797 340.21183388623433 358.94931851611415 390.18876744017882
leaf_weight=6.0000000000000009 14.000000000000009 56 4.0000000000000044 4.9999999999999991 14.999999999999998 2.9999999999999991 75 7.9999999999999982 67 20 110 6 10.000000000000002 490 184 4.9999999999999991 2.9999999999999991 14.999999999999998 5.9999999999999991 15 2.9999999999999991 23 10 4
leaf_count=6 14 56 4 5 15 3 75 8 67 20 110 6 10 490 184 5 3 15 6 15 3 23 10 4
internal_value=357.202 355.756 386.737 401.114 353.655 368.766 363.312 366.835 364.799 343.673 354.455 384.728 358.626 353.671 356.817 409.543 356.932 363.911 411.881 351.735 359.98 339.736 359.27 390.103
internal_weight=1157 1103 54 30 863 24 240 137 123 64 799 14 103 600 199 25 78 25 20 21 17 43 13 7
internal_count=1157 1103 54 30 863 24 240 137 123 64 799 14 103 600 199 25 78 25 20 21 17 43 13 7
is_linear=0
shrinkage=1


Tree=1
num_leaves=24
num_cat=0
split_feature=1 12 2 16 11 12 2 4 12 14 18 2 1 4 14 1 18 2 18 12 7 11 0
split_gain=1.55792e+07 6.57279e+06 4.88949e+06 2.37153e+06 2.31366e+06 1.47527e+06 1.3634e+06 1.06017e+06 807581 790821 1.25361e+06 648667 448159 799661 409042 215234 131253 78549.9 45647.4 31699.5 3607.42 3061.48 131.061
threshold=36349.840000000004 259.50000000000006 6206.8550000000005 267.07142857142861 225.78000000000003 1115.5000000000002 3601.4650000000006 44735.000000000007 245.90000000000003 304.00000000000006 28241.960000000003 4088.4400000000005 22753.290000000005 38752.500000000007 265.37500000000006 37442.660000000011 29106.380000000001 3858.0850000000005 21339.675000000007 235.50000000000003 3.5000000000000004 686.05500000000018 41680.400000000001
decision_type=2 10 2 2 8 10 2 2 8 10 10 2 2 2 8 2 10 2 10 10 2 10 2
left_child=2 15 7 11 14 6 -5 9 -9 17 -11 -3 13 -6 20 -2 -14 -1 -16 -17 -4 -7 -21
right_child=1 3 4 5 12 21 -8 8 -10 10 -12 -13 16 -15 18 19 -18 -19 -20 22 -22 -23 -24
leaf_value=3.6349605242411296 37.957643636067708 54.846743774414065 -15.756841430664062 2.0372519079376672 -4.1256737890697668 29.472171020507801 20.133734818696979 34.022227172851579 5.6042632293701153 11.033070798843138 2.3708775069564583 24.090083694458002 -1.4389522754318185 -16.658683369954428 -4.5633246421813949 49.111862182617188 -2.9680325719690197 -0.65825212804894706 -9.6305412292480472 54.290740966796889 -16.868541406702114 31.492561035156246 54.674725341796865
leaf_weight=11.999999999999998 2.9999999999999991 3.9999999999999991 9.9999999999999982 34 84 3 14.999999999999998 4.9999999999999973 5.0000000000000009 62 128 3 225 14.999999999999998 8.0000000000000018 3.9999999999999991 373 95 9.9999999999999982 4.9999999999999982 27 5 4
leaf_count=12 3 4 10 34 84 3 15 5 5 62 128 3 225 15 8 4 373 95 10 5 27 5 4
internal_value=0.0903552 21.366 -1.51687 14.2001 -3.68764 10.8272 7.57699 3.80046 19.8132 3.26131 5.19749 41.6653 -2.90858 -6.02461 -13.5606 50.0296 -2.39271 -0.17677 -7.37844 52.8154 -16.5681 30.7349 54.4614
internal_weight=1139 80 1059 64 752 57 49 307 10 297 190 7 697 99 55 16 598 107 18 13 37 8 9
internal_count=1139 80 1059 64 752 57 49 307 10 297 190 7 697 99 55 16 598 107 18 13 37 8 9
is_linear=0
shrinkage=0.05


Tree=2
num_leaves=25
num_cat=0
split_feature=1 3 15 11 4 14 4 13 14 14 2 1 13 18 18 18 15 12 6 1 3 13 17 1
split_gain=1.51584e+07 5.76841e+06 4.66939e+06 2.55568e+06 2.01936e+06 1.95669e+06 1.49388e+06 1.25699e+06 1.02125e+06 958511 542207 446946 651642 420649 310286 202640 90079.8 41633.7 32734.5 31454.3 16647.3 12482 1875.6 180.164
threshold=37340.865000000013 0.85399376074079714 408.0716666666666 225.78000000000003 44735.000000000007 333.50000000000006 44810.000000000007 299.01000000000005 318.50000000000006 329.50000000000006 11273.960000000001 22753.290000000005 241.00000000000003 26810.655000000002 21050.985000000004 37214.820000000014 184.57833333333338 1157.0000000000002 85.500000000000014 36659.405000000006 0.78933681928533939 1499.5000000000002 414.98696412470838 37802.690000000002
decision_type=2 2 2 8 2 10 2 10 10 10 2 2 8 10 8 8 2 8 2 2 2 8 2 2
left_child=1 3 9 10 7 21 19 8 -3 15 20 12 -5 -9 -13 23 -12 -7 -8 -6 -1 22 -4 -2
right_child=2 4 5 11 6 17 18 13 -10 -11 16 14 -14 -15 -16 -17 -18 -19 -20 -21 -22 -23 -24 -25
leaf_value=-6.7194897969563803 52.053613281249881 2.8923809539250755 0.43007345199584868 -15.910664837176984 32.500744192940836 37.260950724283859 8.1682175954182945 6.3512932603006007 12.297676311000702 21.694953727722169 -15.838162430472998 2.8902488857507707 -3.9432876503074561 -0.6461637443871725 -2.157354646693006 39.983874511718753 -8.0154083251953132 29.810341186523427 1.2589608848094938 38.620021565755195 -3.3880911064147954 4.7379421234130863 1.8736805174085831 51.61648226651279
leaf_weight=5.9999999999999991 3.0000000000000062 54 3.0000000000000062 12.999999999999998 7.0000000000000018 2.9999999999999991 2.9999999999999991 27 62 3.9999999999999991 46 32 91 105 627 4.9999999999999991 3.9999999999999991 5.0000000000000009 4 3 9.9999999999999982 3.9999999999999991 8.9999999999999982 10.999999999999998
leaf_count=6 3 54 3 13 7 3 3 27 62 4 46 32 91 105 627 5 4 5 4 3 10 4 9 11
internal_value=0.0377764 -1.15674 27.8421 -3.20949 5.26486 12.4142 21.9356 4.12211 7.91935 43.9409 -12.6487 -2.39299 -5.43921 0.785134 -1.91225 48.6243 -15.2123 32.6043 4.22007 34.3365 -4.63737 2.31907 1.51278 51.7102
internal_weight=1141 1094 47 829 265 24 17 248 116 23 66 763 104 132 659 19 50 8 7 10 16 16 12 14
internal_count=1141 1094 47 829 265 24 17 248 116 23 66 763 104 132 659 19 50 8 7 10 16 16 12 14
is_linear=0
shrinkage=0.05


Tree=3
num_leaves=26
num_cat=0
split_feature=1 12 3 7 11 4 12 0 18 2 7 2 11 1 1 16 18 2 15 12 0 2 6 0 14
split_gain=1.52594e+07 5.46556e+06 5.11119e+06 2.1889e+06 2.15754e+06 1.46866e+06 1.21735e+06 933226 861007 1.71766e+06 621958 593252 475633 467427 368836 318794 227465 149332 86111.3 30247.9 30080.5 23884.1 7507.34 6058.25 2222.92
threshold=36965.920000000006 272.74500000000006 0.85399376074079714 2.5000000000000004 225.78000000000003 44735.000000000007 251.21500000000003 41396.900000000009 26304.610000000004 2992.3950000000004 1.5000000000000002 3601.4650000000006 491.55000000000007 23198.775000000001 25644.670000000009 274.00000000000006 23198.775000000001 3687.8050000000003 184.57833333333338 235.50000000000003 39303.80000000001 7876.7200000000003 82.500000000000014 41257.100000000006 329.50000000000006
decision_type=2 10 2 2 8 2 8 2 10 2 2 2 10 2 2 2 8 2 2 10 2 2 2 2 10
left_child=2 17 4 7 13 8 22 12 9 -4 -10 23 -3 18 15 -6 -16 19 -1 -2 -8 -15 -7 -5 -21
right_child=1 3 5 11 14 6 20 -9 10 -11 -12 -13 -14 21 16 -17 -18 -19 -20 24 -22 -23 -24 -25 -26
leaf_value=-14.950809860229493 44.449464416503872 4.2497945229212393 46.379763793945315 1.3224170937257649 -10.405202293395996 33.878189086914091 1.1960128307342524 49.328607940673834 6.8914788039667272 7.4492482779072775 0.62380699140054219 20.852255411148072 26.949341430664063 -3.2875041580200186 2.0332684952020648 -3.4552300958320346 -1.8811777486498487 38.195135498046874 -6.1956911087036133 48.989514596121666 7.819256846110024 -6.95285964012146 30.814829508463539 3.3023268890380866 50.467089843749989
leaf_weight=44 4.0000000000000027 3.0000000000000027 2.9999999999999991 17.000000000000007 18 2.9999999999999964 4.0000000000000009 3.9999999999999991 56 51 135 4.9999999999999991 9.9999999999999982 10.000000000000002 40 198 514 4.9999999999999991 2.9999999999999991 6.9999999999999982 3 7.9999999999999991 6 4.9999999999999991 4
leaf_count=44 4 3 3 17 18 3 4 4 56 51 135 5 10 10 40 198 514 5 3 7 3 8 6 5 4
internal_value=0.274473 24.0059 -1.11131 14.1548 -3.02029 4.99599 19.6728 28.2092 4.0375 9.61205 2.46145 5.3057 21.711 -11.768 -2.28185 -4.03439 -1.59855 45.6784 -14.392 48.1729 4.03455 -4.91655 31.8359 1.7724 49.5268
internal_weight=1160 64 1096 44 835 261 16 17 245 54 191 27 13 65 770 216 554 20 47 15 7 18 9 22 11
internal_count=1160 64 1096 44 835 261 16 17 245 54 191 27 13 65 770 216 554 20 47 15 7 18 9 22 11
is_linear=0
shrinkage=0.05


Tree=4
num_leaves=26
num_cat=0
split_feature=1 12 2 11 16 18 13 4 4 13 14 2 1 4 2 18 1 0 18 0 0 12 2 0 14
split_gain=1.32738e+07 5.30998e+06 3.77717e+06 1.92731e+06 1.77816e+06 1.3662e+06 1.97313e+06 837195 847512 582465 1.26097e+06 509235 364608 661293 322527 301942 176872 172406 104106 43624.1 27589 27298.8 12713 5120.03 2006.19
threshold=36420.100000000013 259.50000000000006 6206.8550000000005 225.78000000000003 267.07142857142861 33975.090000000004 267.00000000000006 44735.000000000007 44810.000000000007 299.01000000000005 318.50000000000006 4088.4400000000005 22753.290000000005 38752.500000000007 11273.960000000001 26663.535000000007 37442.660000000011 41448.650000000001 29106.380000000001 34709.650000000009 38985.700000000004 235.50000000000003 8196.7850000000017 39242.450000000004 329.50000000000006
decision_type=2 10 2 8 2 10 10 2 2 8 10 2 2 2 2 8 2 2 10 2 2 10 2 2 10
left_child=2 16 7 14 11 17 -7 9 23 10 -1 -3 13 -5 22 -11 -2 -6 -14 -16 -10 -18 -4 -9 -23
right_child=1 4 3 12 5 6 -8 8 20 15 -12 -13 18 -15 19 -17 21 -19 -20 -21 -22 24 -24 -25 -26
leaf_value=0.62421693733760297 32.46489156087236 48.26954803466797 -3.2760911623636888 -3.5435869279798577 0.84874769058823574 1.7455187602476636 29.254457473754883 30.924088541666677 1.1362122267484664 4.0091646249477675 10.416058466511387 21.018235524495438 -1.1885503324801507 -14.566037082672119 -14.290922865756722 -0.54097319218467488 42.2269889831543 11.019474105834961 -2.5511060115520667 -8.0547643025716145 7.4792315165201799 46.540039062500007 -6.412565503801618 28.002893066406244 47.943736267089832
leaf_weight=70 3.0000000000000027 3.9999999999999991 5.9999999999999982 91 25.000000000000004 11.000000000000002 15.999999999999998 2.9999999999999982 4 52 62 3 230 15.999999999999998 43 122 3.9999999999999991 4.9999999999999991 359 2.9999999999999991 3 6.9999999999999982 7 3 4
leaf_count=70 3 4 6 91 25 11 16 3 4 52 62 3 230 16 43 122 4 5 359 3 3 7 7 3 4
internal_value=0.165533 19.5558 -1.31492 -3.24232 12.8081 9.88751 18.0471 3.24681 15.6741 2.71885 5.22342 36.5904 -2.50681 -5.1918 -11.919 0.818838 43.5477 2.54387 -2.01904 -13.8842 3.85465 45.7642 -4.96496 29.4635 47.0505
internal_weight=1156 82 1074 755 64 57 27 319 13 306 132 7 696 107 59 174 18 30 589 46 7 15 13 6 11
internal_count=1156 82 1074 755 64 57 27 319 13 306 132 7 696 107 59 174 18 30 589 46 7 15 13 6 11
is_linear=0
shrinkage=0.05


Tree=5
num_leaves=27
num_cat=0
split_feature=1 12 3 11 11 17 13 17 17 13 2 2 14 1 8 1 8 0 18 1 2 4 0 14 14 12
split_gain=1.05914e+07 4.88465e+06 3.19912e+06 1.59374e+06 1.30051e+06 2.03143e+06 753324 753050 952387 679747 670458 477881 391410 257930 460595 189628 159610 150459 124340 116824 20187 16963.1 5815.7 3453.61 1331.09 397.889
threshold=36349.840000000004 259.50000000000006 0.83708938855837889 201.78000000000003 379.00000000000006 409.26251776041903 300.50000000000006 72.635102003716625 38.239753002021793 310.92500000000007 3636.3450000000007 11273.960000000001 337.50000000000006 22753.290000000005 3.5000000000000004 37442.660000000011 4.5000000000000009 41448.650000000001 29106.380000000001 36067.545000000006 4761.0200000000013 38452.500000000007 34627.400000000009 1.0000000180025095e-35 320.50000000000006 238.00000000000003
decision_type=2 10 2 8 10 2 8 2 2 8 2 2 10 2 2 2 2 2 10 2 2 2 2 10 8 10
left_child=2 15 3 11 17 10 7 8 -4 -7 -6 21 -9 14 -5 -2 19 23 -15 -8 -18 -1 -13 -3 25 -17
right_child=1 4 6 13 5 9 16 12 -10 -11 -12 22 -14 18 -16 24 20 -19 -20 -21 -22 -23 -24 -25 -26 -27
leaf_value=-6.4589485168457017 30.841646321614583 2.3881403605143174 4.6794555931380302 -13.871328989664713 17.624394734700523 4.0743993407487862 -0.029392928757557748 0.70936036656300239 17.933542500371519 26.653378295898438 38.766105880737307 -13.498494393484933 7.8555310991075302 -1.0653916292613552 -3.4069002936868111 44.920498657226602 7.0835600280761728 10.468500022888184 -2.5288039860214511 7.0838369357089208 2.4071008920669557 -3.313293393452962 -11.219769795735678 0.55574384050236814 45.546548461914043 44.215259806315103
leaf_weight=6.0000000000000009 2.9999999999999991 3.0000000000000062 33 11.999999999999998 5.9999999999999991 20.000000000000004 152 66 23 3.9999999999999991 9.9999999999999982 42 27 248 85 2.9999999999999964 9.9999999999999982 4.9999999999999991 350 5.9999999999999991 2.9999999999999991 15 2.9999999999999991 18 4.0000000000000009 6
leaf_count=6 3 3 33 12 6 20 152 66 23 4 10 42 27 248 85 3 10 5 350 6 3 15 3 18 4 6
internal_value=0.0630233 17.3876 -1.25114 -3.01497 11.3791 17.0377 2.94345 5.54235 10.1231 7.83756 30.838 -10.4401 2.78406 -2.30984 -4.70147 42.1728 0.678902 2.67347 -1.9219 0.24073 6.00438 -4.21205 -13.3466 0.817515 44.7876 44.4503
internal_weight=1163 82 1081 761 66 40 320 149 56 24 16 66 93 695 97 16 171 26 598 158 13 21 45 21 13 9
internal_count=1163 82 1081 761 66 40 320 149 56 24 16 66 93 695 97 16 171 26 598 158 13 21 45 21 13 9
is_linear=0
shrinkage=0.05


Tree=6
num_leaves=28
num_cat=0
split_feature=3 12 11 0 2 0 12 2 2 3 8 11 3 11 2 3 13 13 4 4 15 2 7 0 12 15 17
split_gain=8.35394e+06 3.96227e+06 1.71066e+06 1.2619e+06 1.25892e+06 1.37459e+06 1.37243e+06 1.2497e+06 1.12621e+06 706979 532999 1.00732e+06 414836 387373 365400 242349 472498 205525 69242 61855.4 59676.4 16370 1803.71 1803.18 644.014 414.804 284.571
threshold=0.89684079943224571 245.90000000000003 225.78000000000003 38534.400000000009 3636.3450000000007 41396.900000000009 389.50000000000006 1622.2750000000003 6364.7200000000003 0.90467304505513579 4.5000000000000009 339.38500000000005 0.96033197461951747 1040.0000000000002 11273.960000000001 0.65951969598850224 241.00000000000003 294.50000000000006 30732.500000000004 44735.000000000007 184.57833333333338 8196.7850000000017 3.5000000000000004 39242.450000000004 238.00000000000003 6.148333333333297 89.901596898361632
decision_type=2 10 8 2 2 2 10 2 2 2 2 8 2 10 2 2 8 10 2 2 2 2 2 2 10 2 2
left_child=2 3 14 -2 6 9 17 -8 10 -6 13 -12 23 -4 21 16 -10 -3 -17 -7 22 25 -16 -5 -14 -1 -23
right_child=1 4 8 12 5 19 7 -9 15 -11 11 -13 24 -15 20 18 -18 -19 -20 -21 -22 26 -24 -25 -26 -27 -28
leaf_value=-3.4623458226521771 4.5527184486389123 5.192237127699503 0.54632095244550516 27.864538574218734 5.5203375983983261 43.084927368164067 1.5049656126234261 25.385871641976493 -12.463022689819336 25.645939250787098 4.2449069581533729 31.851326465606689 43.002440388997414 11.779226827621461 -12.463768140007469 1.8361815232496994 -3.1123348923290481 0.56721280259561957 -1.8591116669438048 32.931489054361968 -6.4490319728851322 -6.1713221549987782 -13.142963077711023 26.363213729858394 42.126835850306918 -2.7834547042846682 -5.5749052047729482
leaf_weight=3.0000000000000027 4.0000000000000027 41 189 4.0000000000000018 16.000000000000007 2.9999999999999991 9.0000000000000018 13.999999999999998 14.999999999999998 5.9999999999999991 19.000000000000004 3.9999999999999991 2.9999999999999982 7.9999999999999991 17 12.999999999999998 136 58 510 3 3.9999999999999991 4 23 4 7 8.9999999999999982 4
leaf_count=3 4 41 189 4 16 3 9 14 15 6 19 4 3 8 17 13 136 58 510 3 4 4 23 4 7 9 4
internal_value=-0.00650402 10.1395 -1.82813 29.9553 7.23318 16.7947 5.03875 16.0412 -1.26281 11.0091 1.8434 9.04602 35.6003 1.00248 -9.72487 -2.27671 -4.04121 2.48263 -1.76726 38.0082 -12.272 -4.12115 -12.8543 27.1139 42.3895 -2.95318 -5.87311
internal_weight=1130 172 958 22 150 28 122 23 894 22 220 23 18 197 64 674 151 99 523 6 44 20 40 8 10 12 8
internal_count=1130 172 958 22 150 28 122 23 894 22 220 23 18 197 64 674 151 99 523 6 44 20 40 8 10 12 8
is_linear=0
shrinkage=0.05


Tree=7
num_leaves=25
num_cat=0
split_feature=3 12 11 16 12 4 1 3 1 8 11 11 1 1 1 4 18 12 15 12 14 1 7 18
split_gain=9.62177e+06 4.80071e+06 1.80704e+06 1.26027e+06 1.14108e+06 1.37e+06 1.08944e+06 998129 933903 606431 633394 368718 364966 346396 258956 495480 96549.5 23664.8 17833.9 15834.9 2127.49 1517.85 1186.74 224.363
threshold=0.89684079943224571 245.90000000000003 225.78000000000003 250.65428571428575 385.50000000000006 44735.000000000007 39013.525000000001 0.83324009477560035 35041.584999999999 4.5000000000000009 339.69500000000005 1040.0000000000002 23198.775000000001 37442.660000000011 22753.290000000005 38752.500000000007 29106.380000000001 235.50000000000003 176.1166666666667 268.96000000000009 284.87000000000006 26958.014999999999 3.5000000000000004 21975.16
decision_type=2 10 8 2 10 2 2 2 2 2 8 10 2 2 2 2 10 10 2 10 10 2 2 8
left_child=2 8 12 -3 5 -5 -6 14 -2 11 -11 -9 18 20 15 -4 -16 -15 22 21 -10 -14 -1 -21
right_child=1 3 7 4 6 -7 -8 9 13 10 -12 -13 19 17 16 -17 -18 -19 -20 23 -22 -23 -24 -25
leaf_value=-11.877257948655348 4.9806008021036732 35.18680400848389 -3.0503702203432721 2.3864825725702956 21.313118327747691 19.076429722990309 1.4093083006888629 0.39710412874388012 24.528355407714816 6.2161802488214821 31.135541280110676 11.349345207214355 -3.4283561229705799 35.711667633056642 -0.9612425890173848 -12.554154825210572 -2.3044496883333259 40.202639215642762 -9.1270211029052728 -6.1703702290852869 26.289772415161128 -2.3178358459472657 -12.446401214599611 -5.6234236907958968
leaf_weight=12.999999999999998 3.0000000000000027 3.9999999999999991 96 101 22 13.999999999999998 9.9999999999999982 195 3.0000000000000027 17.000000000000004 2.9999999999999991 7.9999999999999991 8.0000000000000018 3.9999999999999991 221 15.999999999999998 339 10.999999999999998 4.9999999999999991 2.9999999999999991 4 4.9999999999999991 31 5.0000000000000009
leaf_count=13 3 4 96 101 22 14 10 195 3 17 3 8 8 4 221 16 339 11 5 3 4 5 31 5
internal_value=0.104329 10.8557 -1.85653 7.49559 6.74208 4.4183 15.0932 -1.25143 31.1505 1.64714 9.95408 0.82872 -9.59317 34.7191 -2.21331 -4.40805 -1.77436 39.005 -11.9567 -4.0783 25.5349 -3.00123 -12.2782 -5.82853
internal_weight=1141 176 965 151 147 115 32 895 25 223 20 203 70 22 672 112 560 15 49 21 7 13 44 8
internal_count=1141 176 965 151 147 115 32 895 25 223 20 203 70 22 672 112 560 15 49 21 7 13 44 8
is_linear=0
shrinkage=0.05


Tree=8
num_leaves=27
num_cat=0
split_feature=1 12 2 11 18 11 4 14 12 14 18 1 2 13 0 13 13 2 2 0 0 1 0 17 6 0
split_gain=8.60966e+06 3.65623e+06 2.53067e+06 1.49001e+06 1.11385e+06 1.7515e+06 836214 817567 509311 481834 924145 223235 209791 203460 112707 85904.7 43881.5 140371 38496.4 29547.8 13924.3 8904.25 2578.81 2147.67 1824.97 56.8096
threshold=36349.840000000004 259.50000000000006 6088.1050000000005 225.78000000000003 30970.610000000004 1499.5000000000002 44735.000000000007 297.50000000000006 245.90000000000003 304.00000000000006 26663.535000000007 26958.014999999999 11273.960000000001 239.50000000000003 41448.650000000001 245.90000000000003 331.00000000000006 1257.1700000000003 3858.0850000000005 34709.650000000009 41257.100000000006 26713.685000000009 39242.450000000004 64.476479899219882 82.500000000000014 40300.850000000006
decision_type=2 10 2 8 10 10 2 10 8 10 10 2 2 8 2 8 8 2 2 2 2 2 2 2 2 2
left_child=2 16 6 12 14 7 9 -6 22 18 -11 13 21 -5 20 -13 17 25 -1 -14 -3 -4 -8 -18 -7 -2
right_child=1 4 3 11 5 24 8 -9 -10 10 -12 15 19 -15 -16 -17 23 -19 -20 -21 -22 -23 -24 -25 -26 -27
leaf_value=2.3101810195229269 37.886201477050761 0.4069871532289604 -5.0795744578043625 -7.773442277454194 35.336194525824645 1.1413396492600443 25.22287750244142 16.699334441914278 3.4979227352142326 10.174106089597526 1.8075363280067984 1.2556567167863251 -11.603547590606068 -2.6674625510735948 9.2231523513793956 -1.4407444324266787 40.304358927408856 25.082535807291663 -0.81600101119343271 -6.491726970672608 4.0724660237630212 -2.2443387985229495 23.283607991536453 38.534607696533193 -0.076357285976409894 38.174033610026036
leaf_weight=10.999999999999998 4.0000000000000018 19.000000000000007 8.9999999999999982 21 9.0000000000000018 7.9999999999999982 3.9999999999999973 17 5.0000000000000009 43 142 32 49 275 4.9999999999999991 384 2.9999999999999991 3 94 2.9999999999999991 2.9999999999999991 3.9999999999999991 3 4 5 3
leaf_count=11 4 19 9 21 9 8 4 17 5 43 142 32 49 275 5 384 3 3 94 3 3 4 3 4 5 3
internal_value=0.0616093 15.5795 -1.13207 -2.6417 10.2535 15.658 2.75198 23.1506 15.686 2.21677 3.7522 -1.98014 -9.88835 -3.02971 2.44689 -1.23333 36.2568 34.1315 -0.488496 -11.3086 0.906825 -4.20719 24.3918 39.2931 0.672995 38.0096
internal_weight=1162 83 1079 777 66 39 302 26 12 290 185 712 65 296 27 416 17 10 105 52 22 13 7 7 13 7
internal_count=1162 83 1079 777 66 39 302 26 12 290 185 712 65 296 27 416 17 10 105 52 22 13 7 7 13 7
is_linear=0
shrinkage=0.05


Tree=9
num_leaves=29
num_cat=0
split_feature=3 4 12 11 12 16 12 0 2 8 13 11 2 2 1 4 18 18 16 15 12 12 2 2 13 1 0 12
split_gain=6.32544e+06 2.75381e+06 3.24564e+06 1.24291e+06 987985 1.30386e+06 697354 559553 443839 376301 298022 287484 267537 157244 151817 374946 122653 100944 49339.1 48089.6 27283.8 13518 13298.3 9817.77 1697.91 1078.11 824.641 302.509
threshold=0.87542446380032002 44735.000000000007 356.00000000000006 225.78000000000003 369.50000000000006 305.91071428571433 1115.5000000000002 41396.900000000009 7103.5900000000011 4.5000000000000009 267.00000000000006 1040.0000000000002 11273.960000000001 3390.6550000000002 22753.290000000005 38752.500000000007 26176.705000000005 28892.090000000007 342.61214285714294 184.57833333333338 238.00000000000003 268.96000000000009 6088.1050000000005 3448.6950000000002 183.52500000000003 26958.014999999999 40432.450000000004 284.87000000000006
decision_type=2 2 10 8 10 2 8 2 2 2 10 10 2 2 2 2 8 8 2 2 10 10 2 2 10 2 2 10
left_child=3 4 13 12 7 -6 23 9 11 -2 -7 16 21 20 15 -10 -5 -16 -15 24 -3 25 -13 -4 -14 -1 -8 -23
right_child=1 2 6 8 5 10 26 -9 14 -11 -12 22 19 18 17 -17 -18 -19 -20 -21 -22 27 -24 -25 -26 -27 -28 -29
leaf_value=-3.0377622127532948 1.3272671300609657 30.58983052571611 0.62887758817523698 2.2386083063979942 44.040940348307238 1.8774167484707296 19.919932047526043 21.202900791168215 -2.8221053113540013 8.5081971168518074 13.250627005100251 12.784868876139324 -11.355412396517668 23.69945460728237 -0.95705529159825786 -11.581034905569894 -0.59631144865866637 -2.4445782156785332 29.635969325474328 -5.3187033176422123 36.18113555908203 -5.4710638046264659 8.3810764312744137 3.0005362272262577 -10.734213811700995 -2.0324109554290772 21.092281087239577 -4.8561355590820305
leaf_weight=8.0000000000000018 139 3.0000000000000027 16.000000000000007 48 3.0000000000000027 9.0000000000000018 2.9999999999999991 3.9999999999999991 96 21 15.999999999999998 2.9999999999999991 22 6.9999999999999982 184 13.999999999999998 186 300 7 3.9999999999999991 7.9999999999999991 5.9999999999999982 4 5.9999999999999991 22 3.9999999999999991 3 3
leaf_count=8 139 3 16 48 3 9 3 4 96 21 16 3 22 7 184 14 186 300 7 4 8 6 4 6 22 4 3 3
internal_value=-0.127512 6.99866 17.0881 -2.05883 4.21356 12.8939 5.3965 2.73155 -1.52588 2.26976 9.15627 0.283893 -8.50831 30.1827 -2.26015 -3.93688 -0.0147894 -1.87907 26.6677 -10.5676 34.6562 -3.80126 10.2684 1.27569 -11.0448 -2.70265 20.5061 -5.26609
internal_weight=1149 245 53 904 192 28 28 164 835 160 25 241 69 25 594 110 234 484 14 48 11 21 7 22 44 12 6 9
internal_count=1149 245 53 904 192 28 28 164 835 160 25 241 69 25 594 110 234 484 14 48 11 21 7 22 44 12 6 9
is_linear=0
shrinkage=0.05


Tree=10
num_leaves=27
num_cat=0
split_feature=3 4 12 16 11 12 3 12 8 11 11 2 2 13 1 3 13 0 4 16 11 13 12 13 1 12
split_gain=5.80532e+06 2.58138e+06 2.4342e+06 1.53467e+06 1.29305e+06 1.16614e+06 741405 434252 433243 597430 301451 292511 253249 243259 201891 169356 277036 130350 57383.2 44111 36952.2 28258.1 12944 2282.79 1067.58 308.063
threshold=0.89684079943224571 44395.000000000007 356.00000000000006 250.65428571428575 225.78000000000003 389.50000000000006 0.83324009477560035 1115.5000000000002 4.5000000000000009 339.38500000000005 1040.0000000000002 11273.960000000001 4154.9700000000003 294.50000000000006 37802.690000000002 0.65951969598850224 241.00000000000003 36720.450000000004 30732.500000000004 342.61214285714294 201.78000000000003 331.00000000000006 268.96000000000009 183.52500000000003 26958.014999999999 284.87000000000006
decision_type=2 2 10 2 8 8 2 8 2 8 10 2 2 10 2 2 8 2 2 2 8 10 10 10 2 10
left_child=4 3 14 -2 11 13 15 12 10 -10 -8 22 -4 -5 19 16 -6 -7 -17 -3 23 -16 24 -13 -1 -24
right_child=1 2 7 5 6 17 8 -9 9 -11 -12 20 -14 -15 21 18 -18 -19 -20 -21 -22 -23 25 -25 -26 -27
leaf_value=-2.9108587265014627 31.473862762451173 22.046030807495111 1.5251068691412604 4.81677455035123 -10.258587059607873 31.986342875162762 0.31547564464746064 20.162522583007814 3.6489615328171667 23.310405597686767 9.6760807037353516 -10.786426079791525 17.216335042317709 -0.028290982095022052 30.888396708170575 1.8681536307701698 -2.6538056944545949 17.246938578287757 -1.4966858374334873 27.71738459269206 -4.7069222132364912 35.741070048014322 -5.2542272186279284 -10.089346981048585 -2.087556757245745 -4.6133285522460925
leaf_weight=9.0000000000000053 4.9999999999999991 8.0000000000000018 18.000000000000007 44 12.999999999999998 2.9999999999999991 194 4.9999999999999991 17.000000000000004 4.9999999999999991 8.9999999999999982 23 2.9999999999999991 63 5.9999999999999982 12.999999999999998 152 3 500 5.9999999999999991 2.9999999999999991 6 5 24 6.9999999999999991 3
leaf_count=9 5 8 18 44 13 3 194 5 17 5 9 23 3 63 6 13 152 3 500 6 3 6 5 24 7 3
internal_value=-0.071153 8.4564 17.7377 4.36631 -1.55496 3.16686 -1.03425 6.91975 1.45276 8.11747 0.730478 -7.90912 3.76671 1.96407 28.5557 -1.85958 -3.25297 24.6166 -1.41142 24.4766 -10.0871 33.3147 -3.37174 -10.4305 -2.55066 -5.01389
internal_weight=1147 170 52 118 977 113 903 26 225 22 203 74 21 107 26 678 165 6 513 14 50 12 24 47 16 8
internal_count=1147 170 52 118 977 113 903 26 225 22 203 74 21 107 26 678 165 6 513 14 50 12 24 47 16 8
is_linear=0
shrinkage=0.05


Tree=11
num_leaves=26
num_cat=0
split_feature=3 12 16 1 18 11 12 8 0 3 8 11 11 1 1 14 8 18 14 3 16 3 2 0 0
split_gain=6.47017e+06 3.01243e+06 1.52776e+06 1.07158e+06 892403 1.34194e+06 1.21961e+06 805180 580133 566919 374592 556691 276870 232251 86355.5 80388.1 67760.3 51920.3 30138.3 8191.2 3058.19 2221.83 1986.31 1558.65 708.071
threshold=0.89684079943224571 245.90000000000003 250.65428571428575 22753.290000000005 35970.215000000011 1069.0050000000003 389.50000000000006 3.5000000000000004 38534.400000000009 0.83300369910458871 4.5000000000000009 341.17000000000002 1040.0000000000002 37442.660000000011 26958.014999999999 193.10000000000002 3.5000000000000004 29106.380000000001 320.50000000000006 0.56447048214001005 289.99857142857144 0.50456149974772213 11981.885000000002 39242.450000000004 32878.05000000001
decision_type=2 10 2 2 10 10 10 2 2 2 2 10 10 2 2 10 2 10 8 2 2 2 2 2 2
left_child=3 8 15 7 6 -6 -4 22 -2 14 12 -12 -11 23 16 -3 -5 -16 -15 21 -21 -9 -1 -10 -24
right_child=1 2 4 9 5 -7 -8 19 13 10 11 -13 -14 18 17 -17 -18 -19 -20 20 -22 -23 24 -25 -26
leaf_value=-11.366238657633465 4.3339917500813749 36.814909871419268 1.6440026556679961 -3.5321758350259382 24.312418801443915 2.4203270294836585 16.850644055207571 -3.9586123148600261 21.674459075927722 0.37088843760878276 4.4069592714309689 27.583622462550803 9.8489519596099857 32.867578679865062 -0.32962169523040452 25.239929326375318 -1.6753864202675204 -1.5296159918872154 27.213834126790346 -0.94145818710327145 -2.2361104011535646 -2.9074508605464811 -9.80969638824463 20.278641128540034 -10.188941502571106
leaf_weight=2.9999999999999991 3.0000000000000027 2.9999999999999991 109 76 14 14 14.999999999999998 5.9999999999999991 4.0000000000000018 209 19.000000000000004 2.9999999999999991 7.9999999999999991 10.999999999999996 144 3 139 241 3.0000000000000009 4.9999999999999991 52 31 20 4 32
leaf_count=3 3 3 109 76 14 14 15 6 4 209 19 3 8 11 144 3 139 241 3 5 52 31 20 4 32
internal_value=0.19687 8.83267 6.28088 -1.40268 5.30404 13.3664 3.48352 -5.31011 24.96 -0.708745 1.35059 7.56741 0.72031 27.7726 -1.52905 31.0274 -2.33174 -1.08079 31.6561 -2.49859 -2.12254 -3.07791 -10.1153 20.9766 -10.0431
internal_weight=1171 183 158 988 152 28 124 149 25 839 239 22 217 22 600 6 215 385 14 94 57 37 55 8 52
internal_count=1171 183 158 988 152 28 124 149 25 839 239 22 217 22 600 6 215 385 14 94 57 37 55 8 52
is_linear=0
shrinkage=0.05


Tree=12
num_leaves=31
num_cat=0
split_feature=3 4 12 12 11 17 2 12 14 14 17 14 2 11 2 3 8 6 15 12 0 14 12 16 12 15 12 2 16 12
split_gain=5.48266e+06 2.58621e+06 1.99584e+06 1.4318e+06 1.04841e+06 799598 647526 642016 436047 285688 579081 237727 235427 219438 197641 102396 228168 101522 61531.3 55465.6 45288.1 38023.2 33238.3 13697 11406.3 2135.86 1378.89 765.88 746.569 243.884
threshold=0.89684079943224571 44735.000000000007 356.00000000000006 354.50000000000006 201.78000000000003 42.316537069777198 6669.9900000000007 1115.5000000000002 319.50000000000006 318.50000000000006 22.130355221501201 333.50000000000006 11273.960000000001 398.20000000000005 3390.6550000000002 0.66125720976363567 2.5000000000000004 74.500000000000014 276.50000000000017 348.50000000000006 40950.80000000001 325.50000000000006 235.50000000000003 460.12642857142862 268.96000000000009 91.666666666666671 1210.5000000000002 12571.475000000002 109.67285714285715 284.87000000000006
decision_type=2 2 10 10 8 2 2 10 8 10 2 10 2 10 2 2 2 2 2 8 2 10 10 2 10 2 10 2 2 10
left_child=4 3 14 13 12 11 9 23 -7 19 -11 -5 24 21 22 16 -8 -15 -17 -6 -16 -2 -3 -4 28 -14 -9 -27 -1 -26
right_child=1 2 7 5 6 8 15 26 -10 10 -12 -13 25 17 20 18 -18 -19 -20 -21 -22 -23 -24 -25 29 27 -28 -29 -30 -31
leaf_value=-2.6088534593582144 2.0647634521678646 25.805014038085911 3.9554824908574329 -1.2133775901794428 -1.3919493034277879 37.038670043945324 -9.0024424007960739 16.727808634440109 16.156935424804683 17.99286650021871 2.0881861692234391 15.140301132202147 -9.6667686179832177 14.276395161946599 19.966554429796009 0.49732186449201488 -2.3077577080045426 4.5982583999633793 -1.6005176209801928 0.62451631510630257 25.574592844645181 -0.26371807920932772 31.742418323863639 0.20738449646876408 -4.7581905364990247 -8.2416992187499911 18.04067179361979 -9.1122751235961914 -1.8710368792215986 -4.2060535430908192
leaf_weight=8.0000000000000018 27 3.0000000000000027 3.0000000000000062 5.0000000000000018 73 4.9999999999999973 13.999999999999998 2.9999999999999982 5.0000000000000009 5.9999999999999991 124 4 27 3.0000000000000027 8.9999999999999982 38 140 28 436 64 5.9999999999999991 50 10.999999999999998 12.999999999999998 5.9999999999999982 3.0000000000000027 6 15.999999999999998 5.9999999999999991 3
leaf_count=8 27 3 3 5 73 5 14 3 5 6 124 4 27 3 9 38 140 28 436 64 6 50 11 13 6 3 6 16 6 3
internal_value=0.122049 8.10682 17.2726 4.20957 -1.37717 16.867 -0.919328 6.9196 26.5978 1.14325 2.82225 6.05492 -7.31578 1.98281 26.1975 -1.79625 -2.91637 5.53485 -1.43234 -0.449951 22.2098 0.552762 30.4701 0.910153 -3.18541 -9.38096 17.6031 -8.97482 -2.29265 -4.57414
internal_weight=1145 181 54 127 964 19 895 25 10 267 130 9 69 108 29 628 154 31 474 137 15 77 14 16 23 46 9 19 14 9
internal_count=1145 181 54 127 964 19 895 25 10 267 130 9 69 108 29 628 154 31 474 137 15 77 14 16 23 46 9 19 14 9
is_linear=0
shrinkage=0.05


Tree=13
num_leaves=26
num_cat=0
split_feature=3 4 11 16 11 18 2 2 14 17 2 4 18 3 13 15 7 3 15 4 6 13 16 15 18
split_gain=5.25761e+06 2.1499e+06 2.14552e+06 1.7138e+06 953676 583958 551430 447706 264900 529656 198563 185038 124840 107442 252681 69804.7 56897.2 20854.7 12686 9757.59 3349.32 1003.77 782.281 744.458 155.829
threshold=0.90052569632243318 44735.000000000007 1069.0050000000003 250.65428571428575 225.78000000000003 24380.075000000004 6669.9900000000007 1622.2750000000003 318.50000000000006 22.130355221501201 11273.960000000001 38137.000000000007 35041.584999999999 0.66125720976363567 241.00000000000003 276.50000000000017 2.5000000000000004 0.96962000981229768 184.57833333333338 38452.500000000007 82.500000000000014 183.52500000000003 109.67285714285715 726.33333333333337 22562.360000000004
decision_type=2 2 10 2 8 10 2 2 10 2 2 2 10 2 8 2 2 2 2 2 2 10 2 2 10
left_child=4 3 7 -2 10 -5 8 17 16 -10 19 -7 -9 14 -8 -15 -6 -3 21 24 23 -12 -21 -4 -1
right_child=1 2 20 5 6 11 13 12 9 -11 18 -13 -14 15 -16 -17 -18 -19 -20 22 -22 -23 -24 -25 -26
leaf_value=-4.5769976043701162 32.954392700195314 30.309157770330259 1.6051503181457525 21.749181604385377 0.86122166032140912 4.4173957712510052 -9.0033199373881025 8.6897062619527077 17.093223110834757 1.8824208077433848 -9.2355528580515021 0.17870282106674637 19.627645263671877 0.69131117294996214 -2.2011571267717764 -1.5189554935343126 -1.1175688934799666 26.414668426513675 -5.6012628555297859 -2.4534600067138674 -0.63876443028450014 -8.7574395693265483 -1.6261175632476801 0.66373647281101766 -4.1211776733398429
leaf_weight=5 4.9999999999999991 10.999999999999998 2.9999999999999982 3.9999999999999991 55 51 14.999999999999998 3.0000000000000027 5.9999999999999991 124 19 52 20 39 152 425 107 4.9999999999999991 2.9999999999999991 9.9999999999999982 4.9999999999999991 26 4.0000000000000009 7 3
leaf_count=5 5 11 3 4 55 51 15 3 6 124 19 52 20 39 152 425 107 5 3 10 5 26 4 7 3
internal_value=0.0569441 8.29345 16.4882 4.3424 -1.31995 3.00539 -0.893233 22.6691 0.903311 2.58446 -6.94658 2.27747 18.201 -1.7246 -2.81213 -1.33318 -0.445757 29.0921 -8.74943 -3.01307 0.417852 -8.95931 -2.21708 0.946161 -4.40607
internal_weight=1159 166 54 112 993 107 923 39 292 130 70 103 23 631 167 464 162 16 48 22 15 45 14 10 8
internal_count=1159 166 54 112 993 107 923 39 292 130 70 103 23 631 167 464 162 16 48 22 15 45 14 10 8
is_linear=0
shrinkage=0.05


Tree=14
num_leaves=30
num_cat=0
split_feature=3 4 12 11 12 15 13 12 8 3 3 3 4 11 18 18 0 0 3 13 16 11 12 13 12 6 17 12 0
split_gain=3.74694e+06 1.66804e+06 1.59446e+06 741587 572454 709931 410066 382668 287519 236709 227866 177291 162631 134149 121702 118675 286934 90352.1 89842.9 79865.7 63549.8 11813.4 9226.17 1804.15 1086.95 642.544 311.33 210.646 39.8556
threshold=0.87542446380032002 44395.000000000007 356.00000000000006 201.78000000000003 354.50000000000006 355.49833333333339 259.50000000000006 1115.5000000000002 4.5000000000000009 0.80577656200822623 0.90052569632243318 0.68736182840213089 44810.000000000007 1040.0000000000002 26176.705000000005 29769.105000000007 34756.80000000001 39981.450000000004 0.81740553608274269 337.50000000000006 315.15785714285721 400.50000000000006 268.96000000000009 183.52500000000003 1210.5000000000002 77.500000000000014 124.52500764583586 284.87000000000006 34356.05000000001
decision_type=2 2 10 8 10 2 10 10 2 2 2 2 2 10 8 10 2 2 2 10 2 8 10 10 10 2 2 10 2
left_child=3 4 19 11 6 10 -2 12 -8 15 -6 23 -4 14 -11 17 -17 -5 -15 20 -3 -7 26 28 -9 -25 -13 -24 -1
right_child=1 2 7 9 5 21 8 24 -10 13 -12 22 -14 18 -16 16 -18 -19 -20 -21 -22 -23 27 25 -26 -27 -28 -29 -30
leaf_value=-8.7747733668277128 17.758398532867432 28.018141682942645 8.6539084625244111 -1.3372370107341232 10.120184961954747 -2.5821247100830096 0.765896859520248 15.092335510253902 7.3207253067117 2.1461627075617966 23.010206317901613 -2.1534539752536341 0.77630252524426113 0.016507155895233157 -0.72200073867008607 -9.0683587074279792 -2.1582632326013673 2.4150473819059486 8.7919374193464002 28.518165893554688 20.04632990519206 1.1680126496723717 -4.2952295303344732 -8.6130167643229125 16.296190490722655 -8.0111710492302404 -1.5653021494547525 -3.7820949554443346 -8.9708783467610669
leaf_weight=19.000000000000004 3.9999999999999991 3.0000000000000062 10.000000000000002 285 6.0000000000000027 2.9999999999999973 140 3 19 44 7.9999999999999991 9.0000000000000018 19 4.9999999999999982 232 15.999999999999998 246 17 7 4.9999999999999991 14.999999999999998 7.0000000000000009 5.9999999999999982 6.0000000000000027 5 17 2.9999999999999991 3 2.9999999999999991
leaf_count=19 4 3 10 285 6 3 140 3 19 44 8 9 19 5 232 16 246 17 7 5 15 7 6 6 5 17 3 3 3
internal_value=-0.13069 5.33592 12.5898 -1.60155 3.00848 10.218 1.94695 6.16343 1.54918 -1.20602 17.4859 -6.70752 3.49272 -0.0397462 -0.264757 -1.80157 -2.58025 -1.12602 5.13551 22.9278 21.375 0.0429714 -2.91403 -8.47781 15.8447 -8.16817 -2.00642 -4.12418 -8.80151
internal_weight=1165 247 60 918 187 24 163 37 159 852 14 66 29 288 276 564 262 302 12 23 18 10 21 45 8 23 12 9 22
internal_count=1165 247 60 918 187 24 163 37 159 852 14 66 29 288 276 564 262 302 12 23 18 10 21 45 8 23 12 9 22
is_linear=0
shrinkage=0.05


Tree=15
num_leaves=28
num_cat=0
split_feature=1 2 12 7 11 13 17 15 2 1 0 1 13 11 0 1 15 13 5 12 0 12 14 7 0 14 16
split_gain=4.3694e+06 1.65013e+06 1.53481e+06 1.06138e+06 637296 541221 411689 920341 192819 175562 171240 139034 106391 102573 69174.5 45098.2 29975.2 23212.2 51265.2 8629.4 6291.78 3146.79 2337.46 1737.91 728.751 258.296 185.158
threshold=37340.865000000013 5181.1900000000014 309.50000000000006 4.5000000000000009 201.78000000000003 304.00000000000006 66.857069580196551 310.07166666666677 7387.6850000000004 24231.625000000004 41396.900000000009 36349.840000000004 394.83500000000009 1040.0000000000002 34756.80000000001 34181.905000000006 663.26166666666677 331.00000000000006 19.500000000000004 268.96000000000009 40950.80000000001 318.50000000000006 329.50000000000006 3.5000000000000004 40597.950000000004 284.87000000000006 292.07142857142861
decision_type=2 2 10 2 8 10 2 2 2 2 2 2 10 10 2 2 2 10 2 10 2 8 10 2 2 10 2
left_child=1 5 17 10 9 6 7 -1 13 23 24 -8 15 -6 -10 -7 -14 18 -2 -11 25 -22 -19 -3 -4 -5 -20
right_child=2 4 3 20 8 12 11 -9 14 19 -12 -13 16 -15 -16 -17 -18 22 26 -21 21 -23 -24 -25 -26 -27 -28
leaf_value=1.9623072032575255 19.714122200012195 -7.72344617843628 16.020539347330715 -0.87183614969253442 -0.27512416659392475 -2.0545509325491418 2.2930760976672171 15.017324878551342 -3.3860762064917047 -1.8721821716853548 28.39996948242187 8.8478713227642913 2.2194061288833615 4.8906943786144259 -1.5447344304636583 0.53081649580309465 7.5087192535400398 26.914616394042966 27.106816609700516 -3.9307376384735111 2.8268595377604182 0.9999763987281105 28.623951721191403 -8.3487691345214845 14.989636230468747 -0.21571635007858272 26.587179565429683
leaf_weight=27 4.0000000000000018 20 3.0000000000000018 3.0000000000000027 246 37 80 27 57 14.000000000000002 4 8.9999999999999982 25.000000000000004 9.9999999999999982 485 31 2.9999999999999991 4 3 7.9999999999999991 2.9999999999999973 11 4 25 4 3 4
leaf_count=27 4 20 3 3 246 37 80 27 57 14 4 9 25 10 485 31 3 4 3 8 3 11 4 25 4 3 4
internal_value=0.0733727 -0.581382 14.5304 7.67218 -1.59748 3.09613 5.04564 8.48982 -1.20423 -6.28126 20.1473 2.95592 0.192169 -0.0733344 -1.73838 -0.875928 2.78612 25.72 24.2296 -2.62075 0.810883 1.39145 27.7693 -8.07085 15.4315 -0.543776 26.8099
internal_weight=1154 1104 50 31 865 239 143 54 798 67 11 89 96 256 542 68 28 19 11 22 20 14 8 45 7 6 7
internal_count=1154 1104 50 31 865 239 143 54 798 67 11 89 96 256 542 68 28 19 11 22 20 14 8 45 7 6 7
is_linear=0
shrinkage=0.05


Tree=16
num_leaves=26
num_cat=0
split_feature=1 12 3 1 2 12 13 15 18 1 18 14 4 13 14 2 13 11 0 1 14 0 0 13 16
split_gain=4.03601e+06 1.47286e+06 1.27835e+06 612635 568345 459025 457835 424713 1.04701e+06 188450 120711 117326 94389.1 90903.8 31997.5 31886.6 21125 45109.4 18373.3 2656.95 2109.56 2047.8 830.18 674.966 519.126
threshold=37340.865000000013 309.50000000000006 0.87432776194363593 18573.335000000003 3687.8050000000003 1115.5000000000002 301.79000000000002 310.36666666666673 26230.235000000004 27215.530000000002 21050.985000000004 269.49000000000007 38272.500000000007 394.83500000000009 284.87000000000006 3299.5400000000004 331.00000000000006 405.55500000000006 35993.80000000001 16976.100000000002 329.50000000000006 40950.80000000001 33141.100000000013 400.50000000000006 292.07142857142861
decision_type=2 10 2 2 2 10 10 2 10 2 8 8 2 10 10 2 10 8 2 2 10 2 2 10 2
left_child=2 16 3 12 5 21 7 18 -9 11 -11 -5 19 15 -15 -8 17 24 -4 -1 -18 -3 -14 -7 -2
right_child=1 4 6 9 -6 23 13 8 -10 10 -12 -13 22 14 -16 -17 20 -19 -20 -21 -22 -23 -24 -25 -26
leaf_value=-4.0094482421875002 25.751475524902339 -0.19792694913016404 -2.184427579243978 -4.0093225774310879 27.519603474934897 15.219512430826819 0.57693029585338784 23.981257152557376 4.9878438524710829 2.5977663475891641 -0.72390119676902243 -1.6105014807387683 -7.5918188367571151 0.64074395895004255 4.0298874855041502 -1.8396858038046422 25.568885421752924 18.728416061401358 0.83836435045926805 -2.2912600941128201 27.19275512695312 0.84168062925338738 -8.0633796691894535 14.27085266113281 24.919508972167964
leaf_weight=2.9999999999999991 3 9.0000000000000089 5.9999999999999991 63 2.9999999999999991 3 21 7.9999999999999991 78 29 481 267 28 13.000000000000002 14.999999999999998 39 4 4.0000000000000009 31 8.9999999999999982 4 9.9999999999999982 13.999999999999998 5 5
leaf_count=3 3 9 6 63 3 3 21 8 78 29 481 267 28 13 15 39 4 4 31 9 4 10 14 5 5
internal_value=-0.0143816 13.8804 -0.643104 -1.46931 6.87357 4.57957 2.85749 4.82752 6.75467 -1.13744 -0.535022 -2.06846 -6.63163 0.103929 2.45636 -0.99387 24.3906 23.0638 0.348182 -2.72081 26.3808 0.349235 -7.74901 14.6266 25.2315
internal_weight=1155 50 1105 894 30 27 211 123 86 840 510 330 54 88 28 60 20 12 37 12 8 19 42 8 8
internal_count=1155 50 1105 894 30 27 211 123 86 840 510 330 54 88 28 60 20 12 37 12 8 19 42 8 8
is_linear=0
shrinkage=0.05


Tree=17
num_leaves=29
num_cat=0
split_feature=3 4 12 12 16 11 2 12 14 13 2 13 2 3 16 14 15 12 3 12 2 15 13 6 6 18 3 14
split_gain=3.18364e+06 1.52253e+06 1.17937e+06 945211 685983 671092 396457 362346 298484 412058 173240 129032 121369 88378.6 146944 60774.6 52159.7 40660.1 26590.9 19492.9 6324.35 6017.24 1293.36 609.157 564.25 434.57 364.808 62.4423
threshold=0.89684079943224571 44735.000000000007 356.00000000000006 397.50000000000006 250.65428571428575 201.78000000000003 6364.7200000000003 1115.5000000000002 318.50000000000006 298.02000000000004 3133.4250000000006 294.50000000000006 11273.960000000001 0.72695000619108752 274.00000000000006 289.50000000000006 276.50000000000017 348.50000000000006 0.96962000981229768 259.50000000000006 7876.7200000000003 695.33333333333337 183.52500000000003 77.500000000000014 77.500000000000014 21532.335000000003 0.82120049883958579 260.99000000000007
decision_type=2 2 10 10 2 8 2 10 10 10 2 10 2 2 2 10 2 8 2 10 2 2 10 2 2 10 2 8
left_child=5 3 15 4 -2 12 8 21 17 -10 -5 -6 20 14 -8 19 -15 -7 -17 -3 26 -4 27 -9 -24 -22 -1 -14
right_child=1 2 7 10 11 6 13 23 9 -11 -12 -13 22 16 -16 18 -18 -19 -20 -21 25 -23 24 -25 -26 -27 -28 -29
leaf_value=-1.3916494051615391 22.443044185638428 16.716959190368645 2.7214860598246227 30.131509908040364 3.441408466750925 -1.3332673524279852 -5.3196596511205039 13.557309875488279 8.3643038060930035 1.1348425155224866 14.236794471740721 -0.075935286656022075 -7.5287008376348572 1.181634957420415 -1.6376375046798159 24.133233226429333 -1.0247271766742834 0.53525117027262847 18.822631072998046 20.696655578613282 -2.9402357101440439 0.21789625336726509 -7.4600129445393835 14.458536783854164 -6.9001271565755209 -3.659502710614885 -2.0669348398844396 -7.7725631713867189
leaf_weight=6.0000000000000018 3.9999999999999991 8.0000000000000018 3.0000000000000027 2.9999999999999991 44 74 30 5 27 73 4 64 21.000000000000004 29 280 10.999999999999998 351 48 2.9999999999999991 4.9999999999999991 2.9999999999999982 11.999999999999998 6.0000000000000027 3 18 7 3 2.9999999999999991
leaf_count=6 4 8 3 3 44 74 30 5 27 73 4 64 21 29 280 11 351 48 3 5 3 12 6 3 18 7 3 3
internal_value=-0.0369609 6.30041 13.6219 3.22417 2.11013 -1.13095 -0.77613 5.3018 1.06176 3.0868 21.0488 1.35706 -5.96076 -1.36745 -1.99396 20.7093 -0.856347 -0.598113 22.9952 18.2476 -2.57831 0.718614 -7.29964 13.8953 -7.0401 -3.44372 -1.61674 -7.55918
internal_weight=1148 169 50 119 112 979 912 23 222 100 7 108 67 690 310 27 380 122 14 13 19 15 48 8 24 10 9 24
internal_count=1148 169 50 119 112 979 912 23 222 100 7 108 67 690 310 27 380 122 14 13 19 15 48 8 24 10 9 24
is_linear=0
shrinkage=0.05


Tree=18
num_leaves=30
num_cat=0
split_feature=3 4 15 11 18 1 2 1 14 11 17 5 11 16 4 1 4 4 15 15 1 7 17 1 0 0 0 15 14
split_gain=2.9649e+06 1.21758e+06 960530 1.18158e+06 543893 523395 408810 330856 274105 159375 139853 634436 155097 114084 92737.4 179394 90125.4 71233.5 33648.1 29476.3 24573.8 19977.9 13241.5 2048.41 2036.43 801.205 580.601 516.276 322.174
threshold=0.89684079943224571 42910.000000000007 587.40166666666676 356.00000000000006 26958.014999999999 18992.960000000003 3246.105 31832.740000000009 331.00000000000006 449.50000000000006 20.337453207674319 19.500000000000004 1040.0000000000002 315.15785714285721 38272.500000000007 23198.775000000001 38272.500000000007 37657.000000000007 276.50000000000017 687.76166666666677 33538.695000000007 4.5000000000000009 87.028553167294362 16976.100000000002 40903.950000000004 33141.100000000013 34933.400000000009 58.493333333333304 261.99000000000007
decision_type=2 2 2 10 10 2 2 2 8 10 2 2 10 2 2 2 2 2 2 2 2 2 2 2 2 2 2 2 10
left_child=5 4 3 21 6 16 -2 14 19 20 11 -9 -12 -5 18 -16 23 -8 -7 -4 -6 -3 -11 -1 -10 27 -25 -18 -27
right_child=1 2 8 13 9 7 17 10 24 22 12 -13 -14 -15 15 -17 25 -19 -20 -21 -22 -23 -24 26 -26 28 -28 -29 -30
leaf_value=-3.7270939509073893 28.624934895833334 5.1505845069885288 5.4148902297019861 25.095139923095704 -1.7341071831552608 0.82522612765983316 11.699826431274412 22.593957328796389 13.552266693115236 3.7896218163626529 0.25666111433064809 -0.96726610422134396 5.8944520812768211 18.654244093461468 -7.605772917611259 -1.7566883871711576 -7.1662295023600242 2.2636282570660113 -0.99159795982262633 0.69248331926370932 0.42508347588916157 0.36609683036804191 6.3396217346191408 -1.9167162418365482 11.828956349690753 -7.1871957778930682 -2.5869954790387837 -6.7102201461791999 -7.7947794596354143
leaf_weight=2.9999999999999991 2.9999999999999991 2.9999999999999973 4.0000000000000062 9.9999999999999982 19 27 4 3.9999999999999991 3.9999999999999991 14.000000000000002 198 9.9999999999999982 12.999999999999998 22 13.999999999999998 206 9.0000000000000018 4 454 19 43 8 7.9999999999999991 5.9999999999999982 3 7.9999999999999982 7 20 3
leaf_count=3 3 3 4 10 19 27 4 4 4 14 198 10 13 22 14 206 9 4 454 19 43 8 8 6 3 8 7 20 3
internal_value=0.0231155 6.16112 11.017 15.8076 2.4298 -1.02697 12.8844 -0.743103 4.15042 1.06074 0.925111 5.76451 0.604013 20.667 -1.27855 -2.1289 -5.72095 6.98173 -0.889614 1.51377 -0.236604 1.67096 4.71689 -2.54941 12.8137 -6.98956 -2.27764 -6.85174 -7.3529
internal_weight=1150 168 73 43 95 982 11 926 30 84 225 14 211 32 701 220 56 8 481 23 62 11 22 16 7 40 13 29 11
internal_count=1150 168 73 43 95 982 11 926 30 84 225 14 211 32 701 220 56 8 481 23 62 11 22 16 7 40 13 29 11
is_linear=0
shrinkage=0.05


Tree=19
num_leaves=28
num_cat=0
split_feature=1 11 16 1 1 13 13 17 15 1 8 11 18 6 6 11 8 0 18 16 4 1 1 9 16 0 0
split_gain=2.556e+06 814154 1.24323e+06 811393 425392 416077 333210 429623 362730 110844 133134 89654.5 84997.1 77549.5 84555.7 74491.6 72989.8 68088.9 65187.7 51938.1 47194.1 37900.7 18950.7 8674.12 1891.62 1742.27 479.86
threshold=36349.840000000004 356.00000000000006 460.12642857142862 32246.175000000003 18573.335000000003 314.50000000000006 299.01000000000005 81.080458001396565 306.39833333333343 26385.655000000006 2.5000000000000004 496.55000000000007 26385.655000000006 77.500000000000014 79.500000000000014 458.89000000000004 3.5000000000000004 41448.650000000001 29106.380000000001 581.01214285714298 38272.500000000007 35922.210000000006 37802.690000000002 1.0000000180025095e-35 341.05285714285719 35596.80000000001 33141.100000000013
decision_type=2 10 2 2 2 10 8 2 2 2 2 10 8 2 2 8 2 2 10 2 2 2 2 2 2 2 2
left_child=3 17 13 4 20 19 7 8 -5 10 -6 -9 16 22 -15 -7 -8 23 -11 -4 25 -14 -3 -2 -25 -1 -22
right_child=1 2 5 6 9 15 12 11 -10 18 -12 -13 21 14 -16 -17 -18 -19 -20 -21 26 -23 -24 24 -26 -27 -28
leaf_value=-1.7014706611633299 -1.9120158576965314 27.922076924641903 -0.39295417308807357 0.31683082905682652 -4.6593102210607285 19.870361836751314 0.19031366437673569 0.2058683585613332 11.032490021841866 -0.012236319803724104 -1.4999876324022594 3.7044489828745526 -0.48890825626693035 13.515126304626467 21.624722459581164 10.631589865684507 5.1228529357910153 6.4333494281768795 -1.1873542403828885 6.8138529062271118 -6.5276230779187436 3.0577073454856873 23.055000305175781 0.14651353031396866 1.4330460071563715 -3.1772188186645502 -6.9035727818806967
leaf_weight=4 5.0000000000000044 3.0000000000000018 15.000000000000005 10.999999999999998 39 2.9999999999999973 15 47 28 204 230 30 129 4.9999999999999991 8.9999999999999982 8 15 4.9999999999999991 280 2.9999999999999991 29 7.9999999999999991 6 9.9999999999999982 4.0000000000000009 4 11.999999999999998
leaf_count=4 5 3 15 11 39 3 15 47 28 204 230 30 129 5 9 8 15 5 280 3 29 8 6 10 4 4 12
internal_value=-0.00492749 8.85933 12.3751 -0.625834 -1.43806 5.49004 1.67595 3.73452 8.01012 -1.14431 -1.95803 1.56895 0.246048 21.0563 18.7284 13.1513 2.65658 1.24183 -0.692057 0.80818 -5.95222 -0.281807 24.6774 -0.124356 0.514094 -2.43934 -6.63766
internal_weight=1161 76 52 1085 802 29 283 116 39 753 269 77 167 23 14 11 30 24 484 18 49 137 9 19 14 8 41
internal_count=1161 76 52 1085 802 29 283 116 39 753 269 77 167 23 14 11 30 24 484 18 49 137 9 19 14 8 41
is_linear=0
shrinkage=0.05


Tree=20
num_leaves=26
num_cat=0
split_feature=3 12 16 1 16 0 12 4 2 3 14 17 1 14 14 4 12 13 3 4 0 16 2 2 13
split_gain=2.4738e+06 1.18938e+06 545488 485413 394867 371135 351790 345114 272058 248957 319513 525199 77327.1 68942.1 75095.9 40771 29411.9 18732.8 5496.08 4880.21 3385.77 2513.12 1216.89 970.94 427.091
threshold=0.90323837961414843 251.21500000000003 250.65428571428575 22753.290000000005 492.86071428571432 38534.400000000009 389.50000000000006 38272.500000000007 1622.2750000000003 0.86716417489869835 318.50000000000006 22.130355221501201 36659.405000000006 328.50000000000006 395.50000000000006 40295.000000000007 348.50000000000006 331.00000000000006 0.56447048214001005 38752.500000000007 39242.450000000004 292.78500000000003 17291.405000000002 12112.730000000001 183.52500000000003
decision_type=2 10 2 2 2 2 10 2 2 2 10 2 2 8 10 2 10 10 2 2 2 2 2 2 10
left_child=3 5 -3 7 6 -2 -4 18 -6 13 16 -12 20 15 -15 -5 -11 -14 22 24 -7 -20 -1 -21 -9
right_child=1 2 4 9 8 12 -8 19 -10 10 11 -13 17 14 -16 -17 -18 -19 21 23 -22 -23 -24 -25 -26
leaf_value=-1.887652897834778 4.160219192504881 24.905111185709636 1.1327879130529861 -0.88525039544395101 0.28936783552169781 14.80225906372069 9.6169376100812656 -6.4594423814253377 14.013358130821814 -1.2940584175130154 21.903304791450502 3.1017276213719298 18.561440563201909 0.57170967881714829 -0.95362283421983551 -1.9761781906693932 0.68997640532831994 22.103227233886717 -0.38529141743977868 -8.1952135721842456 12.580192057291663 -1.4629586176438767 -2.4834108098347984 -7.169615325927734 -6.1478880101984199
leaf_weight=20 6.0000000000000027 2.9999999999999991 96 282 5.0000000000000027 4.0000000000000027 13.999999999999998 22 12.999999999999998 47 3.9999999999999991 52 7.9999999999999982 152 172 123 31 7 5.9999999999999991 2.9999999999999991 3 55 14.999999999999998 9.9999999999999982 22
leaf_count=20 6 3 96 282 5 4 14 22 13 47 4 52 8 152 172 123 31 7 6 3 3 55 15 10 22
internal_value=0.0298397 5.82922 3.82993 -0.87774 3.33598 15.183 2.21259 -3.47334 10.2011 -0.417569 1.56322 4.4447 18.1893 -0.781665 -0.238035 -1.21657 -0.505532 20.2143 -1.64353 -6.55514 13.8499 -1.35696 -2.14298 -7.40629 -6.30367
internal_weight=1175 159 131 1016 128 28 110 153 18 863 134 56 22 729 324 405 78 15 96 57 7 61 35 13 44
internal_count=1175 159 131 1016 128 28 110 153 18 863 134 56 22 729 324 405 78 15 96 57 7 61 35 13 44
is_linear=0
shrinkage=0.05


Tree=21
num_leaves=27
num_cat=0
split_feature=1 12 1 16 11 13 17 15 12 1 2 3 11 4 2 14 1 2 3 13 11 13 12 0 13 12
split_gain=2.24788e+06 863002 692056 452639 350946 314025 305690 349535 294082 256297 149334 134945 108687 92175.6 91593.6 78204.1 130379 37411.3 30435.4 24358.9 41522.7 6000.02 4056.17 1914.81 567.339 314.27
threshold=36420.100000000013 299.51000000000005 31832.740000000009 267.07142857142861 201.78000000000003 299.01000000000005 73.634122491384957 310.07166666666677 1115.5000000000002 36965.920000000006 4088.4400000000005 0.90052569632243318 449.50000000000006 35692.500000000007 11273.960000000001 264.50000000000006 23331.845000000005 7387.6850000000004 0.9092531901844837 331.00000000000006 450.50000000000006 431.50000000000006 268.96000000000009 41680.400000000001 183.52500000000003 1210.5000000000002
decision_type=2 10 2 2 8 8 2 2 10 2 2 2 10 2 2 8 2 2 2 10 8 10 10 2 10 10
left_child=2 9 4 10 14 6 7 -4 11 -2 -3 -5 -8 21 22 16 -6 -17 -15 20 -11 -7 -1 -21 -16 -10
right_child=1 3 5 8 15 13 12 -9 25 19 -12 -13 -14 18 24 17 -18 -19 -20 23 -22 -23 -24 -25 -26 -27
leaf_value=-1.5077531542096816 2.7231599171956349 22.972097778320315 2.0664750620722772 8.7490370941162112 -7.0363788311298086 3.8856566020420624 0.061224846207365707 11.789543754176091 10.728195699055995 18.675074629350139 8.214778105417885 -0.065472733838991687 3.4087631454070415 -0.5750428577686878 -6.1700567162555195 -0.18375519878224822 -1.6796593383782441 -1.0972095827090331 1.0722563724006926 20.167612711588543 12.038866297403965 6.5582731882731098 -3.0615837415059408 21.95404663085937 -5.8291474562424881 11.354963175455728
leaf_weight=14.000000000000002 3.0000000000000027 3.9999999999999991 18 4.9999999999999991 12.999999999999998 6.9999999999999982 49 19 2.9999999999999982 11 3 33 48 141 23 151 90 435 35 2.9999999999999991 3.0000000000000009 3 5.9999999999999991 3 26 6
leaf_count=14 3 4 18 5 13 7 49 19 3 11 3 33 48 141 23 151 90 435 35 3 3 3 6 3 26 6
internal_value=-0.0129638 8.24037 -0.602488 4.78577 -1.42562 1.34732 3.19268 7.0594 3.01913 16.3512 16.6475 1.09433 1.71774 0.0178621 -4.82532 -1.08516 -2.35575 -0.861831 -0.247455 18.3954 17.253 4.68744 -1.9739 21.0608 -5.98917 11.146
internal_weight=1155 77 1078 54 758 320 134 37 47 23 7 38 97 186 69 689 103 586 176 20 14 10 20 6 49 9
internal_count=1155 77 1078 54 758 320 134 37 47 23 7 38 97 186 69 689 103 586 176 20 14 10 20 6 49 9
is_linear=0
shrinkage=0.05


Tree=22
num_leaves=26
num_cat=0
split_feature=1 12 3 16 11 13 14 18 4 13 18 6 18 0 3 1 8 18 0 13 11 11 12 14 13
split_gain=1.9791e+06 730965 612312 344588 333865 247717 268155 279431 221899 389202 184759 134774 112604 222123 69167 55789.9 63344.1 56054.7 35685.3 20325.5 41416.6 16138.7 4678.64 2667.33 553.681
threshold=36420.100000000013 259.50000000000006 0.83300369910458871 267.07142857142861 201.78000000000003 299.01000000000005 318.50000000000006 28102.675000000003 44395.000000000007 299.51000000000005 34425.334999999999 76.500000000000014 26176.705000000005 36117.80000000001 0.70050954515085617 25644.670000000009 2.5000000000000004 29106.380000000001 37097.450000000004 331.00000000000006 398.20000000000005 289.50000000000006 1.0000000180025095e-35 329.50000000000006 183.52500000000003
decision_type=2 10 2 2 8 8 10 10 2 10 8 2 8 2 2 2 2 10 2 10 10 8 8 10 10
left_child=2 19 4 11 14 6 10 -8 21 -10 -4 -3 13 -7 24 16 -6 -17 -14 20 -2 -5 -16 -21 -1
right_child=1 3 5 8 15 12 7 -9 9 -11 -12 -13 18 -15 22 17 -18 -19 -20 23 -22 -23 -24 -25 -26
leaf_value=-5.8615539053212045 18.826726684570314 21.823492431640627 0.12507418252172925 0.79682771563529953 -4.5187097662025026 15.476527722676597 10.876812519045437 3.2524262242200899 1.0664567257510498 12.094855177402497 10.11063289642334 7.8040391286214179 -1.885231454031808 1.4151110524650325 -1.4155138015747066 0.010593103367641483 -1.4180503513087932 -1.125170653226645 -0.072428987095178657 18.884072494506835 11.395571263631183 -2.3025901794433596 -3.0690761293683733 20.856343587239579 -5.5247730988722585
leaf_weight=23 4.9999999999999982 3.9999999999999991 63 14.000000000000002 18 2.9999999999999991 17 41 15.999999999999998 15.999999999999998 4.9999999999999991 3 35 44 11.000000000000002 173 194 292 121 4 3 5.9999999999999991 6.9999999999999991 3 26
leaf_count=23 5 4 63 14 18 3 17 41 16 16 5 3 35 44 11 173 194 292 121 4 3 6 7 3 26
internal_value=-0.00259931 7.90612 -0.548028 5.40046 -1.3423 1.24813 2.98959 5.48716 3.99848 6.58066 0.859306 15.8152 0.167229 2.31265 -4.70916 -1.00909 -1.68131 -0.702618 -0.479147 17.7617 16.04 -0.132998 -2.05857 19.7293 -5.68285
internal_weight=1147 74 1073 59 744 329 126 58 52 32 68 7 203 47 67 677 212 465 156 15 8 20 18 7 49
internal_count=1147 74 1073 59 744 329 126 58 52 32 68 7 203 47 67 677 212 465 156 15 8 20 18 7 49
is_linear=0
shrinkage=0.05


Tree=23
num_leaves=28
num_cat=0
split_feature=3 12 12 0 0 0 0 7 2 1 12 14 18 14 11 1 18 0 1 4 1 0 4 7 15 12 0
split_gain=1.79321e+06 878906 384916 409985 354833 312701 274928 204473 187275 168135 159194 150791 149490 222939 138085 54127.3 41040.8 56965.5 38510.2 32828.9 23406.8 11201.7 5638.03 3436.21 3309.22 1405.74 70.5365
threshold=0.89684079943224571 245.90000000000003 359.50000000000006 36026.400000000009 34756.80000000001 41396.900000000009 38534.400000000009 2.5000000000000004 7103.5900000000011 37858.74500000001 263.83500000000009 268.50000000000006 28418.920000000002 318.50000000000006 1040.0000000000002 37442.660000000011 29106.380000000001 40570.650000000001 26196.155000000002 39497.500000000007 17619.420000000002 33232.750000000007 33577.500000000007 1.5000000000000002 317.83333333333343 238.00000000000003 32332.900000000005
decision_type=2 10 10 2 2 2 2 2 2 2 8 8 8 10 10 2 10 2 2 2 2 2 2 2 2 10 2
left_child=4 6 5 -4 11 10 -2 -5 12 -7 -3 18 13 -6 -14 24 17 -10 23 -18 21 -13 -22 -1 -8 -17 -20
right_child=1 2 3 7 8 9 15 -9 16 -11 -12 20 14 -15 -16 25 19 -19 26 -21 22 -23 -24 -25 -26 -27 -28
leaf_value=-6.3178325653076177 1.5342287659645066 4.4043831529288457 25.514391072591149 9.2793932533264165 -0.2642654132038828 17.054354248046874 11.920309143066401 1.0236366073290506 -0.69341614191328083 2.0817326227823889 0.10769307535319102 -5.6932450866699211 -0.64951349900745026 3.9421109933701772 6.5067899022783555 18.954891459147145 -0.87518569422073866 2.9928013888272371 -1.5186984062194826 -1.891415208026215 -0.77070784502817946 -1.8285900751749669 -1.7547008501516808 -5.3558538297327551 14.020855712890622 17.705120171440971 -1.1758268356323238
leaf_weight=11.999999999999998 4.0000000000000027 29 2.9999999999999991 20 63 5 5.0000000000000018 11.999999999999998 222 3 84 5 182 63 6.9999999999999991 2.9999999999999973 156 10.999999999999998 2.9999999999999991 162 24 3 37 41 3 9 3
leaf_count=12 4 29 3 20 63 5 5 12 222 3 84 5 182 63 7 3 156 11 3 162 24 3 37 41 3 9 3
internal_value=0.000801376 4.59287 3.22247 7.84042 -0.830761 1.8867 13.5005 6.18348 -0.46757 11.4396 1.21038 -3.28797 0.50489 1.83892 -0.384465 15.8937 -1.02351 -0.519389 -5.14386 -1.39289 -1.70106 -4.244 -1.36756 -5.57366 12.708 18.0176 -1.34726
internal_weight=1174 180 156 35 994 121 24 32 866 8 113 128 315 126 189 20 551 233 59 318 69 8 61 53 8 12 6
internal_count=1174 180 156 35 994 121 24 32 866 8 113 128 315 126 189 20 551 233 59 318 69 8 61 53 8 12 6
is_linear=0
shrinkage=0.05


Tree=24
num_leaves=28
num_cat=0
split_feature=3 4 16 11 1 4 18 4 1 17 5 11 4 11 18 0 4 13 5 3 11 18 3 16 13 13 0
split_gain=1.75294e+06 623594 677674 655337 347767 252183 402726 241148 165042 386728 461912 154601 147174 79838.2 63769 57499 39763.3 33790 32372.9 6782.89 5378.17 2273.67 1883.98 1613.15 1445.69 631.28 437.415
threshold=0.8989492713314281 44735.000000000007 250.65428571428575 1499.5000000000002 22753.290000000005 36767.500000000007 25068.695000000003 38272.500000000007 32740.580000000005 20.337453207674319 19.500000000000004 1040.0000000000002 45077.500000000007 449.50000000000006 29106.380000000001 39981.450000000004 39497.500000000007 331.00000000000006 19.500000000000004 0.56447048214001005 201.78000000000003 38446.490000000005 0.49180407846407265 292.78500000000003 238.00000000000003 183.52500000000003 40597.950000000004
decision_type=2 2 2 10 2 2 8 2 2 2 2 10 2 10 10 2 2 8 2 2 10 8 2 2 8 10 2
left_child=4 2 -2 12 7 6 -4 19 14 10 -10 -11 17 -7 15 -6 -16 -3 -14 22 25 -5 -1 -21 -22 -9 -23
right_child=1 3 5 21 8 13 -8 20 9 11 -12 -13 18 -15 16 -17 -18 -19 -20 23 24 26 -24 -25 -26 -27 -28
leaf_value=-2.9722653865814213 20.72751953125 13.934521417617797 21.606062889099132 -1.386730067928633 -0.3517618892227023 0.115313923402109 2.5384912702772349 -5.3015079830003824 27.397813924153645 0.15945214695808754 -0.34842472076416009 6.5915656757354739 9.6835611343383814 3.5168959576150649 -0.72440335421185753 2.4909279961335034 -1.7603736514631565 18.212714131673177 3.5930838267008456 -0.22713640511035918 -5.9573339022122909 -0.3224225918451944 -1.8213213622570039 -1.1631434794129996 -7.1750190734863244 -4.9268697738647464 0.39919506481715605
leaf_weight=3.9999999999999991 4.9999999999999991 20.000000000000004 3.9999999999999973 2.9999999999999973 279 69 9 23 2.9999999999999991 142 3 9.9999999999999982 7.9999999999999982 23 228 19 156 5.9999999999999991 3 4.9999999999999991 12.999999999999996 3 32 58 3.0000000000000009 22 7
leaf_count=4 5 20 4 3 279 69 9 23 3 142 3 10 8 23 228 19 156 6 3 5 13 3 32 58 3 22 7
internal_value=-0.0114835 4.84772 2.74321 9.47763 -0.788956 1.88682 8.40544 -2.92541 -0.382012 1.07409 13.5247 0.582618 12.8707 0.965709 -0.719349 -0.170517 -1.14527 14.9218 8.02252 -1.40171 -5.3983 -0.179469 -1.9492 -1.08886 -6.18565 -5.11835 0.18271
internal_weight=1160 160 110 50 1000 105 13 160 840 158 6 152 37 92 682 298 384 26 11 99 61 13 36 63 16 45 10
internal_count=1160 160 110 50 1000 105 13 160 840 158 6 152 37 92 682 298 384 26 11 99 61 13 36 63 16 45 10
is_linear=0
shrinkage=0.05


Tree=25
num_leaves=27
num_cat=0
split_feature=3 12 1 16 0 12 16 14 4 18 3 4 11 0 13 1 4 3 11 12 4 0 1 0 3 13
split_gain=1.406e+06 765914 317135 315551 279409 246852 226969 203274 168782 143989 201923 301892 99450.4 65760.8 48620.8 36381.9 30097.2 13871.3 5497.63 4801.7 3416.17 2617.11 1592.41 1437.31 1430.14 1248.51
threshold=0.89684079943224571 251.21500000000003 23884.950000000001 250.65428571428575 38534.400000000009 385.50000000000006 274.00000000000006 318.50000000000006 44735.000000000007 28418.920000000002 0.85988238519169591 37941.500000000007 1040.0000000000002 40300.850000000006 395.50000000000006 36067.545000000006 38137.000000000007 0.96962000981229768 201.78000000000003 274.48500000000007 41325.000000000007 36283.80000000001 22936.689999999999 37087.200000000004 0.90742128172380265 238.00000000000003
decision_type=2 10 2 2 2 10 2 10 2 10 2 2 10 2 10 2 2 2 10 8 2 2 2 2 2 10
left_child=2 4 6 -3 23 8 18 -7 -5 10 14 -12 16 -14 -4 24 -11 -17 22 21 -21 -8 -1 -2 -6 -20
right_child=1 3 9 5 15 7 19 -9 -10 12 11 -13 13 -15 -16 17 -18 -19 25 20 -22 -23 -24 -25 -26 -27
leaf_value=-4.8624295498462438 2.0162483255068437 16.491402596235275 -0.33839031610180414 0.51584462034702305 10.220337677001941 0.86513237953186006 -0.90341277122497543 9.4059384245621533 7.0411032134836375 -0.66814432537804047 9.3560996405283614 0.8406275928020478 0.58683070973916462 7.0942072709401449 1.4277746263970721 16.407755788167318 -1.4833369108576042 13.007840442657471 -5.6655372272838243 -1.416600108812464 -3.1305625279744467 0.53598822951316838 -3.6742765426635744 3.4640338897705072 11.764216868082679 -6.8162681579589846
leaf_weight=47 3.0000000000000027 3.9999999999999991 228 100 3.0000000000000027 11.000000000000002 15.000000000000002 19 10.999999999999998 270 14.999999999999998 34 11.000000000000002 5.9999999999999991 47 11.999999999999998 195 3.9999999999999991 10.999999999999998 94 2.9999999999999991 3.9999999999999991 2.9999999999999991 4 3 2.9999999999999991
leaf_count=47 3 4 228 100 3 11 15 19 11 270 15 34 11 6 47 12 195 4 11 94 3 4 3 4 3 3
internal_value=-0.0172635 4.12652 -0.748519 2.64298 11.5442 2.25011 -2.64603 6.27431 1.16249 -0.324757 0.490356 3.4474 -0.872675 2.88355 -0.0365367 14.3126 -1.01 15.5578 -5.03636 -1.32724 -1.46961 -0.600381 -4.79114 2.84355 10.9923 -5.91212
internal_weight=1160 174 986 145 29 141 180 30 111 806 324 49 482 17 275 22 465 16 64 116 97 19 50 7 6 14
internal_count=1160 174 986 145 29 141 180 30 111 806 324 49 482 17 275 22 465 16 64 116 97 19 50 7 6 14
is_linear=0
shrinkage=0.05


Tree=26
num_leaves=25
num_cat=0
split_feature=3 12 18 16 1 8 16 0 18 14 18 11 3 1 16 1 4 4 18 11 13 12 0 13
split_gain=1.21917e+06 665828 394197 363852 285580 217577 167302 132468 112712 165380 263233 119616 75579.8 56072.1 51696.7 39888.5 30711.9 36523.5 21913 4307.65 3897.66 1236.39 1161.16 292.42
threshold=0.90467304505513579 251.21500000000003 24508.980000000003 250.65428571428575 26810.655000000002 2.5000000000000004 508.75642857142861 38534.400000000009 25954.325000000004 325.50000000000006 25720.160000000003 1040.0000000000002 0.81740553608274269 24231.625000000004 180.47785714285718 36659.405000000006 43067.500000000007 39497.500000000007 25575.665000000005 201.78000000000003 264.50000000000006 238.00000000000003 39242.450000000004 399.50000000000006
decision_type=2 10 10 2 2 2 2 2 8 10 8 10 2 2 2 2 2 2 10 10 10 10 2 10
left_child=4 7 -3 -4 5 13 -5 -2 9 18 -11 14 -13 19 -10 22 17 -7 -6 -1 -15 -17 -9 -18
right_child=1 2 3 6 8 16 -8 15 11 10 -12 12 -14 20 -16 21 23 -19 -20 -21 -22 -23 -24 -25
leaf_value=-4.6250838193026453 3.7490788459777797 20.652714538574219 19.496937561035157 1.2841714900683299 0.091841482562678212 -0.99469191823484371 8.0468942928314213 11.504228719075508 1.5746936148610609 3.1280826425552366 19.010929107666016 0.24741557296365491 6.9267196337382009 -1.1297437032063797 -0.59685339600161347 16.389006551106771 2.0446717580159506 -2.7524098115808826 2.8541606068611145 -5.5831149339675905 -2.4833437112661509 15.21692640516493 10.202935791015623 2.7427878697713211
leaf_weight=44 4.0000000000000027 2.9999999999999991 2.9999999999999991 107 70 226 9.9999999999999982 3.0000000000000027 29 20.000000000000004 2.9999999999999991 8.0000000000000018 8.9999999999999982 9.0000000000000018 499 2.9999999999999991 2.9999999999999991 34 7.9999999999999991 15.999999999999998 12.999999999999998 8.9999999999999982 4 3
leaf_count=44 4 3 3 107 70 226 10 3 29 20 3 8 9 9 499 3 3 34 8 16 13 9 4 3
internal_value=-0.0557259 4.21071 2.7506 2.30305 -0.682386 -1.83708 1.86218 12.0191 -0.0603519 1.47383 5.19976 -0.344668 3.78352 -4.08884 -0.477583 13.7602 -1.14293 -1.22455 0.375156 -4.88056 -1.9296 15.5099 10.7606 2.39373
internal_weight=1140 146 123 120 994 348 117 23 646 101 23 545 17 82 528 19 266 260 78 60 22 12 7 6
internal_count=1140 146 123 120 994 348 117 23 646 101 23 545 17 82 528 19 266 260 78 60 22 12 7 6
is_linear=0
shrinkage=0.05


Tree=27
num_leaves=30
num_cat=0
split_feature=3 4 12 12 16 3 16 12 2 13 16 3 18 17 11 18 3 7 6 18 4 15 11 4 17 17 11 6 11
split_gain=1.01498e+06 483078 554318 277141 269756 236103 180457 144328 123340 117027 89603.8 87126.6 96321 249982 72794.7 44625.8 38389 35263.6 35064.2 39035.3 31886.3 27466.7 23966.5 18760.7 7361.16 6535.31 2932.13 412.038 399.555
threshold=0.89684079943224571 44395.000000000007 356.00000000000006 354.50000000000006 312.6357142857143 0.65951969598850224 274.00000000000006 1115.5000000000002 4154.9700000000003 283.59500000000008 303.01500000000004 0.85771878517292899 28207.685000000001 20.496806664605945 1225.5000000000002 21050.985000000004 0.91252564406869963 1.0000000180025095e-35 78.500000000000014 35588.710000000006 43067.500000000007 327.5 1040.0000000000002 41325.000000000007 122.49628607692959 127.89482927563949 201.78000000000003 77.500000000000014 247.90500000000003
decision_type=2 2 10 10 2 2 2 10 2 10 2 2 10 2 8 10 2 2 2 8 2 2 10 2 2 2 10 2 10
left_child=5 3 18 9 10 6 24 8 -4 21 -5 15 13 -13 -14 17 -11 -7 25 -20 23 -2 -17 -8 26 -3 -1 -9 -22
right_child=1 2 7 4 -6 11 20 27 -10 16 -12 12 14 -15 -16 22 -18 -19 19 -21 28 -23 -24 -25 -26 -27 -28 -29 -30
leaf_value=-4.4054754517295143 1.363178338110447 17.468322245279932 -0.56698286496102801 18.994253540039065 -1.0684384155273439 2.1471039180755613 -1.1702276749046225 8.0170373535156259 10.305056762695314 -2.0847158807775248 8.9541178131103489 12.162825965881348 -0.52950222578487904 1.235694214774341 7.4113291422526046 -0.77482967674183423 0.37587862604973366 -0.37682060676236312 14.202873556954524 8.9224972043718598 1.8676138242085774 4.0376478751500455 1.39606511088518 -2.6586276787977954 -2.0783345699310303 14.610151036580403 -5.195882654190064 8.6978773117065415 2.6836563746134434
leaf_weight=44 15.999999999999998 3.0000000000000018 20.000000000000004 3.9999999999999982 4.9999999999999991 25 114 4.9999999999999982 2.9999999999999991 23 5 5.9999999999999991 76 41 2.9999999999999991 577 51 31 6.9999999999999973 7.0000000000000009 2.9999999999999991 24 12.999999999999998 26 2.9999999999999991 6 15.999999999999998 4 3
leaf_count=44 16 3 20 4 5 25 114 5 3 23 5 6 76 41 3 577 51 31 7 7 3 24 13 26 3 6 16 4 3
internal_value=-0.130283 3.28818 7.20719 1.60423 8.24324 -0.767978 -2.25879 2.95163 0.851109 0.78891 13.4164 -0.364378 0.838351 2.63065 -0.227952 -0.598966 -0.388901 0.749931 13.128 11.5627 -1.29367 2.96786 -0.726996 -1.44664 -4.4954 15.5629 -4.61625 8.31963 2.27564
internal_weight=1164 183 55 128 14 981 209 32 23 114 9 772 126 47 79 646 74 56 23 14 146 40 590 140 63 9 60 9 6
internal_count=1164 183 55 128 14 981 209 32 23 114 9 772 126 47 79 646 74 56 23 14 146 40 590 140 63 9 60 9 6
is_linear=0
shrinkage=0.05


Tree=28
num_leaves=28
num_cat=0
split_feature=3 4 12 12 16 1 8 18 14 2 14 13 1 13 1 14 7 4 4 1 16 0 12 0 13 18 13
split_gain=1.2352e+06 499959 464597 463042 429563 235062 159191 110354 136450 126707 105593 88570.4 51991.3 41389.8 71951 38259 30940.5 29423.3 32987.6 27754.3 17669.1 11293.9 10961.5 10250.5 7177.37 3620.17 518.057
threshold=0.89684079943224571 44395.000000000007 392.33500000000009 356.00000000000006 250.65428571428575 26958.014999999999 2.5000000000000004 28418.920000000002 309.50000000000006 5314.9900000000007 319.50000000000006 294.50000000000006 24729.860000000004 268.46000000000009 34399.100000000006 193.10000000000002 2.5000000000000004 43067.500000000007 39497.500000000007 36067.545000000006 321.17142857142863 40925.350000000006 1040.0000000000002 41499.100000000013 268.96000000000009 26663.535000000007 399.50000000000006
decision_type=2 2 8 10 2 2 2 10 10 2 10 10 2 8 2 10 2 2 2 2 2 2 10 2 10 10 10
left_child=5 2 4 19 15 6 12 8 16 -10 22 -6 25 14 -9 -2 -7 18 -8 -3 -15 -12 -5 -21 -14 -1 -19
right_child=1 3 -4 10 11 7 17 13 9 -11 21 -13 24 20 -16 -17 -18 26 -20 23 -22 -23 -24 -25 -26 -27 -28
leaf_value=-4.1281788905461632 18.601928202311196 9.0845027160644474 17.153594665527347 -0.7150561714172361 2.5354672267061211 0.8013900659702442 -0.9051649600193562 0.14378265500068665 5.017518645922344 1.0377653320133686 8.3639325459798197 -0.35041311079310994 -0.72665032545725483 -1.565392630999642 6.3866531562805182 10.616624228159584 -0.7291142477007474 1.6596601804097493 -2.5343079460991755 12.567633325562756 -0.59160138479423874 4.6066202263037352 2.3819311974570154 14.971478780110679 -2.4223943050091084 -5.0991332054138185 2.528854942321777
leaf_weight=48 2.9999999999999991 5.0000000000000027 4.9999999999999991 10.000000000000002 46 54 227 60 30 60 5.9999999999999982 63 12.000000000000002 56 4.9999999999999991 3 85 2.9999999999999991 36 17.000000000000004 277 3 3.9999999999999991 5.9999999999999991 12.999999999999998 11.999999999999998 4
leaf_count=48 3 5 5 10 46 54 227 60 30 60 6 63 12 56 5 3 85 3 36 17 277 3 4 6 13 12 4
internal_value=0.0739038 3.99568 2.23316 8.14278 1.58444 -0.609012 -1.63709 -0.0269275 0.847563 2.36435 2.88611 0.867481 -3.52415 -0.530089 0.624003 14.6093 -0.13453 -1.04301 -1.12817 12.4608 -0.755362 7.1115 0.169797 13.1947 -1.60844 -4.32237 2.15634
internal_weight=1153 171 120 51 115 982 355 627 229 90 23 109 85 398 65 6 139 270 263 28 333 9 14 23 25 60 7
internal_count=1153 171 120 51 115 982 355 627 229 90 23 109 85 398 65 6 139 270 263 28 333 9 14 23 25 60 7
is_linear=0
shrinkage=0.05


Tree=29
num_leaves=25
num_cat=0
split_feature=1 12 2 16 11 18 13 2 3 13 14 2 18 2 18 15 17 13 2 2 17 12 4 13
split_gain=1.00049e+06 379896 309030 203685 148418 115033 276140 107717 315642 88945.7 134462 78772.8 74654.3 34582.4 33830.3 68099.6 48711.6 16830.5 30078.7 14621.8 3380.86 1720.87 1449.28 492.982
threshold=36349.840000000004 259.50000000000006 7103.5900000000011 267.07142857142861 201.78000000000003 33975.090000000004 267.00000000000006 2840.1900000000005 0.92569749077411689 295.05000000000007 333.50000000000006 4088.4400000000005 20596.895000000004 4278.5550000000012 29429.275000000005 271.9500000000001 410.6853840364443 331.00000000000006 1257.1700000000003 11273.960000000001 64.476479899219882 294.50000000000006 38452.500000000007 183.52500000000003
decision_type=2 10 2 2 8 10 10 2 2 8 10 2 8 2 8 2 2 10 2 2 2 8 2 10
left_child=2 17 7 11 19 13 -7 8 -1 10 -9 -3 -11 -5 16 -16 -6 18 -2 22 -19 -10 -4 -21
right_child=1 3 4 5 14 6 -8 9 21 12 -12 -13 -14 -15 15 -17 -18 20 -20 23 -22 -23 -24 -25
leaf_value=19.304877853393556 13.449398193359379 16.301396369934082 -2.3743373632431033 -0.6735628831954229 -0.61886880624441631 -0.50354603656700669 8.9790393380557791 0.27010663265592599 2.2092929999033624 3.359330544273059 3.3973676285573413 5.5833306948343902 -0.2735733771010449 4.3990070819854736 -4.7669681549072269 -1.0702832824223516 2.4065077781677249 15.401810201009116 7.6323117375373828 -4.1351334571838381 13.181356620788572 0.82651597393883591 -1.2087063074111937 -3.8020854263305668
leaf_weight=2.9999999999999991 4.9999999999999982 3.9999999999999991 7.9999999999999982 21.000000000000004 268 14.000000000000002 17 89 2.9999999999999973 14.999999999999998 56 3 247 3.9999999999999991 12.999999999999998 299 13.999999999999998 2.9999999999999991 4 20 4 9 4 25
leaf_count=3 5 4 8 21 268 14 17 89 3 15 56 3 247 4 13 299 14 3 4 20 4 9 4 25
internal_value=-0.0164383 5.41402 -0.416258 3.66668 -1.09944 2.66152 4.69658 0.637655 4.79874 0.484298 1.47788 11.7079 -0.0655827 0.138048 -0.865574 -1.22431 -0.468673 12.2942 10.864 -3.53657 14.133 1.17221 -1.98579 -3.95011
internal_weight=1152 79 1073 63 651 56 31 422 15 407 145 7 262 25 594 312 282 16 9 57 7 12 12 45
internal_count=1152 79 1073 63 651 56 31 422 15 407 145 7 262 25 594 312 282 16 9 57 7 12 12 45
is_linear=0
shrinkage=0.05


Tree=30
num_leaves=31
num_cat=0
split_feature=3 4 12 13 1 11 16 12 2 13 4 13 18 15 7 2 14 1 3 2 16 16 1 4 18 2 14 13 11 3
split_gain=856277 518688 532695 177706 230956 167862 138180 111671 57752.9 51117 49924.6 39961.5 37669.9 61125.6 40729.9 30638.9 30584.7 30571.2 26800.1 9088.77 6008.29 4777.83 3962.57 3337.34 359.23 285.714 190.545 189.817 135.32 67.6617
threshold=0.86716417489869835 44735.000000000007 356.00000000000006 304.00000000000006 37214.820000000014 201.78000000000003 320.67142857142863 1115.5000000000002 7387.6850000000004 434.72000000000008 35692.500000000007 255.71000000000004 29769.105000000007 276.50000000000017 2.5000000000000004 11273.960000000001 337.50000000000006 37133.655000000006 0.91252564406869963 4107.9650000000011 506.86071428571438 330.80928571428575 38148.920000000006 38452.500000000007 21339.675000000007 2574.5000000000005 259.50000000000006 18.285000000000004 19.190000000000001 0.50456149974772213
decision_type=2 2 10 10 2 8 2 8 2 8 2 8 10 2 2 2 8 2 2 2 2 2 2 2 10 2 10 10 10 2
left_child=5 3 17 4 6 15 -2 22 10 18 16 -12 14 -14 -10 23 -7 21 -5 -11 -19 -3 -4 28 26 -9 -17 -25 -1 -26
right_child=1 2 7 9 -6 8 -8 25 12 19 11 -13 13 -15 -16 24 -18 20 -20 -21 -22 -23 -24 27 29 -27 -28 -29 -30 -31
leaf_value=-2.5338397026062007 4.355088569773943 8.595727284749346 -1.8888637036085107 -1.6426069108451284 14.448041725158692 0.18360382860357113 0.94544226862490177 6.7805882771809891 0.31558730131103885 1.0729439576466875 1.9119283934957103 -0.48654328307302874 -4.5109460830688475 -1.1155086951921265 -0.930051928128515 -3.8345732412030622 2.7645785212516785 13.387901865641275 0.20057395171178016 3.3200122727288139 10.936720275878907 11.039554595947264 -0.26352816492319109 -0.68141139348347946 -3.4857182979583747 7.4706530253092431 -4.1424044926961265 -1.1348815441131592 -2.1225610256195067 -3.7375770568847653
leaf_weight=4 48 6.0000000000000018 6.0000000000000062 41 3.9999999999999991 22 78 2.9999999999999991 105 9.0000000000000018 19 202 13.999999999999998 249 175 31 24 15.000000000000002 38 8.9999999999999982 2.9999999999999991 3 9.9999999999999982 3.0000000000000009 7.9999999999999982 3 5.9999999999999991 9.9999999999999982 4 4
leaf_count=4 48 6 6 41 4 22 78 3 105 9 19 202 14 249 175 31 24 15 38 9 3 3 10 3 8 3 6 10 4 4
internal_value=-0.0114055 2.41848 7.08382 1.41142 2.61985 -0.773505 2.24436 1.30842 -0.570498 -0.208129 0.0315883 -0.28034 -0.866551 -1.29625 -0.462937 -3.12258 1.5302 11.7897 -0.756014 2.19648 12.9794 9.41034 -0.873029 -1.5247 -3.80739 7.12562 -3.88449 -1.03023 -2.3282 -3.56967
internal_weight=1156 276 49 227 130 880 126 22 810 97 267 221 543 263 280 70 46 27 79 18 18 9 16 21 49 6 37 13 8 12
internal_count=1156 276 49 227 130 880 126 22 810 97 267 221 543 263 280 70 46 27 79 18 18 9 16 21 49 6 37 13 8 12
is_linear=0
shrinkage=0.05


Tree=31
num_leaves=25
num_cat=0
split_feature=3 12 18 16 16 0 3 8 11 12 15 18 7 3 0 13 18 16 13 18 12 12 3 3
split_gain=790699 376084 285886 273157 173173 172150 103571 112716 220750 103077 70373.7 53398.8 53108.4 40349.3 36896.3 33323.1 17665.9 26827.6 6063.37 3270.41 3214.63 2053.4 836.515 356.859
threshold=0.90323837961414843 245.90000000000003 24729.860000000004 250.65428571428575 492.86071428571432 34756.80000000001 0.85771878517292899 4.5000000000000009 331.00000000000006 354.50000000000006 270.33333333333343 21050.985000000004 1.0000000180025095e-35 0.73177099245921384 38710.900000000009 245.90000000000003 35588.710000000006 322.87142857142857 291.50000000000006 26663.535000000007 260.99000000000007 318.50000000000006 0.77305376033391571 0.96921056895659119
decision_type=2 10 10 2 2 2 2 2 8 10 2 10 2 2 2 8 10 2 8 10 8 10 2 2
left_child=5 14 -3 -4 -5 10 11 9 -9 -8 13 12 -7 19 -2 -13 23 -18 20 -1 -12 -20 -15 -16
right_child=1 2 3 4 -6 6 7 8 -10 -11 18 15 -14 22 16 -17 17 -19 21 -21 -22 -23 -24 -25
leaf_value=-3.5293762414351755 4.4143094380696564 17.627277851104736 14.890085601806641 0.96541814633037737 6.6774058719476059 2.5374773655618945 -0.77212099070484586 2.2332951158285139 17.01337445576986 2.1009240144656767 1.6858984629313161 0.77015656777998309 -0.46664466223409101 -1.7415959358215312 11.72374267578124 -0.70144771506507586 5.8307516574859637 11.117090733846027 -1.137428537252787 -4.3795574951171874 -0.2333271965384483 0.22268400986989342 -0.8215558086122785 12.413534393310545
leaf_weight=46 3.0000000000000027 2.9999999999999991 3.9999999999999991 115 14.999999999999998 28 74 16.000000000000004 2.9999999999999991 54 2.9999999999999973 41 31 3.0000000000000027 3.0000000000000018 623 3.9999999999999982 6 37 14.999999999999998 8 2.9999999999999991 13.999999999999998 5
leaf_count=46 3 3 4 115 15 28 74 16 3 54 3 41 31 3 3 623 4 6 37 15 8 3 14 5
internal_value=0.0305795 3.3173 2.36224 2.02048 1.62449 -0.489243 -0.236502 0.973373 4.56699 0.439945 -2.19377 -0.482493 0.95904 -3.13809 9.54797 -0.610581 10.4036 9.00256 -0.749524 -3.73844 0.290098 -1.03542 -0.983916 12.1549
internal_weight=1157 158 137 134 130 999 870 147 19 128 129 723 59 78 21 664 18 10 51 61 11 40 17 8
internal_count=1157 158 137 134 130 999 870 147 19 128 129 723 59 78 21 664 18 10 51 61 11 40 17 8
is_linear=0
shrinkage=0.05


Tree=32
num_leaves=28
num_cat=0
split_feature=3 12 16 12 0 1 0 8 12 18 14 11 11 14 7 14 1 4 4 17 13 11 13 0 11 0 11
split_gain=770188 382958 259124 170877 260267 169155 158834 117064 98181.8 76271 105206 238152 59893.9 54649.8 29588.7 27374.6 24359.7 22135.2 24964.3 17989.4 17789.7 33894.7 3681.97 3610.19 2113.4 1578.09 367.019
threshold=0.89684079943224571 251.21500000000003 250.65428571428575 385.50000000000006 36720.450000000004 26810.655000000002 38684.950000000004 2.5000000000000004 284.87000000000006 28418.920000000002 309.50000000000006 339.69500000000005 1040.0000000000002 348.50000000000006 2.5000000000000004 193.10000000000002 24231.625000000004 43067.500000000007 39497.500000000007 45.289316544611424 331.00000000000006 399.50000000000006 264.50000000000006 37087.200000000004 201.78000000000003 41680.400000000001 247.04000000000005
decision_type=2 10 2 10 2 2 2 2 10 10 10 8 10 10 2 10 2 2 2 2 10 10 10 2 10 2 10
left_child=5 6 15 8 -5 7 23 16 -4 10 14 -12 19 -14 -7 -3 24 18 -9 -11 21 -8 -18 -2 -1 -22 -19
right_child=1 2 3 4 -6 9 20 17 -10 12 11 -13 13 -15 -16 -17 22 26 -20 -21 25 -23 -24 -25 -26 -27 -28
leaf_value=-3.3483985115500055 0.61020064353942827 15.558070882161459 2.9730769932270054 16.69078359603882 3.085494518691096 0.75001336562222454 10.604271062215163 -0.76616348926191291 -0.30982937377087683 -1.4246239447593689 1.5479215368975041 15.879099273681641 -0.042567150460349194 5.8479598045349128 -0.68900473934438045 8.803490829467771 -0.63982975738389125 1.4756448109944662 -2.2189365330864401 -0.44683171463929688 11.430839029947919 5.2896122455596926 -2.014710319042206 2.9047278404235835 -4.0625562521127554 12.947867202758786 2.2072429180145261
leaf_weight=51 4.0000000000000027 2.9999999999999991 32 3.9999999999999991 29 58 12.000000000000005 227 79 55 86 2.9999999999999991 8.9999999999999982 6.9999999999999991 93 3 7.0000000000000027 2.9999999999999991 34 325 2.9999999999999991 3.9999999999999991 15.999999999999998 3 12.999999999999998 4 4
leaf_count=51 4 3 32 4 29 58 12 227 79 55 86 3 9 7 93 3 7 3 34 325 3 4 16 3 13 4 4
internal_value=0.0225405 3.03132 1.99993 1.57573 4.73462 -0.523959 8.18829 -1.39832 0.636594 -0.0359121 0.667425 2.03099 -0.462177 2.53454 -0.136269 12.1808 -2.9919 -0.880996 -0.955414 -0.588354 10.1954 9.27561 -1.59627 1.59357 -3.49346 12.2977 1.8937
internal_weight=1171 180 150 144 33 991 30 355 111 636 240 89 396 16 151 6 87 268 261 380 23 16 23 7 64 7 7
internal_count=1171 180 150 144 33 991 30 355 111 636 240 89 396 16 151 6 87 268 261 380 23 16 23 7 64 7 7
is_linear=0
shrinkage=0.05


Tree=33
num_leaves=27
num_cat=0
split_feature=3 12 17 4 1 0 2 8 14 18 14 2 11 3 1 7 4 12 4 4 1 12 1 12 6 11
split_gain=694195 373616 159024 231853 146796 136026 101735 101043 100912 55590.5 74652.1 142163 67460.8 49201.8 31180.5 19938.7 18989.9 16703.5 15831.8 25553.5 15179.1 14385.7 9321.3 6214.06 3451.52 2343.89
threshold=0.89684079943224571 251.21500000000003 33.33839905184886 36767.500000000007 26958.014999999999 38534.400000000009 3601.4650000000006 2.5000000000000004 319.50000000000006 29208.570000000003 310.92500000000007 5102.6100000000006 1040.0000000000002 0.81740553608274269 24231.625000000004 2.5000000000000004 39497.500000000007 235.50000000000003 43067.500000000007 39497.500000000007 36659.405000000006 304.00000000000006 33886.595000000008 288.00000000000006 87.500000000000014 201.78000000000003
decision_type=2 10 2 2 2 2 2 2 8 10 8 2 10 2 2 2 2 10 2 2 2 10 2 10 2 10
left_child=4 5 21 8 7 -2 -5 14 -4 10 15 -12 16 -14 25 -6 -11 -7 19 -9 -19 23 -23 -3 -16 -1
right_child=1 2 3 6 9 17 -8 18 -10 12 11 -13 13 -15 24 -17 -18 20 -20 -21 -22 22 -24 -25 -26 -27
leaf_value=-3.1951219348907474 1.1744853178660069 -1.3312093734741215 17.907941055297865 1.2390745741720586 0.79984420066965489 6.6420019626617375 4.8132048895725843 -0.69455475465490901 6.6767150243123359 -0.25743573225995225 5.0312536998228596 0.60345402545141946 0.20320716112852089 5.4640051096677782 -1.6263236571241309 -0.72593509741536866 -0.99639588752935015 8.3042868477957548 1.9576816368103029 -2.1623051979962518 11.19221649169922 -2.5425407682146339 -0.68321928611168503 1.3886593886784144 -0.052542847394943241 -3.9270687920706617
leaf_weight=50 6.0000000000000027 2.9999999999999982 2.9999999999999973 85 28 4.0000000000000027 26 232 6.0000000000000009 189 22 103 10.000000000000002 7.9999999999999991 27.000000000000004 91 161 7.0000000000000027 4.9999999999999991 34 12.999999999999998 14.000000000000002 12.999999999999998 7 3.9999999999999991 13.999999999999998
leaf_count=50 6 3 3 85 28 4 26 232 6 189 22 103 10 8 27 91 161 7 5 34 13 14 13 7 4 14
internal_value=0.00417799 2.79541 1.81846 2.70207 -0.529524 7.90812 2.07626 -1.32165 10.4205 -0.0558041 0.529422 1.38275 -0.443834 2.54134 -2.7248 -0.366928 -0.597357 9.59153 -0.829766 -0.882162 10.1814 -1.04731 -1.64731 0.572699 -1.42326 -3.35524
internal_weight=1165 187 157 120 978 30 111 366 9 612 244 125 368 18 95 119 350 24 271 266 20 37 27 10 31 64
internal_count=1165 187 157 120 978 30 111 366 9 612 244 125 368 18 95 119 350 24 271 266 20 37 27 10 31 64
is_linear=0
shrinkage=0.05


Tree=34
num_leaves=26
num_cat=0
split_feature=3 12 16 12 0 11 0 12 1 11 18 14 18 8 3 3 13 11 12 5 11 0 18 17 12
split_gain=644739 323102 307574 142125 267940 125155 110861 93524.7 59334.9 52059.2 62677.9 34999.4 26989.5 28558.2 20921.1 17845 16470 22394.2 2593.49 1399.03 457.399 315.484 163.473 105.16 104.619
threshold=0.89684079943224571 251.21500000000003 250.65428571428575 385.50000000000006 36720.450000000004 201.78000000000003 38534.400000000009 272.74500000000006 30793.675000000007 1040.0000000000002 28418.920000000002 348.50000000000006 27291.920000000002 3.5000000000000004 0.57274370839898159 0.68736182840213089 331.00000000000006 399.50000000000006 268.96000000000009 18.500000000000004 19.855 34503.200000000004 23198.775000000001 124.0986936177879 284.87000000000006
decision_type=2 10 2 10 2 8 2 10 2 10 10 10 10 2 2 2 8 10 10 2 10 2 8 2 10
left_child=5 6 -3 7 -5 15 -2 -4 12 10 -10 -11 14 -14 -7 20 17 -8 23 -18 21 -1 -22 -17 -20
right_child=1 2 3 4 -6 8 16 -9 9 11 -12 -13 13 -15 -16 18 19 -19 24 -21 22 -23 -24 -25 -26
leaf_value=-3.1076244294643405 0.95068994522094652 14.026497955322265 3.013533297078363 18.603452809651671 2.8806563076962317 -1.3736407027525062 9.5415185408158685 -0.29007638343041992 1.0132715244817383 0.11112524569034576 -0.49380128256469497 5.0411473327212866 -1.5446554959797469 -0.60963627204774062 -0.030074998382859087 -0.94049883683522517 12.004430898030598 5.5058367156982424 -2.0984042485555015 10.576059341430662 -2.4904535293579118 -3.5346947860717779 -2.9166418499416769 -0.59867431322733566 -1.7367784500122068
leaf_weight=32 5.0000000000000027 4.9999999999999991 29 3.0000000000000027 28 34 11.000000000000005 82 108 5.9999999999999991 191 8.9999999999999982 122 247 196 9.0000000000000018 2.9999999999999991 4.9999999999999991 5.9999999999999982 4 2.9999999999999973 4.9999999999999991 9 2.9999999999999991 3
leaf_count=32 5 5 29 3 28 34 11 82 108 6 191 9 122 247 196 9 3 5 6 4 3 5 9 3 3
internal_value=-0.0203867 2.7758 1.83815 1.40898 4.40222 -0.518181 7.69846 0.573029 -0.361963 0.194759 0.0505595 3.06914 -0.653801 -0.918775 -0.228689 -2.55571 9.16537 8.28037 -1.33625 11.1882 -3.07834 -3.16534 -2.81009 -0.855043 -1.97786
internal_weight=1158 175 147 142 31 983 28 111 913 314 299 15 599 369 230 70 23 16 21 7 49 37 12 12 9
internal_count=1158 175 147 142 31 983 28 111 913 314 299 15 599 369 230 70 23 16 21 7 49 37 12 12 9
is_linear=0
shrinkage=0.05


Tree=35
num_leaves=24
num_cat=0
split_feature=1 11 1 0 11 14 15 16 1 14 4 0 4 4 14 16 1 15 7 0 17 17 12
split_gain=581091 259767 257142 153714 144321 76340.1 71704.7 167263 51997.2 48313.9 36186.9 22408 20697.4 33663.9 22831.8 10632.1 10209 4174.78 3165.91 2378.86 610.412 321.984 282.239
threshold=37340.865000000013 1499.5000000000002 31832.740000000009 35461.950000000004 356.00000000000006 263.83500000000009 309.83333333333343 318.2278571428572 23884.950000000001 329.50000000000006 37162.000000000007 41680.400000000001 43067.500000000007 38272.500000000007 397.50000000000006 215.46285714285719 37530.255000000012 328.33333333333343 5.5000000000000009 35394.150000000001 424.51163990344531 414.98696412470838 357.50000000000006
decision_type=2 10 2 2 10 8 2 2 2 10 2 2 2 2 10 2 2 2 2 2 2 2 8
left_child=2 4 5 17 18 8 10 -8 19 16 -5 -11 13 -7 -14 -10 -6 -4 -2 -1 21 -3 -23
right_child=1 20 3 6 9 12 7 -9 15 11 -12 -13 14 -15 -16 -17 -18 -19 -20 -21 -22 22 -24
leaf_value=-3.0655975678387812 2.0959830919901532 -0.88395589192708346 7.5380563735961914 3.3128450234731042 12.629948234558084 -0.34570894783414596 4.6535350784178702 0.73382608234222502 -0.18592516294232123 5.0856384277343754 -0.70807963354759906 10.075405883789063 1.9995813222492438 -1.2724886324977682 -0.92388801574707036 -1.380690336028735 9.7870378112792977 10.175852584838864 -0.052725163102149954 -1.6168054580688478 -1.2468228022257488 -0.65995601415634164 -0.046508281230926499
leaf_weight=51 2.9999999999999991 2.9999999999999991 2.9999999999999991 5.9999999999999991 4.0000000000000062 467 31 223 27 8.9999999999999982 83 2.9999999999999991 17.000000000000004 124 10.999999999999998 60 14.999999999999998 3 4 2.9999999999999991 2.9999999999999991 2.9999999999999991 5.0000000000000009
leaf_count=51 3 3 3 6 4 467 31 223 27 9 83 3 17 124 11 60 15 3 4 3 3 3 5
internal_value=0.0417604 5.20759 -0.200461 0.923069 7.35262 -0.716397 0.784284 1.21222 -1.76636 8.81685 -0.437006 6.33308 -0.477229 -0.54016 0.851076 -1.0099 10.3855 8.85695 0.86815 -2.98511 -0.614625 -0.442207 -0.276551
internal_weight=1161 52 1109 349 38 760 343 254 141 31 89 12 619 591 28 87 19 6 7 54 14 11 8
internal_count=1161 52 1109 349 38 760 343 254 141 31 89 12 619 591 28 87 19 6 7 54 14 11 8
is_linear=0
shrinkage=0.05


Tree=36
num_leaves=28
num_cat=0
split_feature=3 4 15 18 11 1 14 17 14 3 17 4 18 6 4 13 18 1 14 1 3 1 7 11 0 3 13
split_gain=541300 249788 245814 214657 183166 112059 77340 63942.8 63855.4 124030 264178 60629.8 56067.9 41454.3 27112.2 24534.9 16343.8 15552.9 12477 11113.5 3652.15 2406.11 2391.3 2081.04 1765.09 1360.34 480.812
threshold=0.90323837961414843 42910.000000000007 587.40166666666676 24508.980000000003 356.00000000000006 23417.210000000003 348.50000000000006 33.33839905184886 318.50000000000006 0.85988238519169591 22.130355221501201 38272.500000000007 21050.985000000004 73.500000000000014 36767.500000000007 265.37500000000006 26304.610000000004 37058.325000000004 352.50000000000006 30987.225000000002 0.54875589111425105 22936.689999999999 5.5000000000000009 201.78000000000003 40352.900000000001 0.49180407846407265 400.50000000000006
decision_type=2 2 2 10 10 2 10 2 8 2 2 2 8 2 2 10 10 2 10 2 2 2 2 10 2 2 10
left_child=5 3 4 -2 24 11 17 18 15 12 -11 20 -10 -6 -9 19 -17 -4 -5 -7 25 23 -22 -13 -3 -1 -8
right_child=1 2 6 7 13 8 26 14 9 10 -12 21 -14 -15 -16 16 -18 -19 -20 -21 22 -23 -24 -25 -26 -27 -28
leaf_value=-2.3017968177795392 14.243409411112467 0.46983023484547931 -3.5870257059732986 -2.2844465573628741 14.713377126057944 -0.14743750071009765 6.3431396484375 5.5538361549377449 2.1793028638913081 14.901251220703125 1.5375081738647152 -2.8003556275979067 -0.23592343718659614 8.5489825820922842 1.2929124192467758 -0.17408183137462899 -0.96202939196107951 0.3360961809754372 -0.2089866740362985 1.2154033570062548 -0.85569168329238898 -1.5380401929219565 -0.1381032916052001 -3.4933483378092447 -1.2453418572743731 -1.2769754662233241 5.5057723999023427
leaf_weight=4.0000000000000027 2.9999999999999991 2.9999999999999991 3.0000000000000062 15.000000000000002 2.9999999999999991 52 2.9999999999999991 3.9999999999999991 26 3.9999999999999991 49 39 317 30 56 88 261 15.999999999999998 13.999999999999998 21 68 2.9999999999999991 13.999999999999998 14.999999999999998 3 17 4
leaf_count=4 3 3 3 15 3 52 3 4 26 4 49 39 317 30 56 88 261 16 14 21 68 3 14 15 3 17 4
internal_value=0.0397433 2.76502 5.13772 1.08865 7.64828 -0.39775 1.37188 0.645235 -0.161045 0.294993 2.54609 -1.6079 -0.0528451 9.10938 1.57697 -0.588986 -0.763349 -0.283344 -1.2825 0.244613 -0.883847 -2.91628 -0.733177 -2.99285 -0.387756 -1.47218 5.86464
internal_weight=1135 157 65 92 39 978 26 89 818 396 53 160 343 33 60 422 349 19 29 73 103 57 82 54 6 21 7
internal_count=1135 157 65 92 39 978 26 89 818 396 53 160 343 33 60 422 349 19 29 73 103 57 82 54 6 21 7
is_linear=0
shrinkage=0.05


Tree=37
num_leaves=28
num_cat=0
split_feature=3 4 12 12 4 1 14 14 17 0 4 13 18 3 4 13 14 12 1 1 18 3 11 3 7 13 13
split_gain=490698 195517 306081 251547 165466 97662.9 80903.7 58810.7 95039.7 292400 56390.2 54053.2 46199.2 24208.2 23635.7 23239.9 21921.3 17375.7 11833 10790.1 10463.1 5371.46 1945.4 1658.65 1179.96 1014.96 308.67
threshold=0.89684079943224571 42910.000000000007 398.20000000000005 289.50000000000006 44012.500000000007 22753.290000000005 331.00000000000006 318.50000000000006 20.877654236708164 38336.700000000004 38272.500000000007 297.50000000000006 21050.985000000004 0.91252564406869963 36767.500000000007 264.50000000000006 193.10000000000002 238.00000000000003 30987.225000000002 36659.405000000006 33886.595000000008 0.57747234182469909 201.78000000000003 0.50456149974772213 5.5000000000000009 235.50000000000003 200.87500000000003
decision_type=2 2 8 10 2 2 8 8 2 2 2 10 8 2 2 10 10 10 2 2 10 2 10 2 2 10 10
left_child=5 2 11 17 16 10 -6 15 9 -9 21 14 -10 -13 -2 18 -5 -3 -7 -19 -17 23 26 -1 -23 -24 -12
right_child=1 3 -4 4 6 7 -8 8 12 -11 22 13 -14 -15 -16 20 -18 19 -20 -21 -22 24 25 -25 -26 -27 -28
leaf_value=-2.0928936004638672 5.9464360555013025 5.099032115936275 16.733144887288415 12.904199727376303 0.033084092070074643 -0.18710936287624969 6.3305983225504558 -1.3500119413648335 2.0545405613524572 15.59633283615112 -2.7792134138254023 -2.3063600659370422 -0.054594401565461276 0.11633481444983647 1.3689250569394296 -0.63827667799657339 6.8597401301066059 7.0063370295933289 1.2745709371566774 9.3388030781465421 -1.32772793298337 -0.59543434174076937 -3.1196880531311035 -1.1210344549682405 -0.0056028750809756197 -4.1682755788167318 -2.5140827379728621
leaf_weight=4.9999999999999991 2.9999999999999991 4.0000000000000027 2.9999999999999991 2.9999999999999991 34 45 5.9999999999999991 6.9999999999999982 28 4 26 15.999999999999998 357 29 47 308 3 7.0000000000000027 20 17 67 37 9.9999999999999982 36 10.999999999999998 2.9999999999999991 19
leaf_count=5 3 4 3 3 34 45 6 7 28 4 26 16 357 29 47 308 3 7 20 17 67 37 10 36 11 3 19
internal_value=0.00978704 2.47355 1.00868 4.41352 2.13914 -0.421309 0.977711 -0.212325 0.229728 4.8123 -1.60982 0.512113 0.0987972 -0.745068 1.64358 -0.610172 9.88197 8.15 0.262638 8.6585 -0.761459 -0.819263 -2.82291 -1.23955 -0.460265 -3.36167 -2.66727
internal_weight=1155 172 98 74 46 983 40 836 396 11 147 95 385 45 50 440 6 28 65 24 375 89 58 41 48 13 45
internal_count=1155 172 98 74 46 983 40 836 396 11 147 95 385 45 50 440 6 28 65 24 375 89 58 41 48 13 45
is_linear=0
shrinkage=0.05


Tree=38
num_leaves=27
num_cat=0
split_feature=3 12 16 12 0 3 0 12 8 18 11 16 7 11 14 7 7 0 8 17 14 0 3 11 14 0
split_gain=442415 197327 206236 119494 139819 105415 105349 78144.3 76021 50593.7 133734 81813.6 35109 33837.7 21779.6 21417.6 32572.4 18494.5 16135 15410.1 11772.8 8575.8 5120.53 2667.61 2563.36 2362.33
threshold=0.89684079943224571 251.21500000000003 250.65428571428575 389.50000000000006 36026.400000000009 0.76193772138032589 38534.400000000009 284.87000000000006 2.5000000000000004 28418.920000000002 300.50000000000006 323.78571428571433 1.0000000180025095e-35 1040.0000000000002 348.50000000000006 2.5000000000000004 1.5000000000000002 34756.80000000001 3.5000000000000004 53.889968175201588 289.50000000000006 40716.900000000009 0.90614581587993459 201.78000000000003 320.50000000000006 37087.200000000004
decision_type=2 10 2 10 2 2 2 10 2 8 10 2 2 10 10 2 2 2 2 2 10 2 2 10 8 2
left_child=5 6 -3 7 -5 8 25 -4 17 10 12 -12 -7 19 -15 16 -10 23 -17 -11 22 -19 -8 -1 -22 -2
right_child=1 2 3 4 -6 9 20 -9 15 13 11 -13 -14 14 -16 18 -18 21 -20 -21 24 -23 -24 -25 -26 -27
leaf_value=-2.4574605721693774 0.36962909698486301 14.577075449625651 2.5729250781676352 14.3055788675944 2.9667434957520715 1.2662675415285123 4.8292490641276 -0.29392362595358984 -0.6487762635083576 -1.0479558017077064 5.587295040331389 1.36617659453688 -0.49286279662583887 0.13842581957578659 3.8279017210006714 -1.7520875953492663 1.0998179199128617 -1.4421606233043056 -0.67069229274370512 -0.19755755574227526 8.5155921173095717 1.3574994643529257 7.4421731567382796 -3.2143309529622393 10.182018280029292 2.0880328178405758
leaf_weight=52 4.0000000000000018 2.9999999999999991 34 2.9999999999999991 29 39 3.0000000000000018 79 76 67 19 29 104 7.9999999999999991 7.9999999999999991 42 41 31 193 260 9.9999999999999964 2.9999999999999991 5 14.999999999999998 3.0000000000000009 4
leaf_count=52 4 3 34 3 29 39 3 79 76 67 19 29 104 8 8 42 41 31 193 260 10 3 5 15 3 4
internal_value=0.0380998 2.33997 1.60097 1.3325 4.02976 -0.374697 6.11142 0.568668 -0.935724 0.10123 0.753426 3.03704 -0.0131 -0.261946 1.98316 -0.588766 -0.036021 -2.14492 -0.863963 -0.371798 7.97146 -1.19513 6.46233 -2.62691 8.90015 1.22883
internal_weight=1164 177 148 145 32 987 29 113 453 534 191 48 143 343 16 352 117 101 235 327 21 34 8 67 13 8
internal_count=1164 177 148 145 32 987 29 113 453 534 191 48 143 343 16 352 117 101 235 327 21 34 8 67 13 8
is_linear=0
shrinkage=0.05


Tree=39
num_leaves=30
num_cat=0
split_feature=3 12 0 16 13 3 12 8 0 4 4 16 4 12 4 17 0 0 4 17 13 0 2 16 2 2 0 15 3
split_gain=367878 233676 215219 126728 264101 88715.4 77152.1 66615.1 133261 293985 65730.1 64255.5 42882.1 38165.3 27517.4 18958.5 13897.6 13435.5 12679.2 10089.3 10028.1 8261.75 5230.59 4129.2 3878.54 3354.74 2490.56 1170.74 617.751
threshold=0.90323837961414843 282.80000000000007 38534.400000000009 304.45214285714292 300.50000000000006 0.76850685132491237 1069.0050000000003 4.5000000000000009 38336.700000000004 37941.500000000007 35692.500000000007 274.00000000000006 43067.500000000007 354.50000000000006 37487.500000000007 28.05309598461724 37238.900000000009 40300.850000000006 39052.500000000007 21.646159852662674 396.50000000000006 35269.700000000004 11461.880000000003 340.71428571428572 3499.2850000000003 11273.960000000001 40970.100000000006 313.00333333333339 0.94727940353233209
decision_type=2 10 2 2 8 2 8 2 2 2 2 2 2 8 2 2 2 2 2 2 10 2 2 2 2 2 2 2 2
left_child=5 2 16 4 -3 11 15 10 19 -10 20 18 14 -12 -13 -5 21 24 25 -9 -7 -2 -20 -19 -4 -1 -14 -6 -8
right_child=1 3 17 6 27 7 28 8 9 -11 13 12 26 -15 -16 -17 -18 23 22 -21 -22 -23 -24 -25 -26 -27 -28 -29 -30
leaf_value=-1.56605064868927 -1.2654879411061577 14.516461257934575 7.8344526290893501 -2.5286428451538088 -0.2189866721630096 1.1069670599885286 5.6548697471618654 -0.42002627518441948 20.080895996093762 1.7271977782249448 -0.54914247540176897 -0.44505119694929035 1.5806330800056461 0.39115937812599594 -1.5663709458182842 0.027167550961558637 3.8877096176147461 8.1003670586480006 0.64463571459054902 1.3357730477303269 2.8059024459437323 1.557960359673751 -1.3768481820821763 9.6615768909454349 5.8827140263148712 -2.5602585332734247 2.9282349904378253 0.99073294798533107 4.7057188669840482
leaf_weight=9.9999999999999982 3.0000000000000062 4.9999999999999973 4.0000000000000018 7.9999999999999991 6 15.999999999999998 3.9999999999999991 18 2.9999999999999973 8 305 280 7.9999999999999982 167 68 78 5.9999999999999991 9.0000000000000018 4.0000000000000027 14.999999999999998 19 19 15.999999999999998 7.9999999999999991 7 56 6 3 3
leaf_count=10 3 5 4 8 6 16 4 18 3 8 305 280 8 167 68 78 6 9 4 15 19 19 16 8 7 56 6 3 3
internal_value=0.0350318 2.23749 4.85435 0.867917 5.3029 -0.324328 0.200286 0.100536 1.96674 6.73275 -0.0614225 -0.846873 -0.555009 -0.216451 -0.66416 -0.210582 1.75468 7.95403 -2.07542 0.378064 2.02925 1.17294 -0.972551 8.83505 6.59244 -2.40962 2.15818 0.184253 5.24809
internal_weight=1162 163 56 107 14 999 93 551 44 11 507 448 362 472 348 86 28 28 86 33 35 22 20 17 11 66 14 9 7
internal_count=1162 163 56 107 14 999 93 551 44 11 507 448 362 472 348 86 28 28 86 33 35 22 20 17 11 66 14 9 7
is_linear=0
shrinkage=0.05


Tree=40
num_leaves=27
num_cat=0
split_feature=3 4 12 13 8 11 14 0 3 4 1 11 2 1 1 13 1 15 2 1 12 0 2 5 13 6
split_gain=303291 199701 166381 152755 102906 321591 99156.5 87383.5 61390.7 29021.7 36079.5 31055.5 25613.5 24440.7 22327.5 19398.6 15652 13111 13046.7 12153.9 8020.97 1261.38 389.514 367.396 398.241 279.202
threshold=0.85771878517292899 44395.000000000007 337.50000000000006 245.90000000000003 4.5000000000000009 331.00000000000006 333.50000000000006 41535.600000000006 0.54875589111425105 37329.500000000007 30793.675000000007 1040.0000000000002 7176.0600000000004 22936.689999999999 40168.775000000001 396.50000000000006 36575.780000000006 626.03333333333342 6007.6400000000012 36659.405000000006 259.50000000000006 34933.400000000009 18815.135000000006 18.500000000000004 183.52500000000003 74.500000000000014
decision_type=2 2 10 10 2 8 10 2 2 2 2 10 2 2 2 10 2 2 2 2 10 2 2 2 10 2
left_child=8 3 14 -2 7 -6 16 -5 20 10 18 13 -13 -11 19 -12 -4 -8 -10 -3 23 -22 -23 25 -25 -1
right_child=1 2 6 4 5 -7 17 -9 9 11 15 12 -14 -15 -16 -17 -18 -19 -20 -21 21 22 -24 24 -26 -27
leaf_value=-2.3219515936715265 11.929147847493489 5.5363172531127871 1.9155034681161234 0.12177830801034968 1.394714574019114 19.076850382486978 8.0822120666503903 7.5800667762756353 -2.3909970675195971 -2.6497323513031006 0.51209421893176832 5.1131494522094734 0.21288150697946551 -0.65270549735864447 2.8848256429036461 2.4887102351469155 -1.0549180623363046 4.3134481525421142 -0.21054999223412124 8.1538477953742525 -0.21799507935841855 -1.2261294417911104 -1.8415109952290853 -2.3622285140188111 -1.994305928548177 -2.7867625872294108
leaf_weight=6.9999999999999982 2.9999999999999991 6.0000000000000062 6.0000000000000027 216 18.000000000000004 2.9999999999999991 2.9999999999999991 3.9999999999999991 6.9999999999999991 15.999999999999998 46 3.9999999999999991 7.9999999999999991 361 2.9999999999999991 17 17 9.9999999999999982 344 17 3.0000000000000027 18.000000000000004 2.9999999999999991 19.000000000000004 11.999999999999998 6
leaf_count=7 3 6 6 216 18 3 3 4 7 16 46 4 8 361 3 17 17 10 344 17 3 18 3 19 12 6
internal_value=0.00592179 1.36005 3.89401 0.716177 0.576597 3.92073 1.69279 0.257384 -0.469811 -0.347657 -0.0562845 -0.657755 1.8463 -0.73746 6.94184 1.04547 -0.280025 5.18316 -0.254035 7.47101 -1.91231 -1.17704 -1.31404 -2.31337 -2.21981 -2.53648
internal_weight=1177 306 62 244 241 21 36 220 871 803 414 389 12 377 26 63 23 13 351 23 68 24 21 44 31 13
internal_count=1177 306 62 244 241 21 36 220 871 803 414 389 12 377 26 63 23 13 351 23 68 24 21 44 31 13
is_linear=0
shrinkage=0.05


Tree=41
num_leaves=28
num_cat=0
split_feature=3 12 0 16 1 12 7 18 18 11 11 4 11 3 16 1 1 16 18 4 16 1 15 0 1 16 11
split_gain=274743 147183 125659 111946 84578 79077.3 84522.2 51320.6 51250.8 309737 49612.7 42378.6 40128.8 25962.6 23337.1 21023.1 20336.9 20196.8 22018.3 12862 9557.3 7534.81 8904.43 7094.06 3936.42 2921.68 1326.91
threshold=0.90323837961414843 282.80000000000007 38534.400000000009 250.65428571428575 27215.530000000002 379.00000000000006 2.5000000000000004 26176.705000000005 25575.665000000005 325.50000000000006 1040.0000000000002 35865.000000000007 338.50000000000006 0.81740553608274269 180.47785714285718 22936.689999999999 33538.695000000007 340.71428571428572 35729.215000000004 43067.500000000007 419.68571428571437 25387.780000000002 307.52499999999998 37238.900000000009 20109.110000000004 364.28142857142865 201.78000000000003
decision_type=2 10 2 2 2 10 2 8 10 8 10 2 10 2 2 2 2 2 10 2 2 2 2 2 2 2 10
left_child=4 2 23 -3 11 16 -7 8 12 -10 14 21 -6 -12 -9 26 -5 18 -4 -17 -19 24 -23 25 -1 -2 -13
right_child=1 3 17 5 7 6 -8 10 9 -11 13 15 -14 -15 -16 19 -18 20 -20 -21 -22 22 -24 -25 -26 -27 -28
leaf_value=-1.1244273071487745 0.96538390219211545 9.0683766365051266 7.0727215194702104 -2.3895745086669922 0.84151144354458318 5.3152658335367837 -0.81379618114895269 1.2587044335901738 0.69706009521203871 18.12300821940104 0.28776155859231939 -2.1283661213326961 -2.8664438828825953 4.1092742538452152 -0.34000872455425646 -1.1903793911780081 0.040294275384756828 10.900981903076175 3.241419347127279 1.7052175521850588 7.4445929209391268 1.691157341003418 -0.20222633798014034 3.3732023620605469 -0.51098026177949374 2.4761991500854492 -2.6829189300537113
leaf_weight=33 16.000000000000007 3.9999999999999991 10.000000000000005 9.9999999999999982 83 15 9 24 17.000000000000004 2.9999999999999991 8.0000000000000018 47 7.9999999999999991 9.9999999999999982 467 93 62 2.9999999999999982 5.9999999999999991 3.9999999999999991 6 6.9999999999999991 55 4.9999999999999991 126 3.9999999999999991 13.999999999999998
leaf_count=33 16 4 10 10 83 15 9 24 17 3 8 47 8 10 467 93 62 3 6 4 6 7 55 5 126 4 14
internal_value=-0.0150181 1.98029 4.19526 0.872808 -0.314614 0.531326 3.01687 0.0450849 1.01922 3.31095 -0.167348 -0.903041 0.515537 2.41082 -0.261864 -1.52834 -0.297188 6.70185 5.63598 -1.07097 8.59672 -0.455991 0.0115428 1.68868 -0.638299 1.26755 -2.25564
internal_weight=1149 150 50 100 999 96 24 620 111 20 509 379 91 18 491 158 72 25 16 97 9 221 62 25 159 20 61
internal_count=1149 150 50 100 999 96 24 620 111 20 509 379 91 18 491 158 72 25 16 97 9 221 62 25 159 20 61
is_linear=0
shrinkage=0.05


Tree=42
num_leaves=24
num_cat=0
split_feature=3 16 4 13 18 13 14 3 17 13 13 7 2 11 11 16 13 15 4 14 1 1 17
split_gain=279508 136049 111679 146062 92801.8 117900 69365.3 89636.3 134842 56062.4 46871.1 43614 40248.7 21104.3 22531.5 18981.1 13015.7 12087.2 10085.9 9944.35 5842.01 3303.41 1637.4
threshold=0.89684079943224571 250.65428571428575 44395.000000000007 279.25000000000006 24433.840000000004 279.93000000000006 318.50000000000006 0.85988238519169591 22.130355221501201 294.50000000000006 297.50000000000006 4.5000000000000009 11981.885000000002 1040.0000000000002 265.37500000000006 292.78500000000003 17.755000000000006 336.23333333333341 43067.500000000007 348.50000000000006 28111.510000000006 23530.230000000007 424.51163990344531
decision_type=2 2 2 10 10 10 8 2 2 10 10 2 2 10 8 2 10 2 2 10 2 2 2
left_child=6 -2 4 22 5 -3 12 13 -9 -10 -6 -5 16 14 -8 21 20 -18 -17 -15 -1 -14 -4
right_child=1 2 3 11 10 -7 7 8 9 -11 -12 -13 15 19 -16 18 17 -19 -20 -21 -22 -23 -24
leaf_value=0.133423423104816 10.987349128723146 -0.27013111114501953 -0.51140209002928294 3.0271672407786054 1.5893865901370381 13.747699101765946 0.99830845006202407 10.963429069519044 3.9876226357051303 0.15578013102213542 -0.58900035701949027 6.2549976043701179 -2.1301534451936419 0.15746698379516599 -0.281177486694203 -0.99628289383511215 -0.74422850057596179 -0.16020821213190045 1.3137274932861329 3.7987768840789791 2.0593543870108468 -1.3531767090161644 -1.6927207112312317
leaf_weight=8.9999999999999982 3.9999999999999991 2.9999999999999991 10.999999999999998 18 43 3 38 3.9999999999999991 13.999999999999998 30 58 25 57 3 364 86 197 161 4.9999999999999991 5 6.9999999999999991 18 3.9999999999999991
leaf_count=9 4 3 11 18 43 3 38 4 14 30 58 25 57 3 364 86 197 161 5 5 7 18 4
internal_value=-0.00448953 1.87593 1.65504 3.42186 0.69733 6.73878 -0.322916 0.12971 2.17404 1.375 0.338432 4.90381 -0.706811 -0.109626 -0.160231 -1.35474 -0.419225 -0.481583 -0.869359 2.43329 0.976018 -1.94368 -0.82642
internal_weight=1167 169 165 58 107 6 998 458 48 44 101 43 540 410 402 166 374 358 91 8 16 75 15
internal_count=1167 169 165 58 107 6 998 458 48 44 101 43 540 410 402 166 374 358 91 8 16 75 15
is_linear=0
shrinkage=0.05


Tree=43
num_leaves=29
num_cat=0
split_feature=3 2 12 4 0 12 11 4 1 4 4 3 1 7 3 0 14 0 13 3 12 16 1 15 17 13 2 1
split_gain=205226 123496 88419.3 78525.7 60673.4 45407.5 41574.9 55465.9 46263.2 34706.8 28871.7 26780.3 24038 19688.6 15903.2 41206.2 14192.8 31861.2 13289.5 9252.58 8609.06 4127.59 2361.09 2081.11 1343.85 748.838 735.402 272.003
threshold=0.90323837961414843 3601.4650000000006 246.83500000000004 42910.000000000007 36328.80000000001 1115.5000000000002 1040.0000000000002 39497.500000000007 33770.875000000007 42910.000000000007 35397.500000000007 0.81740553608274269 25068.695000000003 2.5000000000000004 0.90742128172380265 41181.150000000009 329.50000000000006 41680.400000000001 270.50000000000006 0.75310933834168725 396.50000000000006 330.80928571428575 27751.895 276.50000000000017 25.817251434838923 399.50000000000006 1257.1700000000003 32018.555000000004
decision_type=2 2 10 2 2 10 10 2 2 2 2 2 2 2 2 2 10 2 8 2 8 2 2 2 2 8 2 2
left_child=4 2 16 -3 10 13 7 8 -6 -9 19 27 24 -4 21 -16 26 -18 -14 23 -13 -5 -21 -1 -12 -7 -2 -8
right_child=1 3 5 14 6 25 11 9 -10 -11 12 20 18 -15 15 -17 17 -19 -20 22 -22 -23 -24 -25 -26 -27 -28 -29
leaf_value=0.13876924941485577 6.5240506744384774 -1.0549507141113272 0.90199866072526058 4.2295741271972629 0.16732796502844713 4.8806650797526041 0.36346747704914628 -1.1516570024192334 2.998246110280355 -0.026118624259928065 -2.5772192694924096 6.0158489227294965 -0.12840378381311895 -0.50577271700632287 12.957763926188157 5.78087412516276 0.14850616455078122 6.9649752298990864 -1.2738741297652758 1.1138121908361258 2.9230155944824214 6.5755194346110004 0.077848592942411254 -0.58194804166975833 -1.9699220801299473 3.8814398193359363 5.5338302612304675 -0.2055779933929443
leaf_weight=10.999999999999998 4.9999999999999982 4.0000000000000027 63 5.0000000000000018 381 2.9999999999999991 7.0000000000000018 153 14.999999999999998 124 10.999999999999998 2.9999999999999973 40 41 2.9999999999999982 6 4 3 69 11.000000000000002 9 3 10.999999999999998 112 53 5.0000000000000009 3 3
leaf_count=11 5 4 63 5 381 3 7 153 15 124 11 3 40 41 3 6 4 3 69 11 9 3 11 112 53 5 3 3
internal_value=-0.0428116 1.69637 1.10905 5.24825 -0.296907 0.626236 -0.0351574 -0.105077 0.27456 -0.647806 -0.868969 2.10374 -1.30514 0.347012 6.73135 8.17317 4.71405 3.06985 -0.853518 -0.348576 3.69622 5.1093 0.59583 -0.517494 -2.0743 4.25615 6.15272 0.192754
internal_weight=1161 148 127 21 1013 112 695 673 396 277 318 22 173 104 17 9 15 7 109 145 12 8 22 123 64 8 8 10
internal_count=1161 148 127 21 1013 112 695 673 396 277 318 22 173 104 17 9 15 7 109 145 12 8 22 123 64 8 8 10
is_linear=0
shrinkage=0.05


Tree=44
num_leaves=27
num_cat=0
split_feature=3 4 12 13 14 3 13 5 13 8 3 16 4 12 11 12 13 1 3 4 0 12 12 16 13 12
split_gain=277077 151399 182969 150829 61201.4 56919.2 89029.7 104643 49437.8 64323 31368 31319 22018.3 21683 20155.4 20299.6 17894 17871.9 16731.7 10537.5 9551.49 8310.93 2321.92 1787.4 1620.38 127.196
threshold=0.89684079943224571 44395.000000000007 397.50000000000006 279.25000000000006 318.50000000000006 0.86070290835675178 299.51000000000005 19.500000000000004 283.59500000000008 3.5000000000000004 0.72200045090608633 318.2278571428572 38272.500000000007 515.00000000000011 1107.0000000000002 336.28500000000003 264.50000000000006 36659.405000000006 0.91252564406869963 43067.500000000007 35556.900000000009 322.00000000000006 434.72000000000008 463.78571428571428 397.50000000000006 357.50000000000006
decision_type=2 2 10 10 8 2 10 2 10 2 2 2 2 10 10 10 10 2 2 2 2 10 10 2 10 8
left_child=4 2 8 23 10 14 7 -7 9 -2 12 -8 22 17 15 -6 20 -5 -10 -14 -12 -18 -1 -3 -15 -25
right_child=1 3 -4 13 5 6 11 -9 18 -11 16 -13 19 24 -16 -17 21 -19 -20 -21 -22 -23 -24 25 -26 -27
leaf_value=-0.65380414107983764 8.8947504679361984 -1.5349465548992158 10.189613857269288 4.3900052070617681 0.13951554007680833 6.2357667509714751 -2.2198180961608882 -3.9937421162923181 -1.4549872239430748 1.2572045768008513 -0.34973516309261327 1.2701117773850761 -1.6431376775105795 2.6957827806472787 3.4649376571178436 -0.61740489166516532 -0.82427650147337261 6.9392964709888805 0.17976795017719271 1.3569901784261069 0.90865153435029478 -0.23433057303572524 0.11669738726182417 -0.53048948347568547 3.99497496287028 -0.131747301419576
leaf_weight=88 2.9999999999999991 3.9999999999999991 4.9999999999999991 9.9999999999999982 278 15.000000000000002 10.000000000000002 2.9999999999999991 24 34 25 18 120 3.9999999999999982 3.9999999999999991 130 123 22 45 2.9999999999999991 38 116 10.999999999999998 2.9999999999999973 6 6.0000000000000009
leaf_count=88 3 4 5 10 278 15 10 3 24 34 25 18 120 4 4 130 123 22 45 3 38 116 11 3 6 6
internal_value=0.0163806 1.90568 0.842767 4.05083 -0.302992 0.119217 1.78737 4.53085 0.401878 1.87647 -0.672022 0.0237083 -1.12323 5.50756 -0.0670329 -0.10166 -0.340341 6.14264 -0.388843 -1.56996 0.409292 -0.537943 -0.568193 -0.655518 3.4753 -0.264661
internal_weight=1148 166 111 55 982 458 46 18 106 37 524 28 222 42 412 408 302 32 69 123 63 239 99 13 10 9
internal_count=1148 166 111 55 982 458 46 18 106 37 524 28 222 42 412 408 302 32 69 123 63 239 99 13 10 9
is_linear=0
shrinkage=0.05


Tree=45
num_leaves=30
num_cat=0
split_feature=3 4 12 17 18 1 18 18 11 17 16 7 11 11 4 4 1 17 3 16 1 18 12 3 17 4 1 18 11
split_gain=180931 91020 178069 79983.3 88528.1 61549.4 53449.5 45968.1 49407.2 60533.9 30567.1 29319.3 28594.9 27052.4 26269.6 24620.5 20158.1 15990 15022 13161.1 12030.1 9621.85 9139.98 6705.81 4131.91 4084.2 1344.24 773.765 577.911
threshold=0.89684079943224571 42910.000000000007 389.50000000000006 176.95467727674165 30970.610000000004 27215.530000000002 31959.290000000005 29208.570000000003 300.50000000000006 45.99408699084092 634.73857142857162 2.5000000000000004 458.89000000000004 1040.0000000000002 35865.000000000007 43067.500000000007 32767.445000000003 47.370446214687611 0.81740553608274269 288.07142857142861 22936.689999999999 28102.675000000003 1069.0050000000003 0.57274370839898159 87.028553167294362 33305.000000000007 16976.100000000002 36659.405000000006 247.04000000000005
decision_type=2 2 8 2 10 2 10 10 10 2 2 2 10 10 2 2 2 2 2 2 2 10 8 2 2 2 2 10 10
left_child=5 2 12 4 19 14 -6 8 11 -10 22 -7 21 17 23 20 -4 -9 -15 -3 -16 -2 -5 26 -14 -25 -1 -12 -17
right_child=1 3 16 10 6 7 -8 13 9 -11 27 -13 24 18 15 28 -18 -19 -20 -21 -22 -23 -24 25 -26 -27 -28 -29 -30
leaf_value=-1.9978550275166829 1.4952706336975099 -0.36652723252773289 11.83109203974406 -0.51347526636193763 12.30618375142414 0.83573895675548615 5.2274191141128545 -1.1924606696614679 3.835586769472469 0.77621553215221128 3.4367908477783207 -0.55526388166915808 1.1879881565387429 0.14997207191255352 -1.9009023832896401 0.92724299430847135 6.0348162333170556 -0.24693427792379075 3.0388355361090769 3.5168297608693431 -1.0040797318129435 -0.59603695606982166 2.4799787521362306 -0.070042141805463864 2.6947332109723772 -0.53902348274955658 -0.89847490320864487 4.5724003473917625 1.8050516891479491
leaf_weight=2.9999999999999991 5.9999999999999991 7.9999999999999982 2.9999999999999991 17.000000000000007 3.0000000000000027 69 24 53 22 61 2.9999999999999991 84 13.000000000000002 9.0000000000000018 63 3 3 286 8.9999999999999982 3 92 66 2.9999999999999991 107 6.9999999999999991 82 38 3 5
leaf_count=3 6 8 3 17 3 69 24 53 22 61 3 84 13 9 63 3 3 286 9 3 92 66 3 107 7 82 38 3 5
internal_value=-0.00370428 1.54488 0.587121 3.01146 4.47355 -0.258138 6.01395 0.0634596 0.604898 1.58713 0.874555 0.0720511 0.0428279 -0.294466 -0.743398 -1.22899 8.93295 -0.39476 1.5944 0.69257 -1.36859 -0.421761 -0.0644572 -0.399261 1.71535 -0.273516 -0.978917 4.0046 1.47587
internal_weight=1148 162 98 64 38 986 27 593 236 83 26 153 92 357 393 163 6 339 18 11 155 72 20 230 20 189 41 6 8
internal_count=1148 162 98 64 38 986 27 593 236 83 26 153 92 357 393 163 6 339 18 11 155 72 20 230 20 189 41 6 8
is_linear=0
shrinkage=0.05


Tree=46
num_leaves=24
num_cat=0
split_feature=1 12 3 12 12 4 7 1 4 1 11 8 11 1 5 13 4 17 11 12 12 1 0
split_gain=209661 92582.5 81472.8 79010.2 97237.6 74244.5 56837.9 43445.4 30255.3 45888.1 31007.8 22685 22660.6 11842.8 8919.98 5729.52 5340.5 4214.6 4112.84 6209.28 2039.75 1191.82 88.4412
threshold=37340.865000000013 309.50000000000006 0.90467304505513579 380.50000000000006 400.50000000000006 44735.000000000007 4.5000000000000009 25387.780000000002 39497.500000000007 33461.610000000008 1040.0000000000002 2.5000000000000004 458.89000000000004 37802.690000000002 19.500000000000004 1474.5000000000002 43067.500000000007 124.0986936177879 515.00000000000011 241.00000000000003 238.00000000000003 39918.625000000007 40925.350000000006
decision_type=2 10 2 8 10 2 2 2 2 2 10 2 10 2 2 10 2 2 10 8 10 2 2
left_child=2 18 7 5 -5 12 13 11 9 -9 -10 17 -4 -3 -7 21 -13 -1 19 20 -2 -8 -15
right_child=1 6 3 4 -6 14 15 8 10 -11 -12 16 -14 22 -16 -17 -18 -19 -20 -21 -22 -23 -24
leaf_value=-1.7402347072478266 6.8339678446451799 7.3044469197591084 -0.11603664530046059 13.116031773885092 1.2078504323959347 7.1847805023193381 -0.36110164490010987 0.033309939681183572 -0.64038030919692823 2.1198857476535653 1.6996177530288699 -0.6000328046310428 1.6780745625495912 3.2649513244628903 3.9260961260114393 1.3113643735647202 1.2467944622039795 -0.065700256824493417 4.4344847361246744 7.9011634826660133 5.2756776537214005 -1.398382329940796 3.648881022135416
leaf_weight=62 3 3.0000000000000018 66 2.9999999999999991 4 2.9999999999999982 9.0000000000000018 447 252 28 14.999999999999998 183 24 3 7 4.9999999999999991 3.9999999999999991 3.9999999999999991 2.9999999999999991 5.0000000000000009 7 3.9999999999999991 3
leaf_count=62 3 3 66 3 4 3 9 447 252 28 15 183 24 3 7 5 4 4 3 5 7 4 3
internal_value=0.00159513 3.34687 -0.135009 1.176 6.31136 0.816524 1.49512 -0.275991 -0.0830663 0.156308 -0.50892 -0.841803 0.362393 4.73943 4.9037 -0.127035 -0.560528 -1.63875 6.1245 6.4625 5.74316 -0.680265 3.45692
internal_weight=1147 45 1102 107 7 100 27 995 742 475 267 253 90 9 10 18 187 66 18 15 10 13 6
internal_count=1147 45 1102 107 7 100 27 995 742 475 267 253 90 9 10 18 187 66 18 15 10 13 6
is_linear=0
shrinkage=0.05


Tree=47
num_leaves=28
num_cat=0
split_feature=3 4 13 18 17 12 0 1 4 18 3 11 8 12 13 1 0 3 1 12 3 11 15 3 1 18 0
split_gain=161645 99072.1 98105.1 84690.7 155332 81829 40626.6 34392.5 28119.3 31320.7 26246.2 26400.2 20876.9 14101.7 12489 11351.2 9729.94 8057.44 5442.06 4582.81 2494.2 2122.36 1935.51 1841.65 1020.57 638.231 483.773
threshold=0.85771878517292899 44395.000000000007 245.90000000000003 28207.685000000001 48.500908166744864 319.50000000000006 41535.600000000006 23970.810000000005 37329.500000000007 21050.985000000004 0.95483295001004886 241.00000000000003 2.5000000000000004 238.00000000000003 1.0000000180025095e-35 30793.675000000007 37822.750000000007 0.85588350270980251 28111.510000000006 255.50000000000003 0.54875589111425105 265.37500000000006 184.57833333333338 0.65825417195817104 16976.100000000002 38446.490000000005 32077.000000000004
decision_type=2 2 10 10 2 10 2 2 2 8 2 10 2 10 10 2 2 2 2 8 2 10 2 2 2 8 2
left_child=7 2 -2 4 -4 13 -5 12 9 16 11 -7 22 -3 18 -11 -9 -16 -10 -15 24 -22 26 -24 -14 -12 -1
right_child=1 5 3 6 -6 10 -8 8 14 15 25 -13 20 19 17 -17 -18 -19 -20 -21 21 -23 23 -25 -26 -27 -28
leaf_value=-1.1142147918542227 9.4932492574055996 2.1471604347228985 5.355931384455074 -0.28779457222822818 0.14796562704552965 -1.2414638805389397 4.809813508018852 1.2198331730706349 0.080251745051807821 -0.15066293855815863 -1.4266086419423429 2.752294980486234 -1.8679606119791643 4.932636237144469 -0.54220623519013889 0.66235715688540131 3.3723441805158347 -2.391695253054301 1.6475694715976716 6.5529976209004719 0.12173912273003505 -0.56031612261168418 -1.9136326716496397 -3.2879958470662438 -0.89586496551831574 -0.57144418507814398 -1.5956789565086364
leaf_weight=5.9999999999999991 2.9999999999999991 4.0000000000000027 22 171 41 5.0000000000000027 3.9999999999999991 21.000000000000004 18.000000000000004 226 2.9999999999999973 24 3.0000000000000027 16.000000000000004 318 53 6.9999999999999991 5.9999999999999991 7.9999999999999991 5.9999999999999991 12.999999999999998 93 12.999999999999998 2.9999999999999991 27 8 40
leaf_count=6 3 4 22 171 41 5 4 21 18 226 3 24 3 16 318 53 7 6 8 6 13 93 13 3 27 8 40
internal_value=-0.00620735 0.977943 0.507897 0.394636 1.96662 2.69432 -0.171278 -0.359581 -0.185493 0.163772 1.27491 2.06372 -0.937236 4.87803 -0.491848 0.00378174 1.75796 -0.576456 0.562503 5.37455 -0.590581 -0.476668 -1.69764 -2.17133 -0.993075 -0.804671 -1.53288
internal_weight=1162 307 241 238 63 66 175 855 657 307 40 29 198 26 350 279 28 324 26 22 136 106 62 16 30 11 46
internal_count=1162 307 241 238 63 66 175 855 657 307 40 29 198 26 350 279 28 324 26 22 136 106 62 16 30 11 46
is_linear=0
shrinkage=0.05


Tree=48
num_leaves=27
num_cat=0
split_feature=1 12 1 4 1 18 12 13 6 12 12 2 14 4 3 8 2 4 0 17 3 16 2 17 14 6
split_gain=172840 99409.8 37540.4 27761.5 38563.1 75178.5 22933.7 46147.5 21574.1 21321.6 20536.3 36000.8 19510.2 15303.9 13087.1 11270.4 8668.99 5701.9 4263.59 3891.14 3733.21 3443.93 1760.61 673.562 566.407 395.95
threshold=36659.405000000006 272.74500000000006 25387.780000000002 37329.500000000007 32325.540000000005 27931.510000000002 354.50000000000006 267.00000000000006 74.500000000000014 379.00000000000006 247.04000000000005 4154.9700000000003 270.50000000000006 35397.500000000007 0.96962000981229768 4.5000000000000009 4107.9650000000011 43067.500000000007 40950.80000000001 135.49726899117476 0.54875589111425105 419.68571428571437 11626.925000000001 414.98696412470838 290.60000000000008 87.500000000000014
decision_type=2 10 2 2 2 8 10 10 2 10 10 2 8 2 2 2 2 2 2 2 2 2 2 2 10 2
left_child=2 14 12 4 13 -6 8 23 -3 -9 11 -5 19 -4 18 -12 -10 20 24 22 -14 -20 -1 -8 -2 -21
right_child=1 6 3 10 5 -7 7 9 16 -11 15 -13 17 -15 -16 -17 -18 -19 21 25 -22 -23 -24 -25 -26 -27
leaf_value=-2.5678124666213993 4.6993094126383417 3.8921650886535604 0.36347516024307835 3.9907319205147882 4.6771233485295225 0.53679094842502051 -0.9320150136947627 7.5670717875162667 -0.11889118291437624 2.9221327781677249 -0.51869409817120105 0.042979676795728283 -1.0570613596174452 -0.38286455112897994 3.2126268768310546 0.57650925147533416 -2.7386143207550049 1.3905853509902955 7.9857235908508288 -0.74169235229492192 -0.41301045366735373 5.9108958244323722 -1.4884086622911341 -0.11866758550916399 5.6709117889404288 -0.0784094492594401
leaf_weight=3.9999999999999991 3.0000000000000027 3.0000000000000027 126 6.9999999999999991 12.999999999999998 70 4.0000000000000018 3.0000000000000027 15.000000000000002 13.999999999999998 389 33 27 151 4.9999999999999991 25 3.9999999999999991 3.9999999999999991 4 8.9999999999999982 135 4 68 7 3 2.9999999999999991
leaf_count=4 3 3 126 7 13 70 4 3 15 14 389 33 27 151 5 25 4 4 4 9 135 4 68 7 3 3
internal_value=-0.0953393 2.32973 -0.252604 -0.0880129 0.239898 1.18528 1.15982 2.10901 -0.0482423 3.74183 -0.34803 0.733836 -0.788513 -0.0433743 5.40844 -0.452559 -0.670412 -0.474306 6.19265 -1.40945 -0.520352 6.94831 -1.54838 -0.41443 5.18511 -0.575872
internal_weight=1133 69 1064 814 360 83 50 28 22 17 454 40 250 277 19 414 19 166 14 84 162 8 72 11 6 12
internal_count=1133 69 1064 814 360 83 50 28 22 17 454 40 250 277 19 414 19 166 14 84 162 8 72 11 6 12
is_linear=0
shrinkage=0.05


Tree=49
num_leaves=21
num_cat=0
split_feature=3 16 4 12 13 14 17 3 14 11 14 1 16 13 13 12 4 14 16 1
split_gain=162373 83163.4 78606.9 126820 67824.5 40348.5 166552 25380.7 25085.9 23085 22344.6 17635.9 14608.2 9937.68 9085.61 8171.04 6480.56 3061.9 2929.51 883.614
threshold=0.89684079943224571 250.65428571428575 44395.000000000007 392.33500000000009 279.93000000000006 325.50000000000006 20.496806664605945 0.72200045090608633 395.50000000000006 419.50000000000006 331.00000000000006 36146.310000000005 287.11428571428581 17.755000000000006 337.50000000000006 322.00000000000006 43067.500000000007 258.08500000000009 99.681428571428583 39918.625000000007
decision_type=2 2 2 8 10 8 2 2 8 10 10 2 2 10 10 10 2 10 2 2
left_child=5 -2 3 9 19 7 -7 12 10 -3 -8 -6 18 17 -10 -15 -14 -9 -1 -4
right_child=1 2 4 -5 11 6 8 13 14 -11 -12 -13 16 15 -16 -17 -18 -19 -20 -21
leaf_value=-0.22915320038795473 8.5818061828613281 -0.22579092291728933 -0.07224062606692315 8.326692719459535 1.429409170150757 11.898862616221111 -0.75254492262999229 1.8131482283274325 -0.040474615645195756 1.5098096661567688 0.93131698879328639 4.3763314796216566 -0.65178825807045493 -0.53848328035843529 -0.71873688187563056 -0.038321205387277721 1.1774663925170898 0.46312675561223715 -1.4762187148317878 -0.98239902853965744
leaf_weight=4.9999999999999991 3.9999999999999991 82 7.9999999999999982 4.9999999999999991 5.9999999999999991 2.9999999999999991 24 6.0000000000000027 196 25 110 33 153 158 66 169 4.9999999999999991 13.999999999999998 81 4
leaf_count=5 4 82 8 5 6 3 24 6 196 25 110 33 153 158 66 169 5 14 81 4
internal_value=0.0169749 1.45916 1.28437 0.543427 2.91153 -0.226302 0.162182 -0.488578 0.073268 0.179723 0.62973 3.92296 -0.879327 -0.213815 -0.211335 -0.27999 -0.5939 0.868133 -1.40371 -0.375627
internal_weight=1157 167 163 112 51 990 399 591 396 107 134 39 244 347 262 327 158 20 86 12
internal_count=1157 167 163 112 51 990 399 591 396 107 134 39 244 347 262 327 158 20 86 12
is_linear=0
shrinkage=0.05


Tree=50
num_leaves=22
num_cat=0
split_feature=3 1 12 2 12 15 13 14 14 15 0 3 2 1 13 4 15 13 12 14 14
split_gain=129587 85106.1 75832.8 54172.6 39209.9 117378 38056.6 37051.1 36923.4 32769.5 21287.3 19561.9 18037.1 15425.9 10109.8 10017.6 8060.16 7148.25 13904 3369 2226.42
threshold=0.90467304505513579 37214.820000000014 256.79500000000007 3601.4650000000006 389.50000000000006 334.73333333333341 310.92500000000007 315.10000000000008 395.50000000000006 305.08666666666676 37258.30000000001 0.91098815459639526 11799.300000000001 36420.100000000013 337.50000000000006 43067.500000000007 344.59999999999997 331.00000000000006 238.00000000000003 424.50000000000006 329.50000000000006
decision_type=2 2 10 2 10 2 8 8 8 2 2 2 2 2 10 2 2 10 10 8 10
left_child=1 7 10 4 11 -6 -5 12 9 -9 19 -4 13 -1 -10 -14 -8 18 -12 -2 -19
right_child=2 -3 3 6 5 -7 16 8 14 -11 17 -13 15 -15 -16 -17 -18 20 -20 -21 -22
leaf_value=-0.26466353008391841 1.9528915087382004 8.2137843449910477 -2.0467460632324221 9.0756277084350643 11.453656133015938 0.91070518906820908 4.0110628128051742 -0.54012865785095421 -0.094828187820373805 1.0031310982134654 0.42516765594482325 0.21712705755813255 -1.0078273728765825 -2.8211221059163414 -0.80675696668525543 1.0727028608322144 0.34587535858154289 4.4963835716247553 4.1345083236694338 -0.099240668614705346 6.1646250724792466
leaf_weight=357 5.9999999999999973 2.9999999999999991 10.999999999999998 2.9999999999999973 3.0000000000000027 22 3.0000000000000009 45 204 146 3.0000000000000062 72 162 5.9999999999999991 66 5.9999999999999991 3 4 15.999999999999998 3.0000000000000009 4
leaf_count=357 6 3 11 3 3 22 3 45 204 146 3 72 162 6 66 6 3 4 16 3 4
internal_value=0.0132951 -0.195017 1.368 0.75054 0.439958 2.17586 4.47752 -0.220447 0.107506 0.639536 3.37476 -0.0829043 -0.505167 -0.306919 -0.268855 -0.933523 2.17847 4.07673 3.54882 1.26885 5.3305
internal_weight=1148 995 153 117 108 25 9 992 461 191 36 83 531 363 270 168 6 27 19 9 8
internal_count=1148 995 153 117 108 25 9 992 461 191 36 83 531 363 270 168 6 27 19 9 8
is_linear=0
shrinkage=0.05


Tree=51
num_leaves=28
num_cat=0
split_feature=1 12 1 16 13 18 11 7 0 18 3 0 13 1 0 8 7 3 1 11 12 13 1 12 0 7 12
split_gain=101586 68971.4 99007.1 51692.5 42086.2 44586.8 117244 30440.8 22662.7 21264 19361.9 18838.8 16108.5 23732 13660.4 9650.23 9136.26 7292.87 7282.45 5430.36 6671.89 5236.78 4213.03 2389.86 1031.63 825.508 376.593
threshold=32563.334999999999 290.10000000000008 37133.655000000006 450.42928571428575 298.52000000000004 31379.125000000004 350.55000000000007 1.0000000180025095e-35 36248.000000000007 21050.985000000004 0.92389411803651178 37238.900000000009 241.00000000000003 31619.575000000001 41448.650000000001 3.5000000000000004 1.5000000000000002 0.54875589111425105 32280.305000000004 515.00000000000011 247.90500000000003 1.0000000180025095e-35 36420.100000000013 277.00000000000006 37292.150000000009 5.5000000000000009 17.755000000000006
decision_type=2 10 2 2 10 10 8 2 2 8 2 2 8 2 2 2 2 2 2 10 10 8 2 10 2 2 10
left_child=8 2 3 11 5 6 -3 -7 17 23 14 -2 13 -11 -6 -14 -12 25 21 20 -4 -19 -5 24 -10 26 -1
right_child=1 4 19 22 10 7 -8 -9 9 12 16 -13 15 -15 -16 -17 -18 18 -20 -21 -22 -23 -24 -25 -26 -27 -28
leaf_value=-1.824709701538086 0.7881419350206853 1.6441222908099495 4.7614378611246728 -0.60542337265279544 -0.67485785873399839 2.8379763412475589 12.011054738362631 -0.17428176552057267 1.3577391465504955 0.21617698907852168 3.1474572372436525 2.7692379093170167 -0.54702385179238555 3.8015408992767337 0.89059792160987861 -0.069505725149981309 0.56975468281995167 0.51220922023057935 -2.4341356468200686 3.2921257972717286 6.9139387766520191 -0.55819914446964425 -2.3993813037872314 0.19427534739176433 2.138089966773987 -0.42654528021812443 -1.2438790512084961
leaf_weight=2.9999999999999991 20 30 9.0000000000000018 18.000000000000004 108 9.9999999999999982 2.9999999999999991 52 9.0000000000000053 20.000000000000004 4.9999999999999991 30 162 5.9999999999999991 15.999999999999998 305 10.999999999999998 11.999999999999998 4.9999999999999991 2.9999999999999991 5.9999999999999991 239 3.9999999999999991 2.9999999999999991 7.9999999999999991 2.9999999999999991 40
leaf_count=3 20 30 9 18 108 10 3 52 9 20 5 30 162 6 16 305 11 12 5 3 6 239 4 3 8 3 40
internal_value=-0.00712157 0.740311 1.91731 1.08812 0.289547 1.10183 2.58657 0.311566 -0.305178 -0.102879 -0.261646 1.9768 -0.167717 1.04357 -0.472864 -0.235154 1.37529 -0.648817 -0.544663 5.23405 5.62244 -0.507024 -0.931598 1.49536 1.72496 -1.22845 -1.2844
internal_weight=1140 325 90 72 235 95 33 62 815 513 140 50 493 26 124 467 16 302 256 18 15 251 22 20 17 46 43
internal_count=1140 325 90 72 235 95 33 62 815 513 140 50 493 26 124 467 16 302 256 18 15 251 22 20 17 46 43
is_linear=0
shrinkage=0.05


Tree=52
num_leaves=29
num_cat=0
split_feature=2 0 17 18 17 0 17 12 1 18 8 0 0 12 6 11 17 0 16 2 15 8 7 2 5 0 2 11
split_gain=133771 54840.6 44478.6 41177.7 97702.4 89693.2 58816.1 39371.9 26412.9 15853.7 14396.9 13655.8 18794 17491.6 11157 10182.2 9855.68 9095.35 7746.72 7233.9 5437.91 6778.72 4359.76 4107.43 2251.1 2061.14 1195.73 220.699
threshold=5314.9900000000007 41322.55000000001 409.26251776041903 26853.440000000002 19.953255025014467 35475.200000000004 31.765716092464007 256.79500000000007 27507.350000000002 21050.985000000004 3.5000000000000004 41602.150000000009 41499.100000000013 249.50000000000003 85.500000000000014 1040.0000000000002 421.03468081780733 37292.150000000009 107.75714285714288 3048.6250000000005 281.50000000000006 4.5000000000000009 1.0000000180025095e-35 6054.2850000000008 19.500000000000004 41680.400000000001 6146.0100000000011 247.04000000000005
decision_type=2 2 2 10 2 2 2 10 2 8 2 2 2 8 2 10 2 2 2 2 2 2 2 2 2 2 2 10
left_child=1 3 11 4 -1 -6 19 -8 10 17 16 12 -3 -13 15 -11 18 24 -2 -5 22 -22 -12 -16 -10 -4 -19 -18
right_child=8 2 25 6 5 -7 7 -9 9 14 20 13 -14 -15 23 -17 27 26 -20 -21 21 -23 -24 -25 -26 -27 -28 -29
leaf_value=10.763495874404908 -0.0187150636140038 4.3585153961181593 0.98709978262583409 0.25197195325578964 9.8856408158938098 0.98457448314130314 2.6245809263653226 0.54618737083183577 -0.51735875606536808 0.0041018413299037894 1.3592165350913998 5.125257949829102 9.3643831888834619 0.29595343271891256 -2.4818193823099137 1.4856055706739426 0.74317337671915695 3.7766169230143229 -1.1547287108143791 -1.5087789177894593 -0.59301949100975959 -0.028308239797266516 -0.1039838512694197 -0.5844774641120678 1.0886875897645951 -0.74663463234901417 2.3649216651916496 1.3496644655863441
leaf_weight=2.9999999999999991 17 5.0000000000000053 2.9999999999999991 6.9999999999999991 2.9999999999999991 50 27 146 3.0000000000000027 346 8 4.9999999999999991 3 3.0000000000000009 2.9999999999999991 11.999999999999998 2.9999999999999991 2.9999999999999991 128 35 151 82 14 58 7.9999999999999991 4 3 3
leaf_count=3 17 5 3 7 3 50 27 146 3 346 8 5 3 3 3 12 3 3 128 35 151 82 14 58 8 4 3 3
internal_value=0.0583658 0.976579 3.32064 0.777637 1.98529 1.48841 0.463086 0.870561 -0.262246 0.00798943 -0.552449 4.77499 6.23572 3.31427 -0.0527414 0.0537612 -0.93937 1.50483 -1.02154 -1.21532 -0.32333 -0.39428 0.428089 -0.677789 0.650675 -0.0036056 3.07077 1.04642
internal_weight=1136 294 23 271 56 53 215 173 842 436 406 16 8 8 419 358 151 17 145 42 255 233 22 61 11 7 6 6
internal_count=1136 294 23 271 56 53 215 173 842 436 406 16 8 8 419 358 151 17 145 42 255 233 22 61 11 7 6 6
is_linear=0
shrinkage=0.05


Tree=53
num_leaves=29
num_cat=0
split_feature=3 16 11 18 17 13 18 0 11 4 1 4 3 4 4 2 2 18 2 2 13 16 5 11 11 3 3 2
split_gain=83537.3 45088.4 63615.3 54217.5 34460.8 31182.2 57298.1 29184.9 23670.6 30513.8 31363.2 16043.2 12365.3 11194.8 8035.69 7382.76 4356.32 4172.18 3940.6 3733.41 2277.17 1819.61 1770.5 1605.81 739.75 703.849 576.802 318.629
threshold=0.90467304505513579 304.45214285714292 295.55000000000007 30997.080000000005 33.33839905184886 259.50000000000006 33975.090000000004 35797.450000000004 1040.0000000000002 39497.500000000007 33085.595000000008 42910.000000000007 0.81740553608274269 33577.500000000007 39052.500000000007 3048.6250000000005 4654.1650000000018 37530.255000000012 11273.960000000001 13983.720000000003 299.51000000000005 288.07142857142861 19.500000000000004 289.50000000000006 282.40000000000003 0.91831418497064932 0.7765281045332364 7387.6850000000004
decision_type=2 2 10 8 2 10 10 2 10 2 2 2 2 2 2 2 2 8 2 2 8 2 2 10 10 2 2 2
left_child=7 2 25 -4 15 17 -7 13 9 10 -9 -11 27 19 18 22 -14 -6 -15 23 -17 -5 -3 -1 -21 -2 -16 -10
right_child=1 4 3 21 5 6 -8 8 12 11 -12 -13 16 14 26 20 -18 -19 -20 24 -22 -23 -24 -25 -26 -27 -28 -29
leaf_value=-0.19491315479664242 -0.36809736251831038 0.88624040603637655 11.58731282552084 2.7319149653116854 -2.5767568588256853 0.61766238158399411 3.364288491216199 0.026222064039577442 0.55839664340019179 -0.86102437074784643 1.3258094034229335 -0.075201216922337277 4.3388471603393555 -0.78518589497322133 0.92459014654159566 -2.7727797826131204 2.1387656344307793 -0.49204564740260442 -1.3157244050502779 -0.38528231209410091 -1.2445260267991285 4.2895223999023431 -0.52507724761962882 0.45210058878768572 -0.86919769807295377 0.60064709981282538 0.14945449034372965 -0.093400263786315912
leaf_weight=17 5.0000000000000018 5.0000000000000018 2.9999999999999973 3 2.9999999999999973 55 29 433 3.0000000000000018 143 52 119 2.9999999999999991 84 3.9999999999999982 2.9999999999999973 8.9999999999999982 12 60 28 13 5 4 22 10.999999999999998 3 6 5
leaf_count=17 5 5 3 3 3 55 29 433 3 143 52 119 3 84 4 3 9 12 60 28 13 5 4 22 11 3 6 5
internal_value=-0.0107045 1.11959 3.38772 5.85503 0.772054 1.19092 1.5659 -0.172498 -0.0238664 -0.0693162 0.165559 -0.504105 1.67368 -0.663881 -0.911065 -0.886651 2.68879 -0.908988 -1.00624 -0.175851 -1.53107 3.70542 0.258988 0.170069 -0.521771 -0.00481819 0.459509 0.151024
internal_weight=1142 143 19 11 124 99 84 999 767 747 485 262 20 232 154 25 12 15 144 78 16 8 9 39 39 8 10 8
internal_count=1142 143 19 11 124 99 84 999 767 747 485 262 20 232 154 25 12 15 144 78 16 8 9 39 39 8 10 8
is_linear=0
shrinkage=0.05


Tree=54
num_leaves=28
num_cat=0
split_feature=3 12 0 16 7 0 12 18 17 2 17 12 12 1 11 3 8 3 8 13 0 15 18 12 1 18 1
split_gain=74592.5 44820.3 36076.2 35410.6 81668.3 25584.8 24981.5 21565.5 18197.6 34025.6 22791.3 15712.7 10561 10499.1 15387.9 8615.64 7801.27 11558.4 6647.06 5907.46 5377.58 4365.39 3440.68 2452.81 2229.37 855.255 819.063
threshold=0.90467304505513579 282.80000000000007 37258.30000000001 304.45214285714292 4.5000000000000009 36328.80000000001 1115.5000000000002 28418.920000000002 19.449397193969691 6054.2850000000008 20.337453207674319 676.60000000000014 238.00000000000003 28470.030000000002 275.49000000000007 0.87856858752736289 2.5000000000000004 0.76850685132491237 3.5000000000000004 319.50000000000006 35269.700000000004 284.83333333333343 31396.655000000006 333.50000000000006 32428.215000000004 24969.350000000002 38148.920000000006
decision_type=2 10 2 2 2 2 10 10 2 2 2 8 10 2 10 2 2 2 2 10 2 2 10 10 2 8 2
left_child=5 2 20 4 -3 15 11 8 9 -7 -10 -5 -4 18 -15 16 17 -1 -9 -14 -2 -18 -22 24 -17 -6 -8
right_child=1 3 12 6 25 7 26 13 10 -11 -12 -13 19 14 -16 23 21 -19 -20 -21 22 -23 -24 -25 -26 -27 -28
leaf_value=-1.2194226140845312 -1.3095508813858017 8.7159492015838662 0.95739712715148839 -0.17454191544945813 0.81873335043589268 -6.1453755060831705 3.2700387954711907 -1.0515137064321476 3.7480400657653812 1.3851877689361569 0.33499626819292705 -3.8687481562296551 3.2451649083031544 2.9779907703399662 -0.14139392675284077 -3.0585436630249028 0.2105960750686271 0.087976989962837926 -0.31698366859129501 4.9569727216448101 1.7573452353477472 -0.46002383531777413 0.39455940615047114 -0.89559662342071522 -1.3344511349995927 -0.21522448311249409 2.2250106430053704
leaf_weight=73 3.0000000000000027 3.9999999999999973 4.0000000000000027 71 2.9999999999999991 2.9999999999999991 3 55 4.9999999999999991 3 225 2.9999999999999991 18.000000000000004 3.9999999999999991 340 4.9999999999999982 28 22 70 6.9999999999999991 8.0000000000000018 182 10.999999999999998 4 3 6.0000000000000009 5
leaf_count=73 3 4 4 71 3 3 3 55 5 3 225 3 18 4 340 5 28 22 70 7 8 182 11 4 3 6 5
internal_value=-0.0682894 0.988882 2.18454 0.347001 2.77143 -0.219314 -0.0373604 -0.0515607 0.338279 -2.38009 0.409193 -0.324307 3.34281 -0.247727 -0.105122 -0.592393 -0.540689 -0.916656 -0.640177 3.72447 0.657739 -0.370608 0.968364 -1.90654 -2.41201 0.129428 2.6169
internal_weight=1168 146 51 95 13 1022 82 705 236 6 230 74 29 469 344 317 305 95 125 25 22 210 19 12 8 9 8
internal_count=1168 146 51 95 13 1022 82 705 236 6 230 74 29 469 344 317 305 95 125 25 22 210 19 12 8 9 8
is_linear=0
shrinkage=0.05


Tree=55
num_leaves=23
num_cat=0
split_feature=3 18 12 0 16 0 3 17 0 12 18 4 12 15 4 1 13 12 0 4 6 3
split_gain=85244.5 77389.3 49375 33540.7 32656 28419.3 22554 114649 44019.2 19793.3 17447.7 13083.8 10579.1 9414.22 6954.11 4712.11 3891.44 3807.56 1775.36 1497.66 1453.28 117.077
threshold=0.90467304505513579 24508.980000000003 294.50000000000006 37258.30000000001 260.64714285714291 36248.000000000007 0.85771878517292899 19.953255025014467 41448.650000000001 1115.5000000000002 21050.985000000004 35692.500000000007 235.50000000000003 626.03333333333342 39052.500000000007 26441.650000000001 394.83500000000009 350.55000000000007 35269.700000000004 33305.000000000007 87.500000000000014 0.7765281045332364
decision_type=2 10 10 2 2 2 2 2 2 10 8 2 10 2 2 2 8 8 2 2 2 2
left_child=5 -2 3 18 -4 11 10 -8 -9 -6 16 15 -5 -12 17 19 -7 -13 -3 -1 -17 -16
right_child=1 2 4 12 9 6 7 8 -10 -11 13 14 -14 -15 21 20 -18 -19 -20 -21 -22 -23
leaf_value=-0.20928936666702924 9.1024561007817582 -0.39056288401285766 5.3387308438618986 0.78942456245422366 -0.23237827150789028 0.96117982864379869 10.301408783594768 0.24744090689751119 6.3825538635253913 2.3874036550521853 -0.086495321649700807 -1.0581688814041184 3.5383378016097207 -0.79265719056129458 0.614386256535848 0.69075511297320613 2.5861786651611332 -0.33137280628794719 0.90605171769857407 -0.60218897206442701 -0.21436953743298851 0.24812057018280032
leaf_weight=79 2.9999999999999991 3.0000000000000027 2.9999999999999991 3.9999999999999991 73 14.000000000000002 2.9999999999999991 115 2.9999999999999991 7.9999999999999991 511 127 28 52 2.9999999999999991 17.000000000000004 4.9999999999999991 21 22 35 5.9999999999999991 7.9999999999999991
leaf_count=79 3 3 3 4 73 14 3 115 3 8 511 127 28 52 3 17 5 21 22 35 6 8
internal_value=0.018598 1.15592 0.98684 2.12268 0.216093 -0.14534 0.0277066 0.648823 0.403418 0.0263656 -0.101426 -0.556324 3.19472 -0.151718 -0.864894 -0.198203 1.38881 -0.955042 0.750458 -0.329916 0.454636 0.348011
internal_weight=1143 144 141 57 84 999 703 121 118 81 582 296 32 563 159 137 19 148 25 114 23 11
internal_count=1143 144 141 57 84 999 703 121 118 81 582 296 32 563 159 137 19 148 25 114 23 11
is_linear=0
shrinkage=0.05


Tree=56
num_leaves=22
num_cat=0
split_feature=1 0 13 1 12 17 1 4 1 4 4 0 11 11 12 11 11 1 6 1 14
split_gain=59557.8 61277.3 39603.6 39457.9 36025.2 30477.7 12837 10039 16330.6 12153.9 8903.98 8810.88 4110.64 3123.23 1875.42 1593.45 1144.55 1076.96 903.426 465.154 223.774
threshold=31619.575000000001 35475.200000000004 230.02500000000003 37214.820000000014 299.51000000000005 33.33839905184886 23970.810000000005 43067.500000000007 29388.885000000006 39497.500000000007 38272.500000000007 37087.200000000004 397.50000000000006 259.50000000000006 359.50000000000006 201.78000000000003 379.00000000000006 19853.240000000002 75.500000000000014 22562.360000000004 300.50000000000006
decision_type=2 2 8 2 10 2 2 2 2 2 2 2 10 8 8 10 8 2 2 2 8
left_child=6 -2 -3 5 -5 -4 10 9 13 11 14 -8 -11 -9 17 19 -10 -1 -17 -12 -16
right_child=1 2 3 4 -6 -7 7 8 16 12 15 -13 -14 -15 20 18 -18 -19 -20 -21 -22
leaf_value=-0.64906909730699336 5.9707935047149663 5.3537324905395511 -0.82409882606007168 3.3674616349370861 0.66313298091292383 0.37957137003540997 -0.27111018318289948 1.2212786844798496 -0.74991077184677135 -0.76358606207717972 -1.0047407305240632 0.20390111247907919 0.14954938547951835 2.7148917879377086 -0.52748097419738726 -2.086452178955077 0.3636095563570656 -0.22149718383580078 -1.3034839698246548 -0.35921731789906824 -0.91069290190935137
leaf_weight=18 4.9999999999999991 3.9999999999999991 64 19 35 295 237 7.0000000000000009 9.9999999999999964 103 40 166 13.999999999999998 7.0000000000000009 5.0000000000000027 5.0000000000000027 3.0000000000000009 81 13.999999999999998 2.9999999999999991 15.999999999999998
leaf_count=18 5 4 64 19 35 295 237 7 10 103 40 166 14 7 5 5 3 81 14 3 16
internal_value=-0.00426243 0.468463 0.402488 0.354534 1.61466 0.164989 -0.277912 -0.156885 0.783145 -0.205695 -0.641656 -0.075448 -0.654322 1.96809 -0.390275 -1.1282 -0.492945 -0.299238 -1.50953 -0.959704 -0.819452
internal_weight=1151 422 417 413 54 359 729 547 27 520 182 403 117 14 120 62 13 99 19 43 21
internal_count=1151 422 417 413 54 359 729 547 27 520 182 403 117 14 120 62 13 99 19 43 21
is_linear=0
shrinkage=0.05


Tree=57
num_leaves=25
num_cat=0
split_feature=1 15 17 17 17 2 17 0 4 2 18 12 4 0 12 4 13 11 1 12 6 11 6 2
split_gain=59313.5 31258.2 96523.6 33922.4 51859 28401.5 14630.6 13012 11942.7 11086.6 10567.2 11607.7 9949.73 8873.39 12491.2 10232.3 7349.88 8640.96 4349.53 3866.73 2167.54 1967.39 1706.19 1285.66
threshold=32428.215000000004 310.07166666666677 26.866325291767748 36.558574581261283 61.652672243903865 2574.5000000000005 19.449397193969691 36248.000000000007 37162.000000000007 3299.5400000000004 24881.005000000008 302.35000000000008 35692.500000000007 41057.250000000007 369.50000000000006 36767.500000000007 19.085000000000004 449.50000000000006 26441.650000000001 450.50000000000006 73.500000000000014 18.755000000000003 86.500000000000014 17291.405000000002
decision_type=2 2 2 2 2 2 2 2 2 2 8 10 2 2 10 2 10 10 2 10 2 10 2 2
left_child=7 5 -3 9 -5 -2 -7 12 -8 -4 11 20 18 15 -15 -12 21 -18 23 -13 -9 -14 -20 -1
right_child=1 2 3 4 -6 6 8 10 -10 -11 13 19 16 14 -16 -17 17 -19 22 -21 -22 -23 -24 -25
leaf_value=-0.25442409197489424 3.8729694366455081 8.5576885700225827 0.15849728951087361 2.6718493423528145 0.59300689839654497 -3.8681778589884441 1.5216082096099854 -0.24088644186655681 -0.51335727044776691 -1.8364508215586346 0.044222268679342563 -0.86987107630286875 -0.40451904038588204 2.3499169468879706 -0.83584726333618153 -0.4487782307891619 -1.06042486871111 0.29896901754232558 0.88693402186036097 0.35326210508743922 1.1565169477784956 0.40269445828520339 -0.055743914097547531 -1.0750580978393554
leaf_weight=105 3.9999999999999991 3.9999999999999991 13.000000000000002 36 180 2.9999999999999991 7.9999999999999991 2.9999999999999991 73 14.999999999999998 211 14.000000000000002 18.000000000000004 7.9999999999999982 5 210 116 12.999999999999998 12.000000000000002 11.999999999999998 37 12.999999999999998 7.9999999999999991 4.9999999999999991
leaf_count=105 4 4 13 36 180 3 8 3 73 15 211 14 18 8 5 210 116 13 12 12 37 13 8 5
internal_value=0.00979825 0.566242 0.853517 0.727219 0.939481 -0.243351 -0.439366 -0.226867 -0.312373 -0.910225 -0.072326 0.517112 -0.493316 -0.161964 1.12462 -0.201692 -0.757306 -0.923432 -0.168404 -0.305348 1.05171 -0.0660102 0.509863 -0.291726
internal_weight=1126 336 248 244 216 88 84 790 81 28 500 66 290 434 13 421 160 129 130 26 40 31 20 110
internal_count=1126 336 248 244 216 88 84 790 81 28 500 66 290 434 13 421 160 129 130 26 40 31 20 110
is_linear=0
shrinkage=0.05


Tree=58
num_leaves=19
num_cat=0
split_feature=3 18 4 11 14 17 11 16 13 4 14 17 11 1 1 13 17 17
split_gain=75745.1 66765.9 28627.1 46669.1 27520.9 122809 25935 22028.3 20302 18248.6 17007.4 13242.8 9972.19 15600.9 13545.7 6901.28 3160.06 1245
threshold=0.90467304505513579 24508.980000000003 44735.000000000007 1069.0050000000003 325.50000000000006 20.496806664605945 1089.0050000000003 260.64714285714291 398.80000000000007 36337.500000000007 349.50000000000006 28.05309598461724 397.50000000000006 36420.100000000013 36349.840000000004 1.0000000180025095e-35 76.288236094253151 424.51163990344531
decision_type=2 10 2 10 8 2 10 2 10 2 10 2 10 2 2 10 2 2
left_child=4 -2 7 8 12 -6 9 -3 -4 -7 -8 -9 13 15 16 -1 -14 -5
right_child=1 2 3 17 5 6 10 11 -10 -11 -12 -13 14 -15 -16 -17 -18 -19
leaf_value=0.37918139124910039 8.4236798683802299 4.5547656436761228 3.1448985649163235 -0.42355113565921787 10.229882884025574 0.40225086721281217 0.30090850591659557 -2.301182746887207 0.34540412425994876 -0.27831444676456735 4.6750801849365224 0.34839434451367485 -0.60806994722003038 -3.2547648620605472 2.9053471565246585 -0.4903857132842358 0.076079256312791693 -1.4672810003161432
leaf_weight=24 2.9999999999999991 2.9999999999999991 34 9.9999999999999982 2.9999999999999991 174 3.9999999999999982 4.9999999999999991 7.9999999999999991 227 5 83 21 4.9999999999999991 3.9999999999999991 463 86 3.9999999999999991
leaf_count=24 3 3 34 10 3 174 4 5 8 227 5 83 21 5 4 463 86 4
internal_value=-0.00927364 1.03954 0.888845 1.77831 -0.164118 0.150322 0.076569 0.341485 2.61166 0.0169932 2.731 0.19785 -0.379481 -0.476061 0.0486012 -0.447532 -0.058193 -0.72176
internal_weight=1166 150 147 56 1016 413 410 91 42 401 9 88 603 492 111 487 107 14
internal_count=1166 150 147 56 1016 413 410 91 42 401 9 88 603 492 111 487 107 14
is_linear=0
shrinkage=0.05


Tree=59
num_leaves=30
num_cat=0
split_feature=3 18 14 0 11 4 12 6 6 17 15 18 17 1 4 4 6 14 15 3 4 4 0 3 3 17 7 18 7
split_gain=59980.3 36140.2 70630.7 73061.3 67068.7 56475.2 39751.4 33564.9 29206.7 26166.9 19838.3 19444 15303.1 12508.3 12369.9 8826.37 8684.91 6448.64 5782.86 4751.92 4182.99 3713.54 3361.46 2713.18 2429.82 2167.08 747.011 587.563 467.011
threshold=0.84507493451885518 26663.535000000007 325.50000000000006 35668.80000000001 325.50000000000006 42910.000000000007 299.51000000000005 73.500000000000014 77.500000000000014 33.33839905184886 322.565 36420.100000000013 19.953255025014467 25387.780000000002 35397.500000000007 35134.500000000007 82.500000000000014 274.48500000000007 567.33333333333337 0.91983642326932524 35865.000000000007 30732.500000000004 36593.400000000009 0.56447048214001005 0.67713070202968118 127.89482927563949 1.5000000000000002 22562.360000000004 3.5000000000000004
decision_type=2 10 10 2 8 2 10 2 2 2 2 10 2 2 2 2 2 8 2 2 2 2 2 2 2 2 2 10 2
left_child=13 2 3 -2 8 9 11 -8 -4 19 -11 -7 -5 17 15 21 18 25 -16 -3 -18 -15 -17 27 -25 26 -1 -19 -27
right_child=1 5 4 12 -6 6 7 -9 -10 10 -12 -13 -14 14 16 22 20 23 -20 -21 -22 -23 -24 24 -26 28 -28 -29 -30
leaf_value=-1.2776807198157678 8.1442482868830375 -1.2582865267992021 6.6348165512084849 -3.3515663941701259 10.88319206237793 1.7807482274139623 5.0474110722541816 0.30924552543121475 1.8262815725958597 -0.53862005670865376 0.70808812809678223 4.4094795703887941 0.3317213874072471 1.0011136154333751 0.06320973793334432 0.44910106509923919 -1.7927037477493286 -0.47953921683570916 -0.67581598937511445 0.35986139297485353 -0.44619059002639472 0.069753812193268469 1.7339030759675162 -0.082042355030775074 -0.58261697314737837 0.33050757249196372 -0.86194510087370879 -0.88415920859888986 -0.3898400147755941
leaf_weight=12.999999999999998 2.9999999999999991 49 4.0000000000000062 2.9999999999999991 2.9999999999999991 17.000000000000004 3.9999999999999991 57 14.999999999999998 54 78 11.999999999999998 47 11.999999999999998 225 8.0000000000000018 5.9999999999999991 17 30 4.9999999999999991 149 99 13.999999999999998 100 32 2.9999999999999991 64 19 8.9999999999999982
leaf_count=13 3 49 4 3 3 17 4 57 15 54 78 12 47 12 225 8 6 17 30 5 149 99 14 100 32 3 64 19 9
internal_value=0.0358373 0.580752 1.55403 0.565452 3.93559 0.316275 1.34448 0.619945 2.8386 -0.181244 0.198071 2.8685 0.110724 -0.203244 -0.0672274 0.351778 -0.203149 -0.490625 -0.0237345 -1.10846 -0.498314 0.170441 1.2667 -0.308328 -0.203394 -0.834735 -0.932134 -0.693089 -0.209753
internal_weight=1151 351 75 53 22 276 90 61 19 186 132 29 50 800 543 133 410 257 255 54 155 111 22 168 132 89 77 36 12
internal_count=1151 351 75 53 22 276 90 61 19 186 132 29 50 800 543 133 410 257 255 54 155 111 22 168 132 89 77 36 12
is_linear=0
shrinkage=0.05


Tree=60
num_leaves=20
num_cat=0
split_feature=1 13 11 2 3 14 14 6 11 15 11 3 13 16 6 14 16 1 6
split_gain=62396.4 33658.9 24066.5 20756.1 15469 14604.2 18006.7 18713.1 13403.9 10284.1 9905.97 9503.63 8918.15 1767.52 1668.59 1344.96 864.909 812.891 765.567
threshold=37340.865000000013 269.99000000000007 356.00000000000006 2872.6200000000003 0.92389411803651178 263.83500000000009 190.91000000000003 73.500000000000014 1225.5000000000002 626.03333333333342 515.00000000000011 0.89758317799639031 297.50000000000006 439.61428571428581 74.500000000000014 309.50000000000006 342.21428571428578 39918.625000000007 82.500000000000014
decision_type=2 10 10 2 2 8 10 2 10 2 10 2 10 2 2 10 2 2 2
left_child=3 17 13 4 -1 6 7 -5 9 -7 12 -8 -4 -3 -12 -6 -17 18 -2
right_child=1 2 10 5 15 8 11 -9 -10 -11 14 -13 -14 -15 -16 16 -18 -19 -20
leaf_value=3.9164617919921847 0.33553179204463968 -0.4922096037864685 2.1754310417175264 3.5081451088190079 -0.26183346112569178 -0.019823249394768011 -0.7456706616089499 -0.029716185362715471 2.5325875473022461 -0.73857693958957249 1.0183098395665489 -2.9643967056274416 4.6887999057769774 1.0429434935251869 2.4010332584381104 0.6610147863626481 1.656525293986002 -0.96628520011901831 -0.64271087944507588
leaf_weight=5.0000000000000027 3.9999999999999982 5 5.0000000000000062 3.9999999999999991 2.9999999999999991 816 139 57 4.9999999999999991 53 2.9999999999999991 4.9999999999999991 11.999999999999998 3 7.9999999999999991 7.9999999999999982 3 5 4
leaf_count=5 4 5 5 4 3 816 139 57 5 53 3 5 12 3 8 8 3 5 4
internal_value=-0.0311428 1.71456 2.50205 -0.109048 1.52918 -0.137895 -0.517714 0.202275 -0.0488071 -0.0636598 3.19307 -0.82271 3.94957 0.0834728 2.02393 0.676585 0.932518 -0.466165 -0.15359
internal_weight=1147 49 36 1098 19 1079 205 61 874 869 28 144 17 8 11 14 11 13 8
internal_count=1147 49 36 1098 19 1079 205 61 874 869 28 144 17 8 11 14 11 13 8
is_linear=0
shrinkage=0.05


Tree=61
num_leaves=24
num_cat=0
split_feature=2 16 4 18 15 7 4 0 17 4 14 15 18 13 18 15 2 12 6 13 12 17 13
split_gain=46463.4 61085 27618.9 58756.6 24268.5 22665.7 22649.1 34306.1 184645 17636 15639.1 13371 12601.5 11514.6 8668.35 7792.16 12414.2 6078.85 2462.54 1534.8 1080.81 874.016 378.532
threshold=2872.6200000000003 320.01857142857148 44395.000000000007 35252.305000000008 323.99833333333339 5.5000000000000009 38137.000000000007 38336.700000000004 30.644416415437551 42910.000000000007 335.50000000000006 316.33333333333343 32699.575000000004 19.085000000000004 33213.600000000006 663.26166666666677 4107.9650000000011 397.50000000000006 82.500000000000014 371.75000000000006 295.55000000000007 424.51163990344531 359.50000000000006
decision_type=2 2 2 10 2 2 2 2 2 2 10 2 10 10 10 2 2 10 2 8 10 2 8
left_child=1 4 6 15 -1 14 7 10 -9 13 -2 18 -11 -8 20 16 -4 -13 -5 -16 -3 22 -7
right_child=2 5 3 11 -6 21 9 8 -10 12 -12 17 -14 -15 19 -17 -18 -19 -20 -21 -22 -23 -24
leaf_value=3.245847225189209 -0.25100666701282359 1.5091755151748631 -3.4929134051005044 0.026525276899337747 9.1949254353841123 -0.686660334799025 0.097885164877642761 13.235869471232096 0.54400671685580171 0.86661922727760521 0.3186161681029358 4.0894645373026526 -0.36378910586885782 -0.76343099309371842 3.1055298487345389 2.2448704401652022 -0.15808783944696189 2.3101200819015504 1.9215739250183099 2.0476443171501155 0.56013526121775314 -1.3779599666595459 -0.038130406538645412
leaf_weight=3.9999999999999991 408 4.0000000000000062 2.9999999999999991 4.0000000000000027 3 8.9999999999999964 46 2.9999999999999991 64 38 171 12.000000000000002 46 248 5.9999999999999973 2.9999999999999991 40 7.9999999999999991 3 8 11.999999999999998 3.9999999999999991 3.0000000000000009
leaf_count=4 408 4 3 4 3 9 46 3 64 38 171 12 46 248 6 3 40 8 3 8 12 4 3
internal_value=-0.00186251 1.44405 -0.0717197 0.867914 5.79545 0.78188 -0.138705 0.0411713 1.1123 -0.446114 -0.0827761 2.71946 0.192824 -0.628667 1.59242 -0.218862 -0.39075 3.37773 0.838689 2.50102 0.797395 -0.737886 -0.524528
internal_weight=1150 53 1097 73 7 46 1024 646 67 378 579 27 84 294 30 46 43 20 7 14 16 16 12
internal_count=1150 53 1097 73 7 46 1024 646 67 378 579 27 84 294 30 46 43 20 7 14 16 16 12
is_linear=0
shrinkage=0.05


Tree=62
num_leaves=23
num_cat=0
split_feature=1 0 13 17 17 14 0 3 4 4 4 2 2 0 15 15 13 0 0 13 13 14
split_gain=48819.1 34388 24385.2 23455.9 61710 24585.1 13692.8 8085.86 6670.48 12618 6952.08 9858.98 9040.04 2731.23 2593.92 2462.84 531.868 847.695 722.55 501.52 330.837 300.492
threshold=31619.575000000001 35461.950000000004 230.02500000000003 18.397587654077036 19.731359005534404 318.50000000000006 40622.200000000004 0.54875589111425105 35397.500000000007 35134.500000000007 42910.000000000007 12031.635000000002 10381.185000000001 36593.400000000009 328.33333333333343 281.50000000000006 299.51000000000005 34933.400000000009 33141.100000000013 282.04500000000002 183.52500000000003 300.50000000000006
decision_type=2 2 8 2 2 10 2 2 2 2 2 2 2 2 2 2 10 2 2 10 10 8
left_child=7 14 6 5 -5 -4 -3 16 9 15 12 -12 -10 -11 -2 -9 18 -18 20 -20 -1 -19
right_child=1 2 3 4 -6 -7 -8 8 10 13 11 -13 -14 -15 -16 -17 17 21 19 -21 -22 -23
leaf_value=-0.87867808341979969 3.1546936511993411 5.9353748321533208 -0.19785892486572265 6.5687568992376333 0.32756307799352014 -5.9232568422953271 1.1582103411356603 0.37213529485922597 -0.22386602098579114 0.42484765733991331 -0.19818174236653641 1.5147744953632356 -0.77586393216715277 1.6498673118077793 5.2339241027832024 -0.14374381587973664 0.23856901923815382 -0.47279822528362286 -0.96845065090391358 -1.6667261123657227 -0.53137773126363752 -0.92137616021292534
leaf_weight=12.000000000000002 2.9999999999999991 2.9999999999999991 5 3.9999999999999991 402 3 3 26 265 7.0000000000000027 28 11.999999999999998 103 12.999999999999998 3 210 3.0000000000000027 7.9999999999999973 18.000000000000004 2.9999999999999991 15.999999999999998 7.0000000000000009
leaf_count=12 3 3 5 4 402 3 3 26 265 7 28 12 103 13 3 210 3 8 18 3 16 7
internal_value=0.0103279 0.435782 0.382088 0.336223 0.389053 -2.34488 3.54679 -0.237611 -0.184787 0.0152794 -0.310319 0.315705 -0.378365 1.22111 4.19431 -0.0869097 -0.761116 -0.528684 -0.846499 -1.0682 -0.680221 -0.682135
internal_weight=1157 426 420 414 406 8 6 731 664 256 408 40 368 20 6 236 67 18 49 21 28 15
internal_count=1157 426 420 414 406 8 6 731 664 256 408 40 368 20 6 236 67 18 49 21 28 15
is_linear=0
shrinkage=0.05


Tree=63
num_leaves=26
num_cat=0
split_feature=3 0 15 12 15 12 18 0 6 7 0 18 15 3 4 8 12 16 13 3 16 3 3 0 12
split_gain=40695.1 26243 29099.9 23269.6 57863.1 23631.5 24758 20383.1 18597.1 14413.7 16587.2 20875.4 24592.2 16149.7 16107 13206.1 22415.6 10526.7 10158.7 7311.31 7279.18 6478.8 5861.65 1330.84 537.254
threshold=0.89684079943224571 41499.100000000013 699.08333333333337 389.50000000000006 334.73333333333341 273.50000000000006 29988.645000000004 41680.400000000001 73.500000000000014 2.5000000000000004 36701.200000000004 29348.440000000006 323.16666666666669 0.89071224103961766 44395.000000000007 4.5000000000000009 299.51000000000005 505.3857142857143 385.50000000000006 0.78277506745173298 323.78571428571433 0.76850685132491237 0.96839883296246421 39907.100000000006 319.50000000000006
decision_type=2 2 2 10 2 10 10 2 2 2 2 8 2 2 2 2 10 2 10 2 2 2 2 2 10
left_child=9 3 7 5 -5 6 -2 -3 -7 10 18 12 -12 15 -13 19 -17 -6 21 -11 24 -1 -9 -22 -15
right_child=1 2 -4 4 17 8 -8 22 -10 13 11 14 -14 20 -16 16 -18 -19 -20 -21 23 -23 -24 -25 -26
leaf_value=-0.62245806972770135 -1.9014061609903974 7.8047733306884801 -0.68582860827445991 7.4447566509246759 -0.086188910404841085 3.6403766036033631 1.5134682694207067 1.194311952590942 -0.36599892228841785 -0.52880768379174092 0.60987945178692993 -0.15859653377419067 3.022763192653656 -2.7069019953409801 1.5563298694292707 2.236696042235081 -0.0058774950770804522 2.1759231037563747 -3.2554620742797855 -0.13127975868475106 -1.3510887463887533 0.1362439701954524 4.3199179331461579 -0.13506719668706257 -3.6531702677408848
leaf_weight=68 5.9999999999999991 2.9999999999999982 3.9999999999999991 4.0000000000000027 12.000000000000002 2.9999999999999991 46 3 84 249 88 157 11.999999999999998 3.0000000000000027 14.999999999999998 12.999999999999998 78 8.9999999999999982 2.9999999999999991 216 8.9999999999999982 48 3 2.9999999999999991 3
leaf_count=68 6 3 4 4 12 3 46 3 84 249 88 157 12 3 15 13 78 9 3 216 9 48 3 3 3
internal_value=0.00324689 0.70017 2.86259 0.528758 1.93312 0.276175 1.11944 4.43967 -0.227848 -0.124583 0.10955 0.324955 0.899426 -0.28407 -0.009039 -0.236351 0.31449 0.883288 -0.382805 -0.34415 -1.75807 -0.308512 2.75711 -1.04708 -3.18004
internal_weight=1142 177 13 164 25 139 52 9 87 965 391 272 100 574 172 556 91 21 119 465 18 116 6 12 6
internal_count=1142 177 13 164 25 139 52 9 87 965 391 272 100 574 172 556 91 21 119 465 18 116 6 12 6
is_linear=0
shrinkage=0.05


Tree=64
num_leaves=21
num_cat=0
split_feature=1 15 7 11 4 4 17 4 14 1 8 16 1 4 12 11 12 13 11 13
split_gain=39885.5 26369.3 22120.2 22142.5 22700.5 96328 13379.6 12936.5 12365.6 11464.8 9787.37 9938.16 8435.65 7922.14 7083.55 3867.72 3838.45 2690.85 969.451 556.711
threshold=37340.865000000013 372.36166666666679 2.5000000000000004 1107.0000000000002 36337.500000000007 36212.500000000007 68.327381020796125 42910.000000000007 333.50000000000006 37058.325000000004 4.5000000000000009 314.86714285714294 37530.255000000012 42910.000000000007 439.00000000000006 279.93000000000006 268.46000000000009 1474.5000000000002 1499.5000000000002 400.50000000000006
decision_type=2 2 2 10 2 2 2 2 10 2 2 2 2 2 10 10 8 10 10 10
left_child=2 7 3 4 5 -1 -6 -2 17 10 13 -12 -9 -4 -5 -11 -14 18 -3 -10
right_child=1 8 9 14 6 -7 -8 12 19 15 11 -13 16 -15 -16 -17 -18 -19 -20 -21
leaf_value=0.17183377800184652 -0.18992714285850504 -1.3582370917002322 -0.43923800307517508 4.7953931172688806 -0.57362891483788547 4.3264215290546417 0.11393556191075234 5.7779242197672529 2.2776457977294924 -3.7300146102905276 -0.52946887649595742 0.5442462038389887 3.3070894718170174 0.089229998202884908 1.581332993507385 -1.1910786310831702 1.2678922335306797 0.78080764532089242 -0.36108691371404206 1.5315150642395017
leaf_weight=109 3.0000000000000027 3.000000000000008 428 2.9999999999999991 99 15.999999999999998 248 2.9999999999999991 4.9999999999999982 2.9999999999999991 32 66 9.9999999999999964 85 4 3 3.0000000000000009 4.9999999999999991 13 5
leaf_count=109 3 3 428 3 99 16 248 3 5 3 32 66 10 85 4 3 3 5 13 5
internal_value=-0.0246465 1.35639 -0.0876501 0.167288 0.125889 0.703621 -0.0822284 2.82308 0.457452 -0.285568 -0.26421 0.193645 3.38802 -0.351675 2.95879 -2.46055 2.83651 -0.231657 -0.548053 1.90458
internal_weight=1146 50 1096 479 472 125 347 19 31 617 611 98 16 513 7 6 13 21 16 10
internal_count=1146 50 1096 479 472 125 347 19 31 617 611 98 16 513 7 6 13 21 16 10
is_linear=0
shrinkage=0.05


Tree=65
num_leaves=21
num_cat=0
split_feature=3 16 13 18 2 14 17 0 18 1 11 13 4 1 0 3 2 11 14 13
split_gain=28904.7 18820.5 21317.8 25256.8 21224.1 17092.9 87445.6 14336.4 22035.7 11602.9 8194.52 16937.1 7242.92 6490.49 6420.36 6271.82 5814.42 3855.57 1218.82 408.966
threshold=0.90467304505513579 304.45214285714292 299.01000000000005 30997.080000000005 3687.8050000000003 325.50000000000006 20.496806664605945 36948.100000000006 30198.275000000005 36420.100000000013 400.50000000000006 270.50000000000006 35692.500000000007 36146.310000000005 40950.80000000001 0.91252564406869963 3724.8350000000005 396.50000000000006 289.50000000000006 398.80000000000007
decision_type=2 2 8 8 2 8 2 2 10 2 10 8 2 2 2 2 2 8 10 10
left_child=5 2 3 -2 10 9 -7 12 -9 13 15 -12 -8 16 -6 -3 -1 -11 -5 -4
right_child=1 4 19 18 14 6 7 8 -10 17 11 -13 -14 -15 -16 -17 -18 -19 -20 -21
leaf_value=-1.8314905166625977 7.4971687316894622 -1.0413428647177561 -0.52386785348256404 1.2519375960032137 1.6991085211435957 8.6258901000022892 -0.091245782888063828 0.74693403475621878 -0.14025828409270427 -3.0366063880920411 -0.12579880741334731 1.5270145177841188 -0.84240397944742329 1.7379626683890821 4.9702845255533843 0.1559699788093567 -0.26693828713912582 -0.76928116480509401 2.5851464748382562 0.30172880291938775
leaf_weight=5.9999999999999991 2.9999999999999956 13.999999999999998 3.0000000000000009 3.0000000000000009 2.9999999999999991 2.9999999999999991 93 129 153 4.9999999999999991 31 31 49 3.9999999999999991 3 50 578 3.0000000000000009 4 3
leaf_count=6 3 14 3 3 3 3 93 129 153 5 31 31 49 4 3 50 578 3 4 3
internal_value=-0.0275169 0.625588 2.24509 3.65879 0.429285 -0.122003 0.119459 0.059272 0.265585 -0.294997 0.290932 0.700608 -0.350448 -0.269264 3.3347 -0.105942 -0.283012 -2.18636 2.01377 -0.11107
internal_weight=1171 148 16 10 132 1023 427 424 282 596 126 62 142 588 6 64 584 8 7 6
internal_count=1171 148 16 10 132 1023 427 424 282 596 126 62 142 588 6 64 584 8 7 6
is_linear=0
shrinkage=0.05


Tree=66
num_leaves=25
num_cat=0
split_feature=3 16 12 17 4 0 16 11 0 13 13 4 13 1 3 1 12 3 13 11 0 13 11 6
split_gain=34658.4 22988.1 48401.2 15645.9 14050.3 28200.1 128768 19737.1 15258.7 21745 12164.5 19896.3 12100 20577.5 10968.8 9971.65 9710.59 10171.8 8805.12 5123.08 3084.3 1198.39 552.033 349.98
threshold=0.90467304505513579 304.45214285714292 310.92500000000007 28.05309598461724 38137.000000000007 38450.750000000007 322.87142857142857 1040.0000000000002 41322.55000000001 309.50000000000006 259.50000000000006 44735.000000000007 283.59500000000008 33701.160000000011 0.89684079943224571 37442.660000000011 397.50000000000006 0.89134649716447967 290.60000000000008 258.08500000000009 39012.650000000001 299.51000000000005 250.50000000000003 85.500000000000014
decision_type=2 2 8 2 2 2 2 10 2 10 10 2 8 2 2 2 10 2 8 8 2 8 10 2
left_child=4 2 15 21 5 12 -7 8 14 -10 20 -12 13 -1 -6 22 -9 -18 -14 -8 -5 -3 -2 -17
right_child=1 3 -4 10 7 6 19 16 9 -11 11 -13 18 -15 -16 23 17 -19 -20 -21 -22 -23 -24 -25
leaf_value=0.30970000216426952 0.11484062075614926 -2.2658729553222656 6.5709880828857425 -2.2178733189900717 -0.44341021553349141 11.238257026672365 2.075367612838745 3.8949102401733358 3.3535301526387538 0.025793083067293523 0.36415049449817555 1.8730278953429194 -1.1278137066147544 3.969861936569214 -2.0480184294960715 2.8513085047403974 0.12771123697360356 3.382797431945801 -0.10184044930335337 0.38439302396375774 -0.38994527220726016 -1.0419512748718256 -0.71584664185841862 2.0875682195027667
leaf_weight=96 6.0000000000000018 3.9999999999999991 4.9999999999999991 2.9999999999999991 335 2.9999999999999991 4.9999999999999991 3.0000000000000027 5.9999999999999991 27 74 31 22 3.9999999999999991 10.999999999999998 2.9999999999999991 11.999999999999998 2.9999999999999991 423 43 9.9999999999999982 4.0000000000000009 3 3
leaf_count=96 6 4 5 3 335 3 5 3 6 27 74 31 22 4 11 3 12 3 423 43 10 4 3 3
internal_value=0.0165874 0.735888 2.31065 0.485926 -0.0891708 0.0643301 1.18864 -0.319616 -0.396446 0.630836 0.630999 0.809629 -0.0408803 0.456106 -0.494424 0.890542 1.29809 0.778728 -0.152563 0.560536 -0.811775 -1.65391 -0.162055 2.46944
internal_weight=1139 146 20 126 993 596 51 397 379 33 118 105 545 100 346 15 18 15 445 48 13 8 9 6
internal_count=1139 146 20 126 993 596 51 397 379 33 118 105 545 100 346 15 18 15 445 48 13 8 9 6
is_linear=0
shrinkage=0.05


Tree=67
num_leaves=21
num_cat=0
split_feature=2 0 0 3 17 13 18 13 3 15 14 3 3 16 15 4 0 2 16 17
split_gain=30346.1 35052.8 18262.2 14322.9 68506.8 37505.4 13227.1 11062.9 7835.29 7671.14 10410.2 5831.86 7676.81 4968.9 4855.72 4545.74 3168.94 1909.22 322.121 145.194
threshold=2872.6200000000003 36835.30000000001 36666.450000000004 0.85771878517292899 19.953255025014467 245.90000000000003 21050.985000000004 269.49000000000007 0.85588350270980251 348.50000000000006 329.50000000000006 0.91252564406869963 0.87681346787722803 342.61214285714294 372.36166666666679 39052.500000000007 36446.500000000007 3048.6250000000005 463.78571428571428 414.98696412470838
decision_type=2 2 2 2 2 10 8 10 2 2 10 2 2 2 2 2 2 2 2 2
left_child=1 -1 11 6 -5 -6 13 18 -8 10 -9 12 15 -4 -11 -2 -14 -13 -3 -20
right_child=2 7 3 4 5 -7 8 9 -10 14 -12 17 16 -15 -16 -17 -18 -19 19 -21
leaf_value=6.3991339047749847 -0.31530647559137437 -0.82377785841623941 0.9067646717323975 7.9873316605885822 5.9120784123738614 0.27406129213896663 -0.049912332495439249 1.7291153709093725 -1.7348075023719245 3.2201814492543521 -0.35356832742691041 0.24149703383445736 -1.3536635909080506 3.1139051437377931 1.4519077214327725 0.6759823799133301 -0.15006114414760047 1.7863350391387938 -0.53591686487197876 -0.1280348151922226
leaf_weight=2.9999999999999991 319 2.9999999999999991 17.000000000000004 2.9999999999999991 2.9999999999999991 176 483 12.000000000000002 6.9999999999999991 6.0000000000000027 11.999999999999998 4 25 2.9999999999999991 10.999999999999998 11.999999999999998 6.9999999999999991 4 2.9999999999999991 7.9999999999999991
leaf_count=3 319 3 17 3 3 176 483 12 7 6 12 4 25 3 11 12 7 4 3 8
internal_value=0.0223724 1.13608 -0.0383944 0.11335 0.494137 0.368553 -0.0225384 0.849005 -0.0739823 1.26338 0.687774 -0.321433 -0.350862 1.23784 2.076 -0.279369 -1.09038 1.01392 -0.364526 -0.239275
internal_weight=1121 58 1063 692 182 179 510 55 490 41 24 371 363 20 17 331 32 8 14 11
internal_count=1121 58 1063 692 182 179 510 55 490 41 24 371 363 20 17 331 32 8 14 11
is_linear=0
shrinkage=0.05


Tree=68
num_leaves=18
num_cat=0
split_feature=3 1 18 2 11 14 2 16 11 4 0 1 11 3 14 2 3
split_gain=25191.8 47798.9 36108.4 18661.3 20487.4 15395 14785.7 12357.8 11246.3 11824.4 10674.7 8646.31 8088.53 5874.72 5825.73 3522.05 652.063
threshold=0.90467304505513579 37214.820000000014 24729.860000000004 3448.6950000000002 394.83500000000009 263.83500000000009 3090.4550000000004 320.01857142857148 1040.0000000000002 38137.000000000007 39602.950000000004 36420.100000000013 424.50000000000006 0.89134649716447967 196.78500000000003 3601.4650000000006 0.8989492713314281
decision_type=2 2 10 2 10 8 2 2 10 2 2 2 8 2 10 2 2
left_child=1 5 -2 6 15 11 7 -4 9 -7 -6 14 -8 -10 -1 -5 -13
right_child=2 -3 3 4 10 8 12 -9 13 -11 -12 16 -14 -15 -16 -17 -18
leaf_value=0.011469605968644221 6.0237435022989914 6.1899781227111816 2.3391517639160155 0.48265908161799054 0.72864945888519239 0.069852391874599393 -0.40288881212472916 0.37695774411832966 0.78882899591699229 -0.35159070744402404 3.4784228116273881 -2.9145616531372074 -3.1180981953938804 3.1999545733133954 -0.62403579494048822 -1.9401680946350091 -1.8720780690511063
leaf_weight=48 2.9999999999999991 2.9999999999999991 8.9999999999999982 3.0000000000000027 5.0000000000000027 533 32 74 16.000000000000004 242 11.999999999999998 2.9999999999999991 2.9999999999999991 2.9999999999999991 145 3 3
leaf_count=48 3 3 9 3 5 533 32 74 16 242 12 3 3 3 145 3 3
internal_value=-0.022433 -0.111804 0.595719 0.480229 1.78312 -0.130843 0.226275 0.589726 -0.0322827 -0.0617466 2.66967 -0.524093 -0.635621 1.16953 -0.465983 -0.728755 -2.39332
internal_weight=1140 996 144 141 23 993 118 83 794 775 17 199 35 19 193 6 6
internal_count=1140 996 144 141 23 993 118 83 794 775 17 199 35 19 193 6 6
is_linear=0
shrinkage=0.05


Tree=69
num_leaves=20
num_cat=0
split_feature=1 17 17 8 13 0 4 0 18 4 3 13 13 1 4 18 13 15 12
split_gain=20973.7 23450.7 45714 22533.3 19272.4 23215.7 15519.3 10620.3 8507.45 6816.35 4967.56 6676.8 4417.62 4412.05 3459.29 2711.33 1529.88 275.489 37.9429
threshold=30793.675000000007 18.397587654077036 18.984924113714069 4.5000000000000009 230.02500000000003 40300.850000000006 36349.500000000007 40813.30000000001 29106.380000000001 38272.500000000007 0.83324009477560035 359.50000000000006 1.0000000180025095e-35 29621.715000000004 42910.000000000007 27215.530000000002 284.87000000000006 320.66666666666669 398.80000000000007
decision_type=2 2 2 2 8 2 2 2 8 2 2 8 10 2 2 10 10 2 10
left_child=7 3 -3 16 5 -4 -6 9 17 10 13 -12 15 -1 -14 -11 -2 -9 -10
right_child=1 2 4 -5 6 -7 -8 8 18 12 11 -13 14 -15 -16 -17 -18 -19 -20
leaf_value=-0.15043126016709152 -1.5517239252726243 6.4429141044616705 6.1616350809733058 -5.7403618176778144 0.94532556196133943 0.59797430038452137 0.095306364947203043 1.7833200216293346 -0.46376125415166192 0.57824067115783684 -0.50358312506424752 -3.0417956670125328 -0.63338463186071481 0.2837000374070236 0.011425679425398509 -0.67937876780827844 -0.12349650382995603 2.3400287628173824 -0.21228926479816435
leaf_weight=357 2.9999999999999982 2.9999999999999991 3 3 62 5 401 3.9999999999999964 3.0000000000000009 15.000000000000002 19.000000000000004 2.9999999999999991 156 70 24 5.9999999999999991 5 5 3
leaf_count=357 3 3 3 3 62 5 401 4 3 15 19 3 156 70 24 6 5 5 3
internal_value=-0.0126363 0.237398 0.290362 -2.04489 0.251174 2.68435 0.209132 -0.194992 1.12035 -0.225346 -0.117012 -0.849703 -0.467346 -0.0792622 -0.54741 0.218921 -0.659082 2.0926 -0.338025
internal_weight=1150 485 474 11 471 8 463 665 15 650 449 22 201 427 180 21 8 9 6
internal_count=1150 485 474 11 471 8 463 665 15 650 449 22 201 427 180 21 8 9 6
is_linear=0
shrinkage=0.05


Tree=70
num_leaves=25
num_cat=0
split_feature=2 16 3 0 13 3 14 18 7 18 18 4 13 14 16 2 14 13 6 14 1 14 18 6
split_gain=27934.6 34601.6 18791.9 14547.2 12109.6 27071.4 12705.6 13051.6 12001.4 9167.53 8239.65 6262.81 4799.6 4233.8 3389.57 2930.48 2397.19 1131.24 1121.45 873.488 840.344 824.723 517.852 437.697
threshold=2872.6200000000003 327.22571428571428 0.96667942604169388 35778.400000000009 244.50000000000003 0.8485825663289922 263.83500000000009 30668.795000000002 5.5000000000000009 35222.85500000001 33213.600000000006 33305.000000000007 380.50000000000006 200.87500000000003 123.48642857142859 13983.720000000003 433.72000000000008 19.190000000000001 79.500000000000014 285.50000000000006 27399.000000000004 297.50000000000006 25720.160000000003 79.500000000000014
decision_type=2 2 2 2 8 2 8 10 2 8 10 2 8 10 2 2 10 8 2 8 2 10 10 2
left_child=1 2 -1 11 5 9 13 -8 10 -5 18 15 -12 -6 17 20 -16 -13 -3 -10 -2 -4 -17 -21
right_child=3 8 21 4 6 -7 7 -9 19 -11 12 14 -14 -15 16 22 -18 -19 -20 23 -22 -23 -24 -25
leaf_value=7.0834905624389668 0.18698690225338113 0.74446763396263094 1.8836558818817135 0.18032101555304089 -0.069164138535658518 5.5604826609293623 0.31991103683420691 -0.11792800559467678 -1.2179413616657264 3.1267380396525066 3.5009877204895035 0.080908574536442748 1.4194081995222303 -0.63278641789809043 -0.70919846391135999 -0.2138043597340584 0.1821615606546402 -0.68667729695638025 -0.1221163034439087 -0.53911048571268727 0.76582285463809974 2.9803421656290681 -0.65610834492577452 0.15826312502225232
leaf_weight=2.9999999999999982 29 8.0000000000000018 4 22.000000000000007 54 2.9999999999999991 346 335 3.9999999999999973 2.9999999999999991 3.9999999999999973 24.000000000000004 9 87 132 25 7.9999999999999991 5.9999999999999991 6.9999999999999991 8.9999999999999982 7.9999999999999991 3 8.9999999999999982 3.0000000000000009
leaf_count=3 29 8 4 22 54 3 346 335 4 3 4 24 9 87 132 25 8 6 7 9 8 3 9 3
internal_value=0.00763794 1.11772 3.77261 -0.0473064 0.0499115 1.07245 0.0150804 0.104528 0.514331 0.533891 1.13856 -0.390191 2.05989 -0.416931 -0.554913 0.00421294 -0.658264 -0.0726086 0.340062 -0.578061 0.312141 2.35366 -0.330885 -0.364767
internal_weight=1145 54 10 1091 850 28 822 681 44 25 28 241 13 141 170 71 140 30 15 16 37 7 34 12
internal_count=1145 54 10 1091 850 28 822 681 44 25 28 241 13 141 170 71 140 30 15 16 37 7 34 12
is_linear=0
shrinkage=0.05


Tree=71
num_leaves=22
num_cat=0
split_feature=1 3 12 0 4 16 1 13 4 11 3 3 3 7 11 4 13 13 0 13 3
split_gain=21799.6 26500.3 13163.2 10244.9 12752.4 17795.6 38625.4 14932.1 13382.4 9739.15 8185.3 7568.03 6659.65 6207.42 5435.54 3248.93 2321.86 2083.3 1803.98 1471.05 233.072
threshold=37214.820000000014 0.90837077025419899 309.50000000000006 36373.55000000001 39497.500000000007 321.17142857142863 33770.875000000007 239.50000000000003 43067.500000000007 258.08500000000009 0.91252564406869963 0.87856858752736289 0.96962000981229768 1.5000000000000002 310.92500000000007 39052.500000000007 665.79500000000007 319.50000000000006 36328.80000000001 299.51000000000005 0.94727940353233209
decision_type=2 2 10 2 2 2 2 10 2 8 2 2 2 2 8 2 8 10 2 10 2
left_child=3 -2 12 10 5 6 -5 -6 -9 -7 11 15 17 20 -12 -1 -15 -3 -16 -13 -4
right_child=1 2 13 4 7 9 -8 8 -10 -11 14 19 -14 16 18 -17 -18 -19 -20 -21 -22
leaf_value=-0.28785723810202923 5.5326421521604061 1.6103549718856798 1.7365784327189129 0.54167494366669822 3.329016526540121 2.2745397663116456 4.2038576602935791 -0.47496878636778944 0.19237369178998762 0.052298740222839646 2.9202982266743995 -1.5934177041053768 0.090346336364746094 -0.50456417593218028 1.0716387510299679 0.44351264722645284 0.69432904958724984 2.7514351069927216 -0.55033877690633115 -0.74778511259290914 1.1535717725753782
leaf_weight=298 2.9999999999999991 8.0000000000000053 2.9999999999999991 72 2.9999999999999991 4.9999999999999991 7.9999999999999991 193 123 354 2.9999999999999973 12.000000000000002 4.9999999999999991 21.000000000000004 4.0000000000000009 15.999999999999998 4.9999999999999991 7.9999999999999991 3 8.9999999999999982 4
leaf_count=298 3 8 3 72 3 5 8 193 123 354 3 12 5 21 4 16 5 8 3 9 4
internal_value=0.00517401 0.958663 0.704553 -0.0440997 0.0587044 0.233526 0.907893 -0.181881 -0.215212 0.0832492 -0.269971 -0.312049 1.68315 0.0818127 1.13964 -0.25059 -0.274008 2.1809 0.376506 -1.231 1.40343
internal_weight=1160 57 54 1103 758 439 80 319 316 359 345 335 21 33 10 314 26 16 7 21 7
internal_count=1160 57 54 1103 758 439 80 319 316 359 345 335 21 33 10 314 26 16 7 21 7
is_linear=0
shrinkage=0.05


Tree=72
num_leaves=21
num_cat=0
split_feature=3 18 12 14 15 16 12 2 1 6 1 6 14 15 5 2 16 12 13 0
split_gain=26099.1 29723.7 24302 14822.7 12439.5 11228.7 11416 10704.3 10425.7 9700.95 7799.95 10167.8 6625.63 10828.9 7044.08 5883.44 4870.85 3341.79 2731.75 2322.49
threshold=0.90467304505513579 24508.980000000003 282.80000000000007 319.50000000000006 340.75666666666666 250.65428571428575 1040.0000000000002 4234.3450000000003 36659.405000000006 75.500000000000014 25575.665000000005 85.500000000000014 340.50000000000006 326.73666666666674 20.500000000000004 4088.4400000000005 342.61214285714294 285.26000000000005 329.50000000000006 41257.100000000006
decision_type=2 10 10 10 2 2 10 2 2 2 2 2 10 2 2 2 2 8 10 2
left_child=7 -2 3 16 -5 -4 -7 12 10 -10 18 -12 14 -14 19 -15 -3 -16 -9 -1
right_child=1 2 5 4 -6 6 -8 8 9 -11 11 -13 13 15 17 -17 -18 -19 -20 -21
leaf_value=-1.4050582772741713 5.5253589312235514 1.8769619717317465 3.0395864336440965 -0.47265996060201099 1.5145585033628677 -0.24461358527674582 1.6270093388027616 -0.39134009712534712 4.0272998174031578 0.0063235918680826803 0.10332625393820523 -0.39923197812721378 -1.5640193009376528 0.22725313305854794 -1.4910996596018482 3.1564205805460603 3.5340135097503662 0.46571777286007993 -0.033336436665720413 -2.8806390285491945
leaf_weight=24.000000000000004 2.9999999999999991 17.000000000000004 2.9999999999999991 13.999999999999998 18 86 8.9999999999999982 205 2.9999999999999991 3 575 122 4.9999999999999982 4 2.9999999999999973 3 5.9999999999999991 8 72 2.9999999999999991
leaf_count=24 3 17 3 14 18 86 9 205 3 3 575 122 5 4 3 3 6 8 72 3
internal_value=-0.00616532 0.596528 0.499884 1.34104 0.64515 0.0278069 -0.0673019 -0.0974471 -0.0610385 2.01681 -0.0738384 0.0153605 -0.811054 0.213181 -1.1345 1.48261 2.30924 -0.0679597 -0.298285 -1.56901
internal_weight=1186 156 153 55 32 98 95 1030 980 6 974 697 50 12 38 7 23 11 277 27
internal_count=1186 156 153 55 32 98 95 1030 980 6 974 697 50 12 38 7 23 11 277 27
is_linear=0
shrinkage=0.05


Tree=73
num_leaves=24
num_cat=0
split_feature=3 18 12 14 16 4 1 3 15 0 14 12 0 13 3 18 18 1 3 0 0 14 14
split_gain=17243.8 27685.8 18876.9 13493.7 13045.6 12013.9 25325.2 93335.7 18297.5 10818 14438.8 8664.32 8262.12 9766.28 9244.18 6956.54 6793.98 6744.98 6219.3 5936.88 2978.57 755.29 728.001
threshold=0.90467304505513579 24508.980000000003 292.15500000000003 319.50000000000006 337.71357142857147 38137.000000000007 33770.875000000007 0.87975548448597574 318.00333333333339 36919.950000000004 333.50000000000006 1115.5000000000002 41322.55000000001 459.50000000000006 0.89758317799639031 33027.74500000001 31959.290000000005 36146.310000000005 0.8777963782469772 41214.750000000007 40300.850000000006 352.50000000000006 279.25000000000006
decision_type=2 10 10 10 2 2 2 2 2 2 10 10 2 10 2 10 10 2 2 2 2 8 10
left_child=5 -2 3 20 -5 6 9 -8 -9 18 -11 15 14 16 17 -4 -14 -7 -1 -16 -3 -13 -15
right_child=1 2 11 4 -6 12 7 8 -10 10 -12 21 13 22 19 -17 -18 -19 -20 -21 -22 -23 -24
leaf_value=-0.14768161093878668 5.2490907986958826 1.3912915880029848 0.05064001375774168 -1.3172927975654602 0.99163313917815687 -0.35198579042792855 9.9423600435256851 -2.5968730688095096 1.3079860895872117 -0.069017458479982197 0.66131650187141666 2.0299790064493828 2.3503693997859934 -0.057069850564002989 -1.0842427161004808 -1.0070250368931077 0.34778730256689921 0.96468118250370027 -1.0584984749555588 -3.6526133855183924 2.509213058765118 1.0583243687947588 -0.82616095542907719
leaf_weight=298 2.9999999999999991 11.000000000000002 53 7.9999999999999991 26 356 3.0000000000000027 3.9999999999999991 11.999999999999998 171 112 2.9999999999999973 8.0000000000000053 4.9999999999999991 8.9999999999999982 22 8.9999999999999982 9.9999999999999982 20 2.9999999999999991 12.999999999999998 6.0000000000000009 7.9999999999999991
leaf_count=298 3 11 53 8 26 356 3 4 12 171 112 3 8 5 9 22 9 10 20 3 13 6 8
internal_value=-0.01469 0.495756 0.395333 1.08911 0.448356 -0.0866887 0.0519706 1.84923 0.331771 -0.00484796 0.220019 -0.0836994 -0.297396 0.50128 -0.360783 -0.259608 1.29018 -0.316011 -0.204966 -1.72634 1.99683 1.38221 -0.530357
internal_weight=1173 145 142 58 34 1028 620 19 16 601 283 84 408 30 378 75 17 366 318 12 24 9 13
internal_count=1173 145 142 58 34 1028 620 19 16 601 283 84 408 30 378 75 17 366 318 12 24 9 13
is_linear=0
shrinkage=0.05


Tree=74
num_leaves=21
num_cat=0
split_feature=3 0 1 18 15 1 12 4 1 17 3 12 17 2 7 15 0 12 0 18
split_gain=15326.4 17241.9 18234.6 14712.8 32080.6 13277 15431 8580.72 24288.3 72346.8 10907.3 6936.56 6626.49 13888.5 10095.2 11916.6 5980.78 5465.44 3777.47 1963.58
threshold=0.89684079943224571 41499.100000000013 38065.240000000013 24380.075000000004 298.0200000000001 39918.625000000007 264.50000000000006 38137.000000000007 33770.875000000007 49.82377642883678 0.89134649716447967 318.50000000000006 112.31235237752846 4654.1650000000018 2.5000000000000004 626.03333333333342 36919.950000000004 331.00000000000006 39388.55000000001 35539.770000000011
decision_type=2 2 2 10 2 2 10 2 2 2 2 8 2 2 2 2 2 10 2 10
left_child=7 3 -3 4 -2 6 -5 8 10 -10 16 -4 13 -9 15 -14 -1 -15 -11 -16
right_child=1 2 11 5 -6 -7 -8 12 9 18 -12 -13 14 17 19 -17 -18 -19 -20 -21
leaf_value=-0.13852925755373843 -0.39351671934127808 5.0042480230331421 2.4988803505897534 1.0524093752683596 6.4463766733805317 -3.1006553014119467 -0.080254962861537937 -3.4642351865768433 8.9652066548665363 -0.21705280674828425 -2.1288469950358073 -0.29461771309375751 0.55173001055976001 -0.53263362843442608 -0.4755276954255816 -0.52720823839709563 0.18016548113078409 1.3485877871513368 1.6296241998672487 0.097771616893656113
leaf_weight=308 3.9999999999999991 3.9999999999999991 3.9999999999999973 43 3 2.9999999999999991 100 3.9999999999999991 2.9999999999999991 8.9999999999999982 5.9999999999999991 5.0000000000000009 83 111 123 37 282 3.9999999999999991 3.9999999999999991 17
leaf_count=308 4 4 4 43 3 3 100 4 3 9 6 5 83 111 123 37 282 4 4 17
internal_value=0.00253416 0.447172 2.19534 0.298635 2.53787 0.191275 0.260336 -0.0719461 0.0438353 1.96629 -0.00777421 0.946937 -0.258907 -0.567941 -0.117465 0.219057 0.013796 -0.4672 0.351156 -0.405913
internal_weight=1157 166 13 153 7 146 143 991 612 16 596 9 379 119 260 120 590 115 13 140
internal_count=1157 166 13 153 7 146 143 991 612 16 596 9 379 119 260 120 590 115 13 140
is_linear=0
shrinkage=0.05


Tree=75
num_leaves=24
num_cat=0
split_feature=1 13 0 15 16 16 15 7 14 2 4 0 4 2 2 4 2 14 0 8 11 13 16
split_gain=14159.9 17574.6 16568 15949.5 25100.4 44610.3 11016.6 14006.6 10829.7 9491.7 7697.6 8821.13 5455.67 6260.46 5957.52 9230.2 3118.6 2401.9 1686.86 992.659 176.778 111.073 67.8885
threshold=30939.510000000006 230.02500000000003 40300.850000000006 310.07166666666677 318.2278571428572 315.68000000000001 309.40333333333336 4.5000000000000009 331.00000000000006 2574.5000000000005 43067.500000000007 38891.150000000009 35397.500000000007 8046.6500000000005 8472.6000000000004 35865.000000000007 17291.405000000002 308.05000000000007 40570.650000000001 4.5000000000000009 260.99000000000007 399.50000000000006 439.61428571428581
decision_type=2 8 2 2 2 2 2 2 8 2 2 2 2 2 2 2 2 8 2 2 8 10 2
left_child=10 2 -2 6 5 -5 9 -8 -6 -3 12 22 13 17 15 -14 -15 -1 21 -16 -20 -13 -12
right_child=1 3 -4 4 8 -7 7 -9 -10 -11 11 18 14 16 19 -17 -18 -19 20 -21 -22 -23 -24
leaf_value=0.19434930911430942 5.5394899368286135 1.7319497585296633 0.2846471150716145 1.0692315024988992 -0.097249947622418412 7.4223143895467123 -4.8176576296488447 0.013943189382553099 0.4889181653060109 -0.31224598358824568 -0.71713787317275957 0.61990710099538171 -2.8455539067586262 -0.032569156448552086 -0.52210762947144218 -0.050777502492137409 -0.77500087499618531 1.1093366902321578 1.6039781570434581 -0.097895746628443414 2.0740546544392902 1.0501655260721841 -0.42582951337099068
leaf_weight=13.000000000000002 2.9999999999999991 5.9999999999999991 3 35 150 2.9999999999999991 2.9999999999999991 3 166 106 4.0000000000000018 2.9999999999999991 2.9999999999999991 248 171 194 14.999999999999998 15.999999999999998 2.9999999999999973 14.999999999999998 6.0000000000000009 3 4
leaf_count=13 3 6 3 35 150 3 3 3 166 106 4 3 3 248 171 194 15 16 3 15 6 3 4
internal_value=0.0133928 0.22305 2.91207 0.188867 0.356675 1.57079 -0.314555 -2.40186 0.210674 -0.202735 -0.130183 0.769331 -0.160833 0.00196495 -0.284951 -0.0933375 -0.0749132 0.69917 1.48443 -0.487897 1.91736 0.835036 -0.571484
internal_weight=1176 478 6 472 354 38 118 6 316 112 698 23 675 292 383 197 263 29 15 186 9 6 8
internal_count=1176 478 6 472 354 38 118 6 316 112 698 23 675 292 383 197 263 29 15 186 9 6 8
is_linear=0
shrinkage=0.05


Tree=76
num_leaves=21
num_cat=0
split_feature=2 16 15 1 16 18 0 16 12 0 18 14 11 4 0 14 12 2 2 5
split_gain=15767.5 23351.9 16985.6 12065.6 16822.4 16304.1 8960.35 8585.56 11258.6 7446.24 8814.78 16385.1 7067.89 5389.76 4670.81 4086.23 3334.2 2731.61 2467.87 697.152
threshold=2872.6200000000003 320.01857142857148 323.99833333333339 36067.545000000006 180.47785714285718 33975.090000000004 41396.900000000009 328.74071428571432 292.15500000000003 35745.450000000004 28418.920000000002 325.50000000000006 409.50000000000006 33305.000000000007 41214.750000000007 348.50000000000006 1.0000000180025095e-35 13983.720000000003 1323.1000000000001 20.500000000000004
decision_type=2 2 2 2 2 10 2 2 10 2 10 10 10 2 2 10 8 2 2 2
left_child=1 2 19 9 -5 6 -6 -3 18 13 11 -11 -12 17 -7 -10 -15 -2 -9 -1
right_child=3 7 -4 4 5 14 -8 8 15 10 12 -13 -14 16 -16 -17 -18 -19 -20 -21
leaf_value=2.2561295191446948 0.39707230785313774 -1.8475556492805483 6.1767201741536439 3.5074646544456485 -0.6212561165913939 2.4299515473842623 1.7054469299316406 3.2437955856323253 -0.41089284437544205 -0.028365576059855138 -0.20252605828913023 0.76214831546701567 0.24327034199969813 0.11533819909976878 0.18049626350402834 0.70238608941435821 -0.53117770786086715 -0.23673206585295059 1.5297548464366368 1.2478239774703976
leaf_weight=2.9999999999999982 34 3.9999999999999991 3 4.9999999999999991 24.000000000000004 9.9999999999999982 4.9999999999999991 2.9999999999999982 17 194 404 99 114 23 2.9999999999999991 15.999999999999998 150 34 7 4
leaf_count=3 34 4 3 5 24 10 5 3 17 194 404 99 114 23 3 16 150 34 7 4
internal_value=0.0241154 0.834952 3.02898 -0.0179389 0.76586 0.439478 -0.2201 0.368137 0.574248 -0.0529565 0.0195586 0.238736 -0.104416 -0.296981 1.91085 0.128879 -0.445225 0.0801701 2.04397 1.67995
internal_weight=1156 57 10 1099 47 42 29 47 43 1052 811 293 518 241 13 33 173 68 10 7
internal_count=1156 57 10 1099 47 42 29 47 43 1052 811 293 518 241 13 33 173 68 10 7
is_linear=0
shrinkage=0.05


Tree=77
num_leaves=22
num_cat=0
split_feature=1 16 12 3 13 18 16 3 0 4 0 17 17 13 14 13 17 16 15 12 12
split_gain=13416.9 17682.6 10317.2 13425.8 15690.1 11081.6 22268.2 8418.17 26917.1 7331.11 13479.5 48271.9 8478.07 12132.1 6732.75 6402.57 6043.36 5108.98 2245.31 3191.87 683.544
threshold=36067.545000000006 180.47785714285718 269.99000000000007 0.8989492713314281 300.50000000000006 36146.310000000005 322.52857142857152 0.91913110531441566 37087.200000000004 38137.000000000007 38450.750000000007 34.093554684604335 55.518782122707385 338.50000000000006 337.50000000000006 452.94500000000005 258.63379902594141 340.71428571428572 341.50000000000006 290.10000000000008 256.79500000000007
decision_type=2 2 10 2 8 10 2 2 2 2 2 2 2 8 10 10 2 2 2 10 8
left_child=7 -2 5 4 -4 6 -3 9 -9 10 14 -12 13 -11 -1 -14 -5 -7 19 -10 -20
right_child=1 2 3 16 -6 17 -8 8 18 12 11 -13 15 -15 -16 -17 -18 -19 20 -21 -22
leaf_value=-0.13743167952513299 3.4826508903503419 1.7302372114998947 3.3887152194976817 -0.79149250452933106 -1.0399021466573073 1.304976542592049 -3.4185225844383234 5.2534135023752846 -1.4825805346171044 -0.56733157887488983 6.9435946623484304 0.43047308614308188 -0.0091530057032690442 -3.8067763010660807 0.23831894914339108 -0.59916239538329785 0.25791319748934577 3.4690544287363689 1.3595315933227545 0.26638239741325381 0.48261247873306257
leaf_weight=423 4.9999999999999991 7.0000000000000018 5.9999999999999973 23 3.0000000000000009 4.9999999999999982 3 2.9999999999999991 3.0000000000000027 79 2.9999999999999991 55 257 2.9999999999999991 166 56 34 6 4.9999999999999973 20 4.0000000000000009
leaf_count=423 5 7 6 23 3 5 3 3 3 79 3 55 257 3 166 56 34 6 5 20 4
internal_value=0.0115854 0.591151 0.424973 0.117838 1.91251 1.39025 0.185609 -0.0379225 0.724807 -0.063542 0.0400837 0.767359 -0.233278 -0.685848 -0.0315325 -0.114714 -0.165531 2.48538 0.30025 0.0382568 0.96979
internal_weight=1169 92 87 66 9 21 10 1077 35 1042 647 58 395 82 589 313 57 11 32 23 9
internal_count=1169 92 87 66 9 21 10 1077 35 1042 647 58 395 82 589 313 57 11 32 23 9
is_linear=0
shrinkage=0.05


Tree=78
num_leaves=30
num_cat=0
split_feature=11 1 1 17 14 18 3 18 15 18 7 1 0 1 7 17 11 16 12 3 6 7 6 16 14 6 0 6 0
split_gain=8758.27 9959.8 14379.7 12693.2 11097.4 52389.4 37329.1 15066.4 9825.37 7677.19 9791.39 6756.83 10320.6 6657.43 13749.1 5347.74 7275.56 6191.21 4731.11 4398.39 4346.02 4307.72 4197.62 4031.32 2584.64 2532.63 1537.9 892.849 523.659
threshold=300.50000000000006 37058.325000000004 37530.255000000012 61.652672243903865 324.00000000000006 26230.235000000004 0.87975548448597574 28470.030000000002 344.59999999999997 25181.705000000005 1.0000000180025095e-35 37133.655000000006 40950.80000000001 36420.100000000013 5.5000000000000009 108.42990650614509 275.49000000000007 304.45214285714292 241.00000000000003 0.5840862028431032 82.500000000000014 3.5000000000000004 74.500000000000014 381.64285714285717 297.50000000000006 79.500000000000014 34709.650000000009 78.500000000000014 36896.55000000001
decision_type=8 2 2 2 10 10 2 10 2 10 2 2 2 2 2 2 10 2 8 2 2 2 2 2 10 2 2 2 2
left_child=9 4 11 24 13 6 -6 -7 -5 10 26 -3 -13 18 -15 16 17 -11 -2 28 21 -17 -21 -22 -4 -18 -1 -28 -12
right_child=1 2 3 8 5 7 -8 -9 -10 15 19 12 -14 14 -16 20 25 -19 -20 22 23 -23 -24 -25 -26 -27 27 -29 -30
leaf_value=-0.19544862111409483 1.1819498573030744 0.50299894946316892 1.1743235111236572 -2.8957733154296843 8.5932140350341832 1.3224545831680299 1.7623024066289266 0.029457896552457098 0.14655892395454903 -0.7697730720043181 -0.37288519376415319 1.1222802797953284 5.0018324375152581 -3.1692227554321288 1.112380262215932 0.62182623308013996 -0.73223286126111009 -2.3214470624923709 -0.13108740672685726 -0.60200177252292641 0.10992893631521024 -0.23573063575895503 0.18546458706259727 -0.80431367989742408 2.9717655658721918 -0.20455983888547299 1.3707758748531338 0.76851340979337701 -0.76416969776153565
leaf_weight=3.0000000000000027 6.9999999999999991 2.9999999999999982 4 3.0000000000000027 2.9999999999999982 25 6 228 23 18.000000000000004 59 3 4 5 3 27 37 9.9999999999999982 344 20 19 32 110 33 4 59 10.000000000000002 15.999999999999998 9.9999999999999982
leaf_count=3 7 3 4 3 3 25 6 228 23 18 59 3 4 5 3 27 37 10 344 20 19 32 110 33 4 59 10 16 10
internal_value=-0.021587 0.094666 0.821615 0.331409 0.0431591 0.290577 4.03927 0.157224 -0.204479 -0.188559 0.0181437 2.48832 3.33917 -0.137408 -1.56362 -0.389106 -0.614774 -1.32394 -0.104901 -0.106939 -0.137007 0.156711 0.0643159 -0.470263 2.07304 -0.407934 0.87647 1.00015 -0.429593
internal_weight=1128 665 44 34 621 262 9 253 26 463 228 10 7 359 8 235 124 28 351 199 111 59 130 52 8 96 29 26 69
internal_count=1128 665 44 34 621 262 9 253 26 463 228 10 7 359 8 235 124 28 351 199 111 59 130 52 8 96 29 26 69
is_linear=0
shrinkage=0.05


Tree=79
num_leaves=21
num_cat=0
split_feature=1 17 17 14 13 0 4 15 4 16 0 11 15 8 7 2 2 15 6 15
split_gain=11118.9 16139.1 39727 26576.1 11816.9 16971.3 11477.5 10422.8 4991.55 3106.94 2999 2858.56 2813.41 2159.77 2075.64 1836.92 1454.47 704.319 392.483 96.6649
threshold=29808.095000000005 18.397587654077036 18.984924113714069 318.50000000000006 230.02500000000003 40300.850000000006 43067.500000000007 304.83333333333343 35217.000000000007 136.9371428571429 40813.30000000001 380.50000000000006 281.50000000000006 4.5000000000000009 1.0000000180025095e-35 6054.2850000000008 11626.925000000001 302.16666666666669 81.500000000000014 320.66666666666669
decision_type=2 2 2 10 8 2 2 2 2 2 2 10 2 2 2 2 2 2 2 2
left_child=6 3 -3 15 5 -4 8 -6 12 16 17 -11 14 -14 -1 18 -10 -8 -2 -12
right_child=1 2 4 -5 7 -7 10 -9 9 11 19 -13 13 -15 -16 -17 -18 -19 -20 -21
leaf_value=0.88682180459682758 -1.2516752719879154 5.9380685965220135 5.0198653856913262 -5.6524559815724693 -0.3104205943324736 0.524982420035771 0.0076745927333831737 0.24090488876696733 0.24172350939363244 -0.47356848940431501 1.6083243687947588 0.064411149919033059 -0.20924380233251974 0.098719045438207267 0.066900403562345001 0.32021853923797605 -0.43041360080242158 0.89782031059265133 -0.55124410390853873 1.9673320388793945
leaf_weight=12.999999999999998 3.9999999999999982 2.9999999999999991 2.9999999999999982 2.9999999999999991 105 7 4.0000000000000018 467 30 209 3 28 158 89 19 5 10.999999999999998 5 4 5
leaf_count=13 4 3 3 3 105 7 4 467 30 209 3 28 158 89 19 5 11 5 4 5
internal_value=0.00590698 0.156222 0.199072 -1.4105 0.16949 1.87345 -0.151478 0.1397 -0.190538 -0.340486 1.12832 -0.41001 -0.0411281 -0.0982774 0.399993 -0.431583 0.061394 0.5022 -0.90146 1.8327
internal_weight=1175 601 585 16 582 10 574 572 557 278 17 237 279 247 32 13 41 9 8 8
internal_count=1175 601 585 16 582 10 574 572 557 278 17 237 279 247 32 13 41 9 8 8
is_linear=0
shrinkage=0.05


Tree=80
num_leaves=23
num_cat=0
split_feature=3 18 12 14 14 0 13 3 3 13 15 14 12 8 0 11 0 14 13 15 11 3
split_gain=9958.04 19609.9 11685.2 13720.9 9550.27 8021.46 25027.5 17765 9295.21 11703.1 9222.81 6613.45 5621.32 5527.97 16277.5 6025.75 4349.65 3745.47 2476.88 2008.06 1671.07 587.511
threshold=0.90467304505513579 24508.980000000003 292.15500000000003 319.50000000000006 333.50000000000006 41322.55000000001 309.50000000000006 0.88695975249010484 0.89412061395815756 283.59500000000008 328.7916666666668 359.50000000000006 1115.5000000000002 3.5000000000000004 38494.600000000006 1089.0050000000003 41214.750000000007 399.50000000000006 463.00000000000006 317.83333333333343 274.48500000000007 0.94727940353233209
decision_type=2 10 10 10 10 2 10 2 2 10 2 10 10 2 2 10 2 10 8 2 8 2
left_child=5 -2 3 19 -5 8 7 -7 13 10 -10 18 17 15 -15 -1 -11 -4 -8 -3 -13 -14
right_child=1 2 12 4 -6 6 11 -9 9 16 -12 20 21 14 -16 -17 -18 -19 -20 -21 -22 -23
leaf_value=-0.2699154468670939 4.3655172348022466 1.2766328700951164 -0.35080897810266304 -2.5361527244249982 0.41829127342470235 0.89542252222696939 -1.9343421300252268 6.3367692311604804 -0.46343583265940352 -1.3813162481083587 2.6360948562622073 1.7800091028213509 1.7994327545166016 -0.051867662279157727 0.93819755022724471 0.82755774305416985 -3.4463506062825524 0.60731792946656549 -0.32807940368851024 2.1580672502517699 0.49890550374984732 0.87380518913269034
leaf_weight=330 2.9999999999999991 14.000000000000002 68 2.9999999999999991 31 2.9999999999999991 3.0000000000000009 3 11.999999999999998 17.000000000000004 2.9999999999999991 3.9999999999999973 2.9999999999999991 536 45 12.999999999999998 2.9999999999999991 11.999999999999998 12 11.999999999999998 7.0000000000000009 4
leaf_count=330 3 14 68 3 31 3 3 3 12 17 3 4 3 536 45 13 3 12 12 12 7 4
internal_value=-0.015995 0.363674 0.282004 0.818804 0.157605 -0.0734626 0.70528 3.6161 -0.0994478 -0.899268 0.15647 0.0335537 -0.0882032 -0.0691515 0.0248155 -0.22832 -1.69107 -0.20709 -0.649332 1.68345 0.964761 1.2705
internal_weight=1141 150 147 60 34 991 32 6 959 35 15 26 87 924 581 343 20 80 15 26 11 7
internal_count=1141 150 147 60 34 991 32 6 959 35 15 26 87 924 581 343 20 80 15 26 11 7
is_linear=0
shrinkage=0.05


Tree=81
num_leaves=28
num_cat=0
split_feature=4 4 16 12 0 18 3 4 4 4 11 2 14 2 18 18 4 14 12 11 12 16 0 6 3 14 14
split_gain=10580.6 13479.5 12120.8 14112.7 7438.84 6919.57 9500.22 12022 10648.3 28703.6 10779.8 7953.92 6874.01 6627.63 6764.89 7733.99 3873.66 2251.91 2224.95 1943.22 2247.61 1852.78 1088.41 470.273 306.606 257.576 110.103
threshold=44395.000000000007 44810.000000000007 318.2278571428572 419.50000000000006 41008.750000000007 33863.030000000006 0.75310933834168725 43067.500000000007 36337.500000000007 36212.500000000007 344.00000000000006 4313.9550000000008 333.50000000000006 3246.105 35560.755000000012 36146.310000000005 34905.000000000007 549.50000000000011 325.50000000000006 366.00000000000006 343.17000000000002 292.78500000000003 40570.650000000001 73.500000000000014 0.86716417489869835 297.50000000000006 329.50000000000006
decision_type=2 2 2 10 2 10 2 2 2 2 8 2 10 2 10 10 2 10 8 8 10 2 2 2 2 10 8
left_child=5 2 4 12 24 6 7 16 9 -8 -10 18 -4 14 25 -16 -1 21 -7 20 -15 -13 -9 -19 -2 -3 -20
right_child=1 13 3 -5 -6 11 8 22 10 -11 -12 17 -14 19 15 -17 -18 23 26 -21 -22 -23 -24 -25 -26 -27 -28
leaf_value=-0.08583514210156995 0.77194917031696875 1.2259559313456221 1.6429838258773082 -0.96655181571841242 -2.2480917294820149 -2.4565179824829113 0.30016438959686609 0.76100066900253305 -0.13188944145141979 2.7833882973744322 0.46339048832081836 0.42688327857426239 3.4380305171012879 -0.58092961494056927 -2.3066663742065403 0.39959514100443233 -0.40827853568592432 -0.48643583661566181 -1.1990493501935686 -1.5179478883743287 0.51637587050596878 -0.41795597973415693 1.6518609523773193 0.16826605021487923 0.16779070695241288 1.7797050748552594 -0.87020730972290006
leaf_weight=221 6.9999999999999982 2.9999999999999982 16.000000000000007 3.9999999999999991 2.9999999999999991 3.9999999999999973 111 5.9999999999999991 283 12.999999999999998 104 6.9999999999999991 7.9999999999999991 21.000000000000007 3.0000000000000027 22 161 2.9999999999999991 6.9999999999999991 3.9999999999999991 5.9999999999999991 89 7.9999999999999991 32 3 7 4.0000000000000009
leaf_count=221 7 3 16 4 3 4 111 6 283 13 104 7 8 21 3 22 161 3 7 4 6 89 8 32 3 7 4
internal_value=0.0115397 0.485256 1.19728 1.78306 -0.0644045 -0.0365966 0.0148276 -0.168994 0.15728 0.560502 0.0280824 -0.356061 2.24133 0.042937 0.514483 0.0748438 -0.221734 -0.231181 -1.44668 -0.489453 -0.337084 -0.356353 1.27006 0.112149 0.590702 1.61358 -1.07947
internal_weight=1160 107 41 28 13 1053 907 396 511 124 387 146 24 66 35 25 382 131 15 31 27 96 14 35 10 10 11
internal_count=1160 107 41 28 13 1053 907 396 511 124 387 146 24 66 35 25 382 131 15 31 27 96 14 35 10 10 11
is_linear=0
shrinkage=0.05


Tree=82
num_leaves=28
num_cat=0
split_feature=4 4 1 16 0 3 3 13 9 16 2 17 12 14 14 16 1 14 14 2 1 9 2 6 17 6 17
split_gain=9949.78 10601.6 10967.8 34685.4 67578.2 11216.7 10870.2 7181.3 8197.06 7466.98 9526.42 8198.32 7448.67 11345.5 6712.21 5785.59 15480.3 5060.18 4647.77 6797.5 4140.94 3735.26 2686.13 1776.43 1707.86 612.227 290.501
threshold=43067.500000000007 38137.000000000007 33085.595000000008 318.2278571428572 38336.700000000004 0.91252564406869963 0.87542446380032002 466.50000000000006 1.0000000180025095e-35 324.57857142857148 4654.1650000000018 261.47652217909337 283.59500000000008 329.50000000000006 337.50000000000006 171.63428571428571 35678.660000000011 331.00000000000006 380.50000000000006 6088.1050000000005 37802.690000000002 1.0000000180025095e-35 11461.880000000003 87.500000000000014 319.37521272896191 74.500000000000014 274.37919884221611
decision_type=2 2 2 2 2 2 2 10 2 2 2 2 10 10 10 2 2 8 10 2 2 2 2 2 2 2 2
left_child=1 2 5 4 -4 6 -1 8 9 10 -2 -11 13 -10 -5 16 22 -7 19 -17 24 -20 -3 -14 26 -26 -9
right_child=7 15 3 14 -6 17 -8 20 12 11 -12 -13 23 -15 -16 18 -18 -19 21 -21 -22 -23 -24 -25 25 -27 -28
leaf_value=-0.003898932072999222 -2.5379907925923666 0.24043737783924574 0.91903800566991178 -0.32429327925338464 9.5843086242675781 3.4601790746053065 -1.1380631985989484 -1.2968187173207588 1.332109610218069 3.8083966890970866 0.64065358855507593 1.1006613264723522 -0.30583422912491692 -0.37131339644684513 0.71116972072371132 -1.1482702328720027 3.629674212137858 0.86269914627075173 0.22016832212607068 -0.38604804067275467 1.1638866424560548 -0.53260923715738151 -0.41253218437944145 -1.5883468945821129 -0.7025746917724609 -0.035299446230584924 -0.74672323465347279
leaf_weight=532 2.9999999999999991 36 8.9999999999999982 34 2.9999999999999991 2.9999999999999991 22 6.0000000000000053 23 2.9999999999999991 10.999999999999998 41 27.000000000000004 17 29 36 2.9999999999999991 5.0000000000000009 45 156 3.9999999999999991 26 28 2.9999999999999991 4.9999999999999991 10.999999999999998 4
leaf_count=532 3 36 9 34 3 3 22 6 23 3 11 41 27 17 29 36 3 5 45 156 4 26 28 3 5 11 4
internal_value=-0.00535757 -0.0654633 0.0536964 0.62163 3.08536 -0.0220954 -0.0489379 0.362505 0.525696 0.965268 -0.0404845 1.28528 0.16148 0.608155 0.152348 -0.295478 0.119311 1.83675 -0.401146 -0.528965 -0.333781 -0.0554967 -0.0452368 -0.434085 -0.564191 -0.243823 -1.07678
internal_weight=1125 967 637 75 12 562 554 158 128 58 14 44 70 40 63 330 67 8 263 192 30 71 64 30 26 16 10
internal_count=1125 967 637 75 12 562 554 158 128 58 14 44 70 40 63 330 67 8 263 192 30 71 64 30 26 16 10
is_linear=0
shrinkage=0.05


Tree=83
num_leaves=22
num_cat=0
split_feature=2 0 7 1 18 6 14 14 11 18 0 17 17 4 14 1 4 0 0 17 13
split_gain=9834.84 15230.9 7829.43 6932.04 13047.1 18717.3 12557.2 11450.1 9120.29 6077.98 9329.29 36037.3 7862.75 7178.11 5772.82 5465.65 3935.06 3619.52 8254.03 1080.82 353.474
threshold=2872.6200000000003 36835.30000000001 5.5000000000000009 36067.545000000006 30970.610000000004 73.500000000000014 299.51000000000005 333.50000000000006 265.37500000000006 31256.320000000003 38476.000000000007 20.337453207674319 34.853605698794006 37329.500000000007 190.91000000000003 35588.710000000006 35987.500000000007 42109.350000000006 41448.650000000001 424.51163990344531 238.00000000000003
decision_type=2 2 2 2 10 2 10 10 8 10 2 2 2 2 10 2 2 2 2 2 8
left_child=1 -1 17 9 7 -6 -7 14 -9 10 13 -12 16 -2 -5 -14 -11 18 -3 20 -4
right_child=3 2 19 4 5 6 -8 8 -10 12 11 -13 15 -15 -16 -17 -18 -19 -20 -21 -22
leaf_value=4.1081045468648281 0.10827551741129574 0.91230496440614983 -0.70254364808400438 0.072366403208838512 5.0366954803466744 1.8143249401024406 -0.50551814019680019 3.5508971214294434 0.063723099231719954 0.25627084506882564 4.2171699543793997 0.24322698849799307 -0.072297057051137828 -0.25980836431852783 -1.635135964913802 -1.4854902833700181 -0.87153171539306651 2.5005539894104007 -1.8204474608103436 -1.1664088845252991 -0.083729888796806318
leaf_weight=2.9999999999999991 318 35 3.0000000000000009 9.0000000000000053 3.0000000000000027 14.000000000000002 9.9999999999999982 2.9999999999999991 5.0000000000000009 8.9999999999999982 5.9999999999999991 116 303 227 10.999999999999998 6.9999999999999991 55 2.9999999999999991 2.9999999999999991 3.9999999999999991 10
leaf_count=3 318 35 3 9 3 14 10 3 5 9 6 116 303 227 11 7 55 3 3 4 10
internal_value=0.0162632 0.634176 0.45449 -0.0181279 0.528938 1.31316 0.847724 -0.227282 1.37141 -0.0470315 0.043437 0.438667 -0.208375 -0.0450365 -0.86676 -0.104208 -0.712934 0.828561 0.696561 -0.44768 -0.226533
internal_weight=1157 61 58 1096 55 27 24 28 8 1041 667 122 374 545 20 310 64 41 38 17 13
internal_count=1157 61 58 1096 55 27 24 28 8 1041 667 122 374 545 20 310 64 41 38 17 13
is_linear=0
shrinkage=0.05


Tree=84
num_leaves=25
num_cat=0
split_feature=3 15 16 16 12 16 4 2 2 4 4 6 18 4 16 7 4 4 11 3 18 11 16 15
split_gain=7896.32 9099.75 13449.7 37984.1 27569.6 10787.6 8457.33 8153.91 17470.4 7777.07 5799.46 4340.82 3872.78 3503.04 3362.87 3318.86 2335.23 1749.21 1124.35 972.461 764.289 612.034 245.922 226.976
threshold=0.77305376033391571 309.83333333333343 317.78571428571433 315.68000000000001 354.50000000000006 294.21428571428578 35692.500000000007 4654.1650000000018 3991.9600000000005 43067.500000000007 44395.000000000007 74.500000000000014 25841.620000000006 33305.000000000007 341.65357142857147 1.0000000180025095e-35 33030.000000000007 44585.000000000007 349.50000000000006 0.72200045090608633 26958.014999999999 247.90500000000003 309.12142857142862 323.16666666666669
decision_type=2 2 2 2 10 2 2 2 2 2 2 2 8 2 2 2 2 2 10 2 10 10 2 2
left_child=9 5 3 4 -3 11 14 8 -7 13 -8 -2 -9 15 -4 22 -17 -13 20 -20 -15 -11 -1 -23
right_child=1 2 6 -5 -6 7 10 12 -10 21 -12 17 -14 18 -16 16 -18 -19 19 -21 -22 23 -24 -25
leaf_value=0.71222393853323807 2.0045415997505187 -0.078690493553876875 0.61810383677482594 6.4104776700337727 2.3249406763735943 -0.14181611835956573 -0.032388013277154466 0.46478674411773685 -2.2747942805290222 0.60593319416046143 0.45275911705253957 0.15758801776577125 -0.29803394387579629 -0.2536192850608911 1.8310568094253541 -0.18396390060771187 0.29225490759400763 0.86252345171841704 -0.25724650715979247 0.13320872372259265 -0.44576413916889579 1.1048161888122559 1.2533010482788083 1.6549384752909337
leaf_weight=6.9999999999999982 3.9999999999999991 40 20.000000000000004 2.9999999999999991 17 24 308 20 15.999999999999998 4.9999999999999991 77 44 99 91 7.9999999999999991 106 34 10.999999999999998 52 23 120 5 3 3
leaf_count=7 4 40 20 3 17 24 308 20 16 5 77 44 99 91 8 106 34 11 52 23 120 5 3 3
internal_value=-0.00197227 0.104103 0.227284 0.926797 0.638182 -0.163166 0.12566 -0.377421 -0.995007 -0.165219 0.0646414 0.414234 -0.169829 -0.201152 0.964662 -0.00545357 -0.0683108 0.298575 -0.30379 -0.137507 -0.362896 1.03989 0.874547 1.31111
internal_weight=1140 691 473 60 57 218 413 159 40 449 385 59 119 436 28 150 140 55 286 75 211 13 10 8
internal_count=1140 691 473 60 57 218 413 159 40 449 385 59 119 436 28 150 140 55 286 75 211 13 10 8
is_linear=0
shrinkage=0.05


Tree=85
num_leaves=22
num_cat=0
split_feature=2 0 0 5 13 18 7 18 18 12 15 16 2 14 14 11 5 0 1 0 1
split_gain=8859.3 17969.4 7955.74 8081.98 12077.8 18938.1 5479.83 5415.69 5330.75 5108.45 4062.85 8474.03 7380.78 4000.71 5851.55 4417.11 3231.46 2666.52 1623.55 847.634 203.065
threshold=2872.6200000000003 37166.55000000001 37135.650000000009 19.500000000000004 298.02000000000004 26176.705000000005 5.5000000000000009 34109.915000000008 19722.665000000005 235.50000000000003 309.83333333333343 440.38714285714292 5181.1900000000014 349.50000000000006 337.50000000000006 298.02000000000004 18.500000000000004 42109.350000000006 32127.635000000006 39708.500000000007 38446.490000000005
decision_type=2 2 2 2 8 10 2 10 8 10 2 2 2 10 10 10 2 2 2 2 2
left_child=1 -1 7 4 5 -4 9 13 -6 -3 12 -12 -5 14 -2 -15 -9 -11 -18 -8 -21
right_child=2 6 3 10 8 -7 19 16 -10 17 11 -13 -14 15 -16 -17 18 -19 -20 20 -22
leaf_value=4.3893021027247112 -0.09361825956101405 -1.2228606541951499 2.5322590543673589 -1.1180383081703136 1.9057087490335107 0.46090419812969974 -0.965993916988372 -2.2315929412841777 0.066786455145377788 0.79175358318513445 0.29302318260996746 -0.47826398719961827 -0.11972308725946479 -1.0922744894027712 1.1965537998411391 -0.24255287877069073 0.0095313732822736048 2.3528882980346681 -1.0129497224634345 0.22712937196095787 -0.24189855948090555
leaf_weight=2.9999999999999991 374 2.9999999999999991 12.999999999999998 24 3.9999999999999991 73 4.0000000000000027 4.0000000000000027 267 31 113 52 81 20 8.9999999999999982 65 6.0000000000000027 2.9999999999999991 10.999999999999998 2.9999999999999991 9.9999999999999982
leaf_count=3 374 3 13 24 4 73 4 4 267 31 113 52 81 20 9 65 6 3 11 3 10
internal_value=0.014804 0.622821 -0.0162506 0.101645 0.25776 0.774016 0.413572 -0.167418 0.0939292 0.754985 -0.104773 0.0499509 -0.347909 -0.13217 -0.0633009 -0.442487 -0.952935 0.929501 -0.652074 -0.329504 -0.133661
internal_weight=1173 57 1116 627 357 86 54 489 271 37 270 165 105 468 383 85 21 34 17 17 13
internal_count=1173 57 1116 627 357 86 54 489 271 37 270 165 105 468 383 85 21 34 17 17 13
is_linear=0
shrinkage=0.05


Tree=86
num_leaves=21
num_cat=0
split_feature=1 17 14 17 4 16 11 4 4 4 14 1 12 15 0 0 18 15 5 15
split_gain=7642.1 13652.1 24871.2 18165.6 9853.17 30707.7 9336 5758.09 3034.72 3324.36 2050.26 2361.29 1945.78 1694.8 1352.22 1238.53 1104.86 315.826 174.635 73.5508
threshold=29808.095000000005 18.397587654077036 318.50000000000006 19.731359005534404 36337.500000000007 303.01500000000004 308.55000000000007 43067.500000000007 33305.000000000007 29507.500000000004 397.50000000000006 27947.310000000001 319.50000000000006 293.76666666666677 35865.450000000004 40570.650000000001 25954.325000000004 302.16666666666669 20.500000000000004 323.16666666666669
decision_type=2 2 10 2 2 2 8 2 2 2 10 2 10 2 2 2 10 2 2 2
left_child=7 2 14 -3 5 -5 -6 8 9 13 11 -10 -11 -1 -2 17 -12 -9 -16 -17
right_child=1 3 -4 4 6 -7 -8 15 10 12 16 -13 -14 -15 18 19 -18 -19 -20 -21
leaf_value=0.16407480955123901 -0.8532584031422934 3.1880123090744021 -5.4124318917592369 5.6472028096516933 -0.25134240304863692 0.48705456647518519 0.22024087542326939 0.079689411322275819 -0.25355263713624532 0.45021683941077212 -1.5144023259480779 0.048974975053394258 -0.00038009407403676406 -0.38375759087502959 -0.061474847793579084 1.2605193456013994 -0.50476499246433382 0.72861275672912595 0.47802290121714264 1.6106402079264317
leaf_weight=20 5.9999999999999982 4.9999999999999991 2.9999999999999991 2.9999999999999991 149 74 355 2.9999999999999982 258 50 3.0000000000000027 86 46 48 3 3 28 5 3 3
leaf_count=20 6 5 3 3 149 74 355 3 258 50 3 86 46 48 3 3 28 5 3 3
internal_value=0.0255812 0.149005 -1.34048 0.187132 0.161307 0.688099 0.0808244 -0.108556 -0.134558 0.0448444 -0.213017 -0.177921 0.234306 -0.22263 -0.322492 0.892544 -0.602472 0.485267 0.208274 1.43558
internal_weight=1154 601 15 586 581 77 504 553 539 164 375 344 96 68 12 14 31 8 6 6
internal_count=1154 601 15 586 581 77 504 553 539 164 375 344 96 68 12 14 31 8 6 6
is_linear=0
shrinkage=0.05


Tree=87
num_leaves=24
num_cat=0
split_feature=1 18 0 13 0 15 15 17 4 16 4 2 12 12 13 14 18 0 0 2 0 0 0
split_gain=5706.41 11062.6 10868.8 10103.9 13249 9592.1 12734.8 9614.42 6022.75 4128.49 3699.04 3732.78 2249.94 2225.23 1843.21 1540.67 1204.3 887.529 787.959 654.824 595.832 86.7244 17.3201
threshold=28804.130000000001 23970.810000000005 35475.200000000004 232.03000000000003 40300.850000000006 309.83333333333343 309.01000000000005 19.731359005534404 43067.500000000007 302.54285714285714 33305.000000000007 13570.285000000002 319.50000000000006 1.0000000180025095e-35 410.78000000000003 324.00000000000006 26060.965000000004 37505.700000000004 40903.950000000004 17291.405000000002 40570.650000000001 39981.450000000004 41257.100000000006
decision_type=2 8 2 8 2 2 2 2 2 2 2 2 10 8 10 10 8 2 2 2 2 2 2
left_child=8 2 -2 4 -3 6 -5 -7 10 17 11 12 -1 16 -11 -15 -12 -4 -6 -13 21 -10 -22
right_child=1 3 9 5 18 7 -8 -9 20 14 13 19 -14 15 -16 -17 -18 -19 -20 -21 22 -23 -24
leaf_value=0.45380843269581694 3.8348797639211023 4.3716530164082847 -1.1028543790181464 -0.23118152272811279 -0.16527224381764727 1.8489267006516457 -2.7911753416061402 0.10009844789360839 0.75946612358093279 0.80721955678679724 -0.052395188642872695 -0.2003507079279169 -0.018380965922887512 -0.26733792839276321 2.1283811887105304 -0.63001043001810719 0.68490094542503366 0.11337544123331703 0.85972128868103015 -0.60129810388271632 1.2011162439982093 0.4038355310757954 1.3710187594095862
leaf_weight=49 2.9999999999999991 2.9999999999999991 3.0000000000000027 171 3 7.9999999999999991 4.9999999999999991 446 3.9999999999999982 22.000000000000004 18.000000000000004 47 52 260 2.9999999999999991 33 7.9999999999999991 3 5 12.999999999999998 3 3 3
leaf_count=49 3 3 3 171 3 8 5 446 4 22 18 47 52 260 3 33 8 3 5 13 3 3 3
internal_value=-0.0121606 0.0822894 0.961182 0.0356711 1.53798 0.00944032 -0.303909 0.130915 -0.141478 0.683082 -0.170239 0.0251394 0.210701 -0.268847 0.965759 -0.308185 0.174465 -0.494739 0.475349 -0.287223 0.920444 0.607053 1.28607
internal_weight=1168 675 34 641 11 630 176 454 493 31 480 161 101 319 25 293 26 6 8 60 13 7 6
internal_count=1168 675 34 641 11 630 176 454 493 31 480 161 101 319 25 293 26 6 8 60 13 7 6
is_linear=0
shrinkage=0.05


Tree=88
num_leaves=19
num_cat=0
split_feature=2 16 13 1 1 1 12 1 16 3 3 17 1 16 1 1 11 1
split_gain=7063.75 16331.8 5729.69 8829.03 5140.75 9300.83 4775.71 4600.62 3714.53 7864.19 5389.08 9527.83 3162.74 2849.1 1573.68 1529.06 1328.9 1261.36
threshold=2872.6200000000003 305.35999999999996 331.00000000000006 40168.775000000001 37340.865000000013 37442.660000000011 292.15500000000003 40168.775000000001 466.39285714285717 0.89758317799639031 0.77305376033391571 33.33839905184886 36243.230000000003 324.57857142857148 37802.690000000002 36776.370000000003 279.93000000000006 30532.095000000005
decision_type=2 2 10 2 2 2 10 2 2 2 2 2 2 2 2 2 10 2
left_child=1 -1 3 6 8 -6 -3 16 10 12 17 -12 -10 -7 -15 -11 -4 -2
right_child=4 2 7 -5 5 13 -8 -9 9 15 11 -13 -14 14 -16 -17 -18 -19
leaf_value=3.2695771598815919 -0.15626601377997218 1.4054132282733902 -0.35417448083559588 -2.3551001489162444 3.3765526652336124 -1.0704843680063882 -0.2029526509344578 2.721381727854411 -0.23661567882803461 -2.8428887685139976 -0.31867099365068452 0.2005603685170653 1.1880881190299988 -0.030452126264572152 1.3001075029373168 -1.246508693695068 0.79860626856486006 0.73611023277044296
leaf_weight=4.9999999999999991 395 6.0000000000000062 3.0000000000000062 3.9999999999999991 2.9999999999999991 2.9999999999999991 20 2.9999999999999991 149 2.9999999999999991 111 433 3.9999999999999991 3.9999999999999982 5 3 14.999999999999998 3.9999999999999991
leaf_count=5 395 6 3 4 3 3 20 3 149 3 111 433 4 4 5 3 15 4
internal_value=-0.00545907 0.542529 0.275171 -0.168232 -0.0329321 0.886462 0.168209 0.908606 -0.0454465 -0.269004 -0.00775236 0.0946143 -0.199369 0.26394 0.708748 -2.0447 0.606476 -0.14732
internal_weight=1173 56 51 30 1117 15 26 21 1102 159 943 544 153 12 9 6 18 399
internal_count=1173 56 51 30 1117 15 26 21 1102 159 943 544 153 12 9 6 18 399
is_linear=0
shrinkage=0.05


Tree=89
num_leaves=22
num_cat=0
split_feature=1 0 0 2 16 2 2 8 17 15 0 1 1 11 17 12 2 2 14 16 6
split_gain=8456.94 9103.7 18672.5 6617.22 9379.7 6172.88 11972.5 46511.8 11655.9 8858.58 8513.67 7444.15 6124.75 6305.18 9111.17 4993.41 3435.66 1792.46 1541.51 1237 250.162
threshold=36067.545000000006 41499.100000000013 41556.150000000009 2872.6200000000003 333.9285714285715 4560.6400000000003 4847.4350000000004 4.5000000000000009 31.04889998969179 304.83333333333343 37658.750000000007 35588.710000000006 39918.625000000007 356.00000000000006 152.72997803803622 359.50000000000006 4426.6500000000005 1323.1000000000001 309.50000000000006 373.14500000000004 75.500000000000014
decision_type=2 2 2 2 2 2 2 2 2 2 2 2 2 10 2 10 2 2 10 2 2
left_child=3 12 -3 4 -1 8 7 -7 10 -10 -5 -8 13 16 -15 17 -2 -4 -6 -20 -17
right_child=1 2 15 5 18 6 11 -9 9 -11 -12 -13 -14 14 -16 20 -18 -19 19 -21 -22
leaf_value=3.0429225683212255 -0.40920008913828776 5.1114315032958988 2.5853126207987476 -0.88812212778462296 -0.5320470929145813 0.038939608909465656 -0.037676133148059621 4.9058260917663574 -1.1362532030133641 0.10936672752827742 -3.6604767481486 -2.5325833638509114 -1.4554078292846679 1.7377735074361167 0.20084294467060657 -0.64164647261301666 1.1648526549339295 0.85689433018366479 0.26528622891221731 1.4788037935892737 0.0040600086251894622
leaf_weight=4.0000000000000027 26.000000000000004 2.9999999999999991 2.9999999999999982 36 3.9999999999999991 27 882 5.9999999999999991 17 89 2.9999999999999991 2.9999999999999991 4.9999999999999991 14.999999999999998 27 3 3.9999999999999991 3 6.9999999999999982 3 3
leaf_count=4 26 3 3 36 4 27 882 6 17 89 3 3 5 15 27 3 4 3 7 3 3
internal_value=-0.00388803 0.456312 1.58321 -0.043054 0.907606 -0.0591517 -0.0112655 0.923828 -0.362321 -0.0904025 -1.10138 -0.0461334 0.236786 0.3543 0.749747 0.701155 -0.199326 1.7211 0.297516 0.629341 -0.318793
internal_weight=1173 92 15 1081 18 1063 918 33 145 106 39 885 77 72 42 12 30 6 14 10 6
internal_count=1173 92 15 1081 18 1063 918 33 145 106 39 885 77 72 42 12 30 6 14 10 6
is_linear=0
shrinkage=0.05


Tree=90
num_leaves=27
num_cat=0
split_feature=1 18 14 14 2 13 11 14 16 4 1 18 11 14 2 15 2 2 12 11 18 1 17 11 2 5
split_gain=5127.39 9182.72 19763 7389.74 6578 8790.88 6380.05 6004.79 5864.03 5050.51 8151.39 22786.5 64168.5 6122.31 5684.78 7140.69 3653.27 3537.52 3170.02 6053.62 7116.55 4222.99 2956.54 2392.68 1036.82 217.483
threshold=36067.545000000006 30970.610000000004 200.87500000000003 333.50000000000006 3687.8050000000003 331.00000000000006 245.90000000000003 190.91000000000003 330.80928571428575 38137.000000000007 32428.215000000004 27931.510000000002 339.38500000000005 339.50000000000006 5977.8300000000008 349.83333333333343 7387.6850000000004 4197.2500000000009 419.50000000000006 424.50000000000006 35403.235000000008 35403.235000000008 60.763179795133965 269.99000000000007 5929.920000000001 18.500000000000004
decision_type=2 10 10 10 2 10 8 10 2 2 2 10 10 10 2 2 2 2 10 10 8 2 2 10 2 2
left_child=9 3 -3 7 5 -4 -5 23 -6 10 14 12 -12 -13 15 -1 -16 -9 19 22 -21 24 -11 -2 -20 -8
right_child=1 2 4 6 8 -7 25 17 -10 18 11 13 -14 -15 16 -17 -18 -19 21 20 -22 -23 -24 -25 -26 -27
leaf_value=-0.85797934643057894 -0.62431269373212528 4.6935842037200928 -0.50563946384049607 2.6792574882507338 -0.17154625058174133 1.0238410020575806 -0.33084624061981827 -1.1441316093717304 2.0936307764053348 -0.40429351160053129 0.82390055571283627 -0.40788976673264898 8.4434274673461918 0.51893141751310656 0.25748960242652502 0.20467056536674502 -0.059216476300300663 -3.1962853749593094 0.058444832099808587 3.0341760317484558 0.31148067216078434 -2.3588675459225974 -0.079259400091976295 0.90864234566688529 -0.53171237100695457 0.19055003027121223
leaf_weight=43 7.0000000000000018 2.9999999999999991 21 2.9999999999999973 3.9999999999999991 17 3 6.9999999999999982 9.9999999999999982 97 35 49 2.9999999999999991 28 122 25 359 3 8.9999999999999982 2.9999999999999973 12 2.9999999999999991 251 4 43 6
leaf_count=43 7 3 21 3 4 17 3 7 10 97 35 49 3 28 122 25 359 3 9 3 12 3 251 4 43 6
internal_value=-0.0150621 0.351965 0.747595 -0.30742 0.519942 0.178602 0.682378 -0.873019 1.44644 -0.0449127 0.0407966 0.423568 1.42544 -0.0708639 -0.0393831 -0.467299 0.0211123 -1.75978 -0.181063 -0.127466 0.85602 -0.534804 -0.169858 -0.0668745 -0.42957 0.0167513
internal_weight=1170 88 55 33 52 38 12 21 14 1082 664 115 38 77 549 68 481 10 418 363 15 55 348 11 52 9
internal_count=1170 88 55 33 52 38 12 21 14 1082 664 115 38 77 549 68 481 10 418 363 15 55 348 11 52 9
is_linear=0
shrinkage=0.05


Tree=91
num_leaves=26
num_cat=0
split_feature=11 1 18 17 14 18 3 17 18 14 7 13 2 0 14 2 6 5 0 3 11 14 5 18 5
split_gain=4697.95 7379.74 13201.2 59648.4 7980.85 7118.98 6260.75 6126.94 5870.14 5031.72 4401.76 4028.72 3955.8 3947.87 5334.37 3420.7 3079.57 3045.58 3193.87 2915.49 2482.34 1884.06 1854.97 1225.48 160.752
threshold=300.50000000000006 33538.695000000007 25575.665000000005 28.05309598461724 200.87500000000003 25181.705000000005 0.89412061395815756 41.455214490597285 25387.780000000002 313.50000000000006 1.0000000180025095e-35 1.0000000180025095e-35 7288.6050000000005 41181.150000000009 331.00000000000006 6381.3150000000014 87.500000000000014 18.500000000000004 38411.500000000007 0.5840862028431032 318.50000000000006 280.25000000000006 18.500000000000004 26230.235000000004 19.500000000000004
decision_type=8 2 10 2 10 10 2 2 8 10 2 8 2 2 8 2 2 2 2 2 8 8 2 8 2
left_child=5 7 6 -4 -5 10 -3 9 -9 20 16 23 -10 15 -15 -13 21 18 -12 -19 -2 -1 -11 -7 -25
right_child=1 2 3 4 -6 11 -8 8 12 22 17 13 -14 14 -16 -17 -18 19 -20 -21 -22 -23 -24 24 -26
leaf_value=-0.2972693145275116 0.29476436145603657 -3.5186479409535729 7.4118554751078296 2.2681454753875734 0.24068007799965072 1.3879808425903331 -0.4970153614878654 2.2565323611100516 0.23280696130629319 -1.774653418858845 -0.25332400552604512 -0.80190151530299714 -0.090086270425822734 -0.30985974663725258 1.4021490505763463 -0.33057216857648958 -0.95759063561757418 -0.23051407474986452 -1.7263300895690918 0.24518426528121245 -0.34981058599364201 0.86279746086469711 -0.75949982338481492 0.45729582786560052 0.073426012198130275
leaf_weight=3.9999999999999991 20 2.9999999999999991 2.9999999999999991 4.9999999999999991 166 2.9999999999999973 4 2.9999999999999991 156 6.0000000000000027 46 51 242 13.000000000000002 6.9999999999999991 157 2.9999999999999991 49 3.9999999999999991 94 59 28 18 5 6
leaf_count=4 20 3 3 5 166 3 4 3 156 6 46 51 242 13 7 157 3 49 4 94 59 28 18 5 6
internal_value=-0.0204496 0.0630793 0.336935 0.422582 0.299963 -0.142188 -1.792 -0.0352695 0.0530838 -0.379247 0.0582912 -0.33107 0.0364749 -0.381623 0.289343 -0.446138 0.574185 -0.0352647 -0.371164 0.0821827 -0.186627 0.717789 -1.01329 0.492213 0.247912
internal_weight=1155 685 181 174 171 470 7 504 401 103 228 242 398 228 20 208 35 193 50 143 79 32 24 14 11
internal_count=1155 685 181 174 171 470 7 504 401 103 228 242 398 228 20 208 35 193 50 143 79 32 24 14 11
is_linear=0
shrinkage=0.05


Tree=92
num_leaves=22
num_cat=0
split_feature=0 2 4 14 17 16 17 4 12 17 11 11 17 4 4 17 1 2 14 1 14
split_gain=5107.78 9481.46 8420.14 9609.54 30451.5 12440.6 9425.42 7113.18 8648.7 11284.8 9586.92 7652.39 3006.07 2546.23 4210.21 4300 3587.1 3559.48 1980.98 1392.33 1252.76
threshold=37135.650000000009 2872.6200000000003 39497.500000000007 325.50000000000006 22.504414025699948 311.95500000000004 19.953255025014467 42910.000000000007 419.50000000000006 258.63379902594141 380.50000000000006 264.50000000000006 24.073857324215805 35397.500000000007 35865.000000000007 33.33839905184886 27399.000000000004 12112.730000000001 419.50000000000006 16976.100000000002 306.00000000000006
decision_type=2 2 2 10 2 2 2 2 10 2 8 10 2 2 2 2 2 2 10 2 8
left_child=1 -1 3 6 -5 -6 -2 11 10 -10 -9 -4 -8 16 17 -16 19 -15 -13 -3 -18
right_child=2 13 7 4 5 -7 12 8 9 -11 -12 18 -14 14 15 -17 20 -19 -20 -21 -22
leaf_value=2.3122666701674461 -2.733262300491333 -1.1571210543314616 -2.2422636032104495 5.5826905210812896 3.2370734214782715 0.40669925902744364 1.6623042782147726 0.0060587975126440811 -3.4254043261210123 -0.25599050457504663 0.82958267535033992 -0.36765837385020128 0.065902697816060465 -2.4155448436737061 -0.58859113241945005 -0.097848936375230566 0.046041204712607642 -0.13718700806299841 0.033101884085078574 -0.069909702036529783 0.69955321983857599
leaf_weight=3.9999999999999991 2.9999999999999991 2.9999999999999991 4.9999999999999991 2.9999999999999991 3.9999999999999991 132 2.9999999999999991 93 2.9999999999999991 44 57 109 173 3.9999999999999991 56 220 10.999999999999998 3 43 160 22
leaf_count=4 3 3 5 3 4 132 3 93 3 44 57 109 173 4 56 220 11 3 43 160 22
internal_value=0.0120721 -0.111952 0.101215 0.287953 0.599861 0.489946 0.0457447 -0.0665334 0.133553 -0.458294 0.318998 -0.317597 0.0931141 -0.132196 -0.228133 -0.19742 0.00632504 -1.43911 -0.254285 -0.0899197 0.481716
internal_weight=1155 483 672 318 139 136 179 354 197 47 150 157 176 479 283 276 196 7 152 163 33
internal_count=1155 483 672 318 139 136 179 354 197 47 150 157 176 479 283 276 196 7 152 163 33
is_linear=0
shrinkage=0.05


Tree=93
num_leaves=21
num_cat=0
split_feature=2 16 7 11 16 4 16 2 3 13 11 16 0 1 2 2 17 0 6 6
split_gain=6828.86 10530.1 4256.96 3583.18 14126.3 9186.55 5053.34 4408.78 16891.3 25294.1 8745.82 7067.67 5638.21 4288.08 3313.51 2932.26 2319.54 1554.64 968.109 200.355
threshold=2872.6200000000003 305.35999999999996 5.5000000000000009 394.83500000000009 180.47785714285718 44395.000000000007 440.38714285714292 4560.6400000000003 0.87542446380032002 299.01000000000005 338.50000000000006 315.15785714285721 35961.150000000001 33332.795000000006 1323.1000000000001 5481.0100000000011 424.51163990344531 37258.30000000001 79.500000000000014 80.500000000000014
decision_type=2 2 2 8 2 2 2 2 2 8 10 2 2 2 2 2 2 2 2 2
left_child=1 -1 14 7 -5 13 -7 10 15 -10 12 -12 -2 -6 18 -9 19 -16 -3 -4
right_child=3 2 16 4 5 6 -8 8 9 -11 11 -13 -14 -15 17 -17 -18 -19 -20 -21
leaf_value=2.7448309421539308 -1.5787926355997721 2.3513418674468993 -0.17080219454235501 3.0961568355560303 0.10539902986648182 1.5543931074937185 0.29528198101941278 -0.54138091911872233 5.809865125020349 0.50849095980326331 -2.6501395384470605 -0.71416315219619064 0.014063988784948987 -0.43334758111408783 -0.49405854046344716 -0.036808077454587772 -1.6072555859883626 0.57753386935325002 1.0810997962951656 0.30102086067199707
leaf_weight=4.9999999999999991 5.9999999999999991 2.9999999999999991 8.9999999999999982 3.9999999999999991 150 14.999999999999998 17 30 2.9999999999999973 9 6.0000000000000027 22 75 49 4.0000000000000027 716 2.9999999999999991 22 3 2.9999999999999991
leaf_count=5 6 3 9 4 150 15 17 30 3 9 6 22 75 49 4 716 3 22 3 3
internal_value=0.00344092 0.563367 0.331296 -0.0229803 0.150196 0.099184 0.88549 -0.0699197 -0.0271636 1.83383 -0.367251 -1.12902 -0.103925 -0.0272572 0.657089 -0.0570992 -0.363728 0.412673 1.71622 -0.0528464
internal_weight=1154 52 47 1102 235 231 32 867 758 12 109 28 81 199 32 746 15 26 6 12
internal_count=1154 52 47 1102 235 231 32 867 758 12 109 28 81 199 32 746 15 26 6 12
is_linear=0
shrinkage=0.05


Tree=94
num_leaves=26
num_cat=0
split_feature=4 11 11 12 16 12 18 0 2 3 4 2 8 17 18 17 16 11 0 13 12 0 2 6 18
split_gain=6026.92 9612.46 8584.51 4351.25 5061.02 4223.99 3975.84 4300.67 5636.18 3836.18 3348.39 7984.48 3350.41 3259.82 2001.87 1898.06 1164.99 1048.97 856.929 855.394 2538.55 488.196 347.118 254.625 63.7939
threshold=44395.000000000007 336.28500000000003 1499.5000000000002 398.20000000000005 455.66857142857145 247.90500000000003 34341.640000000007 41535.600000000006 4088.4400000000005 0.83583490218549483 36767.500000000007 7248.7650000000003 4.5000000000000009 41.07603901779639 26230.235000000004 424.51163990344531 643.70571428571441 419.50000000000006 41322.55000000001 300.50000000000006 331.00000000000006 40109.450000000004 7443.0350000000008 82.500000000000014 39918.625000000007
decision_type=2 10 10 10 2 10 10 2 2 2 2 2 2 2 10 2 2 10 2 8 10 2 2 2 8
left_child=6 13 3 5 -5 -3 7 10 -9 17 11 -1 -12 19 -15 24 23 21 -16 20 -2 -8 -19 -11 -4
right_child=1 2 15 4 -6 -7 9 8 -10 16 12 -13 -14 14 18 -17 -18 22 -20 -21 -22 -23 -24 -25 -26
leaf_value=0.37867740738245609 -0.07465743541717533 0.93228523166556099 -0.24760570228099832 -0.43799295822779327 1.0617873716354371 2.1305283859372142 -0.33195719640505944 -0.16105571985244749 2.493228709697723 -0.85931244407381302 -0.12693664334390475 -0.056062269061493378 0.43725381216832571 -1.7754666646321593 -0.63694803754488616 -1.5268928209940593 -0.092897075414657596 -0.19976582527160627 -0.019811494979593489 -0.29848006566365543 1.6152757182717321 -0.031562944111369909 0.32837596854993278 -1.2945741653442384 0.01017713795105616
leaf_weight=163 4.9999999999999964 19.000000000000004 3.9999999999999973 9.0000000000000018 14.999999999999998 11.999999999999998 38 4 4 21.000000000000007 437 300 28 3.0000000000000027 15.000000000000002 2.9999999999999991 4.9999999999999991 4.0000000000000027 8.9999999999999982 3.0000000000000009 4 21 13.999999999999998 3.9999999999999991 6.0000000000000009
leaf_count=163 5 19 4 9 15 12 38 4 4 21 437 300 28 3 15 3 5 4 9 3 4 21 14 4 6
internal_value=0.0154147 0.372785 0.731685 1.00481 0.49937 1.39612 -0.0212475 0.0117588 1.16609 -0.309975 0.00180768 0.0969886 -0.0929639 -0.252988 -0.557738 -0.423849 -0.789611 -0.123104 -0.405522 0.432698 0.676424 -0.225037 0.211011 -0.928954 -0.092936
internal_weight=1150 107 68 55 24 31 1043 936 8 107 928 463 465 39 27 13 30 77 24 12 9 59 18 25 10
internal_count=1150 107 68 55 24 31 1043 936 8 107 928 463 465 39 27 13 30 77 24 12 9 59 18 25 10
is_linear=0
shrinkage=0.05


Tree=95
num_leaves=30
num_cat=0
split_feature=7 17 2 4 0 16 18 13 16 8 12 7 2 13 18 12 18 2 14 13 2 4 0 0 18 18 0 17 13
split_gain=4519.7 7374.94 6846.58 13126.5 6096.75 5679.04 5144.81 5663.11 2976.08 2465.94 5205.49 14942.2 5713.07 9470.4 2617.81 5476.64 5055.11 8078.84 3131.41 2357.18 2239.61 1629.91 1479.09 1804.33 1152.46 972.318 450.651 288.041 44.9115
threshold=2.5000000000000004 32.893389309290306 4601.1250000000009 36349.500000000007 40016.750000000007 305.91071428571433 21050.985000000004 244.50000000000003 342.61214285714294 4.5000000000000009 299.51000000000005 3.5000000000000004 4107.9650000000011 289.50000000000006 36146.310000000005 269.99000000000007 35729.215000000004 3687.8050000000003 285.50000000000006 320.50000000000006 2635.7650000000008 34230.000000000007 40300.850000000006 40879.30000000001 37442.660000000011 22347.435000000001 37152.700000000004 30.260390210848101 338.50000000000006
decision_type=2 2 2 2 2 2 8 8 2 2 10 2 2 8 10 10 10 2 8 10 2 2 2 2 10 10 2 2 10
left_child=1 19 3 5 -5 -3 8 -8 -4 14 12 -12 -11 -14 16 18 20 -18 -16 22 -2 -13 25 -24 -17 -1 28 -28 -21
right_child=9 2 6 4 -6 -7 7 -9 -10 10 11 21 13 -15 15 24 17 -19 -20 26 -22 -23 23 -25 -26 -27 27 -29 -30
leaf_value=0.12077900767326355 0.6234796232647366 3.9295349438985192 0.53635379367818425 0.097850925702115774 1.0893099927902223 1.4491524469852448 0.58301068817575774 -0.08986226383737532 2.2067055384318035 -0.39649307727813721 -3.0100037157535553 0.41277718305587768 4.0238879521687849 0.6661682878221783 2.2775269150733961 0.22044933239618936 -3.4724690755208338 -0.040030092000961297 0.56413884609937659 -0.26652350425720184 -0.17219218827692756 -0.053399762865155936 -1.8556358337402346 -0.23350476026535028 -0.36582313834836611 -0.47290894168615338 0.62189893970886878 0.074137571454048146 -0.01060187444090843
leaf_weight=7.9999999999999991 8.9999999999999982 2.9999999999999991 24.000000000000004 69 20 9.9999999999999982 36 238 2.9999999999999991 4.9999999999999991 3.9999999999999991 30 2.9999999999999973 7.0000000000000009 3.9999999999999973 14.999999999999998 2.9999999999999991 4 8 3.0000000000000027 510 50 3.9999999999999991 3 19 50 5.9999999999999982 4 4
leaf_count=8 9 3 24 69 20 10 36 238 3 5 4 30 3 7 4 15 3 4 8 3 510 50 4 3 19 50 6 4 4
internal_value=-0.0208337 0.0954547 0.183404 0.537432 0.320651 2.02155 0.0634345 -0.0014556 0.721948 -0.104887 0.125512 -0.0276987 0.983492 1.67348 -0.144764 0.216942 -0.176396 -1.51108 1.13527 -0.336784 -0.158394 0.121417 -0.473881 -1.16044 -0.107174 -0.391021 0.18741 0.402794 -0.120283
internal_weight=1156 485 403 102 89 13 301 274 27 671 99 84 15 10 572 46 526 7 12 82 519 80 65 7 34 58 17 10 7
internal_count=1156 485 403 102 89 13 301 274 27 671 99 84 15 10 572 46 526 7 12 82 519 80 65 7 34 58 17 10 7
is_linear=0
shrinkage=0.05


Tree=96
num_leaves=23
num_cat=0
split_feature=0 5 17 14 18 13 12 1 14 11 18 1 2 17 11 3 18 1 7 11 15 17
split_gain=5135.27 4279.55 24598.8 6073.15 7978.78 7152.95 4708.26 3060.92 5168.49 3621.18 2550.61 19510.1 3840.35 2591.97 2386.41 3366.24 2259.09 1955.9 1855.31 1142.31 165.801 129.598
threshold=37135.650000000009 19.500000000000004 21.324586243168557 331.00000000000006 28418.920000000002 230.02500000000003 241.00000000000003 32966.850000000006 299.51000000000005 1089.0050000000003 24380.075000000004 32162.960000000003 2992.3950000000004 18.984924113714069 398.20000000000005 0.91252564406869963 33526.44000000001 33332.795000000006 1.0000000180025095e-35 299.51000000000005 323.99833333333339 33.580141774339396
decision_type=2 2 2 8 8 10 8 2 10 10 8 2 2 2 10 2 10 2 2 10 2 2
left_child=10 2 -2 5 -5 -4 16 9 -9 -8 11 13 -12 19 15 -14 21 -16 -15 -1 -18 -3
right_child=1 6 3 4 -6 -7 7 8 -10 -11 12 -13 14 18 17 -17 20 -19 -20 -21 -22 -23
leaf_value=0.30379973252614345 3.6917759132385259 0.29406092961629232 1.3545636534690857 1.074615336706241 0.21788978490180205 -0.086701712044981324 -0.017155431522106801 0.047097941488027574 -0.77756252273132931 1.734011236826579 -1.7338732242584229 4.0432363510131841 -0.26868971586227419 0.41212070170376036 0.19029804832334152 1.1935865759849549 1.1624568939208986 -0.69448578698294505 -0.12759443921833366 1.6836031277974444 1.6177054087320959 -0.1706925964603821
leaf_weight=2.9999999999999991 4.9999999999999991 2.9999999999999991 8.9999999999999982 33 154 198 185 38 38 2.9999999999999991 3.9999999999999991 2.9999999999999991 245 18 58 3.9999999999999991 5.9999999999999982 6.9999999999999991 138 3 3 3
leaf_count=3 5 3 9 33 154 198 185 38 38 3 4 3 245 18 58 4 6 7 138 3 3 3
internal_value=0.0129688 0.101724 0.206768 0.162542 0.369077 -0.024038 -0.0484997 -0.0974598 -0.365232 0.0107887 -0.111619 0.0478913 -0.194384 -0.0260966 -0.174773 -0.245199 0.813198 0.0950136 -0.0653196 0.993701 1.31421 0.0616842
internal_weight=1161 678 399 394 187 207 279 264 76 188 483 165 318 162 314 249 15 65 156 6 9 6
internal_count=1161 678 399 394 187 207 279 264 76 188 483 165 318 162 314 249 15 65 156 6 9 6
is_linear=0
shrinkage=0.05


Tree=97
num_leaves=21
num_cat=0
split_feature=2 3 11 13 13 3 17 1 13 1 17 4 18 0 16 15 6 0 16 16
split_gain=6715.2 10166.2 4839.99 5588.83 3329.11 2830.48 2638.41 12791.6 13865.9 3021.45 7532.86 4584.03 1856.41 1600.15 895.676 819.683 519.694 100.368 76.3225 58.2134
threshold=2872.6200000000003 0.92389411803651178 1115.5000000000002 280.97500000000008 275.49000000000007 0.96839883296246421 19.731359005534404 32362.250000000007 287.50000000000006 29964.755000000001 152.72997803803622 43067.500000000007 32074.640000000003 40672.200000000004 414.21428571428578 705.58500000000015 81.500000000000014 41214.750000000007 466.39285714285717 366.50000000000006
decision_type=2 2 10 8 10 2 2 2 10 2 2 2 10 2 2 2 2 2 2 2
left_child=1 -1 6 13 15 14 7 12 -9 11 -11 -8 -2 -4 -6 18 -7 -17 -3 -5
right_child=2 4 3 19 5 16 9 8 -10 10 -12 -13 -14 -15 -16 17 -18 -19 -20 -21
leaf_value=2.6870683443546297 0.13790744755949294 -0.95188976923624669 2.7671131134033224 -0.27029942671457913 0.15053425014019012 1.6846188068389898 -0.12878486463499425 -0.15950408925612769 -4.9667795340220122 0.20048817758017512 -0.21743116825467573 0.73000314012169842 -0.58510806789765002 1.2395143330097196 0.80768260274614612 0.22817687864104902 0.91999080181121817 -0.13764186739921566 -0.59523282597462324 0.021067225933074946
leaf_weight=4.9999999999999991 28 2.9999999999999991 2.9999999999999973 3.0000000000000009 20.000000000000004 4.9999999999999982 539 2.9999999999999991 3 335 159 15.999999999999998 12.999999999999998 4 6.9999999999999991 3 4 5 3 4
leaf_count=5 28 3 3 3 20 5 539 3 3 335 159 16 13 4 7 3 4 5 3 4
internal_value=-0.00186804 0.537415 -0.0285893 0.895198 0.322449 0.576876 -0.0403895 -0.40689 -2.56314 -0.0239685 0.0659757 -0.104027 -0.0913414 1.8942 0.320906 -0.331789 1.34478 -0.000459838 -0.773561 -0.103804
internal_weight=1165 55 1110 14 50 36 1096 47 6 1049 494 555 41 7 27 14 9 8 6 7
internal_count=1165 55 1110 14 50 36 1096 47 6 1049 494 555 41 7 27 14 9 8 6 7
is_linear=0
shrinkage=0.05


Tree=98
num_leaves=24
num_cat=0
split_feature=3 4 16 18 11 17 11 11 4 11 11 18 7 4 3 18 1 13 14 0 0 11 0
split_gain=3487.38 6085.4 5316.67 6305.01 23993.1 8275.79 7423.34 6263.81 5715.66 3699.24 5801.04 5643.92 3087.57 2193.97 1550.28 1089.21 906.814 1168.2 814.641 677.838 594.713 71.2339 46.9836
threshold=0.77305376033391571 43067.500000000007 419.68571428571437 26958.014999999999 339.69500000000005 33.33839905184886 329.50000000000006 306.00000000000006 36767.500000000007 676.60000000000014 515.00000000000011 37442.660000000011 3.5000000000000004 34905.000000000007 0.57747234182469909 25387.780000000002 28470.030000000002 290.60000000000008 319.50000000000006 40570.650000000001 36283.80000000001 264.50000000000006 39981.450000000004
decision_type=2 2 2 8 8 2 10 8 2 10 10 10 2 2 2 10 2 10 10 2 2 10 2
left_child=1 13 3 4 6 12 -2 -7 -4 10 -10 -11 -5 14 20 -16 18 -18 -15 22 -1 -21 -3
right_child=2 19 8 5 -6 7 -8 -9 9 11 -12 -13 -14 16 15 -17 17 -19 -20 21 -22 -23 -24
leaf_value=-0.13835267300407092 0.40086190138161187 0.65622089703877773 -2.3507541020711265 -0.59509518237437231 4.8654641469319664 -0.20560166994730633 -2.1159977821012337 0.28008334946454222 -0.21859476332863173 0.95564799186061422 -1.9617647552490234 -0.23510653078556062 0.16968197134487772 -0.2630252554262959 0.21141152086316564 -0.0524474961888216 0.4018118679523468 -0.20630408009248125 -0.60160893559455875 1.0267228762308755 -0.49585961323035388 1.3349087905883787 0.37638875643412262
leaf_weight=30 125 2.9999999999999991 2.9999999999999991 59 2.9999999999999991 90 2.9999999999999991 253 105 17 4.9999999999999991 24 17 159 61 109 10.999999999999998 28 20 3 19 5 3
leaf_count=30 125 3 3 59 3 90 3 253 105 17 5 24 17 159 61 109 11 28 20 3 19 5 3
internal_value=0.000456408 -0.108093 0.0699957 0.142704 0.445467 0.0480451 0.341873 0.152644 -0.189676 -0.14674 -0.29783 0.258621 -0.424027 -0.140967 -0.0291899 0.0422313 -0.253256 -0.0347842 -0.300856 0.918039 -0.276978 1.21934 0.516305
internal_weight=1155 451 704 550 131 419 128 343 154 151 110 41 76 437 219 170 218 39 179 14 49 8 6
internal_count=1155 451 704 550 131 419 128 343 154 151 110 41 76 437 219 170 218 39 179 14 49 8 6
is_linear=0
shrinkage=0.05


Tree=99
num_leaves=19
num_cat=0
split_feature=15 16 16 16 18 12 11 11 7 3 12 14 13 1 15 15 2 14
split_gain=2511.38 5804.96 6067.62 5093.94 21421.6 4389.26 4800.7 8160.3 16769.3 4261.14 3365.8 2527.69 1864.31 2082.76 1795.82 1447.08 1486.64 801.357
threshold=311.33333333333343 171.63428571428571 185.87071428571429 317.78571428571433 25954.325000000004 290.60000000000008 345.60500000000008 333.50000000000006 5.5000000000000009 0.96962000981229768 297.50000000000006 277.00000000000006 231.50000000000003 28111.510000000006 187.36333333333334 223.75666666666669 11461.880000000003 231.50000000000003
decision_type=2 2 2 2 10 8 10 10 2 2 8 8 10 2 2 2 2 10
left_child=5 -2 -3 4 -4 11 7 10 -9 -5 -7 15 13 -13 -14 16 -1 -17
right_child=1 2 3 9 -6 6 -8 8 -10 -11 -12 12 14 -15 -16 17 -18 -19
leaf_value=0.30393827175316601 2.2491978009541831 -2.1987451553344726 2.4781389445066453 0.018569488006223944 0.10689137661960764 -0.76613988463234695 1.2436611127853394 -4.7832440217336023 0.50342289805412277 -1.3204157521327338 -0.16734992816401967 0.38022113690773646 -0.93267285823822021 1.9014636357625325 0.14167768174571033 -1.2074325084686279 -0.17743108564952637 -0.350357761780421
leaf_weight=23 2.9999999999999991 2.9999999999999991 10.999999999999998 612 71 28 4.9999999999999991 2.9999999999999991 3 5.9999999999999991 145 8.9999999999999982 3.9999999999999991 2.9999999999999991 141 2.9999999999999991 53 30
leaf_count=23 3 3 11 612 71 28 5 3 3 6 145 9 4 3 141 3 53 30
internal_value=-0.00438639 0.0544507 0.0450848 0.0547012 0.424986 -0.0966953 -0.28445 -0.327135 -2.13991 0.00556963 -0.264264 0.0331802 0.161607 0.760532 0.11204 -0.151801 -0.0317535 -0.428274
internal_weight=1156 706 703 700 82 450 184 179 6 618 173 266 157 12 145 109 76 33
internal_count=1156 706 703 700 82 450 184 179 6 618 173 266 157 12 145 109 76 33
is_linear=0
shrinkage=0.05


Tree=100
num_leaves=25
num_cat=0
split_feature=0 17 1 12 11 18 14 15 17 18 16 7 14 18 14 1 11 0 0 12 13 0 12 0
split_gain=5589.36 8199.67 6753.26 12127.8 3463.34 8137.97 20376.8 26327.4 8818.55 3418.2 4051.64 2704.21 2554.4 6265.09 5071.7 2105.13 1807.08 1802.37 1639.9 1547.11 746.538 706.423 365.703 217.932
threshold=41448.650000000001 163.65802167371291 37214.820000000014 247.90500000000003 300.50000000000006 26853.440000000002 325.50000000000006 324.83333333333331 19.731359005534404 24380.075000000004 211.92285714285717 1.0000000180025095e-35 338.50000000000006 28470.030000000002 328.50000000000006 30053.535000000003 294.88000000000005 34172.500000000007 41602.150000000009 318.50000000000006 1499.5000000000002 41680.400000000001 379.00000000000006 34933.400000000009
decision_type=2 2 2 10 8 8 10 2 2 10 2 2 10 10 10 2 10 2 2 8 10 2 10 2
left_child=4 2 -2 -4 9 6 8 -8 -6 11 23 17 14 -14 -7 -12 -13 -1 19 -3 -21 -20 -23 -11
right_child=1 18 3 -5 5 12 7 -9 -10 10 15 16 13 -15 -16 -17 -18 -19 21 20 -22 22 -24 -25
leaf_value=-0.65948078632354656 0.23323326706886296 1.2819278860092158 0.63758090337117501 5.1334658304850249 -1.7826253235340119 -0.041386909076118895 6.3228451410929294 1.1613691937444466 0.32322695011208796 0.79804612596829649 -0.18702290720868875 -0.089050717923888245 1.2019281951280743 0.070014305852535305 -1.0105581964765278 -0.49262441935077794 0.57459211132743149 0.64041306339204318 -0.84741314252217514 0.64877657890319795 -0.46667366425196316 0.1885382993353738 -0.34478710968513043 0.3394769967778733
leaf_weight=3.0000000000000027 3.9999999999999982 5.0000000000000009 3 3 5.9999999999999991 377 3.0000000000000027 13.999999999999998 29 3.0000000000000027 143 152 12.999999999999998 205 13.999999999999998 93 10.999999999999998 24 3.0000000000000027 3.0000000000000009 3 8.9999999999999982 4.9999999999999991 19
leaf_count=3 4 5 3 3 6 377 3 14 29 3 143 152 13 205 14 93 11 24 3 3 3 9 5 19
internal_value=-0.000673344 0.595597 1.82461 2.88552 -0.0211046 0.0516382 0.652029 2.07222 -0.0377763 -0.128433 -0.246954 0.0325067 0.000373267 0.137514 -0.0760887 -0.307451 -0.044265 0.49598 0.156665 0.632359 0.0910515 -0.151137 -0.00193506 0.402009
internal_weight=1147 38 10 6 1109 661 52 17 35 448 258 190 609 218 391 236 163 27 28 11 6 17 14 22
internal_count=1147 38 10 6 1109 661 52 17 35 448 258 190 609 218 391 236 163 27 28 11 6 17 14 22
is_linear=0
shrinkage=0.05


Tree=101
num_leaves=28
num_cat=0
split_feature=3 4 4 2 16 4 0 13 6 2 12 13 7 8 18 4 2 18 11 2 1 0 18 2 11 0 0
split_gain=2615.11 7050.21 16650.2 8997.71 8230.72 6316.29 4560.71 3584.05 3200.82 3946.27 3351.64 3255.09 3975.5 3504.55 2308.87 1473.79 2269.98 1283.74 958.651 929.642 899.86 725.757 573.01 106.376 83.3368 40.7233 30.0763
threshold=0.77305376033391571 36337.500000000007 36212.500000000007 5977.8300000000008 302.54285714285714 43067.500000000007 37776.30000000001 283.59500000000008 87.500000000000014 3390.6550000000002 280.25000000000006 244.50000000000003 3.5000000000000004 4.5000000000000009 29106.380000000001 33305.000000000007 13570.285000000002 22193.150000000005 349.50000000000006 17291.405000000002 28470.030000000002 40570.650000000001 26958.014999999999 3090.4550000000004 264.50000000000006 39981.450000000004 41356.400000000001
decision_type=2 2 2 2 2 2 2 8 2 2 8 10 2 2 10 2 2 10 10 2 2 2 10 2 10 2 2
left_child=5 2 3 6 -4 15 -2 -6 11 23 -11 12 -3 -13 -5 16 17 -1 22 -18 -20 25 -17 -10 -23 -7 -26
right_child=1 8 4 14 7 21 -8 -9 9 10 -12 13 -14 -15 -16 18 19 -19 20 -21 -22 24 -24 -25 26 -27 -28
leaf_value=0.61091834945338119 -0.80260993150564353 0.72437130953459183 4.3115612665812177 0.80597395420074458 2.1137813254126487 0.62241136233011884 0.45385573983192445 0.36105669975280752 -1.753470802307129 0.48459305302663269 -0.61210268955481684 -0.054394281594703602 -0.096954736084892204 0.55381975364685054 0.23566072668052385 -0.15562509198155669 -0.12061313969247484 0.086429947678531918 -0.1057999702220833 -0.58058932785476958 0.42369216018252909 0.98690802256266308 -0.32439407420001531 -1.3596024036407468 1.421608765920003 0.36188838879267365 1.1977177619934078
leaf_weight=13.999999999999998 26 34 2.9999999999999991 35 6.9999999999999973 2.9999999999999991 9.9999999999999982 5.0000000000000009 2.9999999999999991 11.000000000000002 19 450 26 25 36 90 51 70 74 13.999999999999998 8.9999999999999982 2.9999999999999982 114 4 3 3 3
leaf_count=14 26 34 3 35 7 3 10 5 3 11 19 450 26 25 36 90 51 70 74 14 9 3 114 4 3 3 3
internal_value=0.00303014 0.0639447 0.409016 0.190314 1.9691 -0.0907054 -0.453592 1.38348 -0.00965451 -0.459412 -0.209981 0.0214502 0.368463 -0.022383 0.516801 -0.125412 0.00217069 0.173845 -0.191649 -0.219685 -0.0483852 0.918107 -0.249937 -1.5284 1.20208 0.49215 1.30966
internal_weight=1145 694 122 107 15 451 36 12 572 37 30 535 60 475 71 436 149 84 287 65 83 15 204 7 9 6 6
internal_count=1145 694 122 107 15 451 36 12 572 37 30 535 60 475 71 436 149 84 287 65 83 15 204 7 9 6 6
is_linear=0
shrinkage=0.05


Tree=102
num_leaves=18
num_cat=0
split_feature=1 12 6 3 16 0 0 15 1 3 11 1 1 12 6 12 18
split_gain=5283.61 5880.92 6563.74 7470.71 4865.79 4817.41 16439.9 7229.95 2311.37 2585.8 6270.52 3251.18 2322.57 3116.01 2231.12 1808.11 752.024
threshold=36067.545000000006 269.99000000000007 73.500000000000014 0.91252564406869963 340.71428571428572 41448.650000000001 41602.150000000009 663.26166666666677 35970.215000000011 0.91913110531441566 319.50000000000006 34181.905000000006 35588.710000000006 318.50000000000006 73.500000000000014 238.00000000000003 36776.370000000003
decision_type=2 10 2 2 2 2 2 2 2 2 10 2 2 10 2 8 10
left_child=8 4 3 -3 15 7 -7 -4 9 12 -11 -12 14 -14 -1 -2 -17
right_child=1 2 5 -5 -6 6 -8 -9 -10 10 11 -13 13 -15 -16 16 -18
leaf_value=-0.33801825254931978 1.5662496566772455 3.0178165853023522 -0.61127889768497368 -0.038061862625181665 2.4569814777374273 3.0089062690734871 -1.0457108712196348 0.61046985426542566 -1.2460469245910646 2.2410991668701175 -1.4255972226460776 0.3034451698948597 0.081709815561771371 -1.8918678522109982 -0.030829667116251611 0.57804332524538038 -0.35023148457209252
leaf_weight=63 4.0000000000000009 4 37 4 4.9999999999999991 4.9999999999999982 5 18 3.9999999999999991 3.9999999999999991 2.9999999999999991 29 4 4 957 7.9999999999999991 3.0000000000000009
leaf_count=63 4 4 37 4 5 5 5 18 4 4 3 29 4 4 957 8 3
internal_value=-0.0149068 0.346556 0.13844 1.48988 1.10618 -0.0278905 0.981598 -0.211434 -0.0463824 -0.0418724 0.374653 0.141347 -0.0564589 -0.905079 -0.0498031 0.65591 0.324877
internal_weight=1161 93 73 8 20 65 10 55 1068 1064 36 32 1028 8 1020 15 11
internal_count=1161 93 73 8 20 65 10 55 1068 1064 36 32 1028 8 1020 15 11
is_linear=0
shrinkage=0.05


Tree=103
num_leaves=13
num_cat=0
split_feature=1 17 17 2 2 4 11 13 0 4 1 0
split_gain=2802.58 7201.03 19433.5 4525.44 6352 4523.87 12241.6 4522.21 2271.05 2398.02 2003.86 319.406
threshold=32428.215000000004 18.397587654077036 19.731359005534404 3090.4550000000004 3953.6900000000005 36349.500000000007 359.50000000000006 230.02500000000003 40570.650000000001 43067.500000000007 32362.250000000007 35475.200000000004
decision_type=2 2 2 2 2 2 10 10 2 2 2 2
left_child=3 -2 -3 -1 11 6 -4 -7 10 -10 -6 -5
right_child=1 2 5 4 8 7 -8 -9 9 -11 -12 -13
leaf_value=1.6273151218891144 -2.3191800627857448 3.6058404266834261 1.1867963768817762 -1.3146356900533043 -0.055126990277294376 1.7047079861164094 -0.79200380498712719 0.012164058857044932 0.086636880916707668 1.1364138007163997 -1.0593073463439941 -2.0442541758219397
leaf_weight=3.9999999999999991 2.9999999999999991 3.9999999999999991 27 2.9999999999999991 777 3.9999999999999991 10.999999999999998 295 17 8.0000000000000018 4.9999999999999991 3
leaf_count=4 3 4 27 3 777 4 11 295 17 8 5 3
internal_value=6.11811e-05 0.119781 0.141238 -0.050347 -0.0586012 0.100115 0.613986 0.0348068 -0.0465503 0.422565 -0.0615476 -1.67944
internal_weight=1161 344 341 817 813 337 38 299 807 25 782 6
internal_count=1161 344 341 817 813 337 38 299 807 25 782 6
is_linear=0
shrinkage=0.05


Tree=104
num_leaves=30
num_cat=0
split_feature=0 4 14 16 1 4 18 13 12 4 14 14 18 15 14 15 14 14 13 4 16 13 12 6 1 14 13 0 2
split_gain=3427.7 5182.79 7984.79 18554 20916.6 5246.06 4654.9 4868.25 4604.6 4356.59 3023.45 2959.5 4349.51 2662.18 2650.95 6659.79 3518.34 2545.37 2220.84 2443.42 3748.43 1609.66 1543.66 1487.86 1358.68 1338.19 1156.57 133.541 106.26
threshold=37135.650000000009 39497.500000000007 325.50000000000006 320.01857142857148 33770.875000000007 42910.000000000007 28655.435000000005 339.69500000000005 419.50000000000006 44860.000000000007 337.50000000000006 349.50000000000006 34109.915000000008 663.26166666666677 319.50000000000006 469.13666666666666 314.50000000000006 337.50000000000006 264.50000000000006 35217.000000000007 419.68571428571437 292.07500000000005 325.50000000000006 86.500000000000014 26385.655000000006 369.50000000000006 424.50000000000006 36875.400000000001 3059.3300000000004
decision_type=2 2 10 2 2 2 10 10 10 2 10 10 10 2 10 2 10 10 10 2 2 8 8 2 2 10 8 2 2
left_child=11 2 14 4 -4 6 7 -3 9 -7 -5 12 17 -10 16 -16 -2 24 23 26 -21 -19 -14 28 -1 -8 -20 -24 -13
right_child=1 5 3 10 -6 8 25 -9 13 -11 -12 18 22 -15 15 -17 -18 21 19 20 -22 -23 27 -25 -26 -27 -28 -29 -30
leaf_value=-0.10420680817074041 0.021382539825780051 -0.64805774958087847 1.2369525872170926 -0.66950098446437289 5.9971723556518555 0.38588892402720731 -0.28886033154375268 -2.8825776418050131 -1.0141938209533692 -0.36336176719354546 0.40539015110582116 0.96083021163940474 -1.711775207519532 -0.10431860823456834 -1.5966704383492472 0.5151243925094604 0.94698461361906761 1.7957014401753744 -0.13347905288849557 -0.51281897321927783 -2.1023211956024173 0.33070684432983388 -0.37393100202083585 -0.47295277118682855 0.092635761847139786 0.023117244336754085 0.9483449141184489 -0.72380646069844556 0.56717783212661732
leaf_weight=209 154 12.999999999999998 9.9999999999999982 6.9999999999999991 2.9999999999999991 124 89 2.9999999999999991 9.9999999999999982 23 100 2.9999999999999982 3.9999999999999973 41 7.9999999999999982 7 10.999999999999998 2.9999999999999991 14.000000000000002 51 3.9999999999999991 5.0000000000000009 5 4 151 56 2.9999999999999991 6 4
leaf_count=209 154 13 10 7 3 124 89 3 10 23 100 3 4 41 8 7 11 3 14 51 4 5 5 4 151 56 3 6 4
internal_value=0.00907174 0.0824632 0.235853 0.55178 2.33546 -0.0457175 -0.25768 -1.06703 0.126636 0.268659 0.33507 -0.0947157 -0.0360579 -0.282726 0.0252347 -0.611166 0.0830893 -0.00203963 -0.36539 -0.466482 -0.628419 0.88008 -0.87064 0.296308 -0.0216423 -0.168372 0.0574311 -0.564772 0.735886
internal_weight=1125 659 300 120 13 359 161 16 198 147 107 466 383 51 180 15 165 368 83 72 55 8 15 11 360 145 17 11 7
internal_count=1125 659 300 120 13 359 161 16 198 147 107 466 383 51 180 15 165 368 83 72 55 8 15 11 360 145 17 11 7
is_linear=0
shrinkage=0.05


Tree=105
num_leaves=14
num_cat=0
split_feature=1 14 0 17 17 3 6 16 3 18 14 5 0
split_gain=3761.47 5219.98 3268.07 4712.95 19655.3 31779.3 17959.7 3958.39 3582.47 2781.5 2604.89 1707.33 218.86
threshold=40168.775000000001 329.50000000000006 37135.650000000009 18.397587654077036 20.337453207674319 0.86716417489869835 82.500000000000014 440.38714285714292 0.92244650619492041 34109.915000000008 349.50000000000006 18.500000000000004 38183.350000000006
decision_type=2 10 2 2 2 2 2 2 2 10 10 2 2
left_child=2 -2 8 6 5 -5 -4 -6 9 10 -1 -11 -8
right_child=1 -3 3 4 7 -7 12 -9 -10 11 -12 -13 -14
leaf_value=-0.024410286613164658 0.2224532743295034 -2.7271166880925488 -4.2620572964350378 0.1164180564880371 0.14474618361304797 6.6258300940195696 0.34667717166244993 -0.12517164440383924 1.627989039818446 -1.6261865139007554 -0.32077621918009674 -0.45488015242985319 -0.10123074675599733
leaf_weight=382 2.9999999999999991 3 2.9999999999999991 5 453 3 4.9999999999999982 194 2.9999999999999991 4.0000000000000027 92 13.999999999999998 6
leaf_count=382 3 3 3 5 453 3 5 194 3 4 92 14 6
internal_value=-0.00363513 -1.25233 0.00280145 0.0748672 0.0942692 2.55745 -0.832869 0.0638126 -0.0945964 -0.1051 -0.0819328 -0.71517 0.102364
internal_weight=1170 6 1164 669 655 8 14 647 495 492 474 18 11
internal_count=1170 6 1164 669 655 8 14 647 495 492 474 18 11
is_linear=0
shrinkage=0.05


Tree=106
num_leaves=10
num_cat=0
split_feature=0 1 3 6 18 2 14 0 2
split_gain=2638.59 2925.07 3017.46 6340.13 4690.86 3230.94 2890.87 1938.27 234.112
threshold=42109.350000000006 40168.775000000001 0.90742128172380265 73.500000000000014 25068.695000000003 3601.4650000000006 329.50000000000006 36328.80000000001 3499.2850000000003
decision_type=2 2 2 2 10 2 10 2 2
left_child=1 2 5 -4 -5 8 -3 -7 -1
right_child=-2 6 3 4 -6 7 -8 -9 -10
leaf_value=-1.4793949127197266 1.4982712904612223 0.0099123597145080577 1.9904482817649845 1.8603355407714846 0.12047083354668647 -0.10734122321022824 -2.1851092656453446 0.04340666032901852 -0.85474534034728988
leaf_weight=2.9999999999999991 2.9999999999999991 2.9999999999999991 4.9999999999999991 3.9999999999999991 123 309 3 688 3
leaf_count=3 3 3 5 4 123 309 3 688 3
internal_value=0.0173721 0.0134784 0.019299 0.244026 0.17527 -0.0102762 -1.0876 -0.0033146 -1.16707
internal_weight=1144 1141 1135 132 127 1003 6 997 6
internal_count=1144 1141 1135 132 127 1003 6 997 6
is_linear=0
shrinkage=0.05


Tree=107
num_leaves=18
num_cat=0
split_feature=11 11 11 0 2 12 17 0 7 12 2 16 11 12 0 0 4
split_gain=3667.19 7994.64 4784.44 3404.07 3088.97 4374.76 3050.9 5694.33 2645.81 5734.51 4341.36 2602.53 7469.43 3442.44 1796.55 1343.06 1098.7
threshold=456.12500000000006 450.50000000000006 463.00000000000006 36666.450000000004 6007.6400000000012 379.00000000000006 163.65802167371291 41448.650000000001 1.0000000180025095e-35 396.50000000000006 4654.1650000000018 460.12642857142862 538.50000000000011 555.00000000000011 41092.400000000009 41499.100000000013 36337.500000000007
decision_type=10 10 10 2 2 10 2 2 2 8 2 2 10 8 2 2 2
left_child=1 3 15 4 5 -1 7 -5 9 -4 -11 13 -13 -10 -8 -2 -6
right_child=2 -3 8 6 16 -7 14 -9 11 10 -12 12 -14 -15 -16 -17 -18
leaf_value=-0.66295287585258489 0.88429196675618504 -2.6094009359677632 2.7757864634195979 0.095718348400445769 -0.0012288741890327348 0.53452358245849607 -0.1838614621568985 1.7923387503623964 0.20088048352711443 1.8746909936269121 -0.39869650346892216 -2.6401000022888184 -0.027266561985015869 1.9310335795084637 0.18775224581360817 2.3804305394490552 -0.19650115534067156
leaf_weight=50 2.9999999999999991 2.9999999999999991 2.9999999999999973 454 170 8.9999999999999982 174 4.9999999999999991 69 3 7 2.9999999999999991 31 2.9999999999999991 40 3 125
leaf_count=50 3 3 3 454 170 9 174 5 69 3 7 3 31 3 40 3 125
internal_value=-0.0010023 -0.0320395 0.254744 -0.0245107 -0.150024 -0.480287 0.0415097 0.1142 0.185284 0.858504 0.28332 0.10272 -0.257811 0.27297 -0.114401 1.63236 -0.0839714
internal_weight=1155 1030 125 1027 354 59 673 459 119 13 10 106 34 72 214 6 295
internal_count=1155 1030 125 1027 354 59 673 459 119 13 10 106 34 72 214 6 295
is_linear=0
shrinkage=0.05


Tree=108
num_leaves=22
num_cat=0
split_feature=8 2 11 2 12 7 18 6 11 11 11 7 2 14 3 14 4 17 3 11 14
split_gain=3464.95 13201.2 33210.8 5950.91 2876.27 2846.91 4186.43 5153.04 8875.42 5138.03 4208.16 2782.93 2210.19 2146.71 2016.67 5361.29 2571.08 5011.65 4365.99 1074.75 271.1
threshold=4.5000000000000009 5010.8900000000003 327.50000000000006 5704.7700000000013 286.50000000000006 2.5000000000000004 31396.655000000006 81.500000000000014 397.50000000000006 1225.5000000000002 1115.5000000000002 1.5000000000000002 2934.6400000000008 345.84000000000009 0.96962000981229768 329.50000000000006 42910.000000000007 238.50434341799732 0.85988238519169591 333.50000000000006 319.50000000000006
decision_type=2 2 8 2 10 2 10 2 10 8 8 2 2 10 2 10 2 2 2 10 10
left_child=5 2 4 -3 -2 6 7 8 -1 10 -8 20 -9 -6 16 -16 18 -18 -7 -13 -5
right_child=1 3 -4 11 13 14 9 12 -10 -11 -12 19 -14 -15 15 -17 17 -19 -20 -21 -22
leaf_value=0.35300552081145825 -0.83497507174809682 -2.1436066706975301 6.3126446564992271 -0.22853394059929993 0.50984852578904893 -0.075013950444442576 -0.10231033199067628 1.1555934220552444 2.3282663504282635 1.6791647136211396 -1.9892319520314534 0.33628655217479975 -0.037945821508765222 2.0542680422465009 0.48692854245503742 -2.5022984504699703 0.52085407071132606 -0.16373341296829524 -0.52158101194072515 -0.097546164991541048 -0.57155703703562422
leaf_weight=109 3.0000000000000027 2.9999999999999991 2.9999999999999991 16.000000000000004 8.9999999999999982 378 196 3.9999999999999991 5.9999999999999991 3.9999999999999991 2.9999999999999991 69 128 2.9999999999999991 2.9999999999999991 3 47 62 64 18 8.9999999999999982
leaf_count=109 3 3 3 16 9 378 196 4 6 4 3 69 128 3 3 3 47 62 64 18 9
internal_value=0.011277 0.251135 1.51025 0.0540571 0.549768 -0.0204024 0.0731303 0.211387 0.456063 -0.0950929 -0.130756 0.112923 -0.00177797 0.895953 -0.0959675 -1.00768 -0.0860395 0.131456 -0.139675 0.246528 -0.352022
internal_weight=1140 133 18 115 15 1007 450 247 115 203 199 112 132 12 557 6 551 109 442 87 25
internal_count=1140 133 18 115 15 1007 450 247 115 203 199 112 132 12 557 6 551 109 442 87 25
is_linear=0
shrinkage=0.05


Tree=109
num_leaves=23
num_cat=0
split_feature=14 16 1 16 3 18 11 12 11 4 4 16 18 14 18 3 3 18 18 14 14 14
split_gain=2774.25 3212.87 9459.92 2823.09 2344.53 2940.15 16555.6 22723.7 7813.49 3210.1 4697.3 3034.9 1211.11 1402.79 1162.88 868.782 452.395 385.364 390.479 384.653 337.242 186.313
threshold=263.83500000000009 175.73785714285717 35970.215000000011 180.47785714285718 0.56447048214001005 26958.014999999999 340.50000000000006 283.09500000000008 338.50000000000006 44395.000000000007 44810.000000000007 310.03642857142864 28655.435000000005 244.50000000000003 28207.685000000001 0.72200045090608633 0.7765281045332364 17619.420000000002 22753.290000000005 19.485000000000003 284.87000000000006 319.50000000000006
decision_type=8 2 2 2 2 8 8 10 8 2 2 2 10 10 8 2 2 10 10 10 10 10
left_child=1 2 15 -3 17 6 8 -8 -6 11 -11 -7 14 -14 -5 19 -17 -2 21 -1 -20 -19
right_child=4 3 -4 12 5 9 7 -9 -10 10 -12 -13 13 -15 -16 16 -18 18 20 -21 -22 -23
leaf_value=0.39825181166330975 -0.87401571273803713 -1.773080333073934 2.9117732365926106 -0.31249921936255237 0.19072838498247882 -0.34870879524387421 -0.26439277132352196 5.8897008379300422 -2.0377696812152863 0.89971944155792394 0.059023528960016038 0.015949161993445895 0.12269288698832195 -0.27399938081462799 -0.99076250621250694 0.63323343594868942 0.13190484758880403 -0.035066183550017213 -0.29280576348925619 -0.19647837178460484 -0.75190954208374028 -0.46926783720652265
leaf_weight=2.9999999999999991 2.9999999999999991 2.9999999999999991 2.9999999999999991 65 236 64 2.9999999999999991 3 3.9999999999999991 24 54 526 39 52 6.9999999999999991 6.0000000000000027 18 14.000000000000002 12.000000000000002 29 5.9999999999999991 2.9999999999999991
leaf_count=3 3 3 3 65 236 64 3 3 4 24 54 526 39 52 7 6 18 14 12 29 6 3
internal_value=0.0173485 -0.140551 0.176371 -0.253193 0.0546673 0.0706665 0.218442 2.81265 0.153587 0.0162462 0.317699 -0.023607 -0.225219 -0.103988 -0.378441 0.0298316 0.257237 -0.330155 -0.283539 -0.140722 -0.44584 -0.11169
internal_weight=1177 225 59 166 952 914 246 6 240 668 78 590 163 91 72 56 24 38 35 32 18 17
internal_count=1177 225 59 166 952 914 246 6 240 668 78 590 163 91 72 56 24 38 35 32 18 17
is_linear=0
shrinkage=0.05


Tree=110
num_leaves=23
num_cat=0
split_feature=14 12 18 16 12 3 15 16 11 1 1 1 13 18 17 1 12 14 1 16 3 11
split_gain=2624.8 2772.75 5188.35 1997.16 7739.13 9746.75 7726.19 6976.35 15739.5 1921.27 7404.28 3389.33 2144.94 1838.53 1788.78 1751.93 1646.31 3425.39 1432.22 1428.14 1911.38 984.231
threshold=263.83500000000009 270.50000000000006 36420.100000000013 314.86714285714294 379.00000000000006 0.87432776194363593 333.36666666666673 318.9285714285715 345.60500000000008 37340.865000000013 37530.255000000012 36575.780000000006 300.50000000000006 37442.660000000011 19.449397193969691 37858.74500000001 244.50000000000003 283.59500000000008 34263.325000000004 211.92285714285717 0.72200045090608633 379.00000000000006
decision_type=8 8 10 2 10 2 2 2 10 2 2 2 8 10 2 2 10 10 2 2 2 10
left_child=9 2 14 4 5 -3 -6 8 -5 11 -11 19 -13 -9 -2 -12 -4 -18 -16 20 -1 -21
right_child=1 3 16 7 6 -7 -8 13 -10 10 15 12 -14 -15 18 -17 17 -19 -20 21 -22 -23
leaf_value=-0.16816882672517197 1.2010658204555513 -0.060211503169793859 0.35943579673767101 0.2444878437689372 1.9763721108436589 -1.0987246202571053 -0.52912707805633541 0.030226651570675053 3.3659454226493839 2.5929579019546516 -1.303685919443766 -2.0094091892242432 -0.37198121547698959 -0.33816320018635859 0.044299442255426022 0.40508038202921537 0.48223704819877933 2.7172674417495721 0.45260495079888241 -0.29780536346204051 0.35014931712428043 0.091390717382493769
leaf_weight=46 3.9999999999999991 117 2.9999999999999982 21.000000000000004 7.9999999999999982 28 5 572 4.9999999999999991 2.9999999999999982 3 3.9999999999999991 4.0000000000000009 36 105 3 3 4 27 112 29 19
leaf_count=46 4 117 3 21 8 28 5 572 5 3 3 4 4 36 105 3 3 4 27 112 29 19
internal_value=0.00332856 0.0399853 0.240206 0.00307582 -0.155973 -0.260752 1.01272 0.0427125 0.844768 -0.15086 0.564784 -0.180957 -1.1907 0.00841409 0.159383 -0.449303 1.33941 1.7594 0.127816 -0.141744 0.0322475 -0.241357
internal_weight=1161 938 146 792 158 145 13 634 26 223 9 214 8 608 136 6 10 7 132 206 75 131
internal_count=1161 938 146 792 158 145 13 634 26 223 9 214 8 608 136 6 10 7 132 206 75 131
is_linear=0
shrinkage=0.05


Tree=111
num_leaves=26
num_cat=0
split_feature=7 11 12 18 15 18 4 18 18 14 4 12 12 12 18 0 3 1 18 6 14 12 12 2 1
split_gain=1984.95 5603.06 8837.27 3174.89 7621.36 9310.62 5567.23 2923.23 2905.03 2481.39 2024.17 3264.91 3511.07 3513.55 3470.37 3705.53 2808.7 2665.83 1619.06 1384.97 1382.69 984.923 827.124 522.518 353.718
threshold=2.5000000000000004 1107.0000000000002 405.55500000000006 31396.655000000006 323.16666666666669 23884.950000000001 42910.000000000007 32419.975000000002 33350.020000000004 362.0800000000001 35987.500000000007 290.60000000000008 295.55000000000007 298.02000000000004 37340.865000000013 41396.900000000009 0.73791869370042351 40168.775000000001 27345.180000000004 85.500000000000014 369.50000000000006 359.50000000000006 434.72000000000008 17405.180000000004 27813.760000000006
decision_type=2 10 8 10 2 10 2 10 10 10 2 10 10 10 8 2 2 2 8 2 10 8 10 2 2
left_child=1 3 -3 4 6 -6 -1 9 -9 -5 16 14 18 -14 17 -16 21 -12 -13 20 -18 23 -23 -2 -21
right_child=10 2 -4 7 5 -7 -8 8 -10 -11 11 12 13 -15 15 -17 19 -19 -20 24 -22 22 -24 -25 -26
leaf_value=-0.027068746606979905 0.029884494176390126 2.7182534408569348 -0.25450072288513176 -0.90678439191297489 3.4594517389933266 0.56325743405802831 0.91032268194591293 0.35651071709700122 -0.15155107157655281 -0.16647961501564301 0.04494040286854694 -1.4622455522418027 1.2743721842765809 -0.21913132697057833 2.4732526143391929 -0.011878697077433265 0.3121852609018485 -1.1310796988010405 -0.45630750283598892 -0.33683490216732026 1.2695544004440309 -0.36906443923711779 0.10423529048760732 -0.49362845420837403 0.21949519813060761
leaf_weight=232 102 4.9999999999999973 5.0000000000000009 19 2.9999999999999991 37 17 39 101 28 133 7.9999999999999973 3.9999999999999991 254 2.9999999999999991 3 66 4.9999999999999991 8 9.9999999999999982 3.9999999999999991 40 11.999999999999998 4.9999999999999991 3.9999999999999991
leaf_count=232 102 5 5 19 3 37 17 39 101 28 133 8 4 254 3 3 66 5 8 10 4 40 12 5 4
internal_value=-0.0161325 0.0605764 1.23188 0.0359692 0.139842 0.780472 0.0369299 -0.124562 -0.0100196 -0.465752 -0.0725327 -0.139245 -0.240549 -0.195976 0.0535125 1.23069 0.0422239 0.00233098 -0.959277 0.276096 0.366892 -0.0813313 -0.259841 0.00542127 -0.177883
internal_weight=1147 486 10 476 289 40 249 187 140 47 661 418 274 258 144 6 243 138 16 84 70 159 52 107 14
internal_count=1147 486 10 476 289 40 249 187 140 47 661 418 274 258 144 6 243 138 16 84 70 159 52 107 14
is_linear=0
shrinkage=0.05


Tree=112
num_leaves=16
num_cat=0
split_feature=0 17 1 15 3 17 12 11 18 2 0 0 12 12 2
split_gain=4160.42 10590.7 4176.72 3168.6 2724.4 2702.03 4517.8 2395.04 3934.72 3171.97 1804.26 1201.59 860.881 315.481 235.962
threshold=41499.100000000013 163.65802167371291 39918.625000000007 349.83333333333343 0.92244650619492041 400.76360327632136 331.00000000000006 300.50000000000006 26853.440000000002 5977.8300000000008 39012.650000000001 41602.150000000009 318.50000000000006 676.60000000000014 6487.4650000000011
decision_type=2 2 2 2 2 2 8 8 8 2 2 2 8 8 2
left_child=2 3 4 -2 7 6 -6 9 -9 -1 -7 12 -3 14 -13
right_child=1 11 -4 -5 5 10 -8 8 -10 -11 -12 13 -14 -15 -16
leaf_value=-0.38147746055971749 1.3121634960174562 1.0352529525756833 -1.4524011659622194 3.6102074305216463 0.36711470196644469 -1.2905925909678142 1.9905015563964845 0.44688921562649986 0.0036289902595889934 -0.044284814796448357 0.069747474445746499 -0.14672953903675076 0.051133397221565229 -0.58191573619842529 0.30765655711293222
leaf_weight=86 2.9999999999999991 5.0000000000000009 4.9999999999999991 3 30 2.9999999999999991 4.9999999999999991 55 558 369 12.999999999999998 10.000000000000002 4.0000000000000009 2.9999999999999991 3.9999999999999991
leaf_count=86 3 5 5 3 30 3 5 55 558 369 13 10 4 3 4
internal_value=0.00550182 0.567672 -0.010503 2.46119 -0.00406022 0.352959 0.599027 -0.0211089 0.0433995 -0.108018 -0.185316 0.130707 0.597866 -0.116613 -0.0169049
internal_weight=1156 32 1124 6 1119 51 35 1068 613 455 16 26 9 17 14
internal_count=1156 32 1124 6 1119 51 35 1068 613 455 16 26 9 17 14
is_linear=0
shrinkage=0.05


Tree=113
num_leaves=25
num_cat=0
split_feature=5 17 17 14 14 0 14 13 16 2 11 17 17 2 4 4 1 5 1 12 18 0 1 14
split_gain=1941.69 4501.36 32086.8 5502.93 7418.3 9569.88 4225.53 5389.22 3233.36 5675.39 7548.78 2832.84 2770.49 9766.69 4966.9 2455.13 3815.19 2119.8 2053.5 1006.48 862.509 651.165 413.676 100.474
threshold=19.500000000000004 19.449397193969691 17.919889750089176 331.00000000000006 328.50000000000006 41448.650000000001 396.50000000000006 283.59500000000008 419.68571428571437 2840.1900000000005 348.50000000000006 101.30572371503112 258.63379902594141 5929.920000000001 45077.500000000007 44585.000000000007 33152.790000000015 18.500000000000004 26713.685000000009 241.00000000000003 32099.265000000003 40716.900000000009 33332.795000000006 299.51000000000005
decision_type=2 2 2 8 10 2 8 10 2 2 8 2 2 2 2 2 2 2 2 8 10 2 2 10
left_child=1 2 20 4 11 -6 7 -5 9 10 -2 -3 13 -10 18 16 -11 -8 -14 -17 23 -12 -15 -1
right_child=8 3 -4 6 5 -7 17 -9 12 15 21 -13 14 22 -16 19 -18 -19 -20 -21 -22 -23 -24 -25
leaf_value=0.071750175952911402 3.2464556376139342 -0.21569619786459954 5.4919578234354658 1.2653711451424492 -0.56916313234128446 -3.6079283396402992 -0.13439885800754703 0.29389610766412932 -3.0582403182983371 -0.0079770579333266912 -0.043990036845207213 0.088935210575502396 0.12291104741718457 -0.11483195315707813 1.3307317996025088 1.2812012314796455 -0.45191954573447052 0.22776107847941726 -0.4216485321521759 0.34275892376899719 -1.1711907704671221 0.88779346148173 -0.77721197605133063 -0.33746477762858063
leaf_weight=2.9999999999999982 2.9999999999999973 128 2.9999999999999991 18 19.000000000000004 2.9999999999999991 74 69 4.0000000000000027 403 5 189 23 10.999999999999998 4.9999999999999991 3.9999999999999973 55 89 70 10 3 3 2.9999999999999991 3
leaf_count=3 3 128 3 18 19 3 74 69 4 403 5 189 23 11 5 4 55 89 70 10 3 3 3 3
internal_value=-0.00840835 0.0550876 1.01376 0.035556 -0.095688 -0.98354 0.213523 0.494891 -0.0721163 -0.0151866 1.10753 -0.0340705 -0.30916 -0.879319 -0.204437 -0.0413516 -0.0612889 0.0633449 -0.286973 0.610885 -0.478968 0.305429 -0.256771 -0.132857
internal_weight=1200 601 12 589 339 22 250 87 599 483 11 317 116 18 98 472 458 163 93 14 9 8 14 6
internal_count=1200 601 12 589 339 22 250 87 599 483 11 317 116 18 98 472 458 163 93 14 9 8 14 6
is_linear=0
shrinkage=0.05


Tree=114
num_leaves=18
num_cat=0
split_feature=0 0 17 16 2 0 4 4 1 0 12 15 0 6 11 6 13
split_gain=3285.5 4324.54 4276.82 5050.62 2243.13 5210.74 3320.4 5775.41 2437.78 1953.85 1661.59 1541.17 2402.07 543.782 524.936 233.315 23.2843
threshold=41322.55000000001 41257.100000000006 64.476479899219882 324.57857142857148 2872.6200000000003 37166.55000000001 44860.000000000007 44395.000000000007 35041.584999999999 41602.150000000009 295.55000000000007 699.08333333333337 41499.100000000013 76.500000000000014 463.00000000000006 76.500000000000014 369.50000000000006
decision_type=2 2 2 2 2 2 2 2 2 2 10 2 2 2 8 2 10
left_child=1 4 3 -2 5 -1 7 -6 -8 11 -7 12 -4 14 -11 -13 -15
right_child=2 -3 9 -5 6 10 8 -9 -10 13 -12 15 -14 16 -16 -17 -18
leaf_value=2.3385165214538577 0.37281853258609776 -1.4895288467407228 0.27987506443803944 3.0867607116699212 -0.039939830055175894 0.68658772297203541 -0.39182354001437908 0.61332441840853014 -1.7637225627899171 -0.57037389410866624 -0.0033223176898900422 0.11629169136285783 1.4646994897297452 0.11840113600095113 0.11803058832883831 -0.46701858043670641 0.31539643605550127
leaf_weight=2.9999999999999991 3.9999999999999991 4.9999999999999991 11.000000000000005 3 1015 11.999999999999998 17.000000000000004 35 3.9999999999999991 9 32 3.9999999999999991 6.9999999999999991 2.9999999999999991 4.0000000000000009 3 3
leaf_count=3 4 5 11 3 1015 12 17 35 4 9 32 4 7 3 4 3 3
internal_value=-0.00451489 -0.02234 0.387987 1.53594 -0.0157783 0.322304 -0.0306148 -0.0181644 -0.653138 0.205359 0.184835 0.495825 0.74064 -0.176834 -0.358557 -0.133698 0.216899
internal_weight=1174 1123 51 7 1118 47 1071 1050 21 44 44 25 18 19 13 7 6
internal_count=1174 1123 51 7 1118 47 1071 1050 21 44 44 25 18 19 13 7 6
is_linear=0
shrinkage=0.05


Tree=115
num_leaves=18
num_cat=0
split_feature=11 11 7 14 2 3 11 2 3 0 16 6 12 18 16 12 0
split_gain=2506.52 4862.82 3260.31 4705.86 3076.66 4502.41 2386.92 2016.94 1980.92 1884.6 1652.37 3486.33 3342.43 1188.51 1023.17 818.973 593.549
threshold=456.12500000000006 450.50000000000006 1.0000000180025095e-35 349.50000000000006 2840.1900000000005 0.92767546706777626 463.00000000000006 3133.4250000000006 0.90742128172380265 36974.700000000004 460.12642857142862 81.500000000000014 555.00000000000011 33112.295000000006 340.71428571428572 400.50000000000006 40533.500000000007
decision_type=10 10 2 10 2 2 10 2 2 2 2 2 8 8 2 10 2
left_child=1 4 3 15 5 -1 14 9 -9 -6 12 -12 -8 -7 -4 -2 -5
right_child=2 -3 6 16 7 13 10 8 -10 -11 11 -13 -14 -15 -16 -17 -18
leaf_value=2.0742869853973374 -0.53561580975850442 -1.7578367883339525 0.39851063191890712 2.4944350242614739 -1.6561290105183901 0.061525627269464367 0.13406487634548775 -0.028928569784142863 0.31803354187760247 -0.31222733460366725 0.10929096080362798 -1.0018982230685651 1.8410824775695802 1.0194394230842592 1.5294201612472531 0.55724052786827083 1.4998250007629392
leaf_weight=4.0000000000000027 2.9999999999999982 3.9999999999999991 4 3 3.0000000000000027 17.000000000000004 65 950 43 20 24 9.9999999999999982 2.9999999999999991 3.9999999999999991 4 4 3
leaf_count=4 3 4 4 3 3 17 65 950 43 20 24 10 3 4 4 4 3
internal_value=0.00730132 -0.0178279 0.220797 0.969607 -0.011142 0.536834 0.132302 -0.0246256 -0.013904 -0.487519 0.0670732 -0.217529 0.209374 0.243985 0.963965 0.0888735 1.99713
internal_weight=1168 1045 123 13 1041 25 110 1016 993 23 102 34 68 21 8 7 6
internal_count=1168 1045 123 13 1041 25 110 1016 993 23 102 34 68 21 8 7 6
is_linear=0
shrinkage=0.05


Tree=116
num_leaves=15
num_cat=0
split_feature=3 14 2 0 16 4 3 17 2 4 18 3 6 0
split_gain=2582.39 3601.66 3528.55 3738.56 2134.26 4647.78 8148.41 2717.67 2525.61 1974.67 1860.53 1059.02 888.986 733.072
threshold=0.96962000981229768 329.50000000000006 2872.6200000000003 37166.55000000001 466.39285714285717 44395.000000000007 0.90742128172380265 261.47652217909337 6804.6050000000005 43067.500000000007 31396.655000000006 0.96839883296246421 79.500000000000014 37958.900000000001
decision_type=2 10 2 2 2 2 2 2 2 2 10 2 2 2
left_child=2 -2 3 -1 5 10 -7 8 -6 -9 -4 13 -13 -5
right_child=1 -3 4 11 7 6 -8 9 -10 -11 -12 12 -14 -15
leaf_value=2.1514223655064901 0.20428290764490764 -2.2457728028297419 0.049586287334463318 0.64421584606170657 -2.2399751504262286 0.25916229155328541 2.2493971824645995 -0.27825402701168916 -0.18830461502075191 0.092887797107299164 -0.1094947228259517 1.5417691349983216 0.40315655395388594 0.10358587750073137
leaf_weight=2.9999999999999991 2.9999999999999991 3 665 7.9999999999999991 2.9999999999999991 36 5.9999999999999991 89 3 60 254 2.9999999999999991 4 29
leaf_count=3 3 3 665 8 3 36 6 89 3 60 254 3 4 29
internal_value=0.0138911 -1.02074 0.0192289 0.443615 0.00135597 0.0291253 0.543482 -0.170814 -1.21414 -0.128801 0.0056183 0.327174 0.891133 0.220479
internal_weight=1169 6 1163 47 1116 961 42 155 6 149 919 44 7 37
internal_count=1169 6 1163 47 1116 961 42 155 6 149 919 44 7 37
is_linear=0
shrinkage=0.05


Tree=117
num_leaves=23
num_cat=0
split_feature=3 4 4 16 11 16 17 4 16 11 4 13 4 13 17 2 11 2 13 2 7 17
split_gain=2093.34 4091.94 3527.05 3208.24 4709.64 5809.92 3972.59 3966.16 2909.54 2560.41 1381.15 1743.24 1915.9 1115.02 735.736 1147.49 674.528 664.017 584.357 412.907 395.142 129.253
threshold=0.77305376033391571 35692.500000000007 43067.500000000007 304.05285714285719 300.50000000000006 310.75357142857143 18.397587654077036 36384.500000000007 342.61214285714294 397.50000000000006 33305.000000000007 260.99000000000007 33155.000000000007 431.50000000000006 21.324586243168557 6381.3150000000014 349.50000000000006 11626.925000000001 258.08500000000009 14395.840000000002 5.5000000000000009 415.09364292978734
decision_type=2 2 2 2 8 2 2 2 2 10 2 8 2 10 2 2 10 2 10 2 2 2
left_child=2 8 10 7 5 -5 -6 -3 14 -9 11 -1 -13 -10 20 -16 17 -12 -18 21 -2 -4
right_child=1 3 19 4 6 -7 -8 9 13 -11 16 12 -14 -15 15 -17 18 -19 -20 -21 -22 -23
leaf_value=1.2146501541137695 -0.13065453365445137 1.6552482128143311 1.2547204017639164 -1.9608043974637988 -1.1210497805050441 -0.22126442834114035 0.080402350566576963 0.10445431445592218 0.78330962806940063 0.81363553245862319 -0.30773641248723788 -0.078087413164858635 0.40814007545510933 1.9638898849487303 0.1316726485124001 0.77348317344983419 0.28296230783065163 -0.12979672608148848 -0.095911414109504045 0.30742194751898438 0.52361661195755005 0.83958483695983865
leaf_weight=2.9999999999999991 9.9999999999999982 4.9999999999999991 2.9999999999999982 4.9999999999999991 6.9999999999999991 120 402 84 4 14.999999999999998 95 130 24 4 13.000000000000002 14.999999999999998 11.999999999999998 117 67 3 2.9999999999999991 5
leaf_count=3 10 5 3 5 7 120 402 84 4 15 95 130 24 4 13 15 12 117 67 3 3 5
internal_value=0.00581264 0.061049 -0.0768614 0.0272313 -0.0222497 -0.290846 0.0598396 0.281297 0.501369 0.211906 -0.0985798 0.0209423 -0.0023117 1.3736 0.331178 0.4755 -0.163064 -0.209534 -0.038361 0.807668 0.0203311 0.995261
internal_weight=1146 687 459 638 534 125 409 104 49 99 448 157 154 8 41 28 291 212 79 11 13 8
internal_count=1146 687 459 638 534 125 409 104 49 99 448 157 154 8 41 28 291 212 79 11 13 8
is_linear=0
shrinkage=0.05


Tree=118
num_leaves=25
num_cat=0
split_feature=6 14 18 1 3 4 11 18 13 6 4 12 12 1 6 4 13 4 13 0 12 1 0 17
split_gain=2389.42 2499.57 5667.13 2449.93 2266.02 3303.71 3488.77 9537.22 3192.88 2896.78 2461.31 1479.25 1581.22 1337.09 1056.24 1045.2 1639.75 995.566 660.783 630.24 570.834 486.811 364.586 124.895
threshold=85.500000000000014 358.00000000000006 26494.755000000001 32563.334999999999 0.76193772138032589 35692.500000000007 300.50000000000006 27931.510000000002 424.50000000000006 74.500000000000014 43067.500000000007 289.50000000000006 285.26000000000005 26713.685000000009 87.500000000000014 33305.000000000007 260.99000000000007 42910.000000000007 419.50000000000006 34172.500000000007 336.28500000000003 30532.095000000005 40570.650000000001 415.09364292978734
decision_type=2 10 10 2 2 2 8 8 8 2 2 8 8 2 2 2 8 2 10 2 10 2 2 2
left_child=4 11 -3 20 10 8 9 -8 18 -7 15 12 17 19 -15 16 -1 -2 -6 -13 -4 -17 -12 -24
right_child=1 2 3 -5 5 6 7 -9 -10 -11 22 13 -14 14 -16 21 -18 -19 -20 -21 -22 -23 23 -25
leaf_value=0.91712350845336921 -0.026802439595523638 -2.5855262756347659 -0.11029230358877354 -1.6956839243570965 0.28277074439185007 -0.64370380590359377 0.94856430507977219 0.074008771827941147 1.7331669807434082 -0.038859957931316004 0.34760213866829881 0.4859026738575527 1.2378928661346436 -0.17153632181121947 -0.58504794887874434 -0.15966027436143168 -0.0053356757472184579 0.44377674634701442 0.90678190231323252 -0.036429849639534953 -0.64770721594492597 0.48200211524963382 1.1919843673706052 0.73574101130167624
leaf_weight=4.9999999999999991 57 2.9999999999999991 28 2.9999999999999991 28 24 34 375 4.9999999999999991 113 3.9999999999999982 6.9999999999999991 2.9999999999999991 47 23 201 132 13.999999999999998 4.9999999999999991 33 5.9999999999999991 2.9999999999999991 3 3
leaf_count=5 57 3 28 3 28 24 34 375 5 113 4 7 3 47 23 201 132 14 5 33 6 3 3 3
internal_value=0.00944996 -0.137225 -0.495451 -0.325986 0.0445892 0.104934 0.0735612 0.14671 0.555719 -0.144818 -0.0558143 -0.0593498 0.113497 -0.175629 -0.307404 -0.078488 0.0283307 0.0659878 0.377318 0.0549783 -0.20513 -0.150224 0.717358 0.963863
internal_weight=1159 224 40 37 935 584 546 409 38 137 351 184 74 110 70 341 137 71 33 40 34 204 10 6
internal_count=1159 224 40 37 935 584 546 409 38 137 351 184 74 110 70 341 137 71 33 40 34 204 10 6
is_linear=0
shrinkage=0.05


Tree=119
num_leaves=24
num_cat=0
split_feature=3 4 17 14 17 13 4 13 12 6 14 4 12 1 2 3 13 11 11 3 11 17 17
split_gain=2055.46 3782.21 3751.22 18949.3 15479.9 3421.82 3301.04 2089.33 1323.59 1159.2 946.619 818.695 817.992 664.272 652 564.482 535.861 643.769 415.769 330.087 292.194 110.258 13.5037
threshold=0.75310933834168725 35692.500000000007 18.397587654077036 318.50000000000006 18.984924113714069 244.50000000000003 43067.500000000007 431.50000000000006 285.26000000000005 75.500000000000014 230.02500000000003 34905.000000000007 299.51000000000005 25387.780000000002 7070.7350000000006 0.66888316132465164 419.50000000000006 319.50000000000006 301.52000000000004 0.83708938855837889 247.90500000000003 413.98988375436215 418.18451031500109
decision_type=2 2 2 10 2 8 2 8 8 2 10 2 10 2 2 2 10 10 10 2 10 2 2
left_child=6 7 3 8 -4 -6 9 16 -3 10 12 13 -1 -11 -9 -13 19 -18 -12 -2 -8 -22 -23
right_child=1 2 4 -5 5 -7 20 14 -10 11 18 15 -14 -15 -16 -17 17 -19 -20 -21 21 22 -24
leaf_value=0.42651859112083923 0.32636728472000848 0.85214176774025008 3.6270503997802734 -4.3131657689809799 0.39750872593569131 -0.0078185967587404877 0.31335538672283292 1.8506247520446779 -0.24097847143808995 -0.059628020649694885 -0.4879392532631755 -0.054000669645218102 -0.31359139340264458 0.14791260567525852 0.80819176038106255 -0.24672685815393924 0.22206078469753271 1.0730837821960448 -0.23499738491620079 -0.073432052135467538 1.0726010163625084 0.65016196966171247 0.79049358367919897
leaf_weight=7.9999999999999982 37 3.9999999999999973 2.9999999999999991 2.9999999999999991 57 602 3.9999999999999991 2.9999999999999991 9 115 32 77 7 58 3 75 3.9999999999999982 5 33 5.9999999999999991 2.9999999999999982 4 3
leaf_count=8 37 4 3 3 57 602 4 3 9 115 32 77 7 58 3 75 4 5 33 6 3 4 3
internal_value=0.00809373 0.0584208 0.0252693 -0.731234 0.0435534 0.0272401 -0.080309 0.44595 0.0953662 -0.106402 -0.2769 -0.0644334 0.0811339 0.00995207 1.32941 -0.149096 0.344013 0.694851 -0.359523 0.270581 0.674525 0.818993 0.710304
internal_weight=1155 736 678 16 662 659 419 58 13 405 80 325 15 173 6 152 52 9 65 43 14 10 7
internal_count=1155 736 678 16 662 659 419 58 13 405 80 325 15 173 6 152 52 9 65 43 14 10 7
is_linear=0
shrinkage=0.05


Tree=120
num_leaves=16
num_cat=0
split_feature=0 17 1 0 2 17 2 14 1 0 0 0 12 0 12
split_gain=3040.92 9642.65 6217.84 4269.32 1631.71 7178.72 4664.04 23218.7 5242.75 4036.59 3454.47 782.495 777.39 488.866 252.939
threshold=41499.100000000013 163.65802167371291 39918.625000000007 41850.200000000004 4560.6400000000003 20.877654236708164 4847.4350000000004 325.50000000000006 35588.710000000006 37658.750000000007 41257.100000000006 41602.150000000009 318.50000000000006 41680.400000000001 943.50000000000011
decision_type=2 2 2 2 2 2 2 10 2 2 2 2 8 2 10
left_child=2 3 4 -2 5 9 7 -6 -8 -1 -7 12 -3 -13 -15
right_child=1 11 -4 -5 6 10 8 -9 -10 -11 -12 13 -14 14 -16
leaf_value=-0.80658658941586825 3.5867326736450198 0.83967381596565227 -2.0138380602002144 0.91923553148905413 0.0043691864720097296 -0.044969091963286356 -0.023532573476140461 3.713716596364975 -2.1174191157023112 -2.8571441411972049 -1.1751711947577339 -0.73547015190124432 -0.042023639678955067 0.06637964608768622 -0.44692123134930928
leaf_weight=11.999999999999998 2.9999999999999991 5.0000000000000009 3.9999999999999991 3 27 198 851 4.9999999999999991 2.9999999999999991 2.9999999999999991 6.9999999999999991 3.0000000000000027 5.0000000000000009 11.999999999999998 2.9999999999999991
leaf_count=12 3 5 4 3 27 198 851 5 3 3 7 3 5 12 3
internal_value=-0.031794 0.433986 -0.0460611 2.25298 -0.0389444 -0.160821 -0.00868163 0.583955 -0.0308881 -1.2167 -0.0835614 0.0442012 0.398825 -0.152812 -0.0362805
internal_weight=1144 34 1110 6 1106 220 886 32 854 15 205 28 10 18 15
internal_count=1144 34 1110 6 1106 220 886 32 854 15 205 28 10 18 15
is_linear=0
shrinkage=0.05


Tree=121
num_leaves=25
num_cat=0
split_feature=2 17 0 8 0 0 1 17 18 11 1 2 7 14 3 18 1 2 1 0 12 18 16 2
split_gain=2627.58 4155.72 4672.44 1793.66 3580.27 33738.1 5320.67 2104.92 2290.86 2098.47 5912.49 3353.36 1880.4 1417.43 1218.37 1039.31 1013.67 761.869 589.3 554.175 423.59 578.563 151.132 150.906
threshold=2872.6200000000003 104.45898160297236 37544.250000000007 4.5000000000000009 38494.600000000006 38602.900000000001 33770.875000000007 33.33839905184886 25181.705000000005 306.00000000000006 37133.655000000006 5977.8300000000008 1.5000000000000002 309.50000000000006 0.96839883296246421 29588.675000000003 34776.805000000008 1622.2750000000003 20109.110000000004 41322.55000000001 291.50000000000006 35539.770000000011 466.39285714285717 1521.0700000000004
decision_type=2 2 2 2 2 2 2 2 10 8 2 2 2 10 2 10 2 2 2 2 10 8 2 2
left_child=1 2 -1 7 6 -6 12 8 18 11 -11 -9 -5 17 23 -10 -7 22 -2 -16 -15 -22 -3 -4
right_child=3 13 14 4 5 16 -8 9 15 10 -12 -13 -14 20 19 -17 -18 -19 -20 -21 21 -23 -24 -25
leaf_value=2.3763826370239238 -0.21468419075012193 -0.43511506716410281 -0.076977853973706475 -0.27356313353776934 5.6771517435709571 -0.18697970142820847 -2.0306043942769367 -0.40813969237648923 -0.99081387519836428 0.043290068758791211 1.5072757346289498 -0.022841521116554547 0.22322904786095021 -0.2587540922065576 0.59471261501312245 -0.30790943457530096 0.70292599201202399 -0.94133101105690009 0.41767815436635702 1.4270097672939297 1.0036683559417729 0.18945921547710892 0.013782755434513089 0.32308743921193211
leaf_weight=4.0000000000000027 5.0000000000000027 3.0000000000000018 3.0000000000000027 25 3.0000000000000027 16.000000000000004 2.9999999999999991 69 5.9999999999999991 467 6.9999999999999991 311 80 2.9999999999999991 4 78 3.9999999999999991 4.9999999999999991 13.999999999999998 4 2.9999999999999973 8 5 10.999999999999998
leaf_count=4 5 3 3 25 3 16 3 69 6 467 7 311 80 3 4 78 4 5 14 4 3 8 5 11
internal_value=0.00947939 0.35326 0.80444 -0.00726727 0.166251 0.732673 0.0456244 -0.0310195 -0.244541 -0.00526693 0.0649101 -0.0928036 0.104945 -0.08121 0.518633 -0.356688 -0.00899856 -0.45716 0.251267 1.01086 0.267887 0.411516 -0.154554 0.237359
internal_weight=1141 53 26 1088 131 23 108 957 103 854 474 380 105 27 22 84 20 13 19 8 14 11 8 14
internal_count=1141 53 26 1088 131 23 108 957 103 854 474 380 105 27 22 84 20 13 19 8 14 11 8 14
is_linear=0
shrinkage=0.05


Tree=122
num_leaves=19
num_cat=0
split_feature=11 11 15 15 18 16 1 2 18 1 0 18 6 6 18 1 2 6
split_gain=2043.14 5562.66 2445.68 6486.08 2447.92 3721.79 2341 10222 2924.2 2185.47 11662.2 1933.85 1183.23 1091 1064.27 633.271 144.436 141.822
threshold=456.12500000000006 450.50000000000006 675.36666666666679 663.26166666666677 37442.660000000011 455.66857142857145 37214.820000000014 3724.8350000000005 33112.295000000006 36965.920000000006 41257.100000000006 26230.235000000004 82.500000000000014 75.500000000000014 37530.255000000012 35331.125000000007 1622.2750000000003 79.500000000000014
decision_type=10 10 2 2 10 2 2 2 8 2 2 8 2 2 8 2 2 2
left_child=1 6 3 4 5 -2 9 8 -8 11 -11 -1 15 -6 -14 17 -17 -4
right_child=2 -3 12 -5 13 -7 7 -9 -10 10 -12 -13 14 -15 -16 16 -18 -19
leaf_value=0.10746729146725463 0.27002983131947428 -2.1487258791923525 -0.14809714886877265 2.6391548156738285 -0.025688759485880536 1.8338099718093872 -0.23090501864751167 3.2300018628438316 1.2906042814254761 0.49333038926124584 -3.3247519175211582 -0.043209802997703467 -1.2333937883377082 -1.3741469025611874 -0.13918155312538144 0.052871756255626658 0.34900221824645999 -0.5450608889261882
leaf_weight=308 78 2.9999999999999991 9.0000000000000018 2.9999999999999991 2.9999999999999991 3.9999999999999991 15.000000000000005 2.9999999999999991 3.9999999999999991 5.9999999999999982 3 690 3.9999999999999973 3 5.0000000000000009 7.0000000000000027 9.9999999999999982 2.9999999999999991
leaf_count=308 78 3 9 3 3 4 15 3 4 6 3 690 4 3 5 7 10 3
internal_value=0.0246268 0.00117593 0.212233 0.352918 0.274978 0.346312 0.00744386 0.517675 0.0894127 -0.00370319 -0.779364 0.00329175 -0.124669 -0.699918 -0.625498 0.0307609 0.227066 -0.247338
internal_weight=1161 1032 129 91 88 82 1029 22 19 1007 9 998 38 6 9 29 17 12
internal_count=1161 1032 129 91 88 82 1029 22 19 1007 9 998 38 6 9 29 17 12
is_linear=0
shrinkage=0.05


Tree=123
num_leaves=22
num_cat=0
split_feature=3 6 3 12 12 18 8 0 13 0 13 0 16 0 0 3 3 0 12 3 18
split_gain=1890.89 3661.81 3697.84 2742.11 2389.74 4165.98 1959.55 3307.81 30407.6 4803.58 2157.41 1809.94 1686.12 1602.57 7536.05 10405.9 2994.49 3463.6 2718.49 1391.22 781.921
threshold=0.90742128172380265 73.500000000000014 0.9141067886808939 1005.0000000000001 269.99000000000007 33213.600000000006 4.5000000000000009 38450.750000000007 295.55000000000007 38308.600000000013 439.00000000000006 40432.450000000004 260.64714285714291 41448.650000000001 41556.150000000009 0.88695975249010484 0.87542446380032002 41214.750000000007 359.50000000000006 0.77305376033391571 26494.755000000001
decision_type=2 2 2 8 10 10 2 2 10 2 8 2 2 2 2 2 2 2 10 2 10
left_child=6 2 -2 4 5 -3 13 9 -9 10 -8 -5 -6 16 15 -15 19 -18 -16 -1 -10
right_child=1 3 -4 11 12 -7 7 8 20 -11 -12 -13 -14 14 18 -17 17 -19 -20 -21 -22
leaf_value=-0.085062982349282945 2.6425101352234681 1.4258861541748046e-05 0.15995705127716062 2.0270514647165938 -1.0792897939682007 1.0540201820433139 0.078231909820953238 5.4115574359893737 0.3719882923364638 -1.6484218835830688 1.438270445664724 0.40239685177803031 -0.02571213225523631 0.31564598257342963 0.14869149625301362 3.9222263971964511 -0.25684913645733842 -1.9835472822189333 -1.2573965167999268 0.050787453638463653 -0.22666044983391964
leaf_weight=354 2.9999999999999991 25 3 2.9999999999999991 3.9999999999999991 14.999999999999998 104 3.0000000000000027 10.000000000000002 3.9999999999999991 2.9999999999999991 4 75 6.0000000000000018 10.999999999999998 3 91 2.9999999999999991 4.9999999999999991 403 11.999999999999998
leaf_count=354 3 25 3 3 4 15 104 3 10 4 3 4 75 6 11 3 91 3 5 403 12
internal_value=0.0164296 0.194418 1.40123 0.136951 0.0803789 0.395266 -0.00678638 0.169793 0.689385 0.0527679 0.116364 1.09868 -0.0790578 -0.0342006 0.360367 1.51784 -0.0457919 -0.311957 -0.290711 -0.012741 0.0454526
internal_weight=1144 132 6 126 119 40 1012 136 25 111 107 7 79 876 25 9 851 94 16 757 22
internal_count=1144 132 6 126 119 40 1012 136 25 111 107 7 79 876 25 9 851 94 16 757 22
is_linear=0
shrinkage=0.05


Tree=124
num_leaves=17
num_cat=0
split_feature=0 4 0 2 16 13 0 8 11 17 16 13 6 16 6 4
split_gain=1389.22 1356.7 3141.94 2796.44 3639.73 2471.29 2069.46 16686.5 14732.1 3066.05 13930 1982.96 1526.64 1183.38 673.783 588.066
threshold=42109.350000000006 37329.500000000007 37215.200000000004 7310.9450000000006 312.6357142857143 245.90000000000003 38494.600000000006 4.5000000000000009 304.75500000000005 20.877654236708164 313.64285714285717 241.00000000000003 79.500000000000014 230.16214285714287 75.500000000000014 36349.500000000007
decision_type=2 2 2 2 2 8 2 2 10 2 2 10 2 2 2 2
left_child=1 2 5 4 -4 15 9 11 -9 10 -3 -8 -7 -11 -5 -1
right_child=-2 6 3 14 -6 12 7 8 -10 13 -12 -13 -14 -15 -16 -17
leaf_value=1.4266242116689682 1.0791886399189632 -0.21448223543794531 1.872197049856186 -0.28695649358133479 0.33465272237857185 -0.1951027186649541 0.40659282419544002 0.1716121514638265 5.1267650763193755 0.040047294755155845 -3.8807133992513023 -0.048837703963540292 0.026602184134112163 -0.17977695446571657 0.07751485052314111 0.50055938959121693
leaf_weight=2.9999999999999991 2.9999999999999991 19.000000000000004 3.9999999999999991 14.999999999999998 102 120 26 2.9999999999999991 3 96 2.9999999999999991 296 220 169 82 4
leaf_count=3 3 19 4 15 102 120 26 3 3 96 3 296 220 169 82 4
internal_value=0.00461523 0.00184808 0.0589045 0.215149 0.392673 -0.0325007 -0.049178 0.0366176 2.64919 -0.14723 -0.714423 -0.0120638 -0.0516466 -0.100143 0.0211533 0.897444
internal_weight=1168 1165 550 203 106 347 615 328 6 287 22 322 340 265 97 7
internal_count=1168 1165 550 203 106 347 615 328 6 287 22 322 340 265 97 7
is_linear=0
shrinkage=0.05


Tree=125
num_leaves=20
num_cat=0
split_feature=0 17 4 13 0 14 4 13 3 17 8 2 18 0 11 0 6 0 0
split_gain=2588.81 9517.49 1796.49 2614.31 2603.57 3839.79 2374.75 2766.4 2601.8 14815.8 2208.28 2163.19 2032.65 1538.74 2839.21 1419.55 508.56 464.001 409.992
threshold=41448.650000000001 62.610171122972844 37329.500000000007 246.83500000000004 37215.200000000004 339.50000000000006 42910.000000000007 231.50000000000003 0.83442513771122584 18.984924113714069 4.5000000000000009 12097.470000000001 23970.810000000005 41602.150000000009 379.00000000000006 36749.650000000009 74.500000000000014 41556.150000000009 41789.450000000004
decision_type=2 2 2 8 2 10 2 10 2 2 2 2 8 2 10 2 2 2 2
left_child=2 -2 3 15 12 -6 8 -8 10 -10 -4 -9 -5 14 17 -1 -15 -3 -18
right_child=1 13 6 4 5 -7 7 11 9 -11 -12 -13 -14 16 -16 -17 18 -19 -20
leaf_value=0.32949937462806711 3.1105964660644534 -0.2325144678354264 -0.086863587803388251 0.15601706627889403 -0.0055906286478162774 0.43380833059908402 1.5780240058898927 -0.0024244353769069032 -3.8192207495371502 -0.25743784364483774 0.97332328081130981 0.69376357508202391 -0.12930320849021276 -0.53997468695044482 1.9450127015511196 1.5932213783264157 0.56510466734568288 0.48998226314783094 -0.088405263175567003
leaf_weight=4.9999999999999982 2.9999999999999991 3.9999999999999982 278 84 124 83 2.9999999999999991 159 2.9999999999999991 109 4.9999999999999991 11.999999999999998 243 5.0000000000000027 2.9999999999999991 4 2.9999999999999991 5 11.999999999999998
leaf_count=5 3 4 278 84 124 83 3 159 3 109 5 12 243 5 3 4 3 5 12
internal_value=-0.00565549 0.41775 -0.0189821 0.0460736 0.0318307 0.170593 -0.0810652 0.0728376 -0.14886 -0.352843 -0.0681324 0.0464309 -0.0560099 0.165296 0.612908 0.891154 -0.103271 0.168873 0.0422967
internal_weight=1147 35 1112 543 534 207 569 174 395 112 283 171 327 32 12 9 20 9 15
internal_count=1147 35 1112 543 534 207 569 174 395 112 283 171 327 32 12 9 20 9 15
is_linear=0
shrinkage=0.05


Tree=126
num_leaves=11
num_cat=0
split_feature=3 3 3 16 17 4 2 12 2 15
split_gain=1105.63 2973.06 1906.74 867.488 2810.2 2771.87 2427.44 1872.16 4128.95 1554.64
threshold=0.96962000981229768 0.96980437379853035 0.96839883296246421 466.39285714285717 261.47652217909337 43067.500000000007 6804.6050000000005 1040.0000000000002 4512.7750000000005 587.40166666666676
decision_type=2 2 2 2 2 2 2 10 2 2
left_child=2 -2 3 7 6 -6 -5 9 -9 -1
right_child=1 -3 -4 4 5 -7 -8 8 -10 -11
leaf_value=0.02369261533357361 -1.8264804363250726 0.16451985955238341 0.98201813936233529 -2.1697732289632161 -0.24253360807247787 0.17498027244183634 -0.15837080677350357 1.953824830055237 -0.013633009791374207 -0.39235999480537748
leaf_weight=944 3 5 4.9999999999999991 2.9999999999999991 92 70 3 3.9999999999999991 7.9999999999999991 23
leaf_count=944 3 5 5 3 92 70 3 4 8 23
internal_value=0.00366563 -0.582105 0.00773348 0.00348638 -0.101482 -0.0621264 -1.16407 0.0214993 0.642186 0.0137968
internal_weight=1160 8 1152 1147 168 162 6 979 12 967
internal_count=1160 8 1152 1147 168 162 6 979 12 967
is_linear=0
shrinkage=0.05


Tree=127
num_leaves=28
num_cat=0
split_feature=17 2 13 18 2 13 3 3 11 11 17 16 16 15 8 7 3 2 1 4 4 1 2 2 18 14 13
split_gain=1925.06 5228.08 5447.72 5923.7 7670.34 4401.41 2437.52 4409.2 3225.22 3898.71 5392 3388.09 5096.29 2717.67 2248.36 2066.67 2016.06 1192.58 1117.89 2507.56 1879.45 950.604 899.006 1028.34 610.075 303.769 192.779
threshold=32.893389309290306 5850.4250000000002 299.51000000000005 25575.665000000005 4426.6500000000005 290.10000000000008 0.88288534764642168 0.8777963782469772 264.50000000000006 245.90000000000003 41.07603901779639 322.52857142857152 322.87142857142857 308.07166666666677 3.5000000000000004 1.5000000000000002 0.90182207471001197 14806.325000000003 28804.130000000001 35692.500000000007 43067.500000000007 27399.000000000004 5481.0100000000011 2992.3950000000004 28892.090000000007 253.49000000000004 302.35000000000008
decision_type=2 2 10 10 2 10 2 2 10 8 2 2 2 2 2 2 2 2 2 2 2 2 2 2 10 8 8
left_child=1 2 3 4 -1 -5 7 18 9 10 -8 13 -13 -10 -9 21 -11 24 20 -20 -2 25 23 -4 -17 -3 -19
right_child=6 15 22 5 -6 -7 8 14 11 16 -12 12 -14 -15 -16 17 -18 26 19 -21 -22 -23 -24 -25 -26 -27 -28
leaf_value=-0.9401247382163993 -0.087289738210427043 -0.083972587622702127 0.28172503369195118 0.28237081936427527 -4.2846591313680005 -1.5631245295206704 1.9384207963943461 -1.8151898336410526 0.097032093008359285 -2.35857671101888 -0.54720492660999298 -1.9183507760365803 0.16763570260363403 0.9364254516583902 -0.3157375931739807 0.41723345761351727 -0.64390724301338187 0.053619404137134577 0.49897729199508145 0.015263787045312878 0.57574211629954253 0.60397903124491381 0.61703995068868001 -0.37644120363088757 0.11985283036317146 -0.40500941127538681 -0.35708978414535519
leaf_weight=4.0000000000000027 377 9.9999999999999982 6.9999999999999991 6.9999999999999982 3 6 3.0000000000000027 4.9999999999999982 14.999999999999998 2.9999999999999991 7.9999999999999991 2.9999999999999991 122 27 5 34 4 3.9999999999999973 29 352 10.999999999999998 2.9999999999999991 2.9999999999999991 39 35 28 10
leaf_count=4 377 10 7 7 3 6 3 5 15 3 8 3 122 27 5 34 4 4 29 352 11 3 3 39 35 28 10
internal_value=-0.0124314 -0.156572 -0.50543 -1.20083 -2.3735 -0.569396 0.0164266 -0.022319 0.179577 -0.456319 0.130693 0.248117 0.117572 0.636642 -1.06546 0.0375509 -1.37877 0.181016 -0.00875406 0.0520819 -0.0684924 -0.252879 -0.221592 -0.276285 0.266388 -0.320526 -0.239744
internal_weight=1157 193 69 20 7 13 964 779 185 18 11 167 125 42 10 124 7 83 769 381 388 41 49 46 69 38 14
internal_count=1157 193 69 20 7 13 964 779 185 18 11 167 125 42 10 124 7 83 769 381 388 41 49 46 69 38 14
is_linear=0
shrinkage=0.05


Tree=128
num_leaves=29
num_cat=0
split_feature=4 1 11 16 6 13 6 12 16 1 6 1 12 4 4 2 2 14 3 13 1 7 2 12 16 12 13 2
split_gain=2174.99 1725.85 6208.74 3217.93 4607.61 2467.51 1438.65 1543.33 1375.32 1523.12 1365.85 1808.43 2170.14 1701.52 3048.94 1207.7 1368.06 2263.41 1415.51 1160.97 1083.46 938.02 899.375 851.739 862.846 396.603 413.098 81.2093
threshold=37329.500000000007 31667.535 349.50000000000006 305.91071428571433 85.500000000000014 274.98500000000007 74.500000000000014 272.25000000000006 318.2278571428572 37133.655000000006 75.500000000000014 40168.775000000001 290.10000000000008 44395.000000000007 44810.000000000007 15670.530000000001 6309.7300000000005 369.50000000000006 0.82405847256116604 256.79500000000007 37214.820000000014 2.5000000000000004 4197.2500000000009 268.96000000000009 337.71357142857147 398.20000000000005 295.05000000000007 18066.605000000003
decision_type=2 2 10 2 2 10 2 10 2 2 2 2 8 2 2 2 2 10 2 8 2 2 2 10 2 8 8 2
left_child=1 15 3 -3 -5 19 7 23 9 -9 13 12 -12 20 -15 16 17 -1 -18 -4 -8 -10 -7 24 -2 26 -17 -27
right_child=6 2 5 4 -6 22 10 8 21 -11 11 -13 -14 14 -16 25 18 -19 -20 -21 -22 -23 -24 -25 -26 27 -28 -29
leaf_value=-0.083459437631465724 0.21969221308827405 2.2088812987009687 -0.29246661121195017 0.64575521868208186 -1.3766410350799561 -0.59782330108725501 0.14040580948193868 -0.59154372215271001 0.066453388333320623 -1.8511419932047528 0.051100469743319721 -1.0381680464744567 -0.16755972206144501 2.1227521260579425 0.10650618910789489 -0.7671373049418122 0.027653797915760683 -1.0733231748853411 0.47177284516786272 0.31692079879619461 -0.85617372194925945 -0.45717853384092449 0.32263157367706302 0.89896535078684492 -0.77463033994038888 -0.85022919972737643 -0.14331781572014418 -0.48233133951822904
leaf_weight=33 7.9999999999999982 2.9999999999999991 10.999999999999998 46 2.9999999999999991 23.000000000000004 30 11.999999999999998 12.999999999999998 2.9999999999999991 186 4.9999999999999991 291 3 5 3.0000000000000027 322 6.9999999999999991 19 27 2.9999999999999991 25 2.9999999999999991 2.9999999999999991 3 2.9999999999999991 23 3
leaf_count=33 8 3 11 46 3 23 30 12 13 3 186 5 291 3 5 3 322 7 19 27 3 25 3 3 3 3 23 3
internal_value=-0.0305845 0.0430331 0.213441 0.619259 0.521935 -0.116286 -0.0965908 -0.314731 -0.438066 -0.843463 -0.0686455 -0.0922117 -0.082296 0.208401 0.862598 -0.00482959 0.0199496 -0.256686 0.0523994 0.140519 0.0498077 -0.278041 -0.491617 0.152182 -0.0514867 -0.299856 -0.215297 -0.66628
internal_weight=1119 529 116 52 49 64 590 67 53 15 523 482 477 41 8 413 381 40 341 38 33 38 26 14 11 32 26 6
internal_count=1119 529 116 52 49 64 590 67 53 15 523 482 477 41 8 413 381 40 341 38 33 38 26 14 11 32 26 6
is_linear=0
shrinkage=0.05


Tree=129
num_leaves=16
num_cat=0
split_feature=0 17 12 0 11 14 17 6 16 11 12 0 12 14 6
split_gain=2206.51 5117.96 4047.12 2726.2 7355.25 1572.22 1883.47 1637.75 1154.7 998.455 597.119 296.716 737.23 188.037 170.705
threshold=41499.100000000013 163.65802167371291 247.90500000000003 41396.900000000009 398.20000000000005 263.83500000000009 455.97572691227305 74.500000000000014 493.78785714285715 389.50000000000006 1005.0000000000001 41602.150000000009 318.50000000000006 244.50000000000003 75.500000000000014
decision_type=2 2 10 2 10 8 2 2 2 10 8 2 8 10 2
left_child=3 2 -2 5 -5 8 7 -7 9 -1 11 12 -3 -10 -13
right_child=1 10 -4 4 -6 6 -8 -9 13 -11 -12 14 -14 -15 -16
leaf_value=-0.14168256020089717 0.21745656331380211 0.90459293127059814 2.6468693315982814 0.40376987218856819 -2.4728011548519131 -0.16344919224771171 1.1103917963802814 0.047733685470507492 -0.98101382255554204 0.22285411769435523 -0.57651678721110033 -0.17108072017629941 -0.0061120653152465804 -0.45735307137171416 0.1732232345475091
leaf_weight=178 2.9999999999999991 4.0000000000000044 4 4.9999999999999982 4 104 3.9999999999999991 783 3.9999999999999991 21 2.9999999999999991 5.9999999999999991 5.0000000000000009 3 8.9999999999999982
leaf_count=178 3 4 4 5 4 104 4 783 4 21 3 6 5 3 9
internal_value=0.00415871 0.400901 1.60569 -0.00803771 -0.874706 -0.00092739 0.0278545 0.0229727 -0.125416 -0.103214 0.0885476 0.171681 0.398646 -0.756588 0.0355017
internal_weight=1140 34 7 1106 9 1097 891 887 206 199 27 24 9 7 15
internal_count=1140 34 7 1106 9 1097 891 887 206 199 27 24 9 7 15
is_linear=0
shrinkage=0.05


Tree=130
num_leaves=15
num_cat=0
split_feature=17 3 17 4 16 16 3 1 7 1 7 1 17 0
split_gain=1695.23 3631.74 3337.28 3400.5 5128.58 2463.09 2030.5 1359.06 3718.89 2436.64 2716.72 1956.87 1030.01 917.592
threshold=152.72997803803622 0.96962000981229768 150.13329678755579 44735.000000000007 340.71428571428572 185.87071428571429 0.77305376033391571 36146.310000000005 2.5000000000000004 35588.710000000006 2.5000000000000004 37442.660000000011 442.34940106683388 40157.000000000007
decision_type=2 2 2 2 2 2 2 2 2 2 2 2 2 2
left_child=1 2 3 6 -5 -2 -1 9 11 13 -11 -9 -10 -7
right_child=5 -3 -4 4 -6 7 -8 8 12 10 -12 -13 -14 -15
leaf_value=-0.065929773475607509 -1.3311965376138688 -1.6958906173706056 1.3348007726669313 0.34167514773706587 2.6063114484151204 -0.1659440813855414 0.092283233990164248 1.5632595926523212 -0.29292179573149907 -2.1836776892344161 -0.055798768997192376 0.28626097043355303 0.50559127390384673 0.04288862456942534
leaf_weight=355 3.9999999999999991 2.9999999999999991 4.9999999999999991 15.000000000000002 2.9999999999999991 166 473 5.9999999999999982 21.000000000000004 2.9999999999999991 3 6 4.9999999999999991 77
leaf_count=355 4 3 5 15 3 166 473 6 21 3 3 6 5 77
internal_value=0.00520656 0.0407205 0.0468425 0.0392305 0.719115 -0.0990164 0.0244504 -0.0818432 0.196677 -0.124348 -1.11974 0.92476 -0.139362 -0.0997708
internal_weight=1145 854 851 846 18 291 828 287 38 249 6 12 26 243
internal_count=1145 854 851 846 18 291 828 287 38 249 6 12 26 243
is_linear=0
shrinkage=0.05


Tree=131
num_leaves=26
num_cat=0
split_feature=5 17 0 14 14 16 16 14 0 16 2 17 4 2 13 11 3 4 1 14 13 5 14 0 7
split_gain=1600.43 4063.56 27185.9 2886.85 4200.97 5130.06 3728.56 5749.21 3513.11 2283.7 3809.24 7348.04 4055.89 2243.39 2535.6 2115.83 2073.45 2009.02 4035.32 1741.3 1728.99 1162.82 888.011 579.413 376.406
threshold=19.500000000000004 20.496806664605945 38336.700000000004 333.50000000000006 325.50000000000006 327.22571428571428 326.38714285714292 340.50000000000006 37238.900000000009 419.68571428571437 6206.8550000000005 258.63379902594141 45077.500000000007 2722.2250000000008 298.52000000000004 1107.0000000000002 0.90467304505513579 42910.000000000007 33701.160000000011 301.79000000000002 294.50000000000006 20.500000000000004 258.08500000000009 38391.05000000001 3.5000000000000004
decision_type=2 2 2 10 10 2 2 10 2 2 2 2 2 2 10 8 2 2 2 10 10 2 10 2 2
left_child=1 2 19 4 16 -6 7 -5 -8 13 11 21 -13 14 -2 22 -3 18 -15 24 -21 -11 -12 -19 -1
right_child=9 3 -4 6 5 -7 8 -9 -10 10 15 12 -14 17 -16 -17 -18 23 -20 20 -22 -23 -24 -25 -26
leaf_value=-0.71898971796035704 0.033578439950943 -0.032975662185957558 5.1564523379007978 2.7935319264729785 -2.1298608160018904 -0.28052508433659873 -0.38371967454751332 0.48186304489007359 0.21000236016856572 -2.9704356511433918 -0.70048292477925622 -0.58861766727268694 1.1261765360832214 0.00018797062857206479 1.7225282728672024 1.063003769516945 0.42313210729647566 0.028568980760044521 -0.61131868773493281 1.2416556537151338 -0.346251893043518 -1.5783000628153481 -0.067365085374977859 0.50177910833255113 -0.03305392464001973
leaf_weight=6.0000000000000053 4.9999999999999982 323 2.9999999999999991 3.0000000000000027 5.0000000000000027 14.999999999999998 30 26 147 2.9999999999999991 5.9999999999999991 25.000000000000004 3.9999999999999991 387 4 3.9999999999999991 27 8.9999999999999982 29 3.9999999999999991 3 3 72 23 3
leaf_count=6 5 323 3 3 5 15 30 26 147 3 6 25 4 387 4 4 27 9 29 4 3 3 72 23 3
internal_value=0.0117285 0.0691902 0.788638 0.0454584 -0.0380642 -0.742859 0.195475 0.721001 0.109372 -0.0478355 -0.244941 -0.681627 -0.352094 0.00262702 0.784223 -0.0585508 0.00220979 -0.0130747 -0.0424411 -0.0303271 0.561124 -2.27437 -0.116066 0.368689 -0.490344
internal_weight=1169 595 19 576 370 20 206 29 177 574 117 35 29 457 9 82 350 448 416 16 7 6 78 32 9
internal_count=1169 595 19 576 370 20 206 29 177 574 117 35 29 457 9 82 350 448 416 16 7 6 78 32 9
is_linear=0
shrinkage=0.05


Tree=132
num_leaves=20
num_cat=0
split_feature=3 16 12 14 16 11 3 15 3 18 12 18 18 11 3 6 18 1 13
split_gain=1960.43 2510.94 2098.31 1877.26 1697.63 10152.8 1709.43 4728.66 4566.17 2236.42 1331.89 1204.7 2475.38 2218.22 1149.97 1058.34 1024.01 569.534 532.883
threshold=0.92244650619492041 320.01857142857148 256.79500000000007 297.50000000000006 180.47785714285718 380.50000000000006 0.87542446380032002 663.26166666666677 0.88486188991296244 30014.150000000005 247.90500000000003 24881.005000000008 26060.965000000004 298.52000000000004 0.72200045090608633 85.500000000000014 27443.660000000003 35678.660000000011 325.50000000000006
decision_type=2 2 10 10 2 8 2 2 2 10 10 8 8 10 2 2 8 2 8
left_child=4 3 10 -2 5 14 11 8 -8 -9 -3 13 -13 -6 16 18 -1 -16 -4
right_child=1 2 15 -5 6 -7 7 9 -10 -11 -12 12 -14 -15 17 -17 -18 -19 -20
leaf_value=-0.038595542311668396 0.2058693369229635 0.40097478389739988 -0.06304027042959047 1.8604598581790921 0.046478420648947832 3.0488075892130535 -0.8309929706432202 0.22788750330607097 -0.12123680107348354 2.1585244496663409 1.7335863749186193 -0.4208232922524941 -0.019775552142262461 0.66429277583956725 0.19833636186843695 -0.6615520715713501 -0.89383720159530644 0.91088380813598635 0.28116462379693985
leaf_weight=28 2.9999999999999991 5 23 4 158 2.9999999999999991 27 2.9999999999999991 141 3 3 41 625 15.999999999999998 43 4.9999999999999991 3.9999999999999991 2.9999999999999991 22
leaf_count=28 3 5 23 4 158 3 27 3 141 3 3 41 625 16 43 5 4 3 22
internal_value=-0.00997296 0.256816 0.148855 1.15135 -0.0258097 0.194463 -0.0434055 -0.186046 -0.235305 1.19321 0.900704 -0.0138586 -0.0444647 0.103289 0.0846807 0.0285587 -0.145501 0.244807 0.105238
internal_weight=1160 65 58 7 1095 81 1014 174 168 6 8 840 666 174 78 50 32 46 45
internal_count=1160 65 58 7 1095 81 1014 174 168 6 8 840 666 174 78 50 32 46 45
is_linear=0
shrinkage=0.05


Tree=133
num_leaves=25
num_cat=0
split_feature=4 4 16 16 13 3 16 13 0 0 11 14 14 14 16 2 14 2 2 16 12 16 13 13
split_gain=1118.5 9204.39 4801.21 2905.95 2754.87 1854.55 2010.46 1731.76 2323.35 6347.21 18101.5 2593.31 7226.37 2211.49 1816.18 2525.95 1718.52 1568.98 1200.08 1088.01 880.906 871.257 699.478 224.301
threshold=36337.500000000007 36212.500000000007 302.54285714285714 307.30071428571438 396.50000000000006 0.83583490218549483 398.21428571428578 459.50000000000006 38476.000000000007 38581.400000000009 345.60500000000008 318.50000000000006 329.50000000000006 331.00000000000006 335.81428571428575 4761.0200000000013 309.50000000000006 7327.3550000000005 8046.6500000000005 310.75357142857143 318.50000000000006 373.76071428571436 419.50000000000006 434.72000000000008
decision_type=2 2 2 2 10 2 2 10 2 2 10 10 10 10 2 2 10 2 2 2 8 2 10 10
left_child=1 4 -3 -4 5 18 -7 8 11 10 -10 16 -13 -11 -9 20 -2 22 -1 -5 -16 -17 -6 -19
right_child=7 2 3 19 17 6 -8 14 9 13 -12 12 -14 -15 15 21 -18 23 -20 -21 -22 -23 -24 -25
leaf_value=0.34321455525544786 -0.023822752329145085 3.0737517038981124 -0.08323122978210451 2.2147897084554029 0.12888839500291002 -0.22423365003353843 -1.2924420297145844 -1.2751398801803591 0.18618109583854672 -0.077015230487920583 3.9717262186110021 -1.6315114551120335 -0.16536763037342256 0.20864857783573762 1.0512576770782476 -0.7375942971971301 0.5286839711666107 0.28240308761596683 -0.027130017515935519 0.95515576601028429 0.055758094787597634 -0.21658561096300147 0.69693391968806584 0.026627665559450786
leaf_weight=24 228 2.9999999999999991 4.9999999999999982 3 7.0000000000000027 37 4.9999999999999991 3.9999999999999991 15.000000000000002 167 3.9999999999999991 8.9999999999999982 127 114 4.9999999999999973 8.9999999999999982 14.999999999999998 11.999999999999998 247 4 4.0000000000000009 74 24 30
leaf_count=24 228 3 5 3 7 37 5 4 15 167 4 9 127 114 5 9 15 12 247 4 4 74 24 30
internal_value=0.00169562 0.0694852 1.28467 0.837403 0.0222629 -0.0422454 -0.351401 -0.03338 -0.0052763 0.0986801 0.983138 -0.0875636 -0.262392 0.0388768 -0.232155 -0.186808 0.0102826 0.298853 0.00566803 1.495 0.608813 -0.273081 0.568666 0.0997064
internal_weight=1176 401 15 12 386 313 42 775 679 300 19 379 136 281 96 92 243 73 271 7 9 83 31 42
internal_count=1176 401 15 12 386 313 42 775 679 300 19 379 136 281 96 92 243 73 271 7 9 83 31 42
is_linear=0
shrinkage=0.05


Tree=134
num_leaves=17
num_cat=0
split_feature=2 3 3 12 3 6 3 17 12 14 16 6 13 2 17 13
split_gain=1754.43 2382.09 1612.51 3731.25 2101.78 1607.54 1514.15 1227.28 1101.34 1026.12 992.511 752.461 923.819 873.639 708.322 366.198
threshold=2872.6200000000003 0.92389411803651178 0.91625507702428666 331.00000000000006 0.91252564406869963 87.500000000000014 0.91193047736323629 33.33839905184886 295.55000000000007 299.51000000000005 611.84285714285727 75.500000000000014 270.50000000000006 3090.4550000000004 53.627628418977373 239.50000000000003
decision_type=2 2 2 8 2 2 2 2 10 10 2 2 10 2 2 10
left_child=1 -1 4 11 6 8 10 -6 9 -3 -2 13 -13 -4 -9 -10
right_child=2 5 3 -5 7 -7 -8 14 15 -11 -12 12 -14 -15 -16 -17
leaf_value=1.2063090403874717 -0.0079203147788591589 -0.016924543678760531 0.78167922496795661 -1.7745607137680055 -0.32652361392974855 -0.97019213835398355 -1.1397302309672037 1.4695048650105795 -0.31428863048553468 0.96388497687876229 -0.35513502799329305 -0.89884160995483409 -0.16101147170577731 -0.34706220626831047 0.58236108885871041 0.14789677605032922
leaf_weight=5.9999999999999991 1033 3.9999999999999991 3.9999999999999991 3.9999999999999991 2.9999999999999991 2.9999999999999991 2.9999999999999991 2.9999999999999991 4.9999999999999991 7.9999999999999991 21 4.9999999999999991 28 3 8.9999999999999982 30
leaf_count=6 1033 4 4 4 3 3 3 3 5 8 21 5 28 3 9 30
internal_value=-0.00816352 0.264931 -0.0218672 -0.318528 -0.00969078 0.151965 -0.0180309 0.578013 0.223592 0.636948 -0.0148383 -0.172925 -0.272804 0.297933 0.804147 0.0818703
internal_weight=1172 56 1116 44 1072 50 1057 15 47 12 1054 40 33 7 12 35
internal_count=1172 56 1116 44 1072 50 1057 15 47 12 1054 40 33 7 12 35
is_linear=0
shrinkage=0.05


Tree=135
num_leaves=16
num_cat=0
split_feature=3 14 0 17 2 12 3 15 2 16 17 17 0 3 11
split_gain=972.932 4157.19 1122.43 7754.98 9368.2 2500.82 1734.86 1647.37 2661.67 2387.29 4111.42 2362 1602.98 1193.21 774.301
threshold=0.96962000981229768 329.50000000000006 38476.000000000007 19.449397193969691 14278.665000000003 337.50000000000006 0.90614581587993459 326.73666666666674 6364.7200000000003 309.51500000000004 43.346395609457645 20.877654236708164 41602.150000000009 0.77305376033391571 570.00000000000011
decision_type=2 10 2 2 2 10 2 2 2 2 2 2 2 2 8
left_child=2 -2 7 4 -4 6 -5 8 11 10 -9 -1 -7 -10 -11
right_child=1 -3 3 5 -6 12 -8 9 13 14 -12 -13 -14 -15 -16
leaf_value=-0.87457462112108875 0.34181363493204109 -2.0125277459621422 3.8421818812688198 0.086485228561005503 -0.10923079649607337 -0.055345267860206132 0.42415447771549231 1.6835249950488411 -0.070095051187769666 0.061051894298621595 -0.16747079292933145 -0.20259326017078233 -0.70970928311347969 0.14169136230712351 -0.25401858942849292
leaf_weight=14.999999999999998 5 3 2.9999999999999991 159 3 146 50 5.9999999999999982 240 273 6 102 9.9999999999999982 92 21
leaf_count=15 5 3 3 159 3 146 50 6 240 273 6 102 10 92 21
internal_value=0.00838666 -0.541064 0.0122904 0.0835047 1.86648 0.0541955 0.167267 -0.0227036 -0.0836756 0.0667618 0.758027 -0.288745 -0.0972917 -0.0114072 0.0385469
internal_weight=1134 8 1126 371 6 365 209 755 449 306 12 117 156 332 294
internal_count=1134 8 1126 371 6 365 209 755 449 306 12 117 156 332 294
is_linear=0
shrinkage=0.05


Tree=136
num_leaves=20
num_cat=0
split_feature=2 1 12 4 13 13 3 1 17 6 18 11 12 14 2 2 7 12 1
split_gain=1111.28 2729.74 1141.4 902.844 2030.49 1525.91 2279.6 1749.62 1172.7 1381.58 2462.53 1202.46 1137.96 1894.23 1704.58 1056.03 782.141 469.471 464.124
threshold=2872.6200000000003 34328.870000000003 238.00000000000003 38137.000000000007 246.83500000000004 397.50000000000006 0.806389061979637 33863.030000000006 57.806129237730381 74.500000000000014 25387.780000000002 299.01000000000005 335.50000000000006 269.99000000000007 4088.4400000000005 5481.0100000000011 4.5000000000000009 298.52000000000004 37340.865000000013
decision_type=2 2 10 2 8 10 2 2 2 2 10 8 8 10 2 2 2 10 2
left_child=1 -1 -3 4 15 7 -7 -6 9 11 -11 -5 13 -10 -14 -2 17 -4 -18
right_child=3 2 16 8 5 6 -8 -9 12 10 -12 -13 14 -15 -16 -17 18 -19 -20
leaf_value=1.6704410592714947 1.5289160410563156 0.93746378421783449 0.70377621650695754 -1.1500442334583831 -0.011946370795295381 -0.013456685316899942 0.42100675725469405 -0.4777246727829888 -0.096917562818123137 0.5451787666840987 -0.25270568151026968 -0.1348192167282104 -0.85155396461486821 0.19729223127166431 -0.099911645224148582 0.37998744150002794 -0.70204346974690679 0.15925050698416798 -0.045235111249180948
leaf_weight=2.9999999999999991 2.9999999999999982 3.9999999999999991 5.0000000000000027 6.9999999999999973 505 74 51 21 118 10.999999999999998 80 5.0000000000000009 7.9999999999999991 102 132 6 3.0000000000000027 19 26
leaf_count=3 3 4 5 7 505 74 51 21 118 11 80 5 8 102 132 6 3 19 26
internal_value=-0.00926159 0.200393 0.123022 -0.0204631 0.0170865 0.00677483 0.163804 -0.0305421 -0.0739895 -0.222756 -0.156258 -0.727034 -0.0314256 0.0394888 -0.142863 0.762964 0.0615547 0.272693 -0.113181
internal_weight=1183 60 57 1123 660 651 125 526 463 103 91 12 360 220 140 9 53 24 29
internal_count=1183 60 57 1123 660 651 125 526 463 103 91 12 360 220 140 9 53 24 29
is_linear=0
shrinkage=0.05


Tree=137
num_leaves=19
num_cat=0
split_feature=15 12 16 2 13 17 14 18 17 14 17 18 11 13 1 14 2 14
split_gain=997.251 4027.98 2956.27 2734.66 3941.54 2362.38 1783.93 1687.96 1479.27 12577.7 5181.5 982.61 2354.58 1287.77 912.536 773.515 709.787 434.232
threshold=304.50000000000006 235.50000000000003 171.63428571428571 5784.9500000000007 339.69500000000005 21.646159852662674 307.50000000000006 25181.705000000005 18.397587654077036 315.10000000000008 18.984924113714069 27215.530000000002 299.51000000000005 269.99000000000007 30741.755000000001 473.50000000000006 7824.0250000000005 19.235000000000003
decision_type=2 8 2 2 10 2 10 10 2 8 2 8 10 10 2 10 2 8
left_child=3 -2 -3 4 5 6 -1 -7 9 -4 -10 12 15 -14 17 -5 -16 -13
right_child=1 2 8 11 -6 7 -8 -9 10 -11 -12 14 13 -15 16 -17 -18 -19
leaf_value=-0.50595660686492916 -1.8014152089754742 1.2461311864852906 0.12861958391526163 0.03795959907257633 -2.1490942637125654 0.22653402936541372 -2.0482192357381179 -0.38592247625192005 1.5010594805081687 -3.382946507136027 0.026268250098200385 0.37744495868682865 0.24376649975776679 1.3785662078857419 -0.077929814289445468 -0.6661455154418946 0.38429132424868073 -0.23541826386051842
leaf_weight=5 2.9999999999999991 4.9999999999999991 17.000000000000004 157 2.9999999999999991 18 3 30 5.9999999999999991 2.9999999999999991 807 2.9999999999999991 4.9999999999999982 5 23 3.9999999999999991 12.999999999999998 79
leaf_count=5 3 5 17 157 3 18 3 30 6 3 807 3 5 5 23 4 13 79
internal_value=-0.00202558 0.0274304 0.0339775 -0.0732108 -0.38342 -0.28883 -1.08431 -0.156251 0.0267017 -0.398115 0.0371523 -0.00988086 0.0667061 0.811166 -0.120867 0.0204663 0.0889834 -0.212996
internal_weight=1189 841 838 348 59 56 8 48 833 20 813 289 171 10 118 161 36 82
internal_count=1189 841 838 348 59 56 8 48 833 20 813 289 171 10 118 161 36 82
is_linear=0
shrinkage=0.05


Tree=138
num_leaves=26
num_cat=0
split_feature=11 18 14 11 11 11 13 12 12 6 18 2 1 0 12 7 13 12 2 0 4 12 1 18 3
split_gain=911.652 2371.11 8545.14 13715.1 4055.31 10484.1 3219.07 2237.39 2193.6 1687.79 1848.31 2839.6 2081.25 2015.3 1753.09 1706.46 1531.14 1399.67 1188.68 1067.89 1052.53 2336.62 1567.04 896.257 166.89
threshold=300.50000000000006 26853.440000000002 325.50000000000006 325.50000000000006 338.50000000000006 345.60500000000008 280.25000000000006 235.50000000000003 294.50000000000006 74.500000000000014 25181.705000000005 7693.8050000000012 35115.685000000005 35865.450000000004 319.50000000000006 5.5000000000000009 368.50000000000006 400.50000000000006 9044.4750000000022 40597.950000000004 44395.000000000007 419.50000000000006 36575.780000000006 28959.320000000007 0.74890366827389887
decision_type=10 10 10 8 10 10 8 8 10 2 10 2 2 2 10 2 10 8 2 2 2 10 2 10 2
left_child=9 2 4 6 8 -6 -4 -3 -2 14 13 12 -12 17 16 -15 23 -11 -13 24 22 -22 -9 -1 -16
right_child=1 7 3 -5 5 -7 -8 20 -10 10 11 18 -14 15 19 -17 -18 -19 -20 -21 21 -23 -24 -25 -26
leaf_value=-0.12118548424470993 1.0977515390941071 -1.1739986538887024 2.0937349955240872 4.3321877320607509 -2.8904938966035818 0.036745172051283033 0.26256244555115699 0.00040174710432753027 0.06234926330415827 -0.021241962472067298 -0.47609987692399464 0.31459474147207317 0.03208659358065704 0.38310443289577961 -0.36492454680529485 -0.16274708966828055 0.8225005149841309 -1.1168524583180746 -0.050750977545976642 -1.389564108848572 0.43182532262234458 -0.15171387622068669 -0.63129550218582153 -0.82933610916137701 -0.67722754137856622
leaf_weight=42 7.0000000000000027 3.9999999999999991 3.0000000000000009 2.9999999999999991 4.0000000000000027 12.999999999999998 12 538 19 103 66 31 29 70 11.000000000000005 18 3.9999999999999991 2.9999999999999991 79 3.9999999999999991 42 29 9.9999999999999982 4.9999999999999991 6.9999999999999991
leaf_count=42 7 4 3 3 4 13 12 538 19 103 66 31 29 70 11 18 4 3 79 4 42 29 10 5 7
internal_value=-0.00302924 0.0338557 0.331363 1.24603 -0.0515207 -0.652017 0.628797 0.00472576 0.341111 -0.0564811 -0.0160391 -0.120727 -0.320969 0.0945844 -0.277527 0.271453 -0.116597 -0.0522498 0.0522101 -0.650592 0.0123427 0.193478 -0.0111256 -0.196521 -0.486376
internal_weight=1156 684 61 18 43 17 15 623 26 472 399 205 95 194 73 88 51 106 110 22 619 71 548 47 18
internal_count=1156 684 61 18 43 17 15 623 26 472 399 205 95 194 73 88 51 106 110 22 619 71 548 47 18
is_linear=0
shrinkage=0.05


Tree=139
num_leaves=22
num_cat=0
split_feature=6 6 17 14 11 14 3 12 3 3 15 12 16 4 11 18 12 16 16 17 13
split_gain=1036.23 1151.8 7209.22 2867.51 3908.07 3695.83 2153.88 4357.53 2010.24 5333.27 3375.9 745.138 670.258 1293.13 906.768 2427.67 863.575 730.637 481.273 185.257 151.273
threshold=74.500000000000014 80.500000000000014 20.496806664605945 331.00000000000006 251.80000000000004 328.50000000000006 0.92244650619492041 395.50000000000006 0.91625507702428666 0.91252564406869963 334.73333333333341 298.52000000000004 513.00214285714299 43067.500000000007 309.50000000000006 28102.675000000003 263.83500000000009 439.61428571428581 623.44857142857165 369.24583707840134 805.73000000000013
decision_type=2 2 2 8 8 10 2 8 2 2 2 10 2 2 10 10 8 2 2 2 10
left_child=12 2 -2 5 -5 -4 8 11 9 -3 -10 -8 13 14 16 -16 -1 -15 19 -14 -20
right_child=1 6 3 4 -6 -7 7 -9 10 -11 -12 -13 18 17 15 -17 -18 -19 20 -21 -22
leaf_value=0.090647984189646591 1.9651206016540528 -0.05613054126924575 -0.0021174666373969214 1.7466560885310174 0.16707573628719016 -0.72908589181147132 0.49397841956880317 2.2305501143137616 -0.14465018877616292 1.0100717763106029 -1.6734283256530764 -0.14942305568191741 -0.47096236348152171 -0.022439257303873698 1.0699429023265841 -0.08775960269073646 -0.35268238454911055 1.0097971267998218 0.13187838519612946 -0.95218102931976301 -0.3702380418777465
leaf_weight=13.999999999999998 4.9999999999999991 519 219 3.9999999999999991 186 19 9.0000000000000053 2.9999999999999991 13.000000000000002 11.999999999999998 4.9999999999999991 8.9999999999999982 3.9999999999999982 2.9999999999999991 4.9999999999999991 48 51 4 3 4 3
leaf_count=14 5 519 219 4 186 19 9 3 13 12 5 9 4 3 5 48 51 4 3 4 3
internal_value=-0.00167262 0.0160579 0.0775334 0.0554821 0.20033 -0.0601528 -0.0306418 0.466317 -0.0496512 -0.0320356 -0.569311 0.172278 -0.129613 -0.0928688 -0.132038 0.0214576 -0.257196 0.56741 -0.457689 -0.711572 -0.11918
internal_weight=1142 1003 433 428 190 238 570 21 549 531 18 18 139 125 118 53 65 7 14 8 6
internal_count=1142 1003 433 428 190 238 570 21 549 531 18 18 139 125 118 53 65 7 14 8 6
is_linear=0
shrinkage=0.05


Tree=140
num_leaves=21
num_cat=0
split_feature=6 13 15 11 18 1 6 17 3 14 18 1 11 18 0 18 11 15 6 1
split_gain=1011.57 2542.82 3851.54 1188.23 1949.75 1240.49 1150.77 10180.1 3349.79 2624.13 2108.78 2866.28 2726.64 1437.28 1149.55 872.438 1605.32 524.167 190.565 127.46
threshold=74.500000000000014 230.02500000000003 187.36333333333334 301.52000000000004 26385.655000000006 37133.655000000006 80.500000000000014 20.496806664605945 0.96962000981229768 331.00000000000006 36067.545000000006 35729.215000000004 395.50000000000006 24380.075000000004 41396.900000000009 37858.74500000001 1040.0000000000002 352.98000000000008 84.500000000000014 23198.775000000001
decision_type=2 8 2 10 10 2 2 2 2 8 10 2 8 8 2 10 10 2 2 2
left_child=1 2 19 5 -5 17 7 -2 9 -9 11 13 -13 -8 -6 16 -12 -3 -17 -1
right_child=6 3 -4 4 14 -7 10 8 -10 -11 15 12 -14 -15 -16 18 -18 -19 -20 -21
leaf_value=-0.16840184926986701 2.5854371547698975 -0.23392122583646402 2.1319444735844928 1.0234932407736779 -0.068632917078350911 -1.3378414312998455 0.12024772288679178 -0.046194628369300925 -1.3889296025037767 0.20517514190005681 -0.47023427883783964 0.32958406396210188 1.9722161293029785 -0.078223288223688306 -1.069057067235311 -0.35867577552795415 -1.8057810147603353 -0.64780075550079352 0.10434188246726989 0.23075370192527767
leaf_weight=3.9999999999999982 3.9999999999999991 51 3 3.9999999999999991 67 2.9999999999999991 116 235 3.9999999999999991 186 9.0000000000000018 16.000000000000004 2.9999999999999991 427 2.9999999999999991 4.9999999999999982 2.9999999999999991 8.9999999999999982 4 4
leaf_count=4 4 51 3 4 67 3 116 235 4 186 9 16 3 427 3 5 3 9 4 4
internal_value=-0.00520283 -0.127298 0.604113 -0.186024 -0.0501568 -0.345615 0.012653 0.0748086 0.0511791 0.0648618 -0.0330842 -0.0147022 0.588947 -0.0358243 -0.111508 -0.525022 -0.804121 -0.296003 -0.15289 0.0311759
internal_weight=1160 148 11 137 74 63 1012 429 425 421 583 562 19 543 70 21 12 60 9 8
internal_count=1160 148 11 137 74 63 1012 429 425 421 583 562 19 543 70 21 12 60 9 8
is_linear=0
shrinkage=0.05


Tree=141
num_leaves=21
num_cat=0
split_feature=0 17 2 17 12 17 14 11 1 4 14 8 2 2 3 1 12 0 0 0
split_gain=1264.25 2286.88 10614.9 7044.08 15329.5 2112.25 1581.78 2263.44 1471.31 1322.29 1153.97 1702.34 1093.15 1894.45 1070.66 1527.26 252.484 233.792 158.002 74.4037
threshold=37135.650000000009 18.397587654077036 6054.2850000000008 20.337453207674319 295.55000000000007 21.646159852662674 349.50000000000006 298.02000000000004 29726.085000000006 36337.500000000007 337.50000000000006 4.5000000000000009 2934.6400000000008 3724.8350000000005 0.91787992629832049 33538.695000000007 309.50000000000006 37072.000000000007 38985.700000000004 38183.350000000006
decision_type=2 2 2 2 10 2 10 10 2 2 10 2 2 2 2 2 10 2 2 2
left_child=6 2 -2 4 18 -5 10 8 16 -7 12 -12 -1 -14 15 -9 -8 -10 -3 -4
right_child=1 3 19 5 -6 9 7 14 17 -11 11 -13 13 -15 -16 -17 -18 -19 -20 -21
leaf_value=0.79884278476238257 -3.2143840948740641 0.25049980680147815 0.31309427499771125 -1.100825235247612 4.3713506976763403 0.19291093247805047 -0.13861617103219012 -0.11415197245776654 -1.6634462674458821 0.015570006535800044 1.1484878444671629 -0.35809314250946039 -0.58264121850331629 -0.0090818275916051943 -0.74224633375803639 0.79538816928863532 -0.56713106848976824 -1.0392247517903643 -0.26266332467397047 0.040323836803436278
leaf_weight=3.9999999999999991 2.9999999999999991 2.9999999999999982 4.9999999999999982 3.9999999999999991 3 132 5.0000000000000062 60 2.9999999999999991 516 5 3 14.999999999999998 358 5.9999999999999991 4.9999999999999991 10.999999999999998 3 3 5
leaf_count=4 3 3 5 4 3 132 5 60 3 516 5 3 15 358 6 5 11 3 3 5
internal_value=0.0067743 0.0508851 -0.605851 0.0638013 1.45306 0.0446243 -0.0554238 -0.240486 -0.683615 0.051695 -0.0107205 0.58352 -0.0233303 -0.0321472 -0.103178 -0.0441873 -0.43322 -1.35134 -0.00608176 0.176709
internal_weight=1152 674 13 661 9 652 478 93 22 648 385 8 377 373 71 65 16 6 6 10
internal_count=1152 674 13 661 9 652 478 93 22 648 385 8 377 373 71 65 16 6 6 10
is_linear=0
shrinkage=0.05


Tree=142
num_leaves=25
num_cat=0
split_feature=18 11 13 16 14 11 18 18 16 14 18 14 16 12 0 14 14 15 7 0 6 18 11 11
split_gain=1099.4 2361.08 2854.78 2385.47 3252.91 1624.4 2802.35 11853.3 5198.49 1614.33 2995.22 2318.62 1426.73 1424 1334.23 2015.38 1491.75 1306.05 946.712 563.532 227.328 265.938 123.683 202.51
threshold=24380.075000000004 295.55000000000007 274.98500000000007 324.9285714285715 310.92500000000007 300.50000000000006 25575.665000000005 25387.780000000002 309.51500000000004 338.50000000000006 28470.030000000002 325.50000000000006 215.46285714285719 699.50000000000011 38494.600000000006 318.50000000000006 331.00000000000006 367.16666666666669 1.0000000180025095e-35 36156.600000000006 86.500000000000014 26713.685000000009 270.50000000000006 274.98500000000007
decision_type=8 10 10 2 8 8 8 10 2 10 10 10 2 10 2 10 10 2 2 2 2 10 8 10
left_child=1 13 -3 4 -4 12 7 8 -7 11 -11 -8 20 17 15 -14 -16 18 -1 -5 21 -2 -15 -24
right_child=5 2 3 19 -6 6 9 -9 -10 10 -12 -13 14 22 16 -17 -18 -19 -20 -21 -22 -23 23 -25
leaf_value=0.27574378473143424 -0.04431378841400143 -0.56801033318042704 2.5428487300872806 0.8872790972391762 0.36481550534566232 1.8516161918640144 -0.0085097347530536365 -3.4769055684407557 -0.69752310713132215 0.625716932117939 0.058095592429614776 -0.43860077770317302 -0.11260101833864103 0.88382972876230925 -0.20773445432310675 -0.49698598686605688 0.14727012385737223 -0.79455247402191165 -0.028674306710218561 0.020459912419319149 0.5872746624052525 0.34245502829551699 0.26720577478408802 0.81064565976460745
leaf_weight=31 8.0000000000000053 4.0000000000000027 3.9999999999999991 3 3 2.9999999999999982 400 2.9999999999999991 6 26 219 34 79 2.9999999999999973 67 60 53 4.9999999999999991 145 5 3.9999999999999991 9.9999999999999982 4.0000000000000009 3
leaf_count=31 8 4 4 3 3 3 400 3 6 26 219 34 79 3 67 60 53 5 145 5 4 10 4 3
internal_value=-0.0164691 0.0872748 0.618839 0.935332 1.60941 -0.0388829 0.0023361 -0.755084 0.15219 0.015722 0.118333 -0.0422035 -0.140243 0.0343967 -0.173079 -0.278523 -0.0509408 0.00230674 0.0249448 0.345517 0.246324 0.170558 0.615225 0.500109
internal_weight=1182 210 19 15 7 972 691 12 9 679 245 434 281 191 259 139 120 181 176 8 22 18 10 7
internal_count=1182 210 19 15 7 972 691 12 9 679 245 434 281 191 259 139 120 181 176 8 22 18 10 7
is_linear=0
shrinkage=0.05


Tree=143
num_leaves=22
num_cat=0
split_feature=0 17 6 16 13 13 3 1 12 14 15 17 1 18 12 16 16 12 11 16 11
split_gain=1358.07 3644.31 1490.71 3115.07 1203.96 3114.68 1918.14 3729.48 10513 1636.74 2672.69 1417.23 2475.68 1882.06 1192.02 1090.85 622.625 458.742 412.077 378.71 129.901
threshold=41448.650000000001 64.476479899219882 76.500000000000014 532.71357142857153 283.59500000000008 280.25000000000006 0.92244650619492041 36659.405000000006 338.50000000000006 319.50000000000006 331.90000000000009 411.60492694463954 31619.575000000001 37530.255000000012 379.00000000000006 315.15785714285721 419.68571428571437 279.93000000000006 268.46000000000009 335.21428571428578 265.37500000000006
decision_type=2 2 2 2 8 8 2 2 8 10 2 2 2 10 10 2 2 10 8 2 8
left_child=4 -2 16 -4 5 11 7 15 -9 10 -8 12 -1 -13 17 -6 -3 -7 -18 -11 -5
right_child=1 2 3 20 6 14 9 8 -10 19 -12 13 -14 -15 -16 -17 18 -19 -20 -21 -22
leaf_value=-0.02120846116812385 1.9774239063262939 -0.66272186636924635 1.9939121723175051 0.36474821964899701 -0.14797747364311026 0.86311103502909381 0.32960211506911691 -0.26377569311543508 -3.4487624486287438 -0.17752672880887976 2.1133559544881182 -0.73287711504560238 0.29727735421196982 0.13547271216909093 1.4712261009216308 -0.0043991326240669891 -0.40478103458881398 -0.011286048094431556 0.18122059553861616 0.24380468665622176 -0.051426340937614425
leaf_weight=199 2.9999999999999991 4.0000000000000062 2.9999999999999991 2.9999999999999991 172 2.9999999999999982 6.9999999999999982 19.000000000000004 2.9999999999999991 8.0000000000000018 3 13.000000000000002 88 11.999999999999998 5 573 3.9999999999999973 3 12 15.999999999999998 5.0000000000000009
leaf_count=199 3 4 3 3 172 3 7 19 3 8 3 13 88 12 5 573 4 3 12 16 5
internal_value=0.00207482 0.313405 0.15237 0.619895 -0.00734263 0.074148 -0.0402034 -0.0564939 -0.698092 0.327292 0.864728 0.0449942 0.0764457 -0.316069 0.901055 -0.0375474 -0.104768 0.425912 0.0347202 0.103361 0.104639
internal_weight=1158 34 31 11 1124 323 801 767 22 34 10 312 287 25 11 745 20 6 16 24 8
internal_count=1158 34 31 11 1124 323 801 767 22 34 10 312 287 25 11 745 20 6 16 24 8
is_linear=0
shrinkage=0.05


Tree=144
num_leaves=24
num_cat=0
split_feature=8 1 14 11 1 7 14 17 15 13 2 1 1 3 3 1 14 2 1 3 14 1 11
split_gain=1131.57 9561.52 9831.43 1456.02 3317.11 1201.05 1210.18 1031.33 1872.97 1726.47 1477.21 3122.2 6054.1 2986.49 2647.16 2452.35 1181.29 655.177 559.9 711.188 588.836 226.299 200.489
threshold=4.5000000000000009 33770.875000000007 327.50000000000006 333.50000000000006 31349.320000000007 1.5000000000000002 309.50000000000006 33.33839905184886 293.76666666666677 299.51000000000005 3858.0850000000005 37214.820000000014 36965.920000000006 0.91625507702428666 0.91913110531441566 32592.300000000007 300.50000000000006 2992.3950000000004 27399.000000000004 0.65951969598850224 314.50000000000006 22936.689999999999 499.50000000000006
decision_type=2 2 8 10 2 2 10 2 2 10 2 2 2 2 2 2 8 2 2 2 10 2 10
left_child=7 3 -3 5 22 21 -7 8 18 16 13 12 -12 15 -15 -9 -10 -11 19 -1 -20 -2 -5
right_child=1 2 -4 4 -6 6 -8 10 9 17 11 -13 -14 14 -16 -17 -18 -19 20 -21 -22 -23 -24
leaf_value=0.030778777268197801 0.11471713781356802 3.5629457235336304 0.057338482141494729 -0.20461490313212069 -1.8738482952117921 0.0085393483750522137 0.39996186678226175 -0.42725812395413715 -0.26131698687871302 0.25413075174604144 -0.022870224757468374 1.3654901742935182 -1.6171723643938702 -0.53324653976841974 0.1400706572310319 0.66680681160518107 -1.1670431401994492 -0.26586001846525403 0.52612235979600375 -0.78070562680562339 -0.089649299780527755 -0.30327377187855104 0.11944998630455561
leaf_weight=27.000000000000004 4.0000000000000027 3.9999999999999991 4.0000000000000009 15.000000000000005 2.9999999999999991 40 39 5.9999999999999991 5.9999999999999973 6.9999999999999991 786 3.9999999999999991 5.9999999999999991 19 63 35 9 45 11.000000000000002 2.9999999999999991 5.9999999999999991 17 6.9999999999999991
leaf_count=27 4 4 4 15 3 40 39 6 6 7 786 4 6 19 63 35 9 45 11 3 6 17 7
internal_value=-0.00291382 0.13436 1.81014 0.0271095 -0.314185 0.112433 0.201773 -0.0205879 -0.162436 -0.33218 -0.00299196 -0.0279109 -0.0349483 0.158272 -0.0159419 0.5067 -0.804753 -0.195861 0.0795396 -0.0503697 0.308791 -0.223656 -0.101503
internal_weight=1166 133 8 125 25 100 79 1033 114 67 919 796 792 123 82 41 15 52 47 30 17 21 22
internal_count=1166 133 8 125 25 100 79 1033 114 67 919 796 792 123 82 41 15 52 47 30 17 21 22
is_linear=0
shrinkage=0.05


Tree=145
num_leaves=27
num_cat=0
split_feature=15 15 11 12 2 17 2 0 11 16 11 0 0 4 4 2 2 4 1 1 2 8 14 12 16 6
split_gain=1019.84 4649.34 15257.6 1777.11 1611.86 2230.81 2301.88 4211.91 1756.21 2283.77 1911.5 1483.53 1224.26 1128.09 1178.91 1014.42 974.182 1048.61 994.083 723.006 692.549 673.028 1161.33 575.499 512.768 229.564
threshold=314.83333333333343 316.33333333333343 350.55000000000007 256.79500000000007 6309.7300000000005 21.646159852662674 4654.1650000000018 37365.850000000013 309.50000000000006 299.48000000000008 319.50000000000006 39746.950000000004 37238.900000000009 33030.000000000007 37162.000000000007 9380.1850000000013 12459.030000000001 32625.000000000004 23970.810000000005 33886.595000000008 8472.6000000000004 4.5000000000000009 309.50000000000006 244.50000000000003 115.70928571428573 81.500000000000014
decision_type=2 2 8 8 2 2 2 2 10 2 10 2 2 2 2 2 2 2 2 2 2 2 10 10 2 2
left_child=4 2 19 12 5 6 7 -1 9 -7 -10 -8 -3 25 -15 21 17 -17 -18 20 -2 24 -23 -14 -6 -5
right_child=1 3 -4 13 15 8 11 -9 10 -11 -12 -13 23 14 -16 16 18 -19 -20 -21 -22 22 -24 -25 -26 -27
leaf_value=-0.52790198326110827 0.9691197872161843 -0.21236440181732164 3.5696888804435734 -0.33970942137142024 0.35033226860687139 0.15059347104813373 0.10191047549247743 -2.7671386400858555 1.1007450914382935 -0.40083464627203186 0.051669405716838257 -1.1658256689707438 0.36911249228287474 0.11137562659347343 -0.030374914267297239 0.57583594918251035 -0.041463925250406777 -0.25902404132343476 0.30171857671095781 -0.46500060856342318 0.091908870802985307 -0.077812050282955181 0.84240659698843956 0.95195397271050342 0.04928830885099339 -0.084942133671471062
leaf_weight=7.0000000000000018 3.0000000000000062 5.0000000000000027 3.9999999999999991 24 15.999999999999998 28 9.9999999999999982 3 4.9999999999999991 57 33 2.9999999999999991 8.0000000000000018 273 317 3.9999999999999991 112 63 26 3.9999999999999991 8.9999999999999982 5.9999999999999991 7.9999999999999991 8.9999999999999982 122 13.999999999999998
leaf_count=7 3 5 4 24 16 28 10 3 5 57 33 3 8 273 317 4 112 63 26 4 9 6 8 9 122 14
internal_value=0.0163901 0.0567857 0.807665 0.0336818 -0.0374171 -0.177378 -0.629352 -1.19967 -0.0928629 -0.219188 0.189706 -0.190644 0.475394 0.0182078 0.0352147 0.0198219 -0.0527534 -0.209182 0.0231936 0.117159 0.311212 0.117703 0.448027 0.677676 0.084192 -0.245848
internal_weight=1173 670 20 650 503 146 23 10 123 85 38 13 22 628 590 357 205 67 138 16 12 152 14 17 138 38
internal_count=1173 670 20 650 503 146 23 10 123 85 38 13 22 628 590 357 205 67 138 16 12 152 14 17 138 38
is_linear=0
shrinkage=0.05


Tree=146
num_leaves=24
num_cat=0
split_feature=1 1 0 18 0 6 13 13 2 2 16 2 2 17 1 2 7 2 0 2 11 12 18
split_gain=1116.94 2808.65 8844.85 6522.57 5696.2 5676.94 2092.92 5959.78 1263.5 1214.93 1025.84 1502.23 1462.32 3718.39 3215.45 1396.35 1837.12 1223.48 830.912 962.159 380.533 371.778 178.841
threshold=36067.545000000006 37530.255000000012 41448.650000000001 30970.610000000004 40672.200000000004 73.500000000000014 331.00000000000006 309.50000000000006 1323.1000000000001 3687.8050000000003 475.7328571428572 2722.2250000000008 4560.6400000000003 56.522248926671672 33770.875000000007 6381.3150000000014 1.5000000000000002 2635.7650000000008 40570.650000000001 7176.0600000000004 379.00000000000006 310.92500000000007 28207.685000000001
decision_type=2 2 2 10 2 2 10 8 2 2 2 2 2 2 2 2 2 2 2 2 10 8 10
left_child=10 2 3 4 -2 -5 7 9 -8 -3 11 17 13 -13 -14 16 -12 -1 22 -20 -18 -10 -17
right_child=1 6 -4 5 -6 -7 8 -9 21 -11 15 12 14 -15 -16 18 20 -19 19 -21 -22 -23 -24
leaf_value=0.16341053644816084 0.26065667013327276 0.031448825098135881 3.0682715098063156 2.92592096328735 -1.3914423495531083 0.56676353005801938 1.0502087473869315 -2.5221228539943699 -0.36078291535377521 -1.0599280039469401 -1.3232777404785148 -0.42220204192580602 0.0081149084828173127 0.097373731786178225 0.62139325866645034 -0.4933087362907827 -0.48618525971065857 1.2923300176858898 -0.096899967789649974 0.42329924674704672 -0.086605460827167219 0.19582721851766108 -0.14703624889254571
leaf_weight=5.9999999999999982 15.000000000000002 17.000000000000007 2.9999999999999991 3.0000000000000027 7.9999999999999991 17 4.0000000000000027 2.9999999999999991 3.9999999999999973 2.9999999999999991 5.0000000000000027 66 750 72 22 3.9999999999999991 11.000000000000002 4 20 15.999999999999998 12.999999999999998 12 55
leaf_count=6 15 17 3 3 8 17 4 3 4 3 5 66 750 72 22 4 11 4 20 16 13 12 55
internal_value=0.00179032 0.17182 0.443388 0.260257 -0.313986 0.920637 -0.118695 -0.443979 0.255381 -0.132258 -0.0127045 0.00549151 -0.00120615 -0.151119 0.0255918 -0.147708 -0.45139 0.614978 -0.0550046 0.1343 -0.269746 0.0566747 -0.170512
internal_weight=1133 89 46 43 23 20 43 23 20 20 1044 920 910 138 772 124 29 10 95 36 24 16 59
internal_count=1133 89 46 43 23 20 43 23 20 20 1044 920 910 138 772 124 29 10 95 36 24 16 59
is_linear=0
shrinkage=0.05


Tree=147
num_leaves=24
num_cat=0
split_feature=8 3 11 3 15 17 4 6 14 0 7 14 17 3 4 3 4 3 14 15 14 12 5
split_gain=813.168 2831.53 20913.1 2918.39 2136.3 1463.03 1251.23 1218.37 1089.08 1065.85 1004.08 951.243 944.399 2363.6 5658.42 1516.22 2342.86 1418.25 768.036 379.399 406.248 317.378 257.794
threshold=4.5000000000000009 0.87542446380032002 325.50000000000006 0.83442513771122584 375.3966666666667 33.33839905184886 37657.000000000007 82.500000000000014 352.50000000000006 37365.850000000013 4.5000000000000009 300.50000000000006 148.07899921572749 0.79353510917353598 36337.500000000007 0.82182225471776904 36767.500000000007 0.81740553608274269 289.50000000000006 308.07166666666677 310.92500000000007 282.40000000000003 19.500000000000004
decision_type=2 2 8 2 2 2 2 2 10 2 2 8 2 2 2 2 2 2 10 2 8 10 2
left_child=5 3 4 6 9 7 10 8 11 -3 -2 -1 13 18 -15 17 -17 -14 -7 21 -21 -9 -10
right_child=1 2 -4 -5 -6 12 -8 19 22 -11 -12 -13 15 14 -16 16 -18 -19 -20 20 -22 -23 -24
leaf_value=-0.19187747836112978 -0.074525521150317742 0.14057491719722739 4.4992167472839357 -1.161515290737152 0.8755707234144211 -0.017703032614042363 0.94141533374786379 -0.067898958921432495 0.27296463932309839 -0.91311576366424552 0.24033176774159073 -0.6647227631165431 0.0033318487259334536 0.55688547910653019 0.02451336600643117 -1.0240511022508145 -0.1434095043150915 0.78780115445454912 -0.19488070734909602 -0.039436927708712481 -0.5266924381256104 0.21212075247484097 -0.28101878166198724
leaf_weight=18 69 4.0000000000000018 2.9999999999999991 4.9999999999999991 3.9999999999999991 225 3.9999999999999991 25 6.9999999999999982 6 40 26 145 62 256 7.9999999999999991 135 5.9999999999999991 84 11.000000000000002 6.9999999999999991 17 3
leaf_count=18 69 4 3 5 4 225 4 25 7 6 40 26 145 62 256 8 135 6 84 11 7 17 3
internal_value=-0.00791619 0.107501 0.710796 0.0205855 -0.101008 -0.0229706 0.0728909 -0.191938 -0.364239 -0.491639 0.0410184 -0.471286 -0.00205603 0.0326143 0.128309 -0.0759958 -0.192676 0.0345028 -0.0658678 -0.0368679 -0.228925 0.0454424 0.10677
internal_weight=1170 135 17 118 14 1035 113 114 54 10 109 44 921 627 318 294 143 151 309 60 18 42 10
internal_count=1170 135 17 118 14 1035 113 114 54 10 109 44 921 627 318 294 143 151 309 60 18 42 10
is_linear=0
shrinkage=0.05


Tree=148
num_leaves=16
num_cat=0
split_feature=3 14 6 14 2 5 17 4 16 17 17 11 18 1 2
split_gain=918.742 3287.29 805.897 1605.64 4138.65 1568.66 6971.56 1754.79 1402.99 1809.14 1618.69 658.301 1300.53 899.886 489.488
threshold=0.96962000981229768 329.50000000000006 74.500000000000014 183.52500000000003 3687.8050000000003 19.500000000000004 22.130355221501201 43067.500000000007 419.68571428571437 258.63379902594141 203.80126379867968 301.52000000000004 26385.655000000006 34467.17500000001 8274.5750000000025
decision_type=2 10 2 8 2 2 2 2 2 2 2 10 10 2 2
left_child=2 -2 3 4 -1 6 -4 -8 10 -10 -7 13 -13 -5 -6
right_child=1 -3 5 11 14 8 7 -9 9 -11 -12 12 -14 -15 -16
leaf_value=2.0460185845692958 0.35722567159682517 -1.8322850863138829 2.1598286867141723 -0.20652965384225053 -0.65645081996917709 -0.018259855162954225 0.023553841957145581 0.33138393186173354 -0.63573724478483207 -0.10946629856074795 0.74785896539688113 0.96734343568483983 -0.099411473618820315 -0.77107338048517704 0.18843745589256283
leaf_weight=2.9999999999999982 3.9999999999999991 3 3.9999999999999991 60 3 458 366 53 20 89 6.9999999999999991 2.9999999999999991 60 7.9999999999999991 4
leaf_count=3 4 3 4 60 3 458 366 53 20 89 7 3 60 8 4
internal_value=-0.0100702 -0.581136 -0.00655751 -0.118444 0.492245 0.00926592 0.0823248 0.0624918 -0.0445736 -0.20603 -0.00672688 -0.165061 -0.0486136 -0.272947 -0.173658
internal_weight=1145 7 1138 141 10 997 423 419 574 109 465 131 63 68 7
internal_count=1145 7 1138 141 10 997 423 419 574 109 465 131 63 68 7
is_linear=0
shrinkage=0.05


Tree=149
num_leaves=29
num_cat=0
split_feature=18 15 3 3 12 2 17 11 13 13 3 18 14 13 12 11 18 11 3 11 3 3 2 11 7 14 7 13
split_gain=977.679 1983.08 4863.54 10468.6 5681.72 3433.85 8720.69 3443.76 1487.29 2290.14 1429.7 1898.94 2254.29 3625.44 1822.14 1633.16 1279.61 889.661 3691.39 873.541 837.575 995.522 695.93 466.998 382.852 765.136 675.767 255.039
threshold=31479.385000000002 311.33333333333343 0.87542446380032002 0.87856858752736289 354.50000000000006 5481.0100000000011 18.984924113714069 264.50000000000006 456.12500000000006 397.50000000000006 0.83583490218549483 32419.975000000002 298.02000000000004 318.50000000000006 232.03000000000003 369.50000000000006 31681.540000000005 799.00000000000011 0.81740553608274269 313.50000000000006 0.74661342550114151 0.81684266971674846 12459.030000000001 398.50000000000006 1.0000000180025095e-35 487.05000000000007 3.5000000000000004 354.50000000000006
decision_type=8 2 2 2 10 2 2 10 8 10 2 8 8 8 8 10 10 10 2 10 2 2 2 8 2 10 2 10
left_child=1 5 8 -4 -5 6 -1 -8 9 -3 17 15 13 -13 -14 16 -12 24 27 -10 22 -22 -7 -17 25 -2 -26 -19
right_child=10 2 3 4 -6 20 7 -9 19 -11 11 12 14 -15 -16 23 -18 18 -20 -21 21 -23 -24 -25 26 -27 -28 -29
leaf_value=-3.0150876998901368 -0.262336889312074 -0.020772338754829468 3.3403920491536461 0.11217745643395645 1.0950929117830177 -0.21827513203024865 -0.97831992736229534 -0.062916498007823007 -0.37105450502463749 0.36059984931579003 -1.1899025460084252 0.069755075446196968 -1.4202637672424316 1.678977394104004 -0.17131893481043253 -1.5276128451029469 -0.064609755203127867 -0.19254858174494327 1.9491556326548261 0.0074678695036305325 0.22349042349029336 -0.047236680630910195 0.0072613401489113188 -0.80727518929375541 0.094091625552493757 0.13511414602398872 -0.099942913591056268 0.22071319520473481
leaf_weight=2.9999999999999991 37 162 2.9999999999999991 65 19 48 12.999999999999998 49 35 52 3.0000000000000062 28 2.9999999999999991 3.9999999999999991 110 2.9999999999999973 15.999999999999998 7.0000000000000027 2.9999999999999991 27 80 59 119 9 114 18 74 7.9999999999999991
leaf_count=3 37 162 3 65 19 48 13 49 35 52 3 28 3 4 110 3 16 7 3 27 80 59 119 9 114 18 74 8
internal_value=-0.00616046 0.0290914 0.112177 0.438155 0.334504 -0.0522026 -0.382251 -0.254856 0.00942318 0.0718975 -0.0653707 -0.175503 -0.0995643 0.270908 -0.204477 -0.530703 -0.242288 0.00889499 0.348074 -0.206214 0.0179058 0.108577 -0.0575635 -0.98736 -0.0162294 -0.132262 0.0177163 0.0278577
internal_weight=1171 734 363 87 84 371 65 62 276 214 437 176 145 32 113 31 19 261 18 62 306 139 167 12 243 55 188 15
internal_count=1171 734 363 87 84 371 65 62 276 214 437 176 145 32 113 31 19 261 18 62 306 139 167 12 243 55 188 15
is_linear=0
shrinkage=0.05


Tree=150
num_leaves=22
num_cat=0
split_feature=8 1 11 5 14 2 7 14 12 11 2 14 2 17 11 7 14 0 2 6 17
split_gain=1103.96 2544.7 13773.2 7183.86 3941.21 1545.59 1318.15 894.011 4422.87 2307 5575.44 1716.18 1343.24 1810.16 2278.21 1267.32 1260.72 626.302 481.597 412.714 271.283
threshold=4.5000000000000009 32767.445000000003 339.38500000000005 20.500000000000004 319.50000000000006 5704.7700000000013 1.5000000000000002 313.50000000000006 238.00000000000003 250.50000000000003 4654.1650000000018 359.50000000000006 9946.6850000000013 255.06879963238694 394.83500000000009 1.0000000180025095e-35 299.51000000000005 37028.350000000013 12031.635000000002 86.500000000000014 49.82377642883678
decision_type=2 2 8 2 8 2 2 10 10 10 2 10 2 2 10 2 10 2 2 2 2
left_child=7 5 3 4 -3 -2 19 12 -9 10 -10 -11 13 14 -1 20 -15 -8 -17 -7 -14
right_child=1 2 -4 -5 -6 6 17 8 9 11 -12 -13 15 16 -16 18 -18 -19 -20 -21 -22
leaf_value=0.052923977995912232 -0.82079061925411223 -1.8981390953063959 3.7671543518702189 1.8247369289398194 0.12804542879263556 -0.3017926596153605 0.31373806166939622 -1.999694887797038 -2.6245855331420906 -0.20732017987092416 0.01535777151584625 0.01477901457751548 0.30335606336593629 -0.074226371078721945 0.39573430274763416 -0.20827458671739568 -0.70750119222535035 0.050101452837698159 -0.053263693883037956 0.24678460508584976 0.97576893170674617
leaf_weight=222 4.9999999999999991 4.0000000000000009 2.9999999999999991 3.9999999999999991 6.0000000000000009 24.000000000000004 41 2.9999999999999991 2.9999999999999982 127 6 276 2.9999999999999991 62 62 69 8.9999999999999982 50 183 3.9999999999999991 3
leaf_count=222 5 4 3 4 6 24 41 3 3 127 6 276 3 62 62 69 9 50 183 4 3
internal_value=-0.0121578 0.11904 0.692713 0.0339046 -0.682428 0.0403911 0.0765752 -0.0301528 -0.0868225 -0.0728938 -0.864623 -0.0552125 0.00821252 0.0713102 0.127763 -0.0786079 -0.154501 0.168883 -0.0957072 -0.223424 0.639562
internal_weight=1169 141 17 14 10 124 119 1028 415 412 9 403 613 355 284 258 71 91 252 28 6
internal_count=1169 141 17 14 10 124 119 1028 415 412 9 403 613 355 284 258 71 91 252 28 6
is_linear=0
shrinkage=0.05


Tree=151
num_leaves=14
num_cat=0
split_feature=1 11 16 17 2 2 6 14 1 1 14 12 13
split_gain=1346.35 3482.71 1016.66 1887.05 6569 1496.16 1818.11 1485.33 1277.04 1451.52 1156.09 736.616 678.493
threshold=40168.775000000001 668.0150000000001 419.68571428571437 258.63379902594141 5929.920000000001 2872.6200000000003 86.500000000000014 230.02500000000003 37530.255000000012 33538.695000000007 254.62500000000003 238.00000000000003 1005.0000000000001
decision_type=2 10 2 2 2 2 2 10 2 2 10 10 8
left_child=2 -2 5 4 -4 6 11 -5 9 -7 -9 -1 -6
right_child=1 -3 3 7 12 8 -8 10 -10 -11 -12 -13 -14
leaf_value=0.98573732376098411 -1.9764287789662678 0.27722548115998502 -2.3618253231048563 0.80992671012878414 0.015545622110366817 0.00025354617176645566 1.5488063812255861 -0.43327271436390125 -0.77841755151748659 0.20240210334956649 -0.022508496288589842 0.15272256161855616 -0.80816145340601597
leaf_weight=3.0000000000000062 2.9999999999999991 4 4.0000000000000027 4.9999999999999991 15.000000000000002 793 2.9999999999999991 19 4.9999999999999991 100 174 23 2.9999999999999991
leaf_count=3 3 4 4 5 15 793 3 19 5 100 174 23 3
internal_value=0.00269274 -0.688626 0.00691178 -0.0897165 -0.529027 0.0298441 0.383319 -0.0409042 0.0184289 0.0228906 -0.0629464 0.24884 -0.121739
internal_weight=1154 7 1147 220 22 927 29 198 898 893 193 26 18
internal_count=1154 7 1147 220 22 927 29 198 898 893 193 26 18
is_linear=0
shrinkage=0.05


Tree=152
num_leaves=15
num_cat=0
split_feature=1 6 0 13 0 2 17 1 11 11 2 2 15 1
split_gain=1354.77 4092.35 907.701 2180.5 2156.2 1722.03 846.648 12877.1 807.609 273.334 167.502 159.699 115.409 41.5346
threshold=39918.625000000007 78.500000000000014 41602.150000000009 310.92500000000007 41448.650000000001 6669.9900000000007 18.984924113714069 33332.795000000006 398.20000000000005 319.50000000000006 9044.4750000000022 6487.4650000000011 733.98500000000013 35197.380000000005
decision_type=2 2 2 8 2 2 2 2 10 10 2 2 2 2
left_child=2 12 4 -4 6 -6 7 -1 -8 11 -7 -5 -2 -11
right_child=1 -3 3 9 5 10 8 -9 -10 13 -12 -13 -14 -15
leaf_value=-0.018742433266761976 -0.091787387058138881 -2.1231916705767309 -1.5825616200764985 -0.097417264680067672 1.3723755836486817 0.52012147108713802 -0.025760934792897539 3.3807258685429895 0.086730428002964779 -0.43999759356180812 0.062543616692225121 0.41849497159322091 0.31846170425415032 -0.19388527795672414
leaf_weight=39 3.9999999999999982 3 2.9999999999999973 3 4.9999999999999991 2.9999999999999982 858 2.9999999999999991 196 3 6 3 3 4
leaf_count=39 4 3 3 3 5 3 858 3 196 3 6 3 3 4
internal_value=0.00127085 -0.578134 0.00641654 -0.367499 0.0118063 0.628393 0.0039302 0.224077 -0.00484224 -0.0871001 0.21507 0.160539 0.0840337 -0.299362
internal_weight=1136 10 1126 16 1110 14 1096 42 1054 13 9 6 7 7
internal_count=1136 10 1126 16 1110 14 1096 42 1054 13 9 6 7 7
is_linear=0
shrinkage=0.05


Tree=153
num_leaves=10
num_cat=0
split_feature=0 1 3 16 16 12 2 15 12
split_gain=830.961 1364.87 2752.13 964.09 2173.35 1367.02 2682.58 1223.03 1049.71
threshold=42109.350000000006 40168.775000000001 0.96980437379853035 466.39285714285717 468.68500000000006 1040.0000000000002 4512.7750000000005 587.40166666666676 279.93000000000006
decision_type=2 2 2 2 2 10 2 2 10
left_child=1 3 -3 5 -5 7 -7 -1 -6
right_child=-2 2 -4 4 8 6 -8 -9 -10
leaf_value=0.0092206586123686346 0.81704983711242685 -1.8391613006591798 0.30253860950469963 -1.4575928191343943 -0.37171419971975789 1.5936400175094605 0.037434997492366368 -0.35234035719186069 -0.039489243847007555
leaf_weight=919 2.9999999999999991 2.9999999999999991 3 2.9999999999999991 29 3.9999999999999991 8.9999999999999982 24 132
leaf_count=919 3 3 3 3 29 4 9 24 132
internal_value=-0.01399 -0.0162041 -0.768311 -0.012175 -0.124177 0.0070388 0.516267 1.86815e-05 -0.099331
internal_weight=1129 1126 6 1120 164 956 13 943 161
internal_count=1129 1126 6 1120 164 956 13 943 161
is_linear=0
shrinkage=0.05


Tree=154
num_leaves=20
num_cat=0
split_feature=1 13 11 16 12 1 0 0 11 0 16 2 6 0 5 4 16 2 17
split_gain=1944.95 2623.89 2633.5 3229.32 4321.59 1941.8 1767.47 3321.02 1162.64 2214.75 2662.9 988.788 717.684 653.839 651.345 404.955 217.678 190.856 88.884
threshold=36067.545000000006 280.25000000000006 394.83500000000009 505.3857142857143 255.50000000000003 35970.215000000011 41535.600000000006 41396.900000000009 1089.0050000000003 39048.350000000013 455.66857142857145 3687.8050000000003 74.500000000000014 40597.950000000004 19.500000000000004 36384.500000000007 463.78571428571428 1521.0700000000004 418.64518873773244
decision_type=2 10 10 2 8 2 2 2 10 2 2 2 2 2 2 2 2 2 2
left_child=5 11 6 4 -4 8 7 -3 12 -10 -11 16 15 -5 -14 -1 17 -2 -18
right_child=1 2 3 13 -6 -7 -8 -9 9 10 -12 -13 14 -15 -16 -17 18 -19 -20
leaf_value=-0.026061043276318481 -0.075245157877603996 0.015989773196202737 0.59838601188226159 0.61010859310626986 2.2665718317031862 -1.1057394385337831 -1.081517473856608 1.7695638656616213 1.6679089268048604 -0.63172501564025874 1.2525619824727374 -1.1083394368489585 0.058571531768870713 -0.0501132781803608 -0.026996694172767899 -0.21155266789419036 -0.15886881053447729 -0.63924287160237614 0.14541321198145549
leaf_weight=56 3.0000000000000062 27.000000000000004 11.000000000000002 5.9999999999999991 5.9999999999999991 3.9999999999999991 2.9999999999999991 2.9999999999999991 2.9999999999999991 5 3 2.9999999999999991 372 9.9999999999999982 553 62 3.9999999999999982 3 6
leaf_count=56 3 27 11 6 6 4 3 3 3 5 3 3 372 10 553 62 4 3 6
internal_value=0.012309 0.242419 0.391471 0.707309 1.18716 -0.00617809 0.0756322 0.191347 -0.00200518 0.509344 0.0748826 -0.275341 -0.00739813 0.19747 0.00741561 -0.123523 -0.119154 -0.357244 0.0237004
internal_weight=1143 85 66 33 17 1058 33 30 1054 11 8 19 1043 16 925 118 16 6 10
internal_count=1143 85 66 33 17 1058 33 30 1054 11 8 19 1043 16 925 118 16 6 10
is_linear=0
shrinkage=0.05


Tree=155
num_leaves=27
num_cat=0
split_feature=0 3 18 18 13 2 14 0 0 16 0 1 18 0 0 9 2 2 4 6 11 3 15 13 0 6
split_gain=936.377 1950.6 1618.99 1297.86 1791.13 5196.48 2046.83 2399.45 1689.98 1399.67 2798.23 1520.76 1224.33 1215.31 721.905 609.749 876.479 741.135 554.652 460.787 389.571 347.606 256.508 205.081 139.842 80.5425
threshold=35745.450000000004 0.83324009477560035 30310.815000000006 31301.605 254.62500000000003 7907.0550000000012 259.50000000000006 38494.600000000006 35961.150000000001 330.80928571428575 41448.650000000001 36067.545000000006 26958.014999999999 40672.200000000004 35475.200000000004 1.0000000180025095e-35 13983.720000000003 6741.1500000000005 39052.500000000007 76.500000000000014 466.50000000000006 0.7765281045332364 296.7000000000001 263.83500000000009 35233.30000000001 83.500000000000014
decision_type=2 2 10 10 8 2 8 2 2 2 2 2 10 2 2 2 2 2 2 2 8 2 2 8 2 2
left_child=1 15 14 4 5 -2 13 -8 23 10 -10 -11 -7 -6 24 18 17 -17 19 -1 25 -20 -18 -5 -3 -4
right_child=3 2 20 8 6 12 7 -9 9 11 -12 -13 -14 -15 -16 16 22 -19 21 -21 -22 -23 -24 -25 -26 -27
leaf_value=-0.33038074898719794 2.4496483564376805 -0.96097025871276776 -0.31267454624175972 0.92321810722351083 -0.09938162446022035 0.71888120600155392 0.030260813992251369 0.32395222208566138 -0.18067920478992164 -0.058067488155221982 -1.5357956409454347 0.26851447215985236 -0.12700166539712385 -0.64704185128211977 -1.6695210774739579 -0.11157917380332948 0.0039300607732282236 0.37278901391795705 0.61452005505561846 -0.087732228165388948 -0.67005112171173098 -0.010825660228729246 -0.25051752813160422 0.41690673828124986 -0.47819682757059723 -0.053601664801438659
leaf_weight=25 3.0000000000000027 3.0000000000000018 4.0000000000000062 3.9999999999999991 65 7.0000000000000027 306 90 80 273 3.9999999999999991 41 10.999999999999998 11.999999999999998 3 10.999999999999998 26 28 3.9999999999999982 90 3.9999999999999991 5 15.999999999999998 4.0000000000000009 3 11.999999999999998
leaf_count=25 3 3 4 4 65 7 306 90 80 273 4 41 11 12 3 11 26 28 4 90 4 5 16 4 3 12
internal_value=-0.00639514 -0.0955001 -0.479317 0.0167722 0.0712051 0.523052 0.0511442 0.0970089 -0.049459 -0.0639217 -0.245209 -0.0154246 0.201953 -0.184731 -1.03623 -0.0412041 0.0654892 0.236172 -0.110899 -0.140482 -0.228706 0.267106 -0.0930024 0.670062 -0.719584 -0.11837
internal_weight=1134 234 29 900 494 21 473 396 406 398 84 314 18 77 9 205 81 39 124 115 20 9 42 8 6 16
internal_count=1134 234 29 900 494 21 473 396 406 398 84 314 18 77 9 205 81 39 124 115 20 9 42 8 6 16
is_linear=0
shrinkage=0.05


Tree=156
num_leaves=17
num_cat=0
split_feature=1 12 4 17 17 12 13 18 4 18 3 13 15 1 2 17
split_gain=987.3 2684.94 960.466 1778.34 2693.8 2185.12 1582.94 2638.09 1885.59 980.5 1583.36 1476.43 1324.09 3912.53 2513.89 972.322
threshold=40168.775000000001 241.00000000000003 44395.000000000007 281.06754521206295 276.90470916250302 1012.0000000000001 267.00000000000006 37530.255000000012 44735.000000000007 31396.655000000006 0.87542446380032002 252.71000000000001 314.83333333333343 32162.960000000003 6364.7200000000003 87.637470875742792
decision_type=2 8 2 2 2 8 10 8 2 10 2 10 2 2 2 2
left_child=2 -2 9 4 5 -4 7 -5 -8 12 15 -12 14 -14 -1 -11
right_child=1 -3 3 6 -6 -7 8 -9 -10 10 11 -13 13 -15 -16 -17
leaf_value=-0.23783687702684758 -1.7304045518239339 0.16166359901428218 0.18469388748324195 -1.8618131637573254 1.8220806484421095 1.5803925355275474 1.2919847170511882 -0.089643377278532277 -0.0227232334514459 -0.16539926439647734 -1.3820077896118166 -0.24540069500605266 -0.0043727724691811172 0.38934511388228699 0.045989858944893873 0.037163606410225231
leaf_weight=107 2.9999999999999991 5.0000000000000009 43 2.9999999999999973 2.9999999999999991 2.9999999999999991 2.9999999999999991 7.0000000000000009 30 84 2.9999999999999991 60 223 88 288 201
leaf_count=107 3 5 43 3 3 3 3 7 30 84 3 60 223 88 288 201
internal_value=0.00566528 -0.547862 0.00952934 0.164463 0.370393 0.275718 -0.070202 -0.621294 0.0967957 -0.00399425 -0.0726831 -0.299525 0.0298637 0.107033 -0.0308949 -0.0225391
internal_weight=1154 8 1146 92 49 46 43 10 33 1054 348 63 706 311 395 285
internal_count=1154 8 1146 92 49 46 43 10 33 1054 348 63 706 311 395 285
is_linear=0
shrinkage=0.05


Tree=157
num_leaves=16
num_cat=0
split_feature=15 15 17 12 12 13 11 17 2 4 0 18 7 11 2
split_gain=976.181 3239.55 7264.82 3093.24 1723.87 1638.73 1151.03 9962.11 1360.44 1074.09 934.397 565.534 908.736 867.133 364.424
threshold=314.83333333333343 316.06666666666672 23.602733193753455 371.75000000000006 238.00000000000003 231.50000000000003 335.50000000000006 19.953255025014467 3636.3450000000007 44860.000000000007 37028.350000000013 25068.695000000003 2.5000000000000004 19.670000000000005 8633.1000000000022
decision_type=2 2 2 10 8 8 8 2 2 2 2 10 2 10 2
left_child=3 2 -2 6 -3 -6 11 -8 -9 -7 14 13 -13 -1 -4
right_child=1 4 10 -5 5 9 7 8 -10 -11 -12 12 -14 -15 -16
leaf_value=-0.11426310937027806 2.9815241655955713 -1.1693175315856934 0.90911587079366074 -1.2880545902252198 1.1979036490122477 0.039879475759697108 -2.6506154134869577 0.4281940048391169 -0.18489656900512239 -0.2821694557313566 -0.5621525963147479 0.029548718069345899 -0.16736435027757907 0.12706124940247254 0.18010839298367498
leaf_weight=52 2.9999999999999991 2.9999999999999991 2.9999999999999982 4.9999999999999991 2.9999999999999991 630 3.9999999999999991 10.999999999999998 51 27 3 131 106 131 4
leaf_count=52 3 3 3 5 3 630 4 11 51 27 3 131 106 131 4
internal_value=0.0028864 0.0418597 0.82353 -0.0507713 0.0265328 0.0319685 -0.0380421 -0.232152 -0.0761224 0.0266446 0.176132 -0.00753904 -0.0585221 0.0584882 0.49254
internal_weight=1167 676 13 491 663 660 486 66 62 657 10 420 237 183 7
internal_count=1167 676 13 491 663 660 486 66 62 657 10 420 237 183 7
is_linear=0
shrinkage=0.05


Tree=158
num_leaves=15
num_cat=0
split_feature=3 12 15 12 16 14 3 13 17 3 18 2 0 18
split_gain=780.728 2811.34 888.055 2756.5 1869.44 4604.78 8547.07 4572.24 1373.52 4097.09 1178.72 1215.65 1144.62 781.026
threshold=0.96962000981229768 241.00000000000003 313.00333333333339 371.75000000000006 320.67142857142863 325.50000000000006 0.88794675589049332 241.00000000000003 21.646159852662674 0.85588350270980251 21532.335000000003 6007.6400000000012 40970.100000000006 26230.235000000004
decision_type=2 8 2 10 2 10 2 8 2 2 10 2 2 8
left_child=2 -2 3 8 5 7 -7 -4 9 -1 11 -6 -12 -10
right_child=1 -3 4 -5 10 6 -8 -9 13 -11 12 -13 -14 -15
leaf_value=0.0017019724375323246 -1.709082192182541 0.22701048076152797 1.9995619773864748 -1.2236518812179566 0.7928147878911761 3.0125382006168366 0.34372581839561467 0.010870775842414344 0.057860456527519678 -0.95208836793899543 -0.032999943073264489 -0.2547842264175415 0.20853807664027924 -0.078455264187634821
leaf_weight=38 2.9999999999999991 5.0000000000000009 2.9999999999999991 4.9999999999999991 8.9999999999999982 3.9999999999999991 11.999999999999998 79 202 15.999999999999998 535 3.9999999999999991 54 219
leaf_count=38 3 5 3 5 9 4 12 79 202 16 535 4 54 219
internal_value=-0.00674955 -0.499024 -0.00341209 -0.0557935 0.0325066 0.235024 1.01093 0.0836278 -0.0435003 -0.280903 -0.000461324 0.470477 -0.0108555 -0.0130496
internal_weight=1188 8 1180 480 700 98 16 82 475 54 602 13 589 421
internal_count=1188 8 1180 480 700 98 16 82 475 54 602 13 589 421
is_linear=0
shrinkage=0.05


Tree=159
num_leaves=22
num_cat=0
split_feature=11 1 18 1 4 18 17 18 17 16 2 0 18 14 2 0 0 4 15 15 18
split_gain=1103.29 4814.21 1632.75 1854.02 3359.65 1834.91 11831.6 2263.64 11401.8 1383.08 1204.03 1171.3 977.029 948.091 2576.91 606.196 566.78 691.788 470.155 411.641 301.594
threshold=255.50000000000003 37133.655000000006 24380.075000000004 32162.960000000003 37941.500000000007 25575.665000000005 19.731359005534404 26230.235000000004 39.24205365984912 305.91071428571433 14806.325000000003 40016.750000000007 23417.210000000003 329.50000000000006 5929.920000000001 38411.500000000007 38494.600000000006 44860.000000000007 309.01000000000005 479.83166666666665 22562.360000000004
decision_type=8 2 8 2 2 8 2 8 2 2 2 2 10 10 2 2 2 2 2 2 8
left_child=1 13 3 10 12 6 -4 8 -7 -8 19 -9 -5 16 -15 -16 18 -18 -1 -2 -12
right_child=2 -3 5 4 -6 7 9 11 -10 -11 20 -13 -14 14 15 -17 17 -19 -20 -21 -22
leaf_value=-0.09359608054289531 0.19077364004340516 -2.1239596366882325 -3.3603527069091799 2.1427488327026376 -0.35584069192409506 3.349868520100912 0.53364650370287048 -0.043321529248335329 0.11190065142923389 -0.24013426023902318 -0.091497335650704115 0.1065774454398115 0.9490846753120421 -1.5534944534301762 0.57465929985046371 -0.36557276844978326 0.32215540114169322 -0.23665155209600919 -0.73023289044698081 0.7869555393854778 -0.52169364929199225
leaf_weight=87 83 2.9999999999999991 2.9999999999999991 2.9999999999999982 4 2.9999999999999991 6.9999999999999991 650 29 33 22.000000000000004 163 4 3.9999999999999982 3 4 18 8.0000000000000018 2.9999999999999991 2.9999999999999991 4.9999999999999991
leaf_count=87 83 3 3 3 4 3 7 650 29 33 22 163 4 4 3 4 18 8 3 3 5
internal_value=-0.00712729 -0.144247 0.0104869 0.180443 0.800111 -0.0132456 -0.33186 0.00296787 0.41546 -0.104723 0.120121 -0.013268 1.46066 -0.0974824 -0.541117 0.0373838 -0.0554136 0.150215 -0.114817 0.211571 -0.171163
internal_weight=1142 130 1012 124 11 888 43 845 32 40 113 813 7 127 11 7 116 26 90 86 27
internal_count=1142 130 1012 124 11 888 43 845 32 40 113 813 7 127 11 7 116 26 90 86 27
is_linear=0
shrinkage=0.05


Tree=160
num_leaves=17
num_cat=0
split_feature=11 7 12 1 11 1 2 3 2 3 2 12 11 13 6 1
split_gain=860.108 2352.93 2371.92 1609.63 1326.5 1363.57 1152.87 1584.47 1208.76 5152.45 2987.54 992.206 480.489 409.243 192.046 112.662
threshold=547.63000000000011 1.0000000180025095e-35 396.50000000000006 40168.775000000001 570.00000000000011 31392.845000000005 2840.1900000000005 0.92767546706777626 4560.6400000000003 0.87542446380032002 4426.6500000000005 238.00000000000003 593.13000000000011 232.03000000000003 77.500000000000014 32920.24500000001
decision_type=8 2 8 2 8 2 2 2 2 2 2 10 8 8 2 2
left_child=3 2 -2 6 5 -3 7 -1 10 -10 -8 -9 -6 -14 -7 -4
right_child=1 4 15 -5 12 14 8 11 9 -11 -12 -13 13 -15 -16 -17
leaf_value=1.233044457435607 2.0487808227539075 -0.30654087066650393 0.13676757812499993 -1.1677740255991618 -0.6551123301188152 0.49510917663574228 -0.076459103685351068 1.0027748425801584 -0.0048129018236819261 1.0844409396702595 -0.86147587666144743 0.027652112543582921 -0.57735277811686203 0.021051744402696693 0.92940901347569049 0.54210577011108396
leaf_weight=4.0000000000000027 2.9999999999999973 3.9999999999999991 3.0000000000000009 2.9999999999999991 2.9999999999999991 3.9999999999999982 179 3.0000000000000027 833 10.999999999999998 12.999999999999998 20 2.9999999999999991 60 7 4
leaf_count=4 3 4 3 3 3 4 179 3 833 11 13 20 3 60 7 4
internal_value=0.00136169 0.148911 0.872507 -0.011234 0.0595783 0.484009 -0.00797001 0.314576 -0.0163761 0.00938353 -0.129611 0.154842 -0.0368832 -0.00744371 0.771482 0.368389
internal_weight=1157 91 10 1066 81 15 1063 27 1036 844 192 23 66 63 11 7
internal_count=1157 91 10 1066 81 15 1063 27 1036 844 192 23 66 63 11 7
is_linear=0
shrinkage=0.05


Tree=161
num_leaves=28
num_cat=0
split_feature=4 13 13 7 11 2 17 17 2 13 11 18 16 16 3 14 15 13 3 0 6 18 3 17 0 0 2
split_gain=2038.23 2266.37 2330.49 2777.72 2884.05 1471.26 1572.54 2481.33 1437.11 2760.49 1918.11 4518.2 1893.26 8860.93 1601.15 1432.46 1255.64 1012.03 901.831 653.217 590.777 720.689 525.649 444.12 240.284 75.4697 49.8809
threshold=42910.000000000007 314.50000000000006 309.50000000000006 4.5000000000000009 397.50000000000006 7876.7200000000003 61.652672243903865 64.884407249091126 5977.8300000000008 281.67500000000007 318.50000000000006 23884.950000000001 314.86714285714294 313.64285714285717 0.77305376033391571 442.50000000000006 459.00000000000011 515.00000000000011 0.77535120866407758 38534.400000000009 75.500000000000014 16460.66 0.79719527097399479 35.728564992868456 40570.650000000001 41432.700000000004 14847.360000000002
decision_type=2 10 10 2 10 2 2 2 2 10 10 10 2 2 2 8 2 8 2 2 2 10 2 2 2 2 2
left_child=8 2 3 4 -2 6 -3 -8 9 10 11 -1 13 -11 20 -12 -14 18 -16 -5 21 -10 -19 -22 26 -26 -7
right_child=1 5 -4 19 -6 24 7 -9 14 12 15 -13 16 -15 17 -17 -18 22 -20 -21 23 -23 -24 -25 25 -27 -28
leaf_value=0.012121148339726709 0.17758567482233048 0.7938750433921814 1.7132899522781373 -0.5258081185817719 1.0607867201169332 0.18399339076131574 -1.5309785127639772 -0.070472628462471473 0.48535251319408418 -0.34886623451838622 -0.081337117896953109 1.8248429870605472 -0.2095926168041492 -3.1742541948954268 0.88057965636253366 0.79425816059112553 0.40488962696658243 -0.44547732526605766 0.12326033621471939 0.084086185704088878 0.06947578717850976 -0.20139868757961429 -0.015161575370293577 -0.059329051089783515 0.72879515647888171 0.41157875855763743 0.40024164915084842
leaf_weight=10.999999999999998 19 4.9999999999999991 2.9999999999999991 4.9999999999999991 18 8.0000000000000018 2.9999999999999991 95 3.9999999999999991 37 71 4.9999999999999991 109 2.9999999999999991 3.9999999999999991 4.9999999999999991 8.9999999999999982 11.000000000000002 228 36 90 85 20 261 5 3 3.9999999999999991
leaf_count=11 19 5 3 5 18 8 3 95 4 37 71 5 109 3 4 5 9 11 228 36 90 85 20 261 5 3 4
internal_value=-0.00304793 0.140389 0.345756 0.293158 0.607251 0.00514769 -0.071053 -0.115182 -0.0337522 -0.136714 0.0810207 0.578597 -0.263496 -0.56077 0.00286295 -0.0237322 -0.162725 0.100465 0.136318 0.00970883 -0.0554762 -0.170533 -0.167854 -0.0263022 0.397581 0.609839 0.256076
internal_weight=1157 204 81 78 37 123 103 98 953 250 92 16 158 40 703 76 118 263 232 41 440 89 31 351 20 8 12
internal_count=1157 204 81 78 37 123 103 98 953 250 92 16 158 40 703 76 118 263 232 41 440 89 31 351 20 8 12
is_linear=0
shrinkage=0.05


Tree=162
num_leaves=23
num_cat=0
split_feature=14 16 11 18 18 0 18 0 2 18 0 11 15 17 4 12 14 17 17 6 1 16
split_gain=730.623 1420 1310.21 2661.42 1151.82 3212 1454.86 997.236 882.22 875.112 1613.85 12355.9 1731.69 813.487 944.365 714.802 420.797 289.309 477.05 217.364 131.57 85.3302
threshold=249.50000000000003 501.93214285714294 380.50000000000006 31959.290000000005 29769.105000000007 40970.100000000006 28556.640000000003 41396.900000000009 15670.530000000001 31301.605 38476.000000000007 331.00000000000006 323.99833333333339 33.33839905184886 42412.500000000007 1005.0000000000001 266.20000000000005 36.164863564054137 41.999017711740166 81.500000000000014 16976.100000000002 523.73571428571438
decision_type=8 2 8 10 10 2 8 2 2 8 2 8 2 2 2 10 10 2 2 2 2 2
left_child=1 2 4 -4 6 -6 -1 -5 9 10 12 -12 -2 14 -11 -15 17 -10 -19 20 -18 -3
right_child=8 21 3 7 5 -7 -8 -9 16 13 11 -13 -14 15 -16 -17 19 18 -20 -21 -22 -23
leaf_value=-0.12016445805754844 -0.044104529108319968 -0.88645809173583978 1.6710860570271793 0.23304505103400769 -0.21870207208044384 -1.9932501475016278 0.68744457562764483 -0.7714984973271688 -0.48612976173559769 -0.11059941685026778 0.14548414191327144 3.4035597960154216 0.16519837471553023 0.018961403543769489 -0.61734156012535102 -0.21881761368098004 -0.11252420892318063 0.61726911067962653 -0.08221795762387607 -0.014042463339865209 -0.47167637558544384 -0.54915461540222155
leaf_weight=79 315 5 3.0000000000000027 14.000000000000002 17.000000000000004 2.9999999999999991 5.9999999999999991 2.9999999999999991 3.0000000000000027 56 97 2.9999999999999991 144 326 10.999999999999998 35 3.0000000000000062 2.9999999999999991 12.999999999999998 3.9999999999999991 17 3
leaf_count=79 315 5 3 14 17 3 6 3 3 56 97 3 144 326 11 35 3 3 13 4 17 3
internal_value=-0.00388243 -0.114168 -0.0728369 0.29807 -0.143486 -0.484884 -0.0631568 0.0557727 0.0103584 0.020017 0.0612134 0.243226 0.0215591 -0.0337886 -0.193796 -0.00409196 -0.211341 -0.0355482 0.0489359 -0.35051 -0.417804 -0.759969
internal_weight=1163 133 125 20 105 20 85 17 1030 987 559 100 459 428 67 361 43 19 16 24 20 8
internal_count=1163 133 125 20 105 20 85 17 1030 987 559 100 459 428 67 361 43 19 16 24 20 8
is_linear=0
shrinkage=0.05


Tree=163
num_leaves=14
num_cat=0
split_feature=0 17 1 0 13 16 1 16 0 7 2 12 7
split_gain=1471.95 3523.39 2073.56 1488.98 2063.3 604.299 2325.65 1456.56 1051.61 413 238.752 225.599 55.0353
threshold=41499.100000000013 64.476479899219882 39918.625000000007 41602.150000000009 335.50000000000006 175.73785714285717 35678.660000000011 180.47785714285718 40925.350000000006 1.0000000180025095e-35 1323.1000000000001 359.50000000000006 4.5000000000000009
decision_type=2 2 2 2 8 2 2 2 2 2 2 10 2
left_child=2 -2 5 4 -3 6 9 -7 -9 -1 -5 -12 -6
right_child=1 3 -4 10 12 7 -8 8 -10 -11 11 -13 -14
leaf_value=0.29967544118563338 1.9808106740315734 1.7703494548797598 -1.0155780601501465 0.20567170023918138 0.31581482887268053 -0.95707067474722862 1.1843085289001465 -0.012604173437731184 0.21591932356076421 0.0031056495728316131 -0.06202736563152738 -0.51332114338874824 0.012952693303426103
leaf_weight=14.999999999999998 3.0000000000000027 3.0000000000000009 4.9999999999999991 5.0000000000000027 3.0000000000000009 3.9999999999999991 4.9999999999999991 1004 53 54 8.9999999999999982 3.9999999999999991 3
leaf_count=15 3 3 5 5 3 4 5 1004 53 54 9 4 3
internal_value=0.00950765 0.35522 0.000409948 0.174599 0.699706 0.00488567 0.143032 -0.00474943 -0.00114557 0.0675773 -0.087954 -0.200887 0.164384
internal_weight=1170 30 1140 27 9 1135 74 1061 1057 69 18 13 6
internal_count=1170 30 1140 27 9 1135 74 1061 1057 69 18 13 6
is_linear=0
shrinkage=0.05


Tree=164
num_leaves=14
num_cat=0
split_feature=3 1 1 0 6 1 3 12 17 6 2 15 2
split_gain=792.858 4060.84 3540.15 3906.61 2109 1834.38 1468.92 1628.78 2458.9 1356.35 1282.17 1988.29 1609.85
threshold=0.90742128172380265 37214.820000000014 36965.920000000006 41257.100000000006 73.500000000000014 38148.920000000006 0.90837077025419899 379.00000000000006 43.346395609457645 87.500000000000014 3724.8350000000005 333.36666666666673 3784.5050000000006
decision_type=2 2 2 2 2 2 2 10 2 2 2 2 2
left_child=1 2 10 -4 5 -2 -6 9 -9 -8 11 -1 -12
right_child=4 -3 3 -5 6 -7 7 8 -10 -11 12 -13 -14
leaf_value=0.068621404303444739 1.9042889644702274 1.8238958040873212 -0.11599847674369812 -2.5028663635253903 1.1667507727940878 0.15577377875645951 0.025742735740078512 1.7843331336975077 0.23169422916629734 -0.61359436511993415 1.1532360076904298 -1.0147260248661041 -0.0067649927578808224
leaf_weight=9.0000000000000018 2.9999999999999991 2.9999999999999991 3.9999999999999991 3 2.9999999999999991 3 106 3.0000000000000027 17 8.9999999999999982 2.9999999999999991 7.9999999999999991 991
leaf_count=9 3 3 4 3 3 3 106 3 17 9 3 8 991
internal_value=0.00251768 -0.0129731 -0.0183863 -1.13894 0.112352 1.03003 0.0724524 0.0481347 0.46459 -0.0242923 -0.0106277 -0.441189 -0.00326398
internal_weight=1165 1021 1018 7 144 6 138 135 20 115 1011 17 994
internal_count=1165 1021 1018 7 144 6 138 135 20 115 1011 17 994
is_linear=0
shrinkage=0.05


Tree=165
num_leaves=23
num_cat=0
split_feature=13 15 13 4 12 0 17 0 4 0 14 3 18 17 3 18 6 6 15 2 0 13
split_gain=730.618 1650.16 1099.2 1362.02 4271.39 1058.73 2306.24 1427.48 1051.43 736.558 711.655 733.527 657.788 605.053 893.535 621.139 533.459 520.052 449.03 470.294 124.958 56.4303
threshold=459.50000000000006 386.33333333333331 418.90000000000003 45077.500000000007 1115.5000000000002 41499.100000000013 138.62936300228804 41396.900000000009 35865.000000000007 38476.000000000007 329.50000000000006 0.85588350270980251 27741.505000000001 124.0986936177879 0.88922858071935351 30607.090000000004 82.500000000000014 80.500000000000014 416.5 7999.4750000000013 39388.55000000001 1157.0000000000002
decision_type=10 2 10 2 8 2 2 2 2 2 10 2 10 2 2 8 2 2 2 2 2 8
left_child=2 17 3 5 -5 7 -7 -1 9 12 18 16 -4 14 -10 -15 -12 -2 -3 -20 -19 -13
right_child=1 10 8 4 -6 6 -8 -9 13 -11 11 21 -14 15 -16 -17 -18 20 19 -21 -22 -23
leaf_value=-0.0051087050748729315 -1.2929316679636642 -0.57235957185427355 -0.056555378437042253 -1.8393226861953744 0.35277974724769584 1.641876316070555 0.12324435830116272 -0.67580207735300069 0.062298383225094171 1.3260090351104736 -0.18268891751766206 0.38042532244386773 0.80368409156799303 0.65703215194599984 -0.91119476854801185 0.029040352834595568 -0.57757393809465263 -0.75003064473470038 0.2098634454022561 -0.057314112451858829 -0.32314629852771753 0.10612545013427731
leaf_weight=954 2.9999999999999982 2.9999999999999991 3.9999999999999982 3.9999999999999973 5.0000000000000009 3.0000000000000027 14.999999999999998 7.9999999999999991 11.000000000000002 2.9999999999999991 25 2.9999999999999991 5 6.9999999999999973 2.9999999999999991 9 12.999999999999998 3 28 40 4 5.0000000000000009
leaf_count=954 3 3 4 4 5 3 15 8 11 3 25 3 5 7 3 9 13 3 28 40 4 5
internal_value=-0.0125004 -0.125659 0.00143869 -0.00920042 -0.621488 -0.00357737 0.37635 -0.0106862 0.251965 0.647519 -0.0729679 -0.226169 0.421355 0.0937429 -0.146307 0.303787 -0.317781 -0.742147 0.0262892 0.0527002 -0.506097 0.208988
internal_weight=1158 127 1031 989 9 980 18 962 42 12 117 46 9 30 14 16 38 10 71 68 7 8
internal_count=1158 127 1031 989 9 980 18 962 42 12 117 46 9 30 14 16 38 10 71 68 7 8
is_linear=0
shrinkage=0.05


Tree=166
num_leaves=21
num_cat=0
split_feature=1 1 12 13 7 15 1 14 17 14 13 6 17 17 14 3 1 6 1 17
split_gain=949.542 1897.85 1111.44 1045.07 2257.34 1698.82 2228.18 1688.16 2404.48 1444.31 1238.08 2971.3 3999.54 1325.6 8265.42 1321.97 1194.62 454.703 542.976 322.68
threshold=37340.865000000013 37442.660000000011 238.00000000000003 283.59500000000008 1.0000000180025095e-35 467.00000000000006 32592.300000000007 349.50000000000006 278.32011034675963 333.50000000000006 290.60000000000008 81.500000000000014 32.516967552649355 18.984924113714069 310.92500000000007 0.91913110531441566 30741.755000000001 75.500000000000014 40168.775000000001 425.54226776963156
decision_type=2 2 8 8 2 2 2 10 2 10 8 2 2 2 8 2 2 2 2 2
left_child=3 -2 -3 4 7 6 -6 9 -9 -1 11 12 -5 14 -12 -15 -13 19 -19 -4
right_child=1 2 17 10 5 -7 -8 8 -10 -11 13 16 -14 15 -16 -17 -18 18 -20 -21
leaf_value=0.40322662234306339 1.2811109304428101 0.93186872005462651 -0.38057891204953198 -1.9289754867553697 -0.048209621107887707 -1.1523039182027182 0.28013007539427942 -0.04191022713979084 1.7486146354675292 -0.51466056823730477 -0.0006821713596582412 -0.15592382828394569 -0.33045776353942025 -0.031162824351831143 2.8137498100598655 0.36246821799061518 0.57273396783404884 0.093629661610438703 0.8127405325571696 0.13145403176546097
leaf_weight=30 3.9999999999999991 3.9999999999999991 7.9999999999999982 5.0000000000000027 183 2.9999999999999991 72 3 5 4.9999999999999991 20.000000000000004 15.000000000000002 18 700 2.9999999999999991 22 8.9999999999999982 21.000000000000004 2.9999999999999991 5
leaf_count=30 4 4 8 5 183 3 72 3 5 5 20 15 18 700 3 22 9 21 3 5
internal_value=0.0164416 0.241533 0.140111 0.00717428 0.0864815 0.0305818 0.0444981 0.42188 1.07717 0.2721 -0.0229665 -0.271859 -0.677962 -0.00726452 0.366418 -0.0191685 0.117323 0.0545158 0.183519 -0.183643
internal_weight=1138 45 41 1093 301 258 255 43 8 35 792 47 23 745 23 722 24 37 24 13
internal_count=1138 45 41 1093 301 258 255 43 8 35 792 47 23 745 23 722 24 37 24 13
is_linear=0
shrinkage=0.05


Tree=167
num_leaves=25
num_cat=0
split_feature=18 17 17 5 2 12 2 18 3 2 14 3 17 12 15 18 3 17 3 11 1 5 4 12
split_gain=746.121 1731.88 6280.85 1479.12 1362.29 4741.21 2139.02 1343.71 1505.99 1624.91 924.249 1603.16 2205.51 1359 834.301 804.013 756.984 2421.82 1412.39 713.19 291.616 340.804 194.158 172.375
threshold=31479.385000000002 18.984924113714069 17.919889750089176 19.500000000000004 3858.0850000000005 392.33500000000009 3636.3450000000007 32419.975000000002 0.85685545835224508 2722.2250000000008 298.52000000000004 0.90614581587993459 407.38195039137707 232.03000000000003 601.03333333333342 31681.540000000005 0.89134649716447967 40.704193568719411 0.88486188991296244 398.90000000000003 24380.075000000004 18.500000000000004 35987.500000000007 307.50000000000006
decision_type=10 2 2 2 2 8 2 10 2 2 10 2 2 8 2 10 2 2 2 10 2 2 2 10
left_child=1 2 3 -1 5 6 -3 8 20 -10 11 19 -13 -12 -15 -11 18 -18 -6 -9 21 -2 -22 -5
right_child=7 4 -4 23 16 -7 -8 10 9 15 13 12 -14 14 -16 -17 17 -19 -20 -21 22 -23 -24 -25
leaf_value=-0.82251111939549304 -0.74858749707539907 0.077673675026744604 2.0342387020587922 0.47364502847194684 -0.0003160281736748166 2.178868802388509 1.2694961309432984 -0.10758227039636536 0.35400609493255619 -1.3970213572184229 -1.1081552346547445 0.96424538493156398 -0.04116826035082341 0.013819595059833012 -0.20645273357097593 -0.53254449665546422 -1.3919356137514103 -0.0589386012243188 0.41704195056642801 0.20552713380705928 0.11443426700308919 -0.095897060632705686 -0.094576678723096858 0.10842529535293577
leaf_weight=4.0000000000000062 2.9999999999999982 64 4.9999999999999991 5.9999999999999982 584 2.9999999999999991 3.9999999999999991 44 4.9999999999999991 3.0000000000000027 2.9999999999999991 12.000000000000002 9.9999999999999982 185 56 26 4.0000000000000027 23 21 31 20 6 25 7
leaf_count=4 3 64 5 6 584 3 4 44 5 3 3 12 10 185 56 26 4 23 21 31 20 6 25 7
internal_value=0.00868407 0.0396106 0.476454 0.0182825 0.0259398 0.233601 0.147781 -0.0435811 -0.217773 -0.478447 0.00137182 0.131928 0.507239 -0.0505295 -0.037364 -0.621973 0.00261074 -0.25642 0.0141708 0.0218363 -0.0536459 -0.313461 -0.00168293 0.276988
internal_weight=1154 725 22 17 703 71 68 429 88 34 341 97 22 244 241 29 632 27 605 75 54 9 45 13
internal_count=1154 725 22 17 703 71 68 429 88 34 341 97 22 244 241 29 632 27 605 75 54 9 45 13
is_linear=0
shrinkage=0.05


Tree=168
num_leaves=21
num_cat=0
split_feature=0 18 4 1 1 6 16 15 14 1 16 4 0 18 0 1 11 11 6 4
split_gain=991.357 2065.31 1077.63 1340.28 5894.55 941.43 1441.94 1706.17 916.02 805.691 2173.88 727.119 2597.82 1102.31 700.011 532.487 505.552 471.625 309.087 204.151
threshold=41322.55000000001 26603.930000000004 44810.000000000007 37058.325000000004 35588.710000000006 75.500000000000014 501.93214285714294 349.83333333333343 269.99000000000007 36965.920000000006 318.2278571428572 44395.000000000007 40903.950000000004 33370.395000000011 41602.150000000009 37802.690000000002 283.59500000000008 400.50000000000006 83.500000000000014 43067.500000000007
decision_type=2 10 2 2 2 2 2 2 10 2 2 2 2 10 2 2 10 10 2 2
left_child=2 -2 9 4 16 8 7 -7 -3 11 -11 13 -13 -1 -10 -5 -4 -12 -17 -8
right_child=1 5 3 15 -6 6 19 -9 14 10 17 12 -14 -15 -16 18 -18 -19 -20 -21
leaf_value=0.025727857387253916 1.4958560705184938 -0.72116997957229567 -0.54522337232317186 0.55887941122055007 -2.5793942769368492 0.19673428634802492 -0.28186484277248369 1.4473285865783689 0.53619246244430552 -1.3533704876899708 -0.18057079911231996 0.4848035338024298 -0.67839533090591431 -0.11417039548151592 -0.23841045754296439 0.075157727876847422 -0.018178860040811394 0.51492728392283127 -0.37097362677256268 0.12661264022955526
leaf_weight=844 2.9999999999999991 5.0000000000000027 7.0000000000000062 4.0000000000000027 2.9999999999999991 6.0000000000000018 4.0000000000000009 5 4.9999999999999982 4.0000000000000027 12.999999999999998 24.000000000000004 5.9999999999999991 169 7 11.000000000000002 12.999999999999998 2.9999999999999991 5.9999999999999991 13
leaf_count=844 3 5 7 4 3 6 4 5 5 4 13 24 6 169 7 11 13 3 6 13
internal_value=0.00315412 0.225612 -0.00649174 -0.24897 -0.512655 0.140929 0.319127 0.765186 -0.152574 0.00354497 -0.310806 0.0095728 0.252164 0.00238846 0.0843408 0.0398291 -0.202644 -0.0501649 -0.0823004 0.0305003
internal_weight=1155 48 1107 44 23 45 28 11 17 1063 20 1043 30 1013 12 21 20 16 17 17
internal_count=1155 48 1107 44 23 45 28 11 17 1063 20 1043 30 1013 12 21 20 16 17 17
is_linear=0
shrinkage=0.05


Tree=169
num_leaves=16
num_cat=0
split_feature=3 13 15 15 2 11 17 12 18 12 2 6 13 14 12
split_gain=774.017 2372.35 565.456 2003.49 6082.44 1396.64 9431.17 1353.89 1082.63 965.594 856.799 2128.2 521.1 140.535 87.7422
threshold=0.96962000981229768 319.50000000000006 314.83333333333343 316.06666666666672 8633.1000000000022 337.50000000000006 19.953255025014467 291.50000000000006 21532.335000000003 256.79500000000007 4654.1650000000018 87.500000000000014 396.50000000000006 282.14500000000004 291.50000000000006
decision_type=2 10 2 2 2 10 2 10 8 10 2 2 10 10 8
left_child=2 -2 5 4 -4 10 -7 -8 13 -10 11 -1 -12 -5 -6
right_child=1 -3 3 8 14 6 7 -9 9 -11 12 -13 -14 -15 -16
leaf_value=-0.08476333071788153 0.15783977866172788 -1.6206819693247472 2.6044371287027999 0.3100728829701741 -0.21601442495981865 -3.0272914886474611 -0.23947653113267361 0.56731202602386477 0.25056182031120572 -0.019637620115238414 -0.013520202004120394 -1.0375812922205243 0.37151476211018036 0.74294764041900629 0.11516194442907966
leaf_weight=36 5 3 2.9999999999999991 3 2.9999999999999973 2.9999999999999991 39 5.9999999999999991 35 598 372 6.9999999999999991 8.9999999999999982 5 6.0000000000000009
leaf_count=36 5 3 3 3 3 3 39 6 35 598 372 7 9 5 6
internal_value=-0.019032 -0.509106 -0.0155471 0.0145904 0.654687 -0.0572416 -0.312866 -0.131905 0.00260737 -0.00469768 -0.0283029 -0.239873 -0.00442489 0.58062 0.00476982
internal_weight=1133 8 1125 653 12 472 48 45 641 633 424 43 381 8 9
internal_count=1133 8 1125 653 12 472 48 45 641 633 424 43 381 8 9
is_linear=0
shrinkage=0.05


Tree=170
num_leaves=22
num_cat=0
split_feature=11 16 11 18 8 1 1 5 11 3 3 18 6 18 11 7 18 16 14 18 18
split_gain=983.929 3200.56 1195.71 2513.33 6492.42 1365.17 2932.13 1368.12 1310.63 2030.39 2009.21 1323.91 2329.35 892.395 1491.58 1330.77 1007.85 994.776 737.394 367.55 100.602
threshold=397.50000000000006 180.47785714285718 338.50000000000006 25575.665000000005 4.5000000000000009 37133.655000000006 36420.100000000013 20.500000000000004 303.75500000000005 0.92025682563497302 0.8030752435370091 28470.030000000002 75.500000000000014 37442.660000000011 1210.5000000000002 2.5000000000000004 37802.690000000002 440.38714285714292 505.00000000000006 37858.74500000001 24822.250000000004
decision_type=8 2 10 10 2 2 2 2 10 2 2 10 2 10 10 2 10 2 10 10 10
left_child=2 -2 8 4 20 6 -5 -7 9 10 -1 12 -10 14 17 -16 -15 -3 -13 -18 -4
right_child=1 13 3 5 -6 7 -8 -9 11 -11 -12 18 -14 16 15 -17 19 -19 -20 -21 -22
leaf_value=-0.00073191960072789184 1.477415990829468 0.1242274796348307 0.068350218236446394 -0.10888429959205555 -2.8759269555409741 1.1780414342880248 -1.481680476665497 -0.1296838343143463 1.0190209918551976 0.94020387768745428 -0.2202822935340866 -0.036577819215963252 0.15240119701816834 -0.91059870719909675 1.6178760528564453 0.12859875659147896 0.45449967781702683 -0.1862122933710775 0.19454799690707164 -0.12153520048078564 -0.3146793524424234
leaf_weight=318 3.9999999999999991 154 3.9999999999999982 141 3 4 3.9999999999999991 4 8.9999999999999982 4.9999999999999991 155 160 56 3.9999999999999991 2.9999999999999991 3 2.9999999999999991 31 44 36 3
leaf_count=318 4 154 4 141 3 4 4 4 9 5 155 160 56 4 3 3 3 31 44 36 3
internal_value=-0.0154993 0.0750142 -0.0391721 -0.161867 -0.929842 -0.111673 -0.146755 0.524179 -0.0123992 -0.0620826 -0.0726776 0.0758859 0.272395 0.0510415 0.0973711 0.873237 -0.154748 0.0722078 0.0132728 -0.0772248 -0.0958053
internal_weight=1148 238 910 163 10 153 145 8 747 478 473 269 65 234 191 6 43 185 204 39 7
internal_count=1148 238 910 163 10 153 145 8 747 478 473 269 65 234 191 6 43 185 204 39 7
is_linear=0
shrinkage=0.05


Tree=171
num_leaves=16
num_cat=0
split_feature=18 18 11 2 2 3 12 14 14 2 16 2 17 17 13
split_gain=798.893 1903.08 1522.34 1426.79 1293.84 1064.04 825.127 699.092 1410.39 938.685 502.413 367.064 239.834 208.411 121.986
threshold=37442.660000000011 37530.255000000012 1210.5000000000002 2872.6200000000003 7443.0350000000008 0.92389411803651178 238.00000000000003 196.78500000000003 146.79000000000005 4512.7750000000005 581.01214285714298 4654.1650000000018 423.11528244419731 418.64518873773244 1225.5000000000002
decision_type=10 10 10 2 2 2 10 8 10 2 2 2 2 2 10
left_child=2 -2 3 5 -4 -1 -7 8 -5 -9 12 -12 13 -3 -13
right_child=1 10 4 7 -6 6 -8 9 -10 -11 11 14 -14 -15 -16
leaf_value=0.97466287612915048 -1.2474179685115816 -0.20866060114425156 1.536982282002767 0.058545368963054248 0.068514716625213606 0.87574123144149785 0.1153375205668536 -0.13266219456742209 0.73288906812667853 0.0029101083918891433 0.66605208714803088 -0.23600955406824742 -0.56558188796043396 0.18237654366530479 0.1857684642076492
leaf_weight=4.9999999999999991 3.9999999999999991 23.000000000000007 2.9999999999999991 56 3 3.9999999999999991 33 150 8.9999999999999982 858 2.9999999999999982 3 3.9999999999999991 3.9999999999999991 4
leaf_count=5 4 23 3 56 3 4 33 150 9 858 3 3 4 4 4
internal_value=0.000156526 -0.206411 0.0084487 0.00417444 0.802748 0.290058 0.197543 -0.00701576 0.151916 -0.0172643 -0.104849 0.20332 -0.204259 -0.150729 0.00500646
internal_weight=1166 45 1121 1115 6 42 37 1073 65 1008 41 10 31 27 7
internal_count=1166 45 1121 1115 6 42 37 1073 65 1008 41 10 31 27 7
is_linear=0
shrinkage=0.05


Tree=172
num_leaves=24
num_cat=0
split_feature=2 18 12 11 11 2 14 18 18 18 12 3 0 13 0 5 1 17 13 0 2 0 11
split_gain=596.458 804.126 1136.97 1378.08 1098 2281.73 2603.89 1259.69 7519.03 3838.76 1219.54 748.485 598.439 478.435 443.238 243.731 276.681 524.008 207.557 178.902 57.8152 54.6269 54.143
threshold=15670.530000000001 24380.075000000004 399.50000000000006 279.25000000000006 300.50000000000006 7327.3550000000005 318.50000000000006 25575.665000000005 25387.780000000002 26176.705000000005 307.50000000000006 0.90182207471001197 36666.450000000004 307.50000000000006 37456.900000000009 18.500000000000004 16460.66 41.999017711740166 183.52500000000003 33232.750000000007 17045.790000000005 38366.350000000006 279.93000000000006
decision_type=2 10 10 8 10 2 10 10 10 10 10 2 2 10 2 2 2 2 10 2 2 2 10
left_child=1 2 11 13 5 6 -3 8 -6 -9 -7 12 -1 -4 15 16 -2 -18 20 -20 -17 22 -16
right_child=14 4 3 -5 7 10 -8 9 -10 -11 -12 -13 -14 -15 21 18 17 -19 19 -21 -22 -23 -24
leaf_value=0.008963808405303187 -0.54807271599769558 -0.023228120555480323 -0.26892210642496711 1.4716591199239097 0.19807335019111635 0.1596458036946245 -0.51201132617213518 0.88700452446937561 -2.6559783776601158 0.018873123286765107 -0.11757168728294538 -0.71459972858428955 0.2248797464545588 0.44341948899355804 -0.53097922007242848 -0.0203491186723113 0.37843801975250213 -0.26564255500833195 0.2353142174807461 -0.08803250555481229 -0.1938774158557256 -0.64209215641021711 -0.23058235446612035
leaf_weight=93 5.0000000000000027 54 3.0000000000000027 2.9999999999999991 9.9999999999999982 83 55 12.999999999999998 2.9999999999999991 622 76 2.9999999999999991 49 10.999999999999998 2.9999999999999982 8.0000000000000018 4.0000000000000027 14.999999999999998 11.000000000000002 6.9999999999999991 11.999999999999998 3 3
leaf_count=93 5 54 3 3 10 83 55 13 3 622 76 3 49 11 3 8 4 15 11 7 12 3 3
internal_value=0.000381737 0.00962701 0.112313 0.499166 -0.00853368 -0.0936559 -0.269862 0.0266712 -0.460554 0.0366459 0.0271393 0.0669582 0.08347 0.290775 -0.13999 -0.0923926 -0.217135 -0.130047 -0.0136077 0.109568 -0.124466 -0.467885 -0.380781
internal_weight=1149 1078 162 17 916 268 109 648 13 635 159 145 142 14 71 62 24 19 38 18 20 9 6
internal_count=1149 1078 162 17 916 268 109 648 13 635 159 145 142 14 71 62 24 19 38 18 20 9 6
is_linear=0
shrinkage=0.05


Tree=173
num_leaves=20
num_cat=0
split_feature=0 0 13 16 16 13 13 11 16 16 3 12 2 11 15 1 3 0 12
split_gain=789.62 1253.19 2198.32 1700.3 6249.73 2337.59 1403.42 2104.91 1765.75 886.407 3220.19 1598.76 1374.47 966.867 1320.18 1292.57 656.865 406.313 249.949
threshold=40016.750000000007 40109.450000000004 285.26000000000005 324.57857142857148 322.23571428571432 297.50000000000006 247.90500000000003 1210.5000000000002 466.39285714285717 463.78571428571428 0.8989492713314281 1040.0000000000002 4512.7750000000005 547.63000000000011 587.40166666666676 31392.845000000005 0.8153116733630924 37557.350000000013 331.00000000000006
decision_type=2 2 8 2 2 10 10 10 2 2 2 10 2 10 2 2 2 2 10
left_child=9 2 -2 4 5 -3 8 -8 -5 11 16 13 -13 14 -1 -15 18 -18 -11
right_child=1 3 -4 6 -6 -7 7 -9 -10 10 -12 12 -14 15 -16 -17 17 -19 -20
leaf_value=-0.028903849780272141 1.7638225873311359 -0.54396049720900397 0.051777836680412276 -1.4253476778666179 -2.1019380688667297 0.26300060462951663 0.14908002274331905 1.196482563018799 -0.024652708239025541 0.19223351404070854 -1.4200565576553346 1.5534802039464317 0.039948228746652596 -0.077387157508305146 -0.77324466307957973 0.46517491651617959 -0.87218025525410869 -0.24817443430423736 -0.069523480661997678
leaf_weight=832 2.9999999999999991 13.999999999999998 5.0000000000000009 2.9999999999999991 3.9999999999999991 25 118 4.9999999999999991 8.9999999999999982 11.999999999999998 4.9999999999999991 2.9999999999999991 3 21 5.9999999999999991 23 3.0000000000000027 20 38
leaf_count=832 3 14 5 3 4 25 118 5 9 12 5 3 3 21 6 23 3 20 38
internal_value=-0.0127349 0.0816027 0.693795 0.0540885 -0.219725 -0.0266777 0.141303 0.191657 -0.374826 -0.0308993 -0.192505 -0.0167042 0.796714 -0.0222376 -0.0342333 0.206225 -0.108426 -0.329566 -0.0067018
internal_weight=1152 186 8 178 43 39 135 123 12 966 78 888 6 882 838 44 73 23 50
internal_count=1152 186 8 178 43 39 135 123 12 966 78 888 6 882 838 44 73 23 50
is_linear=0
shrinkage=0.05


Tree=174
num_leaves=24
num_cat=0
split_feature=18 12 11 1 17 15 2 1 13 13 1 15 13 18 2 2 17 2 7 2 2 14 12
split_gain=719.612 1407.25 1221.59 3140.31 8327.19 3726.71 1896.94 1351.72 1264.84 1433.71 1203.25 1168.65 1078.96 789.316 1218.63 1216.08 945.266 1453.65 668.914 591.926 425.708 357.812 119.148
threshold=31396.655000000006 232.03000000000003 303.75500000000005 32539.915000000005 19.731359005534404 328.7916666666668 6054.2850000000008 32362.250000000007 466.50000000000006 1012.0000000000001 29964.755000000001 429.00000000000006 396.50000000000006 32419.975000000002 6605.2000000000016 2722.2250000000008 56.522248926671672 4623.6800000000012 4.5000000000000009 3953.6900000000005 10381.185000000001 269.99000000000007 799.00000000000011
decision_type=8 8 10 2 2 2 2 2 10 10 2 2 10 8 2 2 2 2 2 2 2 10 8
left_child=2 -2 8 6 -5 -6 7 -4 11 18 -8 12 -1 14 15 -3 19 -18 -10 -15 -16 -11 -13
right_child=1 13 3 4 5 -7 10 -9 9 21 -12 22 -14 16 20 -17 17 -19 -20 -21 -22 -23 -24
leaf_value=-0.028853991999309145 -1.1194890022277832 0.3332550096511841 -0.24958752524107691 2.9518494526545211 0.060046672941215573 0.76384767404309029 -0.026046185149643266 -1.2772209644317627 -0.50470000704129525 0.24521997123956682 0.26315884280438517 0.77771732807159466 0.251396076616488 -0.39990892277823553 0.12001031780881542 -0.50705054617456857 0.2445169783588769 -0.020643527214234535 -1.339436467488607 -0.076438084910764842 -0.14695064718835057 -0.22767814248800278 0.41160126209259024
leaf_weight=357 2.9999999999999991 4.9999999999999991 16.000000000000004 2.9999999999999991 62 27 122 3.9999999999999991 12.000000000000002 7.9999999999999991 51 3.9999999999999973 38 18 28 31 69 206 2.9999999999999991 66 32 7.9999999999999991 5.0000000000000009
leaf_count=357 3 5 16 3 62 27 122 4 12 8 51 4 38 18 28 31 69 206 3 66 32 8 5
internal_value=0.00887362 -0.0401246 0.0400419 0.120504 0.360895 0.273559 0.00591286 -0.455114 -0.0126743 -0.320464 0.0592108 0.0109432 -0.00189323 -0.0330079 -0.160359 -0.390341 0.00104688 0.0458877 -0.671647 -0.145753 -0.0223689 0.00877091 0.57432
internal_weight=1178 458 720 285 92 89 193 20 435 31 173 404 395 455 96 36 359 275 15 84 60 16 9
internal_count=1178 458 720 285 92 89 193 20 435 31 173 404 395 455 96 36 359 275 15 84 60 16 9
is_linear=0
shrinkage=0.05


end of trees

feature_importances:
total_load=354
net_load=343
price_lag_2d=324
renewable_power=304
thermal_space_load_ratio=298
price_lag_1d=297
net_load_lag_1d=278
price_lag_3d=272
thermal_on_capacity=271
price_lag_7d=265
price_ma_7d=233
price_std_7d=221
price_ma_3d=140
period=115
weekday=90
month=55
hour=33
is_weekend=4

parameters:
[boosting: gbdt]
[objective: regression]
[metric: rmse]
[tree_learner: serial]
[device_type: cpu]
[data_sample_strategy: bagging]
[data: ]
[valid: ]
[num_iterations: 400]
[learning_rate: 0.05]
[num_leaves: 31]
[num_threads: 0]
[seed: 42]
[deterministic: 0]
[force_col_wise: 0]
[force_row_wise: 0]
[histogram_pool_size: -1]
[max_depth: 5]
[min_data_in_leaf: 3]
[min_sum_hessian_in_leaf: 0.001]
[bagging_fraction: 0.85]
[pos_bagging_fraction: 1]
[neg_bagging_fraction: 1]
[bagging_freq: 1]
[bagging_seed: 400]
[bagging_by_query: 0]
[feature_fraction: 0.85]
[feature_fraction_bynode: 1]
[feature_fraction_seed: 30056]
[extra_trees: 0]
[extra_seed: 12879]
[early_stopping_round: 0]
[early_stopping_min_delta: 0]
[first_metric_only: 0]
[max_delta_step: 0]
[lambda_l1: 0]
[lambda_l2: 0]
[linear_lambda: 0]
[min_gain_to_split: 0]
[drop_rate: 0.1]
[max_drop: 50]
[skip_drop: 0.5]
[xgboost_dart_mode: 0]
[uniform_drop: 0]
[drop_seed: 17869]
[top_rate: 0.2]
[other_rate: 0.1]
[min_data_per_group: 100]
[max_cat_threshold: 32]
[cat_l2: 10]
[cat_smooth: 10]
[max_cat_to_onehot: 4]
[top_k: 20]
[monotone_constraints: ]
[monotone_constraints_method: basic]
[monotone_penalty: 0]
[feature_contri: ]
[forcedsplits_filename: ]
[refit_decay_rate: 0.9]
[cegb_tradeoff: 1]
[cegb_penalty_split: 0]
[cegb_penalty_feature_lazy: ]
[cegb_penalty_feature_coupled: ]
[path_smooth: 0]
[interaction_constraints: ]
[verbosity: -1]
[saved_feature_importance_type: 0]
[use_quantized_grad: 0]
[num_grad_quant_bins: 4]
[quant_train_renew_leaf: 0]
[stochastic_rounding: 1]
[linear_tree: 0]
[max_bin: 255]
[max_bin_by_feature: ]
[min_data_in_bin: 3]
[bin_construct_sample_cnt: 200000]
[data_random_seed: 175]
[is_enable_sparse: 1]
[enable_bundle: 1]
[use_missing: 1]
[zero_as_missing: 0]
[feature_pre_filter: 1]
[pre_partition: 0]
[two_round: 0]
[header: 0]
[label_column: ]
[weight_column: ]
[group_column: ]
[ignore_column: ]
[categorical_feature: ]
[forcedbins_filename: ]
[precise_float_parser: 0]
[parser_config_file: ]
[objective_seed: 16083]
[num_class: 1]
[is_unbalance: 0]
[scale_pos_weight: 1]
[sigmoid: 1]
[boost_from_average: 1]
[reg_sqrt: 0]
[alpha: 0.9]
[fair_c: 1]
[poisson_max_delta_step: 0.7]
[tweedie_variance_power: 1.5]
[lambdarank_truncation_level: 30]
[lambdarank_norm: 1]
[label_gain: ]
[lambdarank_position_bias_regularization: 0]
[eval_at: ]
[multi_error_top_k: 1]
[auc_mu_weights: ]
[num_machines: 1]
[local_listen_port: 12400]
[time_out: 120]
[machine_list_filename: ]
[machines: ]
[gpu_platform_id: -1]
[gpu_device_id: -1]
[gpu_use_dp: 0]
[num_gpu: 1]

end of parameters

pandas_categorical:[]
