tree
version=v4
num_class=1
num_tree_per_iteration=1
label_index=0
max_feature_idx=10
objective=regression
feature_names=total_load net_load renewable_power thermal_space_load_ratio thermal_on_capacity hour period weekday month is_weekend is_holiday
feature_infos=[20617.400000000001:45519.099999999999] [-18846.150000000001:36256.82] [6746.5600000000004:40576.68] [-0.89198188220594088:0.83964839210068176] [27170:49115] [10:14] [41:60] [0:6] [1:4] [0:1] none
tree_sizes=2764 2695 2625 2701 2686 2828 2835 2852 2891 2743 2879 2718 2853 2763 2564 2760 2590 2678 2240 2230 2683 2752 2700 2766 2636 2605 2763 2741 2879 2817 2709 2874 2851 2634 2812 2783 2447 2801 2506 2872 2048 2252 2742 2819 2630

Tree=0
num_leaves=30
num_cat=0
split_feature=1 2 7 8 6 1 2 4 1 4 5 1 4 4 4 4 7 5 7 5 0 2 5 0 0 0 0 0 0
split_gain=1.81613e+07 3.26585e+06 1.83136e+06 1.25665e+06 874970 704994 453235 440425 208920 142149 118992 84477.7 195661 120830 72527.3 134948 40890.7 18007.2 14762.7 52204.6 6886.64 7497.99 5734.46 3393.97 2216.16 1281.88 433.651 123.535 52.1432
threshold=19743.420000000002 9097.7000000000025 5.5000000000000009 2.5000000000000004 50.500000000000007 18081.579999999998 18933.145000000004 46250.000000000007 30997.020000000004 42342.500000000007 13.500000000000002 12211.870000000003 39905.000000000007 45602.500000000007 43067.500000000007 44395.000000000007 2.5000000000000004 10.500000000000002 1.5000000000000002 11.500000000000002 26947.750000000004 21106.780000000002 10.500000000000002 36226.150000000001 35789.450000000004 35256.450000000004 41664.200000000004 26301.550000000003 39065.450000000004
decision_type=2 2 2 2 2 2 2 2 2 2 2 2 2 2 2 2 2 2 2 2 2 2 2 2 2 2 2 2 2
left_child=5 2 17 -4 -5 11 8 14 9 -3 16 20 25 -14 24 -16 -8 -2 19 -9 27 -22 -10 -19 -7 -13 -12 -1 -20
right_child=1 6 3 4 -6 7 10 18 22 -11 26 12 13 -15 15 -17 -18 23 28 -21 21 -23 -24 -25 -26 -27 -28 -29 -30
leaf_value=69.817336566713124 88.917336185243386 84.921012481168233 84.787336795594953 125.33421126153732 102.60811411221823 81.609836948182846 80.169836862352156 77.016836650636463 87.971586425569313 81.5550407914385 69.817336566713124 79.501336836285063 72.647410184199515 69.886615524682384 70.832086697684403 80.154018591582172 74.709419989056059 83.650670281516184 70.052503243552323 70.346563927525224 70.789653912038887 70.169387715861802 86.348218672820948 85.51641367406927 80.394336917665271 80.963003452089097 70.553586728837757 69.985003256267973 69.817336566713124
leaf_weight=130 4.0000000000000027 37 5.0000000000000027 8.0000000000000018 8.9999999999999982 15.000000000000002 7.9999999999999991 4.0000000000000027 8.0000000000000018 206 4 2.9999999999999991 68 95 6.0000000000000027 10.999999999999998 6.0000000000000009 2.9999999999999991 2.9999999999999991 10.999999999999998 52 773 17 12.999999999999998 4.9999999999999991 3 4 11.999999999999998 10.999999999999998
leaf_count=130 4 37 5 8 9 15 8 4 8 206 4 3 68 95 6 11 6 3 3 11 52 773 17 13 5 3 4 12 11
internal_value=73.4845 83.8362 96.8671 106.822 113.303 70.6253 81.949 75.649 82.5153 82.0676 75.05 70.3334 71.3648 71.0384 79.265 76.8639 77.8297 85.9167 71.0354 72.1253 70.1531 70.2085 86.8677 85.1666 81.306 80.2322 70.1855 69.8315 69.8677
internal_weight=1534 332 42 22 17 1202 290 66 268 243 22 1136 169 163 37 17 14 20 29 15 967 825 25 16 20 6 8 142 14
internal_count=1534 332 42 22 17 1202 290 66 268 243 22 1136 169 163 37 17 14 20 29 15 967 825 25 16 20 6 8 142 14
is_linear=0
shrinkage=1


Tree=1
num_leaves=29
num_cat=0
split_feature=3 2 7 8 6 3 3 8 1 8 8 2 0 3 8 3 5 8 6 5 7 0 0 8 5 0 7 0
split_gain=1.76602e+07 2.67384e+06 1.33048e+06 1.8916e+06 902099 372566 284047 194922 139875 103949 103489 84649.8 46882.3 43753.5 85753.6 60640.9 41819.1 41560.2 37296.2 17580.6 12107.9 11285.6 9409.36 4562.7 4123.54 4021.1 3778.53 2716.65
threshold=0.52944424865358208 9097.7000000000025 5.5000000000000009 2.5000000000000004 50.500000000000007 0.47386947318753897 0.56458842076783666 2.5000000000000004 32076.920000000006 3.5000000000000004 1.5000000000000002 21638.620000000006 36894.950000000004 0.29731931440691756 3.5000000000000004 0.35185847170019641 13.500000000000002 2.5000000000000004 47.500000000000007 10.500000000000002 4.5000000000000009 38355.400000000001 41035.100000000006 1.5000000000000002 10.500000000000002 36659.200000000004 1.0000000180025095e-35 26301.550000000003
decision_type=2 2 2 2 2 2 2 2 2 2 2 2 2 2 2 2 2 2 2 2 2 2 2 2 2 2 2 2
left_child=5 2 19 22 -5 13 10 11 9 -8 16 18 -12 23 17 -16 -3 -15 -7 -2 -9 -22 -4 26 -10 -21 -1 -25
right_child=1 6 3 4 -6 7 8 20 24 -11 12 -13 -14 14 15 -17 -18 -19 -20 25 21 -23 -24 27 -26 -27 -28 -29
leaf_value=-3.5084693908691409 15.354133605957015 2.7985053743634909 9.5749188014439142 50.215913772582986 27.689694976806642 -0.14967907353451379 8.1009323915723943 7.6967510986328094 13.755670738220211 11.042769071790907 4.1018932566923256 6.0685458183288574 7.7161953976279811 -3.1713321462358746 -0.74152100302956325 6.447537517547608 -3.6102624893188473 -1.8935526742935183 -3.4848616154988608 10.670626068115233 2.1123527526855455 5.6534754435221357 12.921800231933592 -3.4908668518066408 12.312896728515625 12.117803955078125 -2.8566757050771563 -3.2280112845496798
leaf_weight=27 3.0000000000000027 6.9999999999999982 7.0000000000000018 8.0000000000000018 9.9999999999999982 19 181 5.0000000000000009 8.0000000000000018 36 17 3.9999999999999991 19 175 10.999999999999998 3.9999999999999991 4 100 14.999999999999998 12.000000000000002 3.0000000000000009 8.9999999999999982 3 119 12.999999999999998 7.9999999999999991 126 565
leaf_count=27 3 7 7 8 10 19 181 5 8 36 17 4 19 175 11 4 4 100 15 12 3 9 3 119 13 8 126 565
internal_value=0.0363119 10.1514 20.6954 28.0148 37.7013 -2.83905 8.2646 1.17926 8.96606 8.58898 4.71252 -0.811649 6.00944 -3.03515 -2.50588 1.17556 0.468044 -2.70669 -1.62108 11.7849 5.62953 4.76819 10.579 -3.21853 12.8625 11.2495 -2.9717 -3.27374
internal_weight=1518 336 51 28 18 1182 285 55 238 217 47 38 36 1127 290 15 11 275 34 23 17 12 10 837 21 20 153 684
internal_count=1518 336 51 28 18 1182 285 55 238 217 47 38 36 1127 290 15 11 275 34 23 17 12 10 837 21 20 153 684
is_linear=0
shrinkage=0.05


Tree=2
num_leaves=28
num_cat=0
split_feature=3 2 4 6 0 3 3 4 1 1 1 0 4 6 4 4 1 2 4 6 6 4 0 1 4 4 4
split_gain=1.60002e+07 2.67808e+06 2.0372e+06 1.62713e+06 357238 307686 300463 184993 129529 107433 97742.9 91893.7 88020.1 76825.4 44425.4 38541.8 28718.2 27787.4 119534 24178.5 16918.3 5134.26 5009.51 4873.44 4246.46 8044.53 42.4387
threshold=0.52944424865358208 9097.7000000000025 44810.000000000007 50.500000000000007 36470.950000000004 0.56458842076783666 0.47386947318753897 44860.000000000007 30092.350000000002 30997.020000000004 21517.320000000003 34010.150000000009 42342.500000000007 54.500000000000007 43067.500000000007 46250.000000000007 19518.455000000005 22813.445000000003 33577.500000000007 41.500000000000007 42.500000000000007 44810.000000000007 38118.600000000013 33006.310000000005 34325.000000000007 36372.500000000007 33235.000000000007
decision_type=2 2 2 2 2 2 2 2 2 2 2 2 2 2 2 2 2 2 2 2 2 2 2 2 2 2 2
left_child=6 2 3 8 -5 13 17 11 -2 12 16 -8 -7 15 -15 -3 -9 18 -1 -20 -4 -13 -22 -11 26 -26 -19
right_child=1 5 20 4 -6 9 7 10 -10 23 -12 21 -14 14 -16 -17 -18 24 19 -21 22 -23 -24 -25 25 -27 -28
leaf_value=6.1362646102905281 42.546794433593732 6.4686278991699231 13.887984466552723 9.9466204833984389 26.615499199761288 10.380093325101413 -3.56930033365885 -3.481365070343017 54.618242645263663 11.182723312377925 5.952183723449707 7.0769721984863274 7.7519820640827053 6.4510215759277347 -0.41322179274125537 2.6528423733181423 -0.30069860978560015 -3.3500506497500986 -0.77617645544164326 -2.7403299572467805 10.868365732828774 5.2856278101603182 9.2484808785574781 12.707832475142046 -2.3631021753946939 -3.0518641729823881 -3.2812854576110837
leaf_weight=3.9999999999999991 5.0000000000000018 25 4.0000000000000027 4.9999999999999991 8.9999999999999982 39 3.0000000000000027 20.000000000000004 4 10.000000000000002 3.9999999999999991 6.0000000000000009 174 2.9999999999999991 10.999999999999998 8.9999999999999982 10.999999999999998 89 17 200 15.000000000000002 12 6.9999999999999991 10.999999999999998 45 732 30
leaf_count=4 5 25 4 5 9 39 3 20 4 10 4 6 174 3 11 9 11 89 17 200 15 12 7 11 45 732 30
internal_value=-0.0120218 9.69631 20.4856 31.3252 20.6623 7.82156 -2.75154 0.822415 47.9119 8.56958 -1.40361 4.53245 8.23319 4.17498 1.05769 5.45857 -2.35274 -2.93072 -2.42858 -2.58646 10.8968 5.88274 10.3529 11.9816 -3.05457 -3.01197 -3.33271
internal_weight=1504 331 49 23 14 282 1173 56 9 234 35 21 213 48 14 34 31 1117 221 217 26 18 22 21 896 777 119
internal_count=1504 331 49 23 14 282 1173 56 9 234 35 21 213 48 14 34 31 1117 221 217 26 18 22 21 896 777 119
is_linear=0
shrinkage=0.05


Tree=3
num_leaves=30
num_cat=0
split_feature=3 2 4 0 3 0 1 4 1 2 4 4 4 0 5 1 4 4 7 5 0 2 0 1 2 2 0 3 2
split_gain=1.44749e+07 2.5796e+06 2.01952e+06 1.43707e+06 263263 239650 204943 170360 128104 87003.8 86722.6 67911.8 60638.3 60617.2 42823.4 40031.4 165426 45361.1 21932.8 11271.6 5738.85 9863.5 5294.14 4965.27 2386.62 2320.14 2130.29 963.343 4.07636
threshold=0.52944424865358208 9097.7000000000025 44810.000000000007 37136.30000000001 0.56458842076783666 36470.950000000004 18081.579999999998 46250.000000000007 30997.020000000004 8102.0100000000011 42342.500000000007 47530.000000000007 43672.500000000007 44829.950000000004 13.500000000000002 11733.005000000003 39905.000000000007 45602.500000000007 1.5000000000000002 10.500000000000002 26601.000000000004 21106.780000000002 38118.600000000013 32508.675000000003 21801.485000000004 18417.895 40759.80000000001 0.50782799370680443 22897.530000000002
decision_type=2 2 2 2 2 2 2 2 2 2 2 2 2 2 2 2 2 2 2 2 2 2 2 2 2 2 2 2 2
left_child=6 2 3 5 11 -2 15 25 10 -5 -6 12 -3 18 -13 20 24 -18 -9 26 28 -22 -21 -10 -17 -8 -4 -27 -1
right_child=1 4 19 9 8 -7 7 13 23 -11 -12 14 -14 -15 -16 16 17 -19 -20 22 21 -23 -24 -25 -26 27 -28 -29 -30
leaf_value=-3.1852491590711809 10.216638565063469 2.8596890807151798 13.092681376139309 51.88733215332033 9.8815564685397685 24.925500996907555 6.5814094543457031 -0.52623067583356586 10.210135432652059 41.993939208984372 7.1981446825939672 2.8086318545871314 7.0374239670602909 5.7079717000325525 -3.4090883255004885 6.269306564331055 -1.5094658840133484 -3.1055797874927524 -2.8398117160797121 10.231679534912107 -2.0245010736826305 -2.8606052992205142 8.4361300150553387 11.767901490864002 4.403698476155598 4.6747418539864682 11.208409372965491 5.7456467946370431 -3.163642797972027
leaf_weight=27 4.0000000000000027 15.999999999999998 3.0000000000000027 3.9999999999999982 36 8.9999999999999982 2.9999999999999991 21 7.0000000000000027 5 184 8.9999999999999982 19 2.9999999999999991 3.9999999999999991 3.9999999999999991 83 96 20 13.000000000000002 37 756 5.9999999999999991 19 3 6.9999999999999982 3 3 114
leaf_count=27 4 16 3 4 36 9 3 21 7 5 184 9 19 3 4 4 83 96 20 13 37 756 6 19 3 7 3 3 114
internal_value=0.0364145 9.10736 19.984 31.0325 7.36858 20.3997 -2.59162 0.333003 8.02949 46.391 7.63725 3.9814 5.1276 -1.1528 0.895487 -2.74046 -2.07061 -2.36548 -1.65481 10.2613 -2.87386 -2.82159 9.66466 11.3485 5.46976 5.36187 12.1505 4.99601 -3.16778
internal_weight=1518 341 47 22 294 13 1177 57 246 9 220 48 35 44 13 1120 186 179 41 25 934 793 19 26 7 13 6 10 141
internal_count=1518 341 47 22 294 13 1177 57 246 9 220 48 35 44 13 1120 186 179 41 25 934 793 19 26 7 13 6 10 141
is_linear=0
shrinkage=0.05


Tree=4
num_leaves=29
num_cat=0
split_feature=3 2 7 8 6 3 3 8 1 8 5 1 8 5 3 8 1 6 0 7 5 0 0 2 8 7 0 0
split_gain=1.28103e+07 1.75412e+06 823509 1.24545e+06 557199 269476 237949 139151 119246 97614.8 75504.6 70208.5 36965.3 36493.5 31554.1 92095.6 49966 30030.1 29536 26500.3 14713.8 7094.03 4865.88 4736.65 4457.34 3390.61 2835.69 1910.18
threshold=0.52944424865358208 9097.7000000000025 5.5000000000000009 2.5000000000000004 50.500000000000007 0.47386947318753897 0.56458842076783666 2.5000000000000004 30997.020000000004 3.5000000000000004 13.500000000000002 21517.320000000003 2.5000000000000004 10.500000000000002 0.29731931440691756 3.5000000000000004 11291.755000000001 47.500000000000007 39065.450000000004 1.5000000000000002 10.500000000000002 41035.100000000006 38066.650000000009 11636.780000000001 1.5000000000000002 1.0000000180025095e-35 36226.150000000001 26301.550000000003
decision_type=2 2 2 2 2 2 2 2 2 2 2 2 2 2 2 2 2 2 2 2 2 2 2 2 2 2 2 2
left_child=5 2 20 21 -5 14 10 11 9 -8 18 17 -12 -9 24 19 -17 -7 -3 -16 -2 -4 -15 -10 25 -1 -22 -26
right_child=1 6 3 4 -6 7 8 13 23 -11 12 -13 -14 22 15 16 -18 -19 -20 -21 26 -23 -24 -25 27 -27 -28 -29
leaf_value=-3.0374223709106447 13.287720235188786 5.8578686777750661 8.1921406337193048 42.12108067103793 23.728159790039065 -0.12208551830715604 6.83326400869033 -0.67063013712565034 10.466227811925549 9.6440661868533581 -3.2386339187622086 5.4471035003662109 2.4485978889465332 6.6321153259277343 -1.7200860987211528 -0.5646735668182371 5.023594729105632 -3.0524488112505743 2.5920210308498808 -2.7542862332269049 8.1091054280598875 11.098215230305987 4.7509392478249293 11.941615962982178 -3.0072014652314736 -2.4328380471688731 9.784262323379517 -2.7883283253765985
leaf_weight=28 3.0000000000000027 30 7.0000000000000018 7.0000000000000027 9.9999999999999982 18 187 3.0000000000000027 17.000000000000004 37 3.9999999999999973 3.9999999999999991 10 4.9999999999999991 95 12.000000000000002 5.9999999999999991 17 8.9999999999999982 178 3.0000000000000027 3 10.999999999999998 7.9999999999999991 122 135 15.999999999999998 545
leaf_count=28 3 30 7 7 10 18 187 3 17 37 4 4 10 5 95 12 6 17 9 178 3 3 11 8 122 135 16 545
internal_value=0.0542594 8.43935 17.2144 23.0655 31.3017 -2.44207 7.01558 0.881177 7.66309 7.29755 3.9735 -0.828224 0.823675 4.38995 -2.61401 -2.166 1.29808 -1.5454 5.10421 -2.3944 10.0336 9.06396 5.33881 10.9384 -2.77108 -2.53669 9.51976 -2.82836
internal_weight=1530 351 49 27 17 1179 302 58 249 224 53 39 14 19 1121 291 18 35 39 273 22 10 16 25 830 163 19 667
internal_count=1530 351 49 27 17 1179 302 58 249 224 53 39 14 19 1121 291 18 35 39 273 22 10 16 25 830 163 19 667
is_linear=0
shrinkage=0.05


Tree=5
num_leaves=31
num_cat=0
split_feature=3 2 4 6 3 0 2 4 8 2 0 4 0 4 5 7 4 4 4 4 3 4 8 3 5 4 8 0 8 0
split_gain=1.20188e+07 1.80337e+06 1.51393e+06 1.15164e+06 447198 259182 148984 126834 123741 95937.2 71483.3 65303.2 63191.8 80080.2 54039.9 48596.6 39017.1 22812.2 21710.1 19237.5 17265.2 100082 26565.8 21543.6 8666.4 7521.21 5024.76 4460.45 3976.32 10728.8
threshold=0.5422665043744106 9097.7000000000025 44810.000000000007 50.500000000000007 0.47386947318753897 36470.950000000004 13567.885000000002 42342.500000000007 2.5000000000000004 8102.0100000000011 39600.850000000006 43672.500000000007 36091.900000000009 43067.500000000007 13.500000000000002 4.5000000000000009 36090.000000000007 42342.500000000007 46250.000000000007 48480.000000000007 0.32047167152894518 39295.000000000007 2.5000000000000004 0.35185847170019641 10.500000000000002 44810.000000000007 2.5000000000000004 38118.600000000013 1.5000000000000002 36335.450000000004
decision_type=2 2 2 2 2 2 2 2 2 2 2 2 2 2 2 2 2 2 2 2 2 2 2 2 2 2 2 2 2 2
left_child=4 2 3 9 20 -5 15 16 10 -2 18 -9 13 -10 -12 17 -8 -3 -6 -17 28 23 -23 -22 26 -14 -4 -26 -1 -30
right_child=1 6 24 5 8 -7 7 11 12 -11 14 -13 25 -15 -16 19 -18 -19 -20 -21 21 22 -24 -25 27 -27 -28 -29 29 -31
leaf_value=-2.4026020292419101 47.818829345703087 10.268668256487166 9.2415122985839737 8.5994989013671876 0.37039046287536603 22.541752319335941 7.235942098829482 2.7924370422363283 5.9928065490722666 36.867962137858072 4.0361737887064617 5.7115596224622038 6.5787409040662972 -2.0734920263290406 -2.6745094776153566 10.116465288050035 10.916650390624998 7.2935589260525182 -2.7115189313888552 7.3913514137268068 -0.19262454986572269 -2.7335659720003607 -1.6032489528903715 4.1045736040387828 9.2177650960286446 4.6297441309148608 11.948497772216795 7.6047159830729179 -2.6778497057325783 0.31859283447265629
leaf_weight=181 3.0000000000000018 6.9999999999999991 3.0000000000000027 4.9999999999999991 8.0000000000000018 9.9999999999999982 18 25 4.9999999999999991 6 11.999999999999998 82 9 7.9999999999999991 3.9999999999999991 34 12.000000000000002 81 20 7.9999999999999991 4.9999999999999982 160 77 7 15.000000000000002 11 4 5.9999999999999991 706 2.9999999999999991
leaf_count=181 3 7 3 5 8 10 18 25 5 6 12 82 9 8 4 34 12 81 20 8 5 160 77 7 15 11 4 6 706 3
internal_value=0.00657952 8.64466 17.1633 26.3783 -2.2595 17.8943 6.9856 5.83508 1.42832 40.5183 -0.307527 5.02952 3.74279 1.02893 2.3585 8.19807 8.70823 7.53022 -1.83097 9.5974 -2.50881 -2.14077 -2.36633 2.31407 9.26476 5.50679 10.7884 8.75689 -2.61177 -2.66517
internal_weight=1535 319 52 24 1216 15 267 137 77 9 44 107 33 13 16 130 30 88 28 42 1139 249 237 12 28 20 7 21 890 709
internal_count=1535 319 52 24 1216 15 267 137 77 9 44 107 33 13 16 130 30 88 28 42 1139 249 237 12 28 20 7 21 890 709
is_linear=0
shrinkage=0.05


Tree=6
num_leaves=31
num_cat=0
split_feature=3 2 4 6 0 2 3 4 4 4 0 3 1 0 4 7 4 3 4 3 4 5 2 4 4 4 0 6 2 7
split_gain=1.04761e+07 1.53696e+06 1.18888e+06 1.07988e+06 219759 181874 148183 131955 92578.8 66015.8 99563.3 65023.2 46891.6 36278.8 28999.7 28190.1 26623.8 26251.5 107275 54801.5 21763.5 13382.6 5187.62 3887.01 8190.61 3593.75 2912.07 1508.42 456.699 34.0109
threshold=0.52944424865358208 9097.7000000000025 44810.000000000007 50.500000000000007 36470.950000000004 13236.705000000002 0.47386947318753897 42342.500000000007 43672.500000000007 44860.000000000007 34010.150000000009 0.79036329528215943 32076.920000000006 38804.100000000006 42342.500000000007 2.5000000000000004 36090.000000000007 0.29731931440691756 39295.000000000007 0.35185847170019641 45602.500000000007 10.500000000000002 18933.145000000004 34325.000000000007 36372.500000000007 48015.000000000007 38118.600000000013 42.500000000000007 17314.865000000002 1.5000000000000002
decision_type=2 2 2 2 2 2 2 2 2 2 2 2 2 2 2 2 2 2 2 2 2 2 2 2 2 2 2 2 2 2
left_child=6 2 3 11 -5 12 17 16 -9 10 -8 -2 14 28 -3 -15 -7 23 19 -19 -20 27 -12 29 -25 -14 -23 -4 -11 -1
right_child=1 5 21 4 -6 7 9 8 -10 13 22 -13 25 15 -16 -17 -18 18 20 -21 -22 26 -24 24 -26 -27 -28 -29 -30 -31
leaf_value=-2.7030594944953918 35.024563090006495 10.751424916585286 11.446659469604484 8.3518196105957045 21.884480285644528 7.0202963087293844 -3.2580525207519511 2.6949470701671783 5.4922873430252075 -3.4943328857421836 5.9239643641880591 44.040053304036448 8.9301152547200484 2.4253099441528323 7.1715466085106447 -1.9992174784342449 9.989761763352611 -0.3193185219397911 -1.7574954354028773 5.1680029732840405 -2.6590476799011231 8.6235334123883902 3.9990109034946983 -1.8302253760543525 -2.4880360288318339 10.377994028727214 7.2178140258789059 9.9634956359863267 -2.7909431076049809 -2.7631632515553681
leaf_weight=32 6.0000000000000018 5.9999999999999991 4.0000000000000027 5.9999999999999982 6 18 5.0000000000000027 42 100 3.0000000000000027 6.9999999999999982 3 6.0000000000000009 8.9999999999999982 99 5.9999999999999991 13.000000000000002 13.000000000000002 138 6.9999999999999991 130 14.000000000000002 7 51 656 15 4.9999999999999991 3 9.9999999999999982 89
leaf_count=32 6 6 4 6 6 18 5 42 100 3 7 3 6 9 99 6 13 13 138 7 130 14 7 51 656 15 5 3 10 89
internal_value=0.0457816 7.68373 16.089 24.9374 15.1181 6.36251 -2.22656 5.31011 4.66491 0.52363 2.79845 38.0297 7.80748 -1.02 7.37611 0.655499 8.26556 -2.34238 -1.9312 1.60124 -2.19482 8.94214 4.96149 -2.4854 -2.44058 9.96431 8.25361 10.811 -2.95326 -2.74727
internal_weight=1509 346 47 21 12 299 1163 173 142 47 19 9 126 28 105 15 31 1116 288 20 268 26 14 828 707 21 19 7 13 121
internal_count=1509 346 47 21 12 299 1163 173 142 47 19 9 126 28 105 15 31 1116 288 20 268 26 14 828 707 21 19 7 13 121
is_linear=0
shrinkage=0.05


Tree=7
num_leaves=31
num_cat=0
split_feature=3 2 7 8 0 3 3 1 8 8 0 0 8 5 0 1 8 0 0 0 1 5 6 0 0 0 1 6 3 1
split_gain=9.74941e+06 1.75701e+06 1.04394e+06 1.02678e+06 453122 209805 101445 79466.4 70913.1 63583.5 44477.3 43782.2 83847.8 43637.3 43590.8 19941.2 81260.1 69043.3 9654.23 4584.4 4208.37 4120.64 3725.14 1671.54 1558.62 1369.67 908.563 443.476 103.984 25.0318
threshold=0.51780028435064984 9097.7000000000025 5.5000000000000009 2.5000000000000004 37136.30000000001 0.56458842076783666 0.44609644923333708 30235.619999999999 2.5000000000000004 3.5000000000000004 36858.650000000009 33255.900000000001 2.5000000000000004 13.500000000000002 35531.80000000001 12211.870000000003 2.5000000000000004 36936.600000000013 36894.950000000004 26601.000000000004 32508.675000000003 10.500000000000002 59.500000000000007 35789.450000000004 36226.150000000001 32385.250000000004 32076.920000000006 58.500000000000007 0.47386947318753897 7198.4399999999996
decision_type=2 2 2 2 2 2 2 2 2 2 2 2 2 2 2 2 2 2 2 2 2 2 2 2 2 2 2 2 2 2
left_child=6 2 18 26 -5 8 15 9 13 -7 -10 27 14 -3 -13 19 25 -18 24 29 -9 -20 -21 -14 -2 -17 -4 28 -8 -1
right_child=1 5 3 4 -6 7 11 20 10 -11 -12 12 23 -15 -16 16 17 -19 21 22 -22 -23 -24 -25 -26 -27 -28 -29 -30 -31
leaf_value=-2.5992276761069228 6.8560841878255134 2.1735390516427842 6.9844230651855419 21.572635078430167 37.927075534396707 5.875868878007573 -2.9391816457112636 8.2426792568630614 2.5189548598395457 8.1193412178441093 5.8068819840749111 4.2390197753906254 2.7976032257080079 -3.3228609466552737 -1.2353441667556764 -1.6009217262268067 -0.60608834447087467 5.6538430404663096 11.478295644124353 -2.3142509110233918 9.5668718126085075 9.2087590535481763 -1.7940887928009035 4.1432761573791508 8.1418077642267406 -2.5464841694302032 8.1355041503906218 -2.377695655822754 -3.2682973384857172 -2.7261603355407718
leaf_weight=134 3.0000000000000027 13.000000000000002 4.0000000000000027 8.0000000000000018 8.9999999999999982 187 5.9999999999999982 9.0000000000000018 18 38 24 3.9999999999999991 2.9999999999999991 4.9999999999999991 40 3.9999999999999991 37 4.9999999999999991 2.9999999999999982 784 18 6 36 9.9999999999999982 10.999999999999998 90 3 2.9999999999999991 4 3.9999999999999991
leaf_count=134 3 13 4 8 9 187 6 9 18 38 24 4 3 5 40 4 37 5 3 784 18 6 36 10 11 90 3 3 4 4
internal_value=0.0838903 7.28731 16.2997 23.5945 30.2309 5.92967 -2.13778 6.56234 3.27247 6.25477 4.39777 -0.292478 0.3047 0.646761 -0.737675 -2.25585 -1.68929 0.139142 8.68763 -2.33629 9.12547 9.96527 -2.29141 3.83274 7.8663 -2.50625 7.47774 -2.91087 -3.07083 -2.60291
internal_weight=1523 359 47 24 17 312 1164 252 60 225 42 70 57 18 44 1094 136 42 23 958 27 9 820 13 14 94 7 13 10 138
internal_count=1523 359 47 24 17 312 1164 252 60 225 42 70 57 18 44 1094 136 42 23 958 27 9 820 13 14 94 7 13 10 138
is_linear=0
shrinkage=0.05


Tree=8
num_leaves=31
num_cat=0
split_feature=3 2 4 0 3 3 0 4 1 5 0 4 2 4 5 7 1 8 0 2 4 5 3 2 0 4 5 0 0 0
split_gain=8.67445e+06 1.41247e+06 1.02879e+06 796984 161522 147365 130082 121361 81732.7 76849.2 73250.6 64767.9 61187.1 59301.2 74215.8 53500.4 21176.1 88646.2 36409.9 9653.45 8245.43 7282.52 6318.59 5574.2 4166.28 3952.56 3735.86 3465.34 1966.59 33.0115
threshold=0.52944424865358208 9097.7000000000025 44810.000000000007 37136.30000000001 0.44980874325871745 0.56458842076783666 36543.250000000007 44860.000000000007 32076.920000000006 12.500000000000002 34010.150000000009 42342.500000000007 8102.0100000000011 48702.000000000007 12.500000000000002 1.5000000000000002 12517.605000000001 2.5000000000000004 33857.950000000004 18860.305000000004 46250.000000000007 10.500000000000002 0.51780028435064984 18135.320000000003 26601.000000000004 39497.500000000007 10.500000000000002 38118.600000000013 40759.80000000001 26301.550000000003
decision_type=2 2 2 2 2 2 2 2 2 2 2 2 2 2 2 2 2 2 2 2 2 2 2 2 2 2 2 2 2 2
left_child=4 2 3 6 16 9 -2 10 11 20 -6 -7 -5 22 -15 -11 24 19 -19 -18 -3 28 -9 -12 29 -26 -10 -23 -4 -1
right_child=1 5 21 12 7 8 -8 13 26 15 23 -13 -14 14 -16 -17 17 18 -20 -21 -22 27 -24 -25 25 -27 -28 -29 -30 -31
leaf_value=-2.4733695247980556 8.1239482879638611 5.6568340846470413 10.283610153198236 41.329528808593743 -2.9816425323486304 7.802370589818711 18.960708787706164 -2.4950813231929656 10.086514936174661 3.654521164527305 5.7054411570231096 5.5683720930561504 32.297208251953116 4.4325707329644102 -2.4319139480590821 -0.88167693798358637 0.5138017654418946 -1.6984121669422496 1.7990974923838738 -2.3651411422575364 3.675320775168283 8.0662428048940793 -0.57965461730957035 3.8839096069335941 -2.0030630532212146 -2.2388482759027064 8.687630360921224 6.3833135604858402 8.7157329559326158 -2.3686511635780336
leaf_weight=127 4.0000000000000027 21.000000000000004 4.0000000000000018 3 4.0000000000000027 39 8.9999999999999982 31 7.0000000000000027 13.000000000000002 6.0000000000000027 193 5 8.9999999999999982 6.9999999999999991 12.999999999999998 2.9999999999999991 10.999999999999998 23 99 6.9999999999999991 13.000000000000002 4.9999999999999991 13.999999999999998 254 592 14.999999999999998 3.9999999999999991 4 7.9999999999999991
leaf_count=127 4 21 4 3 4 39 9 31 7 13 6 193 5 9 7 13 3 11 23 99 7 13 5 14 254 592 15 4 4 8
internal_value=0.0631126 6.9364 15.1089 23.2675 -1.9764 5.71583 15.6263 0.25401 6.22011 3.34385 3.19503 5.94391 35.6843 -1.10339 1.42936 1.38642 -2.12816 -1.54346 0.66755 -2.28047 5.16146 8.25567 -2.22905 4.43037 -2.20922 -2.16806 9.13273 7.67026 9.49967 -2.46716
internal_weight=1547 354 46 21 1193 308 13 76 254 54 24 232 8 52 16 26 1117 136 34 102 28 25 36 20 981 846 22 17 8 135
internal_count=1547 354 46 21 1193 308 13 76 254 54 24 232 8 52 16 26 1117 136 34 102 28 25 36 20 981 846 22 17 8 135
is_linear=0
shrinkage=0.05


Tree=9
num_leaves=30
num_cat=0
split_feature=3 2 4 6 0 3 3 4 8 2 7 4 0 5 0 1 1 8 0 6 5 1 1 8 0 0 7 0 0
split_gain=7.89699e+06 1.49453e+06 1.0337e+06 876569 201287 162367 135577 94211.5 90702.4 71358.5 63591.3 123865 54790.7 38961.3 38570.4 30768.2 29264.4 85184.3 67371.1 17035.7 11585.7 7467.05 4731.67 3591.4 9467.74 3416.07 2688.02 2100.42 33.4434
threshold=0.52944424865358208 9097.7000000000025 44810.000000000007 50.500000000000007 36470.950000000004 0.58324588233956576 0.47386947318753897 47530.000000000007 2.5000000000000004 8102.0100000000011 2.5000000000000004 43067.500000000007 36417.600000000006 13.500000000000002 44829.950000000004 32076.920000000006 12211.870000000003 2.5000000000000004 36936.600000000013 47.500000000000007 10.500000000000002 18999.295000000002 18081.579999999998 1.5000000000000002 36335.450000000004 38118.600000000013 1.0000000180025095e-35 38355.400000000001 37409.750000000007
decision_type=2 2 2 2 2 2 2 2 2 2 2 2 2 2 2 2 2 2 2 2 2 2 2 2 2 2 2 2 2
left_child=6 2 3 9 -5 7 16 12 14 -2 11 -7 -3 -9 19 -12 23 21 -19 -8 28 -18 -10 26 -25 -22 -1 -24 -4
right_child=1 5 20 4 -6 10 8 13 22 -11 15 -13 -14 -15 -16 -17 17 18 -20 -21 25 -23 27 24 -26 -27 -28 -29 -30
leaf_value=-2.4175386349360153 38.631135559082004 2.8693225609628783 9.5708549499511602 7.1530838012695312 19.268027305603027 7.5240867730342984 -0.31435692196800596 2.1398796830858506 1.9010344187418622 30.009545389811194 6.4754399007680465 3.6748788030524007 5.554335875260203 -3.3508980115254716 4.6672826131184904 8.5844157264346173 -2.1971670231576694 -0.32111772060394289 5.3606075286865238 -2.5205617396036786 7.611576189313614 -0.70305201212565116 5.26434186299642 -2.1876828366147421 0.62664578755696621 6.1856105804443366 -1.8478841990035102 3.755878963470459 9.8069460550944001
leaf_weight=24 4.0000000000000018 38 3.0000000000000027 5.9999999999999991 7.9999999999999991 33 21 6.9999999999999982 2.9999999999999991 6 98 57 38 6 2.9999999999999991 21 118 40 5.9999999999999991 14.999999999999998 14.000000000000002 8.9999999999999982 2.9999999999999991 772 2.9999999999999991 5.9999999999999991 151 9.9999999999999982 3
leaf_count=24 4 38 3 6 8 33 21 7 3 6 98 57 38 6 3 21 118 40 6 15 14 9 3 772 3 6 151 10 3
internal_value=0.0520087 6.6697 14.6691 22.1519 14.0759 5.32752 -1.90296 3.53902 0.520852 33.4582 6.08913 5.08626 4.21183 -0.394325 -0.779694 6.84761 -2.02167 -1.42355 0.419977 -1.23361 7.76189 -2.09128 3.69093 -2.13059 -2.17679 7.18379 -1.92601 4.10399 9.6889
internal_weight=1526 348 50 24 14 298 1178 89 55 10 209 90 76 13 39 119 1123 173 46 36 26 127 16 950 775 20 175 13 6
internal_count=1526 348 50 24 14 298 1178 89 55 10 209 90 76 13 39 119 1123 173 46 36 26 127 16 950 775 20 175 13 6
is_linear=0
shrinkage=0.05


Tree=10
num_leaves=31
num_cat=0
split_feature=3 2 7 8 0 3 2 8 8 0 7 1 8 2 1 2 7 7 8 6 2 2 0 8 0 0 3 7 8 3
split_gain=6.93719e+06 1.0108e+06 580194 891115 330940 290305 83094.4 72804.5 55851.8 53565.7 38606.4 34103 104123 98553.2 28742.3 26362.5 27498.6 19422.9 19365.3 17097.3 11800.5 6738.79 5194.9 65487.7 4702.55 4166.91 3988.1 3378.85 1425.87 1226.91
threshold=0.5480393548860133 9097.7000000000025 5.5000000000000009 2.5000000000000004 37669.150000000009 0.49891132202463101 13236.705000000002 3.5000000000000004 2.5000000000000004 41857.30000000001 4.5000000000000009 12908.285 2.5000000000000004 18542.565000000006 25432.140000000003 16907.100000000002 1.5000000000000002 1.5000000000000002 3.5000000000000004 47.500000000000007 9691.9500000000025 18542.565000000006 37061.700000000004 2.5000000000000004 36894.950000000004 41035.100000000006 0.35990952944304383 5.5000000000000009 2.5000000000000004 0.78454931070579592
decision_type=2 2 2 2 2 2 2 2 2 2 2 2 2 2 2 2 2 2 2 2 2 2 2 2 2 2 2 2 2 2
left_child=5 2 24 25 -5 11 10 14 9 19 18 22 21 -14 -8 16 -10 -9 -3 -7 -12 -13 26 -24 28 -4 -1 -17 -2 -26
right_child=1 6 3 4 -6 8 7 17 15 -11 20 12 13 -15 -16 27 -18 -19 -20 -21 -22 -23 23 -25 29 -27 -28 -29 -30 -31
leaf_value=-2.0021022864787761 7.8414309183756465 5.5433502148359253 5.9734652927943621 19.326541307237417 33.822082083565846 0.26955551306406644 3.5991423077635716 5.422784304618836 4.9234544754028278 4.7924682617187502 6.2332645416259771 -0.76388589859008793 -2.4841647974650067 2.4795332018534344 5.9613477071126306 5.1891773986816396 -0.15393981933593751 7.8864509344100959 8.7532305908203139 -2.6133576499091258 8.1565977951575981 -2.1211431494383053 -1.9649553112361742 5.6594922383626312 7.6874298095703146 8.2007062276204419 -2.4607145919799809 3.7568899699619842 6.6116817821155891 8.8622804260253893
leaf_weight=913 3.0000000000000009 78 7.0000000000000018 8.9999999999999982 6.9999999999999991 12.000000000000005 91 15.999999999999998 4.0000000000000027 4.9999999999999991 10.999999999999998 9.9999999999999982 14.999999999999998 30 14.999999999999998 10.000000000000002 7.9999999999999991 15.999999999999998 4.9999999999999991 8.9999999999999982 29 107 46 2.9999999999999991 3.9999999999999982 3 50 6.9999999999999991 11 5
leaf_count=913 3 78 7 9 7 12 91 16 4 5 11 10 15 30 15 10 8 16 5 9 29 107 46 3 4 3 50 7 11 5
internal_value=-0.04025 6.64377 13.2331 18.3504 25.6683 -1.72621 5.40668 4.56442 1.82417 0.141415 6.35166 -1.89254 -1.219 0.824967 3.93342 3.33284 1.53852 6.65462 5.73672 -0.965979 7.62768 -2.00514 -2.00036 -1.49815 7.44843 6.64164 -2.02591 4.59941 6.8752 8.34012
internal_weight=1539 310 49 26 16 1229 261 138 55 26 123 1174 162 45 106 29 12 32 83 21 40 117 1012 49 23 10 963 17 14 9
internal_count=1539 310 49 26 16 1229 261 138 55 26 123 1174 162 45 106 29 12 32 83 21 40 117 1012 49 23 10 963 17 14 9
is_linear=0
shrinkage=0.05


Tree=11
num_leaves=30
num_cat=0
split_feature=3 3 4 6 3 0 8 0 4 5 3 4 4 4 4 3 6 7 1 4 8 4 6 4 4 0 4 3 0
split_gain=6.32163e+06 793014 960340 536750 275023 95886.3 91039.5 48142.6 56969.7 48139 46201.2 77964.7 254680 57803.8 134896 41391.4 33089.7 17646.7 17246.4 68968.8 29916.6 12982.7 8107.22 7267.08 5792.34 3458.21 3777.01 347.187 29.2896
threshold=0.5480393548860133 0.74864890710954224 44810.000000000007 50.500000000000007 0.47386947318753897 36470.950000000004 2.5000000000000004 36091.900000000009 43067.500000000007 11.500000000000002 0.65924403112717955 43067.500000000007 43672.500000000007 44065.000000000007 43067.500000000007 0.79036329528215943 44.500000000000007 4.5000000000000009 12211.870000000003 40095.000000000007 2.5000000000000004 42342.500000000007 42.500000000000007 48480.000000000007 44810.000000000007 26601.000000000004 42977.500000000007 0.52944424865358208 26301.550000000003
decision_type=2 2 2 2 2 2 2 2 2 2 2 2 2 2 2 2 2 2 2 2 2 2 2 2 2 2 2 2 2
left_child=4 10 3 15 18 -5 9 8 -8 16 11 21 -13 14 -12 -3 -6 -15 25 -20 -21 -2 -4 -24 -9 28 -27 -11 -1
right_child=1 2 22 5 6 -7 7 24 -10 27 13 12 -14 17 -16 -17 -18 -19 19 20 -22 -23 23 -25 -26 26 -28 -29 -30
leaf_value=-2.1391347484312195 6.6312625099630926 27.059555816650381 8.8445814514160173 6.983397293090821 -0.27236655385870678 16.464611339569093 4.565113957722982 4.9686829787034252 -1.5976606941223146 -2.2575301885604855 7.0005431365966793 -5.5028793879917695 4.458342259270804 5.9302427259542183 -6.4106802622477197 34.252559407552077 3.4080547014872233 7.4735180466263387 4.4178512573242186 -1.9536348710294629 -0.46892859276304855 5.1470272064208986 7.1601101875305178 5.5558161926269536 3.4097247210415924 -1.8048682267879084 -2.0390950829414147 -2.843679173787435 -2.0407293796539308
leaf_weight=138 34 6.0000000000000018 4.9999999999999991 3.9999999999999991 19.000000000000004 7.9999999999999991 5.9999999999999991 13 9.9999999999999982 16.000000000000004 5 6.9999999999999991 77 59 3 3 8.9999999999999982 27 4.9999999999999991 122 47 26 24 9.9999999999999982 11 615 239 2.9999999999999991 7.9999999999999991
leaf_count=138 34 6 5 4 19 8 6 13 10 16 5 7 77 59 3 3 9 27 5 122 47 26 24 10 11 615 239 3 8
internal_value=-0.0801225 6.46942 11.6065 20.2269 -1.62791 13.3042 1.0846 2.83785 0.71338 -0.407532 5.17436 4.61151 3.62824 6.0366 1.97133 29.4572 0.910626 6.41476 -1.82893 -1.3695 -1.54073 5.98809 6.96471 6.68826 4.25416 -1.90886 -1.87042 -2.35008 -2.13374
internal_weight=1559 298 60 21 1261 12 87 40 16 47 238 144 84 94 8 9 28 86 1174 174 169 60 39 34 24 1000 854 19 146
internal_count=1559 298 60 21 1261 12 87 40 16 47 238 144 84 94 8 9 28 86 1174 174 169 60 39 34 24 1000 854 19 146
is_linear=0
shrinkage=0.05


Tree=12
num_leaves=31
num_cat=0
split_feature=3 2 4 6 3 0 4 0 2 4 4 1 4 5 4 4 5 6 1 4 0 1 7 1 0 2 2 4 5 0
split_gain=5.64721e+06 1.02657e+06 661684 615568 193396 116061 72397.1 81393.1 64526 63424.7 242314 55360.2 48769.6 47447 36140.7 254599 29335.2 23095.6 21861.5 60056.2 59115.5 17222.5 13375.3 10329.5 6973.71 50632 6571.62 3740.85 2378.82 65.635
threshold=0.53840417263619134 9097.7000000000025 44810.000000000007 50.500000000000007 0.47386947318753897 36470.950000000004 46250.000000000007 33428.55000000001 13567.885000000002 43067.500000000007 43672.500000000007 30235.619999999999 48702.000000000007 13.500000000000002 44065.000000000007 43067.500000000007 13.500000000000002 41.500000000000007 13084.870000000003 46250.000000000007 33255.900000000001 32076.920000000006 1.5000000000000002 18999.295000000002 37097.850000000013 25779.790000000005 7425.0950000000003 42977.500000000007 11.500000000000002 30786.450000000004
decision_type=2 2 2 2 2 2 2 2 2 2 2 2 2 2 2 2 2 2 2 2 2 2 2 2 2 2 2 2 2 2
left_child=4 2 3 11 18 -5 7 29 14 22 -11 -2 17 -14 15 -3 -9 -8 24 20 -20 -16 -10 -21 27 -26 -4 -1 -28 -6
right_child=1 8 26 5 6 -7 12 16 9 10 -12 -13 13 -15 21 -17 -18 -19 19 23 -22 -23 -24 -25 25 -27 28 -29 -30 -31
leaf_value=-1.7585705786281161 26.252594502766915 6.5885473552503075 8.1168748474121042 6.2651817321777346 -2.6699384053548179 15.594997711181641 2.3128259023030573 4.2014044101421648 4.6947227954864506 -4.9813908100128179 4.1302383603101758 34.571264648437491 4.6405131748744424 -2.1858844280242917 5.8188119050933098 -6.0921128845214847 0.019501686096191406 -2.3515888608020283 -1.8389946818351746 -1.992727839946747 2.0846075137456257 7.6121583700180055 6.3315954208374023 -0.10837905406951905 3.0992433230082197 -1.7904949421352812 6.8272628148396812 -1.9875892675375635 5.5679452896118171 -3.0006826400756825
leaf_weight=720 6.0000000000000018 19.000000000000004 5.0000000000000027 4.9999999999999991 2.9999999999999991 9.9999999999999982 3.0000000000000027 26.000000000000004 24 7.9999999999999991 83 3 6.9999999999999982 4 82 4.9999999999999991 4.9999999999999991 23 15.999999999999998 80 24 15.999999999999998 26 7.9999999999999991 5.9999999999999991 45 5.9999999999999991 237 9.9999999999999982 3
leaf_count=720 6 19 5 5 3 10 3 26 24 8 83 3 7 4 82 5 5 23 16 80 24 16 26 8 6 45 6 237 10 3
internal_value=-0.00680214 6.03781 13.0163 18.6877 -1.54543 12.4851 0.931272 2.49519 4.84377 4.11527 3.32922 29.0255 -0.632649 2.15819 5.68573 3.94674 3.5269 -1.81339 -1.70676 -1.09124 0.515167 6.1116 5.5459 -1.82142 -1.78493 -1.21523 6.53464 -1.81529 6.04019 -2.83531
internal_weight=1518 308 45 24 1210 15 74 37 263 141 91 9 37 11 122 24 31 26 1136 128 40 98 50 88 1008 51 21 957 16 6
internal_count=1518 308 45 24 1210 15 74 37 263 141 91 9 37 11 122 24 31 26 1136 128 40 98 50 88 1008 51 21 957 16 6
is_linear=0
shrinkage=0.05


Tree=13
num_leaves=31
num_cat=0
split_feature=3 2 4 6 3 0 3 4 8 4 4 2 5 0 3 4 0 7 4 3 5 7 5 0 8 5 5 0 4 0
split_gain=5.33308e+06 791555 588406 518907 170946 126001 69391.4 69704.6 58390.9 34792 342876 34385.6 28977.6 23879 22497.5 40147.7 58221.3 32004.8 22290.5 19927.3 16121.8 39795.5 9877.26 6919.28 21528 6560.99 5655.8 3174.73 2374.72 1123.8
threshold=0.53840417263619134 9097.7000000000025 44810.000000000007 50.500000000000007 0.49891132202463101 36470.950000000004 0.58324588233956576 47530.000000000007 2.5000000000000004 43672.500000000007 43067.500000000007 8102.0100000000011 13.500000000000002 39874.05000000001 0.39889771367488586 44860.000000000007 32135.550000000007 1.5000000000000002 43067.500000000007 0.66300782157260307 13.500000000000002 1.5000000000000002 10.500000000000002 34829.450000000004 2.5000000000000004 10.500000000000002 10.500000000000002 38386.200000000004 33577.500000000007 38284.55000000001
decision_type=2 2 2 2 2 2 2 2 2 2 2 2 2 2 2 2 2 2 2 2 2 2 2 2 2 2 2 2 2 2
left_child=4 2 3 11 14 -5 7 18 13 10 -8 -2 -9 22 23 16 -16 -17 -3 -11 27 -22 -6 28 -25 -4 -15 -10 -1 -27
right_child=1 6 25 5 8 -7 9 12 20 19 -12 -13 -14 26 15 17 -18 -19 -20 -21 21 -23 -24 24 -26 29 -28 -29 -30 -31
leaf_value=-1.9970486923139923 30.950012207031222 4.9554158704034217 7.6454469408307721 5.7804492950439457 -3.2790582021077466 15.134612528483073 5.720821460457735 1.5651479090963094 4.56031403975053 4.66903785129763 -5.5523121833801277 24.39394861857096 -3.7696556866168969 2.7118293762207029 -2.2628580411275228 -0.1304796679266568 2.1029788153512139 -2.1279765569246734 3.0553461884007311 5.8622012795753848 4.4694917678833006 -3.1485834121704093 -0.41007814407348625 -1.6829197410988599 -0.53638624763488774 6.0832620747884105 -0.034270413716634106 3.1305114110310872 -1.7334827951328482 5.2176972198486329
leaf_weight=98 3.0000000000000018 29 7.0000000000000027 5.9999999999999991 6.0000000000000018 8.9999999999999982 43 6.9999999999999982 11.000000000000005 53 7.9999999999999991 6 4 5 11.999999999999998 29 21 65 33 103 3.9999999999999991 3 6 226 50 15.000000000000002 3 5.9999999999999991 668 4.9999999999999991
leaf_count=98 3 29 7 6 6 9 43 7 11 53 8 6 4 5 12 29 21 65 33 103 4 3 6 226 50 15 3 6 668 5
internal_value=0.0369084 5.66229 11.3914 17.0878 -1.49813 11.3929 4.61876 3.2933 1.56137 5.0862 3.95249 26.5793 -0.374781 -0.433924 -1.61329 -0.984993 0.515402 -1.51173 3.94409 5.45683 3.22411 1.2046 -1.84457 -1.68986 -1.47521 6.32798 1.68204 4.05568 -1.7672 5.86687
internal_weight=1544 331 51 24 1213 15 280 73 44 207 51 9 11 20 1169 127 33 94 62 156 24 7 12 1042 276 27 8 17 766 20
internal_count=1544 331 51 24 1213 15 280 73 44 207 51 9 11 20 1169 127 33 94 62 156 24 7 12 1042 276 27 8 17 766 20
is_linear=0
shrinkage=0.05


Tree=14
num_leaves=28
num_cat=0
split_feature=3 2 4 0 2 0 4 4 1 1 4 0 0 7 0 3 4 3 8 4 2 4 4 5 0 3 7
split_gain=4.69433e+06 740397 572620 403706 106503 97795 81766.5 329967 70063.2 43715.9 29442.2 25618.7 21786.7 34699.4 20041 15245.5 78332.2 30281.7 19489.5 11459.2 5708.01 3167.44 6537.59 2570.78 2184.6 1821.24 150.123
threshold=0.52944424865358208 9097.7000000000025 44810.000000000007 37136.30000000001 12624.820000000002 36470.950000000004 43067.500000000007 43672.500000000007 18999.295000000002 30235.619999999999 46922.500000000007 42415.950000000004 44829.950000000004 1.5000000000000002 33609.900000000009 0.29357716228357028 39295.000000000007 0.35185847170019641 2.5000000000000004 42342.500000000007 7425.0950000000003 34325.000000000007 36372.500000000007 10.500000000000002 38118.600000000013 0.51780028435064984 1.5000000000000002
decision_type=2 2 2 2 2 2 2 2 2 2 2 2 2 2 2 2 2 2 2 2 2 2 2 2 2 2 2
left_child=8 2 3 5 11 -2 19 -8 15 -5 25 14 13 -12 -3 21 17 -17 -18 -6 -4 26 -23 -13 -22 -10 -1
right_child=1 4 20 9 6 -7 7 -9 10 -11 12 23 -14 -15 -16 16 18 -19 -20 -21 24 22 -24 -25 -26 -27 -28
leaf_value=-1.7994906291365624 5.4958148002624467 8.4689214706420906 7.3756243896484328 23.310692977905276 5.5852413892745973 14.625326538085938 -4.2208388264973955 3.6801877346124736 2.3770043055216465 31.295199584960926 1.592240385575727 7.5604798316955542 3.959274037679037 -2.104981346130371 4.8412742614746094 0.12075905164082844 -1.7682431151829854 3.7893471611870662 -0.90818895339965833 4.2761351994105743 5.8959111433762761 -1.0532641867796579 -1.6575105315231415 6.4832514868842228 4.8457671165466314 3.9353122329711909 -1.9255795012580024
leaf_weight=32 4.0000000000000027 3.9999999999999991 5.0000000000000027 3.9999999999999991 32 10.999999999999998 14.999999999999998 111 3 3 11.000000000000005 8.0000000000000018 2.9999999999999991 14.999999999999998 79 15.000000000000002 193 8.9999999999999982 100 35 13.000000000000002 48 664 18 7.9999999999999991 5 90
leaf_count=32 4 4 5 4 32 11 15 111 3 3 11 8 3 15 79 15 193 9 100 35 13 48 664 18 8 5 90
internal_value=0.0232784 5.11252 10.8809 16.8177 4.19569 12.1908 3.49006 2.73959 -1.47608 26.7326 0.665549 5.44513 -0.0752501 -0.540772 5.0161 -1.54492 -1.24976 1.49648 -1.47471 4.90138 5.85735 -1.65711 -1.61677 6.81471 5.49586 3.35095 -1.89251
internal_weight=1538 350 48 22 302 15 193 126 1188 7 37 109 29 26 83 1151 317 24 293 67 26 834 712 26 21 8 122
internal_count=1538 350 48 22 302 15 193 126 1188 7 37 109 29 26 83 1151 317 24 293 67 26 834 712 26 21 8 122
is_linear=0
shrinkage=0.05


Tree=15
num_leaves=31
num_cat=0
split_feature=3 2 4 6 3 0 1 2 8 4 4 4 0 1 7 0 8 0 2 7 6 7 1 4 4 6 0 8 6 2
split_gain=4.48396e+06 682114 493971 408643 95267 91379.8 45525.9 35714.1 30606.4 28551.1 28549.9 35540.1 28464 22508.2 17798.8 14654.2 50486.6 90889.2 25343.7 13867.9 29367.1 6856 6361.74 5583.47 10693.7 4094.06 4066.46 1599.37 936.771 545.913
threshold=0.52944424865358208 9097.7000000000025 44810.000000000007 50.500000000000007 0.56458842076783666 36470.950000000004 18799.720000000005 12890.775000000001 1.5000000000000002 42342.500000000007 47530.000000000007 43672.500000000007 37919.000000000007 21223.765000000007 4.5000000000000009 33857.950000000004 2.5000000000000004 36936.600000000013 17746.445000000003 1.5000000000000002 54.500000000000007 1.0000000180025095e-35 20993.820000000003 43767.500000000007 42595.000000000007 44.500000000000007 38743.250000000007 2.5000000000000004 48.500000000000007 7425.0950000000003
decision_type=2 2 2 2 2 2 2 2 2 2 2 2 2 2 2 2 2 2 2 2 2 2 2 2 2 2 2 2 2 2
left_child=6 2 3 12 10 -5 15 14 19 -9 11 -3 -2 -12 -6 23 18 -18 -17 20 -8 -10 -21 24 -1 29 -23 -27 -25 -4
right_child=1 4 25 5 7 -7 8 9 21 -11 13 -13 -14 -15 -16 16 17 -19 -20 22 -22 26 -24 28 -26 27 -28 -29 -30 -31
leaf_value=-1.6324916784314141 20.067738342285139 1.0563597062054801 7.2964108784993407 5.0486730957031254 4.7218047039325421 13.327250442504884 3.1676649729410795 5.2565380913870676 4.6652281443278012 3.60755398614066 -3.0783688306808479 4.0712480130402939 26.032639058430988 1.6233614785330635 6.0521667759592939 3.060852368672689 -0.74904641824610096 4.356226024627686 -1.5564686317925198 -2.3143840408325196 -1.7793087959289549 0.41677424112955719 -0.13005268096923828 -2.284383066962747 -1.0105269407924218 4.5558684539794907 2.8519856452941887 5.5884605916341137 -1.8800367313426929 6.3425473531087224
leaf_weight=552 3.0000000000000018 17 3.0000000000000027 4.9999999999999991 65 9.9999999999999982 6.0000000000000018 35 2.9999999999999982 105 3.9999999999999982 23 6 7 41 2.9999999999999991 68 9.9999999999999982 317 9.9999999999999982 6 3 4.9999999999999991 17 79 5.0000000000000009 4 15 91 3
leaf_count=552 3 17 3 5 65 10 6 35 3 105 4 23 6 7 41 3 68 10 317 10 6 3 5 17 79 5 4 15 91 3
internal_value=0.0523519 5.04586 10.4488 15.6215 4.13628 10.5677 -1.42358 4.54402 0.302432 4.0198 2.16955 2.78992 24.0443 -0.0863586 5.23638 -1.47975 -1.23515 -0.0945243 -1.51318 -0.57274 0.694178 2.66539 -1.58627 -1.61148 -1.55462 5.67397 1.80832 5.33031 -1.94368 6.81948
internal_weight=1521 347 50 24 297 15 1174 246 37 140 51 40 9 11 106 1137 398 78 320 27 12 10 15 739 631 26 7 20 108 6
internal_count=1521 347 50 24 297 15 1174 246 37 140 51 40 9 11 106 1137 398 78 320 27 12 10 15 739 631 26 7 20 108 6
is_linear=0
shrinkage=0.05


Tree=16
num_leaves=28
num_cat=0
split_feature=3 2 4 5 3 3 4 3 4 2 0 7 0 5 4 0 3 4 6 4 4 0 8 6 4 4 0
split_gain=3.61293e+06 595895 446550 417291 100102 73965.3 73369.7 67775.6 50298.8 39208.6 38860.1 36315.6 31524.1 27333.8 26711.8 21599.6 14233.9 33242 18802.2 12700.6 10979.9 4944.75 17540.5 4930.02 4127.53 3130.78 2049.86
threshold=0.52944424865358208 9097.7000000000025 44810.000000000007 12.500000000000002 0.58324588233956576 0.79036329528215943 47530.000000000007 0.47386947318753897 44860.000000000007 21638.620000000006 34010.150000000009 4.5000000000000009 36417.600000000006 13.500000000000002 42910.000000000007 36568.05000000001 0.38837557498293923 39905.000000000007 42.500000000000007 48055.000000000007 48480.000000000007 34829.450000000004 2.5000000000000004 42.500000000000007 44810.000000000007 42977.500000000007 38118.600000000013
decision_type=2 2 2 2 2 2 2 2 2 2 2 2 2 2 2 2 2 2 2 2 2 2 2 2 2 2 2
left_child=7 2 3 5 6 -2 12 16 10 19 -9 14 -3 -8 -6 -5 21 -18 -19 -10 -13 25 -23 -4 -12 -1 -25
right_child=1 4 23 15 11 -7 13 8 9 -11 24 20 -14 -15 -16 -17 17 18 -20 -21 -22 22 -24 26 -26 -27 -28
leaf_value=-1.4724053028628903 18.834006609235484 1.9516492990347054 7.077620220184321 5.2251439666748061 5.1399775399102108 27.357181930541987 0.83003592491149902 -2.2157196521759013 -2.1084651038760227 3.8498901367187504 4.1817876543317514 5.9307186073727083 3.9751943387483295 -3.4387538194656373 3.598321953415871 10.154604339599608 4.3326417287190759 0.86102414131164551 -1.2394317647030482 0.056508235931396492 3.9781637403700092 -1.4590538445893708 -0.39578843015305543 5.431097344791187 2.6286641207608308 -1.7292156071276279 4.2794103622436523
leaf_weight=599 7.0000000000000018 39 4.0000000000000027 4.9999999999999982 36 4 9.9999999999999982 4.0000000000000027 21.000000000000004 3.9999999999999991 7.0000000000000009 36 38 5.9999999999999991 128 4 2.9999999999999991 11.999999999999998 95 9.9999999999999982 8.9999999999999982 222 47 17.000000000000004 11 148 4.9999999999999991
leaf_count=599 7 39 4 5 36 4 10 4 21 4 7 36 38 6 128 4 3 12 95 10 9 222 47 17 11 148 5
internal_value=0.00392535 4.48224 9.78363 15.4005 3.67475 21.9333 2.3101 -1.31345 0.368628 -0.808946 2.24204 4.28198 2.95028 -0.77076 3.93673 7.41602 -1.3986 -0.858325 -1.00387 -1.41009 5.54021 -1.45709 -1.27328 5.46293 3.23266 -1.52329 5.16935
internal_weight=1531 348 46 20 302 11 93 1183 57 35 22 209 77 16 164 9 1126 110 107 31 45 1016 269 26 18 747 22
internal_count=1531 348 46 20 302 11 93 1183 57 35 22 209 77 16 164 9 1126 110 107 31 45 1016 269 26 18 747 22
is_linear=0
shrinkage=0.05


Tree=17
num_leaves=30
num_cat=0
split_feature=3 2 4 6 3 4 1 0 4 4 0 0 1 4 0 6 7 4 0 1 0 6 6 2 8 0 4 4 6
split_gain=3.19696e+06 395929 337578 308442 95380.3 76628.4 67799.7 49824.5 38845.2 315426 31289.7 29709.8 23072.5 72073.4 71003.8 22629.8 25274.8 30796.9 20564.4 19156.1 13319.9 7140.21 3247.92 25747.9 2674.46 2346.69 1643.03 1290.25 23.8306
threshold=0.52944424865358208 9097.7000000000025 44810.000000000007 50.500000000000007 0.58324588233956576 47530.000000000007 18999.295000000002 36470.950000000004 43672.500000000007 43067.500000000007 37919.000000000007 36417.600000000006 12517.605000000001 45602.500000000007 33255.900000000001 55.500000000000007 1.5000000000000002 47845.000000000007 39065.450000000004 30235.619999999999 39600.850000000006 42.500000000000007 58.500000000000007 21106.780000000002 1.5000000000000002 41035.100000000006 48480.000000000007 48702.000000000007 58.500000000000007
decision_type=2 2 2 2 2 2 2 2 2 2 2 2 2 2 2 2 2 2 2 2 2 2 2 2 2 2 2 2 2
left_child=6 2 3 10 5 11 12 -5 9 -6 -2 -3 22 14 -14 16 20 -18 -7 -10 -8 -4 24 -24 -1 -17 -23 -15 -27
right_child=1 4 21 7 8 18 15 -9 19 -11 -12 -13 13 27 -16 25 17 -19 -20 -21 -22 26 23 -25 -26 28 -28 -29 -30
leaf_value=-1.2595128002620879 18.122650655110657 1.7394850355206115 7.3117749532063714 4.9638867950439467 4.6519087568242501 -4.7873819351196287 1.3735650539398185 11.498926871163505 4.2899512608846031 -5.565547519259983 24.87770500183105 3.7779195125286393 -1.5812325579779489 -1.7161922656788544 1.6122809099114459 -0.13935629526774093 2.984216281345911 -1.3399143600463868 -0.15907482504844667 5.757533476087783 5.0984739939371737 5.0083279777975642 1.2682973670959474 -1.42461785545832 -1.4812693743685688 -1.9517096837361649 4.1393813610076888 -1.2785288765316918 -1.752416865030924
leaf_weight=168 3.0000000000000027 33 3.0000000000000027 4.9999999999999982 47 2.9999999999999991 4.0000000000000018 7 126 8.9999999999999982 4 39 28 85 46 2.9999999999999982 7.0000000000000027 9.9999999999999982 11.999999999999998 27 6 17 9.9999999999999982 79 713 3 8.0000000000000018 21 3
leaf_count=168 3 33 3 5 47 3 4 7 126 9 4 39 28 85 46 3 7 10 12 27 6 17 10 79 713 3 8 21 3
internal_value=-0.0170076 4.23437 8.4975 13.6416 3.55746 2.16633 -1.24654 8.77599 4.13654 3.00982 21.9827 2.84364 -1.31343 -0.793528 0.403924 0.89014 1.61391 0.44061 -1.08474 4.54894 3.60851 5.00686 -1.4099 -1.12204 -1.43898 -1.28116 4.73027 -1.62949 -1.85206
internal_weight=1529 343 47 19 296 87 1186 12 209 56 7 72 1150 180 74 36 27 17 15 153 10 28 970 89 881 9 25 106 6
internal_count=1529 343 47 19 296 87 1186 12 209 56 7 72 1150 180 74 36 27 17 15 153 10 28 970 89 881 9 25 106 6
is_linear=0
shrinkage=0.05


Tree=18
num_leaves=24
num_cat=0
split_feature=3 2 4 6 3 0 4 1 9 0 0 4 4 1 4 2 2 4 6 0 8 4 2
split_gain=3.07503e+06 544033 380565 345121 82604.4 62919.2 56640.2 36182.2 35191.6 31202.8 28504.2 23637.4 21595.9 18813.4 64942.8 36703.8 10697.1 10618.8 5315.8 4528.62 81285.6 4189.27 1062.92
threshold=0.51780028435064984 9097.7000000000025 44810.000000000007 50.500000000000007 0.58324588233956576 36470.950000000004 46922.500000000007 30235.619999999999 1.0000000180025095e-35 38656.05000000001 44829.950000000004 43067.500000000007 42910.000000000007 14735.870000000003 44860.000000000007 20675.830000000005 20481.835000000003 48480.000000000007 42.500000000000007 36936.600000000013 2.5000000000000004 37740.000000000007 8505.1500000000015
decision_type=2 2 2 2 2 2 2 2 2 2 2 2 2 2 2 2 2 2 2 2 2 2 2
left_child=10 2 3 7 6 -5 11 -2 12 -8 13 -3 -6 19 15 -15 -16 -10 -4 21 -21 -1 -20
right_child=1 4 18 5 8 -7 9 -9 17 -11 -12 -13 -14 14 16 -17 -18 -19 22 20 -22 -23 -24
leaf_value=-1.1462968079317282 19.091910298665358 3.7766843303557369 6.358150482177729 4.2867879486083984 4.6685088886934167 11.282298956976996 -4.2624624252319299 25.817064921061188 5.4712476988096501 0.707668538093567 3.6423141479492189 1.9903800860695218 3.2564649840046593 3.1432219696044914 -1.891134113073349 -2.9151446024576826 -0.74881906174776847 3.347591699872698 4.5145646487965294 -1.3740483677387239 4.6599525133768713 -1.3890561550099638 3.4937402089436853
leaf_weight=233 6.0000000000000018 31 4.0000000000000027 4.9999999999999991 34 8.9999999999999982 4.0000000000000027 3 37 14.999999999999998 2.9999999999999991 46 133 15.000000000000002 32 2.9999999999999991 57 6.9999999999999991 17.000000000000004 80 5.9999999999999991 749 2.9999999999999991
leaf_count=233 6 31 4 5 34 9 4 3 37 15 3 46 133 15 32 3 57 7 17 80 6 749 3
internal_value=0.00275687 4.08912 9.0987 13.6947 3.32218 8.7839 2.10625 21.3336 3.8754 -0.338675 -1.22523 2.70954 3.54395 -1.23766 -0.605571 2.13349 -1.15954 5.13339 4.69423 -1.30099 -0.953072 -1.33146 4.36144
internal_weight=1532 354 47 23 307 14 96 9 211 19 1178 77 167 1175 107 18 89 44 24 1068 86 982 20
internal_count=1532 354 47 23 307 14 96 9 211 19 1178 77 167 1175 107 18 89 44 24 1068 86 982 20
is_linear=0
shrinkage=0.05


Tree=19
num_leaves=24
num_cat=0
split_feature=3 2 4 6 3 6 0 1 0 4 4 8 1 1 4 4 6 4 3 3 6 4 0
split_gain=2.6434e+06 308555 272377 246769 83302.4 60045.8 40550.8 27727.3 25986.5 21634.5 20217.9 18819.8 16138.6 13352.6 71424.4 29621.2 3741.17 3678.32 3423.54 8318.02 2811.1 1510.57 144.629
threshold=0.51780028435064984 9097.7000000000025 44810.000000000007 51.500000000000007 0.58324588233956576 57.500000000000007 36543.250000000007 30997.020000000004 44829.950000000004 47530.000000000007 42342.500000000007 2.5000000000000004 30092.350000000002 12701.890000000001 44860.000000000007 43377.500000000007 43.500000000000007 48702.000000000007 0.35990952944304383 0.35185847170019641 42.500000000000007 48480.000000000007 32385.250000000004
decision_type=2 2 2 2 2 2 2 2 2 2 2 2 2 2 2 2 2 2 2 2 2 2 2
left_child=8 2 3 12 5 9 -5 10 13 -3 -6 -7 -2 18 15 -15 -9 -16 19 -1 -4 -22 -20
right_child=1 4 20 6 7 11 -8 16 -10 -11 -12 -13 -14 14 17 -17 -18 -19 22 -21 21 -23 -24
leaf_value=-1.2639057330589658 17.667275238037092 2.8787097069952226 5.9102010091145765 4.4118847656250013 4.8572439707242525 -2.7848586116518304 10.508730443318683 6.5715943908691363 3.4601985295613611 0.66247685505793652 3.3476854160132001 0.76514587402343737 22.518615214029943 0.16167010307312013 -1.4989931124732609 3.1009767452875776 5.0424663925170901 -0.87121504147847506 -1.7539460863385881 0.46605800901140482 4.5672999382019048 3.7258245229721059 -1.5049806322370258
leaf_weight=943 4.0000000000000027 72 3.0000000000000027 4.9999999999999982 26 6.9999999999999973 6 5.0000000000000027 2.9999999999999991 12.999999999999998 151 8 3 30 105 11.999999999999998 20 30 35 6.9999999999999991 15.999999999999998 8.0000000000000018 6.9999999999999991
leaf_count=943 4 72 3 5 26 7 6 5 3 13 151 8 3 30 105 12 20 30 35 7 16 8 7
internal_value=-0.0524415 3.78085 7.64335 12.4076 3.20531 2.02506 7.73744 3.78958 -1.18738 2.53976 3.56943 -0.891523 19.7464 -1.19931 -0.799259 1.00147 5.34829 -1.35949 -1.27069 -1.25116 4.46719 4.28681 -1.71245
internal_weight=1519 347 45 18 302 100 11 202 1172 85 177 15 7 1169 177 42 25 135 992 950 27 24 42
internal_count=1519 347 45 18 302 100 11 202 1172 85 177 15 7 1169 177 42 25 135 992 950 27 24 42
is_linear=0
shrinkage=0.05


Tree=20
num_leaves=29
num_cat=0
split_feature=3 2 4 6 0 3 3 2 8 2 5 7 0 4 6 0 2 0 8 0 6 4 4 4 4 0 0 4
split_gain=2.83116e+06 432328 353073 292098 56055 45430.8 44783 30457.8 30242.2 26332.6 25112.3 44453.4 23773 28890.8 10258.8 7664.13 6483.46 5880.92 21104.5 66469.1 5449.56 4536.65 3643.33 12022.6 2921.9 2096.99 1363.29 1020.57
threshold=0.52944424865358208 9097.7000000000025 44810.000000000007 50.500000000000007 36470.950000000004 0.47386947318753897 0.56458842076783666 7816.4250000000002 2.5000000000000004 21638.620000000006 12.500000000000002 1.5000000000000002 40497.450000000004 42342.500000000007 41.500000000000007 39600.850000000006 12296.120000000001 34443.30000000001 2.5000000000000004 37097.850000000013 42.500000000000007 48702.000000000007 43767.500000000007 42595.000000000007 44810.000000000007 38386.200000000004 38118.600000000013 48944.500000000007
decision_type=2 2 2 2 2 2 2 2 2 2 2 2 2 2 2 2 2 2 2 2 2 2 2 2 2 2 2 2
left_child=5 2 3 7 -5 17 10 -2 9 15 14 -12 13 -8 -3 -7 -14 22 21 -20 -4 -19 23 -1 -10 -26 -22 -24
right_child=1 6 20 4 -6 8 12 -9 24 -11 11 -13 16 -15 -16 -17 -18 18 19 -21 26 -23 27 -25 25 -27 -28 -29
leaf_value=-1.2796956634605583 23.400280761718733 0.95177848815917909 6.3327686309814375 3.7518542098999021 10.354759004380968 -1.4189921130304752 4.5275581410056667 17.378709193638393 3.3064384937286393 3.3978177547454838 2.7605742454528803 -1.3866207281748455 5.0386370438795822 2.9901241987179485 3.4506804963816773 0.13977425893147785 3.9598883628845218 -1.2544500644669334 -0.69456390841253879 4.8335938294728606 4.3389348268508909 -0.72112532777989169 -1.5248282490105467 -0.63196590644557304 0.81127324104309051 2.213387942314148 3.5395333528518678 -0.7125172138214112
leaf_weight=567 3.0000000000000018 5.0000000000000027 3.0000000000000027 4.9999999999999991 8.9999999999999982 23 38 7 3.9999999999999973 3.9999999999999991 14.000000000000002 11.999999999999998 26 156 23 11.999999999999998 30 263 58 5.9999999999999991 16.000000000000004 47 116 82 4.0000000000000009 7.9999999999999991 7.9999999999999991 3.9999999999999991
leaf_count=567 3 5 3 5 9 23 38 7 4 4 14 12 26 156 23 12 30 263 58 6 16 47 116 82 4 8 8 4
internal_value=0.0641062 3.98587 8.24591 12.6585 7.99658 -1.09802 3.27119 19.1852 0.305631 -0.44534 1.96543 0.846484 3.55323 3.29127 3.00445 -0.884558 4.46074 -1.16556 -1.00293 -0.176299 4.32361 -1.17359 -1.24465 -1.19786 2.13612 1.74602 4.07247 -1.49775
internal_weight=1553 355 51 24 14 1198 304 10 55 39 54 26 250 194 28 35 56 1143 374 64 27 310 769 649 16 12 24 120
internal_count=1553 355 51 24 14 1198 304 10 55 39 54 26 250 194 28 35 56 1143 374 64 27 310 769 649 16 12 24 120
is_linear=0
shrinkage=0.05


Tree=21
num_leaves=30
num_cat=0
split_feature=3 2 4 6 3 0 4 4 4 2 4 4 0 1 4 0 1 0 4 2 3 4 7 0 6 2 5 6 1
split_gain=2.10359e+06 287594 261533 228908 127643 58518.7 38486.4 36367.1 65392.8 30692.8 28432.1 207378 27986.9 22263 46178.1 38290.8 16059.4 12970.1 38890.6 12152.3 8530.74 7785.31 3638.89 2837.98 3342.84 1897.71 1356.88 542.799 59.4331
threshold=0.56458842076783666 9097.7000000000025 44810.000000000007 50.500000000000007 0.49891132202463101 36470.950000000004 46250.000000000007 43672.500000000007 43067.500000000007 12624.820000000002 43067.500000000007 43672.500000000007 43824.600000000013 12619.68 45602.500000000007 33255.900000000001 18999.295000000002 33609.900000000009 44065.000000000007 8102.0100000000011 0.55396990451657513 36090.000000000007 5.5000000000000009 26301.550000000003 58.500000000000007 7816.4250000000002 11.500000000000002 42.500000000000007 7198.4399999999996
decision_type=2 2 2 2 2 2 2 2 2 2 2 2 2 2 2 2 2 2 2 2 2 2 2 2 2 2 2 2 2
left_child=4 2 3 19 13 -5 7 8 -6 17 21 -12 20 23 15 -15 -16 -3 -19 -2 -8 -11 -9 28 -25 27 -27 -4 -1
right_child=1 9 25 5 6 -7 12 22 -10 10 11 -13 -14 14 16 -17 -18 18 -20 -21 -22 -23 -24 24 -26 26 -28 -29 -30
leaf_value=-1.3448747337841598 20.683098856608055 6.617125320434571 5.1161303202311155 3.8322243690490723 2.3151909828186028 10.364443778991699 -0.77306547917817747 3.4238972981770832 -3.6035799298967635 2.6547336241778208 -5.5697275161743169 2.9159130066633225 3.3823627948760988 -1.0946285384041923 -1.3499042303875239 1.5657408086877123 0.23711101130435341 0.37449464797973636 4.0174137992420418 16.65780334472656 -3.6421099344889321 3.9420134142825476 2.1075362750462125 -1.1308871092044079 -0.78113899167378742 4.2698307037353516 3.3187326049804691 4.3122715541294641 -1.5060630321502686
leaf_weight=122 3.0000000000000018 3.9999999999999991 3.0000000000000018 5.9999999999999991 14.000000000000002 7.9999999999999991 19.000000000000007 21.000000000000004 6.9999999999999991 17 7.9999999999999991 72 3.9999999999999991 21 99 38 19 7.9999999999999991 87 5 2.9999999999999991 38 6.9999999999999991 767 75 5.9999999999999991 9.9999999999999982 7 5.9999999999999991
leaf_count=122 3 4 3 6 14 8 19 21 7 17 8 72 4 21 99 38 19 8 87 5 3 38 7 767 75 6 10 7 6
internal_value=-0.0100214 3.88256 7.40808 11.4203 -0.90831 7.56492 1.09009 1.91515 0.342267 3.15938 2.669 2.06735 -0.464812 -1.03898 -0.523302 0.61883 -1.09437 3.82808 3.71064 18.1673 -1.1643 3.54413 3.09481 -1.13308 -1.09973 4.0131 3.67539 4.55343 -1.35243
internal_weight=1504 282 48 22 1222 14 75 49 21 234 135 80 26 1147 177 59 118 99 95 8 22 55 28 970 842 26 16 10 128
internal_count=1504 282 48 22 1222 14 75 49 21 234 135 80 26 1147 177 59 118 99 95 8 22 55 28 970 842 26 16 10 128
is_linear=0
shrinkage=0.05


Tree=22
num_leaves=29
num_cat=0
split_feature=3 2 4 6 2 4 4 4 4 4 3 1 4 2 1 3 6 7 2 4 4 4 5 7 1 3 3 8
split_gain=2.06526e+06 331893 224115 198755 51868 38907.9 34861.9 222163 26485.9 131909 24766.4 21365.8 17446.3 25252.8 18470.4 17006.7 15928.1 7767.14 6903.48 43000.5 10263.1 5661.55 3249.06 2887.34 3727.94 1503.92 1473.46 836.354
threshold=0.51780028435064984 9097.7000000000025 44810.000000000007 50.500000000000007 13236.705000000002 44735.000000000007 43067.500000000007 43672.500000000007 44065.000000000007 43067.500000000007 0.47386947318753897 30235.619999999999 44860.000000000007 21638.620000000006 15975.090000000002 0.53643524270196719 46.500000000000007 1.5000000000000002 21544.865000000002 34905.000000000007 39052.500000000007 44810.000000000007 10.500000000000002 1.0000000180025095e-35 11291.755000000001 0.35990952944304383 0.77469010677319972 2.5000000000000004
decision_type=2 2 2 2 2 2 2 2 2 2 2 2 2 2 2 2 2 2 2 2 2 2 2 2 2 2 2 2
left_child=10 2 3 11 8 -5 15 -8 9 -3 18 -2 14 17 -12 -6 -10 -14 19 -1 -21 -16 27 25 -25 -20 -24 -4
right_child=1 4 22 5 6 -7 7 -9 16 -11 12 -13 13 -15 21 -17 -18 -19 23 20 -22 -23 26 24 -26 -27 -28 -29
leaf_value=5.2064824422200529 15.614141464233384 4.4040638143366033 4.3298983256022083 3.5200013160705583 -0.50251725514729817 9.3547607803344714 -4.4386639521672171 2.4731171902743254 4.7164604299208701 -6.1988687515258789 -1.9598686218261721 21.19611206054687 -0.14712263454090455 3.1374399662017822 3.9623743057250991 3.3520865501896027 3.4171039246893553 -1.9225802421569824 -1.2709814634816401 1.0192882333483015 -0.94648961059806891 1.6585296154022213 3.0507825215657536 -1.0962592817548085 -0.77001536253726854 -1.9797750592231751 4.024855821782892 5.4342906951904286
leaf_weight=2.9999999999999991 4.0000000000000027 10.999999999999998 3.0000000000000027 3.9999999999999973 2.9999999999999991 10 12.999999999999998 110 34 3.9999999999999991 2.9999999999999991 3 11.000000000000005 3.9999999999999991 3.9999999999999973 62 77 13.999999999999998 116 6.9999999999999991 129 8 6.0000000000000027 758 99 7.9999999999999991 10.999999999999998 4
leaf_count=3 4 11 3 4 3 10 13 110 34 4 3 3 11 4 4 62 77 14 116 7 129 8 6 758 99 8 11 4
internal_value=0.0237742 3.33918 7.35506 11.1273 2.76366 7.68769 2.23756 1.7426 3.54862 1.57662 -0.998761 18.0064 0.16485 -0.551197 1.54921 3.17418 3.81511 -1.14138 -1.04447 -0.714696 -0.84531 2.42648 4.05437 -1.0912 -1.05857 -1.31671 3.68107 4.96098
internal_weight=1523 359 45 21 314 14 188 123 126 15 1164 7 44 29 15 65 111 25 1120 139 136 12 24 981 857 124 17 7
internal_count=1523 359 45 21 314 14 188 123 126 15 1164 7 44 29 15 65 111 25 1120 139 136 12 24 981 857 124 17 7
is_linear=0
shrinkage=0.05


Tree=23
num_leaves=31
num_cat=0
split_feature=3 2 4 0 3 4 3 4 0 0 4 4 4 5 0 4 0 2 6 8 0 8 0 2 4 4 3 0 6 0
split_gain=1.92824e+06 346369 287427 181578 38236.2 45180.9 38099.1 38012.8 48041.6 36791.1 23050.4 216213 18451.4 26727 18195.4 17751.1 13685.9 13337 13317.4 10815.4 6258.92 28940.1 74594.9 3265.13 2426.84 8464.52 1236.09 1788.55 455.36 343.985
threshold=0.52944424865358208 9097.7000000000025 44810.000000000007 37669.150000000009 0.58324588233956576 47530.000000000007 0.44609644923333708 44860.000000000007 33255.900000000001 36470.950000000004 43672.500000000007 43067.500000000007 48702.000000000007 12.500000000000002 36165.150000000001 48702.000000000007 39525.150000000009 7816.4250000000002 41.500000000000007 2.5000000000000004 33857.950000000004 2.5000000000000004 36936.600000000013 27980.010000000006 43767.500000000007 42595.000000000007 0.78454931070579592 38804.100000000006 47.500000000000007 29756.150000000005
decision_type=2 2 2 2 2 2 2 2 2 2 2 2 2 2 2 2 2 2 2 2 2 2 2 2 2 2 2 2 2 2
left_child=6 2 3 9 5 14 20 8 29 -2 11 -6 18 -14 -3 -7 -12 -5 -9 -10 24 23 -23 -22 25 -1 -4 -28 -26 -8
right_child=1 4 26 17 10 15 7 12 19 -11 16 -13 13 -15 -16 -17 -18 -19 -20 -21 21 22 -24 -25 28 -27 27 -29 -30 -31
leaf_value=-1.1126621193819113 4.0051320552825898 1.4568729241689047 3.2895699501037594 20.136306762695309 3.6013687692037446 -2.9369010607401536 -1.6487932777404783 1.4281633138656618 5.3795539855956971 9.6789489746093764 2.9350645763118095 -5.3847476005554205 2.0848558346430455 -1.4151231718063355 2.9887461026509605 0.90921031634012861 3.8763131233110819 15.919364318847654 -1.6129172325134278 2.1701387087504069 -1.1936013956011438 -0.49604909047484402 4.6249620556831363 -0.8714500317448064 -1.7851879692077639 -0.56052094863939883 4.4569411993026744 3.25145637512207 -1.294354557436566 -2.3260276794433588
leaf_weight=572 4.0000000000000027 36 12.000000000000002 3 41 5.9999999999999982 5 3.9999999999999991 3.0000000000000027 9.9999999999999982 82 7.9999999999999991 12.000000000000002 9.9999999999999982 42 6 73 5 36 21 163 64 7.9999999999999991 152 4.9999999999999991 79 7.9999999999999982 5 86 3
leaf_count=572 4 36 12 3 41 6 5 4 3 10 82 8 12 10 42 6 73 5 36 21 163 64 8 152 5 79 8 5 86 3
internal_value=0.0131147 3.33794 7.32348 11.4916 2.70079 1.84232 -0.913921 0.0532361 1.4528 8.05786 3.07953 2.13425 -0.669118 0.493956 2.28173 -1.01385 3.37836 17.5007 -1.30881 2.57132 -0.994446 -0.831434 0.0729521 -1.03815 -1.07947 -1.04566 3.65551 3.99329 -1.32132 -1.90276
internal_weight=1564 341 47 22 294 90 1223 94 32 14 204 49 62 22 78 12 155 8 40 24 1129 387 72 315 742 651 25 13 91 8
internal_count=1564 341 47 22 294 90 1223 94 32 14 204 49 62 22 78 12 155 8 40 24 1129 387 72 315 742 651 25 13 91 8
is_linear=0
shrinkage=0.05


Tree=24
num_leaves=29
num_cat=0
split_feature=3 3 4 1 4 3 6 4 4 4 1 4 8 0 1 8 4 4 5 6 3 1 0 4 1 3 0 0
split_gain=1.57963e+06 205169 193782 162307 41592.7 29601.7 39844.2 19005.1 179571 17258.9 12966.2 43858 17151.7 36270.9 13106.6 11189.3 7668.42 7036.51 4933.7 2547.7 7495.21 18136.8 3337 18112.2 2686.79 1800.24 504.068 157.491
threshold=0.50782799370680443 0.73336140309315867 44810.000000000007 29320.875000000004 44735.000000000007 0.58600244661095158 57.500000000000007 43672.500000000007 43067.500000000007 43067.500000000007 12517.605000000001 39905.000000000007 2.5000000000000004 36936.600000000013 18999.295000000002 2.5000000000000004 44585.000000000007 48480.000000000007 10.500000000000002 58.500000000000007 0.29731931440691756 9557.2700000000023 35066.950000000004 36662.500000000007 10764.120000000001 0.79036329528215943 34538.350000000013 35707.600000000013
decision_type=2 2 2 2 2 2 2 2 2 2 2 2 2 2 2 2 2 2 2 2 2 2 2 2 2 2 2 2
left_child=10 5 3 4 -3 6 9 8 -7 -2 19 27 14 -14 -13 -8 -9 18 -4 22 26 -22 24 -24 -1 -19 -21 -12
right_child=1 2 17 -5 -6 7 15 16 -10 -11 11 12 13 -15 -16 -17 -18 25 -20 20 21 -23 23 -25 -26 -27 -28 -29
leaf_value=-1.019452305266771 2.9162937222105088 3.9108926500592887 5.1275900840759281 17.114940490722656 8.936101112365721 3.1814534274014559 -2.8708679580688483 3.9998103794298672 -4.9621740341186529 1.49685061564211 3.5676183700561523 -1.1393603165944419 -0.5668308206506677 2.8270564842224122 0.30750291082594128 0.22604387828281947 2.898470196825393 2.468190463383992 3.7196520260402135 -1.0148238165336743 3.1630278110504122 -0.65459320545196542 3.0418520609537762 -0.87422131880081921 -1.3777630379325467 3.5289217631022134 -0.68906375249226892 3.0883745829264315
leaf_weight=637 33 7.0000000000000044 7.9999999999999991 4.9999999999999991 10 44 4.9999999999999982 19 7.9999999999999991 61 3.9999999999999991 120 37 9.9999999999999982 18 7 94 12.000000000000002 28 57 4.0000000000000027 13.999999999999998 2.9999999999999991 187 57 5.9999999999999991 14.999999999999998 3
leaf_count=637 33 7 8 5 10 44 5 19 8 61 4 120 37 10 18 7 94 12 28 57 4 14 3 187 57 6 15 3
internal_value=-0.016879 2.94463 5.24046 9.196 6.8669 2.30078 1.64881 2.71963 1.92859 1.99517 -0.898221 -0.522681 -0.669678 0.155273 -0.950639 -1.06434 3.08365 3.62894 4.03253 -0.972249 -0.718812 0.193767 -0.998051 -0.812389 -1.04888 2.82177 -0.946957 3.36223
internal_weight=1513 347 76 22 17 271 106 165 52 94 1166 192 185 47 138 12 113 54 36 974 90 18 884 190 694 18 72 7
internal_count=1513 347 76 22 17 271 106 165 52 94 1166 192 185 47 138 12 113 54 36 974 90 18 884 190 694 18 72 7
is_linear=0
shrinkage=0.05


Tree=25
num_leaves=28
num_cat=0
split_feature=1 2 4 5 1 4 2 4 4 0 0 5 7 7 0 1 1 4 4 0 8 8 6 6 0 0 2
split_gain=1.46597e+06 246112 188940 178784 46423.9 64280.3 36362.5 31914.7 304199 26014.9 24916.1 24698.7 28452.1 24212.3 24568.4 20407.9 9418.41 31949.2 12788.4 3021.09 40541.1 3659.22 2658.08 1031.7 1021.67 504.953 362.705
threshold=19743.420000000002 9097.7000000000025 44810.000000000007 12.500000000000002 17189.295000000006 43067.500000000007 17314.865000000002 43672.500000000007 43067.500000000007 36543.250000000007 37919.000000000007 13.500000000000002 2.5000000000000004 1.0000000180025095e-35 34049.200000000004 24577.440000000006 12517.605000000001 39905.000000000007 45602.500000000007 37097.850000000013 2.5000000000000004 1.5000000000000002 42.500000000000007 45.500000000000007 38118.600000000013 41664.200000000004 13950.375000000002
decision_type=2 2 2 2 2 2 2 2 2 2 2 2 2 2 2 2 2 2 2 2 2 2 2 2 2 2 2
left_child=4 2 3 10 16 23 7 8 -3 -5 -2 12 -8 -7 -15 -9 19 -18 -19 21 -21 -1 -4 -6 -24 -13 -25
right_child=1 6 22 9 5 13 11 15 -10 -11 -12 25 -14 14 -16 -17 17 18 -20 20 -22 -23 24 26 -26 -27 -28
leaf_value=-0.73881933305646996 11.465917015075682 3.2452453097359077 4.5190604686737021 2.8008489227294913 3.5231029033660861 3.2899115085601807 2.6136799407005307 2.295899760382516 -4.9271729605538503 7.3983597755432129 16.56044769287109 -2.1412595748901366 -0.65274559974670421 3.0393408775329593 -1.02716015118819 3.4023325281235781 3.4164937591552738 -0.11245663206456072 -1.108535758542343 -0.93585935053618075 5.0631045023600265 -1.013848025095174 3.3659238815307613 2.129755274454753 2.6662439584732058 -1.2831283410390215 2.7396778106689457
leaf_weight=143 4 61 4.0000000000000027 5.0000000000000009 4.0000000000000027 3.9999999999999991 20.000000000000004 70 13.999999999999998 7.9999999999999991 6 3.9999999999999991 9.9999999999999982 3.9999999999999991 52 103 4.9999999999999991 59 71 46 2.9999999999999991 784 15.000000000000002 2.9999999999999991 7.9999999999999991 3 12.999999999999998
leaf_count=143 4 61 4 5 4 4 20 70 14 8 6 4 10 4 52 103 5 59 71 46 3 784 15 3 8 3 13
internal_value=0.00861891 2.93068 6.16625 9.49641 -0.813287 0.350027 2.36303 2.58118 1.71973 5.63009 14.5226 0.900857 1.52487 -0.468255 -0.736696 2.95464 -0.897054 -0.505619 -0.656469 -0.951197 -0.568576 -0.971422 3.32945 2.80487 3.12256 -1.77349 2.62532
internal_weight=1526 335 50 23 1191 80 285 248 75 13 10 37 30 60 56 173 1111 135 130 976 49 927 27 20 23 7 16
internal_count=1526 335 50 23 1191 80 285 248 75 13 10 37 30 60 56 173 1111 135 130 976 49 927 27 20 23 7 16
is_linear=0
shrinkage=0.05


Tree=26
num_leaves=30
num_cat=0
split_feature=3 7 4 3 0 4 0 7 4 4 4 4 4 0 1 4 4 7 5 1 1 5 0 8 3 0 5 1 0
split_gain=1.40755e+06 134347 286824 54083.7 50550.7 16146.2 32398.1 16060.5 22167.1 32956 27080.4 15689 39090.3 12421.7 11340.2 35696.2 24828.5 9919.68 5432.55 4418.39 4285.73 3680.45 2921.57 36669.1 3938.65 2305.77 1600.09 1229.89 732.396
threshold=0.5480393548860133 5.5000000000000009 44810.000000000007 0.49891132202463101 37669.150000000009 46250.000000000007 41857.30000000001 4.5000000000000009 42342.500000000007 36090.000000000007 43672.500000000007 43672.500000000007 43067.500000000007 42001.100000000013 12701.890000000001 44860.000000000007 43377.500000000007 1.5000000000000002 12.500000000000002 24916.085000000003 30092.350000000002 11.500000000000002 37097.850000000013 2.5000000000000004 0.2900903471948037 39230.80000000001 10.500000000000002 28821.935000000001 38186.900000000001
decision_type=2 2 2 2 2 2 2 2 2 2 2 2 2 2 2 2 2 2 2 2 2 2 2 2 2 2 2 2 2
left_child=3 7 4 14 18 11 25 8 9 -2 -10 12 -5 27 22 16 -16 -17 -3 -9 -6 -15 24 -24 -1 -7 -21 -4 -13
right_child=1 2 13 5 20 6 -8 19 10 -11 -12 28 -14 21 15 17 -18 -19 -20 26 -22 -23 23 -25 -26 -27 -28 -29 -30
leaf_value=-0.89943269639831946 1.9503804809168768 10.17407093048096 1.8409373283386223 2.0162379741668697 13.389249928792319 -1.1686674753824866 3.0418122100830081 1.8985551357269288 0.92367693926837002 4.8582701110839848 2.4542466842766966 2.7612815856933586 -2.9265803972880047 4.9293057032993843 0.27098300868067249 -0.22896206545275311 3.588766588483538 -1.1488978963831198 7.7019021987915028 4.3288620540073941 16.061868286132807 3.43446123123169 -0.91196000462486637 4.8099491119384767 -1.184492135402206 -2.5078366851806644 3.4836834226335798 2.5917379220326744 2.094446563720703
leaf_weight=794 19 3.9999999999999982 10.000000000000002 12.000000000000002 2.9999999999999991 9.0000000000000018 4.9999999999999991 3.9999999999999991 37 20 132 10.000000000000002 5.9999999999999991 7.0000000000000027 29 43 6.9999999999999991 92 5 6.9999999999999991 3 9.9999999999999982 42 2.9999999999999991 143 4.9999999999999991 28 11.999999999999998 6.9999999999999991
leaf_count=794 19 4 10 12 3 9 5 4 37 20 132 10 6 7 29 43 7 92 5 7 3 10 42 3 143 5 28 12 7
internal_value=-0.0233353 3.03561 5.2948 -0.78617 11.1706 0.760392 -0.413059 2.54169 2.36711 3.44161 2.11915 1.39741 0.368632 3.03487 -0.858602 -0.482831 0.916108 -0.855881 8.80064 3.4728 14.7256 4.04999 -0.924037 -0.530499 -0.942937 -1.64694 3.65272 2.25046 2.4867
internal_weight=1508 301 54 1207 15 54 19 247 208 39 169 35 18 39 1153 171 36 135 9 39 6 17 982 45 937 14 35 22 17
internal_count=1508 301 54 1207 15 54 19 247 208 39 169 35 18 39 1153 171 36 135 9 39 6 17 982 45 937 14 35 22 17
is_linear=0
shrinkage=0.05


Tree=27
num_leaves=30
num_cat=0
split_feature=1 2 4 6 1 2 4 5 4 0 7 1 4 4 7 0 1 4 4 4 4 5 6 2 0 8 2 1 4
split_gain=1.20015e+06 253689 176082 116365 48101.8 43424.4 39904.4 34682.1 50810.9 26156.6 22760.3 17337.2 16532.4 13675.5 11412.5 11845.5 8034.88 37046.1 37031 7017.16 6001.23 2484.74 1994.82 10434.5 2315.32 1710.01 887.12 494.818 149.265
threshold=19996.755000000005 9097.7000000000025 44810.000000000007 50.500000000000007 18081.579999999998 13567.885000000002 43067.500000000007 13.500000000000002 47530.000000000007 36470.950000000004 1.0000000180025095e-35 30235.619999999999 43672.500000000007 42342.500000000007 4.5000000000000009 33014.150000000001 12701.890000000001 44860.000000000007 43377.500000000007 48480.000000000007 45602.500000000007 11.500000000000002 59.500000000000007 21106.780000000002 34611.400000000001 2.5000000000000004 7816.4250000000002 19518.455000000005 42782.500000000007
decision_type=2 2 2 2 2 2 2 2 2 2 2 2 2 2 2 2 2 2 2 2 2 2 2 2 2 2 2 2 2
left_child=4 2 3 11 16 14 27 13 -9 -5 -8 -2 -12 -7 15 -3 22 18 -18 -16 -19 25 24 -24 -1 -4 -23 28 -6
right_child=1 5 21 9 6 7 10 8 -10 -11 12 -13 -14 -15 19 -17 17 20 -20 -21 -22 26 23 -25 -26 -27 -28 -29 -30
leaf_value=-0.90442265619552842 12.099553353445867 5.611876932779948 3.0461585044860828 2.784709334373475 2.9423674265543571 2.8602670768211631 3.0332672500610354 2.1341653823852531 -2.4670525789260864 7.8531942640032071 -2.9662417411804203 16.6426284790039 -0.15167525768280032 1.6212931240598363 3.8474746823310855 2.4197532023153001 0.32946611917935886 -0.073048582077026372 5.0279934692382815 2.0998068400791712 -1.025981331122549 3.2952279408772798 1.2550023828233992 -0.85968891961233962 -0.72205959749428228 4.239894803365071 2.2675632068089073 1.9247013092041017 2.5510977818415714
leaf_weight=706 7.0000000000000018 2.9999999999999991 6.0000000000000018 3.9999999999999982 3.0000000000000044 29 4.9999999999999991 12.000000000000002 11.999999999999998 7 5.9999999999999991 3 40 96 32 93 26.000000000000004 20 4.9999999999999991 6.9999999999999991 95 2.9999999999999982 6.9999999999999991 35 231 6 7 2.9999999999999991 13
leaf_count=706 7 3 6 4 3 29 5 12 12 7 6 3 40 96 32 93 26 20 5 7 95 3 7 35 231 6 7 3 13
internal_value=0.0208414 2.70489 6.28397 9.55886 -0.713622 2.16299 0.558105 1.57448 -0.166444 6.01011 -0.170551 13.4625 -0.518793 1.90874 2.81252 2.51951 -0.792751 -0.446734 1.08729 3.53379 -0.860254 3.15795 -0.844354 -0.50724 -0.859464 3.64303 2.57586 2.51397 2.62446
internal_weight=1522 327 43 21 1195 284 70 149 24 11 51 10 46 125 135 96 1125 146 31 39 115 22 979 42 937 12 10 19 16
internal_count=1522 327 43 21 1195 284 70 149 24 11 51 10 46 125 135 96 1125 146 31 39 115 22 979 42 937 12 10 19 16
is_linear=0
shrinkage=0.05


Tree=28
num_leaves=31
num_cat=0
split_feature=3 2 4 6 3 4 4 4 4 3 4 0 0 3 6 0 0 7 0 3 4 6 5 4 4 3 3 0 5 0
split_gain=1.11315e+06 192814 152610 114660 26849.6 38756.7 92375.7 24434.5 120157 19682.8 36734.2 59677.9 19190.1 17121.8 15021.7 12908 10289.1 7897.53 7572.9 3330.19 40327.9 7247.27 6950.95 3074.37 10451.3 2864.38 869.465 724.29 387.729 351.777
threshold=0.52944424865358208 9097.7000000000025 44810.000000000007 50.500000000000007 0.6252767959826161 43067.500000000007 43672.500000000007 43672.500000000007 43067.500000000007 0.41097092970174381 44860.000000000007 32135.550000000007 36470.950000000004 0.79036329528215943 41.500000000000007 44829.950000000004 34443.30000000001 1.5000000000000002 44829.950000000004 0.32047167152894518 39497.500000000007 47.500000000000007 12.500000000000002 34325.000000000007 36372.500000000007 0.78454931070579592 0.49891132202463101 36894.950000000004 13.500000000000002 34935.30000000001
decision_type=2 2 2 2 2 2 2 2 2 2 2 2 2 2 2 2 2 2 2 2 2 2 2 2 2 2 2 2 2 2
left_child=9 2 3 13 5 17 -7 8 -6 19 11 26 -5 -2 -12 -16 -13 -3 -9 23 22 -22 -21 29 -25 28 -11 -27 -4 -1
right_child=1 4 25 12 7 6 -8 18 -10 10 14 16 -14 -15 15 -17 -18 -19 -20 20 21 -23 -24 24 -26 27 -28 -29 -30 -31
leaf_value=-1.0312966804703076 11.263934071858721 1.8723738486950214 2.475656147003173 2.6454739570617676 3.2538780570030208 -3.6464764785766608 1.4777277606807344 2.6835769054109018 -5.0431053161621096 -1.3403527927398682 2.0043212890625002 4.4173652648925756 6.7431999588012701 15.890194702148433 -0.92681902100058167 2.4102938969930015 2.0423012909136324 3.0299915566163906 4.1191143989562988 1.4064501626150951 -0.24963468421589244 -1.0196724393367766 4.0192700624465934 -0.060906946659088135 -0.8221908871385688 2.668142064412435 -2.3108786900838214 3.5446047696200282 1.8275512377421064 -1.5794535636901856
leaf_weight=120 6.0000000000000018 26 10.000000000000002 3.9999999999999991 16.000000000000004 9.9999999999999982 73 113 5.9999999999999991 9.9999999999999982 4.9999999999999991 6.0000000000000027 9.9999999999999982 3 85 2.9999999999999991 19 34 9.9999999999999982 6.9999999999999982 44 100 4 48 742 2.9999999999999991 2.9999999999999991 10.999999999999998 2.9999999999999991 2.9999999999999991
leaf_count=120 6 26 10 4 16 10 73 113 6 10 5 6 10 3 85 3 19 34 10 7 44 100 4 48 742 3 3 11 3 3
internal_value=0.00961905 2.54394 5.41005 8.40296 2.04635 1.56022 0.860354 2.52578 0.991064 -0.70481 -0.126377 1.18347 5.57242 12.806 -0.661582 -0.813054 2.61232 2.52836 2.80029 -0.77576 -0.561477 -0.784383 2.35657 -0.812139 -0.775936 2.86053 -1.56432 3.35679 2.32609 -1.04467
internal_weight=1537 338 50 23 288 143 83 145 22 1199 131 38 14 9 93 88 25 60 123 1068 155 144 11 913 790 27 13 14 13 123
internal_count=1537 338 50 23 288 143 83 145 22 1199 131 38 14 9 93 88 25 60 123 1068 155 144 11 913 790 27 13 14 13 123
is_linear=0
shrinkage=0.05


Tree=29
num_leaves=31
num_cat=0
split_feature=3 2 4 6 3 4 4 4 4 1 1 2 4 3 0 6 6 1 6 4 7 0 8 1 4 6 4 2 0 7
split_gain=967909 144909 116777 102961 33560.4 31383.7 124644 24167.9 84132.6 23844.3 12183.9 11958.1 32677 24974.8 15736 12614.8 8258.22 6949.57 6557.16 4770.09 2508.94 4119.1 16592.3 3275.29 2174.31 1744.64 1650.7 1303.34 1054.65 481.203
threshold=0.51780028435064984 9097.7000000000025 44810.000000000007 52.500000000000007 0.6252767959826161 43672.500000000007 43067.500000000007 43067.500000000007 43672.500000000007 30092.350000000002 28421.800000000003 22456.435000000001 39052.500000000007 0.29731931440691756 41387.30000000001 57.500000000000007 42.500000000000007 14286.970000000005 46.500000000000007 36090.000000000007 1.0000000180025095e-35 35066.950000000004 2.5000000000000004 10986.385000000002 42595.000000000007 42.500000000000007 42977.500000000007 25852.490000000002 38118.600000000013 5.5000000000000009
decision_type=2 2 2 2 2 2 2 2 2 2 2 2 2 2 2 2 2 2 2 2 2 2 2 2 2 2 2 2 2 2
left_child=11 2 3 9 7 6 -6 19 -9 -2 -5 12 13 29 17 -16 -7 -14 -15 -3 23 24 -23 27 -22 -4 -25 -13 -27 -1
right_child=1 4 25 10 5 16 -8 8 -10 -11 -12 20 14 18 15 -17 -18 -19 -20 -21 21 22 -24 26 -26 28 -28 -29 -30 -31
leaf_value=-1.0803890228271478 9.2992101033528609 1.4641267564561633 3.731491327285763 3.2636838793754586 3.1438197255134579 3.7086316426595056 -4.8556273324149002 -3.4835819053649901 1.3742121591800598 14.282968711853025 7.000083669026691 -0.64607488238593436 -0.8743021746014441 0.80789731343587246 2.8052488962809252 -1.1657039324442542 2.5526111305306811 -0.25835987682073885 3.4731530761718754 2.440533821757247 -0.86553508413605573 -0.6921052560210228 0.89551164044274223 -1.8890301337608919 -0.64188250991660112 2.8221154212951656 -1.0922332543593187 -1.0337673643360967 2.1321472406387332 -0.30482225418090814
leaf_weight=4.0000000000000018 6.0000000000000018 18 4.0000000000000027 7.9999999999999982 16.000000000000004 18 6.9999999999999991 9.9999999999999982 82 4 3 41 129 2.9999999999999991 5.9999999999999982 3 109 71 9.9999999999999982 41 463 192 18 13.000000000000002 142 18.000000000000004 12.999999999999998 46 7.9999999999999991 4
leaf_count=4 6 18 4 8 16 18 7 10 82 4 3 41 129 3 6 3 109 71 10 41 463 192 18 13 142 18 13 46 8 4
internal_value=0.000497951 2.29655 4.76114 7.6208 1.87896 2.40868 0.709205 1.35275 0.846191 11.2927 4.2827 -0.697438 -0.374695 1.50545 -0.563608 1.4816 2.71646 -0.655643 2.85809 2.14265 -0.777429 -0.746816 -0.556024 -0.998219 -0.813041 2.75937 -1.49063 -0.851062 2.60982 -0.692606
internal_weight=1510 352 51 21 301 150 23 151 92 10 11 1158 230 21 209 9 127 200 13 59 928 815 210 113 605 30 26 87 26 8
internal_count=1510 352 51 21 301 150 23 151 92 10 11 1158 230 21 209 9 127 200 13 59 928 815 210 113 605 30 26 87 26 8
is_linear=0
shrinkage=0.05


Tree=30
num_leaves=29
num_cat=0
split_feature=3 3 4 0 3 4 7 0 7 1 8 0 7 6 0 4 0 1 4 6 6 8 7 0 4 4 4 1
split_gain=898584 127732 165657 70969.3 21313.1 32251.9 20727.7 14691.4 14260.3 11101.4 34763.6 24536.8 22812.9 10996.5 10723.6 9431.44 7607.81 6202.45 4192.81 3660.72 2119.44 2074.51 2865.81 2814.34 2767.49 1947.33 1206.48 1.75983
threshold=0.52944424865358208 0.74864890710954224 44810.000000000007 37669.150000000009 0.58324588233956576 47530.000000000007 2.5000000000000004 36417.600000000006 4.5000000000000009 12517.605000000001 2.5000000000000004 33857.950000000004 1.0000000180025095e-35 53.500000000000007 44829.950000000004 42342.500000000007 42928.80000000001 30235.619999999999 48480.000000000007 43.500000000000007 42.500000000000007 1.5000000000000002 1.0000000180025095e-35 36470.950000000004 42977.500000000007 48480.000000000007 47072.500000000007 7697.0350000000026
decision_type=2 2 2 2 2 2 2 2 2 2 2 2 2 2 2 2 2 2 2 2 2 2 2 2 2 2 2 2
left_child=9 4 3 13 5 7 -7 -2 15 21 14 19 -13 -3 16 -6 -11 -5 -10 -12 -4 22 27 24 -23 -22 -24 -1
right_child=1 2 20 17 8 6 -8 -9 18 10 11 12 -14 -15 -16 -17 -18 -19 -20 -21 25 23 26 -25 -26 -27 -28 -29
leaf_value=-1.0193532784779868 0.81286734667691318 7.9596096801757756 3.5578366088867188 11.08665288289388 2.7803865927916309 -0.029919420679410298 -4.6765700658162439 2.2463045942477691 3.2916513601938884 -0.7511171054840089 0.68713970184326101 -0.39821873392377583 2.0335444111977856 4.9705210566520694 2.2078060150146483 1.7410401279435437 -2.9626172065734866 14.301838429768877 1.3213132858276369 -1.2261600112915039 2.7361491998036702 -0.72561212739354186 -0.3841748119616995 0.76236483256022147 -0.96271963727240473 1.994135413851057 -0.68029472018187898 -0.99571696008954724
leaf_weight=18 33 5.0000000000000027 4.9999999999999991 2.9999999999999991 26 11.999999999999998 2.9999999999999991 39 27.000000000000004 140 3.0000000000000027 13.999999999999998 31 7.9999999999999991 2.9999999999999991 136 3.9999999999999991 3 2.9999999999999991 14.999999999999998 24 629 98 2.9999999999999991 153 13.999999999999998 53 13.999999999999998
leaf_count=18 33 5 5 3 26 12 3 39 27 140 3 14 31 8 3 136 4 3 3 15 24 629 98 3 153 14 53 14
internal_value=-0.00500833 2.25529 4.3081 8.19619 1.79911 1.14991 -0.95925 1.58931 2.09328 -0.659305 -0.32976 0.652918 1.277 6.12017 -0.750908 1.90785 -0.812548 12.6942 3.09462 -0.907277 2.59011 -0.730798 -0.579198 -0.766139 -0.772003 2.46278 -0.488111 -1.00901
internal_weight=1519 341 62 19 279 87 15 72 192 1178 210 63 45 13 147 162 144 6 30 18 43 968 183 785 782 38 151 32
internal_count=1519 341 62 19 279 87 15 72 192 1178 210 63 45 13 147 162 144 6 30 18 43 968 183 785 782 38 151 32
is_linear=0
shrinkage=0.05


Tree=31
num_leaves=31
num_cat=0
split_feature=3 2 7 8 0 3 8 6 0 0 7 1 8 0 0 5 7 6 8 0 0 6 2 5 3 8 5 0 1 0
split_gain=819116 134279 66608.6 105194 56048.2 27887.8 22187.5 16355.5 13655.5 16762.1 13422.8 12061.6 31317.3 19722.3 11477.9 15256.8 9862.54 4261.62 3785.82 3288.76 2230.45 2603.89 23986.1 2200.57 1846.02 1671.3 1005.75 679.846 68.1244 79.2312
threshold=0.51780028435064984 9097.7000000000025 5.5000000000000009 2.5000000000000004 37669.150000000009 0.60810712338595174 3.5000000000000004 58.500000000000007 39525.150000000009 37669.150000000009 1.5000000000000002 12517.605000000001 2.5000000000000004 33857.950000000004 41387.30000000001 11.500000000000002 1.0000000180025095e-35 42.500000000000007 2.5000000000000004 36659.200000000004 26601.000000000004 58.500000000000007 21106.780000000002 10.500000000000002 0.35990952944304383 2.5000000000000004 10.500000000000002 38804.100000000006 5174.3000000000002 26301.550000000003
decision_type=2 2 2 2 2 2 2 2 2 2 2 2 2 2 2 2 2 2 2 2 2 2 2 2 2 2 2 2 2 2
left_child=11 2 19 27 -5 6 7 -3 9 -7 -8 20 14 17 23 -16 -15 -14 -10 25 28 24 -23 -13 -22 -2 -21 -4 29 -1
right_child=1 5 3 4 -6 8 10 -9 18 -11 -12 12 13 16 15 -17 -18 -19 -20 26 21 22 -24 -25 -26 -27 -28 -29 -30 -31
leaf_value=-0.85477934470543504 3.0778469085693345 1.1549622755606197 1.5298595110575346 5.9156863530476862 11.667554950714113 2.4134568443103714 1.215077629089355 -0.72712897520798903 2.597847658490378 1.0433151547501727 3.6135408844266621 -1.1543196368861843 0.8703954378763834 0.047384910583496094 1.6301667213439939 -0.84217672348022465 1.8766519938196458 -1.25561073476618 3.8235345567975729 4.0148283640543632 -0.65645652492953688 2.2233069002628327 -0.67569942501458258 -0.68891051551442084 -1.0386364922379003 1.7322691059112547 2.9206057412283761 2.4294931956699912 -0.97747172442349517 -0.62885202765464787
leaf_weight=130 3.0000000000000009 103 3.0000000000000018 9.0000000000000018 7.9999999999999991 49 10.000000000000002 12.999999999999998 63 41 13.999999999999998 37 2.9999999999999991 9.9999999999999982 12.000000000000002 12.999999999999998 28 10.999999999999998 6.9999999999999991 2.9999999999999982 743 7.9999999999999991 66 81 33 10 7 7 10.999999999999998 3.9999999999999991
leaf_count=130 3 103 3 9 8 49 10 13 63 41 14 37 3 10 12 13 28 11 7 3 743 8 66 81 33 10 7 7 11 4
internal_value=0.0192446 2.14553 4.54445 6.2288 8.62245 1.74571 1.23035 0.944038 2.19665 1.78928 2.61418 -0.606134 -0.246555 0.804223 -0.628656 0.344548 1.39527 -0.800038 2.72042 2.56717 -0.676604 -0.645685 -0.362293 -0.834844 -0.672709 2.04279 3.24887 2.1596 -0.857855 -0.848035
internal_weight=1540 350 50 27 17 300 140 116 160 90 24 1190 195 52 143 25 38 14 70 23 995 850 74 118 776 13 10 10 145 134
internal_count=1540 350 50 27 17 300 140 116 160 90 24 1190 195 52 143 25 38 14 70 23 995 850 74 118 776 13 10 10 145 134
is_linear=0
shrinkage=0.05


Tree=32
num_leaves=31
num_cat=0
split_feature=3 2 4 6 1 7 0 4 4 1 4 0 4 6 4 0 0 2 4 6 0 1 7 1 7 0 0 3 6 1
split_gain=682359 97491.8 69705.7 70708 28565.4 18922.3 18373.8 23192.4 185734 15875.2 21158 13106.4 10795.8 10513.4 20477.9 11482.9 9139.1 6059.61 38617.3 19741 9134.98 3844.38 3124.9 2405.05 2306.35 4400.35 3103.39 1807.97 1242.74 574.083
threshold=0.5480393548860133 9097.7000000000025 44810.000000000007 52.500000000000007 18999.295000000002 1.5000000000000002 40031.05000000001 43067.500000000007 43672.500000000007 19743.420000000002 47985.000000000007 36543.250000000007 36090.000000000007 55.500000000000007 47530.000000000007 39600.850000000006 37919.000000000007 21544.865000000002 37740.000000000007 44.500000000000007 33255.900000000001 32508.675000000003 2.5000000000000004 24916.085000000003 1.0000000180025095e-35 34611.400000000001 35739.80000000001 0.78454931070579592 42.500000000000007 28964.305000000004
decision_type=2 2 2 2 2 2 2 2 2 2 2 2 2 2 2 2 2 2 2 2 2 2 2 2 2 2 2 2 2 2
left_child=4 2 3 16 17 13 7 12 -9 22 -11 -5 -3 15 -15 -6 -2 18 19 -1 -20 23 -7 -8 26 -26 -19 29 -23 -4
right_child=1 6 27 11 5 9 21 8 -10 10 -12 -13 -14 14 -16 -17 -18 24 20 -21 -22 28 -24 -25 25 -27 -28 -29 -30 -31
leaf_value=-1.1090152263641357 7.8374266052246062 1.2353658702638415 2.0968132734298695 2.0037612438201911 1.10941538129534 -2.0864726490444609 0.8409653504689536 -4.5799717536339397 1.7144665763157758 1.8177333883675075 -1.1935280895233153 5.3086083571116127 2.6889202226292004 2.2706174373626715 -1.4324754306248255 4.0902833302815749 10.860521392822264 -0.64261145750578086 -0.81074049643107837 3.5744085099962022 -0.015299635150215844 4.0101904551188108 -0.67790427889142724 2.3030948426988389 -0.69768728793227086 -0.45355536833462157 -1.1495216314609233 2.746588545579177 2.8887912341526576 1.2857623418172202
leaf_weight=2.9999999999999991 5.0000000000000018 18 8.0000000000000018 5.9999999999999982 7.0000000000000018 8.9999999999999982 2.9999999999999991 12.999999999999998 119 14.000000000000002 9.9999999999999982 6 44 7.9999999999999982 7 6 5 72 105 8.9999999999999982 55 3.0000000000000027 6.9999999999999991 45 619 263 52 12.999999999999998 13.999999999999998 2.9999999999999991
leaf_count=3 5 18 8 6 7 9 3 13 119 14 10 6 44 8 7 6 5 72 105 9 55 3 7 45 619 263 52 13 14 3
internal_value=-0.0299938 2.08973 4.2109 6.24382 -0.548867 0.447568 1.713 1.46923 1.09456 -0.250265 0.563041 3.65618 2.26692 1.44447 0.542507 2.4852 9.34897 -0.606386 -0.332131 2.40355 -0.537308 2.44055 -1.47022 2.21171 -0.653277 -0.624891 -0.855187 2.34739 3.08669 1.87562
internal_weight=1551 305 46 22 1246 68 259 194 132 40 24 12 62 28 15 13 10 1178 172 12 160 65 16 48 1006 882 124 24 17 11
internal_count=1551 305 46 22 1246 68 259 194 132 40 24 12 62 28 15 13 10 1178 172 12 160 65 16 48 1006 882 124 24 17 11
is_linear=0
shrinkage=0.05


Tree=33
num_leaves=29
num_cat=0
split_feature=3 2 4 5 4 3 4 4 4 4 1 5 7 4 3 4 6 4 1 1 4 1 2 5 3 1 2 5
split_gain=666184 121161 94260.9 71029 29600.1 17735.1 25065.5 73870.6 20355.4 106120 17150.1 10955.5 15558.3 25093.8 8270.13 6483.78 6175.03 6156.01 22384.2 5154.55 4682.43 4517.3 3862.79 1469.77 686.118 560.649 444.12 291.658
threshold=0.53840417263619134 9097.7000000000025 44810.000000000007 11.500000000000002 44735.000000000007 0.6252767959826161 43067.500000000007 43672.500000000007 43672.500000000007 43067.500000000007 19263.970000000005 13.500000000000002 2.5000000000000004 47985.000000000007 0.52944424865358208 36090.000000000007 46.500000000000007 46250.000000000007 14286.970000000005 30235.619999999999 48944.500000000007 19178.845000000005 20118.740000000002 11.500000000000002 0.79036329528215943 20176.085000000003 20481.835000000003 10.500000000000002
decision_type=2 2 2 2 2 2 2 2 2 2 2 2 2 2 2 2 2 2 2 2 2 2 2 2 2 2 2 2
left_child=10 2 3 19 -5 6 15 -8 9 -7 14 12 22 -14 17 -3 -10 18 -1 -2 -19 -16 -12 27 -25 -13 -27 -4
right_child=1 5 23 4 -6 8 7 -9 16 -11 11 25 13 -15 21 -17 -18 20 -20 -21 -22 -23 -24 24 -26 26 -28 -29
leaf_value=-0.56866889483247751 9.7186193466186488 1.0803255399068197 2.8928384462992338 1.6528678321838379 6.3645660591125477 2.6924841192033551 -3.6778353373209636 1.1600564374588431 2.6768286887635577 -4.5627825055803575 1.2251523929834358 -0.4951409339904787 1.6440939017704559 -2.7624751091003414 2.6097108840942385 2.2952256039875309 1.9595741099621877 -0.8897101711219465 0.75774190064632529 12.460342407226559 -0.26567714708192008 0.043054342269897454 2.6992019295692447 1.6800152254104614 2.5421607335408529 -1.7624600410461424 -0.90211168924967433 2.3998390356699626
leaf_weight=880 4.0000000000000009 14.999999999999998 6.0000000000000018 4.9999999999999991 10 18.000000000000004 8.9999999999999982 64 47 6.9999999999999991 10.000000000000005 2.9999999999999982 6.9999999999999982 6 2.9999999999999991 41 83 213 33 3 35 4 7.9999999999999991 9.9999999999999982 2.9999999999999991 3 3 6
leaf_count=880 4 15 6 5 10 18 9 64 47 7 10 3 7 6 3 41 83 213 33 3 35 4 8 10 3 3 3 6
internal_value=0.00900085 1.99632 4.34783 6.7348 4.794 1.60716 1.17405 0.563604 1.96762 0.661009 -0.535537 0.482495 0.928353 -0.389707 -0.570401 1.96981 2.21889 -0.580732 -0.520726 10.8936 -0.801641 1.14305 1.88029 2.24731 1.87897 -1.05324 -1.33229 2.64634
internal_weight=1539 331 47 22 15 284 129 73 155 25 1208 40 31 13 1168 56 130 1161 913 7 248 7 18 25 13 9 6 12
internal_count=1539 331 47 22 15 284 129 73 155 25 1208 40 31 13 1168 56 130 1161 913 7 248 7 18 25 13 9 6 12
is_linear=0
shrinkage=0.05


Tree=34
num_leaves=31
num_cat=0
split_feature=3 3 4 5 4 4 4 3 4 4 1 1 8 2 7 4 5 6 4 3 2 4 4 6 8 2 1 6 5 3
split_gain=567151 84171 61546.7 47887.7 17747.3 44443.4 127919 21824.7 21511.1 7415.15 7352.78 5604.51 23811.4 19167.8 13188.7 6620.63 9541.45 4095.16 2381.46 2312 2249.7 2027.02 6660.42 11339.4 2243.91 1524.35 871.735 778.411 682.175 578.067
threshold=0.50782799370680443 0.73554611936904657 44810.000000000007 12.500000000000002 40095.000000000007 43672.500000000007 43067.500000000007 0.60810712338595174 36090.000000000007 44735.000000000007 30092.350000000002 12517.605000000001 2.5000000000000004 18542.565000000006 1.0000000180025095e-35 48702.000000000007 11.500000000000002 42.500000000000007 48480.000000000007 0.44980874325871745 15257.900000000003 33577.500000000007 36372.500000000007 58.500000000000007 1.5000000000000002 24111.210000000003 10432.410000000002 41.500000000000007 10.500000000000002 0.60810712338595174
decision_type=2 2 2 2 2 2 2 2 2 2 2 2 2 2 2 2 2 2 2 2 2 2 2 2 2 2 2 2 2 2
left_child=11 4 3 10 8 6 -6 -7 29 -5 -3 21 15 28 -15 19 -17 27 -19 -13 -10 25 23 -23 -24 -1 -27 -4 -14 -2
right_child=1 2 17 9 5 7 -8 -9 20 -11 -12 12 13 14 -16 16 -18 18 -20 -21 -22 22 24 -25 -26 26 -28 -29 -30 -31
leaf_value=0.30757703781127932 0.89379202886061204 7.2013100941975914 3.7939018249511713 2.2083643913269042 1.5649411018078145 0.95170583055289681 -3.5307840453253854 2.0214547084870742 3.0892934036254873 4.5336344599723812 10.232972462972002 -0.69630003324369105 -1.6401934623718262 -0.38021936416625979 1.8405208688515886 1.1125877896944683 -0.67080301910638818 2.3221773020426433 1.5324197905404229 -1.2542617003122967 4.2142175197601324 -0.2980777027665592 -0.45667462847875745 1.9799671550591786 -0.65811509596144779 -0.80668286997079852 -1.5594295501708986 2.8074871540069575 -0.78052880764007571 1.5039066155751548
leaf_weight=2.9999999999999991 11.000000000000002 6 4 5.9999999999999991 39 86 18 107 10.000000000000002 8 3 82 2.9999999999999991 8.9999999999999982 26 11.999999999999998 20 30 13.999999999999998 24 7.9999999999999991 61 178 5.9999999999999991 619 100 3.9999999999999991 4 9.9999999999999982 5.9999999999999991
leaf_count=3 11 6 4 6 39 86 18 107 10 8 3 82 3 9 26 12 20 30 14 24 8 61 178 6 619 100 4 4 10 6
internal_value=-0.0108584 1.72232 3.21268 5.36635 1.33011 1.18248 -0.0442353 1.54478 2.38462 3.53709 8.21186 -0.550135 -0.2987 0.660535 1.26947 -0.632347 -0.00203147 2.26009 2.07089 -0.822631 3.58926 -0.598298 -0.572875 -0.0940737 -0.613126 -0.803582 -0.835635 3.30069 -0.978913 1.10913
internal_weight=1517 360 75 23 285 250 57 193 35 14 9 1157 186 48 35 138 32 52 44 106 18 971 864 67 797 107 104 8 13 17
internal_count=1517 360 75 23 285 250 57 193 35 14 9 1157 186 48 35 138 32 52 44 106 18 971 864 67 797 107 104 8 13 17
is_linear=0
shrinkage=0.05


Tree=35
num_leaves=31
num_cat=0
split_feature=3 7 4 0 3 4 0 4 4 0 0 8 4 3 0 1 4 5 1 6 1 0 4 1 4 0 4 1 1 1
split_gain=553077 88137.4 131289 39471.6 17644 18641.9 27060.7 15558.8 142469 15408.5 18895.6 14258.2 14223.7 21058.4 8738.81 5932.36 5670.85 5071.68 3213.66 2897.5 2812.3 2661.71 2412.26 17432.6 19048.2 6822.4 3809.66 917.746 861.918 151.07
threshold=0.53840417263619134 5.5000000000000009 44810.000000000007 37669.150000000009 0.44609644923333708 44860.000000000007 33255.900000000001 43672.500000000007 43067.500000000007 39600.850000000006 40031.05000000001 2.5000000000000004 44585.000000000007 0.58324588233956576 42001.100000000013 30235.619999999999 36090.000000000007 12.500000000000002 24916.085000000003 47.500000000000007 20484.530000000002 39230.80000000001 46250.000000000007 14286.970000000005 43377.500000000007 36936.600000000013 48944.500000000007 15048.260000000004 29320.875000000004 18370.615000000002
decision_type=2 2 2 2 2 2 2 2 2 2 2 2 2 2 2 2 2 2 2 2 2 2 2 2 2 2 2 2 2 2
left_child=4 7 3 17 22 6 27 8 16 21 -11 -8 18 -14 28 -5 -2 -3 -9 -16 -10 -7 23 25 -25 -1 29 -6 -4 -24
right_child=1 2 14 15 5 9 11 12 20 10 -12 -13 13 -15 19 -17 -18 -19 -20 -21 -22 -23 26 24 -26 -27 -28 -29 -30 -31
leaf_value=-0.57037996525865964 1.0325165096082187 6.4874798774719187 1.0245276893888198 8.51323760986328 -1.1802602926890058 -0.97105911444215209 4.3462075233459476 2.0755863263056828 -2.3900849660237631 4.1995829264322868 0.0087286270581758956 1.174257819114193 -0.16782719426684911 1.6651675534642434 3.6278472900390604 11.325676981608069 2.0418733174984274 4.3069528698921209 2.9186242675781253 2.2995016244741584 -4.1171464053067295 -2.5247021357218427 -0.79433890227433102 -0.082725009918212883 4.9568778991699212 0.068769892779263583 -0.18719762631001013 -2.2513263702392572 1.6516925387912327 -0.57233808636665351
leaf_weight=817 19 4.0000000000000027 14.000000000000002 5 5.9999999999999982 34 3.9999999999999991 26 2.9999999999999991 3.0000000000000027 26 31 18 121 6.0000000000000027 3 52 7.9999999999999991 20 12.999999999999998 10.999999999999998 2.9999999999999991 182 5 3 44 31 3 8.9999999999999982 7.9999999999999991
leaf_count=817 19 4 14 5 6 34 4 26 3 3 26 31 18 121 6 3 52 8 20 13 11 3 182 5 3 44 31 3 9 8
internal_value=0.00696753 1.81312 3.51319 6.84744 -0.492735 0.11079 0.907984 1.42274 0.862781 -0.420673 0.442265 1.53677 1.68001 1.4278 1.92546 9.5679 1.77176 5.0338 2.44212 2.71898 -3.74706 -1.09703 -0.553641 -0.516131 1.80713 -0.537717 -0.701138 -1.53728 1.26994 -0.784991
internal_weight=1532 332 62 20 1200 110 44 270 85 66 29 35 185 139 42 8 71 12 46 19 14 37 1090 869 8 861 221 9 23 190
internal_count=1532 332 62 20 1200 110 44 270 85 66 29 35 185 139 42 8 71 12 46 19 14 37 1090 869 8 861 221 9 23 190
is_linear=0
shrinkage=0.05


Tree=36
num_leaves=27
num_cat=0
split_feature=3 2 4 6 3 2 2 4 4 4 4 0 2 0 2 4 4 2 3 4 4 4 6 8 2 5
split_gain=489761 55316.3 41490.8 57535.7 12432.8 11444.1 10527 22279 10012.7 114906 9887.86 8975.37 8212.38 7500.44 3916.28 25565.2 6840.68 3531.21 3460.52 1826.72 8158.3 2734.4 1211.64 745.214 626.623 563.729
threshold=0.52944424865358208 9097.7000000000025 44810.000000000007 53.500000000000007 0.47386947318753897 16907.100000000002 17976.180000000004 48702.000000000007 43672.500000000007 43067.500000000007 44585.000000000007 37919.000000000007 17976.180000000004 38386.200000000004 21544.865000000002 34905.000000000007 39295.000000000007 19243.395000000004 0.76343509847146629 46250.000000000007 42595.000000000007 48702.000000000007 47.500000000000007 2.5000000000000004 7425.0950000000003 13.500000000000002
decision_type=2 2 2 2 2 2 2 2 2 2 2 2 2 2 2 2 2 2 2 2 2 2 2 2 2 2
left_child=4 2 3 11 14 25 8 -8 9 -3 -10 -2 -7 -14 15 -1 -17 -9 -5 20 -16 -21 23 -4 -24 -6
right_child=1 6 22 18 5 12 7 17 10 -11 -12 -13 13 -15 19 16 -18 -19 -20 21 -22 -23 24 -25 -26 -27
leaf_value=3.6783768177032474 6.2207240295410129 1.7855265929148747 1.9396574258804309 0.98983712196350082 -2.2129355112711591 2.5080795478820801 -3.7615941196680085 0.30260998407999667 2.2936255099726659 -3.2918980525090142 1.4834629558854635 9.2166163635253895 -0.67839716275533046 0.84233811807632453 -0.58732269980760765 0.67208711079188754 -0.49340166633129123 2.7285836537679029 3.0696565866470333 -0.77089756269874821 -0.18184984141126181 -0.30841123521327973 2.4040983835856125 2.8207159519195555 1.5961797475814821 -1.2436325709025062
leaf_weight=3.9999999999999991 5.0000000000000018 78 4.0000000000000018 4 2.9999999999999991 4.9999999999999991 2.9999999999999982 3 51 12.999999999999998 144 5 11.999999999999998 25 638 13.999999999999998 125 3 4 159 154 40 2.9999999999999991 6 11.999999999999998 3
leaf_count=4 5 78 4 4 3 5 3 3 51 13 144 5 12 25 638 14 125 3 4 159 154 40 3 6 12 3
internal_value=0.00609395 1.68448 3.35986 5.19026 -0.473849 0.314341 1.44027 -0.243467 1.49325 1.06018 1.69535 7.71867 0.606145 0.349127 -0.507212 -0.262605 -0.376014 1.5156 2.02975 -0.542508 -0.508481 -0.677935 2.04198 2.46829 1.75776 -1.72828
internal_weight=1520 338 43 18 1182 48 295 9 286 91 195 10 42 37 1134 143 139 6 8 991 792 199 25 10 15 6
internal_count=1520 338 43 18 1182 48 295 9 286 91 195 10 42 37 1134 143 139 6 8 991 792 199 25 10 15 6
is_linear=0
shrinkage=0.05


Tree=37
num_leaves=31
num_cat=0
split_feature=3 2 4 6 3 8 0 0 1 6 4 4 1 4 4 7 4 4 0 3 3 3 4 1 6 2 6 0 4 6
split_gain=466502 66504.4 53622.9 64369.9 13008.3 28543 18150.5 17018.4 10674.5 9729.52 9374.83 102407 10049.9 9274.88 6258.78 6046.37 10585.5 5397.63 5330.83 4824.29 2377.15 11704.7 42082.3 2332.95 2058.09 1598.84 1426 1156.35 1489.45 9.20527
threshold=0.5422665043744106 9097.7000000000025 44810.000000000007 53.500000000000007 0.38837557498293923 2.5000000000000004 33857.950000000004 34443.30000000001 30235.619999999999 42.500000000000007 43672.500000000007 43067.500000000007 24916.085000000003 44810.000000000007 36090.000000000007 4.5000000000000009 46250.000000000007 46250.000000000007 36269.80000000001 0.51780028435064984 0.35990952944304383 0.35185847170019641 41785.000000000007 11291.755000000001 41.500000000000007 13236.705000000002 50.500000000000007 36894.950000000004 48480.000000000007 53.500000000000007
decision_type=2 2 2 2 2 2 2 2 2 2 2 2 2 2 2 2 2 2 2 2 2 2 2 2 2 2 2 2 2 2
left_child=4 2 3 8 20 15 9 -8 -2 -7 11 14 13 -12 -3 16 -6 -14 -5 -17 21 23 -23 -1 -22 -13 -26 29 -29 -4
right_child=1 10 27 18 5 6 7 -9 -10 -11 12 25 17 -15 -16 19 -18 -19 -20 -21 24 22 -24 -25 26 -27 -28 28 -30 -31
leaf_value=-0.52084734316725501 6.8546441396077444 0.92510968917294556 1.4462686538696283 0.62290428479512538 1.4464976847171784 2.1467023849487279 4.9636243184407558 1.0714582589539616 10.29856185913086 -0.94178396288086386 1.7819572964230099 -4.3095418930053722 2.778907299041748 0.71333580467436053 1.9972577179471653 -0.89032948811848966 -0.46215023519117626 1.7822555526097617 3.0943898409605026 -2.9932489713033039 -1.7756090736389163 5.3073359012603714 -0.46459250768025717 -0.16312299979229769 -0.36653541765714948 -3.0564312798636299 -0.90457789608410433 2.6078167915344235 1.6701653162638346 1.3389998753865555
leaf_weight=903 9.0000000000000018 19 6.0000000000000018 2.9999999999999991 7.9999999999999991 3.0000000000000027 2.9999999999999991 44 2.9999999999999991 17 37 3.9999999999999982 15.999999999999998 45 48 30 79 90 7.9999999999999991 2.9999999999999991 4.9999999999999991 4.0000000000000027 14.999999999999998 48 19 7 35 8 9 3
leaf_count=903 9 19 6 3 8 3 3 44 3 17 37 4 16 45 48 30 79 90 8 3 5 4 15 48 19 7 35 8 9 3
internal_value=0.01695 1.73178 3.42449 5.1831 -0.42727 -0.0436508 0.783057 1.31989 7.71562 -0.478511 1.41996 0.959132 1.61116 1.19552 1.69322 -0.505229 -0.286642 1.93269 2.42035 -1.0815 -0.496984 -0.478242 0.75055 -0.502792 -0.805126 -3.51211 -0.715267 1.86879 2.11141 1.41051
internal_weight=1531 315 49 23 1216 187 67 47 12 20 266 78 188 82 67 120 87 106 11 33 1029 970 19 951 59 11 54 26 17 9
internal_count=1531 315 49 23 1216 187 67 47 12 20 266 78 188 82 67 120 87 106 11 33 1029 970 19 951 59 11 54 26 17 9
is_linear=0
shrinkage=0.05


Tree=38
num_leaves=27
num_cat=0
split_feature=3 7 4 3 4 1 0 7 6 0 7 4 4 4 6 0 6 1 1 4 0 0 6 4 1 3
split_gain=400391 69843 101482 23202.8 21393.8 19115.8 16281.9 11078.9 24116.2 11167 8809.54 11730 20572.6 18165.9 7787.17 6541.03 5212.25 2620.24 7266.92 2515.95 2253.57 2085.74 2078.33 722.502 525.317 252.221
threshold=0.56458842076783666 5.5000000000000009 44810.000000000007 0.47386947318753897 46250.000000000007 28821.935000000001 33428.55000000001 2.5000000000000004 47.500000000000007 42928.80000000001 4.5000000000000009 42342.500000000007 43672.500000000007 36090.000000000007 51.500000000000007 42001.100000000013 43.500000000000007 19518.455000000005 18999.295000000002 37740.000000000007 37505.850000000006 36568.05000000001 46.500000000000007 44810.000000000007 29621.420000000002 0.49891132202463101
decision_type=2 2 2 2 2 2 2 2 2 2 2 2 2 2 2 2 2 2 2 2 2 2 2 2 2 2
left_child=3 10 5 17 6 21 25 8 -6 -9 11 13 -13 -2 -8 24 -7 18 19 -1 23 -3 -17 -12 -4 -5
right_child=1 2 15 4 7 16 14 9 -10 -11 20 12 -14 -15 -16 22 -18 -19 -20 -21 -22 -23 -24 -25 -26 -27
leaf_value=-0.32332760983064207 0.91668095774948599 5.7651198069254512 0.93772881984710654 -1.2812957763671875 1.4470246060689289 9.7836341857910192 1.7126395656117077 -0.96644462744394932 -1.3435886144638063 -4.3770579655965172 2.3664947060977712 -0.036334219418073958 1.305562811623449 3.1061503410339357 0.56362356861432394 3.1907358169555646 7.2311242421468096 -1.7421339750289917 1.4418206405639649 -0.50616296198696453 0.70819619496663411 4.0974914598464958 2.0886434208263052 1.8983694434165956 1.4642749574449327 -1.9296545664469396
leaf_weight=237 20 3.0000000000000018 10.000000000000002 2.9999999999999991 15.000000000000002 2.9999999999999982 29 11.999999999999998 15.999999999999998 2.9999999999999991 17 38 115 18 30 7.0000000000000027 6 3.9999999999999991 4.9999999999999991 913 2.9999999999999991 5 10.999999999999998 15.999999999999998 8.9999999999999982 3
leaf_count=237 20 3 10 3 15 3 29 12 16 3 17 38 115 18 30 7 6 4 5 913 3 5 11 16 9 3
internal_value=-0.0206153 1.68726 3.30345 -0.398498 0.292089 6.5012 0.876037 -0.533056 0.00670811 -1.64857 1.30279 1.16756 0.972281 1.9538 1.12839 1.83422 8.08196 -0.464637 -0.460213 -0.468483 2.02025 4.72285 2.51723 2.13952 1.18715 -1.60548
internal_weight=1551 281 54 1270 111 17 65 46 31 15 227 191 153 38 59 37 9 1159 1155 1150 36 8 18 33 19 6
internal_count=1551 281 54 1270 111 17 65 46 31 15 227 191 153 38 59 37 9 1159 1155 1150 36 8 18 33 19 6
is_linear=0
shrinkage=0.05


Tree=39
num_leaves=31
num_cat=0
split_feature=1 2 4 0 1 4 2 6 4 0 0 0 4 4 4 5 0 7 0 7 0 6 4 0 8 1 5 1 5 2
split_gain=331275 50010.5 38447.1 32224.2 12566.1 27041.9 11377.8 33203.9 13685.1 13452.8 10248.5 7436.14 12650 5593.65 18557.7 2970.42 2680.81 2605.57 7499.88 2535.92 5313.45 7822.69 5636.98 4417.15 18848.2 3924.15 1602.83 1208.05 361.835 50.0404
threshold=19996.755000000005 9097.7000000000025 44810.000000000007 36858.650000000009 15975.090000000002 46250.000000000007 14817.055000000002 57.500000000000007 47530.000000000007 36568.05000000001 36470.950000000004 33014.150000000001 43672.500000000007 43067.500000000007 43672.500000000007 10.500000000000002 37985.600000000006 1.5000000000000002 39600.850000000006 1.0000000180025095e-35 35789.450000000004 41.500000000000007 42275.000000000007 34829.450000000004 2.5000000000000004 14735.870000000003 10.500000000000002 18632.920000000002 11.500000000000002 7425.0950000000003
decision_type=2 2 2 2 2 2 2 2 2 2 2 2 2 2 2 2 2 2 2 2 2 2 2 2 2 2 2 2 2 2
left_child=4 2 3 10 19 13 11 9 -9 -8 -2 -3 -13 15 -15 -6 -5 18 -7 20 21 -1 -22 25 -25 -21 29 -19 -28 -4
right_child=1 6 26 16 5 17 7 8 -10 -11 -12 12 -14 14 -16 -17 -18 27 -20 23 22 -23 -24 24 -26 -27 28 -29 -30 -31
leaf_value=1.7249069571495057 1.1933187532424918 3.8816306432088221 2.2293560345967585 6.0870471000671378 -0.012733268737792956 -1.1341791889884252 -0.64728757143020632 0.95642148181796083 -2.5039872550964355 1.289143490928343 4.0789539456367496 0.47828104328364135 1.5871944391090453 -2.0089666366577137 1.1615360479056835 1.6600564790808638 7.9176239013671861 -0.67484010085463531 0.71217891953208234 -0.48271474619428867 -1.9748417854309084 -0.52918075697094791 -0.7149462188993182 -0.39758943955372711 0.90802839174866679 0.56794210010104718 1.7752731561660757 -1.288137883406419 1.3158491611480714 2.5181477228800451
leaf_weight=3.9999999999999991 5.0000000000000027 2.9999999999999991 3.0000000000000027 4 3.0000000000000027 11.000000000000002 9.9999999999999982 3.9999999999999991 9.9999999999999982 87 7.9999999999999991 32 131 6.0000000000000027 20 23 4 21 10.999999999999998 709 12.999999999999998 102 28 203 32 8.9999999999999982 6.0000000000000027 12.999999999999998 14.999999999999998 3
leaf_count=4 5 3 3 4 3 11 10 4 10 87 8 32 131 6 20 23 4 21 11 709 13 102 28 203 32 9 6 13 15 3
internal_value=-0.00600464 1.41104 2.90102 4.50557 -0.387247 0.127413 1.15285 0.760977 -1.5153 1.08951 2.96909 1.41489 1.36949 0.948462 0.429882 1.46704 7.00234 -0.63499 -0.211 -0.437778 -0.631077 -0.444121 -1.11443 -0.407961 -0.219803 -0.469545 1.65303 -0.909336 1.44711 2.37375
internal_weight=1533 325 48 21 1208 108 277 111 14 97 13 166 163 52 26 26 8 56 22 1100 147 106 41 953 235 718 27 34 21 6
internal_count=1533 325 48 21 1208 108 277 111 14 97 13 166 163 52 26 26 8 56 22 1100 147 106 41 953 235 718 27 34 21 6
is_linear=0
shrinkage=0.05


Tree=40
num_leaves=22
num_cat=0
split_feature=3 2 4 0 1 1 4 4 7 3 0 3 8 1 4 5 3 0 1 2 5
split_gain=335884 57761.2 46259.1 42108.8 9429.86 9287.83 11348.8 25438.4 10584.1 7474.98 7456.51 7560.62 12020.2 5677.99 3191.72 1226.11 991.178 516.477 494.143 463.568 100.513
threshold=0.5480393548860133 9097.7000000000025 44810.000000000007 36858.650000000009 23069.730000000007 30092.350000000002 42910.000000000007 43672.500000000007 1.5000000000000002 0.7533289663410595 43036.05000000001 0.47386947318753897 2.5000000000000004 30235.619999999999 46250.000000000007 10.500000000000002 0.77469010677319972 38585.55000000001 33352.150000000001 11636.780000000001 12.500000000000002
decision_type=2 2 2 2 2 2 2 2 2 2 2 2 2 2 2 2 2 2 2 2 2
left_child=4 2 3 9 10 6 8 -8 -3 -2 11 14 -13 -5 -1 19 20 -18 -17 -7 -4
right_child=1 5 16 13 -6 15 7 -9 -10 -11 -12 12 -14 -15 -16 18 17 -19 -20 -21 -22
leaf_value=-0.37367013770325874 4.9824573516845652 1.1262325333010768 1.2219848632812491 6.329175513131279 2.4157307942708335 2.2462058067321755 -0.42883686827075096 1.1436284811883572 2.5800439576307936 2.1367775583267212 -2.8806364695231124 -0.56466304610172913 0.69470286712050444 8.929080708821612 -0.5776907636059655 1.7354574309455022 1.9986379814147943 1.4596402525901795 2.4285782496134445 3.0684201558430981 0.83912454446156792
leaf_weight=908 3.0000000000000027 31 4.0000000000000027 6.9999999999999982 2.9999999999999991 4.0000000000000027 31 151 21 9.9999999999999982 2.9999999999999991 36 40 3 243 18.000000000000004 10.000000000000002 7.9999999999999991 2.9999999999999991 3 3
leaf_count=908 3 31 4 7 3 4 31 151 21 10 3 36 40 3 243 18 10 8 3 3 3
internal_value=-0.0142114 1.45702 3.05157 4.66985 -0.384109 1.16489 1.06191 0.875791 1.71335 2.79347 -0.390937 -0.38485 0.0981611 7.10915 -0.416743 2.0255 1.56275 1.75908 1.83447 2.59858 1.0579
internal_weight=1543 310 48 23 1233 262 234 182 52 13 1230 1227 76 10 1151 28 25 18 21 7 7
internal_count=1543 310 48 23 1233 262 234 182 52 13 1230 1227 76 10 1151 28 25 18 21 7 7
is_linear=0
shrinkage=0.05


Tree=41
num_leaves=24
num_cat=0
split_feature=3 7 1 6 6 6 8 1 7 1 2 0 8 2 2 8 7 3 0 7 1 1 1
split_gain=275857 32301.9 15536.1 15847.4 16482.3 11715.2 9171.44 20101.9 25073.1 6542.32 6505.39 6294.47 9072.26 3387.62 4020.43 14973.5 3335.43 3167.47 2019.06 1785.14 784.165 586.969 78.9107
threshold=0.53840417263619134 4.5000000000000009 18999.295000000002 41.500000000000007 42.500000000000007 55.500000000000007 2.5000000000000004 29142.240000000002 5.5000000000000009 27390.094999999998 18933.145000000004 39600.850000000006 3.5000000000000004 16772.995000000003 21544.865000000002 3.5000000000000004 1.5000000000000002 0.7426875271741179 42001.100000000013 1.0000000180025095e-35 15048.260000000004 32508.675000000003 12619.68
decision_type=2 2 2 2 2 2 2 2 2 2 2 2 2 2 2 2 2 2 2 2 2 2 2
left_child=2 10 13 -4 -5 -6 17 9 -9 -8 11 12 -2 20 15 -15 -13 21 -19 -16 22 -3 -1
right_child=1 6 3 4 5 -7 7 8 -10 -11 -12 16 -14 14 19 -17 -18 18 -20 -21 -22 -23 -24
leaf_value=-0.75102828343709283 0.70574244530112651 2.0087693967317275 4.030776786804199 -3.3037165959676109 1.1611082722033774 -0.47385645972357859 0.59222863415876992 1.8313807487487797 7.1424319458007801 2.4747161090373995 -1.0040275573730468 2.2366276814387396 1.5990638243655364 -0.28186204069677523 -0.58375281870849738 1.4943034979013297 1.2824707108159219 1.1409044752950253 1.9919201278686522 -0.38016352675711262 -1.5676982307434084 2.5760465939839681 -0.98512029647827148
leaf_weight=9.0000000000000018 135 19.000000000000004 2.9999999999999991 2.9999999999999991 28 18 6.0000000000000027 3.9999999999999982 5 20 3.9999999999999991 12.999999999999998 36 136 123 12.999999999999998 31 23 9.9999999999999982 864 4.9999999999999991 5.9999999999999991 5.9999999999999991
leaf_count=9 135 19 3 3 28 18 6 4 5 20 4 13 36 136 123 13 31 23 10 864 5 6 6
internal_value=6.97436e-06 1.32541 -0.342314 0.503131 0.287152 0.521339 2.10611 2.7453 4.78196 2.0403 0.993873 1.03104 0.89381 -0.380345 -0.368988 -0.126895 1.56438 1.72039 1.39879 -0.405535 -1.02542 2.14492 -0.844665
internal_weight=1520 312 1208 52 49 46 93 35 9 26 219 215 171 1156 1136 149 44 58 33 987 20 25 15
internal_count=1520 312 1208 52 49 46 93 35 9 26 219 215 171 1156 1136 149 44 58 33 987 20 25 15
is_linear=0
shrinkage=0.05


Tree=42
num_leaves=30
num_cat=0
split_feature=3 2 4 0 1 4 0 0 4 5 0 0 4 4 4 6 1 1 3 3 7 0 6 5 4 4 0 1 1
split_gain=247597 38986 31603.5 43122.7 17304.6 33365.5 22666 24536.7 11247.4 18438.5 14360.1 10373.2 9718.23 22944.6 16592.6 7461.83 4851.43 4255.34 3503.34 14614 2092.39 1885.47 1798.02 1104.72 1076.23 994.532 424.433 358.856 296.721
threshold=0.56458842076783666 9097.7000000000025 44810.000000000007 36858.650000000009 13084.870000000003 46250.000000000007 33255.900000000001 34277.400000000009 48702.000000000007 11.500000000000002 42928.80000000001 40031.05000000001 42342.500000000007 43672.500000000007 36090.000000000007 53.500000000000007 30235.619999999999 13596.725000000002 0.35990952944304383 0.35802752431722962 1.0000000180025095e-35 44829.950000000004 41.500000000000007 11.500000000000002 48480.000000000007 48015.000000000007 40497.450000000004 12908.285 29320.875000000004
decision_type=2 2 2 2 2 2 2 2 2 2 2 2 2 2 2 2 2 2 2 2 2 2 2 2 2 2 2 2 2
left_child=4 2 3 15 18 6 17 -8 10 -10 -7 12 14 -14 -3 -2 -5 -6 19 20 -1 24 -20 26 -13 -23 -4 -24 -25
right_child=1 11 23 16 5 8 7 -9 9 -11 -12 21 13 -15 -16 -17 -18 -19 22 -21 -22 25 27 28 -26 -27 -28 -29 -30
leaf_value=-0.57114179286741673 4.1570554097493444 0.64340572981607347 2.0130017161369316 5.7222767966134214 0.63408780097961381 -0.61537947568628526 3.7874383211135867 0.86442180335521701 1.5195539583178128 -0.67289322804320939 -4.1318571726481119 1.541221719092511 -0.49675598777830604 1.0198742875351314 2.7446876974666825 1.2776596784591676 8.1255053202311185 -1.215093663760594 -1.6771053123474122 2.3230478668212888 -0.35734318569291201 1.6763953208923343 -0.72247700929641734 0.89223067098193709 0.68688615560531618 2.5536516462053571 1.3892524147033689 -0.23031045794487001 1.4664173762003581
leaf_weight=133 3.0000000000000027 21 6.0000000000000018 6.9999999999999982 4.0000000000000027 90 7.9999999999999991 70 17 22 2.9999999999999991 47 32 113 17 8.9999999999999982 3 13.999999999999998 4.9999999999999991 4.9999999999999991 820 5.9999999999999982 50 8.9999999999999982 3.9999999999999991 7 5 3.9999999999999991 2.9999999999999991
leaf_count=133 3 21 6 7 4 90 8 70 17 22 3 47 32 113 17 9 3 14 5 5 820 6 50 9 4 7 5 4 3
internal_value=-0.000468227 1.30992 2.66347 4.0183 -0.307804 0.0858909 0.795147 1.16422 -0.429932 0.282789 -0.728814 1.06332 0.871698 0.68517 1.58345 1.99751 6.44325 -0.804164 -0.396066 -0.373036 -0.387181 1.61123 -0.77001 1.36755 1.47422 2.14876 1.72948 -0.68602 1.03578
internal_weight=1537 292 45 22 1245 228 96 78 132 39 93 247 183 145 38 12 10 18 1017 958 953 64 59 23 51 13 11 54 12
internal_count=1537 292 45 22 1245 228 96 78 132 39 93 247 183 145 38 12 10 18 1017 958 953 64 59 23 51 13 11 54 12
is_linear=0
shrinkage=0.05


Tree=43
num_leaves=31
num_cat=0
split_feature=3 3 4 1 6 1 4 4 4 5 4 0 2 4 0 4 4 1 4 4 2 2 4 4 4 0 0 3 1 0
split_gain=237404 31789.3 47230.9 17820.2 12671.5 11108.4 9603.96 14782.1 11259.4 5904.16 11874.7 20737.7 12039.8 6885.13 11778.3 4918.67 6335.28 3829.23 15743.5 18985.4 3693.44 3119.57 2452.62 2175.52 1492.52 1264.08 736.952 533.887 54.2923 27.9573
threshold=0.56458842076783666 0.7715955525897592 44810.000000000007 18799.720000000005 58.500000000000007 26973.495000000003 42342.500000000007 36090.000000000007 43672.500000000007 12.500000000000002 48702.000000000007 42415.950000000004 22956.715000000004 43067.500000000007 36858.650000000009 44810.000000000007 44395.000000000007 12211.870000000003 45602.500000000007 45077.500000000007 10610.065000000001 7816.4250000000002 33235.000000000007 37740.000000000007 48480.000000000007 36894.950000000004 35025.950000000004 0.48459319877970619 19366.080000000005 40759.80000000001
decision_type=2 2 2 2 2 2 2 2 2 2 2 2 2 2 2 2 2 2 2 2 2 2 2 2 2 2 2 2 2 2
left_child=3 5 4 17 21 6 7 -2 -8 10 11 -5 -12 28 -15 16 -7 22 19 -19 -17 -3 26 -24 25 -4 -1 -20 -11 -26
right_child=1 2 24 9 -6 15 8 -9 -10 13 12 -13 -14 14 -16 20 -18 18 27 -21 -22 -23 23 -25 29 -27 -28 -29 -30 -31
leaf_value=-0.60188488701115483 0.61520299064485651 7.7192296346028675 0.81255766550699782 0.62936450027757229 2.6341193993886307 1.0793657684326172 -0.079954698019557527 2.6147243923611114 0.94598960803391852 1.5963627497355144 2.8748929882049561 -3.6974728584289553 -0.73663380940755208 -2.0523773908615102 0.18796823329546236 0.82369485717070734 3.3481569826602939 0.14470449081238579 -0.49207982758680979 2.7197656273841861 1.6523737420206484 5.6797608947753897 -0.16906229322194122 -0.39202771715873641 1.0010886049270624 1.9368696387608848 -1.3982217152913412 -0.97701732317606604 1.2955518722534176 0.80801755587259905
leaf_weight=92 19 2.9999999999999982 3.0000000000000027 36 3 4.9999999999999991 36 18 104 2.9999999999999991 9.9999999999999982 2.9999999999999991 2.9999999999999991 8.0000000000000018 22 19 7.9999999999999991 68 105 7.9999999999999991 46 5 128 753 5.0000000000000018 14.999999999999998 2.9999999999999991 5.9999999999999991 3 3
leaf_count=92 19 3 3 36 3 5 36 18 104 3 10 3 3 8 22 19 8 68 105 8 46 5 128 753 5 15 3 6 3 3
internal_value=0.00559778 1.28931 2.65889 -0.294038 5.40535 1.09059 0.871517 1.58794 0.682175 0.391997 0.732764 0.296531 2.04146 -0.100222 -0.409457 1.58771 2.47554 -0.345948 -0.138676 0.415764 1.41014 6.44456 -0.385661 -0.359633 1.49693 1.74948 -0.627032 -0.518293 1.44596 0.928687
internal_weight=1543 292 37 1251 11 255 177 37 140 88 52 39 13 36 30 78 13 1163 187 76 65 8 976 881 26 18 95 111 6 8
internal_count=1543 292 37 1251 11 255 177 37 140 88 52 39 13 36 30 78 13 1163 187 76 65 8 976 881 26 18 95 111 6 8
is_linear=0
shrinkage=0.05


Tree=44
num_leaves=29
num_cat=0
split_feature=3 1 4 1 4 4 4 4 1 0 6 0 0 2 0 2 3 4 3 6 4 4 1 3 0 3 0 1
split_gain=212953 36751.8 32190.3 35117.9 20594.9 14582 67879.5 15590.9 6314.95 5579.25 10227.2 15042.7 9908.15 4821.67 3402.5 3261.42 3969.7 27764.4 2871.89 2712.79 2027.46 1781.95 1279.03 1265.89 691.351 416.899 150.883 60.1152
threshold=0.52944424865358208 26973.495000000003 44810.000000000007 29320.875000000004 44065.000000000007 43067.500000000007 43672.500000000007 46250.000000000007 18999.295000000002 42415.950000000004 55.500000000000007 41387.30000000001 44829.950000000004 12624.820000000002 35969.350000000013 16561.680000000004 0.41097092970174381 44860.000000000007 0.58600244661095158 42.500000000000007 48480.000000000007 36372.500000000007 20871.290000000005 0.70966082281633602 29756.150000000005 0.49477605994411694 32649.150000000005 12619.68
decision_type=2 2 2 2 2 2 2 2 2 2 2 2 2 2 2 2 2 2 2 2 2 2 2 2 2 2 2 2
left_child=8 5 3 4 -3 13 14 -8 15 10 11 -10 22 -2 -7 24 21 -18 -15 23 -21 -17 -11 -4 27 -12 -26 -1
right_child=1 2 19 -5 -6 6 7 -9 9 12 25 -13 -14 18 -16 16 17 -19 -20 20 -22 -23 -24 -25 26 -27 -28 -29
leaf_value=-0.68091826438903791 3.0029386520385746 -0.203057174682617 1.3155390501022339 7.7080853462219245 3.5023365783691407 -1.6992929458618165 1.3186026967747111 0.27077086062078742 0.48889658770390892 -1.2196443875630703 -0.96864010810852064 3.6838164901733403 1.5695947964986161 1.5733465115229288 -3.2053914833068848 -0.22005308906542745 1.6213259571790695 -0.52112170477067277 0.90666913918086467 1.4042623102664948 0.79192709642298087 -0.39042653204038785 -2.6796854654947908 2.3845635467105444 -1.7009030024210614 -0.32296327590942381 -1.199432818094889 -0.90473966598510724
leaf_weight=6.0000000000000018 3.9999999999999991 5.0000000000000044 3.9999999999999991 3.9999999999999991 15 5.9999999999999991 71 71 14.000000000000005 2.9999999999999982 4.9999999999999982 4.9999999999999991 3 30 9.9999999999999982 187 20 62 35 66 17 856 3 8.9999999999999982 2.9999999999999991 5 3 6
leaf_count=6 4 5 4 4 15 6 71 71 14 3 5 5 3 30 10 187 20 62 35 66 17 856 3 9 3 5 3 6
internal_value=-0.00319096 1.08577 1.7935 3.43134 2.57599 0.711636 0.446809 0.794687 -0.323147 0.310958 0.64847 1.32966 -0.776578 1.31805 -2.6406 -0.344228 -0.333545 0.00142651 1.21437 1.38403 1.27884 -0.35988 -1.94966 2.05563 -1.01194 -0.645802 -1.45017 -0.792829
internal_weight=1528 347 120 24 20 227 158 142 1181 38 29 19 9 69 16 1143 1125 82 65 96 83 1043 6 13 18 10 6 12
internal_count=1528 347 120 24 20 227 158 142 1181 38 29 19 9 69 16 1143 1125 82 65 96 83 1043 6 13 18 10 6 12
is_linear=0
shrinkage=0.05


end of trees

feature_importances:
thermal_on_capacity=321
total_load=232
thermal_space_load_ratio=152
net_load=137
renewable_power=116
period=100
month=75
weekday=72
hour=69
is_weekend=1

parameters:
[boosting: gbdt]
[objective: regression]
[metric: rmse]
[tree_learner: serial]
[device_type: cpu]
[data_sample_strategy: bagging]
[data: ]
[valid: ]
[num_iterations: 400]
[learning_rate: 0.05]
[num_leaves: 31]
[num_threads: 0]
[seed: 42]
[deterministic: 0]
[force_col_wise: 0]
[force_row_wise: 0]
[histogram_pool_size: -1]
[max_depth: 5]
[min_data_in_leaf: 3]
[min_sum_hessian_in_leaf: 0.001]
[bagging_fraction: 0.85]
[pos_bagging_fraction: 1]
[neg_bagging_fraction: 1]
[bagging_freq: 1]
[bagging_seed: 400]
[bagging_by_query: 0]
[feature_fraction: 0.85]
[feature_fraction_bynode: 1]
[feature_fraction_seed: 30056]
[extra_trees: 0]
[extra_seed: 12879]
[early_stopping_round: 0]
[early_stopping_min_delta: 0]
[first_metric_only: 0]
[max_delta_step: 0]
[lambda_l1: 0]
[lambda_l2: 0]
[linear_lambda: 0]
[min_gain_to_split: 0]
[drop_rate: 0.1]
[max_drop: 50]
[skip_drop: 0.5]
[xgboost_dart_mode: 0]
[uniform_drop: 0]
[drop_seed: 17869]
[top_rate: 0.2]
[other_rate: 0.1]
[min_data_per_group: 100]
[max_cat_threshold: 32]
[cat_l2: 10]
[cat_smooth: 10]
[max_cat_to_onehot: 4]
[top_k: 20]
[monotone_constraints: ]
[monotone_constraints_method: basic]
[monotone_penalty: 0]
[feature_contri: ]
[forcedsplits_filename: ]
[refit_decay_rate: 0.9]
[cegb_tradeoff: 1]
[cegb_penalty_split: 0]
[cegb_penalty_feature_lazy: ]
[cegb_penalty_feature_coupled: ]
[path_smooth: 0]
[interaction_constraints: ]
[verbosity: -1]
[saved_feature_importance_type: 0]
[use_quantized_grad: 0]
[num_grad_quant_bins: 4]
[quant_train_renew_leaf: 0]
[stochastic_rounding: 1]
[linear_tree: 0]
[max_bin: 255]
[max_bin_by_feature: ]
[min_data_in_bin: 3]
[bin_construct_sample_cnt: 200000]
[data_random_seed: 175]
[is_enable_sparse: 1]
[enable_bundle: 1]
[use_missing: 1]
[zero_as_missing: 0]
[feature_pre_filter: 1]
[pre_partition: 0]
[two_round: 0]
[header: 0]
[label_column: ]
[weight_column: ]
[group_column: ]
[ignore_column: ]
[categorical_feature: ]
[forcedbins_filename: ]
[precise_float_parser: 0]
[parser_config_file: ]
[objective_seed: 16083]
[num_class: 1]
[is_unbalance: 0]
[scale_pos_weight: 1]
[sigmoid: 1]
[boost_from_average: 1]
[reg_sqrt: 0]
[alpha: 0.9]
[fair_c: 1]
[poisson_max_delta_step: 0.7]
[tweedie_variance_power: 1.5]
[lambdarank_truncation_level: 30]
[lambdarank_norm: 1]
[label_gain: ]
[lambdarank_position_bias_regularization: 0]
[eval_at: ]
[multi_error_top_k: 1]
[auc_mu_weights: ]
[num_machines: 1]
[local_listen_port: 12400]
[time_out: 120]
[machine_list_filename: ]
[machines: ]
[gpu_platform_id: -1]
[gpu_device_id: -1]
[gpu_use_dp: 0]
[num_gpu: 1]

end of parameters

pandas_categorical:[]
