tree
version=v4
num_class=1
num_tree_per_iteration=1
label_index=0
max_feature_idx=18
objective=regression
feature_names=total_load net_load renewable_power thermal_space_load_ratio thermal_on_capacity hour period weekday month is_weekend is_holiday price_lag_1d price_lag_2d price_lag_3d price_lag_7d price_ma_3d price_ma_7d price_std_7d net_load_lag_1d
feature_infos=[26780.099999999999:41212.699999999997] [9620.2999999999993:38683.110000000001] [1780.2:19504.720000000001] [0.33550603334030826:0.95167971153578323] [27170:49115] [0:4] [1:20] [0:6] [1:5] [0:1] none [0:1500] [0:1500] [0:1500] [0:1500] [0:848.66666666666663] [0:539.28571428571433] [0:423.51064367512942] [9620.2999999999993:38683.110000000001]
tree_sizes=2711 2696 2702 2757 2745 2833 2758 2749 2769 2831 2609 2499 2573 2780 2718 2729 2849 2645 2799 2720 2566 2847 2816 2682 2735 2659 2472 2586 2785 2750 2387 2491 2509 2424 2842 2379 2153 2550 2559 2464 2429 2425 2080 2479 2382 2408 2553 2335 2552 2573 2824 2367 2459 2352 2530 2505 2131 2308 1691 2487 2411 2272 2632 2666 2578 2380 2489 2449 2300 2601 2564 2566 2150 2816 2019 1917 1948 1519 1566 2345 2098 2027 2468 1837 1985 1556 2268 2503 2586 1744 2632 2305 2168 2324 1705 2843 1744 2299 2379 2452 1751 2035 2023 1388 1507 2204 1787 1650 1820 1553 1540 2424 2003 2418 1504 2464 1859 2155 2466 1993 2106 1635 2398 1328 2357 1295 1749 1475 1732 1927 1814 1643 2126 1426 1689 2728 1738 1852 1828 2184 2202 1406 2007 1893 1352 1929 1735 1839 1563 1947 1985 2214 1768 1235 1183 1514 1510 2423 2482 2705 1315 1646 1655 2124 2164 2120 848 1223 1675 1474 2554 1352 1861 1559 2047 1455 2563 2050 1689 1825 1705 2197 2106 1556 1324 1402 1488 2396 2378 2408 1467 1224 1665 2465 1749 1976 1408 2037 2050 1881 1911 1484 1706 1385 1672 1870 2006 1462 2006 1679 1403 2200 1559 1661 1789 1554 1447 1524 2148 1424 1818 2105 1489 1823 2142 1901 1344 1503 1667 1413 1280 2082 2176 1599 1984 2256 1826 1950

Tree=0
num_leaves=30
num_cat=0
split_feature=15 3 14 1 1 11 3 0 14 18 14 11 8 3 18 18 0 1 3 1 8 1 2 11 3 0 11 2 0
split_gain=9.99712e+06 5.70079e+06 8.48845e+06 4.12387e+06 2.244e+06 1.58951e+06 1.47968e+06 852518 836284 1.20197e+06 537336 419894 393249 664853 350011 341319 221019 191708 150217 122942 122003 101140 82324.3 40330.7 31983.8 16362.9 10070.5 2440.17 312.5
threshold=231.83333333333334 0.91755601226045569 1.0000000180025095e-35 22841.780000000006 36487.450000000012 1118.5000000000002 0.82128498598804167 30338.900000000005 inf 20581.090000000007 316.50000000000006 239.30000000000004 2.5000000000000004 0.63748040522292915 31811.125000000004 9832.8250000000025 34209.450000000004 22312.280000000002 0.71460704253877905 25389.420000000002 3.5000000000000004 28897.190000000006 3318.8250000000003 245.22000000000003 0.60445525142825474 34722.200000000004 254.62500000000003 5426.4950000000017 29733.850000000002
decision_type=2 2 8 2 2 10 2 2 8 10 10 10 2 2 8 10 2 2 2 2 2 2 2 10 2 2 10 2 2
left_child=3 6 23 11 5 -4 12 19 22 -10 -6 15 13 -2 18 28 26 -17 -9 27 -14 -16 -8 -3 -18 -25 -13 -5 -1
right_child=1 2 4 7 10 -7 8 14 9 -11 -12 16 20 -15 21 17 24 -19 -20 -21 -22 -23 -24 25 -26 -27 -28 -29 -30
leaf_value=265.33244259810175 256.30077553361667 305.80744202589716 271.78618472734968 263.54077574070021 280.09494240736689 300.41744202589717 271.10143214022844 263.63298416366899 272.86550708346709 294.60369227385252 302.53937943434443 262.87410915880463 266.42049027876487 266.06224836876282 271.87410907403358 254.63878139710155 254.86894240567148 260.94113468476172 266.74921893702526 254.20744202589717 267.88639302980988 284.85744228021031 269.49995071279022 310.01994202589719 258.88807886533033 313.47410869256385 264.98970921492304 261.52410920119013 265.95744255041802
leaf_weight=4 21 4.0000000000000027 159 3.0000000000000027 3.9999999999999991 4.9999999999999991 96 48 31 7.9999999999999991 7.9999999999999991 9.0000000000000018 199 103 2.9999999999999991 168 9.0000000000000018 12.999999999999998 199 17 495 3 489 7.9999999999999982 10.999999999999998 6 14.999999999999998 3 4
leaf_count=4 21 4 159 3 4 5 96 48 31 8 8 9 199 103 3 168 9 13 199 17 495 3 489 8 11 6 15 3 4
internal_value=267.58 269.484 277.531 261.461 274.186 272.659 268.402 265.596 270.235 277.325 295.058 256.562 267.003 264.409 266.433 255.538 260.961 255.091 266.144 256.379 267.466 278.366 269.763 310.235 257.079 311.5 264.196 262.532 265.645
internal_weight=2145 1636 194 509 176 164 1442 276 624 39 12 233 818 124 253 189 44 181 247 23 694 6 585 18 20 14 24 6 8
internal_count=2145 1636 194 509 176 164 1442 276 624 39 12 233 818 124 253 189 44 181 247 23 694 6 585 18 20 14 24 6 8
is_linear=0
shrinkage=1


Tree=1
num_leaves=29
num_cat=0
split_feature=11 2 4 13 1 2 18 8 0 1 18 4 4 12 4 2 1 2 4 18 2 5 4 2 6 14 16 0
split_gain=7.64534e+06 5.19559e+06 5.21418e+06 4.9531e+06 2.98141e+06 1.71444e+06 1.20357e+06 1.07372e+06 509326 485349 357580 280136 461675 200292 177132 135219 101805 131405 89954.8 68788.6 43168.2 75240.2 41831.2 13471.1 10212.4 4123.08 282.815 1.16415e-10
threshold=215.18500000000003 2939.3400000000006 44395.000000000007 294.94500000000005 22636.785000000007 8452.0050000000028 31811.125000000004 2.5000000000000004 29576.650000000005 23250.314999999999 9832.8250000000025 33577.500000000007 33305.000000000007 249.88500000000002 37487.500000000007 5310.0250000000005 27353.075000000008 4621.380000000001 36337.500000000007 22153.585000000003 8029.3500000000013 2.5000000000000004 46075.000000000007 4730.3500000000013 9.5000000000000018 239.50000000000003 1.0000000180025095e-35 28998.650000000005
decision_type=8 2 2 10 2 2 8 2 2 2 10 2 2 10 2 2 2 2 2 8 2 2 2 2 2 10 2 2
left_child=4 2 14 6 10 11 -4 9 19 -7 26 12 -3 -5 25 -13 17 -10 -9 27 21 -12 -22 -18 -16 -2 -1 -6
right_child=1 5 3 13 8 7 -8 18 16 -11 20 15 -14 -15 24 -17 23 -19 -20 -21 22 -23 -24 -25 -26 -27 -28 -29
leaf_value=-2.1494346618652349 4.8932053883870452 3.1040961811619425 5.7854862485613143 30.647336769103994 -12.710372161865241 -7.0114658365155211 30.022982533772787 0.29292612663824552 -12.919401550292969 -2.2004961426651808 -2.2986840248107909 2.1502068792647946 14.219038703224877 40.155726453993054 2.8260753044715297 0.81543720716934276 1.6841319402058919 -2.2697685610680352 -1.0410183955322612 -5.1391222000122054 -12.5403203031142 -11.583766174316407 -9.4634391307830814 -0.37612062915047606 1.8026386275658242 6.3148649664486163 -1.5853721618652341 -12.710372161865228
leaf_weight=3.9999999999999982 5.9999999999999991 62 35 8.0000000000000018 8.9999999999999947 101 5.9999999999999991 297 2.9999999999999991 109 2.9999999999999991 413 10.999999999999998 18 39 351 8.9999999999999982 84 220 4.0000000000000009 139 7.9999999999999991 11.999999999999998 67 65 34 5 3.0000000000000009
leaf_count=4 6 62 35 8 9 101 6 297 3 109 3 413 11 18 39 351 9 84 220 4 139 8 12 67 65 34 5 3
internal_value=-0.0612491 1.2705 8.63538 20.1584 -6.81514 0.276905 9.33244 -1.49936 -2.30471 -4.51434 -11.5366 1.81973 4.77895 37.2301 3.27398 1.53698 -1.46909 -2.637 -0.27471 -10.8176 -12.0755 -9.05147 -12.2958 -0.132143 2.18643 6.10162 -1.83607 -12.7104
internal_weight=2125 1775 211 67 350 1564 41 727 179 210 171 837 73 26 144 764 163 87 517 16 162 11 151 76 104 40 9 12
internal_count=2125 1775 211 67 350 1564 41 727 179 210 171 837 73 26 144 764 163 87 517 16 162 11 151 76 104 40 9 12
is_linear=0
shrinkage=0.05


Tree=2
num_leaves=29
num_cat=0
split_feature=15 3 14 1 1 11 3 14 11 2 4 4 14 2 18 18 14 1 4 3 1 11 3 17 1 3 16 16
split_gain=7.74479e+06 4.85809e+06 6.75278e+06 3.24258e+06 2.26672e+06 1.65701e+06 1.23929e+06 684833 1.00886e+06 663896 381177 342972 331195 327578 286369 253207 209815 170320 148876 92333 85599.7 29088.6 26658.8 25912.4 12094.7 9011.85 185.105 39.2234
threshold=230.06666666666669 0.91755601226045569 1.0000000180025095e-35 22841.780000000006 36487.450000000012 1115.5000000000002 0.81577704503275039 inf 309.50000000000006 3971.0250000000005 42910.000000000007 40910.000000000007 316.50000000000006 13182.745000000001 9832.8250000000025 31395.765000000003 254.62500000000003 22541.940000000002 35012.500000000007 0.69484774619128842 17921.630000000005 245.22000000000003 0.55685868726187848 103.93932181224972 32277.465000000007 0.5948357305059383 1.0000000180025095e-35 172.69000000000003
decision_type=2 2 8 2 2 10 2 8 10 2 2 2 10 2 10 8 10 2 2 2 2 10 2 2 2 2 2 2
left_child=3 6 21 10 5 -4 11 18 -9 23 14 20 -6 -13 26 19 25 -16 -8 -11 -2 -3 -18 -5 -23 -12 -1 -25
right_child=1 2 4 9 12 -7 7 8 -10 15 16 13 -14 -15 17 -17 22 -19 -20 -21 -22 24 -24 27 -26 -27 -28 -29
leaf_value=-2.002900314331054 -1.1574568465999935 35.021840209960914 3.5359139715752956 -6.9960242589314703 12.821171061197916 24.500471496582033 4.5164344530839191 4.5198954668912021 23.405529827541777 -3.5967222718631522 -1.9604358609517414 -1.4069564154884948 32.00435028076172 -7.1053957649639674 -11.808282660818719 13.436896165211998 -11.593554115295404 -5.3682403152639218 1.715908101963953 -0.79085059375830102 0.53520962821146101 38.303717041015631 -8.0933707405539135 -12.072953241521663 41.438508911132807 -3.8982019424438477 -1.5061035156249998 -12.276915486653646
leaf_weight=3 92 5.0000000000000027 164 3.0000000000000027 2.9999999999999991 9.9999999999999982 52 33 8.9999999999999982 34 15.000000000000002 254 8.9999999999999982 28 154 2.9999999999999991 8.0000000000000018 10.999999999999998 543 213 397 7.9999999999999982 17 10.999999999999998 5 9.9999999999999982 5 2.9999999999999991
leaf_count=3 92 5 164 3 3 10 52 33 9 34 15 254 9 28 154 3 8 11 543 213 397 8 17 11 5 10 5 3
internal_value=0.135757 1.80906 9.02024 -5.36906 6.19031 4.74077 0.764257 2.39623 8.56682 -1.65187 -9.81968 -0.58408 27.2086 -1.97276 -10.931 -1.00172 -5.97449 -11.3789 1.96066 -1.17708 0.216753 38.2629 -9.21343 -11.213 39.5094 -2.73554 -1.6924 -12.1167
internal_weight=2102 1612 204 490 186 174 1408 637 42 267 223 771 12 282 173 250 50 165 595 247 489 18 25 17 13 25 8 14
internal_count=2102 1612 204 490 186 174 1408 637 42 267 223 771 12 282 173 250 50 165 595 247 489 18 25 17 13 25 8 14
is_linear=0
shrinkage=0.05


Tree=3
num_leaves=31
num_cat=0
split_feature=15 3 14 1 1 11 3 14 18 0 4 1 11 18 7 14 4 4 1 4 3 1 11 0 2 3 16 16 0 0
split_gain=7.2669e+06 3.69911e+06 6.17633e+06 3.17335e+06 1.72651e+06 1.22962e+06 1.03333e+06 711230 866871 472665 377854 414269 369616 319476 303146 170361 149819 128525 128464 118431 114436 107163 33443.7 8982.48 3202.57 1872.67 975.16 622.253 187.5 138.031
threshold=234.16666666666671 0.91755601226045569 218.50000000000003 22841.780000000006 37020.420000000006 1115.5000000000002 0.82018965932718146 inf 20581.090000000007 30338.900000000005 48055.000000000007 23139.670000000002 284.57000000000005 31580.405000000002 1.5000000000000002 114.50000000000001 35012.500000000007 41785.000000000007 29186.110000000004 39497.500000000007 0.74578637241569246 25483.180000000004 245.22000000000003 34722.200000000004 5426.4950000000017 0.94376973728752434 299.35714285714295 76.214285714285737 32886.100000000006 31514.200000000004
decision_type=2 2 10 2 2 10 2 8 10 2 2 2 10 8 2 10 2 2 2 2 2 2 10 2 2 2 2 2 2 2
left_child=3 6 22 12 5 -4 10 16 -9 21 19 -12 14 20 15 -1 -8 -16 -15 -2 -11 24 25 -24 -5 -3 -6 29 -29 -14
right_child=1 2 4 9 26 -7 7 8 -10 13 11 -13 27 18 17 -17 -18 -19 -20 -21 -22 -23 23 -25 -26 -27 -28 28 -30 -31
leaf_value=-1.1033687680959703 0.29350312851521432 33.850750732421837 3.4833564878223897 -3.3966207122802716 31.040447998046876 23.549820709228516 4.3152367842824839 4.4731681955271752 21.545014801025392 -2.5592532559937125 -12.108481434413365 -1.2858419020970664 -1.9688903808593743 4.102288754781088 -11.509944460285245 -7.982505167855158 1.6182541057495419 -8.3953907966613777 16.774326578776037 -1.0334465865635138 -0.40548413969003239 -11.526589555006762 36.383174351283486 39.157930297851557 -5.4630401611328114 32.084084065755199 32.315307617187493 -1.8008903503417966 -1.3008903503417966 -2.3978904724121093
leaf_weight=11.999999999999998 490 3.0000000000000027 167 5.0000000000000018 2.9999999999999991 7.9999999999999991 57 29 9.9999999999999982 102 13.999999999999998 24 3 5.9999999999999982 134 36 533 44 3 256 156 12.999999999999998 6.9999999999999982 5 3 3 3 5 3 5
leaf_count=12 490 3 167 5 3 8 57 29 10 102 14 24 3 6 134 36 533 44 3 256 156 13 7 5 3 3 3 5 3 5
internal_value=0.030478 1.70038 8.08273 -5.04854 5.3049 4.40068 0.801518 2.31108 8.85056 -1.50202 -0.409598 -5.27313 -9.26919 -0.933942 -9.78912 -6.26272 1.87881 -10.7401 8.3263 -0.161858 -1.25697 -8.72466 36.0154 37.5393 -4.17153 32.9674 31.6779 -1.9252 -1.61339 -2.23702
internal_weight=2142 1612 199 530 181 175 1413 629 39 288 784 38 242 267 226 48 590 178 9 746 258 21 18 12 8 6 6 16 8 8
internal_count=2142 1612 199 530 181 175 1413 629 39 288 784 38 242 267 226 48 590 178 9 746 258 21 18 12 8 6 6 16 8 8
is_linear=0
shrinkage=0.05


Tree=4
num_leaves=30
num_cat=0
split_feature=15 2 4 13 1 2 11 2 14 15 4 4 0 18 12 4 11 1 4 15 2 14 18 0 16 11 14 0 16
split_gain=6.29253e+06 3.10368e+06 3.49617e+06 3.82359e+06 2.72312e+06 923534 593558 522410 388893 1.1572e+06 337025 308753 368825 252508 222941 178818 176492 171357 159979 138694 84628 67718.1 26180.9 19239.5 8604.75 5409.32 4341.76 156.094 65.9697
threshold=230.06666666666669 2939.3400000000006 44395.000000000007 294.94500000000005 23067.700000000001 8242.1850000000031 1160.0000000000002 3971.0250000000005 inf 312.60000000000008 42910.000000000007 48055.000000000007 35980.30000000001 9832.8250000000025 270.50000000000006 46075.000000000007 220.38500000000002 22402.765000000007 37487.500000000007 264.43833333333339 3318.8250000000003 239.50000000000003 22452.080000000005 30239.400000000005 290.65785714285721 261.20000000000005 239.50000000000003 29795.100000000002 159.59357142857147
decision_type=2 2 2 10 2 2 8 2 8 2 2 2 2 10 8 2 10 2 2 2 2 10 10 2 2 10 10 2 2
left_child=4 2 18 6 10 8 -4 23 20 -10 13 16 -13 27 21 25 -7 -15 26 -5 -3 -9 -17 28 -20 -12 -2 -1 -6
right_child=1 5 3 19 7 11 -8 14 9 -11 15 12 -14 17 -16 22 -18 -19 24 -21 -22 -23 -24 -25 -26 -27 -28 -29 -30
leaf_value=-1.6965179602305096 4.2229981740315763 3.0983758850097658 5.160341866811117 23.130542087554915 -11.126393585205079 -8.9608979225158691 28.308797200520832 -0.27705042404712926 3.222608518600464 24.76419279915946 -3.3041666793823232 -11.503771972656251 -1.4377164437220646 -10.710039228623913 12.712706310798724 -4.1227042675018311 -0.34331104041372346 -5.8971938791729164 1.4380400866678318 33.252037048339844 1.3226876307695556 -1.9297050163962624 -8.4471248694828578 -6.5417589823404958 2.4973146878756012 -1.8386227327234606 5.6818722107831174 -1.2547965685526528 -10.894876098632814
leaf_weight=5.9999999999999982 5.9999999999999991 75 36 4.0000000000000027 4.9999999999999991 5.9999999999999991 2.9999999999999991 142 57 6.9999999999999991 10.000000000000002 13.999999999999998 26 155 2.9999999999999991 3.9999999999999991 609 21 73 22 637 110 28 2.9999999999999991 26 17 34 3 7.9999999999999991
leaf_count=6 6 75 36 4 5 6 3 142 57 7 10 14 26 155 3 4 609 21 73 22 637 110 28 3 26 17 34 3 8
internal_value=-0.0172784 1.50085 7.27056 16.8425 -4.83696 0.678332 6.94099 -1.38704 1.84532 5.57872 -8.66864 -0.704237 -4.96084 -9.71806 -0.83714 -5.37811 -0.427385 -10.1358 2.79445 31.6949 1.50973 -0.998447 -7.90657 -10.151 1.71623 -2.38142 5.46304 -1.54928 -10.9839
internal_weight=2150 1635 204 65 515 1431 39 271 776 64 244 655 40 185 255 59 615 176 139 26 712 252 32 16 99 27 40 9 13
internal_count=2150 1635 204 65 515 1431 39 271 776 64 244 655 40 185 255 59 615 176 139 26 712 252 32 16 99 27 40 9 13
is_linear=0
shrinkage=0.05


Tree=5
num_leaves=31
num_cat=0
split_feature=1 8 3 14 1 1 11 4 17 17 11 2 14 7 1 3 2 4 1 14 13 11 1 11 14 0 12 1 1 17
split_gain=5.71499e+06 3.66046e+06 2.62128e+06 5.00094e+06 1.87953e+06 1.22703e+06 989684 779334 859225 750859 420166 388847 251330 240402 236374 184737 174045 106207 84074.9 47930 43262.5 30589.3 25371.6 18362.2 13604.5 12442.7 10952.5 8016.65 3062.12 48.5458
threshold=26423.415000000005 2.5000000000000004 0.91755601226045569 1.0000000180025095e-35 36487.450000000012 22067.330000000005 1115.5000000000002 35012.500000000007 37.364814778372683 35.873827382138458 279.50000000000006 4458.295000000001 316.50000000000006 1.5000000000000002 23067.700000000001 0.80807391540661189 7230.3550000000005 39497.500000000007 17921.630000000005 229.54000000000005 336.50000000000006 245.22000000000003 22977.595000000005 299.51000000000005 254.12500000000003 34722.200000000004 299.51000000000005 20672.785000000003 24929.985000000004 103.93932181224972
decision_type=2 2 2 8 2 2 10 2 2 2 10 2 10 2 2 2 2 2 2 10 8 10 2 10 8 2 10 2 2 2
left_child=1 5 7 21 6 10 -5 8 9 -2 13 29 -6 -1 -13 23 -17 18 26 -20 -10 -4 27 -9 -12 -23 -3 -19 -24 -7
right_child=2 17 3 4 12 11 -8 15 20 -11 24 14 -14 -15 -16 16 -18 22 19 -21 -22 25 28 -25 -26 -27 -28 -29 -30 -31
leaf_value=-5.6734981474123503 6.7399422645568841 -0.67173067033290867 29.239778137207004 3.0710809292731351 11.983287111918132 -10.592403411865222 20.129169421725805 -0.75788538495699564 4.1256346360692442 37.376091957092278 -1.6418145108222959 -5.3239152361406017 28.694231838650172 -10.094912062224395 -1.7153987260583119 1.4105344230580448 13.483215173085533 -3.1297878265380863 1.8614034499852889 0.36067270847459637 8.3079259055001398 32.906768798828132 -0.9123983628409249 0.5584367006140597 -5.2525826136271156 35.918873596191403 -1.8019626925973331 -1.7079073588053388 -0.23567754765972496 -10.372072296142578
leaf_weight=38 4 58 4.0000000000000027 154 2.9999999999999991 3.0000000000000027 8.9999999999999982 120 53 4 20.000000000000004 64 8.9999999999999982 161 156 611 2.9999999999999991 11.999999999999998 62 375 6.9999999999999991 7.9999999999999982 35 34 2.9999999999999991 6 34 57 32 14.999999999999998
leaf_count=38 4 58 4 154 3 3 9 120 53 4 20 64 9 161 156 611 3 12 62 375 7 8 35 34 3 6 34 57 32 15
internal_value=0.0550269 -2.4081 2.74795 8.00017 5.4189 -5.8373 4.01294 1.53541 6.66586 22.058 -8.51112 -3.34324 24.5165 -9.25062 -2.76515 1.08115 1.46952 -0.0360175 0.284371 0.573591 4.61357 33.0959 -1.28223 -0.467269 -2.11278 34.1977 -1.08943 -1.95519 -0.589188 -10.4088
internal_weight=2154 1125 1029 193 175 460 163 836 68 8 222 238 12 199 220 768 614 665 529 437 60 18 136 154 23 14 92 69 67 18
internal_count=2154 1125 1029 193 175 460 163 836 68 8 222 238 12 199 220 768 614 665 529 437 60 18 136 154 23 14 92 69 67 18
is_linear=0
shrinkage=0.05


Tree=6
num_leaves=30
num_cat=0
split_feature=15 3 17 7 3 0 3 4 0 4 11 17 4 2 18 2 18 18 7 17 4 3 18 13 6 18 13 0 0
split_gain=5.31098e+06 2.81425e+06 3.44106e+06 1.89709e+06 1.6653e+06 1.43269e+06 703221 683036 631494 427577 334212 287083 234393 283613 226163 180380 151018 146385 143964 124621 101594 100554 73057.8 72806.1 53468.1 50479.7 34872 3738.8 361.668
threshold=234.16666666666671 0.91755601226045569 94.222438445532745 5.5000000000000009 0.71590751521853857 38663.80000000001 0.81577704503275039 41785.000000000007 30338.900000000005 35012.500000000007 1118.5000000000002 37.364814778372683 48055.000000000007 13120.810000000001 31811.125000000004 14853.335000000001 21917.695000000003 25797.400000000005 1.5000000000000002 80.482942836791054 36337.500000000007 0.90188378930635749 28481.805000000004 14.725000000000003 1.5000000000000002 25848.475000000002 321.50000000000006 36986.30000000001 39663.200000000004
decision_type=2 2 2 2 2 2 2 2 2 2 8 2 2 2 8 2 10 10 2 2 2 2 10 10 2 10 8 2 2
left_child=4 6 5 10 7 17 12 18 19 11 -4 -8 20 -14 23 22 -17 -3 -1 -6 -2 -16 -9 -10 -11 -21 -5 -20 -7
right_child=1 2 3 26 8 28 9 15 14 24 -12 -13 13 -15 21 16 -18 -19 27 25 -22 -23 -24 -25 -26 -27 -28 -29 -30
leaf_value=-1.2665533161163331 0.43285515381667861 5.6344136646815706 8.3944556277731177 29.94701298304966 0.013553409576416015 27.733198038736983 12.075789884420542 -2.2678906646825499 1.532010504693696 3.2906802381787985 26.138106791178387 3.9758003635682919 -0.81108915096237555 -10.208132259662335 14.772821680704759 -2.2918348471323653 -8.7917617579868867 1.5960137599337418 -10.012837185776025 -9.2250598634992329 -0.73733756127357486 3.8317261287144251 -5.1777997213251457 -1.0530184379372842 1.2732714815054782 -3.2203205108642581 34.811489868164067 -9.1966390609741211 26.956808471679683
leaf_weight=4.9999999999999991 367 28 23.000000000000004 14.000000000000002 4.9999999999999991 2.9999999999999991 12.999999999999998 59 33 35 2.9999999999999991 69 21 12.999999999999998 2.9999999999999982 11.999999999999998 35 113 114 28 375 7 34 156 533 3.9999999999999991 4.9999999999999991 15.999999999999998 3
leaf_count=5 367 28 23 14 5 3 13 59 33 35 3 69 21 13 3 12 35 113 114 28 375 7 34 156 533 4 5 16 3
internal_value=0.0333726 1.4368 7.11972 19.2178 -4.41036 3.41621 0.671641 -7.05457 -1.32919 1.88484 10.4418 5.25995 -0.344565 -4.40408 -0.21394 -4.6076 -7.13221 2.39797 -9.59217 -7.32744 -0.15855 7.11405 -3.33173 -0.601664 1.39758 -8.47447 31.2271 -9.91238 27.345
internal_weight=2129 1618 192 45 511 147 1426 275 236 650 26 82 776 34 199 140 47 141 135 37 742 10 93 189 568 32 19 130 6
internal_count=2129 1618 192 45 511 147 1426 275 236 650 26 82 776 34 199 140 47 141 135 37 742 10 93 189 568 32 19 130 6
is_linear=0
shrinkage=0.05


Tree=7
num_leaves=30
num_cat=0
split_feature=15 3 14 1 1 11 3 14 18 3 14 3 16 4 1 18 4 8 4 16 1 3 11 1 12 1 1 15 16
split_gain=5.14769e+06 2.83951e+06 3.9181e+06 1.84601e+06 1.10517e+06 1.20516e+06 752538 460473 665168 413025 282097 232775 332400 199594 195575 192677 163326 126518 88142.5 64657.2 64190.3 21127.4 8730.77 3895.78 3154.87 889.38 120.29 70.1044 67.8778
threshold=230.06666666666669 0.91755601226045569 1.0000000180025095e-35 23067.700000000001 36487.450000000012 1115.5000000000002 0.82018965932718146 inf 20581.090000000007 0.87729658351622763 319.50000000000006 0.51690338762657417 98.544285714285721 40910.000000000007 21886.565000000006 30925.770000000004 41785.000000000007 1.5000000000000002 35012.500000000007 88.45714285714287 18026.725000000002 0.92832395973815274 245.22000000000003 21846.030000000002 252.88000000000002 18552.705000000005 32408.275000000001 71.64166666666668 200.84071428571431
decision_type=2 2 8 2 2 10 2 8 10 2 10 2 2 2 2 8 2 2 2 2 2 2 10 2 10 2 2 2 2
left_child=3 6 21 11 5 -4 13 18 -9 15 -6 24 23 20 -15 19 -14 -11 -8 -5 -2 26 -23 -13 25 -1 -3 -19 -26
right_child=1 2 4 9 10 -7 7 8 -10 17 -12 12 16 14 -16 -17 -18 27 -20 -21 -22 22 -24 -25 28 -27 -28 -29 -30
leaf_value=-9.398122406005859 -0.94977251791954043 32.158479817708297 2.6966802951617121 1.3428278070909005 8.6924589544534694 19.82013487382369 3.4393122655695141 3.5200225285121371 18.142056314349173 1.5834236462910951 24.954878807067871 -1.3947093069553373 -9.3302694910222836 -4.0662699329441994 -0.80091121200489135 11.794889354705811 -5.6410303572813669 -9.3642477247450078 1.3415332237603428 -1.2593729691453353 0.46444759068671121 26.830436706542976 29.758723667689733 0.51638813018798835 -8.6885653686523412 -9.8817496559836648 32.606232706705718 -9.556600341796873 -8.9490989685058597
leaf_weight=70 100 3.0000000000000027 156 27 3.9999999999999991 10.999999999999998 55 35 9.9999999999999982 3.0000000000000027 7.9999999999999991 24.000000000000004 55 58 219 2.9999999999999991 66 9 559 206 406 3.9999999999999982 7 2.9999999999999991 15.000000000000002 10.999999999999998 3 10 2.9999999999999991
leaf_count=70 100 3 156 27 4 11 55 35 10 3 8 24 55 58 219 3 66 9 559 206 406 4 7 3 15 11 3 10 3
internal_value=0.0490253 1.4097 7.05632 -4.3644 4.87772 3.82457 0.642195 1.88725 6.76936 -1.40653 19.5341 -7.45401 -6.19863 -0.405689 -1.48463 -0.79572 -7.31796 -7.95882 1.52945 -0.95783 0.184957 29.9957 28.6939 -1.18237 -9.33074 -9.4638 32.3824 -9.46549 -8.73199
internal_weight=2143 1638 196 505 179 167 1442 659 45 258 12 247 148 783 277 236 121 22 614 233 506 17 11 27 99 81 6 19 18
internal_count=2143 1638 196 505 179 167 1442 659 45 258 12 247 148 783 277 236 121 22 614 233 506 17 11 27 99 81 6 19 18
is_linear=0
shrinkage=0.05


Tree=8
num_leaves=31
num_cat=0
split_feature=15 2 4 13 1 2 18 4 1 4 0 18 14 16 0 18 4 14 17 4 16 1 1 18 1 6 0 11 2 16
split_gain=4.33224e+06 2.4833e+06 2.9309e+06 2.54985e+06 1.93578e+06 609924 552861 273276 293226 272464 269640 225792 204158 387278 163031 131090 129381 124920 107170 81898.4 75005.6 60978.5 48933.1 41918.7 34865.4 9183.88 3364.75 2724.51 1977.97 52.0475
threshold=231.83333333333334 2939.3400000000006 44395.000000000007 294.94500000000005 22636.785000000007 8357.1000000000022 31811.125000000004 48055.000000000007 23516.605 42910.000000000007 30031.700000000001 31811.125000000004 inf 299.1407142857143 34209.450000000004 9832.8250000000025 37487.500000000007 239.50000000000003 37.111854831086752 39497.500000000007 257.71428571428572 26906.500000000004 25389.420000000002 21917.695000000003 22312.280000000002 5.5000000000000009 29182.100000000002 254.62500000000003 5517.4900000000007 161.62071428571429
decision_type=2 2 2 10 2 2 8 2 2 2 2 8 8 2 2 10 2 10 2 2 2 2 2 10 2 2 2 10 2 2
left_child=4 2 16 6 9 12 -4 19 -9 15 22 17 21 -14 27 -1 26 -12 -5 -7 -13 -3 28 -16 -17 -18 -2 -11 -6 -24
right_child=1 5 3 18 10 7 -8 8 -10 14 11 20 13 -15 23 24 25 -19 -20 -21 -22 -23 29 -25 -26 -27 -28 -29 -30 -31
leaf_value=-1.1275453885396323 3.2394804954528809 0.28773190103728197 4.187377475990969 17.466232093175233 -2.9963358879089332 0.050335456456989051 19.617929022652763 -9.6168227925020116 -0.87367090203545317 -2.4936564657423226 -0.047714599491893384 14.29505704243978 2.7861897528171542 15.260280309404648 -1.6648540894190451 -8.8008348849415778 2.1943660418192548 -2.1950782822487049 27.467481994628908 -1.1767659129448309 3.1143011093139639 1.4325530856543658 -9.1077009582519555 -7.9488528873609461 -5.1957403864179348 1.0807648876566947 4.7640576412803251 -1.446101622581482 -4.6947283426920556 -8.8964850289481028
leaf_weight=5.9999999999999991 3.9999999999999991 145 34 3.0000000000000027 4.0000000000000027 400 6.9999999999999991 17 22 9.0000000000000018 138 2.9999999999999991 56 6.9999999999999991 3.0000000000000027 160 24 133 25 206 3 588 4.9999999999999982 23 6.9999999999999991 81 38 20 3 7
leaf_count=6 4 145 34 3 4 400 7 17 22 9 138 3 56 7 3 160 24 133 25 206 3 588 5 23 7 81 38 20 3 7
internal_value=0.011127 1.26428 6.2638 14.765 -3.9516 0.514868 6.82186 -0.627886 -4.68479 -7.41426 -1.28441 -0.889177 1.44084 4.1722 -4.34878 -8.38884 2.27346 -1.10159 26.3959 -0.366798 8.70468 1.20609 -7.0465 -7.22378 -8.64972 1.3353 4.61886 -1.7712 -3.72422 -8.98449
internal_weight=2181 1657 216 69 524 1441 41 645 39 228 296 277 796 63 55 173 147 271 28 606 6 733 19 26 167 105 42 29 7 12
internal_count=2181 1657 216 69 524 1441 41 645 39 228 296 277 796 63 55 173 147 271 28 606 6 733 19 26 167 105 42 29 7 12
is_linear=0
shrinkage=0.05


Tree=9
num_leaves=31
num_cat=0
split_feature=15 3 14 1 11 1 3 0 4 4 4 1 6 18 4 18 7 3 2 0 1 7 18 11 0 0 3 2 6 16
split_gain=4.07648e+06 2.33002e+06 3.49582e+06 1.65925e+06 970439 1.03183e+06 566304 355569 284318 261435 250271 246070 200108 192993 146733 137685 132913 105320 89660.6 73936.5 56561.8 45405 37526.1 27142.1 24849.9 8028.21 1690.08 1347.93 1030.01 95.4184
threshold=234.16666666666671 0.91755601226045569 218.50000000000003 22636.785000000007 1115.5000000000002 37020.420000000006 0.82018965932718146 30338.900000000005 35012.500000000007 48055.000000000007 42910.000000000007 23516.605 6.5000000000000009 31580.405000000002 46075.000000000007 9832.8250000000025 1.5000000000000002 0.74247019363052957 17721.010000000002 31654.150000000005 25389.420000000002 1.5000000000000002 21917.695000000003 245.22000000000003 39995.650000000009 34722.200000000004 0.94376973728752434 5426.4950000000017 9.5000000000000018 164.87142857142859
decision_type=2 2 10 2 10 2 2 2 2 2 2 2 2 8 2 10 2 2 2 2 2 2 10 10 2 2 2 2 2 2
left_child=3 6 23 10 5 -4 9 20 16 18 15 -11 -6 17 28 -1 -8 -9 -2 -15 27 -10 -16 26 -17 -25 -3 -5 -12 -22
right_child=1 2 4 7 12 -7 8 13 21 11 14 -13 -14 19 22 24 -18 -19 -20 -21 29 -23 -24 25 -26 -27 -28 -29 -30 -31
leaf_value=-1.0943766866411482 -0.12071330199082012 24.821374511718723 2.447621854528403 -2.6692437648773168 25.054738871256518 23.577326711018884 7.5012281699180612 -2.2267688034622521 2.0472974653770453 -9.1301506280899059 -1.1504720115661617 -0.89956787739481259 10.617089843749998 2.4652391433715821 -1.5816113551457704 -8.3333272824142934 3.0507568546369965 -0.2064215006959903 -8.7817123413085945 13.566023699442542 -8.5154710896809878 1.0002649491898856 -7.542826310071078 26.897413853236614 -3.7415163993835452 29.389863586425776 23.143040974934891 -4.0712881724039702 -1.7833709292941624 -8.8243698120117191
leaf_weight=6.9999999999999991 758 3.0000000000000027 156 4.0000000000000027 5.9999999999999982 5.9999999999999991 25 111 137 15.999999999999998 10.000000000000002 21 4 2.9999999999999991 3.0000000000000027 165 51 154 2.9999999999999991 3 15.000000000000002 424 22 6.9999999999999982 2.9999999999999991 6 3 3 18 2.9999999999999991
leaf_count=7 758 3 156 4 6 6 25 111 137 16 10 21 4 3 3 165 51 154 3 3 15 424 22 7 3 6 3 3 18 3
internal_value=-0.012392 1.22355 6.41154 -3.84759 4.16331 3.2302 0.533026 -1.37825 1.64476 -0.35441 -7.05341 -4.45874 19.2797 -0.851906 -4.04325 -7.96505 4.51473 -1.05268 -0.154857 8.01563 -7.08384 1.25596 -6.82748 26.7639 -8.25133 28.0478 23.9822 -3.27012 -1.55734 -8.56695
internal_weight=2150 1626 191 524 172 162 1435 296 637 798 228 37 10 271 53 175 76 265 761 6 25 561 25 19 168 13 6 7 28 18
internal_count=2150 1626 191 524 172 162 1435 296 637 798 228 37 10 271 53 175 76 265 761 6 25 561 25 19 168 13 6 7 28 18
is_linear=0
shrinkage=0.05


Tree=10
num_leaves=29
num_cat=0
split_feature=1 8 2 11 13 1 4 7 13 11 6 2 7 16 4 1 17 17 0 18 1 2 12 1 0 18 3 16
split_gain=3.61989e+06 2.25178e+06 1.63939e+06 1.01775e+06 805044 741782 505610 557331 382764 382613 242268 227386 179719 135710 68726.6 60730.3 43553.5 40700.7 26375.1 24844.2 17184.1 16490.4 12445.9 6614.11 6281.3 4266.92 2871.94 33.6581
threshold=26423.415000000005 2.5000000000000004 2008.2600000000002 1115.5000000000002 294.94500000000005 22636.785000000007 35012.500000000007 5.5000000000000009 329.50000000000006 279.50000000000006 6.5000000000000009 4458.295000000001 1.5000000000000002 109.50500000000001 39497.500000000007 18128.445000000003 37.632658883151997 33.700963927733007 34551.950000000004 21086.580000000002 23620.290000000001 2758.8600000000001 299.51000000000005 20672.785000000003 37364.30000000001 22318.674999999999 0.73002224970126528 159.59357142857147
decision_type=2 2 2 10 10 2 2 2 10 10 2 2 2 2 2 2 2 2 2 10 2 2 10 2 2 10 2 2
left_child=1 5 4 6 17 9 8 -8 -4 12 21 27 -1 -13 15 22 -6 -2 -11 -17 23 -5 -3 -16 -19 -18 -22 -7
right_child=2 14 3 10 16 11 7 -9 -10 18 -12 13 -14 -15 20 19 25 24 -20 -21 26 -23 -24 -25 -26 -27 -28 -29
leaf_value=-4.4569886763890585 8.9440269470214755 -0.45273181856854966 3.5580824756622316 26.423262023925787 16.118377431233725 -8.1778096008300789 1.0216892909287885 6.0919641145858279 11.29157442688942 -0.84562307551246263 8.899682846069334 1.6504523130754631 -7.9193376136802094 -2.3767002162940662 -2.6682441711425784 1.115927850214903 23.947774353027345 0.30622251927852623 -5.7703530629475921 0.26513143449011495 -0.79381874895095828 21.180742899576817 -1.6036219589850482 -1.3410027444362642 3.2001925277709962 22.085820960998536 -0.08335105257503915 -8.0213531494140629
leaf_weight=48 3.0000000000000027 76 80 2.9999999999999982 2.9999999999999991 4.9999999999999991 827 58 20 29 5 24 171 163 10.999999999999998 121 4.9999999999999991 3 2.9999999999999991 295 25 3 34 64 5 7.9999999999999991 33 10.999999999999998
leaf_count=48 3 76 80 3 3 5 827 58 20 29 5 24 171 163 11 121 5 3 3 295 25 3 34 64 5 8 33 11
internal_value=0.0862545 -1.88711 2.23323 1.90367 14.3901 -4.59668 1.73477 1.35398 5.10478 -6.41425 17.0282 -2.34934 -7.16047 -1.85985 -0.0204259 0.236331 21.5488 3.97743 -1.30732 0.512599 -1.03587 23.802 -0.808461 -1.53566 2.11495 22.802 -0.389587 -8.07025
internal_weight=2136 1113 1023 996 27 454 985 885 100 251 11 203 219 187 659 526 16 11 32 416 133 6 110 75 8 13 58 16
internal_count=2136 1113 1023 996 27 454 985 885 100 251 11 203 219 187 659 526 16 11 32 416 133 6 110 75 8 13 58 16
is_linear=0
shrinkage=0.05


Tree=11
num_leaves=27
num_cat=0
split_feature=11 3 14 1 1 2 11 8 14 16 0 14 18 1 3 17 17 11 1 1 0 3 0 3 1 16
split_gain=3.35386e+06 2.32673e+06 2.96576e+06 1.1198e+06 917167 801087 696372 479332 277229 842532 244478 211762 167076 160059 71212.4 54197.8 47722.9 35588.5 35021.4 23419.8 20124.4 12278.9 8047.03 1408.86 79.7545 53.6518
threshold=215.18500000000003 0.91755601226045569 1.0000000180025095e-35 22636.785000000007 36487.450000000012 8452.0050000000028 1002.0000000000001 2.5000000000000004 inf 296.47142857142865 29576.650000000005 316.50000000000006 9832.8250000000025 23250.314999999999 0.85065283490952159 282.75834274078255 39.390172227730822 245.22000000000003 27878.885000000006 25389.420000000002 39995.650000000009 0.73354163869595368 34722.200000000004 0.94376973728752434 21093.365000000002 159.59357142857147
decision_type=8 2 8 2 2 2 10 2 8 2 2 10 10 2 2 2 2 10 2 2 2 2 2 2 2 2
left_child=3 5 17 12 6 8 -4 13 14 -10 19 -6 24 -7 -2 18 -9 23 -12 -5 21 -14 -19 -3 -1 -21
right_child=1 2 4 10 11 7 -8 16 9 -11 15 -13 20 -15 -16 -17 -18 22 -20 25 -22 -23 -24 -25 -26 -27
leaf_value=-0.88893603324890158 0.53208250395191004 22.382917785644509 1.8760548488116588 -3.7616520690917947 7.2344838857650764 -4.4555164818670239 12.29533190197415 -0.74405580015370143 2.452115929530839 20.79891119003296 -1.4787936271591622 21.061041090223526 -7.5607827080459131 -1.6033041590138486 1.4782497894663651 -7.7099777857462577 0.23270242170553015 25.120403398786276 -0.021909854086962614 -7.817818603515625 -3.331591192881266 -5.6639475716484924 27.615772501627603 20.850565592447911 -0.60652764320373531 -7.620285103537821
leaf_weight=4.9999999999999982 381 3.0000000000000027 147 5.0000000000000027 3.9999999999999991 102 18 216 59 6.9999999999999991 110 8.9999999999999982 164 95 416 2.9999999999999991 297 6.9999999999999982 66 4.9999999999999991 2.9999999999999991 8.9999999999999982 6 3 5 10.999999999999998
leaf_count=5 381 3 147 5 4 102 18 216 59 7 110 9 164 95 416 3 297 7 66 5 3 9 6 3 5 11
internal_value=-0.0190148 0.901912 6.02447 -4.24192 4.02013 0.26037 3.0127 -0.983634 1.28383 4.39799 -1.64482 16.8067 -7.03449 -3.08008 1.02594 -1.04605 -0.178564 24.802 -0.932462 -6.74859 -7.3917 -7.4621 26.2721 21.6167 -0.747732 -7.68201
internal_weight=2156 1770 197 386 178 1573 165 710 863 66 200 13 186 197 797 179 513 19 176 21 176 173 13 6 10 16
internal_count=2156 1770 197 386 178 1573 165 710 863 66 200 13 186 197 797 179 513 19 176 21 176 173 13 6 10 16
is_linear=0
shrinkage=0.05


Tree=12
num_leaves=28
num_cat=0
split_feature=3 14 15 3 3 16 2 4 0 2 4 5 11 2 0 2 11 4 14 18 2 14 2 11 0 0 3
split_gain=2.83685e+06 2.23359e+06 1.91763e+06 860463 803744 728974 546402 378247 355824 349981 286080 194710 171155 143251 142176 112573 112315 96661.7 90333.8 82392.2 56110.1 45738.4 39437.5 32118.6 28603.7 7262.44 1271.5
threshold=0.91124605517256496 1.0000000180025095e-35 234.16666666666671 0.71460704253877905 0.94872854792453343 400.18500000000006 2939.3400000000006 41785.000000000007 30338.900000000005 12109.665000000003 48055.000000000007 2.5000000000000004 279.50000000000006 5310.0250000000005 35564.750000000007 17097.390000000003 1002.0000000000001 35012.500000000007 125.84000000000002 9832.8250000000025 17721.010000000002 132.21500000000003 13182.745000000001 245.22000000000003 38663.80000000001 34722.200000000004 0.94376973728752434
decision_type=2 8 2 2 2 2 2 2 2 2 2 2 10 2 2 2 10 2 10 10 2 10 2 10 2 2 2
left_child=2 6 3 7 5 16 23 19 18 13 20 24 -10 17 -7 -9 -3 -4 -5 -1 -11 -15 -12 26 -6 -25 -2
right_child=1 4 9 8 11 14 -8 15 12 10 22 -13 -14 21 -16 -17 -18 -19 -20 -21 -22 -23 -24 25 -26 -27 -28
leaf_value=-0.84448925971984856 21.263771057128857 1.8367518474315778 3.1789359149648182 0.19984679619471235 14.90414009094239 8.9685337066650366 3.2297466278076175 -2.80506088576041 -0.45885710384942557 -0.74194194523069146 -2.7701977849006632 4.4653036753336588 8.9086054992675781 1.2085603041505373 22.736918945312496 -6.6932860547846023 6.8380109945933034 1.1166762782728927 -6.469676509048 -7.391033621757261 -7.6203748067220047 0.083932398931849075 -8.3578029886881513 23.864383588518422 20.739549909319194 26.234983825683589 19.808037821451819
leaf_weight=4.9999999999999991 3.0000000000000062 174 67 5.9999999999999991 2.9999999999999982 3 3.9999999999999991 121 197 253 4.0000000000000027 2.9999999999999991 4.9999999999999991 108 5 22 11.999999999999998 374 33 124 2.9999999999999991 555 14.999999999999998 6.9999999999999982 7 6 3
leaf_count=5 3 174 67 6 3 3 4 121 197 253 4 3 5 108 5 22 12 374 33 124 3 555 15 7 7 6 3
internal_value=0.00061562 5.24401 -0.636794 -3.24664 3.60158 2.79506 20.0259 -5.17417 -1.07117 0.334092 -1.26189 15.6373 -0.226989 0.731642 17.5738 -3.40325 2.15941 1.42999 -5.4436 -7.13729 -0.822549 0.26713 -7.18147 23.5619 18.9889 24.9585 20.5359
internal_weight=2122 230 1892 513 207 194 23 272 241 1379 275 13 202 1104 8 143 186 441 39 129 256 663 19 19 10 13 6
internal_count=2122 230 1892 513 207 194 23 272 241 1379 275 13 202 1104 8 143 186 441 39 129 256 663 19 19 10 13 6
is_linear=0
shrinkage=0.05


Tree=13
num_leaves=30
num_cat=0
split_feature=15 3 14 3 11 3 4 3 14 11 18 2 6 2 4 2 7 3 4 16 18 18 13 14 4 11 15 2 2
split_gain=2.57054e+06 1.34157e+06 2.29682e+06 836512 529298 407425 354924 328767 307555 259344 188051 212495 181230 155418 225880 115942 88570.9 88365.2 84341.4 69304.8 60104.4 57732.6 52924.7 50024.1 45589.5 16672.9 6476.91 765.675 61.9685
threshold=240.13333333333335 0.91321976830606333 218.50000000000003 0.71460704253877905 1115.5000000000002 0.94872854792453343 41785.000000000007 0.85065283490952159 1057.0000000000002 329.50000000000006 31811.125000000004 4133.2550000000001 6.5000000000000009 12109.665000000003 48055.000000000007 16688.455000000005 1.5000000000000002 0.89112230110866553 39052.500000000007 221.18928571428575 28198.140000000003 21485.870000000006 209.96000000000001 132.21500000000003 35012.500000000007 245.22000000000003 230.06666666666669 2606.9850000000001 8756.1000000000022
decision_type=2 2 10 2 10 2 2 2 8 8 8 2 2 2 2 2 2 2 2 2 10 10 10 10 2 10 2 2 2
left_child=3 7 19 6 5 -4 16 13 24 -10 11 21 -6 23 -15 20 28 -12 -13 -3 -8 -5 -17 -2 -9 -21 -18 -19 -1
right_child=1 2 4 10 12 -7 15 8 9 -11 17 18 -14 14 -16 22 26 27 -20 25 -22 -23 -24 -25 -26 -27 -28 -29 -30
leaf_value=-0.93737730979919442 1.2454245630523255 14.223815536499007 1.9193217738078592 0.18091100454330422 20.96018218994141 12.816088888380262 -1.6220884506280226 2.7947730042717676 12.297225252787269 0.67504371404647834 12.570256042480469 -4.2387501211727372 7.4980317020416258 -0.73215211985501227 -6.6749542572919056 -7.0472380430802053 -6.9196267425537119 3.3137003580729179 -0.58280340164355493 19.709684371948242 -3.8406625445158982 -7.3424248639275049 0.013679583867390953 0.10961155669124388 1.0807740117241516 23.43715960184733 -8.7548355102539066 2.3353886604309078 -0.61600384314854928
leaf_weight=2.9999999999999991 116 3.0000000000000027 183 3.0000000000000027 4.9999999999999982 8.9999999999999982 72 44 12.000000000000002 7.9999999999999991 2.9999999999999991 17 5 269 17 23.000000000000004 125 2.9999999999999982 219 3.9999999999999991 53 17 2.9999999999999991 590 328 11.999999999999998 4.9999999999999991 6 3
leaf_count=3 116 3 183 3 5 9 72 44 12 8 3 17 5 269 17 23 125 3 219 4 53 17 3 590 328 12 5 6 3
internal_value=-0.0543101 0.959985 4.5775 -2.98754 3.01422 2.43011 -4.86334 0.382332 1.60824 7.64835 -0.978757 -1.26551 14.2291 -0.1021 -1.0854 -3.19464 -6.71609 5.13868 -0.846155 21.1977 -2.56276 -6.21392 -6.23252 0.296232 1.28351 22.5053 -6.99021 2.66149 -0.776691
internal_weight=2160 1605 221 555 202 192 287 1384 392 20 268 256 10 992 286 151 136 12 236 19 125 20 26 706 372 16 130 9 6
internal_count=2160 1605 221 555 202 192 287 1384 392 20 268 256 10 992 286 151 136 12 236 19 125 20 26 706 372 16 130 9 6
is_linear=0
shrinkage=0.05


Tree=14
num_leaves=29
num_cat=0
split_feature=15 3 16 0 3 11 3 3 3 15 4 17 4 3 0 4 18 3 13 4 6 4 3 16 3 3 3 15
split_gain=2.36438e+06 1.32972e+06 1.51782e+06 701899 565807 619496 466958 347427 331735 203230 193230 199891 164416 186344 146497 139917 137028 83384.5 70044.8 57341.8 50968.2 43369.4 27189.7 50445.5 16965.8 7980.83 5433.82 3067.38
threshold=240.13333333333335 0.91124605517256496 266.11285714285719 31280.500000000004 0.94872854792453343 1002.0000000000001 0.71460704253877905 0.91896301605946917 0.81577704503275039 256.72833333333341 35012.500000000007 37.364814778372683 48055.000000000007 0.63623848288194018 39995.650000000009 41785.000000000007 10465.250000000002 0.54590286161578572 14.790000000000001 36337.500000000007 3.5000000000000004 39052.500000000007 0.75866132592084723 112.22357142857145 0.92832395973815274 0.71125000869899424 0.73354163869595368 230.06666666666669
decision_type=2 2 2 2 2 10 2 2 2 2 2 2 2 2 2 2 10 2 10 2 2 2 2 2 2 2 2 2
left_child=3 8 7 16 5 -4 15 -3 12 -6 11 -10 19 -14 18 25 21 -17 -8 -2 -12 -1 27 -24 -9 -5 -23 -18
right_child=1 2 4 6 9 -7 14 24 10 -11 20 -13 13 -15 -16 17 22 -19 -20 -21 -22 26 23 -25 -26 -27 -28 -29
leaf_value=-6.5819686889648485 0.33586680518020806 2.9306354522705043 1.6954635903325386 -6.3728185061750748 4.0377647399902346 11.206769142652814 1.79885542753971 24.358587646484377 9.8826472629200328 17.582943598429363 1.995593944621151 2.5599401898071417 -7.5934290409088137 -0.78384411657849951 10.811688107252122 -6.6416896547589985 -6.6332709944875621 -2.5819611752761231 -0.71027964044593828 -0.55668696738056 0.70474640415697698 -0.61297116726636891 0.19724724292755128 -5.7299543925694065 20.556021673029122 -9.0818206787109386 1.6440638974308961 -8.2571159362792965
leaf_weight=2.9999999999999973 341 3.0000000000000027 173 29 3.9999999999999991 19 33 3.9999999999999991 10.999999999999998 8.9999999999999982 92 61 15.999999999999998 27 2.9999999999999991 13.999999999999998 95 131 177 381 453 7.9999999999999991 3.9999999999999991 35 10.999999999999998 2.9999999999999991 4.0000000000000009 2.9999999999999991
leaf_count=3 341 3 173 29 4 19 33 4 11 9 92 61 16 27 3 14 95 131 177 381 453 8 4 35 11 3 4 3
internal_value=-0.0044232 0.959793 4.54253 -2.85971 3.3202 2.63669 -1.73641 18.4635 0.381682 13.4152 1.24426 3.67869 -0.314021 -3.31764 -0.159259 -3.63434 -5.74187 -2.97393 -0.315987 -0.135135 0.922651 -1.20489 -6.23862 -5.12204 21.57 -6.62679 0.139374 -6.68298
internal_weight=2147 1605 223 542 205 192 390 18 1382 13 617 72 765 43 213 177 152 145 210 722 545 15 137 39 15 32 12 98
internal_count=2147 1605 223 542 205 192 390 18 1382 13 617 72 765 43 213 177 152 145 210 722 545 15 137 39 15 32 12 98
is_linear=0
shrinkage=0.05


Tree=15
num_leaves=30
num_cat=0
split_feature=15 2 14 1 1 11 2 0 0 14 2 11 4 2 7 17 13 2 4 1 1 0 12 12 0 5 11 0 2
split_gain=2.22722e+06 1.25154e+06 1.98734e+06 910379 671321 546919 321140 204419 159667 131977 222441 125852 114012 97578.9 81628 116090 85579.5 75457.3 74438.3 34607.8 31111.2 19995.8 9574.96 8710.14 1040.01 496.093 299.073 131.17 25.9229
threshold=234.16666666666671 2855.9750000000004 218.50000000000003 23067.700000000001 36487.450000000012 1115.5000000000002 10056.090000000002 30338.900000000005 40189.600000000006 inf 4510.4000000000005 284.57000000000005 40910.000000000007 13182.745000000001 1.5000000000000002 97.163863275038992 279.50000000000006 3318.8250000000003 39905.000000000007 17921.630000000005 25389.420000000002 33464.05000000001 288.63500000000005 239.30000000000004 33242.450000000004 1.0000000180025095e-35 294.94500000000005 31654.150000000005 14696.625000000002
decision_type=2 2 10 2 2 10 2 2 2 8 2 10 2 2 2 2 10 2 2 2 2 2 10 10 2 2 10 2 2
left_child=3 2 21 11 5 -4 9 20 18 17 -11 14 19 -14 15 -1 -16 -3 -9 -8 -5 24 -23 -6 -2 -22 27 -13 -28
right_child=1 6 4 7 23 -7 12 8 -10 10 -12 26 13 -15 16 -17 -18 -19 -20 -21 25 22 -24 -25 -26 -27 28 -29 -30
leaf_value=-0.8083929040215232 17.499432881673155 2.0564989234209063 1.7436983982407595 -1.9982966232299793 16.704459381103515 14.415550231933594 -0.8516435731124754 1.5241221013582416 11.027542527516683 7.8086775037977434 1.3597366052178237 -0.72949129740397145 -1.1816389976938566 -4.4996050486197836 -6.0491988977023539 -5.6619738442557201 -1.049733853340149 0.59826831237552802 -0.93581580575467282 0.29959981358957055 -7.0685139973958249 20.877447509765627 24.139172363281251 20.268486022949215 18.816000366210933 -6.3599954877580913 -0.44878034889698037 -1.1668579220771789 -0.61955276727676389
leaf_weight=22 3.0000000000000027 100 158 5.0000000000000027 3.9999999999999991 8.9999999999999982 96 36 2.9999999999999991 18 52 2.9999999999999991 150 26 175 28 8.9999999999999982 786 211 204 3.0000000000000027 8.9999999999999982 2.9999999999999991 3 3 13.999999999999998 3.9999999999999982 4 5
leaf_count=22 3 100 158 5 4 9 96 36 3 18 52 3 150 26 175 28 9 786 211 204 3 9 3 3 3 14 4 4 5
internal_value=-0.00534225 0.907885 4.69859 -2.84649 3.06246 2.42661 0.399634 -0.844644 -0.438024 0.927983 3.01804 -5.0245 -0.661502 -1.67179 -5.31785 -3.5264 -5.80466 0.762854 -0.577282 -0.0687981 -5.46532 20.5145 21.6929 18.2319 18.1577 -6.48503 -0.734299 -0.979415 -0.543654
internal_weight=2146 1624 192 522 174 167 1432 272 250 956 70 250 476 176 234 50 184 886 247 300 22 18 12 7 6 17 16 7 9
internal_count=2146 1624 192 522 174 167 1432 272 250 956 70 250 476 176 234 50 184 886 247 300 22 18 12 7 6 17 16 7 9
is_linear=0
shrinkage=0.05


Tree=16
num_leaves=31
num_cat=0
split_feature=1 8 3 14 1 11 1 14 18 11 11 2 11 16 18 13 4 1 1 0 18 1 11 14 12 12 1 3 3 16
split_gain=2.03046e+06 1.22422e+06 816635 1.61261e+06 557892 573254 399158 359048 436663 865722 214128 129884 85175.3 81124.6 77872.7 71582.6 44840.7 45266.3 25840.2 24461.7 15854.7 14067.1 10376.4 9708.7 9592.77 7610.04 5387.74 2255.66 1897.92 712.277
threshold=26423.415000000005 2.5000000000000004 0.91755601226045569 1.0000000180025095e-35 37020.420000000006 1115.5000000000002 22402.765000000007 inf 20581.090000000007 329.50000000000006 279.50000000000006 4458.295000000001 248.14500000000001 105.7157142857143 9832.8250000000025 124.90500000000002 39497.500000000007 18026.725000000002 27878.885000000006 33633.30000000001 21086.580000000002 21617.105 279.50000000000006 1.0000000180025095e-35 302.50000000000006 288.63500000000005 24929.985000000004 0.62451261378539924 0.94376973728752434 299.35714285714295
decision_type=2 2 2 8 2 10 2 8 10 8 10 2 10 2 10 10 2 2 2 2 10 2 10 8 10 10 2 2 2 2
left_child=1 6 7 19 5 -5 10 12 22 -10 14 -8 18 -13 -1 -14 17 24 -2 28 -19 27 -9 -12 -3 -21 -23 -18 -4 -6
right_child=2 16 3 4 29 -7 11 8 9 -11 23 13 15 -15 -16 -17 21 20 -20 25 -22 26 -24 -25 -26 -27 -28 -29 -30 -31
leaf_value=-0.53387532606720922 -0.85177455228917742 -0.45684307831706428 17.684482192993148 1.8663601621621995 16.389274597167969 14.197307567596438 -6.0521573235006896 2.2286800384521479 32.725730133056643 -0.17035033702850336 -0.40329290795326228 1.4404349642140526 6.5221694946289066 -1.8514985568474893 -5.561369397674782 1.0297816900224797 -2.167092723846435 0.8502359997219413 0.28401136142051608 19.922302246093754 0.17124246959433412 -0.87437919675157616 5.0305645942687995 -3.413517951965332 -1.480835361821311 22.932214355468744 -0.064318280816078197 -1.2473801565170288 16.020809936523431 17.408459472656247
leaf_weight=7.9999999999999991 68 66 4.0000000000000027 164 2.9999999999999991 9.9999999999999982 17 19.000000000000007 3.9999999999999991 4.0000000000000009 25.000000000000004 21 5.9999999999999991 172 207 526 20.000000000000004 121 190 6.9999999999999982 297 65 3.9999999999999991 2.9999999999999991 35 3 30 9.9999999999999982 3 4
leaf_count=8 68 66 4 164 3 10 17 19 4 4 25 21 6 172 207 526 20 121 190 7 297 65 4 3 35 3 30 10 3 4
internal_value=0.0253892 -1.46738 1.63242 4.5147 3.13181 2.57504 -3.45892 0.937306 6.21576 16.2777 -4.83867 -1.86236 0.730177 -1.49331 -5.3743 1.09173 -0.0664956 0.13826 -0.0153431 19.2384 0.367793 -0.916639 2.71596 -0.725817 -0.811692 20.8253 -0.61857 -1.86052 16.9715 16.9717
internal_weight=2116 1097 1019 198 181 174 453 821 31 8 243 210 790 193 215 532 644 519 258 17 418 125 23 28 101 10 95 30 7 7
internal_count=2116 1097 1019 198 181 174 453 821 31 8 243 210 790 193 215 532 644 519 258 17 418 125 23 28 101 10 95 30 7 7
is_linear=0
shrinkage=0.05


Tree=17
num_leaves=29
num_cat=0
split_feature=15 3 14 3 3 11 3 4 2 15 18 2 4 3 14 2 2 17 18 4 3 18 7 4 11 4 3 2
split_gain=1.72788e+06 1.09916e+06 1.35049e+06 531863 442518 448458 334719 251745 231244 156243 141182 162684 117819 118885 104971 187354 97020.3 82798.7 72394.2 53699.4 49351.9 43151.6 41323.2 29242.8 21712.2 20168.8 5884.22 1385.67
threshold=240.13333333333335 0.91124605517256496 218.50000000000003 0.71460704253877905 0.94872854792453343 1002.0000000000001 0.91755601226045569 41785.000000000007 10290.680000000002 256.72833333333341 31811.125000000004 4133.2550000000001 48055.000000000007 0.64205613810529527 inf 4510.4000000000005 15071.420000000002 32.903826946232208 21917.695000000003 39052.500000000007 0.85065283490952159 21485.870000000006 1.5000000000000002 40910.000000000007 245.22000000000003 46250.000000000007 0.71010506208246471 2606.9850000000001
decision_type=2 2 10 2 2 10 2 2 2 2 8 2 2 2 8 2 2 2 10 2 2 10 2 2 10 2 2 2
left_child=3 8 6 7 5 -4 -3 22 14 -6 11 21 23 -14 20 -16 25 27 -18 -13 -2 -5 -1 -10 -8 -9 -24 -12
right_child=1 2 4 10 9 -7 24 16 12 -11 17 19 13 -15 15 -17 18 -19 -20 -21 -22 -23 26 -25 -26 -27 -28 -29
leaf_value=-0.59983759834431116 0.28508015635419531 2.4220872879028299 1.4122424711855506 0.37200365861256879 3.4868039131164554 9.9228408532984123 15.847708129882804 -0.94807257078728591 -0.094915329198955234 15.363362109909454 2.888548533121746 -3.4122715585372028 -6.3982971640194171 -0.48506817607318659 7.5856618245442711 1.2815508995137432 -0.79485629471865571 11.779318682352699 -5.4148904181815487 -0.49508392024938375 1.0434792897072234 -6.0807102203369148 -5.6925790386039674 -1.0032378446686177 19.483938598632815 -2.4461489353424466 -7.4435008239746097 1.5292963886260984
leaf_weight=3.9999999999999991 486 4.0000000000000027 173 3.0000000000000027 3.9999999999999991 17 6.0000000000000027 53 283 8.9999999999999982 2.9999999999999982 17 17 17 14.999999999999998 55 10.999999999999998 3 37 219 384 19 119 129 12.999999999999998 39 4.9999999999999991 5
leaf_count=4 486 4 173 3 4 17 6 53 283 9 3 17 17 17 15 55 11 3 37 219 384 19 119 129 13 39 5 5
internal_value=0.0337523 0.852053 4.08535 -2.42267 2.78435 2.17372 15.5681 -3.99916 0.324834 11.709 -0.852042 -1.08856 -0.612771 -3.44168 0.769697 2.63243 -2.53387 4.69546 -4.35613 -0.70522 0.619822 -5.20079 -5.60183 -0.379317 18.3357 -1.58313 -5.76318 2.03902
internal_weight=2149 1612 226 537 203 190 23 268 1386 13 269 258 446 34 940 70 140 11 48 236 870 22 128 412 19 92 124 8
internal_count=2149 1612 226 537 203 190 23 268 1386 13 269 258 446 34 940 70 140 11 48 236 870 22 128 412 19 92 124 8
is_linear=0
shrinkage=0.05


Tree=18
num_leaves=31
num_cat=0
split_feature=15 3 14 1 1 11 2 14 15 16 0 11 7 17 4 1 2 3 4 14 1 4 0 16 16 2 16 15 3 16
split_gain=1.6528e+06 1.03884e+06 1.38193e+06 679762 525364 438224 217067 139803 294515 117331 115212 104690 97662.4 93957.2 84158 92822.2 58570.8 43276.1 30379.4 27336.8 26861.9 21495.8 13893.7 9186.61 748.826 670.486 416.138 90.1768 80.8853 60.8516
threshold=240.13333333333335 0.91321976830606333 218.50000000000003 22636.785000000007 37020.420000000006 1118.5000000000002 10290.680000000002 inf 312.60000000000008 221.18928571428575 30338.900000000005 284.57000000000005 1.5000000000000002 97.163863275038992 48055.000000000007 23770.095000000001 8029.3500000000013 0.85065283490952159 40910.000000000007 224.60500000000005 27820.620000000006 39905.000000000007 34722.200000000004 180.95214285714289 299.35714285714295 5517.4900000000007 76.214285714285737 173.66333333333338 0.56068100712559821 159.59357142857147
decision_type=2 2 10 2 2 8 2 8 2 2 2 10 2 2 2 2 2 2 2 10 2 2 2 2 2 2 2 2 2 2
left_child=3 6 9 11 5 -4 7 17 -9 -3 21 12 13 -1 18 -16 19 -2 -8 -12 -18 25 -11 -14 -6 -5 27 -13 -28 -23
right_child=1 2 4 10 24 -7 14 8 -10 22 16 26 23 -15 15 -17 20 -19 -20 -21 -22 29 -24 -25 -26 -27 28 -29 -30 -31
leaf_value=-0.5074706680748774 0.2623093232573796 7.0381347656249922 1.7974565873517419 -1.6535313129425042 14.802380752563474 15.520767656962077 -0.11609536220414052 1.6445076970478238 11.354770045810277 16.736302312215166 0.89812640475504324 -0.74121956825256352 -5.1339564076855657 -5.1933429360389711 -5.9408416239420578 -0.54448126624612248 -1.5441895985513703 0.97300964862730732 -1.0530804203616249 -0.57015400366918723 0.11213684956232706 -5.5405229296003062 19.683090718587241 -5.9745885976155604 15.769868469238279 -2.642364883422851 -0.50144005928720758 -1.1288980166117346 -0.19113054076830541 -5.3386594772338869
leaf_weight=23 486 3.0000000000000027 191 4.0000000000000009 4 5.9999999999999991 276 59 8.9999999999999982 12.000000000000002 66 2.9999999999999991 117 20 14.999999999999998 17 133 383 126 61 30 7.0000000000000009 5.9999999999999991 45 4 3 6.9999999999999982 3 3 7.9999999999999991
leaf_count=23 486 3 191 4 4 6 276 59 9 12 66 3 117 20 15 17 133 383 126 61 30 7 6 45 4 3 7 3 3 8
internal_value=0.0313281 0.835968 3.97689 -2.37957 2.7255 2.21543 0.318209 0.746386 2.92969 16.1928 -0.876764 -4.50119 -4.80521 -2.68695 -0.606219 -3.07403 -0.612125 0.575541 -0.409777 0.192889 -1.23934 -4.36519 17.7186 -5.36747 15.2861 -2.07732 -0.605864 -0.935059 -0.408347 -5.43286
internal_weight=2130 1597 226 533 205 197 1371 937 68 21 312 221 205 43 434 32 290 869 402 127 163 22 18 162 8 7 16 6 10 15
internal_count=2130 1597 226 533 205 197 1371 937 68 21 312 221 205 43 434 32 290 869 402 127 163 22 18 162 8 7 16 6 10 15
is_linear=0
shrinkage=0.05


Tree=19
num_leaves=29
num_cat=0
split_feature=15 3 14 1 1 11 3 3 14 18 0 0 11 4 1 7 17 13 3 4 7 4 0 0 3 17 3 0
split_gain=1.51017e+06 686826 1.02159e+06 684525 377337 359537 272770 185240 152557 231661 133488 103883 81259.2 76209.4 101142 72516.8 93102.2 66033.2 52883.1 49713.5 40267.6 40015.4 14678.8 4944.46 2922.82 1671.47 537.018 223.129
threshold=240.13333333333335 0.91124605517256496 218.50000000000003 23067.700000000001 37020.420000000006 1118.5000000000002 0.91755601226045569 0.82128498598804167 inf 20581.090000000007 31053.350000000002 40189.600000000006 269.50000000000006 48055.000000000007 23139.670000000002 1.5000000000000002 97.163863275038992 279.50000000000006 0.87729658351622763 41785.000000000007 1.5000000000000002 36337.500000000007 33242.450000000004 29917.850000000002 0.57673237745512995 105.92244980088462 0.56068100712559821 40328.000000000007
decision_type=2 2 10 2 2 8 2 2 8 10 2 2 10 2 2 2 2 10 2 2 2 2 2 2 2 2 2 2
left_child=3 7 6 12 5 -4 -3 13 20 -10 18 19 15 21 -15 16 -1 -17 25 -12 -9 -2 -8 -20 26 -5 -14 -6
right_child=1 2 4 10 27 -7 22 8 9 -11 11 -13 24 14 -16 17 -18 -19 23 -21 -22 -23 -24 -25 -26 -27 -28 -29
leaf_value=-0.47754357246061163 0.34176340043586867 2.1007043123245221 1.5423536137423732 -0.13657002846399927 14.289031473795573 16.692172241210937 13.963878631591786 1.5987554169259965 1.9538324575424195 11.72931571006775 1.4571871772889169 7.6932580471038818 -0.76471877942482602 -6.1368360837300626 -0.58737990558147435 -5.0632321942514844 -4.7961415474231428 -0.42076600790023805 -5.1728820037841787 -0.67307494676493596 0.58519210355204831 -0.38938690736533266 17.427557020920975 -7.3964968363444017 -2.2536764939626059 -1.5204876840114594 -0.11843657612800598 14.898853047688798
leaf_weight=24 354 4.0000000000000027 187 3.0000000000000027 2.9999999999999991 3.9999999999999991 4.0000000000000027 128 25 7.9999999999999991 31 3.9999999999999991 9.0000000000000018 11.999999999999998 26 180 26 7.9999999999999991 15.000000000000002 235 418 397 12.999999999999998 2.9999999999999991 2.9999999999999991 7.9999999999999991 4.9999999999999991 3
leaf_count=24 354 4 187 3 3 4 4 128 25 8 31 4 9 12 26 180 26 8 15 235 418 397 13 3 3 8 5 3
internal_value=-0.0265156 0.758502 3.365 -2.27388 2.24747 1.85963 13.8484 0.34314 1.02233 4.32365 -0.65078 -0.304544 -4.17704 -0.15528 -2.33984 -4.41558 -2.72321 -4.86568 -3.87436 -0.424811 0.822804 -0.0447435 16.6126 -5.54348 -0.837393 -1.14306 -0.533904 14.5939
internal_weight=2140 1586 218 554 197 191 21 1368 579 33 299 270 255 789 38 238 50 188 29 266 546 751 17 18 17 11 14 6
internal_count=2140 1586 218 554 197 191 21 1368 579 33 299 270 255 789 38 238 50 188 29 266 546 751 17 18 17 11 14 6
is_linear=0
shrinkage=0.05


Tree=20
num_leaves=28
num_cat=0
split_feature=1 8 2 1 4 1 14 17 17 15 4 0 2 4 16 4 6 3 16 2 8 1 5 3 17 0 1
split_gain=1.36914e+06 877934 594538 323406 270684 264668 301691 257397 1.12382e+06 165805 111831 128132 93904.7 72191.6 56491.8 33625.9 32850 30681.8 27152.9 22648.7 18007.2 19782.4 13504.8 11212.1 10918.9 465.455 154.082
threshold=26809.770000000004 2.5000000000000004 1965.8250000000003 22695.230000000007 35012.500000000007 31233.625000000004 13.680000000000001 37.364814778372683 35.873827382138458 256.72833333333341 42910.000000000007 34238.55000000001 4458.295000000001 37487.500000000007 105.7157142857143 36337.500000000007 6.5000000000000009 0.62305854512470271 24.285714285714288 4510.4000000000005 4.5000000000000009 22794.790000000005 1.0000000180025095e-35 0.52980242908963027 48.061391605322036 29680.300000000003 18462.840000000004
decision_type=2 2 2 2 2 2 10 2 2 2 2 2 2 2 2 2 2 2 2 2 2 2 2 2 2 2 2
left_child=1 3 9 10 7 13 -7 8 -4 -2 18 -12 25 -6 -14 17 -11 23 -1 -9 21 -17 -19 -3 -18 -5 -22
right_child=2 15 4 12 5 6 -8 19 -10 16 11 -13 14 -15 -16 20 24 22 -20 -21 26 -23 -24 -25 -26 -27 -28
leaf_value=-3.3485292728870144 3.012734909057615 -1.9187124252319336 2.9950520197550459 -4.8977574568528404 1.2565234355070967 6.5676567337968779 1.5819082721513003 3.0757413249904828 37.209800720214844 9.3188202222188306 -0.39129997063905764 -4.3713132023811339 1.2843918577484463 -0.035380733574223694 -1.3577784698434352 -1.0356718265197493 17.823275756835944 1.4355993233266331 -4.9759231901249379 0.83875457218715133 0.92781272888183519 -0.17107582513119535 0.45421846269998911 -0.18129193707154348 14.128876241048175 -5.5886915842692062 1.2581786870956422
leaf_weight=31 5.0000000000000027 9.9999999999999982 11.999999999999998 12.999999999999998 147 34 282 59 2.9999999999999991 2.9999999999999991 39 42 23 409 168 110 2.9999999999999982 42 148 13.999999999999998 5.0000000000000027 166 212 130 6 2.9999999999999991 11.999999999999998
leaf_count=31 5 10 12 13 147 34 282 59 3 3 39 42 23 409 168 110 3 42 148 14 5 166 212 130 6 3 12
internal_value=0.0163448 -1.14978 1.39374 -2.82248 1.2296 0.962886 2.11835 3.87252 9.838 10.6625 -3.99653 -2.45501 -1.34784 0.306184 -1.03961 -0.0127378 13.85 0.28892 -4.69408 2.64673 -0.41838 -0.515661 0.616494 -0.305393 15.3603 -5.02731 1.16101
internal_weight=2131 1154 977 467 960 872 316 88 15 17 260 81 207 556 191 687 12 394 179 73 293 276 254 140 9 16 17
internal_count=2131 1154 977 467 960 872 316 88 15 17 260 81 207 556 191 687 12 394 179 73 293 276 254 140 9 16 17
is_linear=0
shrinkage=0.05


Tree=21
num_leaves=30
num_cat=0
split_feature=15 3 14 1 1 11 3 2 4 2 0 11 14 15 3 4 16 3 1 16 1 0 2 6 0 12 3 17 3
split_gain=1.21399e+06 741463 820087 461789 353926 288974 236654 172609 116520 116009 95551.3 74163.4 72825.1 224225 50939.8 46330.1 44409.9 43004.6 35978 83192.3 32862.9 20830.8 19441.9 6539.79 4840.4 2764.73 2537.03 1313.17 232.758
threshold=234.16666666666671 0.91124605517256496 218.50000000000003 23067.700000000001 36487.450000000012 1002.0000000000001 0.91755601226045569 12109.665000000003 48055.000000000007 2987.4750000000004 31053.350000000002 269.50000000000006 inf 323.40000000000003 0.82018965932718146 41785.000000000007 267.41428571428577 0.87729658351622763 19825.500000000004 107.96214285714287 27878.885000000006 33464.05000000001 13182.745000000001 2.5000000000000004 29680.300000000003 252.88000000000002 0.57673237745512995 105.92244980088462 0.56068100712559821
decision_type=2 2 10 2 2 10 2 2 2 2 2 10 8 2 2 2 2 2 2 2 2 2 2 2 2 10 2 2 2
left_child=3 7 6 11 5 -4 -3 12 16 -6 17 18 14 -14 -2 23 -9 27 25 -20 -17 -8 -10 -12 -19 -1 28 -5 -13
right_child=1 2 4 10 9 -7 21 8 22 -11 15 26 13 -15 -16 20 -18 24 19 -21 -22 -23 -24 -25 -26 -27 -28 -29 -30
leaf_value=-4.7362135254934934 0.018566629559689657 1.8323621988296492 1.1192192935687633 -0.14992495377858461 12.41167949329723 7.7950964954164297 12.979578526814771 -4.2634039521217346 -1.6756159335374818 1.3193693240483604 3.3277710914611789 -0.55452607100208573 1.4233566783541858 15.329183387756348 0.72074222464068605 -1.1936508433740647 -0.48119266271161348 -4.6637044361659452 0.58846253007650373 -3.7958804543180897 0.046604911437944367 16.642060158469459 -5.628208487374442 1.1560907964523022 -6.8768530527750658 -4.002422434488933 -2.0289093335469564 -1.3765743732452393 -0.11411163862794638
leaf_weight=89 473 4.0000000000000027 163 3.0000000000000027 10.999999999999998 18 6.0000000000000027 7.9999999999999991 4.0000000000000027 2.9999999999999991 4.0000000000000027 12.000000000000005 86 2.9999999999999991 569 122 260 14.000000000000002 11.999999999999998 110 95 10.999999999999998 13.999999999999998 26 2.9999999999999991 14.999999999999998 2.9999999999999991 7.9999999999999991 3.9999999999999991
leaf_count=89 473 4 163 3 11 18 6 8 4 3 4 12 86 3 569 122 260 14 12 110 95 11 14 26 3 15 3 8 4
internal_value=-0.0122568 0.657726 3.38658 -2.11626 2.37554 1.78312 12.7747 0.241754 -0.855646 10.0348 -0.709866 -3.69487 0.519258 1.89209 0.402 -0.396067 -0.594094 -3.47803 -3.9471 -3.36463 -0.650682 15.3494 -4.74985 1.44565 -5.05426 -4.63038 -0.694605 -1.04203 -0.444422
internal_weight=2153 1633 216 520 195 181 21 1417 286 14 275 245 1131 89 1042 247 268 28 226 122 217 17 18 30 17 104 19 11 16
internal_count=2153 1633 216 520 195 181 21 1417 286 14 275 245 1131 89 1042 247 268 28 226 122 217 17 18 30 17 104 19 11 16
is_linear=0
shrinkage=0.05


Tree=22
num_leaves=31
num_cat=0
split_feature=1 8 3 14 3 11 4 17 17 1 16 11 3 7 1 1 4 16 18 3 18 14 0 11 4 11 18 7 12 0
split_gain=1.12391e+06 672622 511758 1.0627e+06 356235 396668 232548 469537 779939 226430 170645 144144 77137.6 62209.8 55590.3 165922 61654.7 43623 32184.6 23829.8 17503.6 15747.4 13084.2 12935.4 12372.5 9835.19 6991.4 6033.3 5134.65 720.842
threshold=26423.415000000005 2.5000000000000004 0.91516242700719486 1.0000000180025095e-35 0.94872854792453343 1115.5000000000002 35012.500000000007 37.364814778372683 35.873827382138458 22841.780000000006 287.79214285714289 269.50000000000006 0.87849626940544667 1.5000000000000002 31678.030000000002 31743.855000000003 39905.000000000007 109.50500000000001 21054.630000000001 0.63207369531421598 20790.460000000003 255.50000000000003 33464.05000000001 297.94500000000005 37329.500000000007 290.60500000000008 18508.505000000005 5.5000000000000009 288.63500000000005 33242.450000000004
decision_type=2 2 2 8 2 10 2 2 2 2 2 10 2 2 2 2 2 2 10 2 10 8 2 10 2 10 10 2 10 2
left_child=1 9 6 22 5 -5 7 8 -2 11 -6 13 17 -1 16 -16 -8 -11 25 23 -9 -13 29 -20 -21 27 -27 -3 -24 -4
right_child=2 18 3 4 10 -7 14 20 -10 12 -12 21 -14 -15 15 -17 -18 -19 19 24 -22 -23 28 -25 -26 26 -28 -29 -30 -31
leaf_value=-2.3346493673821289 1.3208524227142335 0.51816907389089462 12.265942637125637 1.1832460534793359 2.5802880859375001 13.340082168579102 0.87282766759532948 3.1558444520701534 35.046379089355462 1.1429343265035878 14.100864834255644 -0.058683216919501624 -4.4144276114071124 -4.3570122275521852 12.874920177459718 1.0146524149644582 -0.18872448919290627 -1.2031830848565885 -1.0810294782171155 0.25143778706430503 1.3900337318579357 -3.8580373446146647 14.97427503797743 -0.21421811141322059 -0.38464409543004463 3.399707603454587 1.1189324424380349 -0.5786754710333688 17.12728385925293 13.362027740478513
leaf_weight=48 3.9999999999999991 120 3.0000000000000027 162 4.9999999999999991 6.9999999999999991 217 23 3 23 8.9999999999999982 30 17 183 2.9999999999999991 173 370 143 101 202 36 2.9999999999999991 8.9999999999999982 75 123 4.0000000000000027 21 13.999999999999998 3.9999999999999991 3
leaf_count=48 4 120 3 162 5 7 217 23 3 23 9 30 17 183 3 173 370 143 101 202 36 3 9 75 123 4 21 14 4 3
internal_value=0.0456879 -1.06065 1.23358 3.49028 2.32172 1.68678 0.683695 3.53103 15.7746 -2.55826 9.98637 -3.49519 -1.20663 -3.93678 0.437399 1.21682 0.203706 -0.878119 -0.0463574 -0.243056 2.0784 -0.404079 14.7453 -0.71165 0.0107053 0.573429 1.48386 0.403573 15.6367 12.814
internal_weight=2138 1107 1031 202 183 169 829 66 7 447 14 264 183 231 763 176 587 166 660 501 59 33 19 176 325 159 25 134 13 6
internal_count=2138 1107 1031 202 183 169 829 66 7 447 14 264 183 231 763 176 587 166 660 501 59 33 19 176 325 159 25 134 13 6
is_linear=0
shrinkage=0.05


Tree=23
num_leaves=28
num_cat=0
split_feature=15 3 14 1 1 11 3 2 12 4 18 11 0 11 7 11 3 13 1 3 0 4 18 0 2 11 11
split_gain=1.00129e+06 610102 600460 414902 399321 351345 182497 128785 128677 123985 88750.2 331473 81425.4 62645.2 57765.5 70870.9 59205.3 51876.1 37387.1 35753.8 33100.5 29506.5 26418.7 15771.4 9019.37 7014.57 188.523
threshold=234.16666666666671 0.91124605517256496 218.50000000000003 23067.700000000001 36487.450000000012 1118.5000000000002 0.91755601226045569 12109.665000000003 282.10000000000008 48055.000000000007 21384.035000000007 309.50000000000006 31053.350000000002 255.50000000000003 1.5000000000000002 284.57000000000005 0.55065387518197906 279.50000000000006 31678.030000000002 0.87729658351622763 29680.300000000003 41785.000000000007 21054.630000000001 33464.05000000001 13182.745000000001 200.50000000000003 294.94500000000005
decision_type=2 2 10 2 2 10 2 2 10 2 10 10 2 8 2 10 2 10 2 2 2 2 10 2 2 8 10
left_child=3 7 6 14 5 -4 -3 10 12 22 11 -2 19 -6 16 17 25 -16 -12 -5 -18 -14 -9 -8 -11 -1 -17
right_child=1 2 4 8 13 -7 23 9 -10 24 18 -13 21 -15 15 26 20 -19 -20 -21 -22 -23 -24 -25 -26 -27 -28
leaf_value=-5.0698496731844829 1.110284626988882 1.735138082504271 1.2997719347476959 -0.95110112103548894 13.140241919623485 14.730889434814452 11.895662907191685 0.30995838970348644 9.7208173751831062 -2.1566027800242078 0.078236709383580488 17.844340642293297 1.2322283220291137 4.797236982981361 -4.1958893171615079 -0.73957751819065642 -3.4286625325679783 -0.30608983304765491 0.96822742671040563 -4.5693446477254236 0.26646486425399785 -0.57965878487170286 -0.8160040314425715 15.060091484917535 -5.1441472291946413 -2.6247881889343252 -0.39360462568131172
leaf_weight=10.999999999999996 218 4.0000000000000027 186 11.000000000000002 8.9999999999999964 4.9999999999999991 6.9999999999999991 74 2.9999999999999991 3.0000000000000027 751 2.9999999999999991 25 3.0000000000000009 180 6.9999999999999991 7.9999999999999991 8.9999999999999982 140 18 25 222 176 8.9999999999999982 15.999999999999998 4.0000000000000009 8.9999999999999982
leaf_count=11 218 4 186 11 9 5 7 74 3 3 751 3 25 3 180 7 8 9 140 18 25 222 176 9 16 4 9
internal_value=-0.0285357 0.594915 3.0216 -1.90826 2.20722 1.65137 11.2876 0.203061 -0.578589 -0.778647 0.440542 1.33744 -0.690539 11.0545 -3.37458 -3.74017 -1.81323 -4.01066 0.218078 -3.19691 -0.629324 -0.396269 -0.482719 13.6757 -4.67243 -4.41783 -0.544968
internal_weight=2136 1604 223 532 203 191 20 1381 279 269 1112 221 276 12 253 205 48 189 891 29 33 247 250 16 19 15 16
internal_count=2136 1604 223 532 203 191 20 1381 279 269 1112 221 276 12 253 205 48 189 891 29 33 247 250 16 19 15 16
is_linear=0
shrinkage=0.05


Tree=24
num_leaves=29
num_cat=0
split_feature=15 3 14 1 1 11 3 3 13 18 0 4 1 1 11 18 13 4 1 3 14 0 6 16 5 16 17 18
split_gain=935651 446835 508955 377137 304998 237521 158657 137273 262717 115574 65244.1 55954.8 89102.6 87633.2 52888.9 48181.2 43834.4 37983.2 31550.6 31245.3 27696.3 9745.18 5822.64 4922.23 1606.19 1260.78 1031.4 544.021
threshold=244.40000000000003 0.91124605517256496 218.50000000000003 23067.700000000001 37020.420000000006 1002.0000000000001 0.91755601226045569 0.85065283490952159 349.50000000000006 21685.335000000006 31053.350000000002 48055.000000000007 31678.030000000002 23770.095000000001 269.50000000000006 10465.250000000002 269.50000000000006 41785.000000000007 27878.885000000006 0.87729658351622763 1.0000000180025095e-35 33765.05000000001 3.5000000000000004 172.69000000000003 3.5000000000000004 299.35714285714295 105.92244980088462 26090.325000000004
decision_type=2 2 10 2 2 10 2 2 10 8 2 2 2 2 10 10 10 2 2 2 8 2 2 2 2 2 2 8
left_child=3 7 6 14 5 -4 -3 11 9 -9 19 12 -2 -13 15 20 -17 22 -19 26 -1 -8 -12 -21 27 -6 -5 -16
right_child=1 2 4 10 25 -7 21 8 -10 -11 17 13 -14 -15 24 16 -18 18 -20 23 -22 -23 -24 -25 -26 -27 -28 -29
leaf_value=0.46464509566624951 -0.033828331165395742 1.6483811855316148 1.0486031626140215 -0.11291840871175117 10.882012557983396 7.5959272130330406 11.294825490315755 2.4728307749314977 15.788543955485025 0.45219816050643252 3.0493770599365209 -4.6622886300086979 2.9927192249298096 -0.46647044088957568 -0.53517989218235007 -3.7790165785157566 -0.78541208872428303 -1.0909322194487072 0.031278833956049204 -3.943942818274865 -3.9646018981933597 13.896264224582248 1.0052915824232278 -6.1908172607421879 -1.4741384863853455 12.13739318847656 -1.2000314533710481 0.15476120933890336
leaf_weight=12.000000000000002 892 4.0000000000000027 181 3.0000000000000027 4 14.999999999999998 5.9999999999999991 93 2.9999999999999991 296 4.0000000000000027 15.999999999999998 25 56 10 206 12.999999999999998 139 114 12.999999999999998 4.9999999999999991 8.9999999999999982 27 2.9999999999999991 3.9999999999999991 4 7.9999999999999991 4.0000000000000009
leaf_count=12 892 4 181 3 4 15 6 93 3 296 4 16 25 56 10 206 13 139 114 13 5 9 27 3 4 4 8 4
internal_value=-0.023847 0.592491 2.66925 -1.77359 1.94026 1.54967 10.4963 0.257142 1.04895 0.93528 -0.606161 -0.0566995 0.0486839 -1.39887 -3.20301 -3.40227 -3.60131 -0.382864 -0.585272 -2.95492 -0.838075 12.8557 1.26904 -4.36523 -0.590517 11.5097 -0.903546 -0.338054
internal_weight=2169 1604 223 565 204 196 19 1381 392 389 311 989 917 72 254 236 219 284 253 27 17 15 31 16 18 8 11 14
internal_count=2169 1604 223 565 204 196 19 1381 392 389 311 989 917 72 254 236 219 284 253 27 17 15 31 16 18 8 11 14
is_linear=0
shrinkage=0.05


Tree=25
num_leaves=28
num_cat=0
split_feature=15 2 14 18 11 11 1 1 14 13 2 2 4 15 4 18 16 1 18 0 11 4 16 0 1 18 16
split_gain=809209 474658 535790 1.06936e+06 407829 287382 288292 261338 160884 123715 81795.4 53525.3 72658.6 60071.7 51346.1 48124.1 34724.8 30258.4 28053.3 27952.7 24911.4 23728.4 14940.6 13852.8 7546.08 4867.6 25.475
threshold=226.50000000000003 4550.8100000000004 185.00000000000003 21268.350000000002 300.50000000000006 1002.0000000000001 37020.420000000006 22695.230000000007 244.50000000000003 190.36500000000004 4133.2550000000001 12341.305000000002 48055.000000000007 244.40000000000003 42910.000000000007 10465.250000000002 136.92214285714289 23770.095000000001 22075.895000000008 34352.500000000007 288.63500000000005 39052.500000000007 199.07142857142858 37660.100000000013 20790.460000000003 22153.585000000003 161.62071428571429
decision_type=2 2 10 10 8 10 2 2 8 8 2 2 2 2 2 10 2 2 10 2 10 2 2 2 2 8 2
left_child=7 2 3 20 -5 6 -4 14 -7 -3 25 13 -13 -11 15 21 24 18 -12 -18 -2 -1 -17 -19 -16 26 -9
right_child=1 9 5 4 -6 8 -8 10 -10 11 17 12 -14 -15 16 22 19 23 -20 -21 -22 -23 -24 -25 -26 -27 -28
leaf_value=-3.7663719177246109 1.0761405201421845 10.078586165110272 0.78814081980254169 12.652678500904756 32.648476155598956 3.5021022796630845 11.01553704398019 -3.811108652750649 13.385384941101075 -1.7157028074874436 -0.37804126237568103 -0.49485943021795065 -3.8760728106779214 0.20276017154617065 -0.80650997158139937 -3.9468105606410817 -0.73815320879220936 -0.50243207069004281 -3.0008434967561204 -4.4431173256465364 5.2354150772094732 0.38778595707633273 -2.1737189054489137 0.51161456402568584 1.3651942253112794 -5.952585601806641 -3.6748165130615238
leaf_weight=4.9999999999999973 36 2.9999999999999991 440 17.000000000000004 2.9999999999999991 10.000000000000002 6.9999999999999991 6.0000000000000027 6.9999999999999991 43 19 243 17 799 20.000000000000004 138 8.0000000000000018 170 22 13.999999999999998 3.9999999999999991 11 12.999999999999998 42 4.9999999999999991 2.9999999999999991 7.9999999999999991
leaf_count=5 36 3 440 17 3 10 7 6 7 43 19 243 17 799 20 138 8 170 22 14 4 11 13 42 5 3 8
internal_value=-0.00685872 0.526492 1.7659 6.21206 15.652 1.19097 0.948301 -1.80196 7.57169 -0.0612472 -0.767592 -0.0888511 -0.715939 0.104786 -3.107 -3.51787 -1.64709 -0.542004 -1.7854 -3.09586 1.49207 -0.910388 -3.79416 -0.301536 -0.372169 -4.12488 -3.73323
internal_weight=2113 1629 524 60 20 464 447 484 17 1105 270 1102 260 842 214 167 47 253 41 22 40 16 151 212 25 17 14
internal_count=2113 1629 524 60 20 464 447 484 17 1105 270 1102 260 842 214 167 47 253 41 22 40 16 151 212 25 17 14
is_linear=0
shrinkage=0.05


Tree=26
num_leaves=27
num_cat=0
split_feature=1 8 3 14 3 4 11 1 4 16 4 13 4 16 4 18 18 14 11 0 16 1 4 6 6 11
split_gain=708605 449509 281455 213037 612089 256414 166304 147507 111799 81324.2 77502.4 62314.4 58805.4 56822.1 40652.8 34377.1 34037.3 28255 15626.2 13763.3 12386.8 11638.3 10382.4 8511.48 6495.6 4976.43
threshold=26906.500000000004 2.5000000000000004 0.94872854792453343 14.610000000000001 0.91896301605946917 36384.500000000007 1118.5000000000002 22312.280000000002 35012.500000000007 287.79214285714289 42910.000000000007 299.51000000000005 46075.000000000007 105.7157142857143 41785.000000000007 9832.8250000000025 20404.860000000004 329.50000000000006 272.25000000000006 40189.600000000006 298.63500000000005 16941.005000000001 35217.000000000007 6.5000000000000009 2.5000000000000004 279.50000000000006
decision_type=2 2 2 10 2 2 8 2 2 2 2 10 2 2 2 10 10 8 10 2 2 2 2 2 2 10
left_child=1 7 3 4 5 -2 8 10 -5 -4 15 -6 -12 24 -15 -1 22 -11 20 -19 -18 -20 23 -3 -9 -24
right_child=2 16 9 6 11 -7 -8 13 -10 17 12 -13 -14 14 -16 -17 18 19 21 -21 -22 -23 25 -25 -26 -27
leaf_value=-0.30243127644062046 8.5129992051558059 2.2717914984776426 2.0279144287109374 2.3352231131659615 4.2131641387939407 0.43563986235986585 10.791847348213196 3.3146985054016072 0.37836000628587679 14.523288472493499 -0.18650211068360431 12.029337265912226 -3.0956161800771955 -3.0602683586459007 -1.085892595050902 -3.6620105490277086 -1.2161910905212654 6.1634896596272757 -0.99575379677116871 10.643608665466306 -0.16586853661216225 -0.0069648616638253716 0.072918757086708433 0.83859492432253036 0.83454953443936342 1.0603617221117021
leaf_weight=7.9999999999999991 10.999999999999998 12.999999999999998 3.9999999999999991 81 3.0000000000000027 92 3.9999999999999991 3.0000000000000027 738 2.9999999999999973 38 17 32 31 164 158 61 3.0000000000000009 32 4 52 425 63 51 22 15.999999999999998
leaf_count=8 11 13 4 81 3 92 4 3 738 3 38 17 32 31 164 158 61 3 32 4 52 425 63 51 22 16
internal_value=0.00919047 -0.817442 1.01579 0.911639 2.85252 1.29827 0.621568 -2.04345 0.571896 8.05332 -2.91171 10.8569 -1.51638 -1.11205 -1.39977 -3.5001 -0.033346 10.4635 -0.206381 8.72356 -0.732857 -0.0762017 0.656373 1.12971 1.13217 0.272907
internal_weight=2129 1169 960 946 123 103 823 456 819 14 236 20 70 220 195 166 713 10 570 7 113 457 143 64 25 79
internal_count=2129 1169 960 946 123 103 823 456 819 14 236 20 70 220 195 166 713 10 570 7 113 457 143 64 25 79
is_linear=0
shrinkage=0.05


Tree=27
num_leaves=27
num_cat=0
split_feature=3 2 7 12 11 3 4 0 16 4 11 3 4 15 0 3 5 3 11 0 18 17 0 0 13 15
split_gain=612942 279625 226015 684233 235251 186169 183430 153745 147207 145953 75286.5 74693.7 72701.2 65081.5 30619.2 24516.7 20633.2 15493.9 13786.3 12019.4 9754.88 9227.17 8996.78 4715.74 1449.01 284.637
threshold=0.80807391540661189 15845.170000000002 5.5000000000000009 279.50000000000006 1042.0000000000002 0.94872854792453343 35012.500000000007 38663.80000000001 400.18500000000006 38272.500000000007 256.50000000000006 0.7271688864261231 41515.000000000007 549.08333333333337 29969.250000000004 0.57218032819223341 1.0000000180025095e-35 0.58048192752546968 274.50000000000006 39995.650000000009 18220.810000000005 130.71058768772789 36219.250000000007 33435.900000000009 254.62500000000003 202.56666666666669
decision_type=2 2 2 10 10 2 2 2 2 2 8 2 2 2 2 2 2 2 10 2 10 2 2 2 10 2
left_child=1 9 4 18 5 6 -2 -7 13 16 23 12 -11 -6 -13 19 20 -18 25 21 -1 -3 -10 -5 -20 -4
right_child=2 15 3 10 8 7 -8 -9 22 11 -12 14 -14 -15 -16 -17 17 -19 24 -21 -22 -23 -24 -25 -26 -27
leaf_value=2.9430824661254884 2.4652139423090382 -3.5511848570198143 1.0202104449272156 9.5855528259277278 5.8193398475646951 -0.67090347290039065 0.2721099054830029 10.264327155219185 10.871358998616536 -2.7837862402559765 19.544997151692712 -2.9139219248836694 -1.1002455625207499 -1.9917971372604371 -0.21166712858885395 0.28766215801239015 -0.50880749811296877 0.19028140793244044 -1.1631157261984686 -0.17308988173802695 0.67537084746619935 -2.0779677073160809 14.743649800618485 11.500702752007379 -0.084048724174499517 1.5647254625956217
leaf_weight=4.9999999999999991 109 93 11.999999999999998 5.0000000000000027 8.0000000000000018 4.9999999999999991 761 8.9999999999999982 2.9999999999999991 83 2.9999999999999991 10.999999999999998 282 3.9999999999999991 223 4.9999999999999991 115 255 14.000000000000002 2.9999999999999991 92 11.999999999999998 3 8.9999999999999982 3.9999999999999991 2.9999999999999991
leaf_count=5 109 93 12 5 8 5 761 9 3 83 3 11 282 4 223 5 115 255 14 3 92 12 3 9 4 3
internal_value=-0.00815103 -0.770141 0.935532 4.20772 0.754147 0.638924 0.546878 6.35889 6.41292 -0.519437 12.357 -1.03602 -1.48308 3.21563 -0.338696 -3.13519 0.143166 -0.027003 0.00960263 -3.29366 0.792263 -3.38282 12.8075 10.8167 -0.923323 1.12911
internal_weight=2131 1179 952 50 902 884 870 14 18 1066 17 599 365 12 234 113 467 370 33 108 97 105 6 14 18 15
internal_count=2131 1179 952 50 902 884 870 14 18 1066 17 599 365 12 234 113 467 370 33 108 97 105 6 14 18 15
is_linear=0
shrinkage=0.05


Tree=28
num_leaves=30
num_cat=0
split_feature=15 2 14 18 17 1 1 15 2 1 1 15 4 1 1 4 0 18 13 16 16 1 13 3 0 16 0 0 16
split_gain=638154 323261 341735 714923 441745 214002 206862 128444 80586.6 71935 114739 93147.4 63678.6 64055 27442.4 26035.5 33042.6 27446 29471.2 17896.3 15819.9 14969 12235.1 6144.91 4601.91 2140.3 2048.39 63.5217 20.7033
threshold=226.50000000000003 4550.8100000000004 185.00000000000003 21268.350000000002 37.364814778372683 23067.700000000001 37020.420000000006 571.83333333333348 3971.0250000000005 31678.030000000002 31860.310000000001 245.15666666666667 39497.500000000007 21886.565000000006 17754.445000000003 42910.000000000007 34209.450000000004 9832.8250000000025 269.50000000000006 292.47000000000008 72.178571428571445 26609.355000000007 85.000000000000014 0.78300451124056325 29680.300000000003 299.35714285714295 33805.05000000001 28230.700000000004 1.0000000180025095e-35
decision_type=2 2 10 10 2 2 2 2 2 2 2 2 2 2 2 2 2 10 10 2 2 2 10 2 2 2 2 2 2
left_child=5 2 3 19 -5 15 7 -4 24 12 -11 -12 14 -14 -3 17 26 28 -19 -2 23 -22 -18 -10 27 -8 -17 -7 -1
right_child=1 9 6 4 -6 8 25 -9 20 10 11 -13 13 -15 -16 16 22 18 -20 -21 21 -23 -24 -25 -26 -27 -28 -29 -30
leaf_value=-0.19872666994730626 1.0089176822179116 -0.61814235474559531 0.79854321924342953 30.467142232259079 9.6564857482910167 -3.5982822418212863 8.8052452087402351 8.1645743687947583 0.57227275630702135 10.998690700531007 9.6989180346330013 0.72686181119930593 -2.0258947651833297 -0.31572638885179499 0.35383161857824968 -0.61368316972956927 -2.1347857752442359 -3.2366584749309562 -0.1283218115568161 4.5206637382507324 -1.0106545014040811 -0.12968716920577281 -4.2041512680053712 2.9782416343688967 -5.5728589375813806 10.571957651774085 0.40258456468582154 -3.3656068628484554 -0.032580844163894646
leaf_weight=3 39 84 434 3.0000000000000027 17 4.0000000000000027 3.9999999999999991 5.9999999999999991 23.000000000000004 2.9999999999999991 2.9999999999999991 81 64 379 536 17.000000000000004 25 163 7.9999999999999991 3.9999999999999991 77 129 9.9999999999999982 2.9999999999999991 2.9999999999999991 3 6.9999999999999991 10.999999999999998 5
leaf_count=3 39 84 434 3 17 4 4 6 23 3 3 81 64 379 536 17 25 163 8 4 77 129 10 3 3 3 7 11 5
internal_value=0.00553629 0.47281 1.52056 4.96813 12.7781 -1.58396 1.03466 0.898989 -0.562346 0.00815727 1.39044 1.04729 -0.104974 -0.562794 0.222145 -2.65709 -1.7462 -2.95732 -3.09124 1.33559 -0.312298 -0.458981 -2.72603 0.849885 -3.78519 9.56241 -0.317272 -3.42765 -0.0948855
internal_weight=2148 1660 510 63 20 488 447 440 250 1150 87 84 1063 443 620 238 59 179 171 43 232 206 35 26 18 7 24 15 8
internal_count=2148 1660 510 63 20 488 447 440 250 1150 87 84 1063 443 620 238 59 179 171 43 232 206 35 26 18 7 24 15 8
is_linear=0
shrinkage=0.05


Tree=29
num_leaves=30
num_cat=0
split_feature=1 15 3 14 7 13 4 17 1 4 4 16 1 18 1 16 17 2 14 18 2 18 5 11 2 1 3 16 12
split_gain=563895 340638 224476 425263 175182 137776 129455 438092 101035 59403.6 51094.2 44092.9 40862.6 38308.3 41683.6 38159.9 34499.8 30261.9 27510.7 23995.1 21063.6 20451.6 19012 14202.8 10411.9 6827.58 4859.17 1327.35 226.806
threshold=26712.305000000004 254.06000000000003 0.91124605517256496 1.0000000180025095e-35 3.5000000000000004 279.50000000000006 35012.500000000007 37.364814778372683 22636.785000000007 42910.000000000007 48055.000000000007 105.7157142857143 23770.095000000001 19473.920000000002 31524.100000000002 221.18928571428575 50.136516511603865 4458.295000000001 254.62500000000003 21161.355000000007 12109.665000000003 9832.8250000000025 1.0000000180025095e-35 293.50000000000006 2485.7100000000005 17845.270000000008 0.78300451124056325 383.40000000000003 304.00000000000006
decision_type=2 2 2 8 2 10 2 2 2 2 2 2 2 10 2 2 2 2 10 10 2 10 2 10 2 2 2 2 10
left_child=1 8 6 15 5 -5 7 -2 9 21 19 26 27 22 -15 -4 -6 -13 -11 25 -21 -1 -8 -9 -17 -3 -10 -12 -14
right_child=2 10 3 4 16 -7 13 23 11 18 12 17 28 14 -16 24 -18 -19 -20 20 -22 -23 -24 -25 -26 -27 -28 -29 -30
leaf_value=-0.18266619940598805 16.938827133178712 -0.4029142723605037 4.87908840179443 0.12766067435344061 -0.16437225067752534 4.6101158881187443 3.0263694013868059 2.2024876117706298 0.68422088189558539 -0.1463212772210439 -4.2423171997070304 -3.3150746177224555 -0.13402475807815792 -0.074980566727801554 0.83140254325526097 9.6027606328328456 1.8815512233310276 -1.0655400390886973 -2.4447668759719186 0.0033430787436410769 -0.63862604590532668 -3.1525997712598208 0.9863665720147472 0.49678025504817136 12.548360633850098 0.58018661853148057 2.8293295701344809 -3.0664550145467122 0.37576171557108551
leaf_weight=5.9999999999999991 4.9999999999999991 20 4.0000000000000027 24 87 60 13.999999999999998 26 22.000000000000004 30 12.000000000000002 17 7.9999999999999982 461 175 11.999999999999998 27 124 23 386 191 171 62 23 3.9999999999999991 151 2.9999999999999991 2.9999999999999991 3
leaf_count=6 5 20 4 24 87 60 14 26 22 30 12 17 8 461 175 12 27 124 23 386 191 171 62 23 4 151 3 3 3
internal_value=0.000933954 -0.740976 0.883083 2.29869 1.59683 3.32941 0.480206 2.84046 -1.93372 -2.61222 -0.130736 -0.993629 -2.3097 0.301198 0.174417 9.24715 0.320189 -1.33676 -1.14376 -0.0549963 -0.209163 -3.05192 1.36216 1.40185 10.3392 0.465204 0.941634 -4.00714 0.00500792
internal_weight=2154 1170 984 218 198 84 766 54 396 230 774 166 26 712 636 20 114 141 53 748 577 177 76 49 16 171 25 15 11
internal_count=2154 1170 984 218 198 84 766 54 396 230 774 166 26 712 636 20 114 141 53 748 577 177 76 49 16 171 25 15 11
is_linear=0
shrinkage=0.05


Tree=30
num_leaves=26
num_cat=0
split_feature=1 15 3 11 4 17 7 15 1 4 1 2 2 4 18 18 16 18 11 14 12 16 16 13 6
split_gain=519023 292151 217722 176919 158145 181728 125250 88742.6 81169 49252.1 40860.4 38962.7 37599.8 32082 40233.9 32607 21828.5 21249.5 17138.3 16580 6265.52 948.946 237.975 212.573 194.727
threshold=26712.305000000004 254.06000000000003 0.94872854792453343 1118.5000000000002 35012.500000000007 37.364814778372683 5.5000000000000009 256.72833333333341 23067.700000000001 48055.000000000007 23770.095000000001 2758.8600000000001 4458.295000000001 42910.000000000007 28581.665000000005 10465.250000000002 105.7157142857143 20316.705000000005 272.25000000000006 329.50000000000006 287.92000000000002 383.40000000000003 299.35714285714295 212.50000000000003 9.5000000000000018
decision_type=2 2 2 10 2 2 2 2 2 2 2 2 2 2 10 10 2 10 10 8 10 2 2 10 2
left_child=1 8 3 4 5 -2 -6 -4 13 17 21 -5 23 15 -15 -1 -14 20 -19 -9 -3 -11 -21 -10 -12
right_child=2 9 7 11 6 -7 -8 19 12 10 24 -13 16 14 -16 -17 -18 18 -20 22 -22 -23 -24 -25 -26
leaf_value=-0.57639932877877187 7.7246473948160812 0.23741369255601544 1.7193550872802736 13.367732747395834 0.33899755328917119 1.7152649681155498 2.5901898763962645 13.062283579508472 -2.9712769190470389 -3.893052046639577 0.35697362025578822 5.3093286196390777 0.83890013072801684 -0.60780071286444981 -3.3877533305022456 -2.8718469681434855 -0.86629143156768651 -0.7483426133314004 -0.041265980758440346 8.1949244181315049 0.94046631533918645 -2.9131321589152019 8.8247055053710906 -3.3554904725816508 -0.1023235210776329
leaf_weight=17 14.999999999999998 73 4.9999999999999991 2.9999999999999991 794 78 67 2.9999999999999973 5.9999999999999973 14.000000000000005 2.9999999999999991 3 23 47 18 172 102 104 487 3.0000000000000009 56 2.9999999999999991 3 9 9.9999999999999982
leaf_count=17 15 73 5 3 794 78 67 3 6 14 3 3 23 47 18 172 102 104 487 3 56 3 3 9 10
internal_value=0.0215877 -0.700628 0.869857 0.779582 0.725752 2.68452 0.514177 7.06018 -1.80304 -0.121495 -2.10648 9.33853 -0.836386 -2.33584 -1.37763 -2.66538 -0.552536 -0.0387873 -0.165692 10.0273 0.542615 -3.72013 8.50981 -3.20181 0.00366813
internal_weight=2118 1144 974 960 954 93 861 14 394 750 30 6 140 254 65 189 125 720 591 9 129 17 6 15 13
internal_count=2118 1144 974 960 954 93 861 14 394 750 30 6 140 254 65 189 125 720 591 9 129 17 6 15 13
is_linear=0
shrinkage=0.05


Tree=31
num_leaves=27
num_cat=0
split_feature=15 3 3 13 7 3 13 15 0 16 4 4 0 18 0 3 18 3 4 0 16 18 17 0 16 0
split_gain=431433 225839 173228 162513 314277 118202 101187 63390.6 50294.3 41527.6 64463.3 38433.8 26497.2 26214.4 10396.5 6838.68 5360.53 10355.7 4805.29 1558.74 192.546 122.711 62.3828 55.4732 25.1089 1.13873
threshold=226.50000000000003 0.94872854792453343 0.84151180051609364 284.57000000000005 5.5000000000000009 0.54590286161578572 190.36500000000004 256.72833333333341 29680.300000000003 107.96214285714287 41785.000000000007 39497.500000000007 34051.500000000007 26741.495000000006 39882.750000000007 0.78300451124056325 25483.180000000004 0.78660863239009859 42275.000000000007 36986.30000000001 155.85714285714289 23250.314999999999 120.22085570932423 38299.950000000004 24.285714285714288 38044.000000000007
decision_type=2 2 2 8 2 2 8 2 2 2 2 2 2 8 2 2 10 2 2 2 2 10 2 2 2 2
left_child=5 2 6 12 -5 18 -2 -3 16 15 -11 -8 -4 -9 -15 -10 21 -18 19 24 25 -7 -22 -21 -1 -20
right_child=1 7 3 4 -6 8 11 13 9 10 -12 -13 -14 14 -16 -17 17 -19 20 23 22 -23 -24 -25 -26 -27
leaf_value=-2.8334001541137699 9.0522681713104252 1.6333872032165528 0.64387051645809645 1.4513966566065746 9.3955982501690212 -2.8957769173842207 0.13392788013390536 12.409169514973968 0.21140427114566168 -3.0401931115809613 -0.71273007652088383 -0.51649718538895439 -0.17517376317174493 4.6015530268351226 8.3247233581542961 2.6459180831909181 -4.2182515462239589 -0.82614870071411139 -3.529350789388022 -2.1814091046651205 -3.7476524353027338 -3.2335016886393229 -4.0492729187011705 -2.421793301900228 -2.7698628822962448 -3.4885997772216792
leaf_weight=23 2.9999999999999991 4.9999999999999991 208 294 12.999999999999998 26.000000000000004 529 2.9999999999999973 75 34 238 398 188 3 5 2.9999999999999991 2.9999999999999991 8.9999999999999982 2.9999999999999982 11.999999999999998 4 2.9999999999999991 3 2.9999999999999991 48 4
leaf_count=23 3 5 208 294 13 26 529 3 75 34 238 398 188 3 5 3 3 9 3 12 4 3 3 3 48 4
internal_value=0.00260675 0.389998 0.332079 0.924389 1.7878 -1.29843 -0.115657 6.30142 -0.906097 -0.712009 -1.00366 -0.145327 0.255031 8.42325 6.92853 0.305039 -2.56295 -1.67417 -2.83245 -2.6926 -3.69149 -2.93071 -3.87692 -2.22949 -2.79045 -3.50606
internal_weight=2140 1649 1633 703 307 491 930 16 391 350 272 927 396 11 8 78 41 12 100 86 14 29 7 15 71 7
internal_count=2140 1649 1633 703 307 491 930 16 391 350 272 927 396 11 8 78 41 12 100 86 14 29 7 15 71 7
is_linear=0
shrinkage=0.05


Tree=32
num_leaves=27
num_cat=0
split_feature=1 8 3 14 13 11 11 1 18 16 11 16 3 7 18 8 17 14 1 11 11 14 17 1 16 12
split_gain=422752 261365 211816 130352 363739 243623 131490 97595.7 71921.7 69803.5 41412.3 35511.2 26653.3 26121.2 19238.7 15626.1 14797.3 12081.1 11585.4 7535.58 6216.33 4810.06 4303.98 3435.87 671.147 546.443
threshold=26964.485000000004 2.5000000000000004 0.94872854792453343 14.610000000000001 299.51000000000005 329.50000000000006 1160.0000000000002 22129.550000000007 19733.190000000002 287.79214285714289 280.75000000000006 105.7157142857143 0.87729658351622763 1.5000000000000002 21086.580000000002 2.5000000000000004 44.473306154902033 329.50000000000006 17027.665000000001 282.80000000000007 269.50000000000006 269.50000000000006 50.938736344993167 25797.400000000005 299.35714285714295 289.05500000000006
decision_type=2 2 2 10 10 10 10 2 10 2 10 2 2 2 10 2 2 8 2 10 10 10 2 2 2 8
left_child=1 7 3 4 15 -6 8 10 -5 -4 13 23 -13 -1 19 -2 20 -11 -18 21 -16 -3 -21 -9 -19 -12
right_child=2 14 9 6 5 -7 -8 11 -10 17 25 12 -14 -15 16 -17 18 24 -20 22 -22 -23 -24 -25 -26 -27
leaf_value=-1.3559280140156096 -0.14992673304574242 0.75576112455289279 1.3187914848327638 1.7731366794308028 8.0861658215522763 -1.6691086899489165 9.5269702911376957 0.6577070684660048 0.27509370013899231 11.78871129353842 -0.33728992025057469 -0.84961004968238429 -2.8600367652045358 -2.720345341401293 -0.93909656604131075 1.5022235211573149 -1.2124247932434082 7.430994923909501 0.22332119081538543 1.2725884619881125 -0.30072749921977526 0.077288417185394517 0.13476375923915343 2.1161204147338868 8.4203159332275384 0.19771661162376405
leaf_weight=44 58 35 3.9999999999999991 90 32 7.9999999999999991 3.9999999999999991 21.000000000000004 730 2.9999999999999973 15.000000000000002 196 18 173 45 19 14.999999999999998 3.0000000000000009 222 34 250 103 10.999999999999998 4.9999999999999991 4 6.9999999999999991
leaf_count=44 58 35 4 90 32 8 4 21 730 3 15 196 18 173 45 19 15 3 222 34 250 103 11 5 4 7
internal_value=0.0120614 -0.615122 0.796204 0.705377 2.2671 6.13511 0.483627 -1.51893 0.439513 6.90111 -2.23413 -0.806716 -1.01871 -2.44369 -0.00963291 0.257747 -0.161749 9.13404 0.132451 0.432583 -0.398106 0.249365 0.994454 0.938171 7.99632 -0.167061
internal_weight=2149 1194 955 941 117 40 824 479 820 14 239 240 214 217 715 77 532 10 237 183 295 138 45 26 7 22
internal_count=2149 1194 955 941 117 40 824 479 820 14 239 240 214 217 715 77 532 10 237 183 295 138 45 26 7 22
is_linear=0
shrinkage=0.05


Tree=33
num_leaves=26
num_cat=0
split_feature=1 15 11 2 4 17 7 14 1 12 4 1 2 4 18 18 14 15 18 2 0 14 0 14 12
split_gain=402097 253901 154378 151520 113534 177228 119118 109755 63607.8 38774.7 36675.5 40993.2 35423.8 32813.6 25416.5 23842.6 22443.1 19724 17606.6 11809.9 11608.1 10242.3 4611.4 1034.09 279.423
threshold=27279.065000000006 254.06000000000003 1042.0000000000002 1909.9650000000004 35012.500000000007 37.364814778372683 5.5000000000000009 280.25000000000006 22636.785000000007 248.80000000000004 48055.000000000007 23770.095000000001 4458.295000000001 42910.000000000007 25710.070000000003 21054.630000000001 254.62500000000003 142.48666666666671 10465.250000000002 12220.860000000002 34580.850000000013 273.50000000000006 29917.850000000002 233.50000000000003 287.92000000000002
decision_type=2 2 10 2 2 2 2 8 2 8 2 2 2 2 8 10 10 2 10 2 2 10 2 10 10
left_child=1 8 3 14 5 -5 -6 9 13 20 15 23 22 18 -2 21 -15 -14 -1 -17 -4 -3 -10 -12 -13
right_child=2 10 7 4 6 -7 -8 -9 12 -11 11 24 17 16 -16 19 -18 -19 -20 -21 -22 -23 -24 -25 -26
leaf_value=-0.62516220907370257 9.5542438507080103 1.1000763237441855 4.0035766601562495 8.6677605819702155 0.31001383939864313 1.5641797822382717 2.6615810668288638 12.703297424316407 -2.6554303995768223 -0.21832513809204093 -3.2660978741115998 -0.45680341720581003 0.0527821763108174 -0.1454709666967392 4.2069510459899879 0.018349612474366835 -2.1325100360093296 -1.059065485401314 -2.6113335393509778 -0.47529008905777986 7.8127965847651142 0.28266408971764823 -4.8028480529785158 -4.1135171890258793 0.074938904600484038
leaf_weight=11.999999999999998 4.9999999999999973 54 6 9.9999999999999982 753 72 58 3.9999999999999991 15.000000000000002 5.0000000000000009 8.9999999999999982 3.0000000000000027 60 30 4.0000000000000009 399 27 119 159 174 3 132 2.9999999999999991 5.9999999999999991 13.999999999999998
leaf_count=12 5 54 6 10 753 72 58 4 15 5 9 3 60 30 4 399 27 119 159 174 3 132 3 6 14
internal_value=0.0253197 -0.571388 0.814012 0.722516 0.657459 2.43047 0.47819 5.39897 -1.55705 3.31202 -0.0417958 -1.69991 -0.898994 -2.12564 7.17767 0.0281117 -1.0867 -0.686379 -2.47195 -0.131551 5.27332 0.519977 -3.01333 -3.60507 -0.018898
internal_weight=2136 1216 920 902 893 82 811 18 425 14 791 32 197 228 9 759 57 179 171 573 9 186 18 15 17
internal_count=2136 1216 920 902 893 82 811 18 425 14 791 32 197 228 9 759 57 179 171 573 9 186 18 15 17
is_linear=0
shrinkage=0.05


Tree=34
num_leaves=31
num_cat=0
split_feature=15 3 14 1 1 11 7 18 11 3 8 14 0 6 3 11 0 7 17 13 18 15 0 3 16 0 18 16 16 15
split_gain=357055 163528 239591 131262 104366 96227.2 75840.8 60964.2 357596 41170 45350.2 28686.6 29655.4 24866.4 23245.9 23047.7 23044.2 17595.4 33584.5 17121.8 12863.1 12035.6 11867.8 7028.78 4772.23 4693.69 2399.29 2124.64 156.911 154.111
threshold=244.40000000000003 0.91124605517256496 220.81000000000003 22312.280000000002 37020.420000000006 1007.0000000000001 5.5000000000000009 22553.175000000007 309.50000000000006 0.63623848288194018 2.5000000000000004 239.50000000000003 32172.350000000002 2.5000000000000004 0.84151180051609364 284.57000000000005 32250.750000000004 1.5000000000000002 97.163863275038992 114.50000000000001 17525.575000000004 181.16666666666671 33435.900000000009 0.92452522222461953 164.87142857142859 37660.100000000013 10653.110000000002 299.35714285714295 76.214285714285737 173.66333333333338
decision_type=2 2 10 2 2 10 2 10 10 2 2 10 2 2 2 10 2 2 2 10 10 2 2 2 2 2 10 2 2 2
left_child=3 7 6 15 5 -4 23 8 14 10 -9 20 24 -11 -2 17 -10 18 -1 -14 26 -19 -8 -3 -13 -22 -5 -6 29 -17
right_child=1 2 4 11 27 -7 22 9 16 13 -12 12 19 -15 -16 28 -18 21 -20 -21 25 -23 -24 -25 -26 -27 -28 -29 -30 -31
leaf_value=0.19282573018223048 0.23033246858976783 0.77598979175090721 0.53339063749874571 0.9794930519660312 6.6341996510823567 4.7120672750473025 6.3681957244873049 -3.1440297063659219 15.944317563374838 0.80665062782511276 -0.4390316455279078 -2.4977087275187171 -2.1181096252642182 0.02145237925940853 1.0836257759421584 -0.20028852671384811 9.746980667114256 -2.2347702178088102 -2.6700793402535576 -0.51275870514977162 -0.34492649463936687 -3.3760650702885222 9.3060764659534794 3.9775990804036447 -4.6822515487670904 0.26961272150971166 2.5284585952758789 8.5159701029459622 -0.087826416227552634 -0.67436076800028466
leaf_weight=20 224 4.0000000000000027 169 15.000000000000002 2.9999999999999991 14.999999999999998 4.9999999999999991 17 2.9999999999999991 118 175 15.000000000000002 19 693 124 3.9999999999999991 3 132 21 132 112 28 10.999999999999998 3 2.9999999999999991 43 2.9999999999999991 3 8.9999999999999982 3
leaf_count=20 224 4 169 15 3 15 5 17 3 118 175 15 19 693 124 4 3 132 21 132 112 28 11 3 3 43 3 3 9 3
internal_value=-0.00527068 0.381101 1.6691 -1.09043 1.08566 0.874044 6.48889 0.178932 0.743045 -0.0201673 -0.678537 -0.480121 -0.943436 0.135698 0.53438 -2.0523 12.8456 -2.19768 -1.27354 -0.714757 -0.0275182 -2.4345 8.38799 2.14811 -2.8618 -0.174441 1.23765 7.57508 -0.225917 -0.403462
internal_weight=2129 1570 213 559 190 184 23 1357 354 1003 192 342 169 811 348 217 6 201 41 151 173 160 16 7 18 155 18 6 16 7
internal_count=2129 1570 213 559 190 184 23 1357 354 1003 192 342 169 811 348 217 6 201 41 151 173 160 16 7 18 155 18 6 16 7
is_linear=0
shrinkage=0.05


Tree=35
num_leaves=26
num_cat=0
split_feature=1 8 2 11 1 4 5 1 11 12 2 16 7 14 18 16 17 5 11 2 11 6 11 16 0
split_gain=332008 198299 132238 125918 100383 98666.8 87600 60781 40856.5 39347.4 34773.8 32988.7 31810.7 28985.6 19817.5 15098.3 11606.9 9446.96 9242.45 9155.43 7436.25 5856.41 5333.79 4206.39 804.697
threshold=27506.910000000003 2.5000000000000004 1909.9650000000004 1110.5000000000002 37020.420000000006 35012.500000000007 1.0000000180025095e-35 23413.670000000002 269.50000000000006 248.80000000000004 4458.295000000001 287.79214285714289 1.5000000000000002 257.44000000000005 21086.580000000002 105.7157142857143 44.473306154902033 1.0000000180025095e-35 244.50000000000003 4621.380000000001 282.80000000000007 15.500000000000002 269.50000000000006 172.69000000000003 40328.000000000007
decision_type=2 2 2 10 2 2 2 2 10 8 2 2 2 8 10 2 2 2 10 2 10 2 10 2 2
left_child=1 7 11 4 5 -4 -5 8 12 -8 23 18 -1 -10 19 -12 22 -18 -2 21 -21 -3 -16 -9 -6
right_child=2 14 3 6 24 -7 9 10 13 -11 15 -13 -14 -15 16 -17 17 -19 -20 20 -22 -23 -24 -25 -26
leaf_value=-0.83264045499451456 2.1791914621988937 1.5294450689245154 2.3480784217686685 11.832529449462891 6.4999225616455085 0.42692229148099381 6.2768169879913334 -2.3563426971435542 0.11165639648312016 -0.73632793426513643 0.72099825762785397 10.0036093711853 -2.2398969677879532 -4.9933984120686858 -0.82230792214371728 -0.57925501723266859 0.80146814286708834 -0.024858541288698206 6.103995768229165 0.07224453110848704 0.81080350470035634 0.16077364520593124 -0.25343485458477127 -4.407291730244955 7.6580078124999975
leaf_weight=50 2.9999999999999982 27 73 3.9999999999999991 2.9999999999999991 791 3.9999999999999991 15.000000000000002 38 4.0000000000000009 26 4 204 2.9999999999999991 49 158 42 196 3 124 47 10.999999999999998 259 2.9999999999999991 3
leaf_count=50 3 27 73 4 3 791 4 15 38 4 26 4 204 3 49 158 42 196 3 124 47 11 259 3 3
internal_value=0.0318423 -0.493343 0.768986 0.704162 0.633999 0.589242 5.79101 -1.26892 -1.72647 2.77024 -0.60071 6.4864 -1.96288 -0.261884 0.0172004 -0.395524 -0.141288 0.120964 4.14159 0.431242 0.27524 1.13325 -0.343937 -2.69817 7.07897
internal_weight=2144 1252 892 882 870 864 12 497 295 8 202 10 254 41 755 184 546 238 6 209 171 38 308 18 6
internal_count=2144 1252 892 882 870 864 12 497 295 8 202 10 254 41 755 184 546 238 6 209 171 38 308 18 6
is_linear=0
shrinkage=0.05


Tree=36
num_leaves=23
num_cat=0
split_feature=15 3 14 0 1 7 4 3 18 11 16 17 4 17 0 3 11 18 4 0 4 15
split_gain=278528 164062 287780 122457 108330 107996 84382.1 57361.1 48068 211162 32427.2 118352 32638.2 31437.1 27133.6 23801.8 20711.8 23349.3 14889 12185.4 8084.24 1464.19
threshold=244.40000000000003 0.91124605517256496 218.50000000000003 40189.600000000006 23770.095000000001 3.5000000000000004 44395.000000000007 0.91755601226045569 21726.965000000004 309.50000000000006 267.41428571428577 32.903826946232208 48055.000000000007 49.289847208137438 31053.350000000002 0.84372626772020565 269.50000000000006 10465.250000000002 42195.000000000007 33435.900000000009 39905.000000000007 171.50500000000002
decision_type=2 2 10 2 2 2 2 2 10 10 2 2 2 2 2 2 10 10 2 2 2 2
left_child=3 8 7 4 16 6 -4 -3 9 15 11 -10 -12 -7 20 -2 17 -1 -16 -9 -6 -18
right_child=1 2 5 -5 14 13 -8 19 10 -11 12 -13 -14 -15 18 -17 21 -19 -20 -21 -22 -23
leaf_value=-0.17884899911127594 0.20569049683535129 0.58400723139444921 0.94402823732012797 6.8177356767654418 -0.50486846764882398 -0.33106499110747661 4.2429094758298662 6.1598169326782193 9.2091553211212158 12.08119010925293 -0.059026822418231387 0.4521971389958892 -1.2940523353323603 1.4739264901261777 0.75595723622375077 1.1249140540729756 0.66199411153793275 -2.0011199017281229 -0.3438312634544553 8.8838967836820171 -2.6764592870076496 -0.40753596648573875
leaf_weight=19 206 3.0000000000000027 42 4.9999999999999991 6.0000000000000009 98 36 6.0000000000000027 3.9999999999999991 3.9999999999999991 870 109 57 32 36 107 4.0000000000000027 235 212 12.999999999999998 15 15.999999999999998
leaf_count=19 206 3 42 5 6 98 36 6 4 4 870 109 57 32 36 107 4 235 212 13 15 16
internal_value=0.000511611 0.3361 1.57094 -0.971349 -1.04307 0.995746 2.46659 7.00916 0.126805 0.665813 -0.0374887 0.762178 -0.134967 0.113241 -0.330312 0.51993 -1.74282 -1.86481 -0.184185 8.02366 -2.056 -0.19363
internal_weight=2135 1587 230 548 543 208 78 22 1357 317 1040 113 927 130 269 313 274 254 248 19 21 20
internal_count=2135 1587 230 548 543 208 78 22 1357 317 1040 113 927 130 269 313 274 254 248 19 21 20
is_linear=0
shrinkage=0.05


Tree=37
num_leaves=27
num_cat=0
split_feature=1 8 11 3 4 14 17 7 1 1 14 12 11 17 0 13 18 17 1 6 6 18 11 11 12 12
split_gain=273825 162549 110144 108677 108233 88191.5 84276.4 54492.5 52210.2 45511.4 31981.4 30791.4 28180 27432.3 26945.6 17135 16884.4 16279.4 12776.8 8148.52 6926.14 5638.5 4913.52 2339.32 1058.12 368.568
threshold=26543.670000000002 2.5000000000000004 1042.0000000000002 0.94872854792453343 35012.500000000007 280.25000000000006 37.364814778372683 5.5000000000000009 22129.550000000007 36487.450000000012 15.065000000000003 248.80000000000004 279.50000000000006 36.68688613891117 38389.80000000001 280.75000000000006 9832.8250000000025 35.873827382138458 16941.005000000001 5.5000000000000009 2.5000000000000004 19400.870000000003 265.27500000000003 249.88500000000002 359.50000000000006 279.50000000000006
decision_type=2 2 10 2 2 8 2 2 2 2 10 8 10 2 2 8 10 2 2 2 2 10 10 10 10 10
left_child=1 8 3 4 6 11 -2 -6 12 -5 20 15 16 -11 -12 -4 -1 21 24 -20 -10 23 -23 -3 -19 -14
right_child=2 17 5 9 7 -7 -8 -9 10 13 14 -13 25 -15 -16 -17 -18 18 19 -21 -22 22 -24 -25 -26 -27
leaf_value=0.0342534875869751 5.3762526571750646 -0.1308307820558548 7.4435691833496094 0.19088416099548342 0.18891120562597119 11.028757476806641 1.4011014718562365 1.7499558728933335 2.6088136196136475 2.3414403279622396 -1.1672868449404172 -0.53555006027221663 -0.22765826950470602 7.9479403018951418 0.86485205276144872 2.815525023142496 -2.0717752413701285 -0.77815309842427549 0.61290064117312437 0.090177507101599483 0.40201926077716055 -0.84217252417044208 -0.30322295718017173 0.66693717030917909 -1.5226355825151716 0.21172713254179276
leaf_weight=9.9999999999999982 15.999999999999998 20 2.9999999999999991 3.9999999999999991 819 3.9999999999999991 80 60 3.9999999999999991 2.9999999999999991 174 5.0000000000000009 15.000000000000002 7.9999999999999991 18 6.0000000000000009 197 15.000000000000002 100 293 32 55 183 17 6.9999999999999991 6.9999999999999991
leaf_count=10 16 20 3 4 819 4 80 60 4 3 174 5 15 8 18 6 197 15 100 293 32 55 183 17 7 7
internal_value=0.00379535 -0.524566 0.605016 0.534541 0.469563 4.48117 2.06363 0.295467 -1.25595 4.75809 -0.720354 2.61044 -1.78921 6.41889 -0.976774 4.35821 -1.97003 -0.0401546 0.157545 0.223186 0.647219 -0.338502 -0.42777 0.235711 -1.01503 -0.0878538
internal_weight=2155 1147 1008 990 975 18 96 879 457 15 228 14 229 11 192 9 207 690 415 393 36 275 238 37 22 22
internal_count=2155 1147 1008 990 975 18 96 879 457 15 228 14 229 11 192 9 207 690 415 393 36 275 238 37 22 22
is_linear=0
shrinkage=0.05


Tree=38
num_leaves=27
num_cat=0
split_feature=15 3 14 11 11 12 3 13 3 3 2 8 2 13 11 16 0 11 12 5 16 0 0 11 0 3
split_gain=241711 160324 239315 113866 91824.5 66954.6 62017.3 61886.7 52956.1 41828.8 141822 30354.8 27324.7 25767.5 19358.4 18729.5 31959.6 11180.4 8488.99 5546.23 3941.97 1684.66 1237.65 133.358 89.5327 83.6855
threshold=226.50000000000003 0.91124605517256496 1.0000000180025095e-35 1002.0000000000001 264.50000000000006 250.02000000000001 0.91755601226045569 190.36500000000004 0.69009349645704487 0.84151180051609364 5917.2500000000009 3.5000000000000004 3971.0250000000005 265.27500000000003 269.50000000000006 88.45714285714287 32323.800000000003 245.22000000000003 219.50000000000003 2.5000000000000004 172.69000000000003 37592.950000000004 37920.900000000009 15.065000000000003 39222.80000000001 0.88899983676483252
decision_type=2 2 8 10 10 8 2 8 2 2 2 2 2 10 10 2 2 10 10 2 2 2 2 10 2 2
left_child=8 7 6 4 -4 -5 -3 -2 13 11 -11 -9 20 14 18 19 -17 -8 -1 -14 25 -16 23 -15 -24 -10
right_child=1 2 3 5 -6 -7 17 9 12 10 -12 -13 15 22 21 16 -18 -19 -20 -21 -22 -23 24 -25 -26 -27
leaf_value=-2.0508659161461726 6.2946712233126165 0.67719825506210274 2.4637132353782656 3.1422802788870667 -0.021121618437243563 10.477319717407227 5.7417594909667935 -0.45821989050398471 -1.8183076858520488 0.37010145253638627 11.274171129862468 0.11823756617707762 1.123717536761061 -0.35383058786392213 -0.40582199687759068 -1.8937329620928378 -0.27792465867800903 8.3510821709266079 -1.3186254997870752 -0.048101625343163812 -4.0399465560913086 0.74903249591588983 0.89613972107569395 0.087169365584850292 0.56160147190093979 -2.1135573387145996
leaf_weight=135 3.9999999999999991 4.0000000000000027 50 14.000000000000002 145 3.9999999999999991 6.0000000000000027 403 3.0000000000000027 497 2.9999999999999991 527 23 2.9999999999999991 15.000000000000002 37 177 12.999999999999998 56 18 2.9999999999999991 3.9999999999999991 5.9999999999999982 4 3 11.999999999999998
leaf_count=135 4 4 50 14 145 4 6 403 3 497 3 527 23 3 15 37 177 13 56 18 3 4 6 4 3 12
internal_value=-0.00568603 0.282837 1.49046 0.96725 0.616016 4.77229 6.3358 0.0840936 -0.971284 0.0667213 0.435526 -0.131561 -0.502632 -1.5374 -1.68477 -0.36973 -0.557293 7.52709 -1.83618 0.60926 -2.38541 -0.162695 0.396802 -0.101831 0.784627 -2.05451
internal_weight=2169 1670 236 213 195 18 23 1434 499 1430 500 930 273 226 210 255 214 19 191 41 18 19 16 7 9 15
internal_count=2169 1670 236 213 195 18 23 1434 499 1430 500 930 273 226 210 255 214 19 191 41 18 19 16 7 9 15
is_linear=0
shrinkage=0.05


Tree=39
num_leaves=26
num_cat=0
split_feature=15 2 14 13 4 13 0 15 3 6 2 2 13 4 12 16 14 0 0 6 0 0 17 0 0
split_gain=190299 87098.8 123611 195754 144574 78758.1 49064.1 46826 44996.5 32697.9 29176 23407.2 20375.5 18720.1 15646 13920.2 12802.6 11229.4 8401.08 3772.59 2028.84 851.868 665.542 107.841 70.9605
threshold=226.50000000000003 4550.8100000000004 185.00000000000003 349.50000000000006 44735.000000000007 190.36500000000004 40189.600000000006 585.55166666666685 0.71460704253877905 3.5000000000000004 5988.1900000000014 3971.0250000000005 265.27500000000003 42910.000000000007 215.18500000000003 72.178571428571445 269.50000000000006 30338.900000000005 38591.80000000001 10.500000000000002 29680.300000000003 38663.80000000001 136.81229481498795 39222.80000000001 28230.700000000004
decision_type=2 2 10 10 2 8 2 2 2 2 2 2 10 2 8 2 10 2 2 2 2 2 2 2 2
left_child=8 2 3 4 -2 -3 7 -4 12 10 -7 20 13 18 -11 19 -15 -17 -1 -13 24 22 -14 -23 -10
right_child=1 5 6 -5 -6 9 -8 -9 11 14 -12 15 21 16 -16 17 -18 -19 -20 -21 -22 23 -24 -25 -26
leaf_value=-1.9100770659693358 0.63003083273421889 8.0632000903288539 0.36891452257976481 12.352412242889406 6.6473602294921879 1.6043304126785729 5.3990148925781254 5.8033915519714361 -2.1237099170684797 -1.2738777926852627 0.18134207404150138 1.2526737067848441 -0.24747327197110272 -0.2883478858931498 -0.13145222718075761 -1.4927903115749359 -1.5801613450050356 -0.29308554744564519 -0.6274860237325941 0.12877705097198486 -3.3785517692565921 0.95747224489847815 0.54242880940437321 0.53352137804031352 -1.8745303344726563
leaf_weight=145 43 2.9999999999999991 438 4.9999999999999991 12.999999999999998 49 4.9999999999999991 3.9999999999999991 4.0000000000000027 31 136 16.000000000000004 8.0000000000000018 44 902 22 34 172 13.999999999999998 13.999999999999998 2.9999999999999991 2.9999999999999991 3.9999999999999991 3 9.9999999999999982
leaf_count=145 43 3 438 5 13 49 5 4 4 31 136 16 8 44 902 22 34 172 14 14 3 3 4 3 10
internal_value=-0.0422643 0.218825 0.761934 2.87326 2.02691 -0.0272933 0.47381 0.418095 -0.899754 -0.049003 0.558242 -0.409885 -1.36273 -1.4859 -0.169411 -0.274136 -0.851446 -0.429135 -1.79714 0.728189 -2.19858 0.259051 0.0158274 0.745497 -1.94572
internal_weight=2125 1629 508 61 56 1121 447 442 496 1118 185 241 255 237 933 224 78 194 159 30 17 18 12 6 14
internal_count=2125 1629 508 61 56 1121 447 442 496 1118 185 241 255 237 933 224 78 194 159 30 17 18 12 6 14
is_linear=0
shrinkage=0.05


Tree=40
num_leaves=26
num_cat=0
split_feature=1 8 3 11 4 17 6 1 1 17 2 2 16 13 3 17 1 13 4 4 2 13 12 0 12
split_gain=215316 128198 93172.8 81910.7 69954.2 164501 49076.8 46214.8 40096.3 22722.3 21302.9 20446.6 16640.8 15726.4 26622.8 14437.3 11621.4 11473.8 10802.4 10479.1 5124.67 5349.34 4826.71 3509.75 1655.39
threshold=27506.910000000003 2.5000000000000004 0.94872854792453343 1118.5000000000002 35012.500000000007 37.364814778372683 1.5000000000000002 22067.330000000005 36487.450000000012 36.68688613891117 2758.8600000000001 4458.295000000001 105.7157142857143 85.000000000000014 0.51690338762657417 39.075271531583589 17027.665000000001 305.50000000000006 46250.000000000007 45077.500000000007 12525.385000000002 348.36500000000007 298.52000000000004 29917.850000000002 350.50000000000006
decision_type=2 2 2 10 2 2 2 2 2 2 2 2 2 10 2 2 2 8 2 2 2 8 10 2 8
left_child=1 7 3 4 5 -2 -6 13 -4 -10 -5 23 -13 14 -1 20 24 -11 -15 -18 21 -3 -22 -9 -17
right_child=2 15 8 10 6 -7 -8 11 9 17 -12 12 -14 18 -16 16 19 -19 -20 -21 22 -23 -24 -25 -26
leaf_value=-1.9180607468334596 8.7684061527252197 -0.12921702465350468 0.070769023895263711 9.3551864624023438 1.8573173857705954 1.1569403894363888 0.26646222232082634 -1.8429658553179569 2.0827369689941397 9.1033599853515668 3.3965905507405587 0.66687624999161432 -0.6032036775383347 -1.8042255125547713 -0.53321665238796012 -0.6238745408899643 0.33889459964872543 5.5105937194824204 -3.2724725341796876 -0.89675136440330094 -0.17852899107862921 1.7136032581329346 -0.8698603702783585 -3.6979415575663248 -1.5898906707763674
leaf_weight=67 7.9999999999999991 254 3.9999999999999973 2.9999999999999991 52 63 716 17.000000000000004 3.0000000000000009 3.9999999999999973 3 29 233 76 72 17.000000000000004 367 5.0000000000000009 14.999999999999998 18 51 3.9999999999999991 50 2.9999999999999991 5.9999999999999991
leaf_count=67 8 254 4 3 52 63 716 17 3 4 3 29 233 76 72 17 367 5 15 18 51 4 50 3 6
internal_value=0.0149237 -0.396574 0.626196 0.554624 0.512994 2.01457 0.374176 -1.00926 4.40611 5.85122 6.37589 -0.580253 -0.462622 -1.53526 -1.20073 0.0124157 0.215901 7.10738 -2.04624 0.281124 -0.218843 -0.100646 -0.520772 -2.12121 -0.875879
internal_weight=2140 1279 861 845 839 71 768 512 16 12 6 282 262 230 139 767 408 9 91 385 359 258 101 20 23
internal_count=2140 1279 861 845 839 71 768 512 16 12 6 282 262 230 139 767 408 9 91 385 359 258 101 20 23
is_linear=0
shrinkage=0.05


Tree=41
num_leaves=26
num_cat=0
split_feature=1 3 15 7 12 1 4 16 11 0 0 16 18 18 2 4 15 11 16 16 11 18 2 11 1
split_gain=187505 139872 108192 85899 235405 98083.5 84201.6 114178 55147.4 29270.1 20018.8 19404.7 18248.9 17937.3 16249.8 23677.9 13369.2 9478.46 8408.07 7509.07 7257.33 5511.42 4674.21 4231.4 4069.09
threshold=27506.910000000003 0.95075228228698749 255.0616666666667 5.5000000000000009 279.50000000000006 31296.445000000003 35012.500000000007 304.02857142857152 1042.0000000000002 31280.500000000004 39048.55000000001 107.96214285714287 10465.250000000002 21086.580000000002 12220.860000000002 48055.000000000007 71.716666666666683 259.50000000000006 24.285714285714288 180.95214285714289 284.57000000000005 31124.460000000006 4474.920000000001 122.04500000000002 17845.270000000008
decision_type=2 2 2 2 10 2 2 2 10 2 2 2 10 10 2 2 2 10 2 2 10 10 2 10 2
left_child=2 3 9 6 17 -6 7 -2 -8 12 -3 23 18 20 21 -16 -13 -5 -1 -14 24 -15 -22 -11 -4
right_child=1 10 13 4 5 -7 8 -9 -10 11 -12 16 19 14 15 -17 -18 -19 -20 -21 22 -23 -24 -25 -26
leaf_value=0.8182896792888642 7.3222533444563558 10.732295735677084 -0.41298475265502932 0.55891390396998464 -0.21241567611694323 7.6171564674377441 0.19739458319890824 1.2956393368782537 3.4833575982313891 1.5399477422237398 5.3291342735290517 -2.5691361860795454 -1.5522020242972809 0.073360711573457665 -0.38550845326552557 -2.5238147316234456 -0.78218709593983715 -1.2128746906916301 -1.6545543766021731 -2.4693241664341521 2.363253927230835 -0.47903272088836224 0.7499694898724556 0.10282372287341526 0.32032961507086405
leaf_weight=10.999999999999998 8.9999999999999982 2.9999999999999991 22 13.000000000000002 5.0000000000000027 20 717 62 12.999999999999998 5.9999999999999991 4 10.999999999999998 110 394 172 13.999999999999998 216 18 4.9999999999999991 28 4.9999999999999991 51 44 35 135
leaf_count=11 9 3 22 13 5 20 717 62 13 6 4 11 110 394 172 14 216 18 5 28 5 51 44 35 135
internal_value=0.0384132 0.605641 -0.350852 0.548145 2.44134 6.05124 0.415787 2.05958 0.255912 -1.00362 7.64477 -0.687964 -1.55295 -0.0217367 -0.15399 -0.546456 -0.868779 -0.469867 0.0455259 -1.73828 0.383368 0.0100527 0.91459 0.313135 0.217572
internal_weight=2123 864 1259 857 56 25 801 71 730 422 7 268 154 837 631 186 227 31 16 138 206 445 49 41 157
internal_count=2123 864 1259 857 56 25 801 71 730 422 7 268 154 837 631 186 227 31 16 138 206 445 49 41 157
is_linear=0
shrinkage=0.05


Tree=42
num_leaves=22
num_cat=0
split_feature=15 14 2 18 17 18 1 11 1 18 11 17 4 17 18 6 4 4 13 11 1
split_gain=170414 100961 221552 228217 360109 96333 90634.7 87168.9 66852.2 44103.5 23572.8 26072.5 22927.8 18279.1 16675.1 14102.7 12376.5 11611.5 9698.22 7245.39 6444.19
threshold=250.26166666666668 175.00000000000003 4592.4700000000012 21268.350000000002 37.364814778372683 32048.085000000003 36487.450000000012 1118.5000000000002 22541.940000000002 20059.085000000003 260.50000000000006 36.68688613891117 42910.000000000007 299.28938837327331 20740.455000000005 7.5000000000000009 46250.000000000007 39905.000000000007 350.50000000000006 275.49000000000007 17027.665000000001
decision_type=2 10 2 10 2 10 2 8 2 10 8 2 2 2 10 2 2 2 8 8 2
left_child=5 2 3 19 -5 8 7 9 12 -3 11 -8 14 17 -1 18 -14 -10 -4 -2 -17
right_child=1 6 15 4 -6 -7 10 -9 13 -11 -12 -13 16 -15 -16 20 -18 -19 -20 -21 -22
leaf_value=-1.2776629982776539 0.21806739171346026 0.76768500345448665 1.5129651354580391 24.268566385904919 5.5574531767103412 8.20128451983134 1.5320379892985041 6.6603694152832036 0.40953818921079033 -0.067465023927478426 0.37847007115681947 7.1032759530203684 -0.23137285917997363 -4.2416181325912481 -2.2622200679779052 -1.3427418300083707 -2.4914105406829292 -0.43455702970534854 0.092555199651157161 2.4158520460128785 0.22866273701656611
leaf_weight=93 15.000000000000002 183 41 3.0000000000000027 18 2.9999999999999991 2.9999999999999964 4.9999999999999991 47 1161 3.0000000000000009 7 45 2.9999999999999991 80 6.9999999999999991 6.9999999999999991 306 17 4.9999999999999991 96
leaf_count=93 15 183 41 3 18 3 3 5 47 1161 3 7 45 3 80 7 7 306 17 5 96
internal_value=-0.00662744 0.265514 1.30865 4.59 8.23047 -0.735444 0.110805 0.0707645 -0.781589 0.0462496 4.26573 5.4319 -1.45623 -0.355199 -1.73295 0.473028 -0.535609 -0.32217 1.09664 0.767514 0.121868
internal_weight=2148 1564 202 41 21 584 1362 1349 581 1344 13 10 225 356 173 161 52 353 58 20 103
internal_count=2148 1564 202 41 21 584 1362 1349 581 1344 13 10 225 356 173 161 52 353 58 20 103
is_linear=0
shrinkage=0.05


Tree=43
num_leaves=27
num_cat=0
split_feature=1 13 12 16 4 11 1 1 3 15 17 17 2 17 11 7 15 16 15 14 14 0 3 15 7 13
split_gain=179602 138444 146321 136310 127474 121580 73332.8 65051.3 55311.6 32662.4 27475.8 88053.6 28129.9 24586.8 23504.4 22218.5 15261.7 15214.1 13043.7 11943.7 10993.8 10743.1 7641.13 6572.4 6522.57 3519.71
threshold=31233.625000000004 287.56 290.60500000000008 272.21428571428578 38272.500000000007 256.50000000000006 36487.450000000012 23413.670000000002 0.82128498598804167 523.21833333333348 35.873827382138458 36.135603553170803 4510.4000000000005 298.5659591873623 269.50000000000006 1.5000000000000002 390.16666666666669 261.57142857142861 283.93833333333339 14.4 258.50000000000006 31053.350000000002 0.87729658351622763 89.018333333333345 1.5000000000000002 304.00000000000006
decision_type=2 10 10 2 2 8 2 2 2 2 2 2 2 2 10 2 2 2 2 10 10 2 2 2 2 10
left_child=4 8 3 5 10 -3 -5 14 -2 17 18 -12 -13 -11 15 -6 19 -10 25 -4 -16 22 -9 -23 -20 -1
right_child=1 2 16 6 7 -7 -8 21 9 13 11 12 -14 -15 20 -17 -18 -19 24 -21 -22 23 -24 -25 -26 -27
leaf_value=0.42709623122668783 6.9042947451273609 5.8436758168538399 2.377811066309611 1.5767489521127001 -0.34578332527011052 16.869993591308596 6.3889949417114265 -0.13241007645976621 0.5329957799054682 3.7266021156311036 7.8796485111117365 1.2650245617720344 0.26087987368649956 -0.56759197235107428 0.05015420224517584 -1.4909148668050767 4.298841069142024 -0.47636188588304712 -0.81429039090871813 0.44120468616593578 -1.248219855453657 0.4698596728198669 -1.9752497291564943 -0.24828857826952466 -0.16397267305197158 -0.29156837880611425
leaf_weight=115 2.9999999999999991 15.000000000000002 8.9999999999999982 38 51 2.9999999999999991 9.9999999999999982 9.0000000000000018 56 9.9999999999999982 3.9999999999999991 84 411 4.9999999999999991 56 250 2.9999999999999991 112 48 69 23 34 14.999999999999998 506 196 20
leaf_count=115 3 15 9 38 51 3 10 9 56 10 4 84 411 5 56 250 3 112 48 69 23 34 15 506 196 20
internal_value=0.00870846 1.07642 2.22321 3.97078 -0.186433 7.6814 2.5793 -0.58977 0.170087 0.0596901 0.247224 0.490987 0.43128 2.2952 -1.09543 -1.29689 0.799259 -0.139909 -0.07372 0.664659 -0.327853 -0.249077 -1.28418 -0.203072 -0.291904 0.320627
internal_weight=2155 333 147 66 1822 18 48 944 186 183 878 499 495 15 380 301 81 168 379 78 79 564 24 540 244 135
internal_count=2155 333 147 66 1822 18 48 944 186 183 878 499 495 15 380 301 81 168 379 78 79 564 24 540 244 135
is_linear=0
shrinkage=0.05


Tree=44
num_leaves=26
num_cat=0
split_feature=1 4 13 7 7 0 14 1 11 1 15 16 0 4 0 7 11 11 14 0 3 4 0 12 3
split_gain=139419 114011 91945.5 124406 106620 103721 103645 63856.6 21520.5 17372.4 16489.2 111902 14057.6 13710.5 12784.2 12364.1 12098.4 9171.32 8079.7 6100.57 6072.39 5467.9 5261.86 4023.9 1881.13
threshold=31296.445000000003 38272.500000000007 284.57000000000005 5.5000000000000009 1.5000000000000002 40189.600000000006 264.50000000000006 23620.290000000001 269.50000000000006 18798.940000000002 323.40000000000003 304.02857142857152 34133.650000000001 48097.000000000007 31053.350000000002 1.5000000000000002 282.80000000000007 301.50000000000006 252.88000000000002 38389.80000000001 0.87729658351622763 28185.000000000004 33633.30000000001 302.50000000000006 0.92832395973815274
decision_type=2 2 10 2 2 2 10 2 10 2 2 2 2 2 2 2 10 10 10 2 2 2 2 10 2
left_child=1 9 5 4 6 12 -4 8 15 21 17 -12 -2 -14 20 -3 -6 -11 -10 -16 -9 -1 -5 -23 -24
right_child=2 7 3 22 16 -7 -8 14 18 10 11 -13 13 -15 19 -17 -18 -19 -20 -21 -22 23 24 -25 -26
leaf_value=1.3881987476348878 2.8020565032958986 -0.5720506794047806 12.532681210835776 4.2277549743652347 -0.63907369706365802 9.2663789113362629 2.8490040387426103 -0.093243832779782113 0.0046273370583852138 0.35903389454084528 10.387817307313284 0.61311315596714377 -0.57007116896490906 0.43158106111266004 -0.23190482441053925 -1.4127961832404137 0.77588026113808162 -0.059461343601346021 -1.1144295523995937 0.43336369297089611 -1.828783925374349 -0.14316459239848578 7.1949502309163424 -0.71180235828672145 5.9429101308186842
leaf_weight=4.9999999999999991 3.9999999999999991 53 2.9999999999999991 2.9999999999999991 18 2.9999999999999991 35 7.0000000000000027 54 379 2.9999999999999991 122 93 54 502 250 94 200 23 37 18 120 5.9999999999999982 42 6
leaf_count=5 4 53 3 3 18 3 35 7 54 379 3 122 93 54 502 250 94 200 23 37 18 120 6 42 6
internal_value=-0.0249732 -0.194403 0.939026 1.75911 1.32495 0.0603644 3.6135 -0.575055 -1.07605 0.218152 0.32691 0.847706 -0.122537 -0.202117 -0.237505 -1.26574 0.548477 0.214476 -0.329636 -0.186237 -1.34283 -0.240326 6.1007 -0.290589 6.56893
internal_weight=2134 1815 319 165 150 154 38 944 380 871 704 125 151 147 564 303 112 579 77 539 25 167 15 162 12
internal_count=2134 1815 319 165 150 154 38 944 380 871 704 125 151 147 564 303 112 579 77 539 25 167 15 162 12
is_linear=0
shrinkage=0.05


Tree=45
num_leaves=26
num_cat=0
split_feature=1 4 18 15 1 1 18 11 2 11 1 4 16 18 1 4 18 2 18 15 17 15 11 2 2
split_gain=129323 105406 99550.9 60211.2 51150.6 49494.6 39634.5 210497 32897.1 27171.3 27036 25869 18349.7 24531.6 18036.9 15290.5 17343.3 14485 13243.2 23361.2 10256.5 9701.16 7348.16 5108.76 778.175
threshold=31296.445000000003 38272.500000000007 23926.895 571.83333333333348 22067.330000000005 36487.450000000012 22247.160000000003 309.50000000000006 7700.9950000000008 260.50000000000006 28449.935000000001 44735.000000000007 306.03000000000003 22702.765000000003 27704.635000000006 42910.000000000007 29567.815000000006 2758.8600000000001 28094.495000000006 156.50000000000003 130.71058768772789 250.26166666666668 245.22000000000003 12525.385000000002 2485.7100000000005
decision_type=2 2 10 2 2 2 10 10 2 8 2 2 2 10 2 2 8 2 10 2 2 2 10 2 2
left_child=1 6 11 5 15 8 7 10 -4 -7 -1 -2 13 -8 -9 20 -17 -5 21 -20 -3 -6 -13 -14 -24
right_child=2 4 3 17 18 9 12 14 -10 -11 -12 22 23 -15 -16 16 -18 -19 19 -21 -22 -23 24 -25 -26
leaf_value=0.33026273264431999 1.1190983104705803 -1.4599112378797312 0.36735202369974423 8.1135848999023441 -0.27005411164766108 4.6496853048151197 -4.7331815083821622 12.698922443389893 3.8383773837770736 -0.71855799357096317 1.7363503382756162 3.6500351333618166 0.46085366583139886 -0.19277973938157802 7.2160789489746069 -0.19667845494819411 -2.263110129038493 3.200161480903625 -3.2118122577667236 -0.4717020329595063 -0.17318065113881057 0.26418680393046912 5.6438682556152351 -0.27751676374011569 6.5180990219116204
leaf_weight=277 5.0000000000000027 174 275 2.9999999999999991 270 10.999999999999996 2.9999999999999991 2.9999999999999991 6.9999999999999991 3.0000000000000009 39 4.9999999999999991 177 356 3 66 11.999999999999998 3 7.9999999999999991 281 17 124 6.9999999999999982 27 4
leaf_count=277 5 174 275 3 270 11 3 3 7 3 39 5 177 356 3 66 12 3 8 281 17 124 7 27 4
internal_value=0.00691537 -0.155313 0.929559 0.698088 -0.520488 0.597572 0.237508 0.679955 0.453512 3.49935 0.503799 4.25834 -0.0155435 -0.230722 9.9575 -1.10449 -0.514591 5.65687 -0.290481 -0.547553 -1.34539 -0.101917 5.23935 0.363128 5.96177
internal_weight=2160 1837 323 302 952 296 885 322 282 14 316 21 563 359 6 269 78 6 683 289 191 394 16 204 11
internal_count=2160 1837 323 302 952 296 885 322 282 14 316 21 563 359 6 269 78 6 683 289 191 394 16 204 11
is_linear=0
shrinkage=0.05


Tree=46
num_leaves=28
num_cat=0
split_feature=3 16 11 16 12 11 1 4 0 1 1 15 11 13 1 0 0 3 17 1 15 13 12 13 0 1 16
split_gain=108715 124224 68501.5 63891.1 71268.9 44807.7 37798.6 29254.2 38763 20947.6 42598.1 19355.8 18819.3 18705.6 17857.5 16322 16266.3 15795.1 13028.6 11470.4 9043.86 7842.19 6377.23 6311.21 5277.69 4859.53 14.4127
threshold=0.91321976830606333 257.71428571428572 220.38500000000002 287.79214285714289 249.88500000000002 1118.5000000000002 22312.280000000002 40485.000000000007 39159.55000000001 27506.910000000003 27565.610000000004 253.35333333333338 245.22000000000003 198.53500000000003 24344.365000000005 37266.700000000004 34580.850000000013 0.92452522222461953 282.75834274078255 17754.445000000003 230.06666666666669 304.00000000000006 268.50000000000006 288.63500000000005 34722.200000000004 22695.230000000007 225.25071428571431
decision_type=2 2 8 2 10 8 2 2 2 2 2 2 10 10 2 2 2 2 2 2 2 10 10 10 2 2 2
left_child=2 12 6 11 16 -6 20 9 14 19 -11 23 21 -10 -9 18 -5 -13 -8 -4 22 -2 -1 -3 26 -17 -14
right_child=1 3 7 4 5 -7 15 8 13 10 -12 17 24 -15 -16 25 -18 -19 -20 -21 -22 -23 -24 -25 -26 -27 -28
leaf_value=-1.3033104589677627 4.2853235244750945 1.0821703481674194 -0.46482171052839699 2.5340857914515893 0.72911584561253773 6.9518709818522142 -0.4448342811336703 -0.71728495432432959 3.8425937747955325 4.043474219905006 0.51864345924100952 0.82496187367609564 5.2895994186401385 0.66891661362006127 -0.14892218184542447 2.4765476862589519 5.6173131205818869 -0.72421526971616246 -3.7664697329203287 0.16857487579182298 -3.5993861675262453 0.90353010495503716 -0.35462083101272585 3.9830223083496081 7.5810832977294913 0.39959921862768089 5.4238227844238267
leaf_weight=155 4.0000000000000027 5 82 7.0000000000000027 81 2.9999999999999991 185 212 4.9999999999999991 8.9999999999999982 180 21 3.9999999999999982 65 397 2.9999999999999991 10.999999999999998 76 2.9999999999999991 557 3.9999999999999991 3 20 3 4 46 4
leaf_count=155 4 5 82 7 81 3 185 212 5 9 180 21 4 65 397 3 11 76 3 557 4 3 20 3 4 46 4
internal_value=-0.0103001 1.02707 -0.132216 0.671917 1.56317 0.951357 -0.700206 0.0245746 -0.218695 0.224068 0.686493 -0.193869 4.89631 0.895608 -0.346776 -0.286002 4.41828 -0.388826 -0.497839 0.0872939 -1.24862 2.83598 -1.19489 2.16999 6.09817 0.526759 5.35671
internal_weight=2149 226 1923 207 102 84 416 1507 679 828 189 105 19 70 609 237 18 97 188 639 179 7 175 8 12 49 8
internal_count=2149 226 1923 207 102 84 416 1507 679 828 189 105 19 70 609 237 18 97 188 639 179 7 175 8 12 49 8
is_linear=0
shrinkage=0.05


Tree=47
num_leaves=25
num_cat=0
split_feature=1 11 8 18 1 7 6 15 1 0 1 4 18 17 13 15 0 6 18 3 11 4 17 18
split_gain=111503 75350.7 70438.8 47622.3 112622 90065 41921.8 115271 30841.3 30585.6 21934.6 14333.4 18022 14012.7 28050.4 13335.6 11489.5 9567.21 7563.21 7072.96 6239.4 6209.61 4309.59 1001.76
threshold=27535.250000000004 1115.5000000000002 2.5000000000000004 25710.070000000003 27565.610000000004 5.5000000000000009 1.5000000000000002 282.6733333333334 37020.420000000006 35919.750000000007 22312.280000000002 42910.000000000007 29567.815000000006 248.37490314090437 309.50000000000006 231.83333333333334 38591.80000000001 5.5000000000000009 21086.580000000002 0.61814403559479802 279.50000000000006 28185.000000000004 43.880700932134566 24344.365000000005
decision_type=2 10 2 10 2 2 2 2 2 2 2 2 10 2 10 2 2 2 10 2 10 2 2 8
left_child=2 3 10 4 -2 -6 7 -5 -8 -3 11 15 -13 16 -15 -1 -12 21 20 -20 -19 23 -23 -4
right_child=1 9 17 6 5 -7 8 -9 -10 -11 13 12 -14 14 -16 -17 -18 18 19 -21 -22 22 -24 -25
leaf_value=-1.2686114272547209 10.549417527516683 2.8755371093749997 2.0185822327931731 7.538806489535741 0.58310299434043744 4.2359053903155859 -0.033670837580169637 0.33869151263325303 3.57215944925944 9.2615239461262995 -0.40714545638988853 -0.11824618198009114 -2.1747987527113692 -4.0011072516441324 -0.23811951864224215 -4.630522282918295 1.1207306293340831 0.015036071659024083 -0.54675247946156647 -0.079774347384986677 0.67438658973848342 0.010247567704166561 0.57962841102454921 0.89956723848978626
leaf_weight=176 2.9999999999999991 5 5.9999999999999973 6.9999999999999991 270 18 509 27 5.9999999999999991 3 230 59 12.999999999999998 8.0000000000000018 12.999999999999998 2.9999999999999991 12.999999999999998 134 106 345 49 68 65 3.0000000000000009
leaf_count=176 3 5 6 7 270 18 509 27 6 3 230 59 13 8 13 3 13 134 106 345 49 68 65 3
internal_value=-0.00473319 0.44069 -0.297312 0.394694 0.911795 0.811403 0.120603 1.82107 0.00833884 5.27028 -0.750669 -1.08532 -0.489568 -0.432494 -1.67164 -1.32496 -0.325407 0.00356281 -0.0795239 -0.18953 0.191583 0.374527 0.288516 1.64558
internal_weight=2139 848 1291 840 291 288 549 34 515 8 515 251 72 264 21 179 243 776 634 451 183 142 133 9
internal_count=2139 848 1291 840 291 288 549 34 515 8 515 251 72 264 21 179 243 776 634 451 183 142 133 9
is_linear=0
shrinkage=0.05


Tree=48
num_leaves=27
num_cat=0
split_feature=15 2 17 4 0 16 1 16 18 1 2 16 17 18 16 1 18 11 18 0 18 18 4 3 6 1
split_gain=94937.1 59291.9 103551 50002.2 42040.7 34902.5 33806.2 29348.4 22477.2 18938.1 13989.5 21595.7 13399.5 11498 11309.3 9168.07 7555.21 6994.41 11954.6 10829.1 6846.49 5539.15 5307.47 4930.02 4675 4282.7
threshold=250.26166666666668 3229.6700000000005 52.182933764013349 44395.000000000007 37709.100000000013 388.79214285714289 22312.280000000002 287.79214285714289 19733.190000000002 28355.780000000006 12109.665000000003 267.41428571428577 299.28938837327331 21161.355000000007 269.35714285714295 23770.095000000001 25119.715000000004 249.88500000000002 28042.045000000006 37121.450000000004 27469.665000000005 27624.775000000005 42412.500000000007 0.85186966245208062 7.5000000000000009 22841.780000000006
decision_type=2 2 2 2 2 2 2 2 10 2 2 2 2 10 2 2 10 10 8 2 10 8 2 2 2 2
left_child=6 2 4 22 16 -5 17 -6 9 24 14 -12 13 25 -10 -15 -2 18 20 21 -1 -19 -4 -11 -3 -8
right_child=1 8 3 5 7 -7 12 -9 10 23 11 -13 -14 15 -16 -17 -18 19 -20 -21 -22 -23 -24 -25 -26 -27
leaf_value=-1.2183082001305177 0.61661943555809562 0.89550567916461399 1.4296643234789372 2.893922696510951 1.030471256044176 7.0129647572835285 1.3721936089651925 5.8081809234619151 0.45603081316110639 3.7959424972534181 -4.0608612537384037 -0.35490393384866287 -3.6445526639620462 -1.178513283321732 -0.05523987376717461 -0.33803322635389665 -0.29204815795086325 -0.30592532753944385 -3.929684925079346 -2.4411359405517583 0.65828790664672854 1.6006599998474123 0.23161894083023071 1.7189823722839357 0.23553673485051033 0.087201727842065424
leaf_weight=174 28 35 32 36 8.9999999999999982 5.9999999999999991 6.9999999999999991 4.9999999999999991 126 3.9999999999999991 3.9999999999999991 228 2.9999999999999991 38 764 222 125 16.000000000000007 3.9999999999999991 4.9999999999999991 4.9999999999999991 4.9999999999999991 12.999999999999998 9.9999999999999982 115 88
leaf_count=174 28 35 32 36 9 6 7 5 126 4 4 228 3 38 764 222 125 16 4 5 5 5 13 10 115 88
internal_value=-0.0588513 0.1448 0.842889 2.2416 0.114218 3.48236 -0.611978 2.7368 0.0069192 0.553677 -0.072999 -0.4188 -0.316987 -0.288867 0.0171423 -0.460873 -0.125756 -1.11727 -1.2263 -0.349892 -1.16589 0.148024 1.08356 2.3124 0.389529 0.181885
internal_weight=2107 1540 254 87 167 42 567 14 1286 164 1122 232 358 355 890 260 153 209 183 26 179 21 45 14 150 95
internal_count=2107 1540 254 87 167 42 567 14 1286 164 1122 232 358 355 890 260 153 209 183 26 179 21 45 14 150 95
is_linear=0
shrinkage=0.05


Tree=49
num_leaves=28
num_cat=0
split_feature=1 4 13 12 16 3 3 1 7 17 17 3 4 4 12 14 12 15 14 17 4 4 12 1 7 14 6
split_gain=89089.5 84106.8 74400.2 70086.7 96922.8 109291 49505 42352.9 31608.2 20938.7 75403.1 22386.2 17480.3 18824.3 12360.8 10518.3 12064.1 9638.69 8204.68 8084.71 6543.42 6528.08 6618.88 4987.5 4683.93 3970.77 3510.16
threshold=31088.780000000006 38272.500000000007 287.56 290.60500000000008 272.21428571428578 0.92230444861764904 0.81577704503275039 23413.670000000002 2.5000000000000004 35.873827382138458 36.135603553170803 0.84897315793071249 46250.000000000007 41785.000000000007 209.96000000000001 280.25000000000006 239.30000000000004 283.93833333333339 14.610000000000001 282.75834274078255 42977.500000000007 39497.500000000007 28.645000000000003 32342.155000000002 1.5000000000000002 274.50000000000006 1.5000000000000002
decision_type=2 2 10 10 2 2 2 2 2 2 2 2 2 2 10 10 10 2 10 2 2 2 10 2 2 10 2
left_child=1 9 6 4 5 -4 -2 12 -6 17 -11 -12 13 -3 -14 16 -8 25 23 -20 -17 26 -23 -5 -19 -1 -9
right_child=2 7 3 18 8 -7 15 21 -10 10 11 -13 14 -15 -16 20 -18 24 19 -21 -22 22 -24 -25 -26 -27 -28
leaf_value=0.70033579138485169 6.3967293302218122 -1.1264002346976119 14.733262125651041 0.41124261617660524 2.9619108517169952 4.1458371822650619 -0.48034226621708109 2.1624415715535457 0.49462190722977672 7.2518146336078644 0.17777558011861594 0.97817303534366395 0.35488494873046877 -0.39129782626712084 -2.3303464126586912 1.2235272216796877 0.66061525506468932 -0.75472096742653272 0.34545250793918969 2.6488388538360597 -0.64786590681949141 -0.73138090495641039 -0.17323581321772438 2.5735970020294192 -0.16832224941217058 0.093238210034641361 0.35242771875858309
leaf_weight=37 2.9999999999999991 182 2.9999999999999991 3.9999999999999991 25 12.999999999999998 36 3.0000000000000027 27 3.9999999999999991 385 113 4.9999999999999991 167 30 4.9999999999999991 65 41 80 3.9999999999999991 71 60 463 7.9999999999999991 201 99 25
leaf_count=37 3 182 3 4 25 13 36 3 27 4 385 113 5 167 30 5 65 41 80 4 71 60 463 8 201 99 25
internal_value=-0.00834133 -0.148171 0.72942 1.49978 2.72792 6.13098 0.027539 -0.478375 1.68082 0.202672 0.414312 0.359392 -0.881478 -0.774646 -1.94674 -0.0804134 0.253937 -0.078395 0.629847 0.455138 -0.524748 -0.197446 -0.237268 1.85281 -0.267671 0.258404 0.546358
internal_weight=2159 1815 344 164 68 16 180 935 52 880 502 498 384 349 35 177 101 378 96 84 76 551 523 12 242 136 28
internal_count=2159 1815 344 164 68 16 180 935 52 880 502 498 384 349 35 177 101 378 96 84 76 551 523 12 242 136 28
is_linear=0
shrinkage=0.05


Tree=50
num_leaves=30
num_cat=0
split_feature=12 1 12 6 14 2 4 1 6 14 14 13 11 16 0 14 7 4 1 2 2 4 1 5 2 0 6 5 4
split_gain=85780.8 68059 47145.3 124001 217272 62630.1 28596.4 20253.1 18984.8 17249.6 12924.5 12466.6 15971.3 10390.5 8938.98 8646.14 17223.1 7435.67 7434.11 7315.68 13634.6 6499.02 4609.15 4721.03 4015.48 3981.72 2899.44 2466.56 1656.46
threshold=229.54000000000005 31233.625000000004 290.60500000000008 1.5000000000000002 229.03500000000003 2898.2550000000006 39497.500000000007 22402.765000000007 10.500000000000002 399.50000000000006 190.36500000000004 114.50000000000001 1.0000000180025095e-35 248.85714285714286 39282.200000000004 85.000000000000014 4.5000000000000009 42782.500000000007 18798.940000000002 15845.170000000002 15353.480000000001 38272.500000000007 22218.560000000001 3.5000000000000004 8242.1850000000031 30239.400000000005 1.5000000000000002 3.5000000000000004 48944.500000000007
decision_type=8 2 10 2 8 2 2 2 2 8 10 10 10 2 2 10 2 2 2 2 2 2 2 2 2 2 2 2 2
left_child=7 6 3 4 -3 -5 8 15 9 -2 13 26 25 -4 -14 16 24 -12 -10 20 -8 -18 23 -17 -1 -13 -9 -21 -28
right_child=1 2 10 5 -6 -7 19 11 18 -11 17 12 14 -15 -16 22 21 -19 -20 27 -22 -23 -24 -25 -26 -27 28 -29 -30
leaf_value=2.5631875455379487 0.28059375959173055 18.136129728953044 0.35503255232340752 2.3783922201496064 1.1156814777851103 0.28687922450979902 -0.2576887013651355 1.8077329715092976 -0.43085847028664181 1.1343238608308241 0.66217766404151923 -1.3257233170902025 -0.41113656477724342 2.2544610043366751 2.3416049003601076 -1.0078489146114868 0.53228163917859395 -0.27204201616597978 0.064918132418952321 -1.2109032539220956 3.1233346939086917 -1.2243559238522552 -2.9438098907470707 -1.7027788322312494 0.51799945359428723 -2.7426178795950755 0.31379147654771811 0.30324328740437828 -0.50743689537048342
leaf_weight=2.9999999999999991 355 2.9999999999999991 18.000000000000004 59 5.0000000000000009 91 493 2.9999999999999991 98 71 28 17.000000000000004 174 11.999999999999998 2.9999999999999991 81 5.9999999999999991 89 331 26.000000000000004 2.9999999999999991 43 3.9999999999999991 35 11.999999999999998 6.9999999999999991 50 2.9999999999999991 6.9999999999999991
leaf_count=3 355 3 18 59 5 91 493 3 98 71 28 17 174 12 3 81 6 89 331 26 3 43 4 35 12 7 50 3 7
internal_value=-0.0055801 0.157483 0.833414 1.43302 7.49835 1.10954 0.00809222 -0.623021 0.186446 0.422882 0.188934 -0.3398 -0.5286 1.1148 -0.36448 -1.02476 -0.555438 -0.0484681 -0.0483362 -0.28237 -0.237239 -1.00926 -1.27507 -1.21753 0.927037 -1.73898 0.292679 -1.05427 0.212939
internal_weight=2130 1685 305 158 8 150 1380 445 855 426 147 261 201 30 177 184 64 117 429 525 496 49 120 116 15 24 60 29 57
internal_count=2130 1685 305 158 8 150 1380 445 855 426 147 261 201 30 177 184 64 117 429 525 496 49 120 116 15 24 60 29 57
is_linear=0
shrinkage=0.05


Tree=51
num_leaves=25
num_cat=0
split_feature=12 2 18 11 13 11 1 0 13 1 18 1 2 2 17 17 0 7 2 13 17 18 11 1
split_gain=69486.9 61667.6 57860.2 145637 53997.2 33037.4 31969.1 23065.6 52680.2 20507.4 14497.1 16771.2 14170.8 12320.5 12186.4 9287.88 12646.3 11611.6 8620.58 9790 8379.53 5382.72 3584.72 1552.49
threshold=229.54000000000005 4550.8100000000004 25710.070000000003 319.50000000000006 294.94500000000005 1118.5000000000002 37020.420000000006 40189.600000000006 289.16500000000008 22402.765000000007 19106.010000000006 28355.780000000006 2758.8600000000001 17097.390000000003 295.01901792073119 130.71058768772789 34209.450000000004 1.0000000180025095e-35 15845.170000000002 190.36500000000004 94.222438445532745 24877.390000000003 286.01000000000005 22695.230000000007
decision_type=8 2 8 8 10 10 2 2 10 2 10 2 2 2 2 2 2 2 2 10 2 8 8 2
left_child=9 2 3 4 -2 6 -4 10 -9 15 11 -3 -7 -12 18 16 17 -1 19 -11 -18 -17 -10 -20
right_child=1 7 5 -5 -6 12 -8 8 22 14 13 -13 -14 -15 -16 21 20 -19 23 -21 -22 -23 -24 -25
leaf_value=0.76951731741428375 0.5916224879337898 0.27304467387730258 0.078041496359665341 12.273991870880128 2.5932679526349336 6.3289643605550134 3.277696776390076 7.7674936612447016 1.6025003242492681 0.18868118431419134 -0.12645956407313738 2.786465617588588 1.4691319147745765 -1.5697916539510093 -3.4551850159962978 2.3518207172552748 -3.6926120758056622 -0.99858730481221125 2.2648285547892248 -0.50398602769630296 -1.5846053275195036 -0.32716493844985955 -0.037176847159862518 0.82608359813690169
leaf_weight=9.9999999999999982 119 128 323 2.9999999999999991 47 2.9999999999999991 7.9999999999999991 3.0000000000000027 4.9999999999999973 72 1034 6.9999999999999991 3 14.999999999999998 2.9999999999999991 2.9999999999999991 6.0000000000000027 130 3 175 22 5.0000000000000009 10 5
leaf_count=10 119 128 323 3 47 3 8 3 5 72 1034 7 3 15 3 3 6 130 3 175 22 5 10 5
internal_value=-0.00595128 0.137602 0.600656 1.35567 1.15835 0.222027 0.155375 -0.0573277 1.71907 -0.570903 -0.0843337 0.40337 3.89905 -0.147098 -0.287028 -0.987037 -1.0663 -0.872294 -0.249755 -0.302075 -2.03632 0.677455 0.509382 1.36561
internal_weight=2142 1708 506 169 166 337 331 1202 18 434 1184 135 6 1049 258 176 168 140 255 247 28 8 15 8
internal_count=2142 1708 506 169 166 337 331 1202 18 434 1184 135 6 1049 258 176 168 140 255 247 28 8 15 8
is_linear=0
shrinkage=0.05


Tree=52
num_leaves=26
num_cat=0
split_feature=12 1 18 2 2 15 18 11 2 1 18 0 11 14 18 17 2 11 18 2 7 6 6 0 17
split_gain=73633 58660.8 81540.5 87502.4 49927 36386 28457.3 95497.1 23394.5 21841.1 16154.5 15483.2 13321.4 12426.2 12090.6 10928.7 8459.83 7870.71 7148 5610.26 5126.78 3338.1 3028.05 2118.73 1093.04
threshold=228.58500000000001 31233.625000000004 28042.045000000006 5917.2500000000009 2939.3400000000006 571.83333333333348 21726.965000000004 309.50000000000006 7700.9950000000008 22695.230000000007 28198.140000000003 39159.55000000001 244.50000000000003 347.50000000000006 10465.250000000002 295.01901792073119 2758.8600000000001 396.00000000000006 20404.860000000004 11385.945000000002 5.5000000000000009 13.500000000000002 2.5000000000000004 34551.950000000004 114.58934634827425
decision_type=8 2 10 2 2 2 10 10 2 2 10 2 10 10 10 2 2 10 10 2 2 2 2 2 2
left_child=9 6 3 4 -3 8 7 11 -4 10 12 -2 14 19 -1 18 -7 -15 22 -8 -20 -12 -11 -23 -14
right_child=1 2 5 -5 -6 16 13 -9 -10 15 21 -13 24 17 -16 -17 -18 -19 20 -21 -22 23 -24 -25 -26
leaf_value=0.27735831141471862 0.29341591620670243 3.0568663490506318 0.091104832534412192 10.525779914855958 0.47469672941499291 6.0125162760416666 -0.13290021734720153 8.0303619384765632 2.6910240838925046 1.9325298309326173 -4.1702739715576174 -3.3119192441304528 0.78466419339179971 0.11137824828426045 -1.1735250691005161 -3.2824257651964821 2.2575574715932203 1.101317985534668 -0.29982713267920497 -0.40758514630751802 -1.4103916081515226 -3.3803448994954439 0.27122273668646812 -1.7921695028032574 -0.02997154997927802
leaf_weight=15.999999999999998 404 39 224 2.9999999999999991 36 2.9999999999999991 557 3.9999999999999991 8.9999999999999982 2.9999999999999991 2.9999999999999991 2.9999999999999991 10.000000000000002 102 140 2.9999999999999991 3 25 188 279 10.999999999999998 2.9999999999999982 32 7 6.9999999999999991
leaf_count=16 404 39 224 3 36 3 557 4 9 3 3 3 10 102 140 3 3 25 188 279 11 3 32 7 7
internal_value=-0.0120481 0.13554 0.748647 2.15236 1.81742 0.290531 -0.00591152 0.342398 0.191531 -0.602053 -1.00761 0.266841 -0.879878 -0.154567 -1.02472 -0.283765 4.13504 0.306248 -0.245321 -0.224571 -0.361215 -2.70746 0.41362 -2.26862 0.449226
internal_weight=2114 1691 317 78 75 239 1374 411 233 423 186 407 173 963 156 237 6 127 234 836 199 13 35 10 17
internal_count=2114 1691 317 78 75 239 1374 411 233 423 186 407 173 963 156 237 6 127 234 836 199 13 35 10 17
is_linear=0
shrinkage=0.05


Tree=53
num_leaves=25
num_cat=0
split_feature=11 18 1 11 1 18 13 11 1 5 4 16 4 1 2 17 16 18 18 17 3 1 1 0
split_gain=54609.7 42118.8 55420 32535.3 31479 30957.2 31499.6 27781.3 22193.9 20075.8 15154.5 15051.7 13638.3 13221.8 9895.96 8613.03 8017.21 8015.8 5476.59 5511.83 3588.64 1378.62 75.0301 18.6834
threshold=220.38500000000002 22862.125000000004 31326.770000000004 319.50000000000006 31743.855000000003 25710.070000000003 293.50000000000006 1115.5000000000002 22312.280000000002 1.0000000180025095e-35 48055.000000000007 306.50000000000006 48222.000000000007 26712.305000000004 15071.420000000002 282.75834274078255 240.92000000000004 14158.35 9832.8250000000025 130.71058768772789 0.92997455705919885 22695.230000000007 20928.230000000003 38663.80000000001
decision_type=8 10 2 10 2 10 8 10 2 2 2 2 2 2 2 2 2 10 10 2 2 2 2 2
left_child=8 2 3 13 10 6 -6 -7 16 -4 11 -3 -12 -2 15 17 18 -10 22 -20 -11 -16 -1 -23
right_child=1 4 9 -5 5 7 -8 -9 14 20 12 -13 -14 -15 21 -17 -18 -19 19 -21 -22 23 -24 -25
leaf_value=0.55174156626065551 0.11933967026779342 -0.2222861165431087 0.57329686403274494 4.4359519958496092 1.2010767340660093 0.22118997478059363 5.8243579864501953 3.4199319022042411 1.2957888759672642 5.8180959065755218 -1.6432010243015907 0.20340726688174771 -0.20305265205247061 0.70858846862287916 2.2102634429931647 -2.9552129268646241 -2.9542263793945316 -0.31635868888164703 -1.0680443552178396 0.1464503335952759 3.8463734054565428 1.0234873453776039 0.23545029640197748 0.85842173099517805
leaf_weight=3 218 707 5.0000000000000027 4.9999999999999991 14.000000000000002 224 4.9999999999999991 6.9999999999999991 7.9999999999999991 2.9999999999999991 31 294 35 169 2.9999999999999982 2.9999999999999991 4.9999999999999991 213 142 9.9999999999999982 9.9999999999999982 3 5 4
leaf_count=3 218 707 5 5 14 224 5 7 8 3 31 294 35 169 3 3 5 213 142 10 10 3 5 4
internal_value=-0.0113505 0.110454 0.553004 0.428437 -0.0273179 0.477692 2.41773 0.318122 -0.538559 3.26581 -0.145643 -0.0972573 -0.879486 0.37666 -0.225422 -0.294124 -0.982645 -0.258 -0.921033 -0.988143 4.30139 1.31349 0.35406 0.929164
internal_weight=2126 1727 410 392 1317 250 19 231 399 18 1067 1001 66 387 234 224 165 221 160 152 13 10 8 7
internal_count=2126 1727 410 392 1317 250 19 231 399 18 1067 1001 66 387 234 224 165 221 160 152 13 10 8 7
is_linear=0
shrinkage=0.05


Tree=54
num_leaves=27
num_cat=0
split_feature=1 18 15 13 13 17 8 2 13 1 7 18 17 17 11 12 1 1 7 0 18 0 13 11 2 16
split_gain=69181.8 61056.6 40839.6 39964.3 168480 40166.1 39676.3 23077.9 46951.7 22341.3 16657.5 16051.5 12194.9 11085.5 10923.1 10969.5 10799.5 10338.8 7646.98 6828.06 6449.15 5584.11 4326.71 4166.42 3036.18 2641.35
threshold=31088.780000000006 29438.395000000004 571.83333333333348 294.94500000000005 299.51000000000005 35.873827382138458 3.5000000000000004 7700.9950000000008 329.50000000000006 23302.175000000003 4.5000000000000009 20316.705000000005 32.660422617618742 43.880700932134566 269.50000000000006 324.00000000000006 28449.935000000001 29186.110000000004 1.5000000000000002 31053.350000000002 28636.135000000002 38389.80000000001 205.60500000000005 258.50000000000006 4947.3950000000013 385.01428571428579
decision_type=2 10 2 10 10 2 2 2 8 2 2 10 2 2 10 10 2 2 2 2 10 2 8 10 2 2
left_child=6 3 7 12 -5 -6 9 10 -9 14 -3 16 -2 18 15 -1 23 -15 -13 22 -16 -21 -11 -8 -18 -14
right_child=1 2 -4 4 5 -7 11 8 -10 19 -12 13 25 17 20 -17 24 -19 -20 21 -22 -23 -24 -25 -26 -27
leaf_value=-0.73511838333654234 3.6822772701581323 0.28442385813630205 4.6754728317260748 14.107039801279704 -0.92677887856960306 2.6074383129433887 0.073375633627176293 7.7010701179504437 0.040157344471663227 -0.12991188036070925 -0.65124238206268248 -0.69712767782621088 0.6112020393212636 0.15311184845590364 0.26507599929044412 -2.0437540699453915 1.0745866736679366 1.5536808763231551 -0.099487930939558447 -0.17872479479854006 -0.69011004666487386 0.45807002347868847 -1.5166290092468264 0.52538763387128717 2.5332259178161625 -0.28345373896035281
leaf_weight=276 2.9999999999999991 164 4.9999999999999991 2.9999999999999991 9.9999999999999982 41 100 2.9999999999999973 6.0000000000000009 9.0000000000000018 67 64 33 224 43 17 33 13.999999999999998 327 495 30 37 14.999999999999998 104 3.9999999999999991 10.999999999999998
leaf_count=276 3 164 5 3 10 41 100 3 6 9 67 64 33 224 43 17 33 14 327 495 30 37 15 104 4 11
internal_value=-0.0178287 0.629453 0.202995 1.66393 2.59182 1.91445 -0.142806 0.109818 2.59379 -0.371345 0.0130401 0.0993931 0.597841 -0.0335455 -0.674704 -0.811046 0.446357 0.235498 -0.197311 -0.171653 -0.127466 -0.134436 -0.99661 0.303813 1.23228 0.387538
internal_weight=2138 346 245 101 54 51 1792 240 9 922 231 870 47 629 366 293 241 238 391 556 73 532 24 204 37 44
internal_count=2138 346 245 101 54 51 1792 240 9 922 231 870 47 629 366 293 241 238 391 556 73 532 24 204 37 44
is_linear=0
shrinkage=0.05


Tree=55
num_leaves=27
num_cat=0
split_feature=1 4 17 15 16 6 16 12 18 7 6 13 3 0 7 16 15 4 18 1 4 18 0 6 18 11
split_gain=59656.7 50524.8 456422 32778 29095.2 27060.5 103531 205882 28081.9 55430.6 23590.9 9907.98 8893.32 8407.39 7531.4 16209.9 15052.9 8503.1 10168.7 9523.22 6816.35 4950.19 3980.73 2665.48 2507.05 247.178
threshold=27535.250000000004 33822.500000000007 37.364814778372683 254.06000000000003 300.43500000000012 1.5000000000000002 261.57142857142861 239.30000000000004 25797.400000000005 5.5000000000000009 9.5000000000000018 299.51000000000005 0.50613353623772495 32991.500000000007 1.5000000000000002 109.50500000000001 133.30000000000004 41785.000000000007 21726.965000000004 22541.940000000002 28185.000000000004 21054.630000000001 30827.900000000005 2.5000000000000004 22702.765000000003 290.06000000000006
decision_type=2 2 2 2 2 2 2 10 10 2 2 10 2 2 2 2 2 2 10 2 2 10 2 2 8 8
left_child=3 2 -2 14 -4 6 7 -3 9 -7 -10 -8 24 -6 15 23 -17 19 -19 -16 22 -22 -14 -1 -5 -26
right_child=1 5 4 12 13 8 11 -9 10 -11 -12 -13 20 -15 17 16 -18 18 -20 -21 21 -23 -24 -25 25 -27
leaf_value=1.9155570030212403 20.836930084228516 -0.42132437825202945 -4.2889236768086709 -2.6788655281066909 0.16988739445805545 0.39417185628850787 -0.25604287593261055 16.906245930989581 0.29574503851174488 3.2681475732061602 -0.38504653309709302 1.2115774072544729 0.37579253932525375 1.9655562834306197 -0.94165327897438633 -1.1634606487610761 0.1066018891022649 0.50543984731902247 -0.6251475788703581 -3.791066360473633 0.18584143887744864 -0.11379113826693421 1.6356111526489259 0.53870976407980098 -1.2618999123573305 -0.70604684352874725
leaf_weight=3.9999999999999991 2.9999999999999991 3.9999999999999991 3.0000000000000027 2.9999999999999973 16.000000000000004 247 23 3 254 18 255 23 29 10.999999999999998 130 51 43 23 147 2.9999999999999991 178 611 7.9999999999999991 29 3.9999999999999991 4.0000000000000009
leaf_count=4 3 4 3 3 16 247 23 3 254 18 255 23 29 11 130 51 43 23 147 3 178 611 8 29 4 4
internal_value=0.00198116 0.323388 2.24192 -0.21618 0.382418 0.246832 1.33983 7.00478 0.171989 0.589385 -0.0453195 0.477767 -0.0338974 0.901456 -0.570994 -0.247778 -0.582475 -0.706468 -0.472186 -1.00593 -0.0150893 -0.0461934 0.648186 0.7056 -1.44622 -0.983973
internal_weight=2127 860 33 1267 30 827 53 7 774 265 509 46 837 27 430 127 94 303 170 133 826 789 37 33 11 8
internal_count=2127 860 33 1267 30 827 53 7 774 265 509 46 837 27 430 127 94 303 170 133 826 789 37 33 11 8
is_linear=0
shrinkage=0.05


Tree=56
num_leaves=22
num_cat=0
split_feature=15 11 14 17 17 17 1 18 1 14 18 17 0 14 6 4 0 0 5 6 0
split_gain=54693.9 31362.9 31722.1 55339 333738 40440 24681.5 16923.6 16297.2 11925.4 8598.05 9035.17 11750 8410.69 7692.09 6524.08 6103.87 5864.72 5677.61 2685.25 2316.37
threshold=250.26166666666668 1118.5000000000002 155.00000000000003 37.364814778372683 35.725329231378304 39.075271531583589 35716.240000000005 19733.190000000002 23825.875000000004 319.50000000000006 10465.250000000002 130.71058768772789 37920.900000000009 1010.5000000000001 10.500000000000002 39905.000000000007 32130.250000000004 36857.600000000006 1.0000000180025095e-35 1.5000000000000002 29680.300000000003
decision_type=2 10 10 2 2 2 2 10 2 10 10 2 2 10 2 2 2 2 2 2 2
left_child=8 2 3 4 -2 -5 7 -4 10 -8 14 17 -13 15 -1 19 -17 -12 -3 -10 -16
right_child=1 18 6 5 -6 -7 9 -9 13 -11 11 12 -14 -15 20 16 -18 -19 -20 -21 -22
leaf_value=2.7332455635070803 -0.54145355939865114 5.2770689010620124 0.47490344361910614 -5.2818405151367189 18.473011271158853 0.56758630143440503 0.65345211299136263 -0.069045721142105124 1.8833268880844116 2.7920614242553712 -0.75690206691541306 -0.41244360623152354 2.2619119834899903 -2.4655475907027724 -1.0828587532043459 -1.1630205743453084 -0.18378052413500998 -1.3778475508093835 2.2009204308191932 0.3263478290703562 0.42545301062720164
leaf_weight=2.9999999999999991 9.9999999999999982 2.9999999999999991 163 2.9999999999999991 2.9999999999999991 196 16.000000000000004 1165 2.9999999999999991 10.999999999999998 183 23.000000000000004 4.9999999999999991 3.9999999999999991 3.9999999999999982 17 249 48 3 36 7
leaf_count=3 10 3 163 3 3 196 16 1165 3 11 183 23 5 4 4 17 249 48 3 36 7
internal_value=-0.0222726 0.130946 0.117131 0.685877 3.8465 0.479404 0.0281468 -0.00228088 -0.436385 1.52474 -0.717875 -0.783114 0.0651199 -0.187691 0.489034 -0.157817 -0.246364 -0.88593 3.73899 0.446115 -0.123024
internal_weight=2155 1573 1567 212 13 199 1355 1328 582 27 273 259 28 309 14 305 266 231 6 39 11
internal_count=2155 1573 1567 212 13 199 1355 1328 582 27 273 259 28 309 14 305 266 231 6 39 11
is_linear=0
shrinkage=0.05


Tree=57
num_leaves=25
num_cat=0
split_feature=1 13 1 7 12 8 0 11 7 17 12 4 16 6 1 1 17 18 12 4 1 16 12 6
split_gain=45017.3 29516.3 52047.2 48141.3 36978.9 25079 24686.3 11904.3 14479.3 17063.2 11925.7 8953.91 7302.67 7162.82 7008.91 5053.44 5439.69 3701.23 9527.47 3377.06 2091.13 2057.12 1776.3 690.258
threshold=27535.250000000004 275.49000000000007 27565.610000000004 5.5000000000000009 265.27500000000003 2.5000000000000004 40189.600000000006 269.50000000000006 1.5000000000000002 97.163863275038992 304.00000000000006 42520.000000000007 243.5178571428572 2.5000000000000004 31524.100000000002 17525.575000000004 36.135603553170803 28636.135000000002 264.50000000000006 28185.000000000004 22402.765000000007 332.23500000000007 304.00000000000006 4.5000000000000009
decision_type=2 8 2 2 8 2 2 10 2 2 10 2 2 2 2 2 2 10 10 2 2 2 10 2
left_child=5 6 -3 4 -4 7 11 8 9 -1 -10 23 -13 19 -5 22 -17 20 -19 -7 -9 -21 -15 -2
right_child=1 2 3 14 -6 13 -8 17 10 -11 -12 12 -14 15 -16 16 -18 18 -20 21 -22 -23 -24 -25
leaf_value=0.52651150367761923 0.49336317205429081 5.6181519293785094 1.2096381808527643 2.0282152831554403 0.15641737332771699 1.9208623409271242 3.8563779592514038 0.14007567198388279 -0.68135413013805046 -0.63504184680715414 -2.1291239579518635 0.0050896127485046709 -0.54538339645291367 -0.27186861322985756 4.062227016025119 -0.17385718312058876 0.12046450992289311 -1.1693075329065323 0.46764075435698038 0.19445513197271205 0.85884713355232689 0.81404303851581761 -0.81201644565748132 0.19808288219727968
leaf_weight=57 25 4.9999999999999991 108 8.0000000000000018 365 3.9999999999999991 3.9999999999999991 25 275 71 14.999999999999998 121 120 45 8.9999999999999982 268 379 15.999999999999998 20 37 17 21 23 95
leaf_count=57 25 5 108 8 365 4 4 25 275 71 15 121 120 45 9 268 379 16 20 37 17 21 23 95
internal_value=0.0116466 0.291113 0.542646 0.490855 0.396899 -0.177152 -0.0500074 -0.454919 -0.560732 -0.117788 -0.756239 -0.0932914 -0.269005 0.000160941 3.10505 -0.0445429 -0.00144927 0.112131 -0.259892 0.515697 0.431007 0.418789 -0.454566 0.2596
internal_weight=2133 860 495 490 473 1273 365 496 418 128 290 361 241 777 17 715 647 78 36 62 42 58 68 120
internal_count=2133 860 495 490 473 1273 365 496 418 128 290 361 241 777 17 715 647 78 36 62 42 58 68 120
is_linear=0
shrinkage=0.05


Tree=58
num_leaves=18
num_cat=0
split_feature=3 13 1 18 3 6 1 11 18 2 18 18 18 1 16 11 17
split_gain=60985 42047.9 46768.5 36692.9 72099.7 21846.2 18675 18502.2 15473.1 11112.6 13325.2 10079.8 7482.23 18316.8 8873.39 7031.65 3567.57
threshold=0.95075228228698749 250.02000000000001 31233.625000000004 29438.395000000004 0.84825437598454179 5.5000000000000009 37020.420000000006 1007.0000000000001 22318.674999999999 14737.675000000001 19884.825000000004 21862.330000000005 22907.370000000003 21058.120000000006 124.64285714285715 114.50000000000001 57.211890875352431
decision_type=2 10 2 10 2 2 2 10 10 2 10 10 10 2 2 10 2
left_child=1 9 5 4 -4 8 -2 -5 -3 10 16 -7 13 -11 -14 -12 -1
right_child=6 2 3 7 -6 11 -8 -9 -10 12 15 -13 14 -15 -16 -17 -18
leaf_value=0.63215682743226786 7.6382298787434895 1.0271141967544819 9.4119297027587887 0.19259566968539732 1.4691803323353332 0.14188752321434939 2.4195730447769161 1.9046481437153286 0.18844539014447165 -0.64986480128765112 -0.76750539292891817 -0.22466960476070291 1.3031139532725016 2.1944163640340171 -1.5303123739787512 -0.23866920403910408 -0.041339708340819931
leaf_weight=51 2.9999999999999991 73 2.9999999999999991 128 60 280 4 18 223 100 72 568 2.9999999999999991 5.9999999999999991 35 495 32
leaf_count=51 3 73 3 128 60 280 4 18 223 100 72 568 3 6 35 495 32
internal_value=-0.00321344 -0.0184046 0.151102 0.838864 1.84741 0.0254535 4.65614 0.403671 0.395279 -0.307249 -0.219207 -0.103637 -0.704664 -0.488868 -1.30662 -0.305823 0.372496
internal_weight=2154 2147 1353 209 63 1144 7 146 296 794 650 848 144 106 38 567 83
internal_count=2154 2147 1353 209 63 1144 7 146 296 794 650 848 144 106 38 567 83
is_linear=0
shrinkage=0.05


Tree=59
num_leaves=27
num_cat=0
split_feature=1 4 18 18 14 7 1 15 14 0 6 6 15 14 15 7 1 4 4 3 14 12 11 1 7 6
split_gain=42428.1 31727.6 31442.8 48792.9 50896.7 33265 24447.8 22769.9 20908.7 18889.1 66021.5 13079.5 16680.9 80883 15538.9 12841.1 10515 10085.4 7163.45 6124.23 11238.3 5834.99 3947.98 3788.55 1438.26 1103.45
threshold=29750.600000000002 38272.500000000007 28298.165000000005 27945.720000000005 297.94500000000005 4.5000000000000009 36487.450000000012 571.83333333333348 198.53500000000003 40189.600000000006 1.5000000000000002 5.5000000000000009 323.40000000000003 415.00000000000006 320.33333333333343 4.5000000000000009 23413.670000000002 48055.000000000007 41785.000000000007 0.79918166137591329 290.60500000000008 259.50000000000006 995.00000000000011 17525.575000000004 2.5000000000000004 11.500000000000002
decision_type=2 2 10 10 10 2 2 2 10 2 2 2 2 8 2 2 2 2 2 2 10 8 10 2 2 2
left_child=1 11 3 5 -5 6 -2 9 -7 15 -11 12 14 -14 -1 -4 17 18 -3 22 -21 24 -18 -23 -13 -19
right_child=2 16 7 4 -6 8 -8 -9 -10 10 -12 21 13 -15 -16 -17 19 25 -20 20 -22 23 -24 -25 -26 -27
leaf_value=0.30132203166293658 0.11723777938347597 -0.72890165843708177 0.1735892577029263 9.9394421259562193 0.72923891146977726 3.1328207916683621 3.3896945158640541 3.8321191310882572 1.1099545835094018 8.3697906096776222 0.28686052188277245 0.19490552973949304 0.73104854928122631 9.2102015813191738 -2.1175082070486888 -0.5268428095813954 -0.045707461597792653 -2.4147208531697597 -0.2826523133286753 -0.12495126239955426 -1.0636659698486328 -0.45599951832020874 -1.8685244719187422 -0.036751192293303224 0.60319176868480806 -1.4906751087733676
leaf_weight=129 117 175 193 2.9999999999999991 3 18 5.9999999999999991 3.9999999999999991 44 3.0000000000000027 15.999999999999998 59 45 2.9999999999999991 6.9999999999999991 99 302 5.9999999999999982 185 88 50 61 2.9999999999999991 462 34 7
leaf_count=129 117 175 193 3 3 18 6 4 44 3 16 59 45 3 7 99 302 6 185 88 50 61 3 462 34 7
internal_value=-0.00891062 -0.134017 0.390638 0.896805 5.33434 0.752885 0.27687 0.0837235 1.69724 0.0355126 1.56311 0.0897359 0.459651 1.261 0.176823 -0.063886 -0.353382 -0.548985 -0.499579 -0.188687 -0.465065 -0.0207582 -0.0636368 -0.0856501 0.344171 -1.91716
internal_weight=2122 1616 506 191 6 185 123 315 62 311 19 800 184 48 136 292 816 373 360 443 138 616 305 523 93 13
internal_count=2122 1616 506 191 6 185 123 315 62 311 19 800 184 48 136 292 816 373 360 443 138 616 305 523 93 13
is_linear=0
shrinkage=0.05


Tree=60
num_leaves=26
num_cat=0
split_feature=1 13 2 12 7 8 18 7 17 17 2 1 18 11 14 13 15 2 15 13 3 12 1 13 12
split_gain=37192 38666.8 47191.9 32310.9 106927 31003.4 20192.8 16340.7 13375.3 52583 20363.3 10137.8 9790.97 8325.27 7678.12 12425 7125.41 9788.49 6743.8 5239.16 4829.31 4446.9 3910.99 3834.93 2982.97
threshold=31088.780000000006 287.56 6998.4350000000004 285.63000000000005 1.0000000180025095e-35 3.5000000000000004 25815.825000000004 5.5000000000000009 35.873827382138458 36.135603553170803 4510.4000000000005 24178.98 34726.360000000008 1007.0000000000001 16.170000000000005 250.02000000000001 320.33333333333343 9172.3000000000011 404.01833333333337 279.50000000000006 0.86557310752337935 324.00000000000006 29186.110000000004 14.725000000000003 307.00000000000006
decision_type=2 10 2 10 2 2 10 2 2 2 2 2 10 10 10 8 2 2 2 10 2 10 2 10 10
left_child=5 2 12 4 -3 11 -6 18 16 -10 -11 14 13 -2 15 -1 19 -18 -5 -7 23 -16 -22 -13 -14
right_child=1 3 -4 7 6 8 -8 -9 9 10 -12 20 24 -15 21 -17 17 -19 -20 -21 22 -23 -24 -25 -26
leaf_value=0.075071764009636499 -0.074312483937460552 11.2061767578125 6.2179375171661384 0.35371827729502503 2.7567325121164323 0.18741518728264417 0.74331324786850905 4.1697653452555334 6.0101816892623905 0.95864514073028284 0.10829956128012118 0.42113847460065568 -0.79661990642547598 1.2017135007040842 -0.52743862121394969 -2.4888544082641602 -3.823227675755819 0.21584979693094886 2.7603489955266318 -0.20601456125411033 -1.20967778598561 -1.1769165565227639 -0.29348957562768779 -0.12401615315370118 -2.2923573493957519
leaf_weight=86 147 2.9999999999999991 2.9999999999999991 98 20 131 33 2.9999999999999991 3.9999999999999991 85 410 35 20.000000000000004 13.999999999999998 289 4.9999999999999991 2.9999999999999991 3 2.9999999999999991 239 17 29 37 412 3.9999999999999991
leaf_count=86 147 3 3 98 20 131 33 3 4 85 410 35 20 14 289 5 3 3 3 239 17 29 37 412 4
internal_value=0.0104466 0.483303 -0.00291469 1.05461 2.0229 -0.0817405 1.50309 0.533219 0.130766 0.300458 0.254318 -0.286074 -0.103793 0.0366463 -0.470779 -0.0658033 -0.0944368 -1.80369 0.425202 -0.0667192 -0.135286 -0.586668 -0.581919 -0.0813307 -1.04591
internal_weight=2133 348 188 160 56 1785 53 104 875 499 495 910 185 161 409 91 376 6 101 370 501 318 54 447 24
internal_count=2133 348 188 160 56 1785 53 104 875 499 495 910 185 161 409 91 376 6 101 370 501 318 54 447 24
is_linear=0
shrinkage=0.05


Tree=61
num_leaves=24
num_cat=0
split_feature=13 2 14 17 17 2 0 13 2 0 2 18 6 16 17 18 0 2 4 18 11 17 6
split_gain=34456.2 33499.5 77796.7 181928 30393 29354.5 26436.9 68692.9 24376.9 20154.7 15666.3 15048.8 12896.6 18946.7 99131.5 14962 10591.6 10501.7 8100.61 6081.68 5790.58 4273.15 3719.19
threshold=269.50000000000006 4550.8100000000004 185.00000000000003 37.364814778372683 35.873827382138458 4474.920000000001 40189.600000000006 114.50000000000001 1909.9650000000004 38481.05000000001 14696.625000000002 19400.870000000003 3.5000000000000004 288.9885714285715 33.944061543351502 18508.505000000005 31053.350000000002 4592.4700000000012 48055.000000000007 22907.370000000003 269.50000000000006 121.50099709719633 3.5000000000000004
decision_type=10 2 10 2 2 2 2 10 2 2 2 10 2 2 2 10 2 2 2 10 10 2 2
left_child=6 2 3 -2 9 -5 10 -8 -6 -4 11 22 13 14 -3 -15 -13 -14 -19 21 -21 -12 -1
right_child=1 12 4 5 8 -7 7 -9 -10 -11 19 16 17 15 -16 -17 -18 18 -20 20 -22 -23 -24
leaf_value=1.3795254654354521 12.898291110992432 8.9126128911971971 -0.083238450634692401 2.0677397171656291 4.6871577024459841 -3.1457144419352217 -1.4394747555255891 8.5693765640258768 0.73415688128234491 -4.225158055623373 -0.65326968603663982 -0.77146163895726216 -2.3528420162200927 2.1869424502054851 0.16416588881436517 0.077285534970638337 -0.15940804301279321 0.0041971954550545391 -0.57489879580576031 -1.6028778984628875 -0.3329325400865995 0.13882026019550506 0.31745944371332929
leaf_weight=8.9999999999999982 3.9999999999999991 4.0000000000000027 140 27.000000000000004 3.9999999999999991 2.9999999999999991 3.9999999999999991 3 156 2.9999999999999991 90 80 4.9999999999999991 8.9999999999999982 17 127 607 612 67 29 12.999999999999998 21 98
leaf_count=9 4 4 140 27 4 3 4 3 156 3 90 80 5 9 17 127 607 612 67 29 13 21 98
internal_value=0.0119452 0.192834 0.614045 2.88191 0.359565 1.54639 -0.211416 2.85003 0.832982 -0.170132 -0.234046 -0.144774 0.0240491 0.432733 1.83054 0.216895 -0.230681 -0.0697569 -0.0529448 -0.697324 -1.2098 -0.503415 0.406792
internal_weight=2132 1178 337 34 303 30 954 7 160 143 947 794 841 157 21 136 687 684 679 153 42 111 107
internal_count=2132 1178 337 34 303 30 954 7 160 143 947 794 841 157 21 136 687 684 679 153 42 111 107
is_linear=0
shrinkage=0.05


Tree=62
num_leaves=28
num_cat=0
split_feature=13 2 14 17 2 11 3 3 18 18 2 4 17 4 7 4 14 3 11 3 17 5 2 0 1 13 15
split_gain=30063.6 29536.7 61531.6 116827 33306.4 18391.7 39922 8170.94 11351.4 10522 8264.01 6699.39 7929.75 6548.48 15004.2 9413.78 8279.07 6498.71 5527.64 4984.64 4160.35 3029.44 2612.02 2532.7 2497.1 1403.84 1384.21
threshold=248.14500000000001 4550.8100000000004 185.00000000000003 37.364814778372683 2939.3400000000006 233.50000000000003 0.95075228228698749 0.61814403559479802 28198.140000000003 19400.870000000003 12954.250000000002 42910.000000000007 130.71058768772789 48055.000000000007 4.5000000000000009 47985.000000000007 185.00000000000003 0.56363750447133254 85.000000000000014 0.82299427593253649 121.50099709719633 1.0000000180025095e-35 15192.35 35048.450000000004 23067.700000000001 309.50000000000006 317.99166666666673
decision_type=10 2 10 2 2 10 2 2 10 10 2 2 2 2 2 2 8 2 10 2 2 2 2 2 2 10 2
left_child=7 2 3 -2 -5 -4 -7 8 11 21 18 12 -1 15 26 16 -3 -13 -11 -17 22 -9 -10 -12 -23 -16 -15
right_child=1 13 5 4 -6 6 -8 9 20 10 23 17 -14 14 25 19 -18 -19 -20 -21 -22 24 -24 -25 -26 -27 -28
leaf_value=-0.71560306812896102 9.4883692932128909 -0.73611412064025283 -3.6260800679524743 2.7332151124351904 -0.36300027966499332 0.23078898242463103 4.0441075529370991 1.6441760349273684 -3.1842549959818527 -0.70924624892718657 2.3322464783986407 -0.40931033138875605 1.546826171875 0.031879928285205687 -1.4331992115293231 0.38658486855300994 0.017999083393419772 0.83865816768477952 -0.22015610571106664 1.6534323702255886 -0.78310246467590339 0.84567233183804691 -1.3773186683654783 0.62870676741003995 0.099753658783932539 -0.29512455463409426 -0.75775063435236623
leaf_weight=122 4.9999999999999991 38 2.9999999999999991 19 15.999999999999998 352 6.9999999999999991 4.9999999999999991 5.9999999999999982 68 2.9999999999999991 27 3.9999999999999991 74 28.000000000000004 22 862 17 384 11.999999999999998 4.9999999999999991 17 3 7.9999999999999991 33 2.9999999999999991 5.9999999999999991
leaf_count=122 5 38 3 19 16 352 7 5 6 68 3 27 4 74 28 22 862 17 384 12 5 17 3 8 33 3 6
internal_value=-0.0162852 0.113974 0.478192 2.33912 1.3178 0.272564 0.305143 -0.284781 -0.570997 -0.183114 -0.260782 -0.458297 -0.64378 -0.0261372 -0.38921 0.0170117 -0.0138413 0.0728593 -0.293736 0.833708 -1.9395 0.470712 -2.58194 1.09331 0.353366 -1.32306 -0.0273424
internal_weight=2149 1447 402 40 35 362 359 702 184 518 463 170 126 1045 111 934 900 44 452 34 14 55 9 11 50 31 80
internal_count=2149 1447 402 40 35 362 359 702 184 518 463 170 126 1045 111 934 900 44 452 34 14 55 9 11 50 31 80
is_linear=0
shrinkage=0.05


Tree=63
num_leaves=29
num_cat=0
split_feature=13 11 2 2 7 7 3 15 18 15 6 16 5 3 18 2 2 12 6 0 0 13 7 16 2 15 2 0
split_gain=27612.5 28649 19314.2 28903 53972.1 21830.1 15433.4 14331 18440 16178.6 14035.6 20153.1 11785 8259.66 12260.2 7082.19 5970.4 4639.94 3155.02 2556.37 10207.3 2275.03 2134.08 1523.53 1360.81 702.085 524.758 60.8402
threshold=250.02000000000001 415.00000000000006 4550.8100000000004 4510.4000000000005 2.5000000000000004 5.5000000000000009 0.92230444861764904 549.08333333333337 31580.405000000002 571.83333333333348 2.5000000000000004 258.54142857142864 2.5000000000000004 0.55065387518197906 19400.870000000003 4592.4700000000012 3318.8250000000003 268.50000000000006 3.5000000000000004 38845.950000000004 38591.80000000001 198.53500000000003 1.5000000000000002 24.285714285714288 1965.8250000000003 266.75666666666672 2485.7100000000005 39596.700000000004
decision_type=10 10 2 2 2 2 2 2 8 2 2 2 2 2 10 2 2 8 2 2 2 10 2 2 2 2 2 2
left_child=13 2 3 5 -5 -2 7 8 -3 -9 11 -4 -8 19 18 -12 24 -18 25 20 22 27 -1 -20 -16 -15 -14 -21
right_child=1 6 10 4 -6 -7 12 9 -10 -11 15 -13 26 14 16 -17 17 -19 23 21 -22 -23 -24 -25 -26 -27 -28 -29
leaf_value=-1.3177756214141847 0.23843240270619856 1.0191543165842687 2.5418486096642234 8.6478243907292676 -0.22400503158569332 1.8992737372716268 5.8699062029520697 -3.7067768096923843 5.3133368651072184 0.79024623831113172 -1.8072109575072925 0.27994058056080595 2.4993681907653804 2.0609865347544356 -1.8769230365753176 -0.083378886949993403 -0.33313373079298031 -0.02731220440325759 0.83826154532531894 -1.6993580245971682 2.3346830526987712 -0.44658211171627038 -0.55170074200630193 0.21933379175847978 -0.76854200542697482 0.97925562858581516 1.5641696612040199 -1.9841741561889643
leaf_weight=9.9999999999999982 342 15.000000000000005 10.999999999999998 2.9999999999999991 4 21 2.9999999999999982 2.9999999999999982 2.9999999999999991 6 5.9999999999999991 94 3 2.9999999999999991 2.9999999999999991 856 314 205 11.999999999999998 4.9999999999999982 2.9999999999999991 5 100 58 36 3 3 3
leaf_count=10 342 15 11 3 4 21 3 3 3 6 6 94 3 3 3 856 314 205 12 5 3 5 100 58 36 3 3 3
internal_value=-0.0077084 0.126136 0.0886576 0.395881 3.57821 0.334514 1.51802 0.920314 1.73485 -0.708761 -0.0288944 0.516902 3.31115 -0.249508 -0.176025 -0.0953777 -0.257171 -0.212337 0.419753 -0.619254 -0.542865 -1.28325 -0.621344 0.325436 -0.853802 1.52012 2.03177 -1.80616
internal_weight=2133 1373 1337 370 7 363 36 27 18 9 967 105 9 760 634 862 558 519 76 126 113 13 110 70 39 6 6 8
internal_count=2133 1373 1337 370 7 363 36 27 18 9 967 105 9 760 634 862 558 519 76 126 113 13 110 70 39 6 6 8
is_linear=0
shrinkage=0.05


Tree=64
num_leaves=28
num_cat=0
split_feature=13 1 18 5 11 18 11 17 8 4 4 14 15 4 1 1 4 4 18 4 14 0 18 16 11 0 16
split_gain=16292 23221 25542.9 26087.9 16878.5 14412.7 13495.9 13368.8 29288.9 17247.8 21210.7 16075.1 9571.66 6596.33 5882.48 13211.6 11562.2 7855.41 4072.5 2046.29 1440.88 576.042 410.047 173.031 63.0043 40.6252 26.5812
threshold=250.02000000000001 32048.085000000003 25710.070000000003 2.5000000000000004 1118.5000000000002 26673.085000000003 248.80000000000004 42.260060797273887 2.5000000000000004 44810.000000000007 43067.500000000007 1.0000000180025095e-35 223.50000000000003 47685.000000000007 19825.500000000004 20199.855000000003 39905.000000000007 42195.000000000007 19195.155000000002 42910.000000000007 309.50000000000006 38252.650000000009 20863.170000000002 76.214285714285737 305.50000000000006 31654.150000000005 153.23285714285717
decision_type=10 2 10 2 10 10 8 2 2 2 2 8 2 2 2 2 2 2 8 2 10 2 10 2 8 2 2
left_child=14 7 3 6 5 -4 -3 9 12 10 -2 -10 -9 -11 19 -16 18 -18 -17 20 22 -5 -1 25 -25 -21 -22
right_child=1 2 4 21 -6 -7 -8 8 11 13 -12 -13 -14 -15 15 16 17 -19 -20 23 26 -23 -24 24 -26 -27 -28
leaf_value=-0.46838525709357448 -0.1937524673656344 7.0668275197346961 -2.6528743565082551 0.96885628700256365 3.2626795959472661 0.39806411323448021 2.9595260302225741 -0.030405766705811868 2.2628524823622271 1.3517208715989477 -1.9863521575927736 0.3267043747661097 -0.84305407222662421 0.26199960699532093 2.7117443084716797 0.64000370436244547 -1.01701404982143 -0.24645170722527465 0.046646578834379462 -0.037250745296478226 -1.1277312994003295 0.16384238004684448 -0.66869632800420131 0.25025553901990261 -0.0059270679950714084 -0.28065388202667235 -1.3100125074386595
leaf_weight=88 563 3.0000000000000009 3.9999999999999991 3.9999999999999982 4.9999999999999991 120 6.0000000000000009 71 10.999999999999998 21 17 422 74 41 3.9999999999999991 36 36 407 147 3.0000000000000027 4 5 36 5.9999999999999973 4.0000000000000009 4 4
leaf_count=88 563 3 4 4 5 120 6 71 11 21 17 422 74 41 4 36 36 407 147 3 4 5 36 6 4 4 4
internal_value=-0.0369793 0.0670192 0.660693 2.42513 0.414493 0.299647 4.32863 -0.00451368 0.169924 -0.161562 -0.246294 0.375891 -0.445137 0.631099 -0.219477 -0.152657 -0.17096 -0.309071 0.163373 -0.502003 -0.5685 0.521626 -0.52654 0.014321 0.147782 -0.176338 -1.21887
internal_weight=2146 1367 147 18 129 124 9 1220 578 642 580 433 145 62 779 630 626 443 183 149 132 9 124 17 10 7 8
internal_count=2146 1367 147 18 129 124 9 1220 578 642 580 433 145 62 779 630 626 443 183 149 132 9 124 17 10 7 8
is_linear=0
shrinkage=0.05


Tree=65
num_leaves=25
num_cat=0
split_feature=2 14 11 18 16 2 3 0 4 4 11 0 2 14 17 16 11 16 4 0 14 0 17 18
split_gain=23015.4 50397.2 123163 26267.3 16289.5 23791.1 13607.5 14257.5 13811.4 11183.4 10033.5 8194.03 7653.45 7020.55 53689.7 9676.44 6819.4 23178 10331.8 5170.31 1813.45 1345.99 694.938 196.085
threshold=4550.8100000000004 114.50000000000001 309.50000000000006 20214.100000000002 286.14428571428579 1909.9650000000004 0.51690338762657417 38591.80000000001 40095.000000000007 41515.000000000007 1007.0000000000001 33435.900000000009 1909.9650000000004 205.60500000000005 58.76032255858086 153.23285714285717 239.30000000000004 257.71428571428572 47260.000000000007 39159.55000000001 233.50000000000003 31834.550000000003 46.686305868639181 10465.250000000002
decision_type=2 10 10 10 2 2 2 2 2 2 10 2 2 10 2 2 10 2 2 2 8 2 2 10
left_child=1 2 3 21 16 -6 19 8 11 -10 -7 -8 -5 14 -9 -15 17 -3 -18 20 23 -1 -22 -2
right_child=6 4 -4 12 5 10 7 13 9 -11 -12 -13 -14 15 -16 -17 18 -19 -20 -21 22 -23 -24 -25
leaf_value=0.56947611973155288 -0.77613066673278819 -0.47081349790096277 10.136884927749634 0.59751156568527175 4.1735467433929445 0.21457306844768703 -0.0010108606502962872 7.3896848996480307 -0.86061844706535351 -0.19396206484672626 1.4337719281514487 0.58213623738778175 3.0590109125773113 2.9015325546264652 0.50304024996608498 -0.0029242438994921175 -0.32666102475089626 -5.132288789749146 0.68992078221373021 -2.6717168966929119 -0.39424136579036678 -0.05295095255500392 -1.1267254268421847 -0.45403958248884185
leaf_weight=15.999999999999998 4.9999999999999991 24.000000000000004 3.9999999999999991 4.0000000000000027 3.9999999999999991 270 597 2.9999999999999991 70 621 18 67 14.999999999999998 2.9999999999999991 50 65 129 2.9999999999999991 31 2.9999999999999991 4.0000000000000027 19 17 86
leaf_count=16 5 24 4 4 4 270 597 3 70 621 18 67 15 3 50 65 129 3 31 3 4 19 17 86
internal_value=-0.00386091 0.279175 1.67118 1.04409 0.110624 0.343962 -0.0993922 -0.0585762 -0.105014 -0.261496 0.290773 0.0578308 2.5408 0.461451 0.89285 0.125214 -0.253733 -0.988755 -0.129698 -0.623257 -0.568387 0.231587 -0.987205 -0.471737
internal_weight=2128 537 58 54 479 292 1591 1476 1355 691 288 664 19 121 53 68 187 27 160 115 112 35 21 91
internal_count=2128 537 58 54 479 292 1591 1476 1355 691 288 664 19 121 53 68 187 27 160 115 112 35 21 91
is_linear=0
shrinkage=0.05


Tree=66
num_leaves=26
num_cat=0
split_feature=12 1 6 16 15 15 13 16 0 4 13 17 1 4 13 0 4 3 13 6 3 16 1 0 1
split_gain=23364.9 21203.2 34547.2 211295 10826.3 68333.2 9304.75 13114.9 7969.79 13074.5 7627.79 7472.05 7336.38 9937.56 6704.67 6386.95 6153.3 5386.58 5315.41 6615.19 5267.05 3764.03 2566.64 692.997 426.616
threshold=229.54000000000005 31678.030000000002 1.5000000000000002 277.56142857142862 323.40000000000003 324.06666666666672 280.25000000000006 400.18500000000006 34180.250000000007 44735.000000000007 245.22000000000003 39.637128820964357 22402.765000000007 46250.000000000007 259.50000000000006 38389.80000000001 48097.000000000007 0.77842579106060328 198.53500000000003 2.5000000000000004 0.7271688864261231 190.22857142857146 22733.350000000002 34551.950000000004 28318.475000000002
decision_type=8 2 2 2 2 2 10 2 2 2 10 2 2 2 10 2 2 2 10 2 2 2 2 2 2
left_child=12 4 3 -3 8 -6 16 -8 9 -2 -7 -10 13 17 -5 18 -4 20 21 -20 -1 -14 -17 -15 -24
right_child=1 2 6 14 5 10 7 -9 11 -11 -12 -13 15 23 -16 22 -18 -19 19 -21 -22 -23 24 -25 -26
leaf_value=-0.47982672339305288 0.036516522954917925 14.746885861953084 -0.37245865808799866 -1.6622924168904605 7.856248112519582 -1.367530884061541 0.50461591268942607 2.8985860784848532 0.044439284714711147 1.8548255538940432 0.3125012940199105 -0.39728592427002024 0.070048247491595925 -2.8376868724822999 0.90153370955411138 2.0327535947163877 0.43950355954468256 -2.1009788894653321 -1.6064749622344969 -0.28137699494966201 1.3570733547210694 1.5040211486816408 0.60062672495841962 -1.8323909123738602 0.062584600448608405
leaf_weight=160 869 3.0000000000000027 56 3.0000000000000027 2.9999999999999991 6.9999999999999991 123 5.9999999999999991 164 9.9999999999999982 194 230 54 3.9999999999999991 17 3.0000000000000027 40 4.9999999999999991 9.9999999999999982 162 3.9999999999999991 4.9999999999999991 14.000000000000002 3 4.9999999999999991
leaf_count=160 869 3 56 3 3 7 123 6 164 10 194 230 54 4 17 3 40 5 10 162 4 5 14 3 5
internal_value=0.0173418 0.0994645 0.527264 2.37304 0.0276335 0.365791 0.338585 0.615963 -0.0265566 0.0572026 0.253993 -0.213421 -0.312872 -0.560777 0.51696 -0.140416 -0.0341411 -0.484313 -0.217944 -0.358418 -0.435024 0.191571 0.673634 -2.40685 0.459037
internal_weight=2154 1725 248 23 1477 204 225 129 1273 879 201 394 429 176 20 253 96 169 231 172 164 59 22 7 19
internal_count=2154 1725 248 23 1477 204 225 129 1273 879 201 394 429 176 20 253 96 169 231 172 164 59 22 7 19
is_linear=0
shrinkage=0.05


Tree=67
num_leaves=26
num_cat=0
split_feature=1 1 14 6 0 18 18 3 8 18 17 13 1 13 6 4 1 17 0 0 9 0 0 17 4
split_gain=20882 21513.9 60423.1 16236.3 31366.2 12553 11947.1 22839.8 9448.85 8672.85 7161.74 14882.7 5842.35 7105.92 6643.35 4982 3521.32 4026.13 2957.73 2609.66 1121.73 972.402 541.294 442.384 55.4602
threshold=27535.250000000004 27565.610000000004 399.50000000000006 5.5000000000000009 32375.300000000007 34726.360000000008 25797.400000000005 0.92603405402934458 2.5000000000000004 25848.475000000002 226.88850682547709 309.50000000000006 22129.550000000007 264.50000000000006 1.5000000000000002 28185.000000000004 17525.575000000004 36.354073600781284 30827.900000000005 35850.850000000013 1.0000000180025095e-35 30239.400000000005 36857.600000000006 43.74515229773565 42342.500000000007
decision_type=2 2 8 2 2 10 10 2 2 10 2 10 2 10 2 2 2 2 2 2 2 2 2 2 2
left_child=8 2 24 4 -3 -6 7 -5 10 -8 12 19 13 -1 -14 18 20 -18 21 -12 -17 -10 -13 -20 -2
right_child=1 3 -4 6 5 -7 9 -9 15 -11 11 22 14 -15 -16 16 17 -19 23 -21 -22 -23 -24 -25 -26
leaf_value=-0.34984967553291868 -0.40669005711873396 4.4315484380722046 8.4360572735468491 0.12071111780817563 0.5416915877961912 -0.68177426275999653 -1.8765037161963329 1.5919415496049389 0.10620020961781081 -0.099750746166563209 -2.0098445542156687 -0.51537935137748725 1.347686591744423 -1.5139589241572791 -0.11707836344066587 -0.58951886110007767 -0.13912809221830891 0.10847865401652863 1.8870974858601883 -3.7390753428141275 -0.1799356102517673 0.68111871878306074 0.17282982051372531 1.1190833091735839 -0.10266104216376937
leaf_weight=206 2.9999999999999973 4.9999999999999991 3.0000000000000009 177 237 23 6.9999999999999991 31 19.000000000000004 365 8.0000000000000018 3.9999999999999991 7.9999999999999991 13.999999999999998 239 32 283 391 3 2.9999999999999991 35 11.999999999999998 9.9999999999999982 5 3
leaf_count=206 3 5 3 177 237 23 7 31 19 365 8 4 8 14 239 32 283 391 3 3 35 12 10 5 3
internal_value=0.0193053 0.21055 2.64224 0.18465 0.508898 0.433462 0.0365026 0.339981 -0.109093 -0.133184 -0.280679 -1.10517 -0.236541 -0.423929 -0.0696366 -0.000862191 -0.0298522 0.00451321 0.549947 -2.48145 -0.375557 0.328749 -0.0238014 1.40709 -0.254676
internal_weight=2126 854 9 845 265 260 580 208 1272 372 492 25 467 220 247 780 741 674 39 11 67 31 14 8 6
internal_count=2126 854 9 845 265 260 580 208 1272 372 492 25 467 220 247 780 741 674 39 11 67 31 14 8 6
is_linear=0
shrinkage=0.05


Tree=68
num_leaves=25
num_cat=0
split_feature=13 1 18 2 11 14 0 0 4 0 6 16 14 18 2 14 18 0 13 16 18 1 13 7
split_gain=18835.4 28591.2 20265.8 95556.7 24198.8 19899.1 62720.8 280390 10276.9 11381.2 42421.7 9028.6 7978.91 6390.68 6046.48 5945.69 5833.53 4361.5 8396.12 5677.31 3833.37 3520.54 3443.49 3394.6
threshold=285.96500000000009 30530.840000000007 29438.395000000004 5798.2400000000007 239.30000000000004 inf 32578.950000000004 32040.450000000001 38272.500000000007 40189.600000000006 1.5000000000000002 308.31428571428575 319.50000000000006 31499.369999999999 13182.745000000001 14.610000000000001 19884.825000000004 32301.700000000004 209.96000000000001 225.25071428571431 31124.460000000006 20672.785000000003 198.53500000000003 3.5000000000000004
decision_type=10 2 10 2 10 8 2 2 2 2 2 2 8 10 2 10 10 2 10 2 10 2 10 2
left_child=8 5 3 4 -3 11 7 -7 13 17 -11 20 15 16 -13 -4 21 18 -10 -19 -2 -1 -12 -18
right_child=1 2 12 -5 -6 6 -8 -9 9 10 22 14 -14 -15 -16 -17 23 19 -20 -21 -22 -23 -24 -25
leaf_value=-0.031487383984211019 -0.26561520150636586 -2.0868327856063842 1.4155249549282922 10.053650410970052 1.2054376633651556 0.47132803715373345 -4.9262212753295902 16.349137465159099 -0.25592344077039803 6.4415934960047423 -1.9454164505004876 0.30256509219615718 2.8027613957722983 2.3925731341044112 -0.35541258340790161 0.070889482090347691 0.060293557038947725 -0.01728355235035299 -1.0470744475044989 -0.31226770037097773 0.21040417702526462 0.52749346472736869 0.29551157578825948 -0.31979619060833775
leaf_weight=41 309 5.9999999999999991 8.9999999999999982 2.9999999999999991 80 38 3.9999999999999991 2.9999999999999991 141 2.9999999999999982 3 207 2.9999999999999991 2.9999999999999991 42 95 201 317 44 336 49 90 4 83
leaf_count=41 309 6 9 3 80 38 4 3 141 3 3 207 3 3 42 95 201 317 44 336 49 90 4 83
internal_value=0.0123932 0.194751 0.724273 1.28174 0.975744 0.0355695 1.05007 1.63312 -0.109755 -0.209772 1.46706 -0.0396403 0.260584 0.0931509 0.191581 0.187252 0.0765286 -0.229782 -0.444089 -0.169067 -0.200462 0.352545 -0.664886 -0.050789
internal_weight=2114 848 196 89 86 652 45 41 1266 848 10 607 107 418 249 104 415 838 185 653 358 131 7 284
internal_count=2114 848 196 89 86 652 45 41 1266 848 10 607 107 418 249 104 415 838 185 653 358 131 7 284
is_linear=0
shrinkage=0.05


Tree=69
num_leaves=28
num_cat=0
split_feature=1 13 3 12 3 7 4 16 3 11 13 17 18 11 1 18 6 1 16 1 1 17 7 0 12 14 6
split_gain=21357.3 21714.3 43140.6 23741.4 73688.3 24310.6 20336.8 12725.2 8989.07 7454.4 6907.37 6674.57 6570.52 64909.5 10167.2 9966.24 19694.6 8178.52 5587.81 8260.8 7405.7 5148.89 5102.05 3788.62 2197.57 486.415 400.131
threshold=29750.600000000002 287.56 0.81276747785624004 274.50000000000006 0.84296868269229897 5.5000000000000009 38272.500000000007 287.79214285714289 0.85186966245208062 1002.0000000000001 342.50000000000006 43.74515229773565 22247.160000000003 309.50000000000006 27633.810000000001 22649.585000000003 4.5000000000000009 28449.935000000001 124.64285714285715 20790.460000000003 22841.780000000006 54.546189786796319 1.0000000180025095e-35 33435.900000000009 279.50000000000006 239.50000000000003 14.500000000000002
decision_type=2 10 2 10 2 2 2 2 2 10 10 2 10 10 2 10 2 2 2 2 2 2 2 2 10 10 2
left_child=6 2 -2 4 -3 11 12 -6 22 -10 18 -5 13 17 -15 16 -14 -1 19 -8 -20 -17 -4 -7 25 -12 -26
right_child=1 3 8 5 7 23 10 -9 9 -11 24 -13 15 14 -16 21 -18 -19 20 -21 -22 -23 -24 -25 26 -27 -28
leaf_value=0.098702144189082117 5.9113424340883896 8.1339976191520691 1.2880836645762126 -0.1351771421440236 0.32557135057449343 0.85218424499034817 -0.38158316403916737 2.1676858286062877 -0.062047521492673299 1.0332922486697926 -0.44690826336542772 0.4663259167969227 -4.9811828295389828 7.4772138913472492 3.3607364018758128 -0.075672394816554911 -0.019506896535555519 1.1985740694734786 -0.63596999306976798 0.28014499673127446 -0.25515569307163316 0.32416679892357037 -0.83734296429902322 2.6118627263949468 0.64377348215683639 0.046252362281084064 0.18528270522753398
leaf_weight=277 2.9999999999999991 3.9999999999999991 2.9999999999999991 77 25 4.0000000000000027 103 14.999999999999998 180 17 5.9999999999999991 115 2.9999999999999982 2.9999999999999991 3 397 6 18 200 87 353 101 48 12.999999999999998 23.000000000000004 30 5.9999999999999991
leaf_count=277 3 4 3 77 25 4 103 15 180 17 6 115 3 3 3 397 6 18 200 87 353 101 48 13 23 30 6
internal_value=-0.00326756 0.280904 -0.0485927 0.607796 1.66342 0.385559 -0.0918953 1.01636 -0.120689 0.0324742 -0.26927 0.225098 0.085479 0.270527 5.41898 -0.024382 -1.6734 0.165813 -0.312509 -0.0785813 -0.392882 0.00541949 -0.712318 2.19782 0.224994 -0.0359411 0.548913
internal_weight=2120 504 251 253 44 209 1616 40 248 197 808 192 808 301 6 507 9 295 743 190 553 498 51 17 65 36 29
internal_count=2120 504 251 253 44 209 1616 40 248 197 808 192 808 301 6 507 9 295 743 190 553 498 51 17 65 36 29
is_linear=0
shrinkage=0.05


Tree=70
num_leaves=27
num_cat=0
split_feature=1 18 6 3 13 17 4 3 17 17 2 3 17 6 7 14 13 4 0 6 13 14 16 16 1 16
split_gain=19282.6 20023.3 24264 123201 19835.1 20648.3 13547.3 9403.08 8863.39 24039.4 10465.4 7752.12 6891.24 17576.4 4777.5 8508.86 5818.19 5458.35 4478.91 4369.01 3957.77 2125.56 1190.97 1088.76 1065.47 762.216
threshold=31233.625000000004 34726.360000000008 1.5000000000000002 0.84222543278239714 279.50000000000006 35.873827382138458 38272.500000000007 0.91425500924014902 35.873827382138458 36.135603553170803 4510.4000000000005 0.82299427593253649 34.838694701381606 9.5000000000000018 1.5000000000000002 259.50000000000006 342.50000000000006 48055.000000000007 38795.250000000007 15.500000000000002 277.00000000000006 319.50000000000006 383.40000000000003 394.01571428571435 25002.165000000005 297.02857142857147
decision_type=2 10 2 2 10 2 2 2 2 2 2 2 2 2 2 10 10 2 2 2 10 8 2 2 2 2
left_child=6 2 3 -2 11 -6 8 -5 12 -10 -11 -4 20 -14 15 19 17 -16 -17 -8 -1 22 25 -24 -18 -3
right_child=1 21 4 7 5 -7 14 -9 9 10 -12 -13 13 -15 16 18 24 -19 -20 -21 -22 -23 23 -25 -26 -27
leaf_value=0.17939994100496057 10.037076365947716 -0.58693550626436852 -2.6530437469482422 -0.78999849690331325 -0.28885447184244789 1.026466432160984 0.3868507018096039 1.4377221643924714 3.6794903564453123 0.66552774162652595 0.085704603694252438 -0.076311451141481051 -4.576239365339279 -0.21262405037879947 -0.24195146597347972 -0.48556135412896184 -0.0013144907982725847 -0.75116453177199283 0.83207419259207593 -0.21361829747514027 -0.16519896688954375 -2.0211523056030276 -1.3079261514875624 -0.43839442630608877 0.48378744146653585 0.10327101995547612
leaf_weight=126 4.0000000000000027 12.000000000000002 2.9999999999999991 9.0000000000000018 39 127 116 9.9999999999999982 4.9999999999999991 96 411 108 2.9999999999999991 9.9999999999999982 568 82 19 58 6.9999999999999991 41 246 2.9999999999999991 8.9999999999999982 5.9999999999999991 28 5.9999999999999991
leaf_count=126 4 12 3 9 39 127 116 10 5 96 411 108 3 10 568 82 19 58 7 41 246 3 9 6 28 6
internal_value=0.019375 0.367327 0.501036 2.06155 0.371463 0.717445 -0.0450038 0.382486 0.0932254 0.229517 0.195494 -0.145953 -0.0880247 -1.21961 -0.179924 0.00863748 -0.248848 -0.289131 -0.381927 0.23004 -0.04848 -0.74691 -0.63107 -0.960113 0.287682 -0.356867
internal_weight=2152 336 300 23 277 166 1816 19 897 512 507 111 385 13 919 246 673 626 89 157 372 36 33 15 47 18
internal_count=2152 336 300 23 277 166 1816 19 897 512 507 111 385 13 919 246 673 626 89 157 372 36 33 15 47 18
is_linear=0
shrinkage=0.05


Tree=71
num_leaves=27
num_cat=0
split_feature=6 3 4 17 0 3 12 11 18 3 0 1 8 15 7 3 15 13 0 13 6 4 15 0 15 11
split_gain=18853.4 24008.3 33346.5 139218 29898.8 24981.3 69842.9 20347.6 8002.47 12995.5 11341.4 9011.73 7191.53 10737 7548.37 6347.13 5981.74 10223.3 4170.82 4011.09 3534.08 3455.03 4124.67 1359.07 1097.17 717.093
threshold=9.5000000000000018 0.84151180051609364 33822.500000000007 37.364814778372683 33179.30000000001 0.84222543278239714 260.50000000000006 1115.5000000000002 28198.140000000003 0.6221103648112406 38481.05000000001 31296.445000000003 2.5000000000000004 475.83333333333343 1.5000000000000002 0.56570994330643221 159.66666666666669 85.000000000000014 34518.000000000007 209.96000000000001 11.500000000000002 28185.000000000004 331.56666666666672 30827.900000000005 155.33333333333334 269.50000000000006
decision_type=2 2 2 2 2 2 8 10 10 2 2 2 2 2 2 2 2 8 2 10 2 2 2 2 2 8
left_child=1 12 3 -3 -5 6 -4 -7 10 19 11 15 13 14 -1 -2 18 -18 -11 24 -13 23 -23 -14 -10 -21
right_child=8 2 5 4 -6 7 -8 -9 9 16 -12 20 21 -15 -16 -17 17 -19 -20 25 -22 22 -24 -25 -26 -27
leaf_value=0.24933701024452845 -0.41083564351905477 10.728984832763672 9.1814427216847729 -4.5574604034423842 1.5559244632720945 0.25964546337656208 -0.46862790107727037 2.6691662152608235 -1.4402619997660306 -3.1407764434814456 -2.7106815904378894 1.831689723332723 0.38714449889957908 -3.1888154665629074 -0.33393663345648089 -0.017759973882657747 2.2828878879547121 -0.26062434721534372 -0.50423332850138336 -1.111704435348511 0.50596709585478228 -0.025268152519460258 0.38555247084519201 1.3087850928306581 -2.5831343923296246 -0.23031290968259166
leaf_weight=75 121 3.9999999999999991 2.9999999999999991 2.9999999999999982 6 331 5.0000000000000009 8.9999999999999982 3.0000000000000018 2.9999999999999991 3.9999999999999991 5.9999999999999991 7.9999999999999991 2.9999999999999991 213 679 3.9999999999999991 320 3 9.9999999999999964 31 211 86 7.9999999999999991 7 3.0000000000000009
leaf_count=75 121 4 3 3 6 331 5 9 3 3 4 6 8 3 213 679 4 320 3 10 31 211 86 8 7 3
internal_value=-0.00565428 0.158699 0.481289 2.96762 -0.48187 0.388409 3.15015 0.323427 -0.138486 -0.338283 -0.0546228 -0.0419295 -0.0341081 -0.21304 -0.182042 -0.0772127 -0.258192 -0.229223 -1.8225 -1.48742 0.720949 0.132247 0.09369 0.847965 -2.24027 -0.908306
internal_weight=2159 965 361 13 9 348 8 340 1194 353 841 837 604 291 288 800 330 324 6 23 37 313 297 16 10 13
internal_count=2159 965 361 13 9 348 8 340 1194 353 841 837 604 291 288 800 330 324 6 23 37 313 297 16 10 13
is_linear=0
shrinkage=0.05


Tree=72
num_leaves=23
num_cat=0
split_feature=1 1 15 6 12 12 15 15 13 14 3 2 14 16 6 15 1 0 14 6 3 14
split_gain=15316.8 20564.9 48615.2 13104.6 16779.7 53479.4 15039 23549.6 20122.9 7510.87 6511.87 9144.58 6559.97 7690.08 6785.01 5049.43 3610.83 3386.31 2211.98 1975.79 1618.45 397.166
threshold=27535.250000000004 27565.610000000004 312.60000000000008 5.5000000000000009 296.94500000000005 291.50000000000006 549.08333333333337 537.33333333333337 288.63500000000005 1160.0000000000002 0.55065387518197906 16194.475000000002 1.0000000180025095e-35 267.41428571428577 13.500000000000002 159.66666666666669 20539.530000000002 38795.250000000007 290.06000000000006 2.5000000000000004 0.55685868726187848 294.94500000000005
decision_type=2 2 2 2 10 10 2 2 10 8 2 2 10 2 2 2 2 2 8 2 2 10
left_child=10 2 -2 4 5 -3 7 -5 -8 -6 16 12 14 -14 -12 20 17 18 -1 -18 -13 -21
right_child=1 3 -4 6 9 -7 8 -9 -10 -11 11 15 13 -15 -16 -17 19 -19 -20 21 -22 -23
leaf_value=-0.27091488344523745 -0.32640085160732268 0.62169175544245681 7.7247024575869219 0.016935443665745068 0.055419141174767352 6.4776958703994758 -4.6101323127746587 3.8662151813507082 0.80705722967783589 -2.4769650777180989 0.54467138073793275 3.1905003865559909 -0.35302816854694147 -0.030452728228674127 -0.13358537131058637 -0.14301551183064773 -0.060161864757537847 1.1172531127929688 -0.76793190914171716 -1.0418552239735923 1.5481212615966793 -1.7294722148350308
leaf_weight=131 5 154 3 598 122 3.9999999999999991 3.9999999999999991 3.9999999999999991 3 2.9999999999999991 82 2.9999999999999982 253 685 67 3 2.9999999999999991 3.9999999999999991 27 2.9999999999999982 3 7
leaf_count=131 5 154 3 598 122 4 4 4 3 3 82 3 253 685 67 3 3 4 27 3 3 7
internal_value=0.0111712 0.168996 2.69276 0.146361 0.427497 0.769945 0.015719 0.0425121 -2.28848 -0.00535808 -0.100585 -0.0553619 -0.0685036 -0.117459 0.239683 1.53187 -0.383813 -0.319475 -0.355848 -1.18557 2.36931 -1.52319
internal_weight=2171 900 8 892 283 158 609 602 7 125 1271 1096 1087 938 149 9 175 162 158 13 6 10
internal_count=2171 900 8 892 283 158 609 602 7 125 1271 1096 1087 938 149 9 175 162 158 13 6 10
is_linear=0
shrinkage=0.05


Tree=73
num_leaves=30
num_cat=0
split_feature=5 3 4 0 3 1 14 0 6 4 15 16 12 12 18 14 18 15 15 3 1 3 3 12 15 13 0 0 12
split_gain=12310.4 10157 14411.2 68135.9 112687 8432.93 8150.67 8040.56 18903.2 7817.86 6448.93 7392.02 5264.55 7647.04 4980.52 4531.85 4116.3 9440.48 7584.27 5939.8 4442.3 3253.61 4650.84 2899.33 2853.28 2533.07 1600.01 1011.78 48.0588
threshold=2.5000000000000004 0.84296868269229897 33822.500000000007 32146.100000000002 0.86005244128357228 37020.420000000006 1.0000000180025095e-35 40189.600000000006 1.5000000000000002 48480.000000000007 331.56666666666672 377.08571428571435 219.50000000000003 209.96000000000001 26329.440000000006 398.20000000000005 28298.165000000005 302.40000000000003 159.66666666666669 0.91425500924014902 31296.445000000003 0.60775054265787498 0.62991601089709948 259.50000000000006 71.716666666666683 295.43000000000006 40328.000000000007 31208.050000000003 215.18500000000003
decision_type=2 2 2 2 2 2 8 2 2 2 2 2 8 10 10 8 10 2 2 2 2 2 2 10 2 8 2 2 10
left_child=1 7 3 -3 -5 6 -4 10 -9 -10 11 -1 13 21 27 -12 20 18 -18 -19 23 24 -23 -14 -2 -22 -7 -15 -16
right_child=12 2 5 4 -6 26 -8 8 9 -11 15 -13 16 14 28 -17 17 19 -20 -21 25 22 -24 -25 -26 -27 -28 -29 -30
leaf_value=-0.055695066467352644 -0.42337659994761156 7.4311459302902154 1.0086546386991229 -6.1623753166198689 2.6701861968407266 1.2760647439956665 0.12525705710746524 3.6440763318538645 0.72169835956560247 -2.2255905469258628 0.26074881268495864 -0.78178664381439633 0.16313469649245174 -1.1825877030690515 -2.7356321970621749 2.2304023106892905 -2.9660861968994143 0.044508324772642376 -0.4287653319987394 1.4267025417751737 0.35220831566386751 0.93744582302040524 -0.25464877052956986 -0.12575618740465597 -1.3647825761274859 1.5384883403778078 2.736664962768554 -0.1559722006320953 -2.4526161829630531
leaf_weight=666 30 4.0000000000000027 28 5.0000000000000027 12.999999999999998 5 387 5.0000000000000027 8.9999999999999982 2.9999999999999991 110 37 118 5.9999999999999982 2.9999999999999991 2.9999999999999991 2.9999999999999991 57 161 8.9999999999999982 18.000000000000004 8.9999999999999982 90 329 10.999999999999998 5.9999999999999991 3 4 3
leaf_count=666 30 4 28 5 13 5 387 5 9 3 110 37 118 6 3 3 3 57 161 9 18 9 90 329 11 6 3 4 3
internal_value=-0.0104258 0.0878918 0.280747 1.52841 0.216697 0.215856 0.18486 -0.0151339 1.06111 -0.0151239 -0.0375557 -0.0939104 -0.157042 -0.41974 -1.45526 0.31304 -0.0985812 -0.271966 -0.47518 0.232989 -0.0139134 -0.301395 -0.146277 -0.0494942 -0.675949 0.648778 1.82379 -0.771942 -2.59412
internal_weight=2135 1278 445 22 18 423 415 833 17 12 816 703 857 156 16 113 701 230 164 66 471 140 99 447 41 24 8 10 6
internal_count=2135 1278 445 22 18 423 415 833 17 12 816 703 857 156 16 113 701 230 164 66 471 140 99 447 41 24 8 10 6
is_linear=0
shrinkage=0.05


Tree=74
num_leaves=21
num_cat=0
split_feature=12 1 1 12 3 18 18 11 11 17 15 18 13 0 17 1 1 13 1 11
split_gain=18802.7 19200.9 21268.4 63092.4 13546.4 14625.6 12763.8 56320.9 8147.1 5214.48 5206.58 8759.75 6684.74 4284.81 7996.88 7296.57 3943.37 6997.09 3879.91 2560.78
threshold=229.54000000000005 31678.030000000002 31860.310000000001 250.02000000000001 0.81276747785624004 25815.825000000004 22411.365000000002 318.50000000000006 278.50000000000006 295.01901792073119 324.06666666666672 22452.080000000005 275.99000000000007 38591.80000000001 127.68054770978596 22067.330000000005 22841.780000000006 85.000000000000014 31743.855000000003 257.44000000000005
decision_type=8 2 2 8 2 10 10 10 10 2 2 10 10 2 2 2 2 10 2 8
left_child=9 6 3 -3 -4 -6 7 8 -2 13 11 -8 -12 16 15 -15 17 -1 -18 -5
right_child=1 2 4 19 5 -7 10 -9 -10 -11 12 -13 -14 14 -16 -17 18 -19 -20 -21
leaf_value=-0.23017822110892405 0.068568680969563992 7.6930866479873687 2.9552723228931428 1.4852270921071371 1.4671898050308227 0.18687622169761553 -2.2198994982242586 7.0649957656860352 0.55365987438066255 -2.3585769275824231 -0.6625891282444909 -0.12073637345536439 0.29108199383936773 -1.6785357093811013 2.7644093354543049 0.4467696956225804 -0.087557187789658972 -0.85931368800875263 -0.76224861393372223 -0.26078204257147647
leaf_weight=112 341 3.9999999999999973 4.9999999999999991 2.9999999999999991 25 207 4.9999999999999991 2.9999999999999991 116 2.9999999999999991 21 823 147 5.0000000000000062 2.9999999999999991 21 190 73 24 7.0000000000000009
leaf_count=112 341 4 5 3 25 207 5 3 116 3 21 823 147 5 3 21 190 73 24 7
internal_value=0.0138073 0.0883144 0.492199 2.3859 0.380335 0.324841 0.0186886 0.236525 0.191699 -0.281282 -0.0819185 -0.133412 0.171873 -0.266722 0.320094 0.0380571 -0.309373 -0.478432 -0.163224 0.263021
internal_weight=2138 1707 251 14 237 232 1456 460 457 431 996 828 168 428 29 26 399 185 214 10
internal_count=2138 1707 251 14 237 232 1456 460 457 431 996 828 168 428 29 26 399 185 214 10
is_linear=0
shrinkage=0.05


Tree=75
num_leaves=20
num_cat=0
split_feature=5 11 2 14 14 1 1 11 18 11 5 4 2 0 12 1 1 0 16
split_gain=11679.4 12949.4 26887.6 19377.1 39315.4 10527.6 9614.11 7307.2 6071.93 10109.4 5803.64 5477.81 8917.36 5297.09 4285.77 3918.59 3744.09 3433.53 748.591
threshold=2.5000000000000004 233.50000000000003 1909.9650000000004 229.54000000000005 227.71000000000001 32601.245000000006 37020.420000000006 1002.0000000000001 28198.140000000003 282.10000000000008 1.0000000180025095e-35 42412.500000000007 15353.480000000001 37052.000000000007 331.00000000000006 21962.810000000001 26609.355000000007 34209.450000000004 372.55428571428575
decision_type=2 8 2 10 10 2 2 10 10 10 2 2 2 2 8 2 2 2 2
left_child=1 5 -3 4 -4 10 -5 8 11 17 14 16 -13 -11 -1 -12 -2 -10 -9
right_child=7 2 3 6 -6 -7 -8 18 9 13 15 12 -14 -15 -16 -17 -18 -19 -20
leaf_value=-0.44818134437768892 -0.23062483769672407 3.844324169158936 0.51487136568874126 0.047851306558524168 5.5238039016723635 -3.1380153179168704 2.0566742420196533 2.1628068288167319 -0.23524227127432826 -0.33139899067637574 -0.32137778048783966 0.10834388700369971 2.0704510370890303 0.27798537593715045 -2.3740151087443038 0.13689252149077433 0.13289380446076393 -1.099785038159818 1.0458233833312984
leaf_weight=78 347 4.9999999999999991 190 815 3.9999999999999991 2.9999999999999991 5.9999999999999991 2.9999999999999991 14.999999999999998 131 71 166 5.9999999999999991 49 2.9999999999999991 136 89 49 3
leaf_count=78 347 5 190 815 4 3 6 3 15 131 71 166 6 49 3 136 89 49 3
internal_value=0.00894924 0.102812 0.186746 0.168729 0.618148 -0.191391 0.0625321 -0.13447 -0.146715 -0.357418 -0.160697 -0.062157 0.176789 -0.165511 -0.519509 -0.020292 -0.15642 -0.897158 1.60432
internal_weight=2169 1311 1020 1015 194 291 821 858 852 244 288 608 172 180 81 207 436 64 6
internal_count=2169 1311 1020 1015 194 291 821 858 852 244 288 608 172 180 81 207 436 64 6
is_linear=0
shrinkage=0.05


Tree=76
num_leaves=20
num_cat=0
split_feature=15 16 16 12 2 18 11 2 1 14 4 0 18 7 0 0 5 0 6
split_gain=10660.7 20190.4 33362.1 45707.5 18648.1 11903.9 50290 10605.1 9248.24 6648.52 6006.22 4844.22 3305.54 5334.6 3536.77 16718.5 4657.78 2509.23 388.76
threshold=256.72833333333341 258.54142857142864 252.85428571428574 304.00000000000006 1909.9650000000004 22553.175000000007 319.50000000000006 2939.3400000000006 37020.420000000006 1010.5000000000001 44065.000000000007 33242.450000000004 30983.290000000005 4.5000000000000009 38591.80000000001 38481.05000000001 1.5000000000000002 40328.000000000007 11.500000000000002
decision_type=2 2 2 8 2 10 10 2 2 10 2 2 10 2 2 2 2 2 2
left_child=9 2 7 -4 -3 6 -6 11 -7 12 -9 -2 14 18 15 -1 -16 -5 -14
right_child=1 4 3 17 5 8 -8 10 -10 -11 -12 -13 13 -15 16 -17 -18 -19 -20
leaf_value=-0.14129221554455343 0.14637284874916076 3.4339954853057861 8.674956576029464 0.093725220362345318 0.2091625769310419 -0.08316395328820346 6.7103533267974855 -0.35189517023307937 2.0725550079345703 -2.1963926792144775 0.52822529858066924 2.1555642604827883 0.14742609262466433 -2.2154897117614745 0.14537043431491564 -3.3847735762596134 1.9520178198814393 2.1387313842773432 -0.47048840863364083
leaf_weight=588 3.9999999999999991 3.9999999999999991 2.9999999999999973 3.0000000000000009 352 1005 2.9999999999999991 28 4.9999999999999991 3.9999999999999991 63 11.999999999999998 3.9999999999999982 4.9999999999999991 33 3.9999999999999991 3.9999999999999991 3 7
leaf_count=588 4 4 3 3 352 1005 3 28 5 4 63 12 4 5 33 4 4 3 7
internal_value=0.00482406 0.0787036 0.712066 3.6358 0.0250367 0.0150471 0.264102 0.466144 -0.0724921 -0.164222 0.257419 1.65327 -0.15162 -0.861323 -0.133567 -0.163208 0.340684 1.11623 -0.245792
internal_weight=2134 1485 116 9 1369 1365 355 107 1010 649 91 16 645 16 629 592 37 6 11
internal_count=2134 1485 116 9 1369 1365 355 107 1010 649 91 16 645 16 629 592 37 6 11
is_linear=0
shrinkage=0.05


Tree=77
num_leaves=16
num_cat=0
split_feature=3 0 11 11 0 13 14 17 11 14 17 3 13 14 12
split_gain=25737.1 13773.1 27549.6 36887.5 12989.8 11755.9 12087.5 108968 12761.8 4533.7 5380.37 4269.02 2292.36 2076.77 534.625
threshold=0.95075228228698749 40189.600000000006 284.57000000000005 259.50000000000006 39048.55000000001 250.02000000000001 inf 37.364814778372683 415.00000000000006 205.60500000000005 40.453102556685153 0.54590286161578572 209.96000000000001 227.71000000000001 336.50000000000006
decision_type=2 2 10 10 2 10 8 2 10 10 2 2 10 10 8
left_child=1 5 3 12 -2 9 8 -8 -7 11 -11 -1 -3 -4 -15
right_child=4 2 13 -5 -6 6 7 -9 -10 10 -12 -13 -14 14 -16
leaf_value=-0.35293927550973264 5.6208770751953132 0.18702133496602361 1.1062807083129871 7.8585590362548805 0.967962026596069 0.03404177484291309 7.8552724266052252 0.091225689142308344 0.98871220105017221 0.072855918696515407 -0.33658937636349218 0.095857102821270634 2.0154134988784786 -0.70015099048614526 -0.075786632020026432
leaf_weight=68 2.9999999999999991 3.0000000000000018 3.0000000000000027 3 3 1268 4.9999999999999991 47 36 102 376 240 4 5.9999999999999973 8
leaf_count=68 3 3 3 3 3 1268 5 47 36 102 376 240 4 6 8
internal_value=0.0242201 0.0151739 1.13741 3.21984 3.29442 0.00102806 0.0902084 0.837769 0.0603977 -0.152825 -0.249218 -0.00322781 1.23182 -0.0875504 -0.343371
internal_weight=2175 2169 27 10 6 2142 1356 52 1304 786 478 308 7 17 14
internal_count=2175 2169 27 10 6 2142 1356 52 1304 786 478 308 7 17 14
is_linear=0
shrinkage=0.05


Tree=78
num_leaves=16
num_cat=0
split_feature=11 17 0 5 11 3 3 14 11 18 11 3 18 1 12
split_gain=11876.9 25103.4 11883.6 10402.1 7765.73 21554 16884.1 11897.9 3978.5 3695.99 8761.27 5068.55 3533.6 1228.41 346.477
threshold=1115.5000000000002 298.5659591873623 35188.850000000006 2.5000000000000004 233.50000000000003 0.91321976830606333 0.95075228228698749 229.54000000000005 488.50000000000006 28198.140000000003 282.10000000000008 0.57050737556497022 10902.090000000002 28975.820000000003 240.50000000000003
decision_type=10 2 2 2 8 2 2 10 8 10 10 2 10 2 8
left_child=3 -2 -3 4 5 12 7 -6 9 11 -11 -5 -1 -10 -15
right_child=1 2 -4 8 6 -7 -8 -9 13 10 -12 -13 -14 14 -16
leaf_value=0.7008412393239829 4.8001427650451678 -2.5440900236368176 1.6188776552677151 -0.41384831134117017 0.48494970051715014 -4.3649782498677574 3.0482154941558841 0.048678917660667259 0.04774997234344483 -0.80965685576313384 -0.13669433291816252 -0.022459324690926208 -0.14385699635514845 1.5456934293111166 0.86601017475128139
leaf_weight=12.999999999999998 3.9999999999999982 3 4 99 195 2.9999999999999991 4.9999999999999991 787 3.9999999999999991 66 181 503 260 2.9999999999999991 5.0000000000000009
leaf_count=13 4 3 4 99 195 3 5 787 4 66 181 503 260 3 5
internal_value=0.00163216 1.64035 -0.165251 -0.00685459 0.084505 -0.149952 0.150067 0.135311 -0.14087 -0.153648 -0.316514 -0.086824 -0.103633 0.763178 1.12089
internal_weight=2135 11 7 2124 1263 276 987 982 861 849 247 602 273 12 8
internal_count=2135 11 7 2124 1263 276 987 982 861 849 247 602 273 12 8
is_linear=0
shrinkage=0.05


Tree=79
num_leaves=25
num_cat=0
split_feature=13 1 11 1 2 15 14 18 11 14 2 18 1 14 11 16 16 6 11 17 16 2 1 0
split_gain=12731.2 13490.8 23195.6 22835.2 14931 9665.86 72199.7 9751.34 23157.9 5562.85 4363.49 5976.61 15766.9 4510.09 6118.46 9473.42 4611.26 4287.72 3447.94 3418.34 3073.28 3014.84 1424.21 589.606
threshold=250.02000000000001 31678.030000000002 239.30000000000004 31743.855000000003 3229.6700000000005 323.40000000000003 415.00000000000006 21384.035000000007 298.52000000000004 inf 14737.675000000001 22452.080000000005 20790.460000000003 209.96000000000001 1.0000000180025095e-35 217.77285714285716 223.20571428571432 1.5000000000000002 269.50000000000006 130.71058768772789 24.285714285714288 2606.9850000000001 19682.565000000006 34700.05000000001
decision_type=10 2 10 2 2 2 8 10 10 8 2 10 2 10 10 2 2 2 10 2 2 2 2 2
left_child=10 5 -3 -4 -5 7 21 8 -2 -9 13 12 22 19 15 -15 -16 -13 -19 20 -1 -7 -12 -21
right_child=1 2 3 4 -6 6 -8 9 -10 -11 11 17 -14 14 16 -17 -18 18 -20 23 -22 -23 -24 -25
leaf_value=0.84198909862474969 0.12646514661577449 -2.8576309967041018 4.3308408617973333 1.038289246942899 0.075955091164343902 0.99504204392433171 8.0475138982137047 -0.11312942025513369 2.7024854421615601 -0.95894021630287174 -0.25365551775548517 1.0382044196128846 2.9127332210540775 -0.57377808261662722 0.12715742057329477 -3.4869553883870448 -0.26404568593739625 -1.1720540906253614 -0.33198305253819049 0.64927613735198964 -0.014870174218748892 0.17564641783206628 -1.2198621749877931 1.5077674865722654
leaf_weight=10.999999999999998 285 4.9999999999999991 3.9999999999999991 73 90 11.999999999999998 2.9999999999999991 694 8.9999999999999982 20 82 2.9999999999999991 3.9999999999999991 40 108 2.9999999999999991 249 38 18 4 215 174 3.9999999999999991 4
leaf_count=11 285 5 4 73 90 12 3 694 9 20 82 3 4 40 108 3 249 38 18 4 215 174 4 4
internal_value=-0.0079808 0.0839928 0.49806 0.59853 0.506939 0.0244944 0.352622 -0.0370295 0.205323 -0.136822 -0.168788 -0.412264 -0.15587 -0.111567 -0.213566 -0.777023 -0.145699 -0.803375 -0.902031 0.0627905 0.0268354 0.228511 -0.298595 1.07852
internal_weight=2152 1369 172 167 163 1197 189 1008 294 714 783 149 90 634 400 43 357 59 56 234 226 186 86 8
internal_count=2152 1369 172 167 163 1197 189 1008 294 714 783 149 90 634 400 43 357 59 56 234 226 186 86 8
is_linear=0
shrinkage=0.05


Tree=80
num_leaves=22
num_cat=0
split_feature=5 3 3 12 18 11 14 11 6 0 15 11 18 11 18 15 3 0 11 3 17
split_gain=9881.01 10901.9 24906.7 52349.2 10300.5 41749.6 12016.8 5956.67 5662.16 17966.3 6262.08 5858.2 10827.5 4052.84 3596.89 8651.75 4927.34 3829.63 3203.91 2861.69 492.969
threshold=2.5000000000000004 0.84151180051609364 0.84222543278239714 264.50000000000006 22318.674999999999 318.50000000000006 1002.0000000000001 1002.0000000000001 1.5000000000000002 40189.600000000006 435.66666666666669 282.10000000000008 31452.020000000004 342.50000000000006 28198.140000000003 155.33333333333334 0.6221103648112406 30990.400000000005 399.50000000000006 0.56570994330643221 279.86573898695036
decision_type=2 2 2 10 8 8 8 10 2 2 2 10 10 10 10 2 2 2 10 2 2
left_child=1 8 3 -3 5 -4 -6 14 9 10 -1 12 -10 -13 17 -16 -17 18 -2 -19 -9
right_child=7 2 4 -5 6 -7 -8 20 11 -11 -12 13 -14 -15 15 16 -18 19 -20 -21 -22
leaf_value=0.36702888571456371 -0.30542773076538315 8.2331402460734058 0.48939618390539419 -0.50428804755210865 0.16731407366786971 6.4642551481723789 -1.1946740160970126 1.8957970619201661 -0.13731795991105694 3.3131548738479619 -1.3406495253245037 0.22754973602987622 -1.8891795211368139 -0.17473019946324217 -2.9666762669881184 -1.1763627103396825 -0.21057219450230125 -0.38420791015392397 0.71754626035690316 0.055817212248569663 0.98936700820922818
leaf_weight=51 177 2.9999999999999991 115 4 342 2.9999999999999991 17 2.9999999999999991 441 4.9999999999999991 5.9999999999999991 217 8.9999999999999982 88 2.9999999999999991 13.999999999999998 233 41 7.9999999999999991 374 3
leaf_count=51 177 3 115 4 342 3 17 3 441 5 6 217 9 88 3 14 233 41 8 374 3
internal_value=0.00462491 0.0914297 0.279478 3.24032 0.236028 0.641299 0.102819 -0.127306 -0.0199724 0.43936 0.187273 -0.0576925 -0.172355 0.111482 -0.138388 -0.29773 -0.265313 -0.0719954 -0.261191 0.0123449 1.44258
internal_weight=2157 1301 484 7 477 118 359 856 817 62 57 755 450 305 850 250 247 600 185 415 6
internal_count=2157 1301 484 7 477 118 359 856 817 62 57 755 450 305 850 250 247 600 185 415 6
is_linear=0
shrinkage=0.05


Tree=81
num_leaves=21
num_cat=0
split_feature=0 11 11 5 16 16 11 11 11 2 3 11 18 11 0 14 14 18 2 2
split_gain=8908.68 23929.6 36103.5 5850.19 5792.35 8907.62 25606.6 8372.81 7041.02 25094.4 10045.8 5467.93 3754.13 6140.45 3224.84 2915.01 2365.95 1039.54 439.068 47.3387
threshold=40189.600000000006 284.57000000000005 259.50000000000006 2.5000000000000004 365.78857142857152 394.01571428571435 1115.5000000000002 1115.5000000000002 235.50000000000003 1909.9650000000004 0.91124605517256496 1002.0000000000001 28198.140000000003 282.10000000000008 30990.400000000005 329.50000000000006 114.50000000000001 34576.200000000004 2485.7100000000005 8242.1850000000031
decision_type=2 10 10 2 2 2 8 10 8 2 2 10 10 10 2 10 10 10 2 2
left_child=3 2 15 4 8 6 -6 -7 10 -10 -1 12 14 -14 -5 -2 -3 19 -13 -18
right_child=1 16 -4 11 5 7 -8 -9 9 -11 -12 18 13 -15 -16 -17 17 -19 -20 -21
leaf_value=-0.10113107453656496 -0.29547689755757628 1.0125478585561105 7.3685316085815433 -0.24252375105085472 -0.44985229436646812 -0.069926362133574213 -4.5932849884033207 1.8612048218647641 4.1030349254608156 0.13314664474129675 -2.6248133122920994 1.8010072072347005 -0.73655933141708374 -0.16000798976882388 0.0064647010285404415 1.6759887409210201 -0.21109365846496081 -1.2158743023872376 0.94556611378987609 -0.44399329026540113
leaf_weight=278 3.0000000000000018 3.0000000000000027 2.9999999999999991 192 55 87 3.9999999999999991 5.9999999999999991 3.9999999999999991 825 3.9999999999999991 2.9999999999999991 62 181 403 5 7.9999999999999982 3.9999999999999991 3 3
leaf_count=278 3 3 3 192 55 87 4 6 4 825 4 3 62 181 403 5 8 4 3 3
internal_value=-0.0168456 0.853535 2.69083 -0.0288252 0.0392819 -0.250206 -0.730763 0.0546627 0.0788879 0.152302 -0.136928 -0.130744 -0.141512 -0.307112 -0.0738812 0.936689 -0.269255 -0.525615 1.37329 -0.274612
internal_weight=2136 29 11 2107 1263 152 59 93 1111 829 282 844 838 243 595 8 18 15 6 11
internal_count=2136 29 11 2107 1263 152 59 93 1111 829 282 844 838 243 595 8 18 15 6 11
is_linear=0
shrinkage=0.05


Tree=82
num_leaves=26
num_cat=0
split_feature=13 17 2 16 2 14 17 2 2 0 15 13 4 12 17 15 2 1 2 15 2 1 8 12 3
split_gain=10288.9 13170.2 29378.1 27643.2 40094.2 23515.3 17201.3 28423.7 12542.8 9537.82 19427.8 12297.1 8958.62 4458.1 4764.08 3628.4 3085.42 4894.71 2979.49 12110.5 4235.86 2466.89 2038.45 323.581 275.787
threshold=265.27500000000003 35.873827382138458 3143.5750000000003 258.54142857142864 10508.880000000003 350.50000000000006 36.135603553170803 5798.2400000000007 1965.8250000000003 35694.150000000009 549.08333333333337 308.50000000000006 48055.000000000007 240.50000000000003 298.5659591873623 295.72833333333341 3025.7000000000003 23770.095000000001 16194.475000000002 97.701666666666682 16822.715 33955.395000000011 2.5000000000000004 380.23500000000007 0.93377281543514434
decision_type=10 2 2 2 2 8 2 2 2 2 2 10 2 8 2 2 2 2 2 2 2 2 2 8 2
left_child=13 3 9 4 -2 8 7 -4 -5 10 -3 -11 -8 14 16 18 24 -18 19 -15 -20 22 -17 -23 -1
right_child=1 2 6 5 -6 -7 12 -9 -10 11 -12 -13 -14 15 -16 21 17 -19 20 -21 -22 23 -24 -25 -26
leaf_value=-0.61338018539704775 7.3461208264033004 1.0651278851287704 6.2239471018314365 -3.3491295496622722 -0.82845719655354788 -4.5698981602986661 0.16160688196294681 -0.65885008970896386 -0.10465207778367598 3.5535317137837397 -1.6975416285651073 0.92349351882934583 -0.39620431819930674 3.2657567977905275 -2.2127181768417361 -0.88773513287305839 -0.34419983112188279 0.00035379114419673431 -1.9397372007369977 0.075401953184324466 -0.18228306937962771 0.63108258247375515 -0.26218808093906515 0.14597288227894087 -0.94937900437249079
leaf_weight=19.000000000000004 2.9999999999999991 70 2.9999999999999991 2.9999999999999991 3 2.9999999999999991 589 3 422 8.0000000000000018 6.9999999999999991 9.9999999999999982 82 2.9999999999999991 2.9999999999999991 15.999999999999998 215 198 4.0000000000000027 351 24 4.9999999999999973 70 11 8.9999999999999982
leaf_count=19 3 70 3 3 3 3 589 3 422 8 7 10 82 3 3 16 215 198 4 351 24 5 70 11 9
internal_value=0.0126191 0.108926 0.232814 -0.111445 3.25883 -0.158692 0.117272 2.78255 -0.127554 1.0562 0.813976 2.0924 0.0934392 -0.112539 -0.226959 -0.00757479 -0.21345 -0.179014 0.0631665 0.102439 -0.433348 -0.272508 -0.378569 0.29757 -0.72138
internal_weight=2134 1206 772 434 6 428 677 6 425 95 77 18 671 928 444 484 441 413 382 354 28 102 86 16 28
internal_count=2134 1206 772 434 6 428 677 6 425 95 77 18 671 928 444 484 441 413 382 354 28 102 86 16 28
is_linear=0
shrinkage=0.05


Tree=83
num_leaves=19
num_cat=0
split_feature=11 2 17 6 11 14 2 15 15 11 1 4 4 6 7 1 18 11
split_gain=8675.88 11364.2 16263 11145.6 14928.1 11226.5 10173.4 8505.42 7419.7 22642.1 19346.7 4845.62 5937.71 10515 5693.11 5533.45 3156.23 2856.82
threshold=235.50000000000003 1909.9650000000004 48.061391605322036 5.5000000000000009 1115.5000000000002 229.54000000000005 2118.6650000000004 591.66666666666686 549.08333333333337 1110.5000000000002 31678.030000000002 41785.000000000007 39905.000000000007 2.5000000000000004 1.0000000180025095e-35 20790.460000000003 22452.080000000005 14.905000000000003
decision_type=8 2 2 2 10 10 2 2 2 10 2 2 2 2 2 2 10 8
left_child=6 2 -2 4 5 -3 -1 -6 9 -5 -10 12 14 -14 -8 17 -17 -13
right_child=1 3 -4 8 7 -7 11 -9 10 -11 -12 15 13 -15 -16 16 -18 -19
leaf_value=-3.0701691865921021 4.8593584696451826 0.76473321816543249 -0.010632392764091489 -0.017266204578192248 4.6313883781433107 0.11528675339472277 0.73574121791650271 0.86632498583445927 -0.33474486205312937 4.3321696360905966 -4.6717104593912762 -2.3764059066772476 -2.3726571500301361 -0.47146273657213894 -0.23768260061394339 0.20237329251308372 -0.1334029514906587 -0.61717697620391831
leaf_weight=2.9999999999999991 2.9999999999999991 82 4 1151 2.9999999999999991 353 17 3 18.000000000000004 2.9999999999999991 2.9999999999999991 2.9999999999999973 7.9999999999999991 80 129 138 142 10
leaf_count=3 3 82 4 1151 3 353 17 3 18 3 3 3 8 80 129 138 142 10
internal_value=0.00888838 0.066245 2.07651 0.0575372 0.271876 0.237711 -0.166753 2.74886 -0.0229085 -0.00595918 -0.954311 -0.150225 -0.319879 -0.644299 -0.124339 -0.0147327 0.0320868 -1.02315
internal_weight=2153 1623 7 1616 441 435 530 6 1175 1154 21 527 234 88 146 293 280 13
internal_count=2153 1623 7 1616 441 435 530 6 1175 1154 21 527 234 88 146 293 280 13
is_linear=0
shrinkage=0.05


Tree=84
num_leaves=21
num_cat=0
split_feature=3 14 15 15 12 2 18 11 16 8 11 2 6 12 4 13 6 2 16 6
split_gain=7816.74 8872 60760.3 31100.6 12604.8 7112.07 6021.03 6299.33 5532.45 2881.23 4254.34 2944.88 1100.75 599.705 390.797 117.276 114.691 105.72 105.104 5.45339
threshold=0.55065387518197906 14.610000000000001 323.40000000000003 320.33333333333343 297.94500000000005 16822.715 19884.825000000004 1042.0000000000002 304.02857142857152 1.5000000000000002 124.90500000000002 19112.865000000002 2.5000000000000004 350.50000000000006 42910.000000000007 405.00000000000006 9.5000000000000018 19286.385000000006 276.07142857142861 17.500000000000004
decision_type=2 10 2 2 10 2 10 10 2 2 10 2 2 8 2 8 2 2 2 2
left_child=9 2 3 4 -2 6 8 -8 -3 10 17 12 -12 14 15 -11 -16 19 -15 -1
right_child=1 5 -4 -5 -6 -7 7 -9 -10 13 11 -13 -14 18 16 -17 -18 -19 -20 -21
leaf_value=-0.13473484292626384 0.082517793941959211 0.12672208146435901 7.3693427721659353 -4.8488869667053223 0.92679184528819314 2.4136819839477539 -0.066687745223201519 0.82653018459677696 0.87094219972689957 -0.19261752503613633 -0.026165163516998231 -2.5875815709431969 -1.0606570535235935 -0.4953777313232422 0.29182644844055172 -0.3230611320052828 -0.099225004514058412 0.12099162817001344 -0.91391479174296042 -0.21378343900044752
leaf_weight=7.9999999999999982 197 149 2.9999999999999991 2.9999999999999991 57 2.9999999999999991 1511 20 30 96 3.0000000000000062 2.9999999999999991 18 2.9999999999999991 5 21 3 4.9999999999999991 3 3
leaf_count=8 197 149 3 3 57 3 1511 20 30 96 3 3 18 3 5 21 3 5 3 3
internal_value=-0.00547038 0.022636 0.294787 0.212204 0.271981 -0.0186711 -0.0229384 -0.0550193 0.251452 -0.329762 -0.701183 -1.12221 -0.912872 -0.216351 -0.192913 -0.21603 0.145182 -0.0696419 -0.704646 -0.156294
internal_weight=2144 1973 260 257 254 1713 1710 1531 179 171 40 24 21 131 125 117 8 16 6 11
internal_count=2144 1973 260 257 254 1713 1710 1531 179 171 40 24 21 131 125 117 8 16 6 11
is_linear=0
shrinkage=0.05


Tree=85
num_leaves=16
num_cat=0
split_feature=11 5 12 2 18 11 4 13 18 12 0 11 14 3 11
split_gain=9464.51 12822.9 17156.9 6437.31 8135.5 44369.2 6967.51 15140.8 7850.26 6335.11 7755.87 4768.53 3813.21 2975.24 383.54
threshold=1115.5000000000002 1.0000000180025095e-35 249.88500000000002 13182.745000000001 21339.330000000005 309.50000000000006 43672.500000000007 297.94500000000005 23067.700000000001 302.50000000000006 35334.350000000006 278.50000000000006 345.50000000000006 0.61456706175205544 261.20000000000005
decision_type=10 2 10 2 10 10 2 10 10 10 2 8 8 2 10
left_child=3 -2 -3 4 5 11 8 -8 -6 12 14 -1 13 -5 -11
right_child=1 2 -4 9 6 -7 7 -9 -10 10 -12 -13 -14 -15 -16
leaf_value=0.080616254080086949 3.7310541331768046 3.0405781428019196 -1.9614659715443847 -0.16252075082057924 -0.49261871569989513 5.4913712739944458 -0.035771101495591311 0.55024996824366479 -0.043690149802789492 -0.75827546553178271 -2.5554949951171877 0.49317786433954836 1.673979202906291 0.48570555442650065 -0.42661626814376741
leaf_weight=252 3.9999999999999982 3 4 259 112 3.9999999999999991 401 152 746 10.999999999999998 4.9999999999999991 97 2.9999999999999991 19 42
leaf_count=252 4 3 4 259 112 4 401 152 746 11 5 97 3 19 42
internal_value=0.00991856 1.47274 0.182267 0.00226712 0.040616 0.255295 -0.0130917 0.125305 -0.102292 -0.197283 -0.673041 0.195282 -0.0990837 -0.118218 -0.495451
internal_weight=2114 11 7 2103 1764 353 1411 553 858 339 58 349 281 278 53
internal_count=2114 11 7 2103 1764 353 1411 553 858 339 58 349 281 278 53
is_linear=0
shrinkage=0.05


Tree=86
num_leaves=24
num_cat=0
split_feature=5 11 1 14 14 16 1 18 15 11 18 11 5 17 17 1 0 0 13 0 5 14 7
split_gain=7389.59 6886.02 12816.8 9051.87 31351.9 18080.9 6083.85 18809.2 4407.12 3633.99 3973.31 5474.28 3499.95 5178.33 3932.45 3188.32 2584.26 2433.16 2276.56 2000.47 1434.63 505.258 63.2727
threshold=2.5000000000000004 233.50000000000003 31943.725000000002 229.54000000000005 227.71000000000001 304.02857142857152 36487.450000000012 26045.065000000006 162.4966666666667 488.50000000000006 28198.140000000003 280.75000000000006 1.0000000180025095e-35 278.0595648547602 130.71058768772789 31326.770000000004 37052.000000000007 34209.450000000004 295.43000000000006 28626.950000000004 3.5000000000000004 231.00000000000003 1.5000000000000002
decision_type=2 8 2 10 10 2 2 8 2 8 10 10 2 2 2 2 2 2 8 2 2 8 2
left_child=1 2 12 4 5 -3 8 -8 -5 10 15 17 13 -1 -14 19 -13 -12 -17 -2 22 -22 -11
right_child=9 3 -4 6 -6 -7 7 -9 -10 20 11 16 14 -15 -16 18 -18 -19 -20 -21 21 -23 -24
leaf_value=-0.27391919008057036 -0.37300712320093932 0.4602801256890291 -2.9495899379253387 -0.86209764205492467 4.830682890862227 -1.9687146067619326 4.611746279398603 0.14529975977810947 0.066123102908647147 0.35815505186716728 -0.023041105558249085 -0.26339331125254156 -0.057343611048741472 -2.1152704298496245 0.66986644580250698 0.28722541695055748 0.17054900015177935 -0.84295787389079724 1.5796276330947876 -0.047718834287894314 1.6873756408691403 0.82898492813110336 0.054390743374824517
leaf_weight=84 52 181 3.9999999999999991 12.999999999999998 3.9999999999999991 7.9999999999999991 2.9999999999999973 11 783 2.9999999999999982 10.999999999999998 135 162 3.9999999999999991 21 23.000000000000004 46 51 3.9999999999999991 519 3 4 4
leaf_count=84 52 181 4 13 4 8 3 11 783 3 11 135 162 4 21 23 46 51 4 519 3 4 4
internal_value=0.0055642 0.0816849 -0.139968 0.142457 0.450175 0.357466 0.0691366 1.1024 0.0509637 -0.108216 -0.121516 -0.292005 -0.0984973 -0.357617 0.0261067 -0.052237 -0.15311 -0.697489 0.478692 -0.0773423 0.690721 1.19687 0.184575
internal_weight=2133 1278 275 1003 193 189 810 14 796 855 841 243 271 88 183 598 181 62 27 571 14 7 7
internal_count=2133 1278 275 1003 193 189 810 14 796 855 841 243 271 88 183 598 181 62 27 571 14 7 7
is_linear=0
shrinkage=0.05


Tree=87
num_leaves=26
num_cat=0
split_feature=6 2 2 6 7 13 4 14 16 16 18 0 2 2 2 2 1 13 16 13 12 6 13 0 7
split_gain=6547.08 7328.14 10927.8 32026.5 7243.6 18262.8 8503.14 5021.11 5519.52 5006.17 3629.85 8258.11 8965.16 4296.59 6085.54 4376.39 4256.63 3927.63 3562.88 7873.94 3369.95 2817.07 2851.63 1435.74 1243.43
threshold=9.5000000000000018 7916.4750000000013 7700.9950000000008 1.5000000000000002 1.5000000000000002 333.50000000000006 48055.000000000007 290.60500000000008 168.04714285714289 197.17142857142861 28198.140000000003 38481.05000000001 1909.9650000000004 13120.810000000001 6689.3600000000015 12983.285000000002 31326.770000000004 348.87000000000006 353.14285714285717 309.50000000000006 328.50000000000006 11.500000000000002 209.96000000000001 35188.850000000006 2.5000000000000004
decision_type=2 2 2 2 2 10 2 8 2 2 10 2 2 2 2 2 2 10 2 10 10 2 10 2 2
left_child=1 2 4 -4 5 -1 -6 18 -9 -10 11 12 -2 14 17 -16 -14 -12 20 -20 -3 23 -23 -15 -5
right_child=10 7 3 24 6 -7 -8 8 9 -11 13 -13 16 21 15 -17 -18 -19 19 -21 -22 22 -24 -25 -26
leaf_value=0.69217217387349317 2.3508035600185395 -0.19526063250989448 6.1365900198618499 0.80917686422665891 0.11587703817956199 -0.8072464209049941 -0.90183438584208497 2.2834798812866213 -1.1900506292070661 0.17326367141038976 -0.39875165473439556 -2.2879143953323364 -0.045880268059504875 -0.54303524792194324 0.048524477489430597 1.9793364365895589 0.53396518013694072 0.67184221612082595 -2.5417270660400373 -0.23022770466549056 0.35152615532279019 -1.7586692439185243 -0.60086453052667477 0.90395549138387021 -0.12931411072611809
leaf_weight=132 3.9999999999999991 236 3.0000000000000027 12.000000000000002 306 24 22 2.9999999999999991 6.9999999999999991 177 178 3.9999999999999991 774 4.0000000000000027 135 2.9999999999999991 33 8.9999999999999982 5.0000000000000027 13.999999999999998 32 9.0000000000000018 12.999999999999998 3 4.9999999999999991
leaf_count=132 4 236 3 12 306 24 22 3 7 177 178 4 774 4 135 3 33 9 5 14 32 9 13 3 5
internal_value=0.000152098 0.0956109 0.228342 1.37367 0.181014 0.461492 0.0476159 -0.0455205 0.156084 0.121398 -0.0797099 -0.0216428 -0.0104652 -0.213395 -0.161361 0.0904987 -0.0221691 -0.347226 -0.17688 -0.838517 -0.129973 -0.796536 -1.07451 0.0771036 0.53315
internal_weight=2147 978 504 20 484 156 328 474 187 184 1169 815 811 354 325 138 807 187 287 19 268 29 22 7 17
internal_count=2147 978 504 20 484 156 328 474 187 184 1169 815 811 354 325 138 807 187 287 19 268 29 22 7 17
is_linear=0
shrinkage=0.05


Tree=88
num_leaves=28
num_cat=0
split_feature=6 2 11 18 13 18 7 2 13 11 17 18 8 13 18 15 3 8 13 1 13 6 12 2 3 16 18
split_gain=4988.16 7742.53 12034 13511.9 29013.1 13279.5 6933.13 5625.13 20557.4 4396.15 4350.97 7958.18 7408.54 3419.81 2807.32 4923.39 1771.85 1682.31 3750.45 1375.18 1004.58 761.575 312.268 308.379 205.935 45.522 41.8818
threshold=14.500000000000002 4550.8100000000004 239.30000000000004 26045.065000000006 342.50000000000006 23020.610000000004 2.5000000000000004 4621.380000000001 299.51000000000005 370.50000000000006 168.2842467747092 32048.085000000003 2.5000000000000004 248.80000000000004 22452.080000000005 71.64166666666668 0.62305854512470271 1.5000000000000002 15.065000000000003 27662.425000000007 282.24000000000007 2.5000000000000004 282.24000000000007 8112.795000000001 0.92603405402934458 297.02857142857147 31317.150000000005
decision_type=2 2 10 10 8 10 2 2 10 8 2 8 2 8 10 2 2 2 10 2 8 2 8 2 2 2 10
left_child=1 2 5 4 -4 21 -5 8 22 14 11 -9 -12 25 17 -16 -17 18 -2 -19 24 -1 -3 -22 -15 -11 -27
right_child=9 7 3 6 -6 -7 -8 10 -10 13 12 -13 -14 20 15 16 -18 19 -20 -21 23 -23 -24 -25 -26 26 -28
leaf_value=-1.1132052739461249 1.4637158870697013 0.6633169412612917 0.64042057924283047 0.49761445148836209 4.9865356445312505 -3.8533140023549404 -0.080477029508263465 -0.025826232937273697 -4.6693318684895821 -0.55645613670349137 -0.71481047782458762 0.45252809168838826 0.048194660882775985 1.0128206253051746 -1.7976927947998047 -0.44248057649884792 -0.16763484203197723 -0.12958209609648416 0.0096787766498677881 0.19881761392578484 0.32730506286025035 -0.27185266040838679 -0.011509686708450316 0.74379399776458743 1.5986750443776445 -0.45001505215962717 -0.18581240177154537
leaf_weight=3.0000000000000027 6.0000000000000027 2.9999999999999982 96 79 3.9999999999999991 2.9999999999999991 151 922 3 2.9999999999999982 57 96 72 3.0000000000000027 4.9999999999999991 72 316 157 17 40 8.0000000000000018 26 4 9.9999999999999982 3 3 3
leaf_count=3 6 3 96 79 4 3 151 922 3 3 57 96 72 3 5 72 316 157 17 40 8 26 4 10 3 3 3
internal_value=-0.0120275 0.0374661 0.239277 0.329049 0.814265 -0.686491 0.118085 -0.0256762 -1.20641 -0.128406 -0.0153821 0.0192838 -0.288947 0.433758 -0.15867 -0.238727 -0.218637 -0.0156584 0.388993 -0.062902 0.745453 -0.358889 0.277702 0.558688 1.30575 -0.397428 -0.317914
internal_weight=2165 1519 362 330 100 32 230 1157 10 646 1147 1018 129 33 613 393 388 220 23 197 24 29 7 18 6 9 6
internal_count=2165 1519 362 330 100 32 230 1157 10 646 1147 1018 129 33 613 393 388 220 23 197 24 29 7 18 6 9 6
is_linear=0
shrinkage=0.05


Tree=89
num_leaves=19
num_cat=0
split_feature=11 0 0 6 17 1 6 15 8 0 11 12 17 0 2 11 11 2
split_gain=6808.95 22331.8 5819.51 5331.84 7500.16 9902.37 18582.3 5589.62 4612.46 3629.3 3301.01 2433.5 3867.89 2231.48 1399.48 1220.45 265.653 77.0968
threshold=1115.5000000000002 34580.850000000013 35919.750000000007 11.500000000000002 148.22440988237682 29567.815000000006 1.5000000000000002 323.40000000000003 2.5000000000000004 36303.600000000013 973.50000000000011 233.50000000000003 60.282325969162954 34209.450000000004 2606.9850000000001 273.50000000000006 1042.0000000000002 2939.3400000000006
decision_type=10 2 2 2 2 2 2 2 2 2 8 10 2 2 2 10 10 2
left_child=3 -2 -3 4 5 7 -7 -1 9 -6 11 13 -13 -5 16 -10 -12 -16
right_child=1 2 -4 10 8 6 -8 -9 15 -11 14 12 -14 -15 17 -17 -18 -19
leaf_value=-0.014082500700771265 -1.5875351143069569 1.6783838589986162 4.7927356084187815 -0.11118439729325474 -1.2203068557381631 1.8578881961107254 0.26723606725884436 0.41776629825610495 0.29895497018901201 -0.35621618186269188 1.2729316234588617 -0.12331531897215174 0.14375627805304875 -0.40698203623716567 0.24130276203155515 -0.11676772445440294 0.72625089883804306 -0.079314891497294093
leaf_weight=694 3.9999999999999982 3 3 160 14.999999999999998 20 224 84 26 64 5.0000000000000018 500 186 106 5 55 4 3
leaf_count=694 4 3 3 160 15 20 224 84 26 64 5 500 186 106 5 55 4 3
internal_value=0.00464543 1.30632 3.23556 -0.00140606 0.0698696 0.119704 0.397617 0.0325438 -0.248449 -0.520284 -0.0883492 -0.100681 -0.0509023 -0.229059 0.602249 0.0166741 1.02996 0.121071
internal_weight=2161 10 6 2151 1182 1022 244 778 160 79 969 952 686 266 17 81 9 8
internal_count=2161 10 6 2151 1182 1022 244 778 160 79 969 952 686 266 17 81 9 8
is_linear=0
shrinkage=0.05


Tree=90
num_leaves=28
num_cat=0
split_feature=13 1 11 12 1 14 7 15 17 1 14 12 12 18 11 16 1 2 13 2 11 7 17 2 17 18 18
split_gain=5300.7 9190.76 17222.4 23682.7 75883.5 10371.7 7911.46 5509.4 13368.8 32727.5 9021.49 5407.06 9114.31 3372.28 3890.22 5547.47 3494.39 3385.66 3371.38 3227.11 3342.83 3174.31 1674.71 1598.53 1575.51 290 406.192
threshold=259.50000000000006 31678.030000000002 239.30000000000004 248.14500000000001 32113.845000000001 14.4 2.5000000000000004 322.50000000000006 36.450474273102451 25848.475000000002 198.53500000000003 290.60500000000008 292.09000000000009 21485.870000000006 124.90500000000002 217.77285714285716 20790.460000000003 15845.170000000002 14.840000000000002 3177.7000000000003 1014.0000000000001 5.5000000000000009 111.70882558087423 1965.8250000000003 54.892759554759316 20581.090000000007 19884.825000000004
decision_type=10 2 10 10 2 10 2 2 2 2 10 10 10 10 10 2 2 2 8 2 8 2 2 2 2 10 10
left_child=13 7 6 4 -4 -5 -3 11 9 -9 -10 21 -13 16 15 17 25 -15 22 23 -21 -2 -18 -16 -20 26 -1
right_child=1 2 3 5 -6 -7 -8 8 10 -11 -12 12 -14 14 19 -17 18 -19 24 20 -22 -23 -24 -25 -26 -27 -28
leaf_value=-0.18380070375071633 -0.015495688768414784 -4.046916564305624 9.3963422139485573 1.4847922897338868 0.86864382505416882 0.090272145259853775 -0.41569536526997874 0.14330094882420133 -2.5794188817342123 6.3852040449778222 0.18391014180141282 -1.3422983774367501 -0.15411944589460835 -0.28859856136269491 -1.7032443443934124 -2.1319973087310795 0.58777841541238807 -1.5352548281351726 0.30670079397968952 -0.087070848412581336 -1.7612636009852094 0.2919768331885928 1.8471051534016927 -0.49451621857381634 -0.079066414269224061 -0.66418459018071496 0.40761855642000838
leaf_weight=90 497 2.9999999999999991 3.0000000000000027 14.999999999999998 20 120 3 6.9999999999999982 2.9999999999999991 3 191 17 319 59 2.9999999999999991 4.9999999999999991 22.000000000000004 5.9999999999999991 48 485 2.9999999999999991 101 2.9999999999999991 31 59 2.9999999999999991 2.9999999999999991
leaf_count=90 497 3 3 15 20 120 3 7 3 3 191 17 319 59 3 5 22 6 48 485 3 101 3 31 59 3 3
internal_value=-0.0146104 0.0481037 0.39804 0.497889 1.98095 0.245219 -2.23131 -0.00232651 0.233075 2.01587 0.141178 -0.0537418 -0.214236 -0.114188 -0.177114 -0.527126 0.0491991 -0.403675 0.21613 -0.130178 -0.097363 0.0364353 0.738898 -0.601169 0.093988 -0.180331 -0.164723
internal_weight=2122 1302 164 158 23 135 6 1138 204 10 194 934 336 820 592 70 228 65 132 522 488 598 25 34 107 96 93
internal_count=2122 1302 164 158 23 135 6 1138 204 10 194 934 336 820 592 70 228 65 132 522 488 598 25 34 107 96 93
is_linear=0
shrinkage=0.05


Tree=91
num_leaves=25
num_cat=0
split_feature=13 4 4 0 4 1 0 6 14 17 11 17 4 3 17 1 3 3 4 6 4 6 11 17
split_gain=5858.78 11724.9 17984.4 80988.4 17369 7665.22 7602.4 28607.6 7537.44 51119 4620.58 4518.01 4311.77 3418.6 3341.33 3014.18 2914.09 9782.51 2628.84 1524.62 1456.5 1136.1 115.567 86.5894
threshold=285.96500000000009 43672.500000000007 47072.500000000007 36552.30000000001 43067.500000000007 23139.670000000002 40189.600000000006 1.5000000000000002 1002.0000000000001 37.364814778372683 231.00000000000003 41.381141957571053 38272.500000000007 0.62991601089709948 35.273276927868373 32692.710000000003 0.92832395973815274 0.92230444861764904 33577.500000000007 2.5000000000000004 34230.000000000007 9.5000000000000018 285.63000000000005 36.354073600781284
decision_type=10 2 2 2 2 2 2 2 8 2 8 2 2 2 2 2 2 2 2 2 2 2 10 2
left_child=6 4 3 14 8 21 12 -8 11 -10 -7 -2 13 20 -3 -9 17 -14 -15 -18 -1 -4 23 -6
right_child=1 2 5 -5 22 10 7 15 9 -11 -12 -13 16 18 -16 -17 19 -19 -20 -21 -22 -23 -24 -25
leaf_value=-0.43271920203101327 -0.13801864313541864 2.1398955345153809 -1.6817174911499029 9.1750857035319022 -1.490604228973389 -0.52842801559497332 4.5936885535717016 0.25546221733093255 4.9624945322672529 0.042729200981557372 0.35015551528930666 0.14536939787881814 -0.12538673477504506 0.43521984526566393 0.64124902593639665 -1.9858829816182451 -1.649485143025716 1.9007932980855307 0.06798687680196934 -0.47219141455310765 -0.0016440183131231204 -0.66121702988942455 -1.9291287422180177 -1.8027149677276608
leaf_weight=43 305 3.9999999999999991 4.9999999999999982 2.9999999999999991 4.9999999999999982 17 3.9999999999999982 3 5.9999999999999991 44 125 261 833 58 53 3 2.9999999999999991 5.9999999999999991 305 33 36 6 4.9999999999999991 4
leaf_count=43 305 4 5 3 5 17 4 3 6 44 125 261 833 58 53 3 3 6 305 33 36 6 5 4
internal_value=0.0104127 0.113491 0.434185 1.16785 0.00506548 0.146472 -0.0550694 1.31835 0.0446441 0.633101 0.244973 -0.00733971 -0.0654977 0.0617933 0.746417 -0.86521 -0.129798 -0.110897 0.126663 -0.570299 -0.23628 -1.12508 -1.73639 -1.62932
internal_weight=2170 843 213 60 630 153 1327 10 616 50 142 566 1317 442 57 6 875 839 363 36 79 11 14 9
internal_count=2170 843 213 60 630 153 1327 10 616 50 142 566 1317 442 57 6 875 839 363 36 79 11 14 9
is_linear=0
shrinkage=0.05


Tree=92
num_leaves=23
num_cat=0
split_feature=5 3 2 4 17 11 14 11 16 16 16 12 11 12 12 15 1 17 3 17 4 15
split_gain=5121.52 7903.43 19970.1 13673.1 85244.9 4431.43 2985.22 3599.79 3588.27 19245.3 5220.21 3439.48 2291.7 1942.71 4783.17 4516.43 5243.26 2571.6 2329.08 2311.07 1890.96 710.835
threshold=2.5000000000000004 0.84151180051609364 5917.2500000000009 33822.500000000007 37.364814778372683 1115.5000000000002 348.50000000000006 398.20000000000005 231.46428571428575 229.35714285714289 248.85714285714286 329.50000000000006 1002.0000000000001 219.50000000000003 209.96000000000001 137.94666666666669 20790.460000000003 59.872476115205721 0.63623848288194018 108.46093999533612 28185.000000000004 527.71833333333348
decision_type=2 2 2 2 2 10 8 10 2 2 2 10 10 8 10 2 2 2 2 2 2 2
left_child=1 6 3 4 -3 -5 8 20 9 -1 -10 -9 13 14 19 16 -15 -17 -16 -2 -8 -14
right_child=12 2 -4 5 -6 -7 7 11 10 -11 -12 -13 21 15 18 17 -18 -19 -20 -21 -22 -23
leaf_value=0.031454025858339167 0.016102029010653496 8.0317389965057302 3.379908485412598 0.11611806704246436 0.096689101240851671 1.3036986440420151 0.56579866346560026 0.37055859433280097 -0.75415995590614548 3.5265284731984141 -0.09980655364910454 2.0061468696594242 1.2542570233345032 -0.52653007507324201 -1.9804161834716798 -0.13026248320984193 2.117523250579834 0.081061435854200073 -0.65874551773071299 -0.39440455035616956 0.02251388962362327 0.23610426584879551
leaf_weight=257 80 4.0000000000000027 4.9999999999999991 434 22 7.9999999999999991 19 8.9999999999999982 33 3.9999999999999991 399 4.9999999999999991 3.9999999999999991 3 4.9999999999999991 495 5 203 9.9999999999999982 60 102 3
leaf_count=257 80 4 5 434 22 8 19 9 33 4 399 5 4 3 5 495 5 203 10 60 102 3
internal_value=0.0109331 0.0736899 0.236741 0.20316 1.31747 0.137613 -0.019454 0.195647 -0.0613568 0.0850184 -0.149792 0.954697 -0.0831299 -0.0904554 -0.250746 -0.0552641 1.126 -0.0688029 -1.0993 -0.159829 0.107823 0.817906
internal_weight=2169 1301 473 468 26 442 828 135 693 261 432 14 868 861 155 706 8 698 15 140 121 7
internal_count=2169 1301 473 468 26 442 828 135 693 261 432 14 868 861 155 706 8 698 15 140 121 7
is_linear=0
shrinkage=0.05


Tree=93
num_leaves=25
num_cat=0
split_feature=1 16 6 13 0 4 4 18 15 2 1 3 15 16 13 18 11 6 2 3 7 0 0 0
split_gain=3772.26 11649.3 91629.7 10748.8 8654.41 6395.89 4537.18 4239.2 3566.67 17621.9 30575.6 7633.56 6217.05 15270.6 4217.15 3444.41 3778.16 2823.16 2763.5 910.377 671.763 373.647 256.704 82.9749
threshold=29750.600000000002 267.41428571428577 1.5000000000000002 314.00000000000006 40189.600000000006 47845.000000000007 34732.500000000007 25815.825000000004 321.80000000000007 4592.4700000000012 28672.460000000003 0.85856601226811702 320.33333333333343 308.31428571428575 275.49000000000007 20672.785000000003 278.50000000000006 3.5000000000000004 14696.625000000002 0.83990720771271976 4.5000000000000009 33120.900000000009 34032.400000000009 32578.950000000004
decision_type=2 2 2 10 2 2 2 10 2 2 2 2 2 2 8 10 10 2 2 2 2 2 2 2
left_child=8 2 -2 4 -4 6 22 -8 12 10 -10 14 15 -14 -11 16 -1 -5 -17 -7 -21 -12 -3 -15
right_child=1 5 3 17 -6 19 7 -9 9 11 21 -13 13 23 -16 18 -18 -19 -20 20 -22 -23 -24 -25
leaf_value=-0.0060601673154473679 7.9656525611877447 1.4963162422180174 0.20521171070766031 0.62218168973922738 -2.5154120445251467 -1.4906845728556315 0.33618086507470402 -0.088889143856582947 6.4216200192769399 -0.66565619566861323 0.70477614402770983 -2.4574187914530441 -4.2999863306681325 -0.18535504043102261 0.16051186746394142 -0.09061926079199964 0.4168014106769411 2.2490534245967866 -0.42271863364461643 -0.39612022859975698 -0.84770421981811528 -0.033398639162381484 0.92985374927520736 0.1625028484811385
leaf_weight=327 3.9999999999999991 4 114 3.9999999999999991 2.9999999999999991 2.9999999999999991 76 257 2.9999999999999982 17 4 2.9999999999999991 2.9999999999999982 4 169 963 63 7.9999999999999991 67 20 13.999999999999998 3 4 3
leaf_count=327 4 4 114 4 3 3 76 257 3 17 4 3 3 4 169 963 63 8 67 20 14 3 4 3
internal_value=-0.0082731 0.110253 0.512719 0.281621 0.135452 -0.0313556 0.0363927 0.00812383 -0.0454535 0.152874 2.19838 0.044646 -0.0730528 -1.31539 0.0850019 -0.064304 0.0622482 1.70676 -0.112222 -0.655738 -0.582067 0.388416 1.21308 -0.0362731
internal_weight=2140 511 133 129 117 378 341 333 1629 199 10 189 1430 10 186 1420 390 12 1030 37 34 7 8 7
internal_count=2140 511 133 129 117 378 341 333 1629 199 10 189 1430 10 186 1420 390 12 1030 37 34 7 8 7
is_linear=0
shrinkage=0.05


Tree=94
num_leaves=18
num_cat=0
split_feature=11 17 6 0 12 12 5 12 18 4 11 13 6 4 4 6 11
split_gain=4213.28 18902.3 5603.54 3504.67 4113.04 20193.8 7116.55 4027.83 4703.67 10530.2 5937.5 4169.28 5789.21 5602.39 3520.38 2827.13 2620.64
threshold=1115.5000000000002 298.5659591873623 7.5000000000000009 38663.80000000001 282.80000000000007 270.50000000000006 1.5000000000000002 229.54000000000005 28382.735000000004 43672.500000000007 282.10000000000008 85.000000000000014 2.5000000000000004 39052.500000000007 47685.000000000007 2.5000000000000004 349.50000000000006
decision_type=10 2 2 2 10 8 2 8 10 2 10 10 2 2 2 2 10
left_child=3 -2 -3 7 5 6 -5 11 9 -9 -10 13 -13 -1 15 -6 -16
right_child=1 2 -4 4 14 -7 -8 8 10 -11 -12 12 -14 -15 16 -17 -18
leaf_value=-0.2238193135275397 3.6861248016357431 0.77680280407269775 -2.2792128801345819 0.1626607292416421 -1.5436586132645598 4.5746943593025211 2.3654299199581148 -0.0064818345086174178 -0.52354362607002258 0.38051586621335598 -0.040044749215929119 -1.1493736267089845 -0.21952804788074234 0.38349481308284927 0.35371556872671306 -0.20741117996604821 -0.56665189266204841
leaf_weight=86 3.9999999999999982 3 3 44 5.0000000000000027 2.9999999999999991 3.9999999999999991 859 75 221 414 18 239 68 55 19 8.9999999999999982
leaf_count=86 4 3 3 44 5 3 4 859 75 221 414 18 239 68 55 19 9
internal_value=-0.00017351 1.02373 -0.751205 -0.00500551 0.237685 0.594958 0.346225 -0.0220429 0.0144562 0.0727094 -0.114201 -0.161379 -0.284653 0.0443454 0.0306294 -0.485796 0.224289
internal_weight=2129 10 6 2119 139 51 48 1980 1569 1080 489 411 257 154 88 24 64
internal_count=2129 10 6 2119 139 51 48 1980 1569 1080 489 411 257 154 88 24 64
is_linear=0
shrinkage=0.05


Tree=95
num_leaves=30
num_cat=0
split_feature=5 17 4 6 4 2 4 13 18 6 16 4 16 7 11 2 11 8 0 18 13 18 0 12 7 6 18 13 12
split_gain=4425.23 5721.64 6345.57 28834.5 47729.2 9413.79 6502.09 11251.3 4368.47 3780.53 4902.92 2731.91 3002.81 2357.11 1867.49 1749.69 1628.94 1683.11 1726.57 1934.55 1516 1488.21 1527.2 1222.46 1156.78 734.507 447.326 169.157 17.5105
threshold=2.5000000000000004 226.88850682547709 44065.000000000007 1.5000000000000002 46555.000000000007 6858.3900000000003 42977.500000000007 229.54000000000005 21339.330000000005 2.5000000000000004 391.6028571428572 47845.000000000007 391.6028571428572 4.5000000000000009 119.50000000000001 13120.810000000001 398.20000000000005 4.5000000000000009 38094.200000000004 28198.140000000003 248.80000000000004 23727.685000000001 28626.950000000004 324.00000000000006 4.5000000000000009 17.500000000000004 31395.765000000003 280.25000000000006 1007.0000000000001
decision_type=2 2 2 2 2 2 2 10 10 2 2 2 2 2 8 2 8 2 2 10 8 10 2 10 2 2 8 8 10
left_child=1 2 6 4 -4 -5 8 -8 -1 10 14 12 -11 -13 -3 -12 17 18 19 -2 28 22 -19 -20 -23 26 -22 -27 -18
right_child=16 9 3 5 -6 -7 7 -9 -10 11 15 13 -14 -15 -16 -17 20 21 23 -21 25 24 -24 -25 -26 27 -28 -29 -30
leaf_value=0.22294071898654555 -0.095942234850564703 -2.5398967107137063 0.25358785599470141 0.5225312380760031 5.8944626808166509 -0.11569622198310424 0.43720635821421933 -1.588142451643944 -0.022411388612255969 0.55922327070009137 -0.40466445477112478 -0.051241537618140369 -0.11345968885889537 -1.023020638869359 -1.1175358211994169 0.87918154398600257 -0.2160057028134662 -0.61513059933980241 0.23429973452015129 -0.27922118926420808 0.5708726814814975 -0.41362075124468123 0.58745469830252917 -0.52358162800470998 0.17897127076983455 1.1993420282999674 0.0056128229413713714 0.7026663780212401 -0.36880417346954342
leaf_weight=264 514 2.9999999999999973 9.9999999999999982 106 5.9999999999999991 127 12.000000000000002 15.999999999999998 580 21 23.000000000000004 12.000000000000002 79 12.999999999999998 10 2.9999999999999991 3.0000000000000018 3.0000000000000027 47 200 7.0000000000000009 13.999999999999998 22 5.9999999999999991 20 2.9999999999999991 7.0000000000000009 4 5
leaf_count=264 514 3 10 106 6 127 12 16 580 21 23 12 79 13 10 3 3 3 47 200 7 14 22 6 20 3 7 4 5
internal_value=-0.00596993 0.0526793 0.0930343 0.315653 2.36892 0.174656 0.0294655 -0.720136 0.0543338 -0.223162 -0.652943 -0.0890703 0.0278037 -0.556567 -1.44577 -0.256528 -0.0941153 -0.107047 -0.126842 -0.147281 0.274209 0.150294 0.443144 0.148502 -0.0650372 0.497338 0.288243 0.915527 -0.311505
internal_weight=2140 1285 1121 249 16 233 872 28 844 164 39 125 100 25 13 26 855 826 767 714 29 59 25 53 34 21 14 7 8
internal_count=2140 1285 1121 249 16 233 872 28 844 164 39 125 100 25 13 26 855 826 767 714 29 59 25 53 34 21 14 7 8
is_linear=0
shrinkage=0.05


Tree=96
num_leaves=18
num_cat=0
split_feature=11 3 0 1 14 14 18 18 1 14 6 17 7 17 0 1 13
split_gain=5158.84 9532.83 10188.2 9343.08 7814.02 22953.3 15503.3 4438.44 3529.96 2956.77 2537.42 7035.45 4895.58 3933.91 7961.64 3724.64 3432.2
threshold=235.50000000000003 0.95075228228698749 39048.55000000001 33419.020000000004 229.03500000000003 227.71000000000001 22318.674999999999 19733.190000000002 27820.620000000006 349.50000000000006 2.5000000000000004 111.70882558087423 1.0000000180025095e-35 130.71058768772789 38389.80000000001 29609.370000000006 300.50000000000006
decision_type=8 2 2 2 10 10 8 10 2 10 2 2 2 2 2 2 8
left_child=3 4 -3 10 5 6 -2 8 -6 -9 11 12 -1 15 -15 -12 -13
right_child=1 2 -4 -5 7 -7 -8 9 -10 -11 13 16 -14 14 -16 -17 -18
leaf_value=1.5611263990402209 0.99986709460334966 4.0976843516031902 0.24310404062271115 -2.9076891620953877 0.090074130585964987 4.0321853041648863 0.061594192769664984 -0.075881687115394961 0.62587674805386506 0.14220363045866424 -0.18841805482173668 -2.2200160707746242 -0.32823611842468381 0.17022949855807903 2.8141153335571292 0.24221216113916758 -0.50482413414865712
leaf_weight=4.0000000000000027 53 2.9999999999999991 4 2.9999999999999991 102 3.9999999999999991 260 972 44 185 374 6.9999999999999973 24 56 2.9999999999999991 58 5.0000000000000009
leaf_count=4 53 3 4 3 102 4 260 972 44 185 374 7 24 56 3 58 5
internal_value=0.00963126 0.0538897 1.89507 -0.125216 0.0459339 0.268568 0.220471 -0.00822962 0.251549 -0.0410107 -0.109496 -0.492435 -0.0583272 -0.0782991 0.304664 -0.130602 -1.50535
internal_weight=2161 1627 7 534 1620 317 313 1303 146 1157 531 40 28 491 59 432 12
internal_count=2161 1627 7 534 1620 317 313 1303 146 1157 531 40 28 491 59 432 12
is_linear=0
shrinkage=0.05


Tree=97
num_leaves=24
num_cat=0
split_feature=6 14 17 11 3 3 17 3 18 2 3 11 1 0 11 1 17 3 0 1 2 14 11
split_gain=5977.76 22331.1 104810 5240.84 3919.5 8652.41 4342.75 3588.13 5450.32 6165.68 5533.1 5326.09 5214.78 5195.57 4452.48 4206.4 6201.4 3106.74 2643.8 2326.43 2345.76 870.646 864.465
threshold=1.5000000000000002 229.03500000000003 75.216986319453412 119.50000000000001 0.85708193043210879 0.86005244128357228 110.1602535743698 0.56570994330643221 28094.495000000006 14949.115000000002 0.61814403559479802 220.38500000000002 21529.310000000005 36771.900000000009 269.50000000000006 20306.510000000006 116.50180424930544 0.55065387518197906 38795.250000000007 28185.810000000005 14737.675000000001 282.24000000000007 15.130000000000001
decision_type=2 8 2 8 2 2 2 2 10 2 2 8 2 2 10 2 2 2 2 2 2 8 8
left_child=1 2 -1 -3 6 -6 -5 15 9 11 14 -9 -12 -11 -10 18 17 -17 21 20 -4 -2 -18
right_child=7 3 19 4 5 -7 -8 8 10 13 12 -13 -14 -15 -16 16 22 -19 -20 -21 -22 -23 -24
leaf_value=10.513218895594267 -0.10614206521261123 -1.7197221718728544 1.4172012615203862 0.65781765526685965 -2.8740023454030323 -0.038106213624660788 -0.39741925276242773 -0.12473552022968476 -1.1404088323766535 2.9444508870442707 0.74670411018948812 0.12602915781058424 -0.093532952091612692 0.61806960105896003 0.13202339634299279 -0.57934300899505586 -2.2785767078399668 1.3912977854410804 1.1370019704103471 -0.64995141983032223 -0.20729238055646415 -0.36042861390945524 -1.3571493966238837
leaf_weight=3.0000000000000027 155 3.9999999999999991 4.9999999999999982 39 3.0000000000000027 26 12.999999999999998 283 22 2.9999999999999991 19 841 657 11.999999999999998 9.9999999999999982 6.0000000000000018 3.9999999999999973 3 3.9999999999999991 4.9999999999999991 4 43 7.0000000000000009
leaf_count=3 155 4 5 39 3 26 13 283 22 3 19 841 657 12 10 6 4 3 4 5 4 43 7
internal_value=0.00420663 0.377878 2.03216 0.047021 0.134268 -0.331475 0.394008 -0.014215 0.0086129 0.0763306 -0.100328 0.0628918 -0.0699168 1.08335 -0.742774 -0.204139 -0.895826 0.0775373 -0.135656 0.214791 0.695204 -0.161366 -1.69221
internal_weight=2171 102 17 85 81 29 52 2069 1847 1139 708 1124 676 15 32 222 20 9 202 14 9 198 11
internal_count=2171 102 17 85 81 29 52 2069 1847 1139 708 1124 676 15 32 222 20 9 202 14 9 198 11
is_linear=0
shrinkage=0.05


Tree=98
num_leaves=25
num_cat=0
split_feature=3 18 18 13 11 15 5 0 17 0 15 18 7 0 14 6 14 1 4 17 17 18 1 11
split_gain=4436.5 4799.65 8603.48 39393.4 4964.92 4791.39 5916.76 4445.76 4239.52 4154.02 6482.34 5059.71 3212.83 4575.01 1394.83 1138.56 669.877 397.877 383.227 328.402 247.083 149.683 125.746 49.802
threshold=0.55065387518197906 28094.495000000006 27945.720000000005 291.50000000000006 282.24000000000007 266.10666666666674 1.0000000180025095e-35 38845.950000000004 296.62200067587719 33435.900000000009 256.72833333333341 21339.330000000005 1.5000000000000002 39995.650000000009 132.21500000000003 2.5000000000000004 290.06000000000006 20790.460000000003 42910.000000000007 41.381141957571053 53.156991746134842 23250.314999999999 21297.140000000003 286.01000000000005
decision_type=2 10 10 10 10 2 2 2 2 2 2 10 2 2 8 2 8 2 2 2 2 10 2 8
left_child=7 2 9 19 12 6 -6 16 -7 11 -11 -2 -3 -14 -9 -16 17 18 -1 -4 23 -22 -17 -18
right_child=1 4 3 -5 5 8 -8 14 -10 10 -12 -13 13 -15 15 22 20 -19 -20 -21 21 -23 -24 -25
leaf_value=-0.14050693803625863 0.1597863473255059 0.92413593411445627 0.30946251749992376 6.3943994283676151 -2.3490589022636414 0.067689691314643072 -0.33218635302037003 -2.1102747281392431 -0.46138396110476521 0.033423973774680725 0.43485443279510588 -0.10371508127800665 -0.32611078174159969 -2.2971243222554523 -0.07004333337148029 -1.0341238021850583 -0.43519623279571507 -0.70244915882746384 0.2398295675005232 -0.19464141896792819 -0.45168694191508829 -0.81928737759590153 -1.4919198989868161 -0.20292011827230452
leaf_weight=123 290 4.9999999999999991 5.9999999999999982 2.9999999999999991 3.9999999999999991 495 40 2.9999999999999973 41 260 164 490 158 2.9999999999999991 3 3 3.0000000000000009 2.9999999999999991 6.9999999999999991 7 8.9999999999999982 3.9999999999999991 3 10
leaf_count=123 290 5 6 3 4 495 40 3 41 260 164 490 158 3 3 3 3 3 7 7 9 4 3 10
internal_value=-0.00430315 0.0169437 0.078034 1.22984 -0.0829628 -0.0139552 -0.515538 -0.24858 0.0272195 0.0627276 0.188694 -0.0057466 -0.324073 -0.362838 -1.17659 -0.865362 -0.178541 -0.133165 -0.120027 0.0380219 -0.410659 -0.564795 -1.26302 -0.256522
internal_weight=2137 1966 1220 16 746 580 44 171 536 1204 424 780 166 161 12 9 159 133 130 13 26 13 6 13
internal_count=2137 1966 1220 16 746 580 44 171 536 1204 424 780 166 161 12 9 159 133 130 13 26 13 6 13
is_linear=0
shrinkage=0.05


Tree=99
num_leaves=26
num_cat=0
split_feature=5 17 1 16 17 11 18 18 18 16 15 11 1 11 11 18 13 14 2 3 2 1 12 3 15
split_gain=3874.76 4648.93 7652.2 13108.7 74607.8 8176.09 3394.53 55500.5 5071.01 3256.48 14305.3 13721.5 10890 3727.6 1937.8 2158.16 3650.17 8048.96 3010.87 1881.14 8981.61 1594.96 1495.84 1297.93 550.231
threshold=2.5000000000000004 148.22440988237682 30530.840000000007 268.3528571428572 61.170534814209887 231.00000000000003 21339.330000000005 21268.350000000002 22153.585000000003 406.89357142857153 549.08333333333337 1027.0000000000002 33588.250000000007 1110.5000000000002 1002.0000000000001 28198.140000000003 200.50000000000003 270.50000000000006 6362.8450000000012 0.56570994330643221 15353.480000000001 32692.710000000003 264.50000000000006 0.56068100712559821 527.71833333333348
decision_type=2 2 2 2 2 10 8 8 8 2 2 8 2 8 10 10 8 8 2 2 2 2 10 2 2
left_child=1 2 6 4 -4 -5 7 -1 -8 10 11 -3 -12 21 15 19 17 -17 -18 23 -21 -11 -15 -2 -16
right_child=14 9 3 5 -6 -7 8 -9 -10 13 12 -13 -14 22 24 16 18 -19 -20 20 -22 -23 -24 -25 -26
leaf_value=0.11432258467193833 -0.1719516489308241 -0.32090143449604513 6.8181324243545536 -2.1509029209613799 0.47988141312872856 0.14828566099549165 -0.49887467837508992 6.9572836875915529 0.020493697463993439 0.011392725649214275 -4.2596340179443359 3.1204561710357668 -0.2745096087455749 0.46266142527262377 1.1372538268566132 -1.3640845298767088 -0.32419024528324852 1.4729843457539877 0.034843525969024215 -0.012039011020706206 2.3664463281631472 -1.0136588573455811 2.0416040182113639 -0.77379195034503945 0.24147489070892325
leaf_weight=241 86 84 4.9999999999999991 3.9999999999999991 65 116 51 2.9999999999999991 599 74 3.9999999999999991 2.9999999999999991 3 2.9999999999999991 3.9999999999999991 15.000000000000002 122 2.9999999999999991 112 514 3.9999999999999991 3.9999999999999991 3 9.9999999999999982 3
leaf_count=241 86 84 5 4 65 116 51 3 599 74 4 3 3 3 4 15 122 3 112 514 4 4 3 10 3
internal_value=0.00576879 0.0617924 0.10068 0.388845 0.932614 0.071646 0.039437 0.198457 -0.0202567 -0.175029 -0.377196 -0.202234 -2.55172 0.051205 -0.0752184 -0.0819158 -0.205123 -0.89124 -0.152345 -0.0313486 0.00632767 -0.041174 1.25213 -0.234643 0.753349
internal_weight=2135 1262 1084 190 70 120 894 244 650 178 94 87 7 84 873 866 252 18 234 614 518 78 6 96 7
internal_count=2135 1262 1084 190 70 120 894 244 650 178 94 87 7 84 873 866 252 18 234 614 518 78 6 96 7
is_linear=0
shrinkage=0.05


Tree=100
num_leaves=18
num_cat=0
split_feature=1 18 14 6 16 1 16 8 15 14 15 14 15 18 14 12 13
split_gain=5011.36 12946.9 4545.74 4152.52 19318.9 88877.7 7818.16 6010.79 3182.78 23616.8 3720.19 71111.1 7495.68 2950.23 2632.6 2308.25 2048.15
threshold=36487.450000000012 26045.065000000006 329.50000000000006 1.5000000000000002 261.57142857142861 31678.030000000002 243.5178571428572 2.5000000000000004 322.50000000000006 1.0000000180025095e-35 314.63333333333338 13.680000000000001 312.60000000000008 31943.725000000002 376.50000000000006 248.80000000000004 308.50000000000006
decision_type=2 8 10 2 2 2 2 2 2 10 2 10 2 10 8 10 10
left_child=3 -2 -3 4 5 6 -1 13 10 -10 12 -12 -5 -6 -9 -11 -4
right_child=1 2 16 8 7 -7 -8 14 9 15 11 -13 -14 -15 -16 -17 -18
leaf_value=0.90530244065448595 3.8640324274698923 -1.5094654560089107 -0.17075804074605302 -0.038213177139512708 -1.4651301927036704 9.645452054341634 -1.6471736401319506 -0.015057720275635414 3.9629524230957034 0.49861114015181862 -6.1485045337677002 -0.0086810513074139523 0.75920849025249482 -0.18488990995619034 0.63777018309287403 0.029322630615122077 1.5575006842613217
leaf_weight=12.000000000000005 2.9999999999999973 3 3 1667 9.0000000000000018 2.9999999999999991 3.9999999999999991 47 3.9999999999999991 30 4.9999999999999991 83 30 8.9999999999999982 23 207 4
leaf_count=12 3 3 3 1667 9 3 4 47 4 30 5 83 30 9 23 207 4
internal_value=0.00447125 0.983187 0.118933 -0.00149373 0.302076 1.74796 0.267183 -0.0101043 -0.0175263 0.153029 -0.0405536 -0.357535 -0.0241162 -0.82501 0.199443 0.0887262 0.816818
internal_weight=2146 13 10 2133 107 19 16 88 2026 241 1785 88 1697 18 70 237 7
internal_count=2146 13 10 2133 107 19 16 88 2026 241 1785 88 1697 18 70 237 7
is_linear=0
shrinkage=0.05


Tree=101
num_leaves=21
num_cat=0
split_feature=13 12 6 2 3 2 11 12 16 0 11 1 11 3 2 12 16 12 2 16
split_gain=3657.18 4505.44 7144.73 8314.27 32689.2 17246.1 4769.19 3685.03 4075.55 3515.61 8871.35 5886.19 2860.8 2371.61 2155.46 1496.54 3741.6 1703.94 1213.03 1133.78
threshold=255.50000000000003 296.04500000000002 6.5000000000000009 4550.8100000000004 0.86953124561049833 4669.0150000000003 219.50000000000003 373.00000000000006 377.08571428571435 38481.05000000001 249.88500000000002 33860.44000000001 1014.0000000000001 0.92832395973815274 11832.910000000002 268.50000000000006 229.35714285714289 384.00000000000006 1965.8250000000003 282.21428571428578
decision_type=10 10 2 2 2 2 10 10 2 2 10 2 10 2 2 8 2 10 2 2
left_child=12 2 3 4 -2 -5 -3 8 -8 11 -11 -4 13 15 -9 16 -1 -17 -15 -20
right_child=1 6 9 5 -6 -7 7 14 -10 10 -12 -13 -14 18 -16 17 -18 -19 19 -21
leaf_value=-0.058905329103188603 5.9897172292073577 -2.0473402659098308 0.023628936720889632 -3.5593075037002566 0.6161253895759583 0.2689318319684581 -0.068137693231732674 0.18724426184829912 -0.66292271383347057 -3.1315732955932618 0.46528364680707446 0.99654743187129502 -1.6250641743342085 -1.4800783793131493 1.5484714190165203 0.076814024589266491 -0.46075343248872636 -0.24522137724015181 -0.56300050346624275 0.35546737909317017
leaf_weight=391 2.9999999999999991 2.9999999999999991 548 2.9999999999999991 50 152 406 95 31 2.9999999999999991 4 15.999999999999998 2.9999999999999991 3.0000000000000027 2.9999999999999991 254 68 49 21.000000000000004 3.9999999999999991
leaf_count=391 3 3 548 3 50 152 406 95 31 3 4 16 3 3 3 254 68 49 21 4
internal_value=0.000865966 0.0519454 0.1288 0.379688 0.920291 0.194837 -0.0593363 -0.0481886 -0.110331 0.0374078 -1.07623 0.0512295 -0.0839658 -0.0781135 0.228914 -0.061507 -0.118438 0.0247357 -0.530049 -0.416046
internal_weight=2110 1317 779 208 53 155 538 535 437 571 7 564 793 790 98 762 459 303 28 25
internal_count=2110 1317 779 208 53 155 538 535 437 571 7 564 793 790 98 762 459 303 28 25
is_linear=0
shrinkage=0.05


Tree=102
num_leaves=21
num_cat=0
split_feature=3 18 11 0 0 18 16 15 16 4 0 0 13 11 0 11 13 1 14 6
split_gain=3254.74 4353.47 23771.6 4662.36 16169.2 22868.1 5165.78 4191.08 16712.3 3475.2 3173.52 6815.99 3054.44 3740.91 3284.51 1231.76 1863.23 1165.94 987.572 31.467
threshold=0.55065387518197906 21435.890000000003 309.50000000000006 37660.100000000013 37709.100000000013 25664.620000000006 383.40000000000003 322.50000000000006 305.4285714285715 33305.000000000007 38845.950000000004 38591.80000000001 14.840000000000002 278.50000000000006 32323.800000000003 209.96000000000001 119.50000000000001 20790.460000000003 290.06000000000006 5.5000000000000009
decision_type=2 8 8 2 2 10 2 2 2 2 2 2 10 10 2 10 8 2 8 2
left_child=10 2 12 7 5 -5 -6 9 -9 -3 11 17 14 -14 -2 16 19 18 -1 -12
right_child=1 3 -4 4 6 -7 -8 8 -10 -11 15 -13 13 -15 -16 -17 -18 -19 -20 -21
leaf_value=-0.11426699242488605 0.34519965674566183 0.18980127677321434 3.5912449598312381 -0.3339247226715088 0.2220768768954626 5.8396847009658801 -0.46514248829334975 2.0487836360931397 0.046734100651351654 -0.11891677017436249 -1.2567516962687184 2.2151950697104139 -0.0088786444469859099 0.35022020033959833 1.658804178237915 -1.6880586713552477 0.38386942148208597 -1.1670675277709961 -0.45249658788626013 -1.027742830912272
leaf_weight=127 23.000000000000004 100 4.9999999999999991 2.9999999999999991 188 3 32 10.999999999999998 199 1031 2.9999999999999973 2.9999999999999991 279 98 5.9999999999999991 3.9999999999999991 3.0000000000000009 2.9999999999999991 26 3
leaf_count=127 23 100 5 3 188 3 32 11 199 1031 3 3 279 98 6 4 3 3 26 3
internal_value=0.00172249 0.0198634 0.164703 -0.0181258 0.191961 2.75288 0.122118 -0.053532 0.151603 -0.0916207 -0.206899 -0.145487 0.122505 0.084468 0.61698 -0.958008 -0.633542 -0.190885 -0.171744 -1.14225
internal_weight=2150 1978 411 1567 226 6 220 1341 210 1131 172 159 406 377 29 13 9 156 153 6
internal_count=2150 1978 411 1567 226 6 220 1341 210 1131 172 159 406 377 29 13 9 156 153 6
is_linear=0
shrinkage=0.05


Tree=103
num_leaves=14
num_cat=0
split_feature=11 17 11 11 1 3 0 6 12 12 6 18 17
split_gain=8125.94 52732.5 10692.5 3921.91 8339.45 7745.83 7777.48 4072.11 5684.86 3758.52 7682.57 3245.69 3224.82
threshold=1115.5000000000002 298.5659591873623 1160.0000000000002 235.50000000000003 33473.290000000001 0.95075228228698749 39048.55000000001 2.5000000000000004 291.50000000000006 299.01000000000005 1.5000000000000002 19884.825000000004 130.71058768772789
decision_type=10 2 8 8 2 2 2 2 8 8 2 10 2
left_child=3 -2 -3 4 7 9 -7 8 -1 10 -5 -11 -9
right_child=1 2 -4 5 -6 6 -8 12 -10 11 -12 -13 -14
leaf_value=-0.36532874067087434 7.0112294514973961 -3.1218435923258467 0.65394845247268663 0.80728575959284277 -2.7501398921012878 3.6187539418538415 0.25094125270843504 -0.11299225781798022 -2.161587314605713 0.22681164025183184 0.062605654447352735 -0.10796074740575526 0.28391377839805754
leaf_weight=37 2.9999999999999991 2.9999999999999991 5.0000000000000009 36 2.9999999999999991 2.9999999999999991 4 435 4.9999999999999991 83 913 567 58
leaf_count=37 3 3 5 36 3 3 4 435 5 83 913 567 58
internal_value=0.00249218 1.35799 -0.761974 -0.00446234 -0.121301 0.034678 1.69429 -0.10656 -0.579169 0.0274127 0.0908548 -0.0652129 -0.0662974
internal_weight=2155 11 8 2144 538 1606 7 535 42 1599 949 650 493
internal_count=2155 11 8 2144 538 1606 7 535 42 1599 949 650 493
is_linear=0
shrinkage=0.05


Tree=104
num_leaves=15
num_cat=0
split_feature=15 2 16 16 12 2 0 2 14 7 1 4 16 0
split_gain=3682.34 6439.44 4874.32 18442.4 22984.9 12011.2 4163.74 4141.23 3645.31 3505.13 3109.08 3028.34 2865.66 643.608
threshold=261.83333333333343 1909.9650000000004 258.54142857142864 252.85428571428574 331.00000000000006 12109.665000000003 39995.650000000009 2687.0100000000007 1010.5000000000001 1.5000000000000002 37020.420000000006 28185.000000000004 285.47714285714295 30687.750000000004
decision_type=2 2 2 2 10 2 2 2 10 2 2 2 2 2
left_child=1 -1 3 5 -5 7 8 -2 9 -3 11 13 -13 -4
right_child=2 6 10 4 -6 -7 -8 -9 -10 -11 -12 12 -14 -15
leaf_value=-2.425333086649577 1.1890473018993031 0.10654214221963101 0.32286129506925743 6.1422847827275602 0.35266478061676021 -2.9367373545964561 -1.5409929537773133 0.15872028172882491 -1.597453272342682 -0.1540664173870058 1.2466206741333008 -0.1580178893032399 0.02380994818047593 0.80029680252075197
leaf_weight=2.9999999999999991 10.999999999999998 177 24 2.9999999999999991 4 2.9999999999999991 4.9999999999999991 86 3.9999999999999991 476 4.9999999999999991 275 1022 9.9999999999999982
leaf_count=3 11 177 24 3 4 3 5 86 4 476 5 275 1022 10
internal_value=-0.0167116 -0.114058 0.0281499 0.352867 2.83393 0.179193 -0.103584 0.275561 -0.0926445 -0.0834267 0.00214341 -0.00253157 -0.0147426 0.463284
internal_weight=2108 665 1443 107 7 100 662 97 657 653 1336 1331 1297 34
internal_count=2108 665 1443 107 7 100 662 97 657 653 1336 1331 1297 34
is_linear=0
shrinkage=0.05


Tree=105
num_leaves=24
num_cat=0
split_feature=6 14 3 1 15 17 3 13 6 0 7 3 3 1 18 3 3 0 0 13 8 14 15
split_gain=4537.94 7652.05 51965 113015 21813.5 3608.04 8789.12 5408.11 5320.79 21814.6 5224.75 3982.14 1994.66 6717.7 3144.76 13024.3 8628.03 3632.14 2358.46 977.569 731.186 443.274 104.487
threshold=9.5000000000000018 inf 0.85956825771658785 28023.555000000004 313.40000000000003 244.36942159392279 0.92230444861764904 314.00000000000006 1.5000000000000002 40189.600000000006 2.5000000000000004 0.82679858495763592 0.56570994330643221 20393.935000000005 25815.825000000004 0.94376973728752434 0.94872854792453343 28230.700000000004 33990.950000000004 250.02000000000001 4.5000000000000009 218.50000000000003 298.83333333333343
decision_type=2 8 2 2 2 2 2 10 2 2 2 2 2 2 10 2 2 2 2 10 2 8 2
left_child=1 5 4 -4 19 8 7 -7 9 -1 -8 -10 13 20 16 18 17 -14 -16 -3 21 -2 -22
right_child=12 2 3 -5 -6 6 10 -9 11 -11 -12 -13 14 -15 15 -17 -18 -19 -20 -21 22 -23 -24
leaf_value=0.28558346906469928 -0.10260163401501216 0.10483782595166793 12.051087522506711 -0.22436891078948973 -4.1055730024973549 -0.51365252159709163 2.7159849405288696 0.17853494918062573 -0.051060071126460195 4.0792042732238771 -0.044344809651374807 0.19005614631270107 -0.59876455949111429 -2.0508415985107424 -0.004121976156089017 -3.4117838859558107 2.719059689839681 0.05780804412383022 -0.21233826282858739 0.58418172531657753 0.36145698924859371 -0.30765814900398258 0.031547376140952106
leaf_weight=72 47 26 3 5 2.9999999999999991 86 3.9999999999999991 42 429 3.9999999999999991 3 285 22 4.9999999999999991 272 2.9999999999999991 2.9999999999999991 495 272 18 5.9999999999999982 60 4
leaf_count=72 47 26 3 5 3 86 4 42 429 4 3 285 22 5 272 3 3 495 272 18 6 60 4
internal_value=0.00110504 0.0807664 0.653741 4.37893 0.0196667 0.0466976 -0.192183 -0.286529 0.0875191 0.485248 1.53299 0.0451838 -0.0645536 -0.256074 -0.0426553 -0.126348 0.0453833 0.0298688 -0.10823 0.300933 -0.179375 -0.217587 0.229493
internal_weight=2169 980 55 8 47 925 135 128 790 76 7 714 1189 122 1067 547 520 517 544 44 117 107 10
internal_count=2169 980 55 8 47 925 135 128 790 76 7 714 1189 122 1067 547 520 517 544 44 117 107 10
is_linear=0
shrinkage=0.05


Tree=106
num_leaves=19
num_cat=0
split_feature=0 7 11 17 13 18 1 1 11 14 11 18 2 16 3 11 11 1
split_gain=5027.21 18645.6 3030.76 13373 5209.75 2627.64 6049.82 27615 3460.69 2781.76 4599.11 2570.49 2471.18 1789.68 1069.13 931.357 246.378 111.895
threshold=39882.750000000007 5.5000000000000009 1115.5000000000002 298.5659591873623 288.63500000000005 28581.665000000005 31678.030000000002 31743.855000000003 278.50000000000006 349.50000000000006 398.20000000000005 28722.430000000004 7063.3100000000004 257.71428571428572 0.87849626940544667 219.50000000000003 299.51000000000005 32779.180000000008
decision_type=2 2 10 2 10 10 2 2 8 10 8 10 2 2 2 10 10 2
left_child=2 12 5 -4 -5 6 8 -8 -1 11 -11 -7 13 16 -15 -14 -2 -17
right_child=1 -3 3 4 -6 9 7 -9 -10 10 -12 -13 15 14 -16 17 -18 -19
leaf_value=-0.049625315861559882 0.97984464963277063 4.37488405307134 3.1354918479919442 -2.0636827349662776 0.69268364310264574 -0.67639515252783899 5.1946131626764931 0.27901424239079159 0.11338105341321825 0.11003160949160413 1.7162663650512695 -0.099337257095697254 0.14930917859077458 -0.11636610822752121 0.72976236343383782 -0.55875002543131502 1.6206484953562414 -0.9905968348185219
leaf_weight=860 3.0000000000000027 2.9999999999999991 3.9999999999999982 3 4 20 2.9999999999999991 60 524 41 4.9999999999999991 550 4.9999999999999982 7.9999999999999982 7 3 3 3
leaf_count=860 3 3 4 3 4 20 3 60 524 41 5 550 5 8 7 3 3 3
internal_value=0.0115275 0.605773 0.00149927 0.829241 -0.488616 -0.00291429 0.0339037 0.51309 0.012091 -0.0894006 0.284622 -0.119585 0.252419 0.570423 0.278494 -0.354681 1.30025 -0.774673
internal_weight=2109 35 2074 11 7 2063 1447 63 1384 616 46 570 32 21 15 11 6 6
internal_count=2109 35 2074 11 7 2063 1447 63 1384 616 46 570 32 21 15 11 6 6
is_linear=0
shrinkage=0.05


Tree=107
num_leaves=17
num_cat=0
split_feature=11 17 11 0 0 11 14 16 4 4 4 4 7 16 2 1
split_gain=6464.08 44702.5 8563.59 2724.07 7484.38 26500.5 2719.4 4542.69 2604.68 4217.25 5617.62 5594.53 3479.39 2488.14 991.508 760.529
threshold=1115.5000000000002 298.5659591873623 1160.0000000000002 37660.100000000013 37709.100000000013 233.50000000000003 1.0000000180025095e-35 188.02214285714288 47710.000000000007 43672.500000000007 42977.500000000007 44810.000000000007 1.5000000000000002 391.6028571428572 9736.6500000000033 23139.670000000002
decision_type=10 2 8 2 2 10 10 2 2 2 2 2 2 2 2 2
left_child=3 -2 -3 8 5 -5 7 -6 9 10 -1 -11 14 -8 -10 -14
right_child=1 2 -4 4 6 -7 13 -9 12 11 -12 -13 15 -15 -16 -17
leaf_value=-0.024548421835344086 6.4207310358683278 -2.8481189727783205 0.5309519946575163 -0.5743386149406432 -0.12464075128619488 5.3699019372463219 0.18722432213129872 -2.283152262369792 -0.1664318685730298 0.4898816000627978 -0.57466005782286333 0.023759282502261076 -0.77206633567810057 -0.42310606340567275 0.42031638642979996 -0.37192705392576103
leaf_weight=1399 2.9999999999999991 2.9999999999999991 5.0000000000000009 5 12.999999999999998 3 231 2.9999999999999991 12.000000000000002 91 48 220 14.999999999999998 18 18 57
leaf_count=1399 3 3 5 5 13 3 231 3 12 91 48 220 15 18 18 57
internal_value=0.00673542 1.21569 -0.7362 0.000500775 0.14799 1.65475 0.102502 -0.529362 -0.0211468 -0.00689457 -0.0427968 0.160149 -0.266787 0.143104 0.185617 -0.455289
internal_weight=2144 11 8 2133 273 8 265 16 1860 1758 1447 311 102 249 30 72
internal_count=2144 11 8 2133 273 8 265 16 1860 1758 1447 311 102 249 30 72
is_linear=0
shrinkage=0.05


Tree=108
num_leaves=19
num_cat=0
split_feature=18 11 18 11 11 17 2 11 13 14 13 18 4 4 3 17 7 14
split_gain=2575.58 12213.9 2980.19 20463.9 4874.15 3047.34 12319.6 2831.85 5942.81 3422.98 3362.87 2628.91 5085.17 4520.74 2608.95 2355.77 2282.9 1576.13
threshold=21485.870000000006 309.50000000000006 32048.085000000003 284.05500000000006 1115.5000000000002 102.09023749727501 2803.7750000000001 278.50000000000006 275.99000000000007 329.50000000000006 300.50000000000006 28382.735000000004 43067.500000000007 42910.000000000007 0.57542121257369749 50.938736344993167 4.5000000000000009 284.57000000000005
decision_type=10 10 10 10 8 2 2 10 10 10 10 10 2 2 2 2 2 10
left_child=1 7 4 -4 11 17 -7 10 15 -10 14 13 -13 -2 -1 -9 -12 -5
right_child=2 -3 3 5 -6 6 -8 8 9 -11 16 12 -14 -15 -16 -17 -18 -19
leaf_value=-0.12436566505472638 -0.086667776308022443 2.5456952571868898 3.2887062358856198 0.3110501914341493 -1.6269071221351625 2.9464512109756473 -0.32028692350477767 0.24202599672334535 0.60451991940156014 2.1403537750244142 -0.4623024291883816 -0.027202271294814569 -0.37443419927626853 0.1572949794265959 0.17862915801022641 -0.39346235013008118 0.0095758882739270731 -0.023374521006189752
leaf_weight=103 640 4.9999999999999991 4.9999999999999991 95 4.9999999999999991 2.9999999999999991 76 35 39 3.9999999999999991 55 270 173 270 229 25 48 56
leaf_count=103 640 5 5 95 5 3 76 35 39 4 55 270 173 270 229 25 48 56
internal_value=-0.00816582 0.0858747 -0.040221 0.124178 -0.0686701 0.0553841 -0.196234 0.0630139 0.298758 0.747388 0.00719408 -0.0629116 -0.162803 -0.0142832 0.0846278 -0.0227608 -0.242398 0.187025
internal_weight=2136 543 1593 235 1358 230 79 538 103 43 435 1353 443 910 332 60 103 151
internal_count=2136 543 1593 235 1358 230 79 538 103 43 435 1353 443 910 332 60 103 151
is_linear=0
shrinkage=0.05


Tree=109
num_leaves=16
num_cat=0
split_feature=11 17 11 18 18 18 4 11 18 3 11 6 18 0 4
split_gain=4762.72 6129.31 2831.01 5497.73 38436.1 19402.1 18324.6 6143.73 5029.49 3992.7 9268.53 6981.9 3185.11 4896.77 2993.33
threshold=1115.5000000000002 299.28938837327331 282.24000000000007 21339.330000000005 21086.580000000002 21997.590000000004 35692.500000000007 309.50000000000006 22411.365000000002 0.91425500924014902 233.50000000000003 13.500000000000002 28382.735000000004 39995.650000000009 41785.000000000007
decision_type=10 2 8 8 8 8 2 8 10 2 10 2 10 2 2
left_child=2 -2 9 4 7 6 -5 -4 -7 12 -11 -12 14 -14 -1
right_child=1 -3 3 5 -6 8 -8 -9 -10 10 11 -13 13 -15 -16
leaf_value=-0.12228251933959369 2.60835943222046 -0.017565068602561948 0.3314909836327708 -5.5718714396158857 6.010273668169976 0.82812263583764434 -0.045476345221201565 -1.9766108989715576 0.025907487816113461 -2.4175950129826864 0.87874046422933283 -0.12365503404289485 -0.26264991929056125 -2.3062448183695476 0.053536987899148715
leaf_weight=566 3.9999999999999982 5 74 2.9999999999999991 2.9999999999999991 20 3 2.9999999999999991 846 2.9999999999999991 38 32 128 2.9999999999999991 423
leaf_count=566 4 5 74 3 3 20 3 3 846 3 38 32 128 3 423
internal_value=0.00171021 1.14951 -0.00310575 0.0611969 0.457892 0.0248029 -2.80867 0.241565 0.0444344 -0.0544185 0.303868 0.420503 -0.0777711 -0.30945 -0.0470837
internal_weight=2154 9 2145 952 80 872 6 77 866 1193 73 70 1120 131 989
internal_count=2154 9 2145 952 80 872 6 77 866 1193 73 70 1120 131 989
is_linear=0
shrinkage=0.05


Tree=110
num_leaves=16
num_cat=0
split_feature=11 17 11 3 16 6 1 3 3 17 18 1 1 18 1
split_gain=3872.26 15706.5 3446.52 5997.48 5411.25 27344.5 54583.6 7864.77 4482.08 3425.16 3333.19 3221.26 2785.07 6739.05 2897.64
threshold=1115.5000000000002 299.28938837327331 235.50000000000003 0.93466514941546419 257.71428571428572 1.5000000000000002 31678.030000000002 0.88899983676483252 0.95075228228698749 39.637128820964357 21339.330000000005 32342.155000000002 22312.280000000002 22803.655000000002 22794.790000000005
decision_type=10 2 8 2 2 2 2 2 2 2 8 2 2 10 2
left_child=2 -2 3 12 5 6 -4 -7 10 -10 -6 -3 13 -1 -14
right_child=1 11 4 -5 8 7 -8 -9 9 -11 -12 -13 14 -15 -16
leaf_value=-0.071055029612734799 3.9893622080485041 -1.6000966489315029 0.19649995168050136 -2.342550826072693 0.15494742633009725 0.051194633866349863 8.4566162745157865 0.9860012004375458 2.5507840832074482 0.16151696046193437 -0.050345531529742721 0.7169633865356444 0.71410351349757273 -0.74708728106582867 -0.046518274040564023
leaf_weight=133 2.9999999999999982 3 5.9999999999999982 2.9999999999999991 241 225 3 25 2.9999999999999991 3 1101 3 12.999999999999998 51 340
leaf_count=133 3 3 6 3 241 225 3 25 3 3 1101 3 13 51 340
internal_value=0.000451239 1.03541 -0.0038872 -0.113171 0.0328354 0.242153 2.94987 0.144675 -0.00738219 1.35615 -0.0134785 -0.441567 -0.100716 -0.258434 -0.0185067
internal_weight=2156 9 2147 540 1607 259 9 250 1348 6 1342 6 537 184 353
internal_count=2156 9 2147 540 1607 259 9 250 1348 6 1342 6 537 184 353
is_linear=0
shrinkage=0.05


Tree=111
num_leaves=25
num_cat=0
split_feature=18 15 15 0 0 18 1 1 11 11 2 11 1 15 1 4 11 6 12 16 0 18 3 6
split_gain=2454.62 4528.23 6882.2 19740.9 7819.2 5443.86 4458.89 11970.2 18958.6 11150.7 16607.6 13281.2 7869.56 27278.4 8835.9 40577.4 3315.39 4297.04 3534.26 3211.25 7499.45 3664.73 2025.49 524.084
threshold=28127.145000000004 195.15333333333334 234.16666666666671 39282.200000000004 36445.600000000006 30580.675000000003 27820.620000000006 27878.885000000006 285.63000000000005 333.50000000000006 4642.5600000000004 299.51000000000005 27633.810000000001 314.63333333333338 27535.250000000004 36349.500000000007 282.10000000000008 2.5000000000000004 250.02000000000001 180.95214285714289 37266.700000000004 28581.665000000005 0.57050737556497022 10.500000000000002
decision_type=10 2 2 2 2 8 2 2 10 10 2 10 2 2 2 2 10 2 8 2 2 10 2 2
left_child=6 5 3 4 -3 19 12 8 -8 11 -11 -9 14 23 22 -16 17 -4 -18 20 -2 -21 -1 -14
right_child=1 2 16 -5 -6 -7 7 9 -10 10 -12 -13 13 -15 15 -17 18 -19 -20 21 -22 -23 -24 -25
leaf_value=-0.14800163383934661 2.2958046277364068 0.67405410879536654 0.6064651173353196 4.5634203910827642 -1.7581969797611237 -2.636560694376628 -0.34351741671562186 0.12352683789945995 4.5245708920061585 -4.6327958106994629 0.62832372983296692 2.0679272214571638 -0.53584213786654966 -5.3894616762797041 6.4045238931973776 -0.046663586680705735 -0.25901949841263039 -0.49524929879547719 0.02732168914169137 0.38107936382293667 -0.39423419597901799 -1.3495893501318419 0.019842454503194013 -0.0099142523109912867
leaf_weight=239 3.0000000000000027 19.000000000000007 9.9999999999999982 2.9999999999999991 3.9999999999999991 2.9999999999999991 4 363 4 2.9999999999999991 3 8.9999999999999982 9.0000000000000053 2.9999999999999991 2.9999999999999991 12.999999999999998 140 77 468 4.0000000000000027 19 12.999999999999998 725 9.9999999999999982
leaf_count=239 3 19 10 3 4 3 4 363 4 3 3 9 9 3 3 13 140 77 468 4 19 13 725 10
internal_value=-0.00740199 -0.0794421 -0.0500433 0.748635 0.251054 -0.584121 0.0321993 0.176586 2.09053 0.13608 -2.00224 0.170569 -0.0234229 -0.958641 -0.00242823 1.16293 -0.0799219 -0.368615 -0.0386121 -0.426241 -0.0274107 -0.942373 -0.0217703 -0.259038
internal_weight=2151 763 721 26 23 42 1388 386 8 378 6 372 1002 22 980 16 695 87 608 39 22 17 964 19
internal_count=2151 763 721 26 23 42 1388 386 8 378 6 372 1002 22 980 16 695 87 608 39 22 17 964 19
is_linear=0
shrinkage=0.05


Tree=112
num_leaves=21
num_cat=0
split_feature=0 13 11 18 1 1 4 18 1 13 1 15 17 2 15 15 11 1 17 4
split_gain=3184.31 13088.7 3031.32 2776.58 5379.78 10467.7 17634 10598.6 5527.11 19497.6 7534.02 4919.34 5086.2 6348.43 3364.87 21438.9 10335.7 989.618 443.293 133.053
threshold=40189.600000000006 212.50000000000003 284.57000000000005 28127.145000000004 27820.620000000006 27878.885000000006 36767.500000000007 27945.720000000005 27633.810000000001 331.00000000000006 27535.250000000004 156.50000000000003 122.04358599082997 15071.420000000002 549.08333333333337 555.00000000000011 1095.5000000000002 33757.140000000007 104.27546230227797 47985.000000000007
decision_type=2 8 10 10 2 2 2 10 2 8 2 2 2 2 2 2 8 2 2 2
left_child=3 -2 -3 4 8 6 -6 -7 10 -10 -1 12 13 -5 16 -16 -13 18 -4 -19
right_child=1 2 17 11 5 7 -8 -9 9 -11 -12 14 -14 -15 15 -17 -18 19 -20 -21
leaf_value=-0.024920218727590208 2.8519245910644511 1.0800443840026848 -0.43167512118816376 -3.1991482257843025 5.0165731469790131 0.12470444199142579 0.16765679836273192 2.2430284639199574 -0.21582653538176888 -4.5532787005106607 1.0075579235951106 -0.059027929160994488 0.62346927324930812 -0.38213883638381951 -3.9929126739501921 -0.060894022194238812 2.4900098532438282 -0.15554013162851338 -1.235707887013753 0.23135077357292172
leaf_weight=960 5.0000000000000027 5.0000000000000027 3.9999999999999991 3.9999999999999982 3 372 5 5.9999999999999991 19.000000000000004 2.9999999999999991 18 684 3 4 4.0000000000000027 26 3.9999999999999991 4.9999999999999982 3 4
leaf_count=960 5 5 4 4 3 372 5 6 19 3 18 684 3 4 4 26 4 5 3 4
internal_value=0.00286658 0.552836 0.00543334 -0.00389427 0.0376539 0.196208 1.986 0.158329 -0.0235479 -0.807297 -0.00591755 -0.0828871 -1.13225 -1.79064 -0.0668105 -0.585163 -0.0442079 -0.330383 -0.776261 0.0164114
internal_weight=2141 26 21 2115 1386 386 8 378 1000 22 978 729 11 8 718 30 688 16 7 9
internal_count=2141 26 21 2115 1386 386 8 378 1000 22 978 729 11 8 718 30 688 16 7 9
is_linear=0
shrinkage=0.05


Tree=113
num_leaves=25
num_cat=0
split_feature=4 0 17 17 18 1 13 1 4 4 4 11 4 13 11 12 11 16 0 1 12 0 0 16
split_gain=2991.23 6798.27 105632 22066.5 2805.8 2666.55 3428.55 2684.95 2465.19 2355.45 13049.2 7773.13 8426.76 4604.29 2960.22 1851.75 1322.28 1237.54 897.149 470.082 338.139 337.914 285.265 195.558
threshold=35012.500000000007 32007.150000000005 37.364814778372683 39.390172227730822 31124.460000000006 27353.075000000008 295.43000000000006 26712.305000000004 48944.500000000007 43377.500000000007 43067.500000000007 314.00000000000006 44395.000000000007 294.44500000000005 269.50000000000006 245.22000000000003 240.50000000000003 293.58000000000004 31922.500000000004 28403.875000000004 114.50000000000001 38001.100000000013 37168.000000000007 136.92214285714289
decision_type=2 2 2 2 8 2 8 2 2 2 2 10 2 10 8 8 10 2 2 2 10 2 2 2
left_child=1 5 -3 -4 -5 7 18 15 9 10 14 13 -13 -11 -2 -1 21 -9 -7 -12 23 22 -10 -18
right_child=8 2 3 4 -6 6 -8 17 16 11 19 12 -14 -15 -16 -17 20 -19 -20 -21 -22 -23 -24 -25
leaf_value=0.43347665041995542 -0.11575424477120005 8.4521804809570309 -4.0555353562037153 0.25010558823123574 1.8029210726420086 -0.40405823985735562 -2.0776507099469503 1.1443529665470125 -0.23498480907744823 0.063847809250367801 -0.85385014216105048 -2.5242742419242861 -0.19456620694685531 0.39356063031836563 0.047135697312562938 -0.031959390328862733 -0.94602229595184351 -0.046452281872431424 0.52987311085065203 -1.5435447488512313 -1.3516179402669266 -0.60547417521476754 0.23182413727045059 -0.41199181874593088
leaf_weight=24 507 3.9999999999999991 2.9999999999999991 96 2.9999999999999991 18.000000000000007 2.9999999999999991 7.9999999999999982 18.000000000000007 349 3.0000000000000027 3.9999999999999991 131 152 620 195 3.9999999999999982 3 2.9999999999999991 13.999999999999998 3 4.9999999999999991 3.9999999999999991 3
leaf_count=24 507 4 3 96 3 18 3 8 18 349 3 4 131 152 620 195 4 3 3 14 3 5 4 3
internal_value=0.0136937 0.145365 0.481708 0.16914 0.297161 0.00500175 -0.496516 0.057334 -0.0123942 -0.00399754 -0.0468833 0.0731428 -0.263595 0.16388 -0.0261431 0.0190473 -0.416344 0.819588 -0.270639 -1.42183 -0.907492 -0.234437 -0.15011 -0.717152
internal_weight=2177 360 106 102 99 254 24 230 1817 1780 1144 636 135 501 1127 219 37 11 21 17 10 27 22 7
internal_count=2177 360 106 102 99 254 24 230 1817 1780 1144 636 135 501 1127 219 37 11 21 17 10 27 22 7
is_linear=0
shrinkage=0.05


Tree=114
num_leaves=16
num_cat=0
split_feature=3 0 6 11 14 1 11 17 0 1 11 3 11 3 2
split_gain=6519.52 6065.05 2184.7 3459.32 16822 139644 5319.96 9782.73 3516.92 2758.14 1592.44 1185.43 2815.66 1222.01 580.628
threshold=0.95075228228698749 39048.55000000001 11.500000000000002 331.00000000000006 inf 26964.485000000004 336.50000000000006 45.167190545418329 36857.600000000006 29567.815000000006 1002.0000000000001 0.91896301605946917 258.50000000000006 0.90188378930635749 2485.7100000000005
decision_type=2 2 2 8 8 2 8 2 2 2 10 2 10 2 2
left_child=2 -2 3 4 9 -6 7 -5 -8 -1 11 13 -13 -4 -12
right_child=1 -3 10 6 5 -7 8 -9 -10 -11 14 12 -14 -15 -16
leaf_value=-0.012484618320458905 3.2350346565246584 0.055660796165466299 -0.064489012395728018 -3.1892716884613046 0.12480969504852379 11.475515206654867 0.020131081034109665 0.12819312572479247 -0.53054516561631415 0.17517236886436449 1.1914315144220984 0.24499156773090364 -0.45126330413908333 0.20297096533907785 0.31156210422515862
leaf_weight=699 2.9999999999999991 3 838 3.9999999999999982 28.000000000000004 2.9999999999999991 134 5 37 272 3 20 53 45 5
leaf_count=699 3 3 838 4 28 3 134 5 37 272 3 20 53 45 5
internal_value=-0.000524352 1.64535 -0.00512604 0.0404337 0.076688 1.22327 -0.161382 -1.34624 -0.0990211 0.0400825 -0.0609887 -0.0668674 -0.260509 -0.0508585 0.641513
internal_weight=2152 6 2146 1182 1002 31 180 9 171 971 964 956 73 883 8
internal_count=2152 6 2146 1182 1002 31 180 9 171 971 964 956 73 883 8
is_linear=0
shrinkage=0.05


Tree=115
num_leaves=26
num_cat=0
split_feature=6 11 14 14 3 11 11 3 14 6 2 14 11 4 16 16 1 12 16 0 4 6 16 3 16
split_gain=1861.71 2498.49 20447.1 11431 5292.55 5869.28 2630.35 14481.8 4225.22 18252.1 2929.49 2541.69 1760.37 1881.17 1117.59 4557.65 3280.88 1348.03 1303.99 953.889 448.85 544.497 365.509 67.6657 47.4583
threshold=14.500000000000002 973.50000000000011 274.50000000000006 264.50000000000006 0.91896301605946917 1212.0000000000002 233.50000000000003 0.91321976830606333 229.03500000000003 1.5000000000000002 1909.9650000000004 397.50000000000006 376.50000000000006 45077.500000000007 180.95214285714289 177.57142857142858 27353.075000000008 212.50000000000003 185.05571428571432 37052.000000000007 34905.000000000007 18.500000000000004 398.42142857142863 0.84601486978238405 408.52857142857152
decision_type=2 10 10 10 2 10 10 2 8 2 2 10 10 2 2 2 2 10 2 2 2 2 2 2 2
left_child=1 6 3 -3 22 -6 7 11 9 -8 -10 -1 14 20 15 17 -17 -2 -16 -20 -14 -22 -4 24 -15
right_child=12 2 4 -5 5 -7 8 -9 10 -11 -12 -13 13 23 18 16 -18 -19 19 -21 21 -23 -24 -25 -26
leaf_value=-0.033998223636865908 -0.14146056853053046 -1.1054028594493859 -0.36846386705126072 -5.0094103495279931 3.2360917409261072 0.10845065315564471 2.280080139230598 -3.5426334698994957 1.5950992186864219 0.16594841919157288 0.030212139605622121 -0.99660058532442375 0.038368149598439448 -0.44553162455558787 -1.0239696264266969 2.5553534507751468 0.21694860061009719 0.21258833227911966 -0.14082522923158211 0.089507930308580397 0.50818134437907825 1.13746470451355 0.16335756157835324 -0.048962853352228788 -0.18245367606480911
leaf_weight=337 82 5.0000000000000018 7.0000000000000018 3 2.9999999999999991 3 10.999999999999998 2.9999999999999991 2.9999999999999991 142 960 6.9999999999999991 3.0000000000000062 3.9999999999999982 3.9999999999999991 2.9999999999999991 3 40 445 50 10.999999999999998 4.9999999999999991 6 3 3
leaf_count=337 82 5 7 3 3 3 11 3 3 142 960 7 3 4 4 3 3 40 445 50 11 5 6 3 3
internal_value=-0.00321468 0.0276861 -0.448916 -2.56941 0.443922 1.67227 0.0364819 -0.0837507 0.073866 0.317945 0.0350872 -0.0535861 -0.0734009 0.30745 -0.091016 0.0407865 1.38615 -0.025379 -0.124825 -0.117559 0.599601 0.704832 -0.123008 -0.247638 -0.332784
internal_weight=2146 1490 27 8 19 6 1463 347 1116 153 963 344 656 29 627 128 6 122 499 495 19 16 13 10 7
internal_count=2146 1490 27 8 19 6 1463 347 1116 153 963 344 656 29 627 128 6 122 499 495 19 16 13 10 7
is_linear=0
shrinkage=0.05


Tree=116
num_leaves=19
num_cat=0
split_feature=4 14 15 13 18 14 4 0 2 4 13 4 0 6 18 6 17 17
split_gain=1992.7 3553.28 14533.1 71912.3 17306.1 5169.05 2173.03 5520.08 4100.46 2910.15 9148.45 4739.75 2013.28 1088.7 624.514 623.282 274.094 259.198
threshold=28185.000000000004 1010.5000000000001 314.63333333333338 336.50000000000006 22702.765000000003 1042.0000000000002 48055.000000000007 40189.600000000006 4947.3950000000013 44065.000000000007 287.56 43067.500000000007 31117.150000000005 15.500000000000002 15297.885000000004 2.5000000000000004 44.089444092084669 51.262428156889591
decision_type=2 8 2 8 8 8 2 2 2 2 10 2 2 2 8 2 2 2
left_child=13 6 5 -4 -5 -3 9 8 -8 11 -11 -2 -7 15 -15 -1 -17 -18
right_child=1 2 3 4 -6 12 7 -9 -10 10 -12 -13 -14 14 -16 16 17 -19
leaf_value=1.2188503901163723 -0.019225842188817024 -2.1603445053100585 -8.6366824467976944 3.4430030186971035 -1.3606245851516718 -0.35245808159666403 0.49198449992320753 -2.023779881000519 -0.24025457450667115 -0.052397861142377683 0.44680542554976288 -0.52983884760674005 0.12620101468164033 -0.56752362847328219 0.27067550025880327 0.886615784962971 0.18416277236408651 0.57531352937221525
leaf_weight=3.0000000000000027 1376 2.9999999999999991 2.9999999999999973 2.9999999999999991 5.0000000000000009 35 22 3.9999999999999991 146 274 138 47 59 3.9999999999999973 5.0000000000000009 3.0000000000000027 9.0000000000000018 7.9999999999999991
leaf_count=3 1376 3 3 3 5 35 22 4 146 274 138 47 59 4 5 3 9 8
internal_value=-0.027247 -0.0331721 -0.31255 -2.03492 0.440736 -0.117229 -0.0181384 -0.188073 -0.144366 -0.00220984 0.114811 -0.0360908 -0.0520231 0.364364 -0.101857 0.546799 0.445991 0.368234
internal_weight=2147 2115 108 11 8 97 2007 172 168 1835 412 1423 94 32 9 23 20 17
internal_count=2147 2115 108 11 8 97 2007 172 168 1835 412 1423 94 32 9 23 20 17
is_linear=0
shrinkage=0.05


Tree=117
num_leaves=23
num_cat=0
split_feature=4 2 0 11 11 1 3 17 16 7 17 0 16 7 1 13 1 3 14 2 13 17
split_gain=1956.23 3929.78 5199.02 2797.14 2747.66 12630.7 4936.61 5476.17 5010.92 19998.4 3105.12 1944.74 1923.75 5464.11 4206.95 1138.55 1040.42 848.137 314.558 113.75 112.215 92.3468
threshold=48055.000000000007 4947.3950000000013 39995.650000000009 244.50000000000003 235.50000000000003 31943.725000000002 0.95075228228698749 39.637128820964357 257.71428571428572 1.0000000180025095e-35 36.68688613891117 40328.000000000007 151.44428571428577 1.0000000180025095e-35 22841.780000000006 309.50000000000006 25815.825000000004 0.8874831876760686 260.50000000000006 4133.2550000000001 235.50000000000003 97.163863275038992
decision_type=2 2 2 10 8 2 2 2 2 2 2 2 2 2 2 10 2 2 8 2 10 2
left_child=4 17 3 16 5 12 8 -8 9 -6 -10 -4 13 -1 -14 -5 -3 18 20 -19 -2 -21
right_child=1 2 11 15 6 -7 7 -9 10 -11 -12 -13 14 -15 -16 -17 -18 19 -20 21 -22 -23
leaf_value=0.83443745940923686 0.23432316269193373 0.46993560411713342 -2.6073115348815921 -0.47517328352074739 3.1247207482655845 -3.3291420618693035 2.984567960103353 -0.036516324679056793 -0.088290624329098594 0.18728935291726123 0.068741560732349313 -0.80696980158487941 -0.47898443862795831 -0.04307118466206987 -0.044630179253810673 0.39357177615165712 -0.061188406497240069 1.0675936222076421 -0.18065866827964774 0.88667414983113579 0.59982134501139306 0.49435872236887601
leaf_weight=20 7 10.999999999999998 2.9999999999999991 66 5.9999999999999991 2.9999999999999991 2.9999999999999991 3 542 169 751 3 74 157 226 3.9999999999999991 57 2.9999999999999982 4.0000000000000009 3 3 3
leaf_count=20 7 11 3 66 6 3 3 3 542 169 751 3 74 157 226 4 57 3 4 3 3 3
internal_value=-0.00512108 -0.169374 -0.266309 -0.203664 0.00891691 -0.0949836 0.0427515 1.47403 0.0369016 0.288001 0.00291678 -1.70714 -0.074643 0.0560823 -0.151771 -0.425531 0.0247287 0.43752 0.194078 0.816209 0.343973 0.690516
internal_weight=2121 167 144 138 1954 480 1474 6 1468 175 1293 6 477 177 300 70 68 23 14 9 10 6
internal_count=2121 167 144 138 1954 480 1474 6 1468 175 1293 6 477 177 300 70 68 23 14 9 10 6
is_linear=0
shrinkage=0.05


Tree=118
num_leaves=25
num_cat=0
split_feature=3 18 13 16 11 18 6 4 12 14 1 0 0 13 17 2 1 1 17 2 6 18 14 0
split_gain=2181.36 4411.66 4181.45 2597.56 3750.18 3572.47 3533.53 3186.32 2864.8 2722.06 2559.06 4533.23 2195.41 1966.69 1727.73 2160.05 1457.77 913.665 959.717 744.845 1475.86 445.798 247.234 94.3912
threshold=0.61814403559479802 28127.145000000004 209.96000000000001 72.178571428571445 220.38500000000002 28581.665000000005 5.5000000000000009 41785.000000000007 315.50000000000006 349.50000000000006 22067.330000000005 39344.350000000006 38795.250000000007 205.60500000000005 122.04358599082997 15071.420000000002 25797.400000000005 22733.350000000002 131.97953429526237 7571.6050000000005 10.500000000000002 10902.090000000002 275.99000000000007 37121.450000000004
decision_type=2 10 10 2 8 8 2 2 8 10 2 2 2 10 2 2 2 2 2 2 2 8 10 2
left_child=1 10 14 16 7 6 -6 13 -9 -7 11 12 -1 -5 15 -3 19 -12 -19 21 -21 -2 23 -4
right_child=3 2 22 4 5 9 -8 8 -10 -11 17 -13 -14 -15 -16 -17 -18 18 -20 20 -22 -23 -24 -25
leaf_value=-0.071108047751088935 -0.50704737504323238 -1.9174516042073568 -0.24548026956617824 -0.05592231397681377 0.30541844410278524 -0.070176471650513217 0.05917646025803977 0.012755477479128523 -1.5469447930653892 0.29739663220264695 1.1171511077880851 -1.5737496948242189 1.1073498636484147 -0.51733004102586866 -0.18861215909322104 -0.36823894580205285 1.5250361601511637 -0.46180607577164967 0.57083710167143076 1.1197715384619571 0.20622797906398774 0.23944252183039977 0.10245914846658706 -0.5484146356582642
leaf_weight=330 3.0000000000000044 8.9999999999999982 18.000000000000007 34 192 598 604 158 2.9999999999999991 55 5.0000000000000027 4.9999999999999991 3.9999999999999991 72 2.9999999999999991 2.9999999999999991 2.9999999999999991 2.9999999999999991 8.9999999999999982 7.0000000000000027 11.999999999999998 6.0000000000000009 4.9999999999999991 2.9999999999999991
leaf_count=330 3 9 18 34 192 598 604 158 3 55 5 5 4 72 3 3 3 3 9 7 12 6 5 3
internal_value=-0.000113325 -0.10591 -0.597054 0.0239287 0.015734 0.0474632 0.118572 -0.156459 -0.0163073 -0.039217 -0.0493459 -0.0793658 -0.0569948 -0.369331 -1.26184 -1.53015 0.477541 0.549287 0.312676 0.365309 0.542797 -0.00938744 -0.213523 -0.288757
internal_weight=2144 397 41 1747 1716 1449 796 267 161 653 356 339 334 106 15 12 31 17 12 28 19 9 26 21
internal_count=2144 397 41 1747 1716 1449 796 267 161 653 356 339 334 106 15 12 31 17 12 28 19 9 26 21
is_linear=0
shrinkage=0.05


Tree=119
num_leaves=21
num_cat=0
split_feature=11 18 18 18 12 11 18 14 7 17 16 17 1 18 3 2 13 4 16 6
split_gain=2698.13 14388.4 5019.63 31056.8 75674.1 8016.04 3606.77 5142.04 3203.69 30596.4 6568.25 3070.2 2797.51 4237.97 2031.75 3943.1 1772.55 1330.68 647.575 102.978
threshold=282.24000000000007 32048.085000000003 22452.080000000005 21268.350000000002 298.02000000000004 309.50000000000006 31452.020000000004 235.50000000000003 1.0000000180025095e-35 41.381141957571053 388.79214285714289 52.182933764013349 29750.600000000002 25815.825000000004 0.92230444861764904 3229.6700000000005 85.000000000000014 39715.000000000007 287.15500000000009 17.500000000000004
decision_type=10 10 8 10 8 10 10 8 2 2 2 2 2 10 2 2 8 2 2 2
left_child=1 6 3 5 -5 11 12 -8 9 -4 -11 -2 16 -14 15 -10 -1 -16 -9 -6
right_child=2 -3 8 4 19 -7 7 18 14 10 -12 -13 13 -15 17 -17 -18 -19 -20 -21
leaf_value=0.068925719864365437 0.45193437794939834 2.9647183239459993 5.3281234105428066 9.7105070749918685 -0.22250933547814677 -2.0555555462837218 -2.1252116394042977 -0.66197544435660027 0.58073659990773052 -0.1293192897446272 1.436912763863802 -0.25268716270273384 0.32843286406772199 -0.12610576475939056 -0.11687180781573581 0.021041291677921868 -0.098187624620773767 -0.63289675107225785 0.26723601102828975 0.19177312056223547
leaf_weight=198 52 3.9999999999999991 2.9999999999999991 2.9999999999999973 3.0000000000000009 3.9999999999999991 4.9999999999999973 3 33 41 7.9999999999999991 22 121 89 57 678 799 15.999999999999998 5 3
leaf_count=198 52 4 3 3 3 4 5 3 33 41 8 22 121 89 57 678 799 16 5 3
internal_value=0.0195034 -0.0291704 0.0840503 0.445501 3.22659 0.124606 -0.0389864 -0.86737 0.0464352 0.426492 0.126392 0.242452 -0.0300643 0.135795 0.0212274 0.0470187 -0.0649996 -0.229973 -0.0812183 -0.0153681
internal_weight=2147 1224 923 87 9 78 1220 13 836 52 49 74 1207 210 784 711 997 73 8 6
internal_count=2147 1224 923 87 9 78 1220 13 836 52 49 74 1207 210 784 711 997 73 8 6
is_linear=0
shrinkage=0.05


Tree=120
num_leaves=22
num_cat=0
split_feature=14 16 2 13 18 18 14 13 13 17 6 4 4 4 7 16 12 12 16 1 13
split_gain=4266.82 38535.2 57611.5 4027.97 2030.46 6424.5 21021.9 5221.72 20272.5 7630.09 3832 2834.2 2422.53 6381.68 3324.36 1577.63 1248.32 3582.4 736.971 399.628 122.844
threshold=inf 297.42500000000001 4592.4700000000012 338.50000000000006 28094.495000000006 27945.720000000005 229.03500000000003 114.50000000000001 122.04500000000002 89.959597317380613 14.500000000000002 37010.000000000007 41785.000000000007 39905.000000000007 4.5000000000000009 291.19071428571436 280.25000000000006 285.16500000000002 293.58000000000004 25389.420000000002 289.16500000000008
decision_type=8 2 2 8 10 10 8 10 10 2 2 2 2 2 2 2 8 8 2 2 10
left_child=4 15 -3 -4 5 12 -7 9 -9 -6 -11 -10 13 -1 -14 16 20 -18 -17 -8 -2
right_child=1 2 3 -5 7 6 19 8 11 10 -12 -13 14 -15 -16 18 17 -19 -20 -21 -22
leaf_value=0.033804443194706262 0.63455793062845789 -7.8648112297058113 0.29311123847961434 -1.8356120467185968 -3.172729301452633 4.8185509761174554 0.49537131488323205 4.0633552074432373 0.18389231289426489 0.0033355079018152671 -1.6254436016082765 -0.097833171068384447 0.051709525003645784 -0.38184292581687984 0.37537484544822397 1.3011490424474077 -1.5858077913522721 -0.053418732570802298 0.30987283378839492 -0.13112009508269171 0.2819868879658835
leaf_weight=717 3.0000000000000027 3.9999999999999991 4.9999999999999973 4.0000000000000009 3.0000000000000027 2.9999999999999973 4 2.9999999999999991 105 13.000000000000002 4.9999999999999991 596 357 106 102 3 3.9999999999999991 82 5 7 13.999999999999998
leaf_count=717 3 4 5 4 3 3 4 3 105 13 5 596 357 106 102 3 4 82 5 7 14
internal_value=-0.0117189 -0.296415 -2.87201 -0.652988 0.00574884 0.0432332 1.10852 -0.0612577 -0.0380821 -0.838193 -0.449103 -0.0556346 0.0315998 -0.0197297 0.123635 0.00523184 -0.0473017 -0.124693 0.681601 0.096695 0.344205
internal_weight=2145 124 13 9 2021 1296 14 725 704 21 18 701 1282 823 459 111 103 86 8 11 17
internal_count=2145 124 13 9 2021 1296 14 725 704 21 18 701 1282 823 459 111 103 86 8 11 17
is_linear=0
shrinkage=0.05


Tree=121
num_leaves=17
num_cat=0
split_feature=3 0 18 16 4 12 16 1 14 1 7 14 1 3 1 17
split_gain=3867.43 5982.12 2074.91 2856.19 3161.1 2770.47 4095.5 7150.33 2296.02 2239.14 1959.27 1264.37 1935.69 1196.4 917.625 325.655
threshold=0.95075228228698749 39048.55000000001 19884.825000000004 304.02857142857152 37162.000000000007 233.50000000000003 272.8471428571429 31524.100000000002 1010.5000000000001 27820.620000000006 4.5000000000000009 321.50000000000006 20672.785000000003 0.85186966245208062 18244.66 35.873827382138458
decision_type=2 2 8 2 2 10 2 2 10 2 2 10 2 2 2 2
left_child=2 -2 3 11 14 8 7 -7 10 -8 -4 12 -1 -6 -5 -13
right_child=1 -3 5 4 13 6 9 -9 -10 -11 -12 15 -14 -15 -16 -17
leaf_value=-0.077389181849592537 2.8579202969868978 -0.095708844065666182 -0.070480410098537935 -0.22033357918262483 1.9278131484985357 0.0042086790510490113 0.021365583866211839 0.56667164570528517 -1.3332709550857544 -0.12609453054937039 -0.32672521650176689 -0.22209885214504441 0.18087511841421064 0.81145938237508131 0.38935726682345073 -0.71846910715103152
leaf_weight=122 2.9999999999999991 4 323 7.9999999999999991 3.9999999999999982 177 646 83 3.9999999999999991 428 97 19.000000000000004 179 6 27 3.9999999999999991
leaf_count=122 3 4 323 8 4 177 646 83 4 428 97 19 179 6 27 4
internal_value=-0.00319395 1.17013 -0.00705539 0.100735 0.474 -0.0296804 0.00570644 0.183764 -0.141016 -0.0373988 -0.129661 0.0488932 0.0761966 1.258 0.249999 -0.308424
internal_weight=2134 7 2127 369 45 1758 1334 260 424 1074 420 324 301 10 35 23
internal_count=2134 7 2127 369 45 1758 1334 260 424 1074 420 324 301 10 35 23
is_linear=0
shrinkage=0.05


Tree=122
num_leaves=25
num_cat=0
split_feature=4 2 0 4 7 0 18 6 3 12 4 4 6 0 11 4 11 3 1 12 3 12 2 0
split_gain=1825.02 4010.85 5533.41 2563.96 8112.67 23689.1 5001.2 10430.4 4675.36 3682.53 3162.06 4831.35 3534.5 2735.22 2503.6 2351.3 2441.78 2118.66 1088.83 976.687 728.846 139.024 63.6659 34.532
threshold=48055.000000000007 4947.3950000000013 39995.650000000009 44065.000000000007 1.0000000180025095e-35 36771.900000000009 23413.670000000002 8.5000000000000018 0.61814403559479802 250.02000000000001 39715.000000000007 41515.000000000007 2.5000000000000004 38591.80000000001 249.88500000000002 38752.500000000007 415.00000000000006 0.78660863239009859 26045.065000000006 122.04500000000002 0.8874831876760686 299.51000000000005 4195.9650000000011 38795.250000000007
decision_type=2 2 2 2 2 2 10 2 2 8 2 2 2 2 10 2 10 2 2 10 2 10 2 2
left_child=3 20 14 10 5 9 7 -6 -8 -5 15 12 -12 -13 18 16 -1 -17 -3 -16 21 23 -22 -2
right_child=1 2 -4 4 6 -7 8 -9 -10 -11 11 13 -14 -15 19 17 -18 -19 -20 -21 22 -23 -24 -25
leaf_value=-0.0015525891305357674 0.2593174143135546 0.42174296665650152 -2.0968747377395629 0.26359876737959925 1.6478534766605923 5.0774076700210573 -1.0992478334903717 0.13684336567117322 -0.0014082605730759625 1.8756033182144165 -1.1528689520699638 -0.078533055408105346 -0.30564379696825555 0.41871129669249058 -1.0215038537979126 0.16990384062131247 0.68821791249972131 0.85638402381113599 -0.08796200697068815 -0.35641738771852377 0.99038268725077294 -0.02525697648525238 0.69902736186981196 0.43314353823661805
leaf_weight=983 10.000000000000005 12.999999999999998 3.9999999999999991 31 13.999999999999998 2.9999999999999991 9.9999999999999982 62 321 3.9999999999999991 13.999999999999998 354 102 30 5.9999999999999991 57 12.999999999999998 13.999999999999998 54 69 3 3.9999999999999991 5 3.9999999999999991
leaf_count=983 10 13 4 31 14 3 10 62 321 4 14 354 102 30 6 57 13 14 54 69 3 4 5 4
internal_value=-0.00463844 -0.160963 -0.262854 0.00872527 0.114642 0.813321 0.0494096 0.415187 -0.0345756 0.447828 -0.0213533 -0.12511 -0.407895 -0.0396858 -0.211191 0.0272676 0.00745044 0.305266 0.010936 -0.409624 0.411193 0.234707 0.808286 0.308982
internal_weight=2184 172 146 2012 445 38 407 76 331 35 1567 500 116 384 142 1067 996 71 67 75 26 18 8 14
internal_count=2184 172 146 2012 445 38 407 76 331 35 1567 500 116 384 142 1067 996 71 67 75 26 18 8 14
is_linear=0
shrinkage=0.05


Tree=123
num_leaves=13
num_cat=0
split_feature=3 18 15 18 4 0 13 12 15 13 3 13
split_gain=4470.75 2376.4 16530.1 3536.97 5186.47 3151.78 15091.1 3422.01 3102.1 2621.44 5052.08 3675.42
threshold=0.95075228228698749 31811.125000000004 248.50000000000003 31499.369999999999 48055.000000000007 34625.200000000004 300.50000000000006 252.88000000000002 514.16666666666686 300.50000000000006 0.80521579268819776 297.94500000000005
decision_type=2 10 2 10 2 2 8 10 2 8 2 10
left_child=1 3 -3 9 8 6 -4 -7 -5 11 -11 -1
right_child=-2 2 5 4 -6 7 -8 -9 -10 10 -12 -13
leaf_value=0.0016511425971738403 1.4955847287178041 3.8324937184651695 3.9739236632982919 -0.078171684083185672 -2.554990100860596 -0.36889597186818723 0.039706972126777353 0.13946696179142845 -1.6101593196392061 0.015682625112804032 -0.3048544872696512 0.3242812851620348
leaf_weight=1247 4.9999999999999991 2.9999999999999991 2.9999999999999973 19.000000000000007 2.9999999999999991 40 13 192 3.9999999999999991 319 200 95
leaf_count=1247 5 3 3 19 3 40 13 192 4 319 200 95
internal_value=0.00221273 -0.00127973 0.143256 -0.0205052 -0.599649 0.0986281 0.777373 0.0518182 -0.344604 -0.012414 -0.107838 0.0244901
internal_weight=2143 2138 251 1887 26 248 16 232 23 1861 519 1342
internal_count=2143 2138 251 1887 26 248 16 232 23 1861 519 1342
is_linear=0
shrinkage=0.05


Tree=124
num_leaves=24
num_cat=0
split_feature=18 16 4 3 0 11 0 16 17 14 2 14 3 3 4 12 2 16 5 17 18 18 18
split_gain=1996.6 2701.31 2823.95 2314.02 2204.22 1985.13 2036.51 3488.31 1975.65 4714.97 4041.85 1316.67 1047.15 762.603 792.628 703.698 656.708 452.938 431.453 210.706 168.397 162.287 80.053
threshold=19884.825000000004 304.02857142857152 37162.000000000007 0.50613353623772495 39159.55000000001 1.0000000180025095e-35 35115.80000000001 217.77285714285716 49.289847208137438 198.53500000000003 3229.6700000000005 321.50000000000006 0.85186966245208062 0.57218032819223341 42910.000000000007 299.51000000000005 9441.8200000000015 409.80642857142863 1.5000000000000002 35.873827382138458 23250.314999999999 18831.720000000005 10465.250000000002
decision_type=10 2 2 2 2 10 2 2 2 10 2 10 2 2 2 10 2 2 2 2 10 8 10
left_child=1 11 15 4 18 6 7 -5 9 -7 -10 13 -4 22 -15 -3 -8 -17 -2 21 -20 -13 -1
right_child=3 2 12 5 -6 8 16 -9 10 -11 -12 19 -14 14 -16 17 -18 -19 20 -21 -22 -23 -24
leaf_value=-0.25287650585174565 0.20074213147163344 -0.25698118209838866 1.8152860641479496 -0.34220822171814613 -1.8054817279179891 -0.52597897087985823 -0.1252917090287575 -2.0914702415466309 0.38313209768888118 -0.04719149170337316 -0.0044533377742654416 -0.18621248992589795 0.77088149388631177 0.14401767255640344 -0.20313724701603256 0.41693015193939209 0.39962904913858938 -0.1561143383383751 -0.36234578948754526 -0.67523874044418342 -0.73333417177200322 -0.55040771961212165 -0.047205137231768196
leaf_weight=4.9999999999999991 3.0000000000000062 5.9999999999999991 3.9999999999999982 57 2.9999999999999991 55 13.000000000000002 2.9999999999999991 74 790 739 13.000000000000005 6 190 18 25.000000000000004 10.999999999999998 3.9999999999999991 13.000000000000002 3.9999999999999991 3.9999999999999991 3.9999999999999991 88
leaf_count=5 3 6 4 57 3 55 13 3 74 790 739 13 6 190 18 25 11 4 13 4 4 4 88
internal_value=-0.0213471 0.0847642 0.44763 -0.0434111 -0.541654 -0.0368327 -0.273966 -0.429671 -0.0248187 -0.0783552 0.030825 0.0340531 1.18864 0.060759 0.113975 0.235912 0.115297 0.33789 -0.35208 -0.348731 -0.449637 -0.271905 -0.0582627
internal_weight=2132 367 45 1765 23 1742 84 60 1658 845 813 322 10 301 208 35 24 29 20 21 17 17 93
internal_count=2132 367 45 1765 23 1742 84 60 1658 845 813 322 10 301 208 35 24 29 20 21 17 17 93
is_linear=0
shrinkage=0.05


Tree=125
num_leaves=13
num_cat=0
split_feature=3 17 2 18 11 3 14 6 18 18 14 11
split_gain=5099.62 3372.23 2679.03 1770.75 1599.75 5750.17 3923.45 30118.9 3901.46 3047.28 2983.18 1171.33
threshold=0.95075228228698749 37.632658883151997 1965.8250000000003 22318.674999999999 279.50000000000006 0.92452522222461953 229.03500000000003 1.5000000000000002 21339.330000000005 31452.020000000004 244.50000000000003 244.50000000000003
decision_type=2 2 2 10 8 2 8 2 8 10 10 10
left_child=2 -2 3 -1 5 9 7 -6 -8 -4 -7 -5
right_child=1 -3 4 11 6 10 8 -9 -10 -11 -12 -13
leaf_value=0.20969692468643195 2.6549311637878419 0.28419695695241287 -0.041924606087270111 -0.68207631856203066 3.2825134366750719 1.4987224400043482 0.31781403097343081 0.12230086150572046 -0.015706780404291291 -0.91918538093566904 0.34773698417763965 -1.9890547434488928
leaf_weight=2.9999999999999982 2.9999999999999991 3 981 4 7.9999999999999991 8.0000000000000018 98 131 833 9.9999999999999982 19 3
leaf_count=3 3 3 981 4 8 8 98 131 833 10 19 3
internal_value=0.0139598 1.46956 0.00979698 -0.806638 0.0137071 -0.0311622 0.0563958 0.304184 0.0194007 -0.0507769 0.68877 -1.24221
internal_weight=2104 6 2098 10 2088 1018 1070 139 931 991 27 7
internal_count=2104 6 2098 10 2088 1018 1070 139 931 991 27 7
is_linear=0
shrinkage=0.05


Tree=126
num_leaves=18
num_cat=0
split_feature=2 15 17 13 3 2 16 1 17 17 7 1 1 17 17 11 17
split_gain=2196.71 9006.33 5834.96 2855.75 1686.85 3467.53 2853.81 2715.99 1932.93 1755.29 5458.87 2297.73 1213.96 1016.2 397.49 278.02 83.8266
threshold=1965.8250000000003 256.72833333333341 39.637128820964357 295.43000000000006 0.55065387518197906 16822.715 72.178571428571445 20306.510000000006 102.88745725141295 130.71058768772789 3.5000000000000004 19682.565000000006 25797.400000000005 95.220662544779131 116.50180424930544 209.96000000000001 122.04358599082997
decision_type=2 2 2 8 2 2 2 2 2 2 2 2 2 2 2 10 2
left_child=1 -1 -3 -4 7 6 12 9 -8 11 -11 -2 -6 -5 15 -9 -16
right_child=4 2 3 13 5 -7 8 14 -10 10 -12 -13 -14 -15 16 -17 -18
leaf_value=-3.058008921146393 -0.11141948667387445 1.9152780771255493 -1.8896020571390801 -0.56749820411205265 0.36703847218304875 1.4834615916013718 0.031626533116694555 -0.88657379150390647 -0.082846266577951619 2.3320061484972654 -0.074176317284053009 -1.3264301903545856 1.4189298470815024 0.64985932509104405 -0.95097404718399037 -0.20586343606313062 -1.3006127039591469
leaf_weight=2.9999999999999991 143 2.9999999999999991 2.9999999999999973 4.0000000000000009 32 3.9999999999999991 1405 2.9999999999999982 500 2.9999999999999973 11 3.9999999999999991 2.9999999999999991 3 4 3 3
leaf_count=3 143 3 3 4 32 4 1405 3 500 3 11 4 3 3 4 3 3
internal_value=-0.00492553 -0.588588 -0.0187221 -0.598922 -0.000516365 0.0128333 0.00980112 -0.149665 0.00158118 -0.0935319 0.441434 -0.144481 0.457201 -0.0457735 -0.84485 -0.546219 -1.10082
internal_weight=2134 16 13 10 2118 1944 1940 174 1905 161 14 147 35 7 13 6 7
internal_count=2134 16 13 10 2118 1944 1940 174 1905 161 14 147 35 7 13 6 7
is_linear=0
shrinkage=0.05


Tree=127
num_leaves=15
num_cat=0
split_feature=3 1 18 13 18 2 1 18 11 16 11 8 18 1
split_gain=2563.39 5448.26 2071.78 15735.3 2872.48 3178.13 8383.03 2574.92 13470 3055.71 1971.12 4852.07 2620.36 1648.09
threshold=0.95075228228698749 37020.420000000006 31811.125000000004 202.55500000000004 29981.225000000006 11694.490000000002 22541.940000000002 31943.725000000002 415.00000000000006 385.01428571428579 282.24000000000007 2.5000000000000004 29533.315000000006 31326.770000000004
decision_type=2 2 10 10 10 2 2 10 10 2 8 2 10 2
left_child=2 -2 4 -4 10 13 -7 8 -5 -9 12 -12 -1 -6
right_child=1 -3 3 7 5 6 -8 9 -10 -11 11 -13 -14 -15
leaf_value=-0.032800167984202169 2.57794459660848 -0.24081117510795591 3.7407403071721399 -0.22406748272478585 -0.0041435048845944126 -0.18012360224127771 -2.0396932408213617 0.1523784427198116 3.7045922031005212 -0.28818906945537548 0.63584131939630772 0.050139437704681003 0.74275903559543877 -0.32713453618011307
leaf_weight=1100 2.9999999999999991 4 2.9999999999999991 7.9999999999999982 134 25 7.9999999999999991 200 3 49 38 509 10.999999999999998 56
leaf_count=1100 3 4 3 8 134 25 8 200 3 49 38 509 11 56
internal_value=0.0119694 0.967227 0.00885056 0.140296 -0.00952807 -0.178006 -0.630928 0.0987525 0.847385 0.0656804 0.0131322 0.0908281 -0.0251214 -0.0993409
internal_weight=2151 7 2144 263 1881 223 33 260 11 249 1658 547 1111 190
internal_count=2151 7 2144 263 1881 223 33 260 11 249 1658 547 1111 190
is_linear=0
shrinkage=0.05


Tree=128
num_leaves=18
num_cat=0
split_feature=11 1 15 12 14 15 15 14 4 4 8 13 16 13 2 15 12
split_gain=5280.92 11401.2 4099.36 1577.2 4798.1 22159.6 37494.4 3913.65 3239.62 4961.49 2894.1 1970.24 2814.6 2240.44 1660.41 2379.33 432.075
threshold=1115.5000000000002 31743.855000000003 571.83333333333348 299.01000000000005 1115.5000000000002 322.50000000000006 314.63333333333338 124.90500000000002 42977.500000000007 43377.500000000007 2.5000000000000004 265.27500000000003 257.71428571428572 175.00000000000003 6538.7600000000011 316.16666666666669 331.00000000000006
decision_type=10 2 2 8 8 2 2 8 2 2 2 10 2 10 2 2 8
left_child=3 -2 -3 4 11 6 -6 14 10 -10 -9 13 -13 -1 16 -16 -5
right_child=1 2 -4 7 5 -7 -8 8 9 -11 -12 12 -14 -15 15 -17 -18
leaf_value=0.084276809109797512 -1.2973878592252737 3.7846583048502596 1.1707969445735213 0.067736941309911855 0.74942079991919963 4.6860795021057129 -3.836802411079407 -1.3589775681495668 -0.79347552160422019 -0.13810910137038526 -0.0083700886345961754 0.37581245678787434 0.044515745430452447 -0.10504879783265866 0.42806026718833234 1.8987834294637045 -0.59348821640014648
leaf_weight=238 2.9999999999999982 3 3 14.000000000000002 41 2.9999999999999991 4.9999999999999991 3.9999999999999991 36 146 472 72 585 455 33 2.9999999999999991 2.9999999999999991
leaf_count=238 3 3 3 14 41 3 5 4 36 146 472 72 585 455 33 3 3
internal_value=0.0107646 1.21936 2.47773 0.00560944 0.036427 0.522459 0.250918 -0.0550288 -0.0883216 -0.267742 -0.0197197 0.0187858 0.0808222 -0.0400279 0.358306 0.550621 -0.0489499
internal_weight=2119 9 6 2110 1399 49 46 711 658 182 476 1350 657 693 53 36 17
internal_count=2119 9 6 2110 1399 49 46 711 658 182 476 1350 657 693 53 36 17
is_linear=0
shrinkage=0.05


Tree=129
num_leaves=20
num_cat=0
split_feature=0 8 11 0 13 17 13 6 13 0 7 5 0 4 4 4 4 17 4
split_gain=1971.02 5755.58 24508.3 3192.34 3577.51 2779.79 13310.4 5082.56 3196.68 1865.92 2485.09 2280.97 1612.82 1513.38 1446 9346.38 3139.81 971.366 375.261
threshold=37592.950000000004 1.5000000000000002 264.50000000000006 37544.000000000007 250.02000000000001 65.765363977267342 238.00000000000003 3.5000000000000004 198.53500000000003 36445.600000000006 1.5000000000000002 3.5000000000000004 38591.80000000001 47260.000000000007 43377.500000000007 43067.500000000007 44860.000000000007 282.75834274078255 48055.000000000007
decision_type=2 2 10 2 8 2 10 2 10 2 2 2 2 2 2 2 2 2 2
left_child=3 5 18 9 -5 6 -2 8 -7 14 17 -12 -9 -8 15 -1 -16 -11 -3
right_child=1 2 -4 4 -6 7 13 12 -10 10 11 -13 -14 -15 16 -17 -18 -19 -20
leaf_value=-0.0019252724546667756 3.6094218571980798 -0.86511228879292834 5.0652379353841139 -2.0648357629776002 0.049846546351909618 -1.3781714856624605 -0.23632567673921587 -0.0073664515354167461 -0.27850251017432465 0.15487736777255409 -0.45034179651281897 0.074858301004459116 0.32636755492928771 0.32612899024102648 0.27107546228115392 -1.2568249766031903 -0.038076659499621787 1.1230113188425699 -0.074268165230751013
leaf_weight=1371 2.9999999999999991 2.9999999999999982 3 3.9999999999999991 4.0000000000000009 7.9999999999999991 14.999999999999998 87 38 19.000000000000004 72 29 62 59 149 14.999999999999998 183 2.9999999999999991 3
leaf_count=1371 3 3 3 4 4 8 15 87 38 19 72 29 62 59 149 15 183 3 3
internal_value=0.00789499 0.131274 1.37529 -0.0108554 -1.00749 0.0901119 0.34448 -0.0103311 -0.469749 -0.00652456 -0.194651 -0.299542 0.131503 0.212118 0.00694429 -0.0155064 0.100669 0.286896 -0.46969
internal_weight=2130 281 9 1849 8 272 77 195 46 1841 123 101 149 74 1718 1386 332 22 6
internal_count=2130 281 9 1849 8 272 77 195 46 1841 123 101 149 74 1718 1386 332 22 6
is_linear=0
shrinkage=0.05


Tree=130
num_leaves=18
num_cat=0
split_feature=4 18 15 0 15 17 18 4 11 11 11 15 17 12 0 3 5
split_gain=1695.13 1581.12 13880.1 3643.53 10609.3 4436.6 3157.43 4052.79 3869.86 1801.69 4381.98 1134.88 558.535 501.434 255.557 159.204 88.5267
threshold=28185.000000000004 31811.125000000004 248.50000000000003 34625.200000000004 352.16666666666674 296.62200067587719 31499.369999999999 48055.000000000007 915.50000000000011 399.50000000000006 398.70000000000005 537.33333333333337 43.74515229773565 289.16500000000008 30827.900000000005 0.62991601089709948 2.5000000000000004
decision_type=2 10 2 2 2 2 10 2 8 10 10 2 2 10 2 2 2
left_child=12 6 -3 4 -4 -5 9 8 -8 10 -2 -11 -1 14 15 -14 -15
right_child=1 2 3 5 -6 -7 7 -9 -10 11 -12 -13 13 16 -16 -17 -18
leaf_value=0.83314027309417726 -0.025435767832241336 3.4821344375610352 0.20431203107039131 0.076553195296070006 3.4614980379740397 -0.68455089241975831 -0.10427476304272808 -2.2779444853464765 -1.7840887606143951 0.53563894085262131 -1.6822080492973328 -0.12663088970714145 0.042331816256046186 0.053716589808464048 0.81872208913167333 0.40305105539468622 -0.28984656731287628
leaf_weight=4.9999999999999991 1779 2.9999999999999991 15.000000000000002 217 2.9999999999999991 21 24.000000000000007 2.9999999999999991 3.9999999999999991 23 3.9999999999999991 8.9999999999999982 4.0000000000000098 5 2.9999999999999991 12.999999999999998 3
leaf_count=5 1779 3 15 217 3 21 24 3 4 23 4 9 4 5 3 13 3
internal_value=-0.00921884 -0.0147932 0.100896 0.0612721 0.747176 0.00939695 -0.0310248 -0.53138 -0.344248 -0.0224788 -0.0291526 0.349376 0.346361 0.259436 0.393258 0.318176 -0.0751196
internal_weight=2138 2105 259 256 18 238 1846 31 28 1815 1783 32 33 28 20 17 8
internal_count=2138 2105 259 256 18 238 1846 31 28 1815 1783 32 33 28 20 17 8
is_linear=0
shrinkage=0.05


Tree=131
num_leaves=17
num_cat=0
split_feature=3 17 11 13 4 0 1 2 13 0 0 15 11 13 1 13
split_gain=2058.11 5308.47 1766.71 7677.95 54090.8 20908.3 3318.31 9680.48 5644.13 2899.62 7136.43 3105.51 2865.15 3321.87 1895.74 1743.53
threshold=0.95075228228698749 37.632658883151997 310.44500000000005 333.50000000000006 34732.500000000007 32935.80000000001 29750.600000000002 7700.9950000000008 291.50000000000006 34967.250000000007 35048.450000000004 549.08333333333337 282.24000000000007 329.50000000000006 32779.180000000008 287.56
decision_type=2 2 10 10 2 2 2 2 10 2 2 2 8 10 2 8
left_child=2 -2 6 9 5 -5 12 8 -8 11 -11 -4 15 -14 -6 -1
right_child=1 -3 3 4 14 -7 7 -9 -10 10 -12 -13 13 -15 -16 -17
leaf_value=-0.013455822465643745 2.4101304213205976 -0.56433508396148668 0.12576689391393259 -8.0694848378499344 -0.058525378375568177 -2.1663372357686357 -0.044599231437612803 2.6039920806884767 0.37065221974560136 -2.6170670509338381 -0.1483688685519636 -0.61468711217244465 0.039903982852896057 0.4613440112430941 -1.1859160602092744 -0.15496665455361072
leaf_weight=651 2.9999999999999991 3 253 2.9999999999999991 55 3 195 3.9999999999999991 141 2.9999999999999991 121 14.999999999999998 312 55 3.9999999999999991 327
leaf_count=651 3 3 253 3 55 3 195 4 141 3 121 15 312 55 4 327
internal_value=-0.00184662 0.922898 -0.00443694 -0.0916305 -0.594923 -5.11791 0.0192114 0.158768 0.129658 -0.00817632 -0.208095 0.0843236 -0.0160668 0.103063 -0.134959 -0.0607708
internal_weight=2148 6 2142 457 65 6 1685 340 336 392 124 268 1345 367 59 978
internal_count=2148 6 2142 457 65 6 1685 340 336 392 124 268 1345 367 59 978
is_linear=0
shrinkage=0.05


Tree=132
num_leaves=22
num_cat=0
split_feature=14 15 18 8 7 12 7 0 14 6 12 16 0 0 0 3 5 1 1 16 1
split_gain=2811.94 24983.6 23905 2204.06 1521.97 2307.58 1224.77 1904.2 5263.79 7236.13 1992.51 1876.43 1788.94 1784.32 3601.47 2404.59 1325.64 1193.05 963.312 913.483 555.902
threshold=1010.5000000000001 314.63333333333338 23020.610000000004 2.5000000000000004 4.5000000000000009 285.16500000000002 3.5000000000000004 38954.700000000004 205.60500000000005 2.5000000000000004 373.00000000000006 72.178571428571445 34493.05000000001 38795.250000000007 38845.950000000004 0.94872854792453343 1.0000000180025095e-35 25797.400000000005 24877.390000000003 24.285714285714288 31233.625000000004
decision_type=8 2 8 2 2 8 2 2 10 2 10 2 2 2 2 2 2 2 2 2 2
left_child=6 3 -3 -2 5 -5 11 10 9 -9 12 17 -8 15 -15 -13 -12 19 -6 -1 -10
right_child=1 2 -4 4 18 -7 7 8 20 -11 16 13 -14 14 -16 -17 -18 -19 -20 -21 -22
leaf_value=0.68020320914008403 -1.2057973623275757 -5.0783562660217312 0.10750670880079266 -1.330208957195282 0.41492817829549317 -0.094956651988668719 -0.090167542128994804 -3.0136373996734629 0.27307968934377036 -0.26816146373748778 0.72918516525200439 0.016683695927253085 0.067479540251754913 1.7207366511225701 0.17987531655155481 -0.91322691440582282 0.087976838530678503 1.323383665084839 -0.0085990655524977328 0.14753689388434094 -0.18284708169790417
leaf_weight=10.999999999999998 3.9999999999999991 4.9999999999999973 4.0000000000000009 3.9999999999999991 25 69 528 3.9999999999999982 8.9999999999999982 6 13.999999999999998 1010 273 3.9999999999999991 73 6.9999999999999991 19 2.9999999999999991 29 30 26
leaf_count=11 4 5 4 4 25 69 528 4 9 6 14 1010 273 4 73 7 19 3 29 30 26
internal_value=-0.0085535 -0.225243 -2.77353 -0.0501695 -0.0137718 -0.162642 0.00648689 -0.0378455 -0.354663 -1.36635 -0.0207511 0.0407296 -0.0364376 0.0278536 0.25992 0.0102831 0.360005 0.360875 0.187478 0.290447 -0.0656088
internal_weight=2157 140 9 131 127 73 2017 879 45 10 834 1138 801 1094 77 1017 33 44 54 41 35
internal_count=2157 140 9 131 127 73 2017 879 45 10 834 1138 801 1094 77 1017 33 44 54 41 35
is_linear=0
shrinkage=0.05


Tree=133
num_leaves=14
num_cat=0
split_feature=11 12 13 15 0 15 16 16 2 3 2 0 2
split_gain=2096.45 21647.8 1819.49 14210.6 3353.88 2606.73 4632.02 8166.75 4520.49 2493.69 1992.99 1947.68 978.28
threshold=1115.5000000000002 250.02000000000001 175.00000000000003 216.03333333333339 40189.600000000006 256.72833333333341 258.54142857142864 252.85428571428574 1965.8250000000003 0.55685868726187848 1909.9650000000004 39282.200000000004 2758.8600000000001
decision_type=10 8 8 2 2 2 2 2 2 2 2 2 2
left_child=2 -2 3 4 9 8 7 -7 -4 -1 -8 -10 -3
right_child=1 12 5 -5 -6 6 10 -9 11 -11 -12 -13 -14
leaf_value=-0.089380584687295594 -3.5721158027648943 0.53809499740600553 -1.6231272125244141 3.5467317849397659 -1.3508229404687881 0.19697971250516949 1.1042925357818605 1.7646493991216023 -0.1252591499558797 0.2295141948991519 -0.013407800720841453 0.71641429833003456 1.814992576837539
leaf_weight=99 3.9999999999999973 3.0000000000000009 4.9999999999999991 2.9999999999999991 3.9999999999999991 108 3.9999999999999991 8.9999999999999982 380 161 1370 6.9999999999999991 3
leaf_count=99 4 3 5 3 4 108 4 9 380 161 1370 7 3
internal_value=-0.000640864 -0.72292 0.00271857 0.124869 0.0859842 -0.0146017 0.0155628 0.31757 -0.129335 0.108089 -0.0101539 -0.110035 1.17654
internal_weight=2160 10 2150 267 264 1883 1491 117 392 260 1374 387 6
internal_count=2160 10 2150 267 264 1883 1491 117 392 260 1374 387 6
is_linear=0
shrinkage=0.05


Tree=134
num_leaves=17
num_cat=0
split_feature=13 12 17 14 12 15 2 14 6 11 16 4 3 14 11 6
split_gain=1720.03 9360.27 4534.44 3171.94 2720.25 2191.28 4067.23 3306.46 2461.57 3642.6 3575.59 2641.9 2268.1 2081.94 1852.67 603.346
threshold=119.50000000000001 280.25000000000006 130.71058768772789 282.10000000000008 267.50000000000006 256.72833333333341 1965.8250000000003 1010.5000000000001 5.5000000000000009 227.11500000000004 279.05428571428575 42782.500000000007 0.95075228228698749 inf 282.10000000000008 9.5000000000000018
decision_type=8 8 2 10 8 2 2 10 2 8 2 2 2 8 10 2
left_child=1 2 3 4 -1 6 -2 14 9 11 -11 -7 13 -10 -8 -5
right_child=5 -3 -4 15 -6 8 7 -9 12 10 -12 -13 -14 -15 -16 -17
leaf_value=0.081017122306105388 -1.5419707441329957 2.5165645927190781 1.7479807432740928 -0.74559364120165483 1.1606084028879802 -1.8558247566223143 -0.073673109531788225 -1.7609225908915205 -0.018823772092357676 0.54531504680281107 0.077247396387531322 -0.038580274581909171 1.1547410726547243 -0.28694157036777307 -0.64001844567557187 -0.24420138895511628
leaf_weight=212 4.9999999999999991 3.9999999999999991 3.9999999999999991 12.000000000000002 5.9999999999999991 4 387 2.9999999999999991 1009 46 361 4 3.9999999999999991 78 14.999999999999998 11.999999999999998
leaf_count=212 5 4 4 12 6 4 387 3 1009 46 361 4 4 78 15 12
internal_value=-0.00606969 0.11728 0.0782669 0.0506683 0.110731 -0.0221643 -0.124645 -0.107147 0.0057354 0.109381 0.130149 -0.947203 -0.0336899 -0.0380631 -0.0948054 -0.494898
internal_weight=2166 250 246 242 218 1916 410 405 1506 415 407 8 1091 1087 402 24
internal_count=2166 250 246 242 218 1916 410 405 1506 415 407 8 1091 1087 402 24
is_linear=0
shrinkage=0.05


Tree=135
num_leaves=29
num_cat=0
split_feature=6 11 17 4 6 14 4 0 16 6 11 13 11 4 4 9 2 3 15 11 12 16 3 12 6 17 4 14
split_gain=1976.67 2455.63 1719.2 2675.09 19408.4 41225.9 6573.18 3737.45 2445.52 2441.61 2711.04 4529.01 2576.04 2301.94 1461.07 1436.63 1246 3633.69 2467.29 1184.87 1087.16 2355.54 1242.01 359.087 416.492 305.796 158.167 41.794
threshold=14.500000000000002 370.50000000000006 104.80263756541883 43767.500000000007 1.5000000000000002 229.03500000000003 43067.500000000007 36445.600000000006 332.23500000000007 2.5000000000000004 248.14500000000001 219.50000000000003 304.00000000000006 47845.000000000007 45077.500000000007 1.0000000180025095e-35 6144.6500000000005 0.80249359898734218 293.41166666666669 1160.0000000000002 249.63500000000002 180.95214285714289 0.57542121257369749 245.22000000000003 18.500000000000004 35.074494726517798 36212.500000000007 295.43000000000006
decision_type=2 8 2 2 2 8 2 2 2 2 10 10 10 2 2 2 2 2 2 8 8 2 2 8 2 2 2 8
left_child=2 16 3 6 5 -5 8 -6 -1 10 11 -4 -12 19 23 -15 17 -2 -19 -11 21 -18 -22 24 -3 -8 -25 -16
right_child=1 14 9 4 7 -7 25 -9 -10 13 12 -13 -14 15 27 -17 20 18 -20 -21 22 -23 -24 26 -26 -27 -28 -29
leaf_value=0.01497163821999406 -1.5197467994689942 0.49075232505798311 0.16734988604273107 7.2694039026896213 0.36333663190950405 0.26380162920270644 -0.70479362805684409 -0.050038230671172614 0.3721527264690867 0.041871457245503639 0.31142456327614032 -1.4329774985710779 -0.45450493246316914 -0.071667986295439981 -0.38248436450958256 -0.56863172764961545 0.031437432032997731 -0.059205143926399098 -0.41601062521560872 1.0408007383346558 -0.1769626698507504 -0.38843146936368139 0.097190370693163261 0.0707640012105306 1.17526216506958 -1.2876947932773168 0.4766673604647319 -0.14642213433980938
leaf_weight=794 4.9999999999999991 5.0000000000000018 7.0000000000000027 2.9999999999999973 91 7.0000000000000009 2.9999999999999991 137 51 283 19 11.999999999999998 26 33 2.9999999999999991 26 77 175 67 2.9999999999999991 55 59 166 2.9999999999999991 4 8.9999999999999982 11.999999999999998 5.0000000000000009
leaf_count=794 5 5 7 3 91 7 3 137 51 283 19 12 26 33 3 26 77 175 67 3 55 59 166 3 4 9 12 5
internal_value=-0.00270834 -0.0766052 0.0285406 0.0612117 0.209509 2.36548 0.0200276 0.114949 0.0365293 -0.0589286 -0.342568 -0.843383 -0.131112 -0.00631143 0.350236 -0.290669 -0.0992193 -0.185556 -0.15799 0.0523497 -0.0394849 -0.150712 0.0289622 0.545296 0.794979 -1.14197 0.395487 -0.234945
internal_weight=2140 636 1504 1095 238 10 857 228 845 409 64 19 45 345 32 59 604 247 242 286 357 136 221 24 9 12 15 8
internal_count=2140 636 1504 1095 238 10 857 228 845 409 64 19 45 345 32 59 604 247 242 286 357 136 221 24 9 12 15 8
is_linear=0
shrinkage=0.05


Tree=136
num_leaves=18
num_cat=0
split_feature=4 11 12 12 3 11 6 4 13 13 14 18 2 18 1 12 17
split_gain=1199.62 1526.41 1343.35 10469.4 42599.5 3723.42 2543.22 14857.1 2115.77 2029.91 1940.41 3061.66 2483.42 224.251 319.735 334.852 132.658
threshold=48944.500000000007 255.50000000000003 298.02000000000004 297.94500000000005 0.85956825771658785 212.50000000000003 1.5000000000000002 46555.000000000007 329.50000000000006 348.36500000000007 278.50000000000006 18831.720000000005 13182.745000000001 27689.705000000005 28355.780000000006 124.90500000000002 108.46093999533612
decision_type=2 8 8 8 2 8 2 2 10 10 8 8 2 10 2 8 2
left_child=2 13 3 6 8 -4 7 -1 -5 -8 12 -12 -7 14 15 -2 -15
right_child=1 -3 5 4 -6 10 9 -9 -10 -11 11 -13 -14 16 -16 -17 -18
leaf_value=-0.04183957779949362 -0.17257102292317597 -1.3759663184483848 -1.4150698947906495 0.25688710920512681 6.6254345099131244 0.11792421022409816 -0.01620669180610591 2.0932048720121386 -1.4996711750825242 0.19007253780834041 0.36402946412563325 -0.14307974318803196 -0.3808018570499761 -0.62644580006599415 -0.52180808186531069 0.27899971902370452 -0.2192331254482269
leaf_weight=44 13.000000000000009 2.9999999999999991 4.9999999999999991 3.9999999999999982 3 230 1236 9.9999999999999982 3 132 32 426 28 4 3.9999999999999991 5.9999999999999991 4
leaf_count=44 13 3 5 4 3 230 1236 10 3 132 32 426 28 4 4 6 4
internal_value=-0.00435825 -0.299037 0.000295304 0.0283199 1.64048 -0.0553651 0.0169826 0.353539 -0.495924 0.00369744 -0.04587 -0.107649 0.0637989 -0.194818 -0.115507 -0.0299697 -0.422839
internal_weight=2187 34 2153 1432 10 721 1422 54 7 1368 716 458 258 31 23 19 8
internal_count=2187 34 2153 1432 10 721 1422 54 7 1368 716 458 258 31 23 19 8
is_linear=0
shrinkage=0.05


Tree=137
num_leaves=19
num_cat=0
split_feature=2 14 15 17 6 14 2 16 6 8 1 11 15 6 17 18 16 0
split_gain=3660.61 6148.89 7403.93 1665.4 3485.6 26418.8 53869 4410.15 2119.7 2909.05 2373.22 6755.64 4517.68 1742.89 3060.72 1664.99 1307.9 968.815
threshold=1909.9650000000004 317.50000000000006 274.98000000000008 102.88745725141295 1.5000000000000002 229.03500000000003 9816.8300000000017 332.23500000000007 2.5000000000000004 2.5000000000000004 33083.785000000011 1115.5000000000002 537.33333333333337 14.500000000000002 102.09023749727501 22736.825000000004 180.95214285714289 36552.30000000001
decision_type=2 8 2 2 2 8 2 2 2 2 2 8 2 2 2 10 2 2
left_child=1 2 -1 4 5 6 -2 -7 9 15 11 -10 -12 14 -6 -5 -15 -11
right_child=3 -3 -4 8 13 7 -8 -9 10 17 12 -13 -14 16 -16 -17 -18 -19
leaf_value=-3.6943462053934755 8.368701616923012 0.83444677193959516 -0.1815294504165649 -1.280137234074729 0.037805610008410755 -0.21944898836156157 -0.10628300070762634 0.76523730198542284 -0.046249993053470273 -0.0018028544752221355 0.18560821873446304 -1.7347673535346986 2.2435996691385909 0.17411169552803041 1.1704113513231278 -0.44098398039411563 -0.095180957682414524 0.96505883534749359
leaf_weight=2.9999999999999973 3 3.0000000000000009 3 6.9999999999999991 1021 47 5 14.999999999999998 466 19.000000000000004 24.000000000000004 5.9999999999999991 2.9999999999999991 50 5.9999999999999991 38 459 2.9999999999999991
leaf_count=3 3 3 3 7 1021 47 5 15 466 19 24 6 3 50 6 38 459 3
internal_value=-0.00750974 -1.01381 -1.93794 -0.00333999 0.0226517 0.367702 3.07184 0.0187816 -0.0770903 -0.341156 -0.0416347 -0.0677142 0.414274 0.00692677 0.0444226 -0.571519 -0.0687278 0.130042
internal_weight=2181 9 6 2172 1606 70 8 62 566 67 499 472 27 1536 1027 45 509 22
internal_count=2181 9 6 2172 1606 70 8 62 566 67 499 472 27 1536 1027 45 509 22
is_linear=0
shrinkage=0.05


Tree=138
num_leaves=19
num_cat=0
split_feature=4 11 12 12 3 14 11 6 14 14 18 4 0 3 18 6 12 13
split_gain=1731.83 1592.68 1430.35 3866.17 29917.7 3752.09 3080.53 3011.71 14779.4 1956.29 2903.25 2529.38 1952.14 1913.43 301.757 285.869 143.4 72.4367
threshold=48944.500000000007 255.50000000000003 298.02000000000004 297.44500000000005 0.85956825771658785 284.57000000000005 212.50000000000003 1.5000000000000002 239.50000000000003 264.50000000000006 18831.720000000005 48055.000000000007 39995.650000000009 0.84372626772020565 27689.705000000005 17.500000000000004 14.840000000000002 125.84000000000002
decision_type=2 8 8 8 2 10 8 2 10 8 8 2 2 2 8 2 10 10
left_child=2 14 3 7 5 -5 13 8 -1 11 -11 -8 -9 -4 15 16 -2 -16
right_child=1 -3 6 4 -6 -7 9 12 -10 10 -12 -13 -14 -15 17 -17 -18 -19
leaf_value=1.9419940978288652 -0.50798442363738927 -1.445104722181956 -2.0671576817830402 -2.0204029381275186 5.2324986060460397 0.21628664992749688 0.16328716713100511 0.024761103747976701 -0.084180880834658953 0.35450205049094036 -0.12419454954417733 -0.29519480570322937 -0.64408352808518854 -0.28136614163716628 -0.73360501925150556 0.22232346534729006 -0.17701400849554275 -0.38614591757456451
leaf_weight=11.999999999999998 4.0000000000000062 2.9999999999999991 2.9999999999999991 2.9999999999999982 3 5 183 1324 36 34 463 36 10.999999999999998 3 2.9999999999999991 3.9999999999999991 18 3
leaf_count=12 4 3 3 3 3 5 183 1324 36 34 463 36 11 3 3 4 18 3
internal_value=0.00531214 -0.343528 0.0110822 0.0406671 0.974338 -0.622472 -0.0460388 0.0332409 0.422363 -0.0365845 -0.0914467 0.0879203 0.01925 -1.17426 -0.240255 -0.166496 -0.23719 -0.559875
internal_weight=2151 35 2116 1394 11 8 722 1383 48 716 497 219 1335 6 32 26 22 6
internal_count=2151 35 2116 1394 11 8 722 1383 48 716 497 219 1335 6 32 26 22 6
is_linear=0
shrinkage=0.05


Tree=139
num_leaves=23
num_cat=0
split_feature=17 6 3 6 14 3 12 3 4 6 16 11 11 11 15 1 11 13 0 13 1 16
split_gain=1846.88 2954.57 2804.98 2738.49 5437.28 39987.2 91964.8 14876.4 4320.5 7989.02 2521.38 1767.15 1605.75 1176.18 1357.63 17297.4 12203.2 1083.77 5869.21 1112.64 1023.55 836.064
threshold=102.88745725141295 2.5000000000000004 0.92452522222461953 9.5000000000000018 405.00000000000006 0.85956825771658785 291.50000000000006 0.85856601226811702 44735.000000000007 1.5000000000000002 306.50000000000006 1014.0000000000001 248.14500000000001 1160.0000000000002 549.08333333333337 31678.030000000002 1072.0000000000002 85.000000000000014 34400.950000000004 103.59500000000001 20539.530000000002 285.47714285714295
decision_type=2 2 2 2 8 2 10 2 2 2 2 10 10 10 2 2 8 8 2 8 2 2
left_child=3 2 11 4 8 7 -7 -6 10 -10 -1 12 -2 14 16 -16 -3 18 20 -19 -5 -21
right_child=1 13 -4 17 5 6 -8 -9 9 -11 -12 -13 -14 -15 15 -17 -18 19 -20 21 -22 -23
leaf_value=-0.079504066723148858 -0.58534968829025391 -0.036891237001542995 -1.8880453109741211 -0.10138957781924143 0.26185461488809997 -0.30128152370452876 10.772098318735756 -3.369719731807709 1.6834307646751405 0.20844542190731905 0.16286678547573508 -1.5053187608718872 -0.047545239925384522 0.81964806020259862 -0.034873647466301914 -3.9713217417399087 3.1628744284311932 -0.87378816604614262 2.3321628014246625 -0.087824518988844746 0.325618835117506 0.012299434031816558
leaf_weight=339 23 441 2.9999999999999991 36 47 5 3 2.9999999999999991 9.9999999999999982 112 157 2.9999999999999991 35 3.9999999999999991 40 2.9999999999999991 2.9999999999999991 3.9999999999999991 2.9999999999999991 418 23 416
leaf_count=339 23 441 3 36 47 5 3 3 10 112 157 3 35 4 40 3 3 4 3 418 23 416
internal_value=0.00255036 -0.0758882 -0.395425 0.0301731 0.106222 0.569102 3.85124 0.0439602 0.0627806 0.329346 -0.00278587 -0.322018 -0.260813 -0.0342377 -0.0412512 -0.30951 -0.0152712 -0.0269484 0.174769 -0.0418726 0.0650713 -0.0378826
internal_weight=2131 555 64 1576 676 58 8 50 618 122 496 61 58 491 487 43 444 900 62 838 59 834
internal_count=2131 555 64 1576 676 58 8 50 618 122 496 61 58 491 487 43 444 900 62 838 59 834
is_linear=0
shrinkage=0.05


Tree=140
num_leaves=23
num_cat=0
split_feature=18 11 11 11 18 7 0 1 15 6 13 0 11 7 13 18 11 0 18 13 16 1
split_gain=1711.31 11091.7 4218.32 5262.29 3032.76 3908.07 4879.36 2933.51 2925.75 6007.28 3036.34 2328.9 4553.4 11422.3 1894.29 1631.73 1520.9 4515.82 1515.83 1481.46 1427.05 1117.24
threshold=32048.085000000003 282.10000000000008 1110.5000000000002 1212.0000000000002 28581.665000000005 2.5000000000000004 34209.450000000004 22541.940000000002 173.66333333333338 6.5000000000000009 122.04500000000002 33435.900000000009 298.52000000000004 1.0000000180025095e-35 301.50000000000006 18220.810000000005 278.50000000000006 33301.650000000009 17525.575000000004 277.00000000000006 292.47000000000008 33588.250000000007
decision_type=10 10 8 10 10 2 2 2 2 2 8 2 8 2 10 10 10 2 8 10 2 2
left_child=4 -2 14 -4 11 6 19 -8 9 -7 -10 16 15 -14 21 -13 18 -18 -1 -6 -16 -3
right_child=1 2 3 -5 5 8 7 -9 10 -11 -12 12 13 -15 20 -17 17 -19 -20 -21 -22 -23
leaf_value=0.05788272584218588 3.1571739673614503 -0.15005432534170279 2.8851007461547855 -0.076398213704427065 -0.23826769134876394 -0.31255604028701783 0.01310507275841453 -0.90412950742812392 -1.1073064416646958 2.6472781817118318 -0.055069218010658422 0.64884468667830042 3.6332099278767864 0.38110257963891381 0.46305389508605005 0.058883853295214374 0.059813659072894126 -1.3208138585090639 -0.14027073277734167 0.58233517354184927 0.0481344829638337 0.16544708377216011
leaf_weight=134 2.9999999999999991 94 2.9999999999999991 3 11.000000000000002 3.9999999999999991 10.999999999999998 42 6.9999999999999991 3 333 11.999999999999998 3.0000000000000027 27 40 503 460 5.9999999999999991 345 10.999999999999998 43 40
leaf_count=134 3 94 3 3 11 4 11 42 7 3 333 12 3 27 40 503 460 6 345 11 43 40
internal_value=0.00706577 0.137179 0.0965508 1.40435 -0.00831367 -0.12664 -0.453927 -0.71376 -0.0559008 0.955944 -0.0767329 0.0251989 0.107512 0.706313 0.0603904 0.0726305 -0.0222727 0.0420373 -0.0848374 0.172034 0.248096 -0.0558748
internal_weight=2138 226 223 6 1912 422 75 53 347 7 340 1490 545 30 217 515 945 466 479 22 83 134
internal_count=2138 226 223 6 1912 422 75 53 347 7 340 1490 545 30 217 515 945 466 479 22 83 134
is_linear=0
shrinkage=0.05


Tree=141
num_leaves=14
num_cat=0
split_feature=2 14 15 11 17 3 1 14 17 0 14 4 2
split_gain=3344.29 5490.35 6728.49 1664.71 5175.16 1424.08 2512.41 4242.86 3718.12 1751.79 3068.48 1626.8 1041.2
threshold=1909.9650000000004 317.50000000000006 274.98000000000008 1115.5000000000002 299.28938837327331 0.57218032819223341 20306.510000000006 319.50000000000006 113.59239815251799 28230.700000000004 218.50000000000003 39715.000000000007 2803.7750000000001
decision_type=2 8 2 10 2 2 2 10 2 2 10 2 2
left_child=1 2 -1 5 -5 6 7 -2 -8 10 -7 -11 -6
right_child=3 -3 -4 4 12 9 8 -9 -10 11 -12 -13 -14
leaf_value=-3.5110386530558291 -0.093940055030268726 0.78305771748224851 -0.1622862895329793 2.0581350803375247 -0.58636652708053583 -1.5182420349121084 0.12080912366509433 1.7989052851994831 -1.3253724861145022 0.071140885678441887 -0.10916785043390359 -0.023500805909556527 0.591878535846869
leaf_weight=2.9999999999999973 225 3.0000000000000009 3 3.9999999999999991 5 5.0000000000000027 8.0000000000000018 2.9999999999999991 9.9999999999999982 831 17 1001 3
leaf_count=3 225 3 3 4 5 5 8 3 10 831 17 1001 3
internal_value=-0.00163828 -0.963422 -1.83666 0.00246023 0.589695 -0.000895401 -0.113931 -0.0690342 -0.682625 0.0141029 -0.429412 0.0194289 -0.144525
internal_weight=2121 9 6 2112 12 2100 246 228 18 1854 22 1832 8
internal_count=2121 9 6 2112 12 2100 246 228 18 1854 22 1832 8
is_linear=0
shrinkage=0.05


Tree=142
num_leaves=20
num_cat=0
split_feature=0 11 11 4 4 4 18 11 12 11 11 14 0 13 18 17 13 14 14
split_gain=2145.87 6561.24 10224.4 1568.4 1679.51 8194.77 5905.77 24175.9 4647.71 2262.45 1462.87 1186.53 286.291 288.88 282.677 241.544 235.296 195.766 137.885
threshold=40189.600000000006 284.57000000000005 259.50000000000006 48944.500000000007 43377.500000000007 43067.500000000007 29318.425000000007 289.05500000000006 202.55500000000004 415.00000000000006 250.02000000000001 333.50000000000006 36445.600000000006 125.84000000000002 28952.730000000007 111.20407813529734 289.16500000000008 114.50000000000001 240.50000000000003
decision_type=2 10 10 2 2 2 10 8 10 10 8 10 2 10 8 2 10 10 8
left_child=3 2 11 4 5 9 7 -6 -8 -1 12 -2 15 -14 -7 -5 -3 -18 -19
right_child=1 16 -4 10 6 14 8 -9 -10 -11 -12 -13 13 -15 -16 -17 17 18 -20
leaf_value=-0.01899536928937871 -0.15620082020759574 0.1990438461303711 3.8755145708719887 0.31209745705127689 0.18906923705815443 -0.96622217785228348 0.81308866270950864 4.7008854071299231 -0.1190102577757676 0.59817879517873129 -1.2407739460468292 1.0616504669189453 -0.76535363197326578 -0.23739191403514459 -1.3928685188293457 -0.28141062060991912 0.06203848123550415 -0.58414766311645527 -0.21281834900379173
leaf_weight=1477 4.0000000000000018 2.9999999999999991 2.9999999999999991 4.0000000000000027 288 11.000000000000002 13.999999999999998 2.9999999999999991 299 14.999999999999998 3.9999999999999991 4 3.0000000000000027 19 5.9999999999999991 3 2.9999999999999991 4.9999999999999973 5.0000000000000009
leaf_count=1477 4 3 3 4 288 11 14 3 299 15 4 4 3 19 6 3 3 5 5
internal_value=0.00320568 0.446176 1.38621 -0.00236757 0.00297427 -0.0252281 0.0734334 0.235583 -0.0773189 -0.0127905 -0.344407 0.452725 -0.220771 -0.309387 -1.1168 0.0577369 -0.200099 -0.292209 -0.398483
internal_weight=2173 27 11 2146 2113 1509 604 291 313 1492 33 8 29 22 17 7 16 13 10
internal_count=2173 27 11 2146 2113 1509 604 291 313 1492 33 8 29 22 17 7 16 13 10
is_linear=0
shrinkage=0.05


Tree=143
num_leaves=20
num_cat=0
split_feature=11 3 14 5 14 17 17 1 15 0 3 11 11 3 6 15 6 0 11
split_gain=1644.3 8817.12 11668.6 1957.88 1433.56 4553.3 33026.7 69853 27551.2 2385.47 1366.95 4943.17 3472.99 1988.89 2004.55 1939.24 696.195 403.098 36.7751
threshold=1014.0000000000001 0.91896301605946917 266.00000000000006 1.5000000000000002 349.50000000000006 35.873827382138458 37.111854831086752 27535.250000000004 313.40000000000003 40328.000000000007 0.92832395973815274 233.50000000000003 274.50000000000006 0.90188378930635749 1.5000000000000002 281.70166666666677 3.5000000000000004 34133.650000000001 1095.5000000000002
decision_type=10 2 8 2 8 2 2 2 2 2 2 10 10 2 2 2 2 2 10
left_child=4 2 -2 -3 10 8 7 -7 16 -8 13 -12 -13 14 -1 -15 -6 -5 -4
right_child=1 3 18 17 5 6 9 -9 -10 -11 11 12 -14 15 -16 -17 -18 -19 -20
leaf_value=0.2611332312799417 -3.2321178627014149 1.2513587999343874 -0.085401833057403509 0.26501735359430312 0.53966519236564603 -0.2824599230289459 0.065699955110782984 9.3683095296223922 -5.018747202555339 1.4829253355662029 -2.1652066707611084 0.35235131209896459 -0.24866783410728535 0.0062564027214807184 -0.022608589100409898 0.40516127719212386 -0.10457015083386348 -0.4681023279825845 0.16216995914777116
leaf_weight=65 5.0000000000000009 4.9999999999999991 3.0000000000000009 5 5.0000000000000027 5 289 3 2.9999999999999991 2.9999999999999991 2.9999999999999991 31 107 63 1469 59 26 3 3
leaf_count=65 5 5 3 5 5 5 289 3 3 3 3 31 107 63 1469 59 26 3 3
internal_value=0.00518764 -0.406363 -1.44821 0.475198 0.00982265 0.104946 0.167096 3.33658 -0.443434 0.0802605 -0.00785747 -0.157306 -0.113656 0.00486734 -0.0105856 0.199169 -0.000661225 -0.00990253 0.0383841
internal_weight=2155 24 11 13 2131 334 300 8 34 292 1797 141 138 1656 1534 122 31 8 6
internal_count=2155 24 11 13 2131 334 300 8 34 292 1797 141 138 1656 1534 122 31 8 6
is_linear=0
shrinkage=0.05


Tree=144
num_leaves=13
num_cat=0
split_feature=3 1 4 11 14 16 15 15 12 11 13 13
split_gain=3671.21 3429.39 1331.27 1360.77 1144.95 26429.7 25382.1 867.809 14239.1 7758.17 265.401 415.073
threshold=0.95075228228698749 37020.420000000006 48944.500000000007 255.50000000000003 inf 304.02857142857152 321.80000000000007 549.08333333333337 250.02000000000001 1095.5000000000002 269.50000000000006 264.50000000000006
decision_type=2 2 2 8 8 2 2 2 8 8 10 10
left_child=2 -2 4 10 7 6 -6 9 -9 -1 11 -4
right_child=1 -3 3 -5 5 -7 -8 8 -10 -11 -12 -13
leaf_value=0.00077867316579987656 2.4199832757314046 0.029239982863267257 -0.28555898785591116 -1.3411067893107733 -0.14155934510867946 -4.1548312187194822 4.5181916713714605 -3.0649381637573243 0.057086209207773214 2.2050794370472433 -0.60598431825637822 0.16179395062582835
leaf_weight=1923 2.9999999999999991 3 20.000000000000007 2.9999999999999991 113 3.9999999999999991 2.9999999999999991 3.9999999999999991 42 3.9999999999999991 3.9999999999999991 6.9999999999999991
leaf_count=1923 3 3 20 3 113 4 3 4 42 4 4 7
internal_value=-0.0104471 1.22461 -0.013931 -0.324291 -0.00888934 -0.158841 -0.0210485 0.000230904 -0.214394 0.00535428 -0.225889 -0.169579
internal_weight=2133 6 2127 34 2093 120 116 1973 46 1927 31 27
internal_count=2133 6 2127 34 2093 120 116 1973 46 1927 31 27
is_linear=0
shrinkage=0.05


Tree=145
num_leaves=20
num_cat=0
split_feature=11 17 11 11 13 4 0 15 4 4 4 11 1 17 11 14 1 14 1
split_gain=4827.96 26102.1 2549.99 2229.37 5937.31 50749 19426.2 3134.69 2758.09 7811.26 4202.16 2702.4 2331.22 2048.94 1860.28 1730.28 1647.97 1238.11 380.591
threshold=1115.5000000000002 298.5659591873623 1160.0000000000002 310.44500000000005 333.50000000000006 34732.500000000007 32935.80000000001 268.16666666666669 43377.500000000007 43067.500000000007 44860.000000000007 299.51000000000005 29973.405000000002 41.556037467957111 278.50000000000006 348.50000000000006 32779.180000000008 328.50000000000006 28403.875000000004
decision_type=10 2 8 10 10 2 2 2 2 2 2 10 2 2 8 8 2 10 2
left_child=3 -2 -3 8 7 6 -6 13 9 14 12 -12 -10 -5 -1 -9 -7 -4 -11
right_child=1 2 17 4 5 16 -8 15 10 18 11 -13 -14 -15 -16 -17 -18 -19 -20
leaf_value=-0.049712067415492368 5.0485333760579429 -1.5270804405212413 0.97652105490366559 -1.6871996879577638 -7.7654801050821947 -0.0067253028257535062 -2.0754077275594072 -0.059093788667394301 0.26879594314322319 -0.53153014183044378 0.0054365454345760462 0.41242073323253703 0.80287059106760561 -0.3805056409755101 0.076363703951456835 0.18614406125864599 -1.0599147886037827 -0.45997239549954722 -1.1484506320953369
leaf_weight=690 2.9999999999999991 2.9999999999999973 3.0000000000000009 3.9999999999999991 2.9999999999999991 52 3 263 84 3.0000000000000027 360 46 27 11.999999999999998 508 99 3.9999999999999991 3 14.999999999999998
leaf_count=690 3 3 3 4 3 52 3 263 84 3 360 46 27 12 508 99 4 3 15
internal_value=0.0093495 1.0095 -0.336844 0.00382635 -0.0966825 -0.550194 -4.92044 -0.022297 0.029345 -0.0117845 0.126083 0.0515481 0.398706 -0.707179 0.00374911 0.00797402 -0.0819531 0.258274 -1.04563
internal_weight=2185 12 9 2173 440 62 6 378 1733 1216 517 406 111 16 1198 362 56 6 18
internal_count=2185 12 9 2173 440 62 6 378 1733 1216 517 406 111 16 1198 362 56 6 18
is_linear=0
shrinkage=0.05


Tree=146
num_leaves=18
num_cat=0
split_feature=11 15 4 7 0 16 4 7 0 4 1 18 11 2 15 1 2
split_gain=2662.76 12967.3 1288.32 2856.87 3167.3 1402.14 1368.03 5230.2 14856.3 3297.65 3536.12 2712.52 2006.64 1063.38 773.295 594.985 11.0542
threshold=1115.5000000000002 571.83333333333348 48055.000000000007 1.5000000000000002 39995.650000000009 183.21428571428575 43672.500000000007 1.0000000180025095e-35 36771.900000000009 43067.500000000007 28355.780000000006 22862.125000000004 415.00000000000006 4414.1900000000014 591.66666666666686 26964.485000000004 4278.3100000000013
decision_type=10 2 2 2 2 2 2 2 2 2 2 10 10 2 2 2 2
left_child=2 -2 6 13 5 -5 9 8 -8 12 -11 -9 -1 16 -3 -15 -4
right_child=1 14 3 4 -6 -7 7 11 -10 10 -12 -13 -14 15 -16 -17 -18
leaf_value=-0.010772621195932624 -3.5516666412353524 1.0420224507649738 0.73978260159492493 -0.051629658172959871 -1.5396905565261843 -0.43993985148820469 0.33059086856387909 0.32845758344654158 4.0920898755391439 0.0061350984608425814 -1.0136854340048398 -0.014470419212326705 0.66706914359872993 0.32657670612846101 -0.093242188294728579 -0.040645682102499102 0.61281545956929506
leaf_weight=1469 2.9999999999999982 3 3.9999999999999991 46 4.9999999999999991 47 21.000000000000004 69 2.9999999999999991 17 17 351 10.999999999999998 13.999999999999998 3 52 3
leaf_count=1469 3 3 4 46 5 47 21 69 3 17 17 351 11 14 3 52 3
internal_value=-0.00940861 -0.867629 -0.00578063 -0.137395 -0.313782 -0.247872 0.00571377 0.0828899 0.800778 -0.0169191 -0.503775 0.0418678 -0.00573461 0.0993983 0.47439 0.03725 0.685368
internal_weight=2138 9 2129 171 98 93 1958 444 24 1514 34 420 1480 73 6 66 7
internal_count=2138 9 2129 171 98 93 1958 444 24 1514 34 420 1480 73 6 66 7
is_linear=0
shrinkage=0.05


Tree=147
num_leaves=18
num_cat=0
split_feature=4 18 11 18 11 18 14 17 16 14 18 18 3 3 18 16 12
split_gain=1268.3 1120.35 9954.7 2253.82 19922.6 4517.94 24496.8 1754.18 1307.11 1273.17 1576.04 729.261 521.002 333.321 152.892 178.09 141.715
threshold=48944.500000000007 21435.890000000003 309.50000000000006 21997.590000000004 290.06000000000006 22247.160000000003 285.16500000000002 54.246978614318813 107.96214285714287 339.50000000000006 21339.330000000005 28420.045000000002 0.85065283490952159 0.71866180326464002 21161.355000000007 124.64285714285715 124.90500000000002
decision_type=2 10 10 10 8 10 8 2 2 10 10 8 2 2 10 2 8
left_child=1 2 9 4 8 6 -5 -7 -3 10 -1 13 -11 -2 16 -16 -15
right_child=11 3 -4 5 -6 7 -8 -9 -10 12 -12 -13 -14 14 15 -17 -18
leaf_value=0.057795701589996785 0.2630947917699808 0.90844115813573212 2.5558808088302616 0.062962896358221762 -4.2784025947252911 -0.059837149153649842 4.9081814169883735 0.049028069418538309 -0.1601846060445232 -0.4381901125113169 0.76528172343969347 -1.0551697015762329 0.099811110645532608 -0.26645121574401848 -0.55678413137793548 -0.21144850722381048 0.14429039160410556
leaf_weight=491 3.0000000000000062 2.9999999999999991 3.9999999999999991 20.000000000000004 2.9999999999999991 828 2.9999999999999991 669 62 18.000000000000004 7.9999999999999991 2.9999999999999991 5.9999999999999991 7.0000000000000009 7.9999999999999982 7 3.0000000000000009
leaf_count=491 3 3 4 20 3 828 3 669 62 18 8 3 6 7 8 7 3
internal_value=0.00321019 0.00786383 0.071034 -0.0131001 -0.294725 -0.000501039 0.694948 -0.011186 -0.110863 0.0520294 0.0691382 -0.314288 -0.30369 -0.234908 -0.294668 -0.395628 -0.143229
internal_weight=2146 2115 527 1588 68 1520 23 1497 65 523 499 31 24 28 25 15 10
internal_count=2146 2115 527 1588 68 1520 23 1497 65 523 499 31 24 28 25 15 10
is_linear=0
shrinkage=0.05


Tree=148
num_leaves=16
num_cat=0
split_feature=11 17 0 16 16 16 6 4 14 16 12 6 14 17 12
split_gain=10200.5 18643.2 1251.63 4232.78 9438.01 3436.07 1355.06 1031.83 1756.18 21551.3 1080.67 732.186 604.854 526.181 561.652
threshold=1115.5000000000002 299.28938837327331 39776.05000000001 207.35714285714289 234.3557142857143 183.21428571428575 6.5000000000000009 28185.000000000004 1160.0000000000002 297.42500000000001 233.50000000000003 3.5000000000000004 328.50000000000006 43.74515229773565 290.06000000000006
decision_type=10 2 2 2 2 2 2 2 8 2 10 2 10 2 8
left_child=2 -2 7 5 -5 11 -6 13 10 -10 -9 -4 -3 -1 -15
right_child=1 12 3 4 6 -7 -8 8 9 -11 -12 -13 -14 14 -16
leaf_value=0.73994327068328802 4.894677035013836 0.56927401224772123 -0.45237172643343621 2.7953719258308412 0.087458972922629774 -1.7919223546981808 1.0735522091388703 -0.075702420966505701 0.13697805565922228 -1.839728318943697 0.010640981308064292 0.65230436722437524 -0.4347631017367044 0.29326205679348533 -0.2963897478580475
leaf_weight=5.0000000000000027 2.9999999999999982 3 2.9999999999999982 3.9999999999999991 27.000000000000004 4 3.9999999999999991 480 73 17 1479 3 3 21.000000000000004 4.9999999999999991
leaf_count=5 3 3 3 4 27 4 4 480 73 17 1479 3 3 21 5
internal_value=-0.00334681 1.6764 -0.010461 0.250427 0.509631 -0.656789 0.214697 -0.0161052 -0.0204369 -0.2364 -0.0105151 0.0999663 0.0672555 0.270202 0.179867
internal_weight=2134 9 2125 45 35 10 31 2080 2049 90 1959 6 6 31 26
internal_count=2134 9 2125 45 35 10 31 2080 2049 90 1959 6 6 31 26
is_linear=0
shrinkage=0.05


Tree=149
num_leaves=20
num_cat=0
split_feature=18 11 14 2 2 11 7 3 6 13 11 2 13 11 11 3 7 15 17
split_gain=1349.28 5060.34 4703.92 56238.5 3917.95 1495.9 3451.71 1872.32 1538.84 1243.98 2193.39 3157.83 1543.17 1702.58 1227.7 1326.62 1113.13 1106.59 891.108
threshold=21485.870000000006 309.50000000000006 inf 4592.4700000000012 7571.6050000000005 14.905000000000003 2.5000000000000004 0.72519789624588504 15.500000000000002 300.50000000000006 279.50000000000006 4437.9100000000008 275.49000000000007 278.50000000000006 28.645000000000003 0.61456706175205544 5.5000000000000009 309.01833333333337 40.67484329271047
decision_type=10 10 8 2 2 10 2 2 2 10 10 2 10 10 10 2 2 2 2
left_child=1 9 5 -4 -5 6 8 -8 -2 12 11 -11 17 -14 -7 -16 -6 -1 -12
right_child=2 -3 3 4 16 14 7 -9 -10 10 18 -13 13 -15 15 -17 -18 -19 -20
leaf_value=0.04658211369325619 0.10809720188379289 1.6401881408691406 -7.1410700162251786 -1.8761204083760579 -0.18020829177047645 1.0028644561767579 -1.457282102108002 -0.2238868835568428 -0.52896523816654317 -1.4331467318534852 0.82884088357289587 -0.14290383807990864 0.16508169639855624 0.72784329950809479 -0.13126319530778205 0.0085556171038027474 0.30135414858038229 -0.4880005502700806 0.14462256969317147
leaf_weight=303 35 4.9999999999999991 2.9999999999999991 2.9999999999999991 36 2.9999999999999991 7.9999999999999982 5 12.999999999999998 4.9999999999999991 6.0000000000000027 92 84 15.999999999999998 195 1305 18 9.9999999999999982 23
leaf_count=303 35 5 3 3 36 3 8 5 13 5 6 92 84 16 195 1305 18 10 23
internal_value=-0.0112888 0.0568642 -0.0341183 -0.468578 -0.117394 -0.0174511 -0.260178 -0.982899 -0.0644405 0.0421766 -0.0953454 -0.209411 0.0841325 0.255124 -0.0075999 -0.00962083 -0.0196875 0.0295028 0.286185
internal_weight=2168 544 1624 60 57 1564 61 13 48 539 126 97 413 100 1503 1500 54 313 29
internal_count=2168 544 1624 60 57 1564 61 13 48 539 126 97 413 100 1503 1500 54 313 29
is_linear=0
shrinkage=0.05


Tree=150
num_leaves=21
num_cat=0
split_feature=17 3 11 11 11 11 5 17 0 3 2 1 15 13 11 0 14 4 0 13
split_gain=946.98 2513.03 4465.08 8341.59 3828.77 1483.5 1569.49 1500.7 5581.88 1602.3 3041.08 2538.59 1427.53 1216.04 2064.93 1054.61 526.507 458.11 27.0261 2.85574
threshold=142.70784088558261 0.92230444861764904 1115.5000000000002 1160.0000000000002 1115.5000000000002 415.00000000000006 1.5000000000000002 130.71058768772789 38389.80000000001 0.55065387518197906 16822.715 19682.565000000006 537.33333333333337 339.50000000000006 209.96000000000001 33934.250000000007 238.00000000000003 43672.500000000007 30669.250000000004 292.27000000000004
decision_type=2 2 8 10 10 10 2 2 2 2 2 2 2 10 10 2 10 2 2 10
left_child=5 2 13 -4 12 7 -7 9 15 11 -11 -1 16 14 -2 -9 -3 -15 -8 -20
right_child=1 4 3 -5 -6 6 18 8 -10 10 -12 -13 -14 17 -16 -17 -18 -19 19 -21
leaf_value=-0.089083715477565523 -1.4788600603739421 0.87139103412628194 -2.8794272184371952 0.60838224887847892 2.1321058909098309 1.5504178682963055 0.35239047209421809 -0.14553292923503452 2.3744650443394977 0.0067078679910880599 1.3869943872792647 -0.75227853022515778 -0.81318502028783135 -0.078468223923334371 -0.15357609097749511 0.37052517231892457 0.060136662423610682 0.19089470262590208 0.13409520387649532 0.20308481057484939
leaf_weight=147 2.9999999999999991 3.9999999999999982 3.9999999999999991 3 2.9999999999999991 2.9999999999999991 2.9999999999999982 18 2.9999999999999991 1683 3.9999999999999991 15.999999999999998 3 27 145 22 4 38 3 3
leaf_count=147 3 4 4 3 3 3 3 18 3 1683 4 16 3 27 145 22 4 38 3 3
internal_value=-0.00584318 -0.100767 -0.142101 -1.38465 0.548777 0.00581673 0.559997 0.0023037 0.294311 -0.00448348 0.00998063 -0.154183 0.11696 -0.101266 -0.18044 0.138299 0.465764 0.0790055 0.229857 0.16859
internal_weight=2139 234 220 7 14 1905 12 1893 43 1850 1687 163 11 213 148 40 8 65 9 6
internal_count=2139 234 220 7 14 1905 12 1893 43 1850 1687 163 11 213 148 40 8 65 9 6
is_linear=0
shrinkage=0.05


Tree=151
num_leaves=23
num_cat=0
split_feature=17 3 11 17 11 6 11 16 6 11 14 2 6 2 1 13 13 11 6 11 17 13
split_gain=1327.19 2229.58 3757.68 8695.42 3526.56 1666.8 1495.96 1457.63 1350.84 2081.52 3478.49 2192.69 1288.49 1121.26 1775.64 1061.69 996.492 855.767 687.536 401.384 54.3222 8.74042
threshold=148.22440988237682 0.92230444861764904 1014.0000000000001 299.28938837327331 1115.5000000000002 6.5000000000000009 415.00000000000006 311.07142857142861 14.500000000000002 398.70000000000005 252.88000000000002 8029.3500000000013 2.5000000000000004 6259.3250000000007 22129.550000000007 282.24000000000007 314.00000000000006 293.50000000000006 1.5000000000000002 1010.5000000000001 64.726701233340719 292.27000000000004
decision_type=2 2 10 2 10 2 10 2 2 10 10 2 2 2 2 8 10 10 2 8 2 10
left_child=6 2 7 -4 5 -3 8 18 9 11 -11 -1 -8 14 -10 -5 -9 -15 -2 -7 -14 -22
right_child=1 4 3 15 -6 19 12 16 13 10 -12 -13 20 17 -16 -17 -18 -19 -20 -21 21 -23
leaf_value=0.11304212383571671 -1.1029378461837771 -0.91356187264124555 -2.6113721013069155 -0.68861392438411739 2.0255005518595381 0.92564646402994788 1.4728969573974611 -0.13902852272683824 -1.3336396535237631 -2.0889106591542563 0.31888591845830278 -0.017083897524908718 0.45009927352269508 -0.035677579827606679 -0.11018553142899712 0.36301516393820438 0.099257409719463729 0.14178253856953235 -0.22346181068569418 0.1940872108936309 0.12917015651861824 0.24986550410588576
leaf_weight=652 4.9999999999999982 2.9999999999999991 4.9999999999999991 3.9999999999999973 2.9999999999999991 2.9999999999999991 2.9999999999999991 135 2.9999999999999991 2.9999999999999991 3 643 2.9999999999999982 245 259 6.0000000000000009 65 94 4 5.0000000000000009 3 3
leaf_count=652 5 3 5 4 3 3 3 135 3 3 3 643 3 245 259 6 65 94 4 5 3 3
internal_value=0.00515169 -0.1062 -0.144459 -0.908882 0.505942 0.0915173 0.018998 -0.0895964 0.0154869 0.0441264 -0.885012 0.0484313 0.575508 -0.0465099 -0.124195 -0.0576365 -0.0615856 0.0135297 -0.71206 0.468422 0.276378 0.189518
internal_weight=2152 238 224 15 14 11 1914 209 1902 1301 6 1295 12 601 262 10 200 339 9 8 9 6
internal_count=2152 238 224 15 14 11 1914 209 1902 1301 6 1295 12 601 262 10 200 339 9 8 9 6
is_linear=0
shrinkage=0.05


Tree=152
num_leaves=18
num_cat=0
split_feature=4 11 18 3 15 18 0 2 13 11 18 18 8 6 17 17 13
split_gain=1034.51 1063.29 21325 15303 2409.93 3192.74 2225.65 10245 2951.91 1960.04 6253.43 1680.72 1410 595.89 233.253 269.226 181.499
threshold=28185.000000000004 317.50000000000006 24627.340000000004 0.86005244128357228 269.6783333333334 30050.475000000002 40189.600000000006 7700.9950000000008 285.16500000000002 298.52000000000004 21339.330000000005 28042.045000000006 2.5000000000000004 2.5000000000000004 43.880700932134566 44.639151073142948 287.56
decision_type=2 10 10 2 2 8 2 2 8 8 8 10 2 2 2 2 10
left_child=13 6 3 -3 5 -4 9 8 -8 11 -11 -2 -6 -1 -15 -16 -17
right_child=1 2 4 -5 12 -7 7 -9 -10 10 -12 -13 -14 14 15 16 -18
leaf_value=0.94638080596923835 0.00060630525613844294 -5.5191013654073089 -0.3041115491650998 -0.79502060413360587 -0.19665057678253225 -2.0816036224365235 -1.4682861735423398 2.7912106364965439 0.3011257941072637 1.4159746328989664 0.077057246539867702 -0.14713104239199312 0.042307718532203976 0.6236042658487948 -0.28751703898111947 0.52220733165740929 0.15164210310107784
leaf_weight=2.9999999999999991 1131 2.9999999999999991 16.000000000000004 4 78 2.9999999999999991 3.0000000000000009 3.9999999999999991 11 8.9999999999999982 281 232 296 3.0000000000000027 3.0000000000000027 4.0000000000000027 19
leaf_count=3 1131 3 16 4 78 3 3 4 11 9 281 232 296 3 3 4 19
internal_value=-0.00657425 -0.0109334 -0.0841591 -2.81963 -0.0354358 -0.584768 0.00659519 0.559576 -0.0780339 0.000573616 0.11861 -0.0245405 -0.0075285 0.275545 0.206148 0.15798 0.216088
internal_weight=2103 2071 400 7 393 19 1671 18 14 1653 290 1363 374 32 29 26 23
internal_count=2103 2071 400 7 393 19 1671 18 14 1653 290 1363 374 32 29 26 23
is_linear=0
shrinkage=0.05


Tree=153
num_leaves=12
num_cat=0
split_feature=3 11 17 0 0 11 0 18 0 11 0
split_gain=5204.74 3092.25 23696.2 1176.04 7314.87 19420.7 3507.33 10631 1434.96 847.019 553.606
threshold=0.95075228228698749 1115.5000000000002 298.5659591873623 32301.700000000004 32375.300000000007 328.50000000000006 32250.750000000004 22153.585000000003 32696.500000000004 233.50000000000003 34722.200000000004
decision_type=2 10 2 2 2 10 2 10 2 8 2
left_child=1 3 -3 6 5 -5 9 -8 -6 -1 -4
right_child=-2 2 10 4 8 -7 7 -9 -10 -11 -12
leaf_value=-0.12097342906758571 -1.8000401318073274 4.6003265380859393 -0.32588303387165063 0.25626079004544478 -0.18908549431457977 4.7192956407864894 -3.4533495823542242 -0.19282685595874985 0.030880041517723496 -0.0010214847790387771 -1.2244053641955055
leaf_weight=195 3.9999999999999991 2.9999999999999982 4 12.999999999999998 79 2.9999999999999991 3.0000000000000027 14.999999999999998 1206 600 3
leaf_count=195 4 3 4 13 79 3 3 15 1206 600 3
internal_value=0.00186173 0.00525514 0.882423 0.00110581 0.0305864 1.09308 -0.0460703 -0.736247 0.0173569 -0.0304437 -0.710964
internal_weight=2128 2124 10 2114 1301 16 813 18 1285 795 7
internal_count=2128 2124 10 2114 1301 16 813 18 1285 795 7
is_linear=0
shrinkage=0.05


Tree=154
num_leaves=12
num_cat=0
split_feature=3 0 2 4 3 11 4 13 4 13 3
split_gain=2253.36 4657.45 1374.84 992.441 2073.04 1849.17 1146.94 5886.17 5734.5 668.551 99.3
threshold=0.95075228228698749 39048.55000000001 1965.8250000000003 48055.000000000007 0.8874831876760686 244.50000000000003 43377.500000000007 294.44500000000005 43067.500000000007 295.43000000000006 0.89112230110866553
decision_type=2 2 2 2 2 10 2 10 2 8 2
left_child=2 -2 9 6 5 -5 8 -8 -4 -1 -6
right_child=1 -3 3 4 10 -7 7 -9 -10 -11 -12
leaf_value=-1.0030301475524908 2.3868910153706868 -0.21927682906389234 0.0011410095291001841 0.04925216624369988 0.49349219799041744 -0.29835464441648096 -0.030862108796834948 0.37171370493809858 -0.9225049930460314 -0.13578189611434929 0.84580597877502428
leaf_weight=4.9999999999999973 2.9999999999999991 4 1461 65 4 93 325 126 17 4.0000000000000009 4
leaf_count=5 3 4 1461 65 4 93 325 126 17 4 4
internal_value=0.00204977 0.897652 -0.000929898 0.00171922 -0.115593 -0.155352 0.0118145 0.0816092 -0.00948279 -0.617586 0.669649
internal_weight=2111 7 2104 2095 166 158 1929 451 1478 9 8
internal_count=2111 7 2104 2095 166 158 1929 451 1478 9 8
is_linear=0
shrinkage=0.05


Tree=155
num_leaves=15
num_cat=0
split_feature=11 11 0 4 14 3 1 13 2 15 18 14 6 14
split_gain=3807.01 8779.18 2399.26 6842.64 2123.89 1348.1 2522.87 2234.96 3359.3 2538.93 699.156 645.118 538.936 223.607
threshold=1115.5000000000002 1118.5000000000002 40189.600000000006 47985.000000000007 342.50000000000006 0.55065387518197906 19682.565000000006 119.50000000000001 12746.895000000002 256.72833333333341 32048.085000000003 290.06000000000006 2.5000000000000004 249.31500000000003
decision_type=10 8 2 2 8 2 2 8 2 2 8 8 2 8
left_child=2 -2 5 4 13 6 11 8 -7 -9 -3 -1 -8 -4
right_child=1 10 3 -5 -6 7 12 9 -10 -11 -12 -13 -14 -15
leaf_value=-0.041098198090438492 2.8041786909103408 -0.66814622481664021 -0.39744362405368228 2.1426845696568488 1.2662898222605388 0.07753764537319674 -1.2577305004000665 -0.12577426084627708 0.69831725000231359 0.020751357000519818 0.2973632764816283 -0.33308366374535997 -0.57999853545969182 -0.0104854354634881
leaf_weight=135 3.9999999999999973 2.9999999999999991 7.0000000000000044 4.9999999999999991 2.9999999999999991 113 3.9999999999999991 375 27 1397 5.0000000000000009 22 10.999999999999998 8
leaf_count=135 4 3 7 5 3 113 4 375 27 1397 5 22 11 8
internal_value=0.00353894 0.891591 -0.00151879 0.506361 0.0518267 -0.00712399 -0.141204 0.00493756 0.197259 -0.0102572 -0.0647028 -0.0820134 -0.760727 -0.191066
internal_weight=2119 12 2107 23 18 2084 172 1912 140 1772 8 157 15 15
internal_count=2119 12 2107 23 18 2084 172 1912 140 1772 8 157 15 15
is_linear=0
shrinkage=0.05


Tree=156
num_leaves=15
num_cat=0
split_feature=3 14 15 18 17 18 13 18 18 4 4 16 15 16
split_gain=7724.11 2889.67 29336.8 24492 2059.48 938.324 8632.66 2481.39 2193.91 2662.93 2584.49 930.494 1496.87 1349.46
threshold=0.95075228228698749 1225.5000000000002 314.63333333333338 22452.080000000005 41.659206379827758 31811.125000000004 202.55500000000004 31943.725000000002 28481.805000000004 43672.500000000007 43067.500000000007 291.19071428571436 294.37833333333339 299.85642857142858
decision_type=2 8 2 8 2 10 10 10 10 2 2 2 2 2
left_child=1 5 11 -4 -5 8 -7 -8 9 -1 -10 12 -3 -13
right_child=-2 2 3 4 -6 6 7 -9 10 -11 -12 13 -14 -15
leaf_value=-0.015318391673378361 -2.2094958245754244 0.042998986060420678 -5.8718387842178377 0.10549478530883782 -1.747195456922054 2.7609734376271566 0.79651260375976562 0.02817015246904277 -0.0085700531524081948 0.15518071820522297 -0.26603994737870945 0.66197180926799781 -0.41067510067174839 -0.54712656339009602
leaf_weight=1036 3.9999999999999991 75 3.9999999999999973 3.0000000000000009 3 2.9999999999999991 10.999999999999998 235 247 294 161 9.9999999999999982 24 2.9999999999999991
leaf_count=1036 4 75 4 3 3 3 11 235 247 294 161 10 24 3
internal_value=-0.0144036 -0.0102403 -0.246438 -2.84125 -0.82085 0.004262 0.0950383 0.0625269 -0.00874336 0.0223709 -0.11017 -0.0147584 -0.0669826 0.382949
internal_weight=2113 2109 122 10 6 1987 249 246 1738 1330 408 112 99 13
internal_count=2113 2109 122 10 6 1987 249 246 1738 1330 408 112 99 13
is_linear=0
shrinkage=0.05


Tree=157
num_leaves=25
num_cat=0
split_feature=4 4 18 2 3 7 2 14 0 14 13 11 12 15 11 0 3 17 2 0 0 2 5 13
split_gain=1149.89 3948.68 3082.11 8627 3678.22 2990.75 2128.87 1855.18 1607.98 5776.06 23815.5 2075.48 1595.45 1337.58 1150.68 1103.9 1249.24 1039.32 1592.67 941.69 924.021 648.249 580.024 564.804
threshold=39715.000000000007 41515.000000000007 25815.825000000004 1909.9650000000004 0.94872854792453343 4.5000000000000009 14696.625000000002 15.505000000000001 31967.750000000004 26.405000000000005 329.50000000000006 415.00000000000006 254.62500000000003 390.16666666666669 299.01000000000005 29733.850000000002 0.8576900388354588 62.881158046584481 5988.1900000000014 34133.650000000001 29795.100000000002 2758.8600000000001 1.0000000180025095e-35 280.75000000000006
decision_type=2 2 10 2 2 2 2 10 2 10 10 8 8 2 8 2 2 2 2 2 2 2 2 10
left_child=8 7 4 -4 5 -3 -5 -2 12 10 14 13 17 -11 -10 21 -17 20 -19 22 -1 -14 -9 -21
right_child=1 2 3 6 -6 -7 -8 19 9 11 -12 -13 15 -15 -16 16 -18 18 -20 23 -22 -23 -24 -25
leaf_value=-0.03332314044237137 -1.244561278820038 0.029555358835242015 -2.7405707200368248 -0.038880471319960225 1.6275867581367494 0.40209259990769541 -0.66248370281287605 -0.68426610839863622 0.84112211942672621 0.072361767850329925 4.3885335922241211 1.2021746873855592 0.6188080072402955 -0.51340678632259373 -0.027861203812062741 -0.041887039881964613 -0.25339527613212987 0.46340713632603486 -0.094932583145537361 0.080508641064167025 0.30209095005865222 0.089065272835167977 -0.30545802633860153 -0.29992678109556437
leaf_weight=28 4.9999999999999991 275 2.9999999999999991 610 3.9999999999999991 67 13.999999999999998 11.999999999999998 5.0000000000000062 383 3.9999999999999991 3.9999999999999991 6.9999999999999991 9.9999999999999982 15.999999999999998 280 93 14.999999999999998 86 25 77 33 64 15.999999999999998
leaf_count=28 5 275 3 610 4 67 14 12 5 383 4 4 7 10 16 280 93 15 86 25 77 33 64 16
internal_value=0.00252339 -0.0332463 0.000374824 -0.0657314 0.120168 0.102538 -0.0528716 -0.301389 0.0401486 0.11541 0.852559 0.0689904 -0.0111607 0.0574567 0.17904 -0.0678531 -0.0946223 0.102499 -0.0120108 -0.261082 0.212647 0.18177 -0.36527 -0.067954
internal_weight=2136 1095 973 627 346 342 624 122 1041 422 25 397 619 393 21 413 373 206 101 117 105 40 76 41
internal_count=2136 1095 973 627 346 342 624 122 1041 422 25 397 619 393 21 413 373 206 101 117 105 40 76 41
is_linear=0
shrinkage=0.05


Tree=158
num_leaves=26
num_cat=0
split_feature=18 3 0 18 13 0 12 12 13 3 6 8 3 2 1 1 18 6 15 18 0 15 13 18 2
split_gain=1395.1 1935.02 1955.82 1050.11 7898.72 2895.01 1235.96 10014.4 1983.77 989.445 1343.44 1608.71 1494.91 2273.2 847.77 680.959 661.086 575.842 341.909 212.347 120.306 77.5823 148.189 65.3266 47.5936
threshold=19106.010000000006 0.54425246978644937 39222.80000000001 31811.125000000004 202.55500000000004 34625.200000000004 291.50000000000006 292.09000000000009 275.99000000000007 0.58048192752546968 6.5000000000000009 4.5000000000000009 0.74019012441629439 8242.1850000000031 26090.325000000004 24708.250000000004 22649.585000000003 3.5000000000000004 275.05000000000001 22862.125000000004 38044.000000000007 279.84833333333341 298.02000000000004 10465.250000000002 13557.070000000002
decision_type=8 2 2 10 10 2 10 10 10 2 2 2 2 2 2 2 10 2 2 10 2 2 8 10 2
left_child=9 2 16 6 -5 -6 8 -8 -3 21 11 15 13 -12 -14 -11 20 -4 -13 -18 -2 23 -23 -1 -25
right_child=1 3 17 4 5 -7 7 -9 -10 10 12 18 14 -15 -16 -17 19 -19 -20 -21 -22 22 -24 24 -26
leaf_value=-0.20024563789367678 0.0025763112306594858 -0.062175862559512442 -1.6680633227030439 2.6248688220977785 0.65670291988386054 -0.00027912110926545396 -1.4669629317063553 -0.061468573729484582 0.078252796639254399 0.30602868621548013 1.6655566056569417 0.25966873466968543 -0.18820645173148412 0.23974476049586044 0.092623453496549379 0.79228375951449082 -0.65649149119853978 -0.68840190569559712 -0.31981692654745919 -0.27008993056369945 0.37046816945075983 -0.40489264726638813 0.0034123706817626945 0.18125785092512769 -0.021337433202127214
leaf_weight=4.9999999999999991 4.9999999999999982 587 2.9999999999999991 2.9999999999999991 18 245 12.999999999999998 505 440 12.000000000000002 2.9999999999999991 3.9999999999999982 41 41 78 18 3.9999999999999991 3 7 32 4 3.9999999999999973 5.0000000000000009 2.9999999999999991 86
leaf_count=5 5 587 3 3 18 245 13 505 440 12 3 4 41 41 78 18 4 3 7 32 4 4 5 3 86
internal_value=-0.0102453 -0.0265278 -0.330264 -0.0179742 0.0737852 0.0446854 -0.0337723 -0.0967416 -0.00201169 0.0885107 0.152293 0.408132 0.0879409 0.336959 -0.00413307 0.597782 -0.217202 -1.17823 -0.109095 -0.313023 0.166084 -0.0378154 -0.178057 -0.024388 -0.0145084
internal_weight=2169 1862 51 1811 266 263 1545 518 1027 307 204 41 163 44 119 30 45 6 11 36 9 103 9 94 89
internal_count=2169 1862 51 1811 266 263 1545 518 1027 307 204 41 163 44 119 30 45 6 11 36 9 103 9 94 89
is_linear=0
shrinkage=0.05


Tree=159
num_leaves=29
num_cat=0
split_feature=4 11 2 11 4 4 14 6 11 16 14 15 4 11 3 18 15 1 1 3 3 2 18 1 1 11 3 0
split_gain=1245.04 1824.69 1274.68 1234.03 1070.24 4682.3 3498.59 6063.64 15092 5034 15122.7 3820.7 1981.68 1468.86 2150.68 1353.87 723.7 719.528 440.414 371.996 241.744 144.759 103.927 97.737 82.2677 70.1751 56.2444 38.0099
threshold=48055.000000000007 331.00000000000006 5119.8400000000011 244.50000000000003 43377.500000000007 43067.500000000007 246.10000000000002 1.5000000000000002 299.51000000000005 180.95214285714289 269.50000000000006 159.66666666666669 44860.000000000007 278.50000000000006 0.91896301605946917 20059.085000000003 248.50000000000003 25815.825000000004 28762.110000000004 0.8874831876760686 0.83990720771271976 6882.5550000000012 34385.355000000003 34385.355000000003 28619.880000000005 345.50000000000006 0.89112230110866553 38663.80000000001
decision_type=2 10 2 10 2 2 10 2 10 2 10 2 2 8 2 10 2 2 2 2 2 2 10 2 2 10 2 2
left_child=4 2 19 17 5 13 7 8 -6 10 -8 -11 -9 15 -15 -1 -5 -4 24 23 -3 -20 25 -2 -7 -22 -21 -24
right_child=1 20 3 16 6 18 9 12 -10 11 -12 -13 -14 14 -16 -17 -18 -19 21 26 22 -23 27 -25 -26 -27 -28 -29
leaf_value=0.036890900230389982 0.10957141121228534 -0.84906279563903753 0.43009234534369578 -0.64893783604105315 -0.66577756404876709 -0.44960818886756909 3.1409097290039041 0.41019707739248246 4.3495347420374548 -1.4242497920989992 -0.13199585874875386 -0.030587619322548346 0.042822301113291793 0.087278089740244452 -0.17014905234555835 -0.10576170530977512 -0.20865589198878123 -0.049863395246408759 -1.3443323135375977 0.43479082981745409 -0.47139131625493347 -0.88486847877502428 -0.40685531139373776 0.41466624339421587 -0.75383037567138667 -0.76756505966186506 0.74096171061197902 -0.18173333803812658
leaf_weight=294 21.000000000000007 5.0000000000000027 8.9999999999999982 11.999999999999998 2.9999999999999991 3.9999999999999982 5.0000000000000027 71 3 4.9999999999999991 11.999999999999998 299 76 687 92 383 42 59 3.9999999999999991 2.9999999999999991 6.0000000000000018 3 5 2.9999999999999991 5 3 3 3
leaf_count=294 21 5 9 12 3 4 5 71 3 5 12 299 76 687 92 383 42 59 4 3 6 3 5 3 5 3 3 3
internal_value=0.0102943 -0.117848 -0.0562477 -0.128048 0.021752 0.000710603 0.0870958 0.283855 1.84188 -0.00668644 0.830623 -0.0535097 0.220262 0.0100587 0.0568759 -0.0438121 -0.306496 0.0136602 -0.84997 0.235742 -0.543447 -1.14742 -0.45356 0.147708 -0.618621 -0.570116 0.587876 -0.322435
internal_weight=2120 174 152 122 1946 1472 474 153 6 321 17 304 147 1456 779 677 54 68 16 30 22 7 17 24 9 9 6 8
internal_count=2120 174 152 122 1946 1472 474 153 6 321 17 304 147 1456 779 677 54 68 16 30 22 7 17 24 9 9 6 8
is_linear=0
shrinkage=0.05


Tree=160
num_leaves=13
num_cat=0
split_feature=11 11 2 12 5 11 18 4 12 11 6 1
split_gain=4791.39 12502.1 4392.01 6301.4 1115.39 1133.8 1155.84 1117.66 1396.34 989.233 929.336 5.09648
threshold=1115.5000000000002 1118.5000000000002 1909.9650000000004 239.30000000000004 2.5000000000000004 370.50000000000006 25618.095000000005 48944.500000000007 198.53500000000003 255.50000000000003 18.500000000000004 32692.710000000003
decision_type=10 8 2 10 2 8 10 2 8 8 2 2
left_child=2 -2 3 -1 7 6 -6 8 -4 -9 -7 -3
right_child=1 11 4 -5 5 10 -8 9 -10 -11 -12 -13
leaf_value=0.26583324273427328 3.7878852844238304 -0.11920492649078362 0.18090137028749909 -2.974898227055867 -0.0011011246282082508 0.087131671564074586 -0.12017632715404035 -0.1928076460080988 0.016719033783353071 -1.1776104013125102 0.65364902019500737 -0.21136852502822873
leaf_weight=2.9999999999999991 2.9999999999999973 3.0000000000000009 147 3 433 37 385 17.000000000000004 1088 2.9999999999999991 8.9999999999999982 3
leaf_count=3 3 3 147 3 433 37 385 17 1088 3 9 3
internal_value=0.00120854 1.15244 -0.00366725 -1.35453 0.000157758 -0.0435625 -0.0571451 0.0302568 0.0362614 -0.340528 0.197972 -0.165287
internal_weight=2134 9 2125 6 2119 864 818 1255 1235 20 46 6
internal_count=2134 9 2125 6 2119 864 818 1255 1235 20 46 6
is_linear=0
shrinkage=0.05


Tree=161
num_leaves=16
num_cat=0
split_feature=13 15 17 14 18 15 3 2 6 7 14 16 11 13 14
split_gain=1230.52 6321.36 2580.44 2375.56 3502.16 1901.98 3652.93 3388.88 2408.54 3073.96 1530.57 21201 1384.06 1068.75 510.398
threshold=175.00000000000003 217.66666666666671 130.71058768772789 280.75000000000006 29533.315000000006 256.72833333333341 0.95075228228698749 1965.8250000000003 2.5000000000000004 4.5000000000000009 14.610000000000001 304.02857142857152 209.96000000000001 239.30000000000004 282.24000000000007
decision_type=8 2 2 10 10 2 2 2 2 2 10 2 10 8 10
left_child=1 2 3 4 -1 7 10 -2 9 -9 11 -7 -12 -10 -5
right_child=5 -3 -4 14 -6 6 -8 8 13 -11 12 -13 -14 -15 -16
leaf_value=0.063295689628906721 -1.404217758178711 2.3860717007890346 1.2035835361480713 -0.84348305702209414 0.9397587016224862 0.23328040665622024 1.5241102367639543 -0.10578191084787247 -0.16525247937109133 -1.1915690595453436 -0.93605402410030369 -3.4489414691925049 -0.0045643231407824277 0.015661142763709373 -0.28384129134091468
leaf_weight=227 4.9999999999999991 2.9999999999999991 4.9999999999999991 5.0000000000000027 11.999999999999998 172 3.9999999999999991 16.000000000000004 137 10.999999999999998 3.9999999999999991 3.9999999999999991 1314 202 22
leaf_count=227 5 3 5 5 12 172 4 16 137 11 4 4 1314 202 22
internal_value=0.00454769 0.103502 0.0782333 0.0570801 0.107302 -0.00995919 0.0151423 -0.111312 -0.0936498 -0.54814 0.0111022 0.149594 -0.0073913 -0.0574514 -0.387479
internal_weight=2143 274 271 266 239 1869 1498 371 366 27 1494 176 1318 339 27
internal_count=2143 274 271 266 239 1869 1498 371 366 27 1494 176 1318 339 27
is_linear=0
shrinkage=0.05


Tree=162
num_leaves=17
num_cat=0
split_feature=18 11 11 11 2 18 17 11 3 6 2 3 18 2 0 4
split_gain=1073.41 18236.5 20646.2 13848.3 24344 2735.03 6672.32 1529.07 2338.41 1488.64 1346.91 1155.04 2928.05 1311.77 329.036 169.956
threshold=22411.365000000002 319.50000000000006 310.44500000000005 299.51000000000005 4976.7550000000001 22452.080000000005 50.136516511603865 175.00000000000003 0.60445525142825474 15.500000000000002 2239.4650000000006 0.92832395973815274 25797.400000000005 3229.6700000000005 37660.100000000013 43672.500000000007
decision_type=10 10 10 10 2 10 2 10 2 2 2 2 10 2 2 2
left_child=1 2 3 10 -5 6 -2 8 14 -10 -1 13 -13 -9 -7 -8
right_child=5 -3 -4 4 -6 7 15 11 9 -11 -12 12 -14 -15 -16 -17
leaf_value=0.43206458806991582 -2.8198636293411266 3.9413412888844812 -4.1043016115824384 5.6697355270385748 -0.28859293460845942 -1.5852986653645835 -0.19799905493855471 0.19276954426484949 -0.045037388343077439 -0.83692317434719632 0.014915643615848165 0.5797552615404129 -0.24430069810236402 -0.010315174689380853 -0.84476270675659171 0.33422268455227205
leaf_weight=20 2.9999999999999982 2.9999999999999991 2.9999999999999991 2.9999999999999991 4 2.9999999999999991 3 85 39 6.9999999999999991 596 11.999999999999998 106 1232 3 3
leaf_count=20 3 3 3 3 4 3 3 85 39 7 596 12 106 1232 3 3
internal_value=-0.00250388 0.0523004 0.0336629 0.0535888 2.26498 -0.0255466 -0.894547 -0.020287 -0.286637 -0.165542 0.0284594 -0.0106353 -0.160498 0.00279204 -1.21503 0.0681118
internal_weight=2125 629 626 623 7 1496 9 1487 52 46 616 1435 118 1317 6 6
internal_count=2125 629 626 623 7 1496 9 1487 52 46 616 1435 118 1317 6 6
is_linear=0
shrinkage=0.05


Tree=163
num_leaves=22
num_cat=0
split_feature=2 4 17 6 2 18 18 18 18 4 6 13 12 18 1 6 7 1 12 18 2
split_gain=1197.56 9108.92 36485.7 4042.63 1929.16 7923.44 1793.94 9355.74 1681.8 1047.78 1147.18 946.257 2723.72 1344.09 908.049 792.268 720.636 434.97 423.904 222.651 202.184
threshold=4550.8100000000004 33822.500000000007 39.390172227730822 11.500000000000002 4592.4700000000012 27945.720000000005 31811.125000000004 31943.725000000002 34726.360000000008 48702.000000000007 2.5000000000000004 175.00000000000003 275.49000000000007 18508.505000000005 36487.450000000012 1.5000000000000002 3.5000000000000004 26609.355000000007 239.30000000000004 34862.835000000006 2939.3400000000006
decision_type=2 2 2 2 2 8 10 10 10 2 2 8 8 10 2 2 2 2 10 8 2
left_child=1 2 -1 20 5 -2 14 -8 -9 11 -11 12 -6 -13 15 -3 -7 -5 -16 -12 -4
right_child=4 6 3 17 9 16 7 8 -10 10 19 13 -14 -15 18 -17 -18 -19 -20 -21 -22
leaf_value=6.1308298746744789 -2.8548640886942565 -0.35621164308653941 0.73222427368164 0.42049204707145638 0.064973820078175093 0.65574903488159153 2.9769267400105797 0.21634374304827469 -0.5116117278734843 -0.95062177896499633 -0.1241091897321302 0.15632016956075734 1.2440040636062624 -0.032708593334276156 0.22408622264862058 -0.016962617354488892 -0.36939855217933648 -0.23903051694234212 0.97588793436686183 -0.56962868372599285 1.1594558954238892
leaf_weight=2.9999999999999991 2.9999999999999973 18 4.0000000000000027 3.0000000000000027 241 4.0000000000000009 2.9999999999999991 67 8.9999999999999982 4.9999999999999991 43 102 4.9999999999999991 1205 5 392 3 14.999999999999998 3 2.9999999999999991 8.9999999999999982
leaf_count=3 3 18 4 3 241 4 3 67 9 5 43 102 5 1205 5 392 3 15 3 3 9
internal_value=0.0087654 0.0738997 0.865662 0.35613 -0.0126635 -0.704979 0.0197349 0.238244 0.130138 -0.00834737 -0.231347 -0.00102414 0.0889378 -0.0179565 -0.0215623 -0.0318565 0.2164 -0.12911 0.506012 -0.153165 1.028
internal_weight=2145 531 34 31 1614 10 497 79 76 1604 51 1553 246 1307 418 410 7 18 8 46 13
internal_count=2145 531 34 31 1614 10 497 79 76 1604 51 1553 246 1307 418 410 7 18 8 46 13
is_linear=0
shrinkage=0.05


Tree=164
num_leaves=23
num_cat=0
split_feature=3 11 1 1 3 15 3 11 1 17 17 11 18 18 18 18 14 2 12 0 18 0
split_gain=794.767 4213.18 3351.53 4370.16 1466.18 2702.59 14820.9 5418.23 3674.57 1723.45 1668.28 1231.5 2510.11 26506.4 4857.17 1538.1 2582.59 1164.51 1113.01 2186.47 1193.19 768.324
threshold=0.92832395973815274 233.50000000000003 36487.450000000012 37020.420000000006 0.90366900086880986 549.08333333333337 0.91896301605946917 1115.5000000000002 29186.110000000004 103.93932181224972 299.28938837327331 278.50000000000006 21339.330000000005 21054.630000000001 22075.895000000008 31338.960000000003 235.50000000000003 4437.9100000000008 392.30000000000007 33840.150000000001 33757.140000000007 40328.000000000007
decision_type=2 10 2 2 2 2 2 8 2 2 2 10 10 8 10 10 8 2 10 2 8 2
left_child=4 -2 18 -4 11 7 -7 9 -9 -6 -8 15 13 -13 -14 17 -17 -1 20 -20 -3 -5
right_child=1 2 3 21 5 6 10 8 -10 -11 -12 12 14 -15 -16 16 -18 -19 19 -21 -22 -23
leaf_value=-0.23515193815267571 -1.9751095771789551 -0.14939774164632588 2.3842806975046811 -0.23301249027252191 0.35660998620770196 -3.5934476534525555 1.4596568266550696 0.44987640380859378 2.9246065457661938 -0.01982200110112043 -0.031775627136230465 0.12095777918310727 -0.99572546513130278 4.9030319293340057 0.017843079679588866 -1.6521637439727792 -0.011981467405954994 -0.028587677908156601 -0.082766023278236386 -1.7901905059814451 0.57325554887453722 0.77912979125976545
leaf_weight=74 2.9999999999999991 119 2.9999999999999973 5 55 2.9999999999999991 3 2.9999999999999991 3 68 5 85 11.999999999999998 2.9999999999999991 788 3.9999999999999973 6.0000000000000009 875 5 3 5.9999999999999991 3
leaf_count=74 3 119 3 5 55 3 3 3 3 68 5 85 12 3 788 4 6 875 5 3 6 3
internal_value=-0.00838255 -0.120567 -0.0819308 0.756834 -8.30427e-05 0.15592 -0.596386 0.220071 1.68724 0.148501 0.527512 -0.0119079 0.0305204 0.283983 0.00263955 -0.051195 -0.668054 -0.0446949 -0.151302 -0.72305 -0.11471 0.146541
internal_weight=2134 147 144 11 1987 140 11 129 6 123 8 1847 888 88 800 959 10 949 133 8 125 8
internal_count=2134 147 144 11 1987 140 11 129 6 123 8 1847 888 88 800 959 10 949 133 8 125 8
is_linear=0
shrinkage=0.05


Tree=165
num_leaves=22
num_cat=0
split_feature=18 11 11 3 3 17 17 15 2 14 3 6 0 4 11 18 0 4 11 18 0
split_gain=847.715 19846.5 2041.3 5197.32 2567.55 1272.86 3628.41 7205.24 2855.3 1923.24 26680.5 2089.72 1235.99 1085.72 1732.28 1638.57 1348.57 1081.83 842.771 748.465 284.347
threshold=21435.890000000003 309.50000000000006 155.00000000000003 0.56570994330643221 0.61456706175205544 54.246978614318813 59.389922219188826 273.50000000000006 2687.0100000000007 185.00000000000003 0.86005244128357228 1.5000000000000002 28149.500000000004 37162.000000000007 268.50000000000006 21339.330000000005 33039.100000000006 36520.000000000007 124.90500000000002 19195.155000000002 31180.750000000004
decision_type=10 10 10 2 2 2 2 2 2 10 2 2 2 2 10 8 2 2 8 10 2
left_child=1 13 3 18 -5 9 7 -7 -8 10 -4 -11 -6 17 15 -15 -16 19 -2 -1 -19
right_child=2 -3 5 4 12 6 8 -9 -10 11 -12 -13 -14 14 16 -17 -18 20 -20 -21 -22
leaf_value=0.063664699125987739 -1.8627602005004882 4.1139532883961998 -0.59171709595248101 1.3072839577992759 0.28064858267704645 2.814931670824687 0.57388974942944271 0.29860943349924957 -0.0063955559554474614 0.35071904030111106 4.2576648394266767 -0.038973791636552874 -0.27301729742496733 0.020392931448960944 0.27263854037631646 0.79723994050707137 1.071717913945516 -0.016512489318847644 -0.80271584192911749 -0.14001879677621287 -0.40134659521281724
leaf_weight=138 4.9999999999999991 2.9999999999999991 52 2.9999999999999991 11.999999999999998 2.9999999999999991 22 55 582 36 2.9999999999999991 775 63 224 44 6.9999999999999991 5.9999999999999991 6.0000000000000027 3.0000000000000009 67 24
leaf_count=138 5 3 52 3 12 3 22 55 582 36 3 775 63 224 44 7 6 6 3 67 24
internal_value=0.00335406 0.0589403 -0.0145203 -0.25154 -0.127057 -0.00118025 0.0510146 0.428764 0.0147407 -0.0410798 -0.327205 -0.0216755 -0.184431 0.0353647 0.101691 0.0439337 0.368528 -0.0439444 -1.46524 -0.00290503 -0.32438
internal_weight=2133 519 1614 86 78 1528 662 58 604 866 55 811 75 516 281 231 50 235 8 205 30
internal_count=2133 519 1614 86 78 1528 662 58 604 866 55 811 75 516 281 231 50 235 8 205 30
is_linear=0
shrinkage=0.05


Tree=166
num_leaves=8
num_cat=0
split_feature=1 3 6 1 1 7 1
split_gain=800.795 787.195 12956.6 625.542 569.742 1906.29 1071.91
threshold=37020.420000000006 0.94872854792453343 10.500000000000002 36487.450000000012 33860.44000000001 4.5000000000000009 32692.710000000003
decision_type=2 2 2 2 2 2 2
left_child=1 3 -3 4 6 -6 -1
right_child=-2 2 -4 -5 5 -7 -8
leaf_value=0.0014270367026544646 0.70435872673988342 -3.0965490500132233 1.0598230743408201 -0.62659986913204202 0.28194011821035753 -0.27532876219068253 -0.18637535841015607
leaf_weight=1987 3.9999999999999991 3 5 3.9999999999999991 57 21 79
leaf_count=1987 4 3 5 4 57 21 79
internal_value=-0.00244396 -0.00375528 -0.498816 -0.00191147 -0.000746011 0.131906 -0.00575418
internal_weight=2160 2156 8 2148 2144 78 2066
internal_count=2160 2156 8 2148 2144 78 2066
is_linear=0
shrinkage=0.05


Tree=167
num_leaves=12
num_cat=0
split_feature=3 1 11 14 11 13 18 1 15 5 11
split_gain=2871.71 3379.66 1936.63 11923.2 3041.58 1099.08 5803.94 1608.65 1532.55 2934.8 1400.28
threshold=0.95075228228698749 37020.420000000006 1115.5000000000002 266.00000000000006 1212.0000000000002 200.50000000000003 31065.445000000003 19825.500000000004 254.06000000000003 1.0000000180025095e-35 212.50000000000003
decision_type=2 2 10 8 10 8 8 2 2 2 8
left_child=2 -2 5 -4 -5 6 7 -1 9 -7 -10
right_child=1 -3 3 4 -6 8 -8 -9 10 -11 -12
leaf_value=-0.082545651019816965 2.283296998341878 -0.090046286582946763 -2.8074845314025896 1.8424787044525137 -0.40903062025705961 -0.4759647959090294 2.2791528344154357 0.15370965273082626 -0.6494520142674447 -0.046633409463370655 0.013827679217548954
leaf_weight=112 2.9999999999999991 3 3.9999999999999973 3.0000000000000009 3 47 2.9999999999999991 202 7.9999999999999991 260 1488
leaf_count=112 3 3 4 3 3 47 3 202 8 260 1488
internal_value=0.00429625 1.09663 0.00121927 -0.692959 0.716724 0.0044937 0.0903524 0.0694402 -0.0106018 -0.112362 0.0102807
internal_weight=2136 6 2130 10 6 2120 317 314 1803 307 1496
internal_count=2136 6 2130 10 6 2120 317 314 1803 307 1496
is_linear=0
shrinkage=0.05


Tree=168
num_leaves=17
num_cat=0
split_feature=11 16 0 0 6 14 12 0 14 4 4 6 7 11 14 2
split_gain=4704.81 5595.23 1140.09 4924.35 25267 3790.67 13238.5 3079.45 15623.5 1416.88 857.408 1359.91 850.546 277.509 252.309 93.3448
threshold=1115.5000000000002 413.30142857142863 32301.700000000004 32375.300000000007 8.5000000000000018 inf 310.44500000000005 32250.750000000004 299.51000000000005 34230.000000000007 39905.000000000007 2.5000000000000004 1.5000000000000002 1225.5000000000002 272.25000000000006 2898.2550000000006
decision_type=10 2 2 2 2 8 8 2 8 2 2 2 2 10 10 2
left_child=2 -2 7 4 -4 9 -7 10 14 -5 12 -12 -1 -3 -9 -6
right_child=1 13 3 5 15 6 -8 8 -10 -11 11 -13 -14 -15 -16 -17
leaf_value=-0.11557465729226049 2.2647550773620608 -0.34000843763351435 5.0311236858367865 0.35263060389026518 0.18665733138720197 -3.751570924123131 -0.038061321650942163 0.20898322959740945 -3.9948299249013268 0.010492947605884361 -1.2510032971700034 -0.16179311934392901 0.0086388853009215973 0.34007642231881613 -0.20960326708025404 -0.062801807522773742
leaf_weight=186 4.9999999999999982 3 3.0000000000000027 31 5.9999999999999991 2.9999999999999973 12 6.0000000000000027 2.9999999999999991 1268 2.9999999999999991 64 532 3 8.9999999999999982 9.9999999999999982
leaf_count=186 5 3 3 31 6 3 12 6 3 1268 3 64 532 3 9 10
internal_value=-0.00195219 1.02945 -0.00726373 0.0210881 0.820279 0.00953208 -0.780763 -0.0543285 -0.700946 0.0186579 -0.0395016 -0.210564 -0.023539 3.39923e-05 -0.0421687 0.0307454
internal_weight=2147 11 2136 1333 19 1314 15 803 18 1299 785 67 718 6 15 16
internal_count=2147 11 2136 1333 19 1314 15 803 18 1299 785 67 718 6 15 16
is_linear=0
shrinkage=0.05


Tree=169
num_leaves=15
num_cat=0
split_feature=11 13 3 17 17 3 2 13 4 18 11 2 5 17
split_gain=3953.68 8454.25 1171.94 6353.3 5424.28 1220.11 3416.54 2341.83 1102.35 922.607 1093.97 218.729 210.865 108.056
threshold=1115.5000000000002 285.16500000000002 0.94872854792453343 35.873827382138458 37.975319841884556 0.55065387518197906 16194.475000000002 1.0000000180025095e-35 48055.000000000007 21268.350000000002 229.54000000000005 2803.7750000000001 1.0000000180025095e-35 84.369964235099999
decision_type=10 8 2 2 2 2 2 8 2 10 10 2 2 2
left_child=2 -2 5 -4 -5 9 8 -8 -7 13 -11 -3 -6 -1
right_child=1 11 3 4 12 6 7 -9 -10 10 -12 -13 -14 -15
leaf_value=-0.076230591346250209 -2.7803480863571179 -0.114661161104838 -2.48866761525472 1.9041916847229012 -0.99613072872161834 0.017820771773807462 1.8841102838516244 0.26097696088254446 -0.11376059829763004 -0.54789673040310549 -0.11884935207856007 0.48911714951197294 -0.40330538749694816 0.033981828604425703
leaf_weight=61 3.9999999999999973 3.0000000000000009 2.9999999999999991 2.9999999999999982 3 1760 3.9999999999999973 5.0000000000000009 175 24 39 3 3 35
leaf_count=61 4 3 3 3 3 1760 4 5 175 24 39 3 3 35
internal_value=-0.00795168 -0.999802 -0.00326208 -0.495978 0.168252 -0.00045058 0.0104412 0.98237 0.00592065 -0.133619 -0.282296 0.187228 -0.699718 -0.036049
internal_weight=2125 10 2115 12 9 2103 1944 9 1935 159 63 6 6 96
internal_count=2125 10 2115 12 9 2103 1944 9 1935 159 63 6 6 96
is_linear=0
shrinkage=0.05


Tree=170
num_leaves=26
num_cat=0
split_feature=3 13 12 18 11 15 11 15 16 7 6 4 1 12 16 16 16 16 7 15 1 18 15 18 1
split_gain=1053.47 2220.61 20939.3 5253.76 2105.4 1480.38 2820.38 2575.81 2410.53 11439 1810.06 1512.1 1440.81 2565.82 3936.34 1410.4 1317.5 636.745 313.063 312.409 282.329 229.426 206.403 83.7917 38.2403
threshold=0.57218032819223341 119.50000000000001 267.50000000000006 30580.675000000003 244.50000000000003 265.70166666666677 300.50000000000006 264.99833333333339 257.71428571428572 1.0000000180025095e-35 1.5000000000000002 48055.000000000007 19287.735000000004 261.20000000000005 124.64285714285715 136.92214285714289 195.3121428571429 243.5178571428572 1.5000000000000002 326.83333333333343 17525.575000000004 23139.670000000002 294.83333333333343 23825.875000000004 16024.135
decision_type=2 8 8 8 10 2 10 2 2 2 2 2 2 10 2 2 2 2 2 2 2 10 2 10 2
left_child=12 2 3 4 -2 6 10 -8 9 -7 -3 -10 18 14 -14 -15 -16 -17 21 20 -20 22 -1 -23 -21
right_child=1 5 -4 -5 -6 8 7 -9 11 -11 -12 -13 13 15 16 17 -18 -19 19 24 -22 23 -24 -25 -26
leaf_value=-0.14531347262007852 0.058752479049421491 -0.66654235931734251 4.33487491607666 -1.9577238400777182 0.5613165364529078 2.8802232205867768 -0.42187110543251038 -2.0923379103342694 0.014448821315223102 0.14949223278991638 -0.044272994538414934 -0.27204241460810102 1.4040504932403552 -1.657306337356566 -0.66530348792672156 -0.35036514997482304 0.52939082781473801 -1.1085467100143434 -0.04644535728821568 -0.38120712439219112 0.09670961367396208 -0.27687672138214114 0.23865324258804321 -0.57816459337870285 -0.18565576146046323
leaf_weight=28 105 11.999999999999998 2.9999999999999991 2.9999999999999991 26 3.9999999999999991 9.9999999999999982 2.9999999999999991 1138 93 447 48 4.0000000000000027 4.0000000000000027 9.9999999999999982 8.9999999999999982 2.9999999999999991 3.9999999999999991 102 3.0000000000000027 52 9.9999999999999982 3.9999999999999991 2.9999999999999991 14.999999999999998
leaf_count=28 105 12 3 3 26 4 10 3 1138 93 447 48 4 4 10 9 3 4 102 3 52 10 4 3 15
internal_value=-0.00303357 0.00973511 0.203611 0.11112 0.158498 -0.00539936 -0.0811107 -0.807363 0.0224539 0.2621 -0.0605415 0.0028539 -0.0992819 -0.401922 0.0324317 -0.836276 -0.389605 -0.583652 -0.0518636 -0.0211453 0.00189268 -0.169276 -0.0973176 -0.346405 -0.218248
internal_weight=2143 1892 137 134 131 1755 472 13 1283 97 459 1186 251 34 17 17 13 13 217 172 154 45 32 13 18
internal_count=2143 1892 137 134 131 1755 472 13 1283 97 459 1186 251 34 17 17 13 13 217 172 154 45 32 13 18
is_linear=0
shrinkage=0.05


Tree=171
num_leaves=13
num_cat=0
split_feature=3 18 14 15 18 16 16 13 3 4 11 4
split_gain=2032.86 3800.62 1973.6 22408.8 29538.6 1126.58 2530.68 793.739 647.151 624.635 997.811 672.944
threshold=0.95075228228698749 26673.085000000003 1225.5000000000002 314.63333333333338 22452.080000000005 285.72071428571434 284.31214285714293 250.02000000000001 0.94872854792453343 48944.500000000007 250.02000000000001 48222.000000000007
decision_type=2 10 8 2 8 2 2 10 2 2 8 2
left_child=2 -2 8 5 -5 6 -4 -7 9 11 -11 -1
right_child=1 -3 3 4 -6 7 -8 -9 -10 10 -12 -13
leaf_value=-0.00025032024888907932 2.1872842629750568 -0.16698080301284787 -0.035983363387369835 -5.8105617284774809 -0.045936796665191633 -0.13365873460258751 -1.3225460171699526 0.51114219069480904 -0.56793435573577877 -0.12775451982843464 -1.0856312235196433 0.16211065280843864
leaf_weight=1932 2.9999999999999991 4 86 3.9999999999999973 5.0000000000000009 7.0000000000000027 3.9999999999999991 14.999999999999998 4.9999999999999991 29 2.9999999999999991 66
leaf_count=1932 3 4 86 4 5 7 4 15 5 29 3 66
internal_value=-0.00869949 0.84199 -0.0114615 -0.207646 -2.60799 -0.014761 -0.0931639 0.305978 0.000203557 0.00160291 -0.217555 0.00511296
internal_weight=2163 7 2156 121 9 112 90 22 2035 2030 32 1998
internal_count=2163 7 2156 121 9 112 90 22 2035 2030 32 1998
is_linear=0
shrinkage=0.05


Tree=172
num_leaves=19
num_cat=0
split_feature=11 14 14 14 18 11 18 12 16 16 0 14 0 1 16 0 0 18
split_gain=1786.01 7113.54 11495.7 2722.58 940.553 6458.89 1719.84 3052.61 4242.35 1610.47 1430.47 3172.58 1456.04 1129.28 1052.49 978.962 625.222 292.313
threshold=1014.0000000000001 274.50000000000006 264.50000000000006 289.05500000000006 32048.085000000003 282.10000000000008 29318.425000000007 198.53500000000003 270.31428571428575 385.01428571428579 31922.500000000004 1042.0000000000002 31889.100000000002 33860.44000000001 394.01571428571435 35501.250000000007 34133.650000000001 32601.245000000006
decision_type=10 10 10 8 10 10 10 10 2 2 2 8 2 2 2 2 2 8
left_child=4 2 16 -3 6 -6 10 15 -9 13 12 -12 -1 -7 -11 -8 -2 -5
right_child=1 3 -4 17 5 9 7 8 -10 14 11 -13 -14 -15 -16 -17 -18 -19
leaf_value=-0.042501787224859006 0.22365945875644666 1.6953242222468068 -4.0213626861572251 -0.46110759079456332 2.0833595871925357 0.048797492392682093 0.37382892693082492 -0.59171690940856936 -0.075224166695847972 -0.60767917633056645 0.032053058467863597 0.63981303206898954 -0.72135141044855122 0.33730988857251676 -0.049076510313898328 1.3836565971374513 -0.73121355175971969 0.16319279462099071
leaf_weight=625 3.0000000000000018 2.9999999999999973 3 2.9999999999999991 3.9999999999999991 148 11.999999999999998 47 258 12.999999999999998 896 22 7.9999999999999991 44 24 2.9999999999999991 4 5.0000000000000009
leaf_count=625 3 3 3 3 4 148 12 47 258 13 896 22 8 44 24 3 4 5
internal_value=-0.00781201 -0.466636 -1.4318 0.410783 -0.0032325 0.0914997 -0.0150297 -0.120568 -0.154815 0.0567074 0.00674468 0.0466181 -0.0510812 0.114915 -0.245342 0.575794 -0.321982 -0.0709198
internal_weight=2125 21 10 11 2104 233 1871 320 305 229 1551 918 633 192 37 15 7 8
internal_count=2125 21 10 11 2104 233 1871 320 305 229 1551 918 633 192 37 15 7 8
is_linear=0
shrinkage=0.05


Tree=173
num_leaves=16
num_cat=0
split_feature=2 18 0 0 3 13 12 18 16 16 14 1 0 1 17
split_gain=1068.58 9054.9 5854.7 4156.87 896.495 2033.94 14918.2 4430.24 1077.45 1821.79 1561.72 971.993 1912.14 751.565 721.304
threshold=1965.8250000000003 25815.825000000004 39048.55000000001 38362.100000000006 0.57050737556497022 175.00000000000003 267.50000000000006 30925.770000000004 193.92857142857147 191.69714285714289 14.4 21665.650000000005 39222.80000000001 31356.005000000001 116.50180424930544
decision_type=2 10 2 2 2 8 8 8 2 2 8 2 2 2 2
left_child=1 3 -3 13 11 6 7 -6 9 -7 -10 12 14 -1 -2
right_child=4 2 -4 -5 5 8 -8 -9 10 -11 -12 -13 -14 -15 -16
leaf_value=0.44286959966023781 -0.038409238919147652 -3.5068264643351235 -0.38307323455810538 2.0691889286041252 0.14503828566394697 -0.072989962773144609 3.2001625180244448 -1.7958919207255049 0.43845856132961458 -0.66749238840171277 0.0043729078884938754 0.80543623765309658 -1.1842641234397888 -0.604046058654785 -0.25522498544305566
leaf_weight=2.9999999999999982 191 2.9999999999999991 3 3 147 162 3.9999999999999991 2.9999999999999991 21 13.999999999999998 1555 2.9999999999999991 3.9999999999999991 4 48
leaf_count=3 191 3 3 3 147 162 4 3 21 14 1555 3 4 4 48
internal_value=-0.0022535 -0.409357 -1.94495 0.511999 0.000773292 0.0123672 0.186582 0.10622 -0.00294621 -0.12028 0.010157 -0.0890557 -0.100099 -0.155368 -0.0819538
internal_weight=2168 16 6 10 2152 1906 154 150 1752 176 1576 246 243 7 239
internal_count=2168 16 6 10 2152 1906 154 150 1752 176 1576 246 243 7 239
is_linear=0
shrinkage=0.05


Tree=174
num_leaves=21
num_cat=0
split_feature=2 17 17 17 6 4 4 4 17 11 6 18 0 11 12 2 11 12 13 11
split_gain=823.415 4667.06 3353.16 825.998 1510.96 9381.1 10225.2 2934.59 1266.67 3224.24 1056.89 1310.85 1348.04 1006.79 5745.88 940.089 934.417 707.75 505.953 500.027
threshold=1965.8250000000003 35.873827382138458 37.975319841884556 102.88745725141295 2.5000000000000004 46555.000000000007 47530.000000000007 45602.500000000007 102.09023749727501 244.50000000000003 2.5000000000000004 23302.175000000003 35564.750000000007 1115.5000000000002 248.80000000000004 15071.420000000002 125.84000000000002 202.55500000000004 295.43000000000006 244.50000000000003
decision_type=2 2 2 2 2 2 2 2 2 10 2 10 2 10 8 2 10 8 8 10
left_child=1 -1 -3 4 5 7 -7 -2 17 -10 11 15 -13 16 -15 -5 -12 -6 -4 -20
right_child=3 2 18 10 8 6 -8 -9 9 -11 13 12 -14 14 -16 -17 -18 -19 19 -21
leaf_value=-2.1368389606475806 0.1050781900790043 1.5186385313669841 -0.73443288803100615 -1.0817193371909006 0.10392412130775697 4.0173131873210277 0.6890564048290253 -0.94740249173981805 -0.1661314670617382 1.6665116310119625 0.086177138315344404 0.18625469394028188 -0.32572056965695489 2.3033247947692885 -0.31207889275891437 -0.023818508783976233 -0.074100001052128855 -0.0098131079224656644 -0.56385671993096642 0.29007891118526458
leaf_weight=3.0000000000000027 123 2.9999999999999991 4.9999999999999973 6.9999999999999982 153 2.9999999999999991 9.9999999999999982 6.9999999999999991 5.9999999999999982 4 121 20 36 2.9999999999999973 7.0000000000000009 3 366 1290 3.0000000000000009 4
leaf_count=3 123 3 5 7 153 3 10 7 6 4 121 20 36 3 7 3 366 1290 3 4
internal_value=0.000218622 -0.336557 0.0234998 0.00302638 0.0213948 0.176471 1.45712 0.0484062 0.00613265 0.566926 -0.0490446 -0.237035 -0.142872 -0.02408 0.472542 -0.764349 -0.0342775 0.00224635 -0.350285 -0.0758935
internal_weight=2177 18 15 2159 1596 143 13 130 1453 10 563 66 56 497 10 10 487 1443 12 7
internal_count=2177 18 15 2159 1596 143 13 130 1453 10 563 66 56 497 10 10 487 1443 12 7
is_linear=0
shrinkage=0.05


Tree=175
num_leaves=15
num_cat=0
split_feature=3 0 12 14 1 0 17 11 18 14 12 6 1 17
split_gain=1656.88 3461.82 1131.01 2196.29 15933.1 76499.6 10475.3 1581.6 1355.48 1463.72 944.71 2718.75 1337.31 302.163
threshold=0.95075228228698749 39048.55000000001 299.01000000000005 1072.0000000000002 27535.250000000004 32578.950000000004 40.89062357837124 212.50000000000003 18884.235000000004 280.25000000000006 233.50000000000003 1.5000000000000002 31743.855000000003 43.19656675716984
decision_type=2 2 8 8 2 2 2 8 8 8 10 2 2 2
left_child=2 -2 3 10 6 -6 -5 -4 13 -10 12 -12 -1 -9
right_child=1 -3 7 4 5 -7 -8 8 9 -11 11 -13 -14 -15
leaf_value=-0.0021581469351629949 2.0712602138519287 -0.17562450170516963 -0.92100946903228764 -2.836555004119873 8.6161505063374833 -1.9461342379450794 0.21932735191008379 0.46399510900179552 0.043714505717900629 -0.10740762347087017 0.53683877926448298 0.044694796710678546 -0.31494916565716269 0.16411280145070384
leaf_weight=447 2.9999999999999991 4 4.9999999999999991 2.9999999999999991 2.9999999999999991 4 43 11.999999999999998 271 392 29 868 37 28
leaf_count=447 3 4 5 3 3 4 43 12 271 392 29 868 37 28
internal_value=0.0193314 0.787326 0.0168216 0.0423507 0.358214 2.58056 0.0200307 -0.0348857 -0.0285833 -0.0456367 0.0302285 0.0606058 -0.0260699 0.254077
internal_weight=2149 7 2142 1434 53 7 46 708 703 663 1381 897 484 40
internal_count=2149 7 2142 1434 53 7 46 708 703 663 1381 897 484 40
is_linear=0
shrinkage=0.05


Tree=176
num_leaves=26
num_cat=0
split_feature=13 13 11 15 7 17 18 13 14 11 15 15 11 2 7 14 2 18 1 14 17 17 13 4 14
split_gain=897.199 3307.93 13562 34814 3058.63 21051.5 2660.8 1501.52 24438.1 2163.46 1177.46 6209.65 5950.18 939.424 944.026 889.414 875.723 736.714 726.45 644.595 472.093 467.476 461.435 271.349 150.907
threshold=348.36500000000007 333.50000000000006 309.50000000000006 322.50000000000006 1.5000000000000002 50.136516511603865 22649.585000000003 329.50000000000006 381.50000000000006 255.50000000000003 549.08333333333337 571.83333333333348 1110.5000000000002 3114.4450000000002 5.5000000000000009 299.51000000000005 4621.380000000001 28382.735000000004 28449.935000000001 290.06000000000006 42.017480884023286 279.86573898695036 362.50000000000006 36520.000000000007 447.00000000000006
decision_type=10 10 10 2 2 2 8 10 8 10 2 2 10 2 2 10 2 10 2 8 2 2 8 2 10
left_child=1 7 15 -4 5 -2 -5 10 9 -9 12 -12 -1 14 17 19 22 -6 21 -3 -18 -7 -15 -17 -20
right_child=4 2 3 6 13 18 -8 8 -10 -11 11 -13 -14 16 -16 23 20 -19 24 -21 -22 -23 -24 -25 -26
leaf_value=-0.0093677728042320333 4.5341526110966948 -0.020039984459678334 -5.6903579235076904 -1.2999954859415699 -0.88722894986470446 -0.15134251592680806 0.52373551130294782 0.90489043444395068 4.6429399689038595 -0.10100384758291198 -2.4812512238820368 -0.073831195242702971 1.9212845593690873 0.97592322031656975 0.52316590150197351 -0.10430347571770351 0.24138511376721516 -0.20866707709307472 0.85512240727742528 0.43373554006218912 -0.013713782180198714 0.40253596067428588 0.28262538084139427 -0.53839618364969899 0.35361352761586495
leaf_weight=1739 3.0000000000000027 36 3.9999999999999991 2.9999999999999973 6.0000000000000062 16.000000000000007 6.0000000000000009 5.9999999999999991 2.9999999999999991 49 3.0000000000000027 25 3.9999999999999991 2.9999999999999973 2.9999999999999991 5.9999999999999991 21 11.999999999999998 2.9999999999999991 9.9999999999999982 133 4.9999999999999991 12 8.9999999999999982 3
leaf_count=1739 3 36 4 3 6 16 6 6 3 49 3 25 4 3 3 6 21 12 3 10 133 5 12 9 3
internal_value=-0.00411401 -0.0151658 -0.342898 -1.80915 0.0914837 0.560662 -0.0841748 -0.00190595 0.248431 0.00873007 -0.0101044 -0.331769 -0.00493713 0.0174029 -0.297994 -0.0304175 0.0565943 -0.434854 0.119163 0.0786069 0.0210724 -0.0194667 0.421285 -0.364759 0.604368
internal_weight=2123 1903 74 13 220 30 9 1829 58 55 1771 28 1743 190 21 61 169 18 27 46 154 21 15 15 6
internal_count=2123 1903 74 13 220 30 9 1829 58 55 1771 28 1743 190 21 61 169 18 27 46 154 21 15 15 6
is_linear=0
shrinkage=0.05


Tree=177
num_leaves=21
num_cat=0
split_feature=3 13 12 18 11 6 3 13 12 4 1 11 1 18 0 13 11 13 12 16
split_gain=654.899 1435.9 13407.3 4299.66 2352.83 1717.17 2789.39 5134.25 1548.22 1380.08 3956.57 2117.32 1383.58 5138.87 1153.95 1137.32 4420.59 4020.1 621.479 342.427
threshold=0.57050737556497022 119.50000000000001 267.50000000000006 30580.675000000003 248.80000000000004 1.5000000000000002 0.67077122694981584 265.27500000000003 380.23500000000007 46075.000000000007 20790.460000000003 125.84000000000002 20029.530000000002 22803.655000000002 39159.55000000001 348.36500000000007 328.50000000000006 333.50000000000006 380.23500000000007 153.23285714285717
decision_type=2 8 8 8 10 2 2 8 10 2 2 8 2 10 2 10 10 10 8 2
left_child=9 2 3 4 -2 6 8 -8 -3 12 -11 -12 14 -14 18 17 -17 -7 -1 -13
right_child=1 5 -4 -5 -6 15 7 -9 -10 10 11 19 13 -15 -16 16 -18 -19 -20 -21
leaf_value=-0.045500056247033599 0.03492411429993808 0.10207864716649057 3.020391470193863 -1.7889861742655437 0.62448129355907445 0.014458123797158662 -1.2441841162991925 -0.14975510896717917 1.2379425048828125 -1.886109495162964 1.0858876546223966 -0.80461283922195403 -0.38129598617553706 2.2363037586212151 -1.0430543661117555 0.060060049765622882 1.0225205400242257 -0.41742325000731012 -0.77022641102472944 -0.097949473063151021
leaf_weight=212 110 11.999999999999998 3.9999999999999991 2.9999999999999991 20 1425 12.999999999999998 61 3.9999999999999991 3.9999999999999991 2.9999999999999973 4.0000000000000009 5 3 2.9999999999999991 145 12.999999999999998 56 2.9999999999999991 3
leaf_count=212 110 12 4 3 20 1425 13 61 4 4 3 4 5 3 3 145 13 56 3 3
internal_value=0.0024023 0.0124018 0.168218 0.0824385 0.125625 5.54409e-05 -0.212586 -0.34202 0.386045 -0.0753437 -0.557077 -0.0254637 -0.0455019 0.600304 -0.0692012 0.0117319 0.13925 -0.0018723 -0.0556125 -0.501757
internal_weight=2106 1866 137 133 130 1729 90 74 16 240 14 10 226 8 218 1639 158 1481 215 7
internal_count=2106 1866 137 133 130 1729 90 74 16 240 14 10 226 8 218 1639 158 1481 215 7
is_linear=0
shrinkage=0.05


Tree=178
num_leaves=17
num_cat=0
split_feature=2 11 11 3 12 18 18 3 18 7 18 4 3 17 11 12
split_gain=2348.3 4076.99 968.803 2168.35 2065.99 3416.01 1837.09 1832.9 1371.65 1305.45 1265.2 1148.01 1056.18 721.867 377.853 250.837
threshold=1909.9650000000004 240.50000000000003 278.50000000000006 0.92452522222461953 299.01000000000005 21435.890000000003 34576.200000000004 0.92603405402934458 31338.960000000003 2.5000000000000004 31715.325000000008 41785.000000000007 0.94376973728752434 57.211890875352431 235.50000000000003 345.50000000000006
decision_type=2 8 8 2 8 10 8 2 10 2 10 2 2 2 8 8
left_child=1 -1 7 4 5 -4 12 8 11 -6 -10 -2 -5 14 -9 -15
right_child=2 -3 3 6 9 -7 -8 13 10 -11 -12 -13 -14 15 -16 -17
leaf_value=-2.3141258557637534 -0.093883590939828232 0.01739566326141357 0.48316557496407281 -0.16621353168040515 -0.15202087840524073 0.079959721256257485 -1.390665626525879 0.59806748231251994 -0.94520817250013378 0.035024971977264563 0.068683604747056953 0.013697999543428683 0.66090140342712411 0.73232562065124529 -0.029305282235145565 0.32339438994725539
leaf_weight=2.9999999999999991 480 5.0000000000000009 59 110 134 479 2.9999999999999991 3.0000000000000009 7.9999999999999982 307 5 513 3.9999999999999991 9.9999999999999964 12 6.0000000000000009
leaf_count=3 480 5 59 110 134 479 3 3 8 307 5 513 4 10 12 6
internal_value=-0.00188093 -0.856925 0.00132599 0.0341035 0.0584161 0.124177 -0.169332 -0.0333164 -0.0449854 -0.0218098 -0.55525 -0.0383052 -0.137192 0.34536 0.0961693 0.578976
internal_weight=2141 8 2133 1096 979 538 117 1037 1006 441 13 993 114 31 15 16
internal_count=2141 8 2133 1096 979 538 117 1037 1006 441 13 993 114 31 15 16
is_linear=0
shrinkage=0.05


Tree=179
num_leaves=19
num_cat=0
split_feature=11 17 18 15 17 4 15 14 4 11 0 0 11 11 18 12 0 0
split_gain=4343.52 14825.8 1108.32 2629.77 4832.38 3214.64 2756.53 1913.4 1518.74 7269.49 8836.57 4373.84 1248.84 957.614 2356.98 2295.75 550.798 542.338
threshold=1115.5000000000002 298.5659591873623 28382.735000000004 197.62666666666669 100.66563866277842 46922.500000000007 204.96166666666667 349.50000000000006 43672.500000000007 284.57000000000005 34180.250000000007 38389.80000000001 259.50000000000006 262.50000000000006 27294.030000000002 302.50000000000006 34722.200000000004 35188.850000000006
decision_type=10 2 8 2 2 2 2 10 2 10 2 2 10 10 8 8 2 2
left_child=2 -2 8 4 5 -4 12 -8 13 11 -11 -10 -5 14 -1 -15 -6 -3
right_child=1 17 3 6 16 -7 7 -9 9 10 -12 -13 -14 15 -16 -17 -18 -19
leaf_value=-0.040938136732675198 3.9878481547037774 -0.72150642971197743 -0.80985944271087618 0.3164318402608236 0.28090000833783818 -2.8144304434458407 -0.061959891109601928 0.26889815164056236 0.13283241171822219 0.18158013224601746 3.7713794986406954 -0.77275867036410739 1.7591389973958329 0.11812909636936793 -1.2595797121524812 -0.078152225232479999 -0.27718876401583353 0.1678243905305862
leaf_weight=492 2.9999999999999982 3 6.0000000000000018 2.9999999999999991 7.0000000000000027 3 622 47 280 3.9999999999999991 3 13.999999999999998 3 385 3.9999999999999991 243 11.999999999999998 4
leaf_count=492 3 3 6 3 7 3 622 47 280 4 3 14 3 385 4 243 12 4
internal_value=0.00741699 1.04703 0.00253158 -0.0488429 -0.523658 -1.47805 -0.0291469 -0.0387158 0.0278763 0.127624 1.72007 0.089709 1.03779 0.00116444 -0.0507659 0.0421795 -0.0715771 -0.213317
internal_weight=2138 10 2128 703 28 9 675 669 1425 301 7 294 6 1124 496 628 19 7
internal_count=2138 10 2128 703 28 9 675 669 1425 301 7 294 6 1124 496 628 19 7
is_linear=0
shrinkage=0.05


Tree=180
num_leaves=17
num_cat=0
split_feature=11 11 0 18 16 15 17 11 1 11 15 18 11 1 15 16
split_gain=3064.01 6107.02 730.754 2315.74 835.987 2079.53 8405.35 1494.19 1236.36 10477.5 1009.05 413.325 349.891 321.853 244.553 134.232
threshold=1115.5000000000002 1118.5000000000002 28626.950000000004 23989.120000000003 276.07142857142861 276.50000000000006 32.330562978959414 291.50000000000006 31326.770000000004 231.00000000000003 320.80000000000007 25554.430000000004 1225.5000000000002 24627.340000000004 74.190000000000012 280.02642857142865
decision_type=10 8 2 8 2 2 2 10 2 10 2 8 10 2 2 2
left_child=2 -2 3 13 5 7 -7 -4 10 -10 -6 -5 -3 15 -15 -1
right_child=1 12 4 11 8 6 -8 -9 9 -11 -12 -13 -14 14 -16 -17
leaf_value=-0.029167122982442381 -2.7675493240356466 -0.38644161224365214 0.036153220129748656 -1.4215735435485841 -0.023926764201264245 2.2342450857162475 0.14602372002108652 -0.19898976451390749 -3.0680455048878987 -0.090186943061416974 0.094504151639778849 -0.6792127823829649 0.37720231612523386 -0.11722667167584103 -0.5533552742004394 0.24254501223564151
leaf_weight=50 2.9999999999999973 3.0000000000000009 551 2.9999999999999991 866 4.9999999999999991 133 77 2.9999999999999991 192 227 5.0000000000000009 3 8.9999999999999982 4.9999999999999991 4.9999999999999991
leaf_count=50 3 3 551 3 866 5 133 77 3 192 227 5 3 9 5 5
internal_value=-0.00497952 -0.925596 -0.00109141 -0.152315 0.00457762 0.0459407 0.221684 0.00732199 -0.0200219 -0.136 0.000669593 -0.957598 -0.00461965 -0.0589485 -0.272987 -0.00446602
internal_weight=2140 9 2131 77 2054 766 138 628 1288 195 1093 8 6 69 14 55
internal_count=2140 9 2131 77 2054 766 138 628 1288 195 1093 8 6 69 14 55
is_linear=0
shrinkage=0.05


Tree=181
num_leaves=23
num_cat=0
split_feature=13 13 14 11 13 14 11 13 0 13 13 18 12 3 17 18 3 18 0 17 2 1
split_gain=1312.96 7020.19 20691.3 2118.64 1751.39 21521 2466.86 1595.74 1032.37 5700.99 7194.71 1254.61 1005.7 889.942 948.748 759.441 3088.47 2431.14 572.428 224.766 86.9278 25.9345
threshold=331.00000000000006 336.50000000000006 310.44500000000005 398.70000000000005 329.50000000000006 300.50000000000006 255.50000000000003 430.00000000000006 39776.05000000001 14.695000000000002 198.53500000000003 22736.825000000004 339.50000000000006 0.92452522222461953 38.489658970513815 28127.145000000004 0.61814403559479802 27945.720000000005 32747.100000000002 45.634366744769146 2239.4650000000006 30877.525000000005
decision_type=8 8 8 10 10 8 10 10 2 10 10 10 10 2 2 10 2 10 2 2 2 2
left_child=4 2 19 13 8 6 -6 -5 15 11 -11 -10 -8 18 -15 17 -17 -1 -3 20 -2 -21
right_child=1 3 -4 7 5 -7 12 -9 9 10 -12 -13 -14 14 -16 16 -18 -19 -20 21 -22 -23
leaf_value=0.007339661629721073 -0.16346351504325857 -0.075361832176645605 -4.2358957529067993 -1.7794384876887006 1.0744708347320557 4.4057387789090479 -0.19100905740367516 -0.25395024055615062 -0.40394620895385747 2.8850962479909228 0.29375319753587248 -1.849980767567952 0.64588798284530646 -0.20590763550538282 -1.1923529883225761 -0.58515977028470778 -0.027792881473738713 0.53828610268167476 0.065742936665597176 -0.0029628001153469076 -0.51951083342234283 0.20494152630368864
leaf_weight=1078 4.0000000000000018 150 3.9999999999999991 2.9999999999999991 4.9999999999999991 2.9999999999999991 35 4 2.9999999999999991 3.0000000000000027 25 3 3.9999999999999991 12.999999999999998 2.9999999999999991 26 564 22 138 3 3 3
leaf_count=1078 4 150 4 3 5 3 35 4 3 3 25 3 4 13 3 26 564 22 138 3 3 3
internal_value=-0.00990924 -0.101798 -1.09118 -0.0477162 0.00710912 0.308251 0.028877 -0.907731 -0.00110067 0.271686 0.571397 -1.12696 -0.105173 -0.0279132 -0.390866 -0.00658869 -0.0523548 0.0179586 -0.00774913 -0.123573 -0.316055 0.100989
internal_weight=2099 328 17 311 1771 47 44 7 1724 34 28 6 39 304 16 1690 590 1100 288 13 7 6
internal_count=2099 328 17 311 1771 47 44 7 1724 34 28 6 39 304 16 1690 590 1100 288 13 7 6
is_linear=0
shrinkage=0.05


Tree=182
num_leaves=22
num_cat=0
split_feature=4 17 16 16 4 4 4 1 17 14 15 14 3 1 13 1 1 13 0 12 15
split_gain=835.485 854.664 5233.32 5204.63 1125.76 5073.87 2328.41 3219.29 2583.95 949.026 709.628 791.122 560.475 530.368 372.995 281.769 276.601 247.74 240.143 248.635 84.015
threshold=48944.500000000007 296.62200067587719 406.89357142857153 385.01428571428579 43377.500000000007 43067.500000000007 44810.000000000007 32113.845000000001 33.229793759405581 248.80000000000004 166.54166666666669 85.000000000000014 0.89898648995033625 29925.785 264.50000000000006 28403.875000000004 25664.620000000006 289.16500000000008 36219.250000000007 14.290000000000001 157.16666666666669
decision_type=2 2 2 2 2 2 2 2 2 8 2 10 2 2 10 2 2 8 2 10 2
left_child=1 4 3 12 5 9 7 -6 -8 -1 14 -12 -3 16 18 -7 -4 -15 -2 -20 -16
right_child=10 2 13 -5 6 15 8 -9 -10 -11 11 -13 -14 17 20 -17 -18 -19 19 -21 -22
leaf_value=-0.067443518204943501 0.10881945490837078 -0.92494910558064802 -0.050796791160893112 -2.9923429489135738 0.21738390614982786 -0.37970236937204954 0.35854468134303508 1.3344763057572502 -0.015296405187221425 0.022756011631125374 -1.3157050927480063 -0.16742930412292478 0.041552693396806707 -0.1106676371481556 0.02016075054804484 -0.90774966776371002 0.2062576632499695 -0.49497374057769772 0.091309012969334816 -0.41028297969273164 0.39435993035634348
leaf_weight=402 4.0000000000000062 2.9999999999999982 18 3 82 3.0000000000000027 52 6.9999999999999991 416 1062 2.9999999999999991 3 3 26.000000000000004 2.9999999999999991 15.999999999999998 25 4.9999999999999991 3.0000000000000027 13.999999999999998 3
leaf_count=402 4 3 18 3 82 3 52 7 416 1062 3 3 3 26 3 16 25 5 3 14 3
internal_value=-6.42961e-05 0.00381629 -0.153462 -1.29191 0.0102154 -0.0125479 0.070822 0.305245 0.0262415 -0.00201189 -0.249715 -0.741567 -0.441698 -0.0150017 -0.140415 -0.824374 0.0986535 -0.172652 -0.23975 -0.321767 0.20726
internal_weight=2156 2123 83 9 2040 1483 557 89 468 1464 33 6 6 74 27 19 43 31 21 17 6
internal_count=2156 2123 83 9 2040 1483 557 89 468 1464 33 6 6 74 27 19 43 31 21 17 6
is_linear=0
shrinkage=0.05


Tree=183
num_leaves=16
num_cat=0
split_feature=11 2 18 3 1 16 16 2 16 3 3 6 15 1 14
split_gain=689.869 3500.78 1810.42 1795.36 3167.09 1369.99 10111.6 8938.25 2060.68 1280.84 1653.22 1246.6 2745.64 1487.88 983.521
threshold=235.50000000000003 2118.6650000000004 28683.140000000003 0.95075228228698749 37020.420000000006 257.71428571428572 252.85428571428574 6614.9600000000009 239.02071428571432 0.92832395973815274 0.90188378930635749 2.5000000000000004 137.94666666666669 29722.835000000003 350.50000000000006
decision_type=8 2 8 2 2 2 2 2 2 2 2 2 2 2 10
left_child=1 -1 11 5 -5 6 8 -8 -2 10 -7 12 -3 -13 -11
right_child=3 2 -4 4 -6 9 7 -9 -10 14 -12 13 -14 -15 -16
leaf_value=-1.7445708274841309 0.12970440720123325 0.17295177872566617 -1.0913992255926133 2.0514183362325031 -0.097691065073013283 -0.0039319000906438938 4.0854005495707195 0.22572687864303581 -0.32571461456162587 -0.17991068056339155 0.18593704614031595 -0.036125727134847234 -0.68181817593673877 0.22259168545715513 0.73713994026184082
leaf_weight=2.9999999999999991 220 17 3.9999999999999991 2.9999999999999991 4 1099 2.9999999999999991 3 28 115 128 422 21 64 2.9999999999999991
leaf_count=3 220 17 4 3 4 1099 3 3 28 115 128 422 21 64 3
internal_value=0.00801863 -0.041387 -0.0317098 0.0243539 0.823356 0.020856 0.127356 2.15556 0.0782861 0.000743848 0.0158751 -0.0236206 -0.299421 -0.00205594 -0.156596
internal_weight=2137 531 528 1606 7 1599 254 6 248 1345 1227 524 38 486 118
internal_count=2137 531 528 1606 7 1599 254 6 248 1345 1227 524 38 486 118
is_linear=0
shrinkage=0.05


Tree=184
num_leaves=13
num_cat=0
split_feature=3 18 11 18 18 11 0 8 0 1 0 17
split_gain=2615.19 904.393 15923.4 41644.8 2250.4 4540.81 1487.19 1288.57 1123.56 1115.14 1354.77 1311.1
threshold=0.95075228228698749 22411.365000000002 309.50000000000006 21268.350000000002 22702.765000000003 300.50000000000006 28149.500000000004 1.5000000000000002 28230.700000000004 27820.620000000006 36619.150000000001 113.59239815251799
decision_type=2 8 10 10 8 8 2 2 2 2 2 2
left_child=1 2 9 -4 5 7 -6 -3 -8 10 -1 -11
right_child=-2 4 3 -5 6 -7 8 -9 -10 11 -12 -13
leaf_value=-0.031837354615914179 1.1566682481765749 -0.88967700401941885 -2.0194679260253907 5.7736054182052605 0.86091841757297516 -2.2688639958699546 -0.7511116492748261 -0.073735231280326843 -0.00030074411441154527 0.24209260193843615 0.25994509461981413 -0.077445342242717749
leaf_weight=415 4.9999999999999991 6.0000000000000027 2.9999999999999991 4 4.9999999999999991 2.9999999999999991 4.9999999999999991 25 1450 112 44 45
leaf_count=415 5 6 3 4 5 3 5 25 1450 112 44 45
internal_value=0.014514 0.0118164 0.0624244 2.43372 -0.0092872 -0.411413 7.73664e-05 -0.231659 -0.00288085 0.0354779 -0.00386692 0.150505
internal_weight=2122 2117 623 7 1494 34 1460 31 1455 616 459 157
internal_count=2122 2117 623 7 1494 34 1460 31 1455 616 459 157
is_linear=0
shrinkage=0.05


Tree=185
num_leaves=14
num_cat=0
split_feature=0 2 17 17 3 1 4 12 2 18 15 14 14
split_gain=621.765 579.718 4314.27 2606.88 674.202 561.729 526.94 559.518 387.855 289.564 230.204 228.017 70.9423
threshold=40548.000000000007 1965.8250000000003 35.873827382138458 37.975319841884556 0.94376973728752434 31356.005000000001 48944.500000000007 299.01000000000005 8112.795000000001 34576.200000000004 271.31333333333339 319.50000000000006 249.88500000000002
decision_type=2 2 2 2 2 2 2 10 2 10 2 10 10
left_child=1 2 -1 -4 6 -5 7 -3 -8 12 11 -6 -2
right_child=9 4 3 5 10 -7 8 -9 -10 -11 -12 -13 -14
leaf_value=-2.0065562725067116 -0.40362524191538507 0.02948122595028882 1.3882417837778727 0.35315792833765353 0.41025223016738899 -0.42693176031112667 -0.73164762457211818 -0.026512887544445751 -0.13538145920882624 -0.78741761843363423 0.63596595168113701 -0.1411300937334696 -0.096070720255374886
leaf_weight=3.0000000000000027 2.9999999999999982 1413 2.9999999999999991 2.9999999999999991 4.9999999999999982 9.9999999999999982 2.9999999999999991 652 30 3 5 3 5
leaf_count=3 3 1413 3 3 5 10 3 652 30 3 5 3 5
internal_value=0.00644727 0.00838361 -0.266568 0.0596801 0.0108583 -0.246911 0.00863402 0.0118017 -0.189587 -0.368498 0.369823 0.203484 -0.211404
internal_weight=2141 2130 19 16 2111 13 2098 2065 33 11 13 8 8
internal_count=2141 2130 19 16 2111 13 2098 2065 33 11 13 8 8
is_linear=0
shrinkage=0.05


Tree=186
num_leaves=15
num_cat=0
split_feature=2 6 18 18 12 15 1 14 14 13 16 1 18 1
split_gain=2534.43 3847.18 660.67 4794.13 10337.9 3124.59 3054.45 2491.41 1325.16 1612.59 1127.84 1043.47 2571.26 1830.13
threshold=1909.9650000000004 10.500000000000002 28042.045000000006 27945.720000000005 240.50000000000003 156.50000000000003 22312.280000000002 244.50000000000003 349.50000000000006 280.75000000000006 143.9371428571429 32113.845000000001 23302.175000000003 31600.905000000002
decision_type=2 2 10 10 8 2 2 10 10 10 2 2 8 2
left_child=1 -1 3 11 -5 6 -4 -8 10 -10 -7 13 -13 -2
right_child=2 -3 5 4 -6 8 7 -9 9 -11 -12 12 -14 -15
leaf_value=-2.3084139506022137 0.010932150553409126 0.060230594873428335 0.34177865311503414 3.5596505641937259 -0.15301278591156001 0.79057103991508493 -0.38869804739952096 -2.0628651871345935 0.035624077166752657 0.5921727163924112 -0.051489908113865702 1.469079312682152 0.12889250139979755 -0.51122189462184908
leaf_weight=2.9999999999999991 1304 4 3.9999999999999991 2.9999999999999991 5.0000000000000009 3.9999999999999991 3.9999999999999982 5 47 18 677 3.9999999999999991 34 17
leaf_count=3 1304 4 4 3 5 4 4 5 47 18 677 4 34 17
internal_value=-0.0050689 -0.954903 -0.00194151 0.0188276 1.23924 -0.0393478 -0.807846 -1.31879 -0.0259557 0.189745 -0.0465439 0.0116434 0.269965 0.00421253
internal_weight=2133 7 2126 1367 8 759 13 9 746 65 681 1359 38 1321
internal_count=2133 7 2126 1367 8 759 13 9 746 65 681 1359 38 1321
is_linear=0
shrinkage=0.05


Tree=187
num_leaves=26
num_cat=0
split_feature=4 4 11 6 11 0 4 11 2 4 9 12 6 11 2 2 18 14 13 12 1 11 16 0 12
split_gain=869.303 4023.76 2470.07 3715.86 11381.7 7374.67 2898.77 5374.04 2240.82 1945.58 1489.63 1595.38 1244.91 1093.16 1399.9 1404.13 1317.27 1779.74 1336.17 859.959 591.322 164.784 87.9694 2.97 0.164109
threshold=43377.500000000007 43067.500000000007 300.50000000000006 1.5000000000000002 298.02000000000004 39486.450000000004 44395.000000000007 324.00000000000006 3318.8250000000003 44860.000000000007 1.0000000180025095e-35 248.14500000000001 13.500000000000002 279.50000000000006 2758.8600000000001 3177.7000000000003 21161.355000000007 254.62500000000003 297.94500000000005 240.50000000000003 30757.030000000002 285.63000000000005 280.77428571428578 34722.200000000004 329.50000000000006
decision_type=2 2 10 2 8 2 2 10 2 2 2 10 2 8 2 2 10 10 10 8 2 10 2 2 10
left_child=1 13 3 4 5 -2 7 -4 12 -10 11 -8 -5 16 19 -16 18 -18 -1 -15 -12 22 -3 -23 -24
right_child=2 21 6 8 -6 -7 10 -9 9 -11 20 -13 -14 14 15 -17 17 -19 -20 -21 -22 23 24 -25 -26
leaf_value=0.060438222292643257 -0.31171512405077606 -0.92616146405537947 -0.047674403786659235 0.61205587003912243 3.6162850538889568 2.4599179267883304 0.46573792071465187 -2.7244986852010085 0.24590394358489323 -0.018032846475880597 0.097929529845714569 -0.058964243811099049 0.095561754405498509 -0.87301297187805182 0.38905291463537467 0.033484096255366254 -0.28569049908234401 -0.046189050806154097 -0.15790405489896475 -0.12411856815704835 -0.40320997080589471 -1.0081938107808432 -0.58628745079040512 -1.078550052642822 -0.60282572110493959
leaf_weight=267 12.000000000000002 2.9999999999999982 5 28 2.9999999999999991 2.9999999999999991 17 3 88 338 6.9999999999999991 98 20 3.9999999999999991 29 652 123 210 95 92 37 2.9999999999999991 3 3 3
leaf_count=267 12 3 5 28 3 3 17 3 88 338 7 98 20 4 29 652 123 210 95 92 37 3 3 3 3
internal_value=-0.00444137 -0.0256263 0.0433614 0.0997587 0.80489 0.242611 -0.122791 -1.05148 0.0729815 0.0364893 -0.0760642 0.0186004 0.39685 -0.0173236 0.0234275 0.0486258 -0.0628828 -0.134654 0.00313845 -0.155323 -0.323483 -0.840404 -0.705092 -1.04337 -0.594557
internal_weight=2146 1487 659 492 18 15 167 8 474 426 159 115 48 1472 777 681 695 333 362 96 44 15 9 6 6
internal_count=2146 1487 659 492 18 15 167 8 474 426 159 115 48 1472 777 681 695 333 362 96 44 15 9 6 6
is_linear=0
shrinkage=0.05


Tree=188
num_leaves=25
num_cat=0
split_feature=6 5 15 2 17 4 14 15 6 1 3 14 8 18 16 11 1 3 4 12 3 12 18 3
split_gain=635.232 1144.61 8061.98 3731.7 1434.11 2761.6 24882.4 1884.67 1473.04 2536.72 1931.49 1112.33 488.613 1023.16 1055.86 1225.38 511.901 2846.35 2726.25 2215.37 1718.9 810.641 38.8482 8.61977
threshold=9.5000000000000018 1.5000000000000002 537.33333333333337 18507.435000000001 58.76032255858086 46555.000000000007 233.50000000000003 260.83333333333343 2.5000000000000004 30469.470000000001 0.92350608415450408 915.50000000000011 4.5000000000000009 26962.010000000006 273.95500000000004 339.50000000000006 20672.785000000003 0.58048192752546968 46075.000000000007 268.50000000000006 0.60445525142825474 289.05500000000006 27255.000000000004 0.86675310219534418
decision_type=2 2 2 2 2 2 10 2 2 2 2 8 2 10 2 10 2 2 2 10 2 10 8 2
left_child=1 4 3 11 5 7 -7 -1 9 -6 -10 -3 16 14 -14 -16 18 19 21 -18 -19 -2 -15 -24
right_child=12 2 -4 -5 8 6 -8 -9 10 -11 -12 -13 13 22 15 -17 17 20 -20 -21 -22 -23 23 -25
leaf_value=-0.27189388048389684 -0.010231409002122263 0.10484289225711618 2.7406674325466156 1.8487973511219025 -0.036107043561632517 4.2063125967979431 0.060414952980844594 0.065299939742516813 -0.023461080915793513 -0.57010884109352322 0.88319916638235252 -0.54873416721820834 -0.53731730937957767 -0.47531689008077022 0.2874103499851266 -0.41105768680572513 -0.03881142139434815 -0.86733765403429663 -1.5987178802490236 1.7586161732673642 -0.018197770037608526 -0.21693685287609699 -0.23977932248796732 -0.34107902844746896
leaf_weight=46 139 93 2.9999999999999991 2.9999999999999991 61 3.9999999999999991 38 418 280 35 5.9999999999999991 6.9999999999999991 4.9999999999999991 2.9999999999999973 61 6.9999999999999991 2.9999999999999991 5.9999999999999991 2.9999999999999991 4 890 72 7 3
leaf_count=46 139 93 3 3 61 4 38 418 280 35 6 7 5 3 61 7 3 6 3 4 890 72 7 3
internal_value=0.000765265 0.0303427 0.185638 0.11122 0.0118052 0.0670144 0.455262 0.0318712 -0.0613253 -0.230795 -0.00444024 0.0590925 -0.0236736 0.0911674 0.163946 0.215509 -0.0325155 -0.0160377 -0.102046 0.98829 -0.023884 -0.080766 -0.317511 -0.270169
internal_weight=2197 994 106 103 888 506 42 464 382 96 286 100 1203 86 73 68 1117 903 214 7 896 211 13 10
internal_count=2197 994 106 103 888 506 42 464 382 96 286 100 1203 86 73 68 1117 903 214 7 896 211 13 10
is_linear=0
shrinkage=0.05


Tree=189
num_leaves=24
num_cat=0
split_feature=18 0 1 6 2 11 12 18 12 0 11 12 0 18 2 15 15 18 1 12 1 17 0
split_gain=908.255 1188.29 1110.59 1100.12 1099.53 1022.25 3249.57 4791.37 2722.27 5856.85 2095.81 1224.13 943.512 2443.29 667.901 633.973 601.441 593.022 422.604 377.432 291.895 91.1355 15.019
threshold=19106.010000000006 32956.150000000001 22636.785000000007 2.5000000000000004 2606.9850000000001 399.50000000000006 248.14500000000001 31943.725000000002 254.62500000000003 35188.850000000006 398.70000000000005 262.50000000000006 28230.700000000004 23878.835000000003 3745.8850000000007 38.16666666666665 302.69500000000005 17715.165000000005 23067.700000000001 248.14500000000001 29186.110000000004 45.290888701071331 34051.500000000007
decision_type=10 2 2 2 2 10 10 8 10 2 8 10 2 8 2 2 2 10 2 8 2 2 2
left_child=1 4 21 -4 17 10 7 -7 9 -8 12 -10 13 -2 19 -14 -16 20 -5 -6 -1 -3 -23
right_child=5 2 3 18 14 6 8 -9 11 -11 -12 -13 15 -15 16 -17 -18 -19 -20 -21 -22 22 -24
leaf_value=0.72130477087838241 -0.048503009190684863 -0.3199639062086741 1.1257685947418214 0.75332613945007321 0.33093597094217936 2.0909088778495799 -2.5542035897572837 -0.23079188019037239 0.94318109750747681 0.036351617332547902 -1.1671334862709046 0.11557773775642827 0.34527328681821623 -1.2058815161387126 0.049401388932829318 -0.01942826700036324 -0.42183559813669752 -0.29287069638570151 0.25429285966924259 -0.2564011207511348 0.32082746326923373 -0.090959292650222789 0.027701298519968987
leaf_weight=7.0000000000000062 19.000000000000004 2.9999999999999991 4.9999999999999991 4.9999999999999991 2.9999999999999991 4.9999999999999973 2.9999999999999991 4.0000000000000009 4.9999999999999991 7.9999999999999991 3.9999999999999991 42 11.999999999999998 5.9999999999999991 207 1705 6.9999999999999991 2.9999999999999991 28 31 12.999999999999998 3.9999999999999991 7.9999999999999991
leaf_count=7 19 3 5 5 3 5 3 4 5 8 4 42 12 6 207 1705 7 3 28 31 13 4 8
internal_value=-0.00281006 0.0742977 0.290822 0.434623 0.0319516 -0.0165899 0.175071 1.05904 0.037903 -0.670163 -0.0239446 0.203621 -0.0213196 -0.326274 0.00128069 -0.0168794 0.0339871 0.362664 0.329904 -0.204577 0.460995 -0.0734746 -0.0118522
internal_weight=2137 324 53 38 271 1813 67 9 58 11 1746 47 1742 25 248 1717 214 23 33 34 20 15 12
internal_count=2137 324 53 38 271 1813 67 9 58 11 1746 47 1742 25 248 1717 214 23 33 34 20 15 12
is_linear=0
shrinkage=0.05


Tree=190
num_leaves=15
num_cat=0
split_feature=11 17 0 13 11 1 13 15 13 17 13 2 1 2
split_gain=5009.98 12164.7 836.172 2226.27 1764.79 710.45 5011.89 4643.19 812.635 4163.47 2386.8 424.089 397.757 373.333
threshold=1115.5000000000002 299.28938837327331 39995.650000000009 198.53500000000003 284.57000000000005 36487.450000000012 299.51000000000005 262.45000000000005 348.36500000000007 37.975319841884556 333.50000000000006 6538.7600000000011 35398.960000000014 2803.7750000000001
decision_type=10 2 2 10 10 2 10 2 10 2 10 2 2 2
left_child=2 -2 5 -4 11 8 -7 -8 10 -10 -1 -5 -6 -3
right_child=1 13 3 4 12 6 7 -9 9 -11 -12 -13 -14 -15
leaf_value=0.003400395179399713 3.7818753401438396 -0.21615194320678707 -1.2247430825233461 0.27114316821098305 -0.44616267999013259 1.3427910486857098 -2.608718061447143 -0.12056123971939087 0.80211786396409335 0.025840252023680434 -0.29614662712277923 1.0575675805409748 0.035527146110932037 0.48938140024741483
leaf_weight=1836 2.9999999999999991 5 4.9999999999999991 4.0000000000000027 15.000000000000002 2.9999999999999991 3 5 19 190 69 3 5.9999999999999991 3
leaf_count=1836 3 5 5 4 15 3 3 5 19 190 69 3 6 3
internal_value=0.00228013 1.06664 -0.00314523 -0.252901 -0.0793572 0.000733322 -0.400053 -1.05362 0.00281878 0.0964109 -0.00744934 0.608182 -0.308537 0.0484231
internal_weight=2169 11 2158 33 28 2125 11 8 2114 209 1905 7 21 8
internal_count=2169 11 2158 33 28 2125 11 8 2114 209 1905 7 21 8
is_linear=0
shrinkage=0.05


Tree=191
num_leaves=12
num_cat=0
split_feature=1 14 3 14 13 15 17 13 15 16 13
split_gain=2085.58 7029.81 1193.59 654.38 513.3 3374.62 2423.19 919.131 841.79 659.353 269.095
threshold=36487.450000000012 315.50000000000006 0.94872854792453343 339.50000000000006 119.50000000000001 202.56666666666669 130.71058768772789 244.50000000000003 514.16666666666686 279.05428571428575 308.50000000000006
decision_type=2 8 2 10 8 2 2 10 2 2 10
left_child=2 -2 4 10 5 6 -1 8 -6 -9 -3
right_child=1 3 -4 -5 7 -7 -8 9 -10 -11 -12
leaf_value=0.012539209675915697 -2.7640986124674498 0.66702033678690575 -1.0036004940668741 -0.57224728266398095 -0.072271068722912224 1.3481390547752381 1.1249124765396119 0.063262101529492978 -0.80104906708002099 -0.014820955305968381 -0.002674794197082519
leaf_weight=235 2.9999999999999973 3 2.9999999999999991 3 421 4.9999999999999991 4.9999999999999991 359 3.9999999999999991 1095 3
leaf_count=235 3 3 3 3 421 5 5 359 4 1095 3
internal_value=-0.0106886 -0.668 -0.00698025 0.0306994 -0.0055726 0.0624978 0.0357137 -0.0144482 -0.0791302 0.00445815 0.332173
internal_weight=2139 12 2127 9 2124 245 240 1879 425 1454 6
internal_count=2139 12 2127 9 2124 245 240 1879 425 1454 6
is_linear=0
shrinkage=0.05


Tree=192
num_leaves=17
num_cat=0
split_feature=0 8 18 0 7 2 16 17 11 14 14 14 14 15 17 15
split_gain=2007.3 3232.48 11080.8 2309.96 2909.67 1915.34 1196.79 2001.92 780.563 4623.07 8580.6 2841.72 657.465 607.523 3623.03 2488.28
threshold=37592.950000000004 1.5000000000000002 27878.885000000006 37544.000000000007 4.5000000000000009 1909.9650000000004 292.20285714285723 130.71058768772789 1014.0000000000001 274.50000000000006 239.50000000000003 300.50000000000006 239.50000000000003 321.80000000000007 37.364814778372683 314.63333333333338
decision_type=2 2 10 2 2 2 2 2 10 10 10 8 10 2 2 2
left_child=3 5 -3 8 -5 -2 7 -7 13 10 -10 -11 -8 15 -15 -1
right_child=1 2 -4 4 -6 6 12 -9 9 11 -12 -13 -14 14 -16 -17
leaf_value=-0.00276003034680373 1.0735411882400514 -0.31670231968164442 3.5270473639170321 -2.0919964154561361 0.11015018026034035 0.11480355113309029 -0.48341068559222755 0.84264085233211528 -0.045558055738608022 1.7218592007954925 -3.320577430725097 -0.16285586042019223 -0.027852797846902502 0.82216707001129796 0.018568093863453854 -0.30970550537973213
leaf_weight=1532 4.9999999999999991 5 3 2.9999999999999991 3 171 8.9999999999999982 9.9999999999999982 6.0000000000000018 2.9999999999999973 3 6.0000000000000009 66 14.999999999999998 216 69
leaf_count=1532 5 5 3 3 3 171 9 10 6 3 3 6 66 15 216 69
internal_value=0.00705278 0.1347 1.1247 -0.0114477 -0.990923 0.104355 0.0854251 0.155016 -0.00827106 -0.335924 -1.13723 0.465382 -0.0825197 -0.00505176 0.0707498 -0.0159888
internal_weight=2125 269 8 1856 6 261 256 181 1850 18 9 9 75 1832 231 1601
internal_count=2125 269 8 1856 6 261 256 181 1850 18 9 9 75 1832 231 1601
is_linear=0
shrinkage=0.05


Tree=193
num_leaves=25
num_cat=0
split_feature=13 17 14 16 17 14 17 14 2 2 8 17 16 16 14 16 7 13 7 18 4 18 14 16
split_gain=580.176 1740.72 11225.1 9534.54 7954.62 63814.3 3282.38 13235.4 3218.38 2180.09 1318.28 787.421 1212.35 2429.39 3649.95 1401.98 6862.97 845.622 765.5 1810.27 1389.37 1160.01 742.954 244.453
threshold=275.49000000000007 35.873827382138458 175.00000000000003 258.54142857142864 37.111854831086752 381.50000000000006 37.632658883151997 229.54000000000005 4642.5600000000004 1965.8250000000003 2.5000000000000004 35.725329231378304 239.02071428571432 248.85714285714286 259.50000000000006 226.8807142857143 4.5000000000000009 274.50000000000006 2.5000000000000004 28809.675000000007 45602.500000000007 28257.445000000003 259.50000000000006 286.46000000000009
decision_type=10 2 10 2 2 8 2 10 2 2 2 2 2 2 8 2 2 10 2 10 2 10 10 2
left_child=11 2 -2 -4 5 8 7 -6 -3 -5 -8 18 15 14 -14 22 -17 -15 19 21 23 -1 -13 -20
right_child=1 4 3 9 6 -7 10 -9 -10 -11 -12 12 13 17 -16 16 -18 -19 20 -21 -22 -23 -24 -25
leaf_value=0.15409403501365049 -3.1075169245402021 1.6247809251149459 2.3912816375494006 -1.2235809594392777 -3.6604943168660009 7.7860746383666992 -0.074130370882339786 0.17434954113430448 -0.11642845396114432 -0.050293749045927476 0.091463878959047132 -0.054428094352872394 -2.3632483164469402 -0.091539886811127277 -0.15721037924289699 0.044889602735638613 2.6094588458538057 -0.64683829333101006 -0.072834150033304471 -1.0632778803507488 -1.0972478151321412 1.1513693888982137 0.092053969001677727 0.073116284436904475
leaf_weight=104 2.9999999999999991 3.0000000000000062 3.9999999999999991 3.9999999999999991 2.9999999999999991 2.9999999999999991 160 8.9999999999999982 23 388 483 370 2.9999999999999991 333 5.0000000000000009 20.000000000000004 2.9999999999999991 6.9999999999999991 64 2.9999999999999991 2.9999999999999991 2.9999999999999991 113 52
leaf_count=104 3 3 4 4 3 3 160 9 23 388 483 370 3 333 5 20 3 7 64 3 3 3 113 52
internal_value=-0.00344633 0.0224311 -0.0605657 -0.0374828 0.0708459 0.881197 0.0349677 -0.784361 0.0844803 -0.0622661 0.0502585 -0.0293237 -0.0514011 -0.123237 -0.984475 -0.0019963 0.379399 -0.102973 0.0530086 0.148091 -0.034883 0.182055 -0.020158 -0.00740809
internal_weight=2166 1083 399 396 684 29 655 12 26 392 643 1083 854 348 8 506 23 340 229 110 119 107 483 116
internal_count=2166 1083 399 396 684 29 655 12 26 392 643 1083 854 348 8 506 23 340 229 110 119 107 483 116
is_linear=0
shrinkage=0.05


Tree=194
num_leaves=18
num_cat=0
split_feature=2 18 13 7 13 13 14 17 11 3 2 16 16 16 11 3 14
split_gain=976.742 3320.84 4554.34 2680.02 931.257 2705.19 20427.5 24140.2 2227 1597.47 1487.85 842.204 8295.18 6043.45 1006.54 933.419 499.823
threshold=1965.8250000000003 25815.825000000004 300.50000000000006 5.5000000000000009 321.50000000000006 336.50000000000006 381.50000000000006 44.089444092084669 398.70000000000005 0.92452522222461953 14773.845000000001 391.6028571428572 388.79214285714289 394.01571428571435 915.50000000000011 0.61456706175205544 1.0000000180025095e-35
decision_type=2 10 8 2 8 8 8 2 10 2 2 2 2 2 10 2 10
left_child=1 3 -3 -1 11 6 16 -8 9 -7 -10 12 15 -13 -15 -2 -6
right_child=4 2 -4 -5 5 8 7 -9 10 -11 -12 13 -14 14 -16 -17 -18
leaf_value=1.5241244077682496 -0.053927664637805954 -2.2897917389869691 0.096193641424179036 -0.4528328284621238 -0.59655367881059651 0.046970711932723896 -4.8822151184082045 0.32908782958984367 -1.7226246119787296 -0.4250803382773149 -0.24960544705390927 -1.8150731945037841 2.6557424187660219 -0.11075510173839959 0.30506546262444723 0.042512936592682363 -0.02292474168476959
leaf_weight=2.9999999999999991 310 3.9999999999999991 4.0000000000000009 4 3.9999999999999991 316 4.9999999999999982 4 2.9999999999999991 19 4 4.9999999999999991 2.9999999999999991 76 18 1316 75
leaf_count=3 310 4 4 4 4 316 5 4 3 19 4 5 3 76 18 1316 75
internal_value=0.00118793 -0.40089 -1.0968 0.394435 0.00398273 -0.0618613 -0.309094 -2.56608 0.00175416 0.0201977 -0.880899 0.0203675 0.0289728 -0.121228 -0.0311299 0.0241264 -0.0519692
internal_weight=2173 15 8 7 2158 430 88 9 342 335 7 1728 1629 99 94 1626 79
internal_count=2173 15 8 7 2158 430 88 9 342 335 7 1728 1629 99 94 1626 79
is_linear=0
shrinkage=0.05


Tree=195
num_leaves=20
num_cat=0
split_feature=1 2 13 6 18 2 11 11 2 12 2 1 18 13 18 17 13 11 2
split_gain=758.622 1355.94 949.166 645.829 968.727 1791.3 927.783 870.76 2145.42 1346.17 808.041 1256.7 831.514 629.176 600.487 545.957 465.707 280.698 83.1163
threshold=35051.840000000004 1909.9650000000004 973.50000000000011 14.500000000000002 10465.250000000002 8112.795000000001 370.50000000000006 278.50000000000006 2687.0100000000007 200.50000000000003 6538.7600000000011 23727.685000000001 29533.315000000006 279.50000000000006 33757.140000000007 32.660422617618742 300.50000000000006 1007.0000000000001 4195.9650000000011
decision_type=2 2 10 2 8 2 8 10 2 8 2 2 10 10 8 2 8 8 2
left_child=3 -2 14 4 5 -1 10 8 -6 -9 11 -5 -12 15 16 -8 -3 -15 -16
right_child=1 2 -4 6 7 -7 13 9 -10 -11 12 -13 -14 17 18 -17 -18 -19 -20
leaf_value=1.5263421376546225 1.0971168756484986 -0.041689556930214151 -0.59977137446403506 -1.0008897542953492 0.4182623209861609 -0.08992181979119776 0.51884508132934481 -0.76776911616325383 -0.044671286210057198 0.055343478903983181 -0.039674471967986652 -0.10812498237868957 0.17630368821314135 0.58886135057969546 0.77388461828231814 -0.15566541651884716 0.51113951921463019 0.043233126401901217 0.42573046286900829
leaf_weight=2.9999999999999991 3.9999999999999991 16.000000000000007 3.9999999999999991 3.9999999999999991 26 4 4.0000000000000062 4.9999999999999991 669 760 280 271 53 10.999999999999996 3.9999999999999991 11.999999999999998 4.9999999999999991 3.0000000000000009 3
leaf_count=3 4 16 4 4 26 4 4 5 669 760 280 271 53 11 4 12 5 3 3
internal_value=0.00160039 0.229188 0.120697 -0.00229185 0.0159722 0.602763 -0.0442878 0.0131589 -0.0273529 0.0499637 -0.0576812 -0.121111 -0.00529957 0.227152 0.223621 0.0129622 0.0899364 0.471941 0.624676
internal_weight=2141 36 32 2105 1467 7 638 1460 695 765 608 275 333 30 28 16 21 14 7
internal_count=2141 36 32 2105 1467 7 638 1460 695 765 608 275 333 30 28 16 21 14 7
is_linear=0
shrinkage=0.05


Tree=196
num_leaves=14
num_cat=0
split_feature=2 14 18 2 18 13 18 13 7 2 4 2 14
split_gain=1956.02 3225.38 818.226 1629.98 1062.22 5140.6 1722 2597.79 1059.85 832.305 554.887 244.539 160.186
threshold=1909.9650000000004 317.50000000000006 34726.360000000008 3025.7000000000003 32048.085000000003 205.60500000000005 29925.785 13.805000000000001 4.5000000000000009 5988.1900000000014 48055.000000000007 5717.8850000000011 304.00000000000006
decision_type=2 8 10 2 10 10 10 10 2 2 2 2 10
left_child=1 -1 4 -4 6 -6 9 -8 -7 -2 11 -5 -12
right_child=2 -3 3 10 5 8 7 -9 -10 -11 12 -13 -14
leaf_value=-1.5543734741210937 0.064868801487442354 0.51939192612965879 -1.3244861523310343 -0.16936288759112361 2.180911821126938 0.15562665050012481 -1.586701512336731 -0.10608341558875696 -0.15243779129215651 -0.0092619682763949839 -0.59660382270812995 0.10069783643672342 -0.23124286532402036
leaf_weight=4.9999999999999991 612 3.0000000000000009 2.9999999999999991 14.999999999999998 2.9999999999999991 138 2.9999999999999991 237 35 993 5.9999999999999982 19 6
leaf_count=5 612 3 3 15 3 138 3 237 35 993 6 19 6
internal_value=0.00361077 -0.776711 0.00662651 -0.19526 0.0115213 0.128886 0.000325582 -0.124591 0.0933015 0.0190047 -0.121614 -0.0184466 -0.413923
internal_weight=2078 8 2070 49 2021 176 1845 240 173 1605 46 34 12
internal_count=2078 8 2070 49 2021 176 1845 240 173 1605 46 34 12
is_linear=0
shrinkage=0.05


Tree=197
num_leaves=21
num_cat=0
split_feature=4 0 18 1 11 1 4 0 15 14 16 16 4 16 16 18 11 18 14 13
split_gain=642.956 1318.99 993.872 984.409 696.843 6314.17 1325.33 1215.01 1111.27 1055.2 2760.83 16380.9 9890.47 1515.22 5504.42 2838.8 533.101 468.132 324.896 106.853
threshold=48055.000000000007 40189.600000000006 27469.665000000005 34862.835000000006 235.50000000000003 31860.310000000001 46922.500000000007 35980.30000000001 226.50000000000003 238.00000000000003 303.78571428571433 300.73000000000008 35134.500000000007 177.57142857142858 180.95214285714289 28257.445000000003 329.50000000000006 22153.585000000003 324.00000000000006 264.50000000000006
decision_type=2 2 10 2 8 2 2 2 2 10 2 2 2 2 2 8 10 10 10 10
left_child=4 2 17 16 5 6 8 -8 -1 10 11 -6 -12 15 -15 -11 -4 19 -19 -2
right_child=1 -3 3 -5 9 -7 7 -9 -10 13 12 -13 -14 14 -16 -17 -18 18 -20 -21
leaf_value=0.031095094895902304 -0.24371655980745938 -0.89388201713562021 -0.1349753469383965 0.52677587032318118 0.11827648275083413 -2.0236017942428588 -1.4626369913419084 -0.18983965635299682 -0.13607892494199547 -1.4697798109054572 -3.0600051244099937 3.8334382057189944 -0.053400240658271703 2.1476994037628176 0.003271661297278205 -0.010635308027267455 -0.41663199507054832 0.29362818400065105 -0.14515506684780122 -0.0044625759124755863
leaf_weight=337 6.0000000000000027 4.9999999999999991 84 4.9999999999999991 270 3.9999999999999991 3 5 141 4.9999999999999973 2.9999999999999991 2.9999999999999991 31 2.9999999999999991 1191 10 21 27 4.9999999999999991 21
leaf_count=337 6 5 84 5 270 4 3 5 141 5 3 3 31 3 1191 10 21 27 5 21
internal_value=-0.00134506 -0.0935434 -0.0698648 -0.158667 0.00665221 -0.0451829 -0.0288996 -0.667139 -0.0182177 0.0234063 0.106187 0.159102 -0.318689 0.00238577 0.00865967 -0.497017 -0.191307 0.0956978 0.225068 -0.0576301
internal_weight=2180 174 169 110 2006 490 486 8 478 1516 307 273 34 1209 1194 15 105 59 32 27
internal_count=2180 174 169 110 2006 490 486 8 478 1516 307 273 34 1209 1194 15 105 59 32 27
is_linear=0
shrinkage=0.05


Tree=198
num_leaves=21
num_cat=0
split_feature=11 18 15 12 8 8 11 3 12 12 18 14 11 14 14 16 3 3 11 17
split_gain=504.048 26280.9 1649.25 1746.81 1004.71 996.719 968.906 2160 2248.64 2488.34 1302.57 1521.02 793.16 773.147 766.49 4226.86 2006.79 758.5 192.9 177.96
threshold=310.44500000000005 22553.175000000007 268.16666666666669 231.00000000000003 4.5000000000000009 2.5000000000000004 279.50000000000006 0.91755601226045569 200.50000000000003 299.01000000000005 31499.369999999999 235.50000000000003 288.63500000000005 249.88500000000002 310.44500000000005 151.44428571428577 0.92452522222461953 0.59009162267414295 307.00000000000006 41.804448655550779
decision_type=10 10 2 8 2 2 10 2 10 10 10 8 10 10 8 2 2 2 10 2
left_child=6 -2 3 19 5 -4 10 8 12 -10 14 -12 -8 -9 16 -16 -1 -6 -15 -3
right_child=1 2 4 -5 17 -7 7 13 9 -11 11 -13 -14 18 15 -17 -18 -19 -20 -21
leaf_value=-0.0063648145818667656 -3.6569322586059574 -0.40838225126266448 -0.1223921302373388 -1.2740741804242135 0.077514951825141884 0.072117684518948941 -1.2629626258276403 -0.81332321166992194 0.19726307006940869 -0.015405146477699984 -1.1909729671478271 0.23311413824558247 -0.18746639490127559 -0.23440020978450776 1.771306347846985 -0.11704543426651087 0.47767271812666545 -0.46046965561415026 -0.048359018970619554 -0.02812851816415787
leaf_weight=803 4.9999999999999991 5.0000000000000027 84 4.9999999999999991 10.000000000000002 305 3.9999999999999991 4.9999999999999991 300 254 4.9999999999999991 3.0000000000000009 3 38 2.9999999999999991 243 22 19 22 7.9999999999999991
leaf_count=803 5 5 84 5 10 305 4 5 300 254 5 3 3 38 3 243 22 19 22 8
internal_value=-0.00491731 -0.0525642 -0.0112297 -0.479851 0.00895019 0.0301156 0.0074066 0.0568914 0.0885058 0.0997581 -0.0213029 -0.65694 -0.802036 -0.215965 -0.0165549 -0.0940168 0.00654285 -0.274958 -0.166185 -0.17438
internal_weight=2146 441 436 18 418 389 1705 626 561 554 1079 8 7 65 1071 246 825 29 60 13
internal_count=2146 441 436 18 418 389 1705 626 561 554 1079 8 7 65 1071 246 825 29 60 13
is_linear=0
shrinkage=0.05


Tree=199
num_leaves=20
num_cat=0
split_feature=13 15 18 18 13 0 0 14 3 3 14 15 11 15 15 14 18 12 16
split_gain=712.261 2795.83 2478.81 2426.09 1104.94 1394.7 1848.3 1578.72 1276.48 1050.48 710.256 9604.07 17214.7 6005.94 750.642 1347.68 879.274 505.305 95.636
threshold=119.50000000000001 202.56666666666669 29680.425000000007 29481.905000000006 231.00000000000003 39222.80000000001 36355.600000000006 249.31500000000003 0.84528846461183471 0.78660863239009859 399.50000000000006 323.40000000000003 348.36500000000007 314.63333333333338 283.47333333333341 220.93000000000004 32215.920000000006 235.50000000000003 212.8364285714286
decision_type=8 2 8 8 10 2 2 8 2 2 8 2 8 2 2 8 10 10 2
left_child=1 2 3 9 5 6 7 -2 -8 -1 14 13 -13 -12 15 -6 -16 -4 -7
right_child=4 -3 17 -5 10 18 8 -9 -10 -11 11 12 -14 -15 16 -17 -18 -19 -20
leaf_value=0.034082971886717925 0.1293158705691608 1.2625288069248199 -0.47670722802480059 1.3144997358322144 -0.093312459675686771 0.45238651633262639 -0.50144613138621763 -0.13750846190821558 -0.031302336637269369 0.37163955873021715 0.18496468788292261 4.7951816558837894 -0.21528521776199339 -0.76418790042400364 -0.043521708912247256 0.09440842556400536 0.082390030396132796 -1.3944078028202054 0.82584217389424619
leaf_weight=203 89 4.9999999999999991 2.9999999999999991 3.9999999999999991 122 3.9999999999999991 42 147 22 26 100 2.9999999999999991 4 20 733 442 171 3 3
leaf_count=203 89 5 3 4 122 4 42 147 22 26 100 3 4 20 733 442 171 3 3
internal_value=0.0119481 0.092372 0.0678917 0.0937316 0.00163084 -0.0852344 -0.101513 -0.036884 -0.339834 0.0724082 0.0183503 0.131788 1.93206 0.0267726 0.00853657 0.0538021 -0.0197043 -0.935558 0.612439
internal_weight=2146 244 239 233 1902 307 300 236 64 229 1595 127 7 120 1468 564 904 6 7
internal_count=2146 244 239 233 1902 307 300 236 64 229 1595 127 7 120 1468 564 904 6 7
is_linear=0
shrinkage=0.05


Tree=200
num_leaves=20
num_cat=0
split_feature=18 13 18 7 11 4 15 14 18 15 13 17 13 1 18 4 1 1 0
split_gain=706.748 4815.52 2311.85 8399.05 4997.38 990.72 972.452 21331.6 16961.3 8320.56 14055.3 1408.06 1187.03 1140.55 1053.45 1303.67 960.855 752.869 109.655
threshold=31811.125000000004 205.60500000000005 31943.725000000002 3.5000000000000004 1110.5000000000002 48055.000000000007 313.29500000000002 inf 22452.080000000005 312.60000000000008 280.25000000000006 40.453102556685153 275.99000000000007 31600.905000000002 28581.665000000005 48480.000000000007 28975.820000000003 29520.675000000007 34295.250000000007
decision_type=10 10 10 2 8 2 2 8 8 2 8 2 10 2 10 2 2 2 2
left_child=6 -2 3 -3 5 -4 9 12 -9 14 -11 -10 17 -14 16 -16 -1 -8 -5
right_child=1 2 4 18 -6 -7 7 8 11 10 -12 -13 13 -15 15 -17 -18 -19 -20
leaf_value=-0.0060713215376870756 2.0667356605331104 2.998870305220287 0.12255773207473897 -0.027564954757690427 -1.5417123889923097 -0.098258745313098986 -0.41929714427544518 -4.8885887622833275 0.080706246693928993 -0.5595266421635946 4.2804697411755717 -1.4512109915415443 0.050983905710898114 -0.36236905389361912 -0.073637637013291041 -0.76414259587015421 0.10380659729364466 0.20206156174341838 -0.45506803393363937
leaf_weight=1078 2.9999999999999991 2.9999999999999982 167 3 4.9999999999999991 73 26 3.9999999999999973 3.0000000000000009 2.9999999999999991 3 3 229 18 291 6.9999999999999991 244 5.9999999999999991 3
leaf_count=1078 3 3 167 3 5 73 26 4 3 3 3 3 229 18 291 7 244 6 3
internal_value=-0.00262373 0.0752319 0.0517102 0.838746 0.0227987 0.0553927 -0.0130722 -0.0975867 -2.36659 0.00194908 1.86047 -0.685252 -0.0162605 0.020861 -0.00493434 -0.0898576 0.0142087 -0.302792 -0.241316
internal_weight=2172 257 254 9 245 240 1915 289 10 1626 6 6 279 247 1620 298 1322 32 6
internal_count=2172 257 254 9 245 240 1915 289 10 1626 6 6 279 247 1620 298 1322 32 6
is_linear=0
shrinkage=0.05


Tree=201
num_leaves=15
num_cat=0
split_feature=2 14 4 3 17 3 1 5 4 15 18 4 12 12
split_gain=1583.58 3214.77 819.453 11348.5 58549.5 13609.1 2340.68 2036.61 490.975 835.427 566.182 1969.7 1617.81 192.493
threshold=1909.9650000000004 319.50000000000006 33577.500000000007 0.85956825771658785 37.364814778372683 0.85856601226811702 27565.610000000004 2.5000000000000004 48944.500000000007 173.66333333333338 29438.395000000004 43672.500000000007 202.55500000000004 14.290000000000001
decision_type=2 10 2 2 2 2 2 2 2 2 10 2 10 10
left_child=1 -1 3 5 -5 6 -2 -6 10 13 11 -4 -12 -10
right_child=2 -3 8 4 7 -7 -8 -9 9 -11 12 -13 -14 -15
leaf_value=-1.6760255038738252 0.00040032765680578502 0.48920028607050564 -0.0178559661764504 7.62484064102172 0.70151157602667802 -2.6126504707336426 1.0943916606903077 -0.15134254438536507 0.20375130772590622 -0.994769940773646 0.3482302089780569 0.12978310218509734 -0.063262575401910645 -0.16982224321365358
leaf_weight=3.9999999999999991 221 3 1010 3.0000000000000027 14 4.9999999999999991 4.9999999999999991 14 4.0000000000000027 2.9999999999999991 25 291 536 25
leaf_count=4 221 3 1010 3 14 5 5 14 4 3 25 291 536 25
internal_value=0.00275177 -0.748072 0.00518951 0.088069 0.986351 -0.0324797 0.0246037 0.275085 -0.00627534 -0.200464 -0.00293804 0.0151671 -0.0449251 -0.118295
internal_weight=2163 7 2156 262 31 231 226 28 1894 32 1862 1301 561 29
internal_count=2163 7 2156 262 31 231 226 28 1894 32 1862 1301 561 29
is_linear=0
shrinkage=0.05


Tree=202
num_leaves=17
num_cat=0
split_feature=11 1 3 0 6 15 0 17 1 11 15 15 11 4 7 0
split_gain=742.385 2909.06 1781.43 1777.43 884.945 1954.78 1550.27 4705.27 943.584 876.487 794.643 6534.53 5024.37 809.724 737.541 290.693
threshold=239.30000000000004 33473.290000000001 0.95075228228698749 39486.450000000004 3.5000000000000004 237.16666666666669 38663.80000000001 126.04827017233501 29722.835000000003 229.03500000000003 549.08333333333337 555.00000000000011 1110.5000000000002 48055.000000000007 5.5000000000000009 35073.750000000007
decision_type=8 2 2 2 2 2 2 2 2 8 2 2 10 2 2 2
left_child=1 4 10 -4 5 14 8 -8 -6 -7 12 -12 13 -2 -1 -13
right_child=2 -3 3 -5 6 9 7 -9 -10 -11 11 15 -14 -15 -16 -17
leaf_value=0.031911555106918781 0.022256224952128978 -1.6058953841527304 1.7349072615305585 0.013747668266296385 -0.066534794365954344 -1.076163042895496 0.036267543646196526 2.2501608530680342 0.13763129392808135 -0.31004746811730516 -2.1262231588363649 -0.11774670347571373 1.7865478627383711 -0.11791752621464364 -0.4494027499947697 0.1734329368841524
leaf_weight=39 1434 2.9999999999999991 2.9999999999999991 3 397 7.9999999999999973 11.999999999999998 2.9999999999999991 66 7.0000000000000009 3.9999999999999991 20 3.9999999999999991 111 9.9999999999999982 14.999999999999998
leaf_count=39 1434 3 3 3 397 8 12 3 66 7 4 20 4 111 10 15
internal_value=-0.00281971 -0.0531959 0.0144043 0.874327 -0.0446016 -0.219205 -0.0212238 0.479046 -0.0374312 -0.718642 0.0111552 -0.211752 0.0167674 0.0121855 -0.0663159 0.00704457
internal_weight=2139 545 1594 6 542 64 478 15 463 15 1588 39 1549 1545 49 35
internal_count=2139 545 1594 6 542 64 478 15 463 15 1588 39 1549 1545 49 35
is_linear=0
shrinkage=0.05


Tree=203
num_leaves=14
num_cat=0
split_feature=11 16 1 1 4 2 16 11 18 11 6 1 2
split_gain=769.229 6590.63 6121.69 1715.94 624.287 575.725 5876.8 545.097 9418.68 2561.04 452.287 114.593 126.891
threshold=1115.5000000000002 391.6028571428572 32342.155000000002 33473.290000000001 28185.000000000004 1909.9650000000004 287.79214285714289 331.00000000000006 24627.340000000004 328.50000000000006 18.500000000000004 24967.235000000008 5798.2400000000007
decision_type=10 2 2 2 2 2 2 10 10 10 2 2 2
left_child=4 -2 -3 -4 10 6 -6 9 -9 -7 11 12 -1
right_child=1 2 3 -5 5 7 -8 8 -10 -11 -12 -13 -14
leaf_value=-0.042246965567270769 2.4272558132807416 -2.1229971811175354 1.4888099213441208 -0.2023140840232372 -1.7854836001992223 -0.0054321318959603005 0.92486613392829886 -2.4807337760925297 -0.035530930188685361 0.36460691340907947 -0.27221599519252776 0.5895427147547404 0.30647030211985116
leaf_weight=3.0000000000000098 2.9999999999999991 2.9999999999999982 3 3 4 1808 4 3.9999999999999991 255 48 3.9999999999999991 2.9999999999999991 20
leaf_count=3 3 3 3 3 4 1808 4 4 255 48 4 3 20
internal_value=-0.00152021 0.397689 -0.278834 0.643248 -0.00374525 -0.00694581 -0.430309 -0.00534444 -0.0732947 0.00413784 0.222748 0.298896 0.260985
internal_weight=2165 12 9 6 2153 2123 8 2115 259 1856 30 26 23
internal_count=2165 12 9 6 2153 2123 8 2115 259 1856 30 26 23
is_linear=0
shrinkage=0.05


Tree=204
num_leaves=17
num_cat=0
split_feature=11 14 14 18 2 17 1 18 11 14 2 11 11 1 18 0
split_gain=1225.1 4076.25 8095.15 1279.76 900.872 935.286 1449.83 667.943 9013.95 2089.31 31601.1 1125.97 620.107 616.104 275.318 78.9846
threshold=1014.0000000000001 279.50000000000006 264.50000000000006 32449.160000000003 2008.2600000000002 37.632658883151997 36487.450000000012 21485.870000000006 309.50000000000006 inf 4592.4700000000012 248.14500000000001 321.50000000000006 28449.935000000001 22153.585000000003 34400.950000000004
decision_type=10 10 10 8 2 2 2 10 10 8 2 10 8 2 8 2
left_child=4 2 15 -3 5 6 -1 8 13 11 -11 -9 14 -6 -7 -2
right_child=1 3 -4 -5 7 12 -8 9 -10 10 -12 -13 -14 -15 -16 -17
leaf_value=0.067767878373463861 -0.089436939954757655 1.0596741289045901 -3.2567347526550297 -0.1402116441726684 -0.0012128078921108125 0.32968416307121506 1.6222421964009599 -0.088614775554157338 2.4067462563514712 -5.3138666152954102 -0.048862927184815996 0.012989826924802567 0.77124125162760426 0.13945330028471195 -0.16113463938236236 -0.41395627160867043
leaf_weight=3.0000000000000027 5.0000000000000018 3.9999999999999973 2.9999999999999991 5.0000000000000009 431 4.0000000000000009 3 358 3.9999999999999991 2.9999999999999991 57 1144 2.9999999999999991 95 10 3
leaf_count=3 5 4 3 5 431 4 3 358 4 3 57 1144 3 95 10 3
internal_value=-0.00658954 -0.396081 -1.04175 0.393071 -0.0029064 0.308311 0.845005 -0.006328 0.0421742 -0.0227852 -0.312113 -0.0112275 0.118889 0.0241927 -0.0209007 -0.211132
internal_weight=2135 20 11 9 2115 23 6 2092 530 1562 60 1502 17 526 14 8
internal_count=2135 20 11 9 2115 23 6 2092 530 1562 60 1502 17 526 14 8
is_linear=0
shrinkage=0.05


Tree=205
num_leaves=19
num_cat=0
split_feature=13 18 13 3 0 2 5 13 0 7 15 4 1 4 4 18 7 12
split_gain=858.177 3846.65 8446.74 1535.18 2118.75 1434.02 1082.69 1054.36 838.75 1707.55 18215.8 1445.3 2424.22 1245.98 1225.66 559.758 248.181 81.4738
threshold=119.50000000000001 29533.315000000006 28.645000000000003 0.78660863239009859 28364.050000000003 6689.3600000000015 3.5000000000000004 125.84000000000002 32696.500000000004 1.5000000000000002 314.63333333333338 33305.000000000007 27633.810000000001 33577.500000000007 40095.000000000007 28156.365000000002 4.5000000000000009 242.50000000000003
decision_type=8 10 10 2 2 2 2 8 2 2 2 2 2 2 2 10 2 8
left_child=1 3 16 5 -5 -1 -7 15 9 10 -9 12 -10 -13 -11 -2 -3 -6
right_child=7 2 -4 4 17 6 -8 8 11 14 -12 13 -14 -15 -16 -17 -18 -19
leaf_value=-0.94409739971160889 -0.24270824491977694 -0.30379126191139227 2.5316544389724727 1.672398853302 0.1895927892128626 -0.051229467529563179 0.22500281235122166 -0.089584812405141628 -0.03538713827729225 0.012526643670510174 -2.6880056423800336 -1.0139115969340007 0.90473437309265137 0.0064930247426999103 -0.22261566507720176 -1.1462091128031409 0.27145423889160147 0.47502895991007493
leaf_weight=3.9999999999999991 3.9999999999999991 4.9999999999999982 5 3.0000000000000027 15.000000000000002 155 46 185 16.000000000000004 522 6.9999999999999991 2.9999999999999991 11.999999999999998 1072 62 3 3 2.9999999999999991
leaf_count=4 4 5 5 3 15 155 46 185 16 522 7 3 12 1072 62 3 3 3
internal_value=-0.00610801 0.0831507 0.919514 0.0350414 0.442199 -0.00666745 0.0119879 -0.0174192 -0.0151374 -0.0549646 -0.184319 0.0128825 0.367522 0.00364538 -0.0124371 -0.629923 -0.0880742 0.237165
internal_weight=2125 239 13 226 21 205 201 1886 1879 776 192 1103 28 1075 584 7 8 18
internal_count=2125 239 13 226 21 205 201 1886 1879 776 192 1103 28 1075 584 7 8 18
is_linear=0
shrinkage=0.05


Tree=206
num_leaves=21
num_cat=0
split_feature=11 14 0 14 0 16 2 18 11 18 18 0 13 4 2 11 13 2 13 0
split_gain=758.44 3772.58 7761.41 1803.53 608.403 1744.85 3733.49 2953.01 1979.66 11801.5 2195.76 937.664 1470.81 706.044 6702.85 637.467 400.847 292.226 236.541 54.0753
threshold=1014.0000000000001 274.50000000000006 34967.250000000007 289.05500000000006 37592.950000000004 151.44428571428577 11694.490000000002 23413.670000000002 279.50000000000006 31223.715000000007 25815.825000000004 37437.450000000004 200.50000000000003 33577.500000000007 4550.8100000000004 995.00000000000011 265.27500000000003 5604.1100000000015 269.50000000000006 34133.650000000001
decision_type=10 10 2 8 2 2 2 8 10 10 10 2 8 2 2 10 8 2 10 2
left_child=4 2 19 -3 11 6 16 -8 10 -10 -7 13 -13 14 -1 -15 -6 -5 -14 -2
right_child=1 3 -4 17 5 8 7 -9 9 -11 -12 12 18 15 -16 -17 -18 -19 -20 -21
leaf_value=0.68015653724089653 0.053226438164710968 1.4330012241999317 -3.1068249384562168 -0.41740940809249855 0.12420624079911605 0.066978997904165047 2.2287538886070264 0.5648898944258689 3.2498221009969712 0.080615539547610804 -0.39284762998923978 -1.2217677533626563 -0.28587934821844097 -0.014975418646371958 -0.029643885796246806 0.61702806055545811 -0.49029307166735336 0.28047499656677238 0.21050440520048139 -0.22759350190560018
leaf_weight=39 4.0000000000000018 2.9999999999999973 3 3.0000000000000009 23.000000000000004 58 3.9999999999999973 8 2.9999999999999991 141 47 3.9999999999999973 6 1576 226 3.9999999999999991 2.9999999999999991 3 4 3
leaf_count=39 4 3 3 3 23 58 4 8 3 141 47 4 6 1576 226 4 3 3 4 3
internal_value=0.00387444 -0.310639 -0.979035 0.432022 0.00665904 0.0744153 0.39 1.11951 0.0262538 0.146641 -0.138848 -0.00380145 -0.411452 -0.000708163 0.0748173 -0.0133754 0.0533025 -0.0684672 -0.0873258 -0.067125
internal_weight=2165 19 10 9 2146 287 38 12 249 144 105 1859 14 1845 265 1580 26 6 10 7
internal_count=2165 19 10 9 2146 287 38 12 249 144 105 1859 14 1845 265 1580 26 6 10 7
is_linear=0
shrinkage=0.05


Tree=207
num_leaves=14
num_cat=0
split_feature=0 0 18 2 15 11 13 13 9 2 3 3 16
split_gain=532.862 2750.71 5659.36 1711.32 1587.98 2476.9 2137.65 3514.57 1418.75 1187.61 1039.49 732.768 305.82
threshold=38591.80000000001 38481.05000000001 28581.665000000005 1909.9650000000004 162.4966666666667 200.50000000000003 14.290000000000001 122.04500000000002 1.0000000180025095e-35 18507.435000000001 0.94872854792453343 0.94376973728752434 204.54857142857142
decision_type=2 2 10 2 2 8 10 10 2 2 2 2 2
left_child=1 3 -3 -1 5 9 -6 -8 -9 12 11 -5 -2
right_child=4 2 -4 10 6 -7 7 8 -10 -11 -12 -13 -14
leaf_value=1.0316960826516153 0.27306867634708215 -2.6359880293409033 0.23685548752546307 -0.0044982546836340358 -1.1157556354999543 1.4558195972442629 1.5164044559001923 0.11225002664466238 -0.28708998965720339 -0.56042292118072512 -0.93356409072875979 0.38739755252997082 0.78359959125518808
leaf_weight=3.9999999999999991 11.000000000000005 2.9999999999999991 4 1986 3.9999999999999991 4.9999999999999991 3.9999999999999991 86 30 3.9999999999999991 2.9999999999999991 11.999999999999998 3.9999999999999991
leaf_count=4 11 3 4 1986 4 5 4 86 30 4 3 12 4
internal_value=0.00180544 -0.00493003 -0.994363 -0.00147565 0.0933713 0.465648 0.0213177 0.0592202 0.00897244 0.205077 -0.00354096 -0.00214453 0.40921
internal_weight=2160 2012 7 2005 148 24 124 120 116 19 2001 1998 15
internal_count=2160 2012 7 2005 148 24 124 120 116 19 2001 1998 15
is_linear=0
shrinkage=0.05


Tree=208
num_leaves=21
num_cat=0
split_feature=3 11 11 17 17 15 11 15 11 18 18 15 18 6 3 18 18 13 13 11
split_gain=542.906 2461.91 1523.62 1507.73 1137.64 1089.16 668.152 581.684 537.251 1221.61 16471.6 5870.48 2263.32 2691.2 1187.52 1091.01 1710.02 1081.44 801.444 497.692
threshold=0.92832395973815274 238.00000000000003 274.50000000000006 45.821302940995189 37.111854831086752 254.06000000000003 329.50000000000006 262.45000000000005 278.50000000000006 22247.160000000003 21997.590000000004 314.63333333333338 22649.585000000003 5.5000000000000009 0.92452522222461953 31499.369999999999 31715.325000000008 200.50000000000003 300.50000000000006 318.50000000000006
decision_type=2 10 10 2 2 2 10 2 10 10 8 2 10 2 2 10 10 8 10 10
left_child=8 -2 4 6 5 -3 -4 -6 14 10 11 -10 13 -11 15 18 -17 -14 -1 -5
right_child=1 2 3 19 7 -7 -8 -9 9 12 -12 -13 17 -15 -16 16 -18 -19 -20 -21
leaf_value=-0.0047169853972350642 -1.521925155321757 0.25176404714584349 -0.16189037305194626 -0.3158664854243397 -0.4818777471780773 1.5120640635490412 0.2227053458874042 0.17599786576770604 0.28898895732968688 -2.0240838011105855 3.8324311365683879 -0.54825154330049253 0.34759107714761861 0.093775869160890549 0.73981899142265328 -1.5570832093556723 0.022086933255195614 0.00013096194944399244 -0.11122322234485119 -1.1304766082763671
leaf_weight=796 2.9999999999999991 3.9999999999999991 86 3 4.0000000000000027 3 12.999999999999998 21 83 2.9999999999999991 2.9999999999999991 28 23 3 4.9999999999999991 2.9999999999999991 4 850 227 5
leaf_count=796 3 4 86 3 4 3 13 21 83 3 3 28 23 3 5 3 4 850 227 5
internal_value=-0.0102859 -0.104799 -0.0742136 -0.164742 0.22849 0.791893 -0.111388 0.0707378 -0.00366809 0.0226056 0.176599 0.0777932 0.00263366 -0.965154 -0.0288756 -0.0326071 -0.6547 0.00928512 -0.0283503 -0.824998
internal_weight=2170 142 139 107 32 7 99 25 2028 993 114 111 879 6 1035 1030 7 873 1023 8
internal_count=2170 142 139 107 32 7 99 25 2028 993 114 111 879 6 1035 1030 7 873 1023 8
is_linear=0
shrinkage=0.05


Tree=209
num_leaves=17
num_cat=0
split_feature=11 13 0 4 3 18 5 3 16 18 4 11 4 0 3 12
split_gain=921.523 6025.51 6175.69 841.09 7132.19 32058.9 25964.3 8427.24 5459.82 1130.33 607.813 1037.68 599.457 1662.3 489.075 245.351
threshold=1115.5000000000002 282.10000000000008 35188.850000000006 33577.500000000007 0.85956825771658785 22411.365000000002 1.5000000000000002 0.85856601226811702 306.50000000000006 31124.460000000006 48944.500000000007 250.02000000000001 48222.000000000007 40189.600000000006 0.91896301605946917 200.50000000000003
decision_type=10 8 2 2 2 10 2 2 2 8 2 8 2 2 2 8
left_child=3 -2 -3 4 7 6 -6 9 -7 -1 12 15 14 -14 -5 -12
right_child=1 2 -4 10 5 8 -8 -9 -10 -11 11 -13 13 -15 -16 -17
leaf_value=0.016351278741089229 2.3852438686260347 -1.6665831334888932 0.96925722539424886 0.00081597988659505853 7.3713641166687012 -1.2885437707106266 0.79307553370793649 -2.2862960696220398 0.42169123121670316 0.99376222292582195 -0.078120695302883764 -1.1116208712259927 0.07358357108763007 1.0218859148025512 -0.085233279054417563 -0.55772157907485964
leaf_weight=211 2.9999999999999973 4 5 1610 2.9999999999999991 6.0000000000000027 3 3.9999999999999991 21 2.9999999999999991 24.000000000000007 2.9999999999999991 61 4.9999999999999991 184 2.9999999999999991
leaf_count=211 3 4 5 1610 3 6 3 4 21 3 24 3 61 5 184 3
internal_value=0.00770338 0.44464 -0.202227 0.00525441 0.0912502 0.77629 4.08222 -0.0124485 0.041639 0.0300533 -0.00616619 -0.229431 -0.00256514 0.145425 -0.00800959 -0.13141
internal_weight=2153 12 9 2141 251 33 6 218 27 214 1890 30 1860 66 1794 27
internal_count=2153 12 9 2141 251 33 6 218 27 214 1890 30 1860 66 1794 27
is_linear=0
shrinkage=0.05


Tree=210
num_leaves=14
num_cat=0
split_feature=11 18 0 14 15 15 2 18 2 1 3 3 4
split_gain=1582.84 4466.71 5157.93 662.963 7420.73 26668.6 819.847 582.117 3455.35 2699.04 1387.86 989.475 746.261
threshold=1115.5000000000002 31943.725000000002 35919.750000000007 inf 323.40000000000003 314.63333333333338 4414.1900000000014 25815.825000000004 1909.9650000000004 32113.845000000001 0.60445525142825474 0.92452522222461953 36767.500000000007
decision_type=10 8 2 8 2 2 2 10 2 2 2 2 2
left_child=3 -2 -3 7 5 6 -5 9 -9 12 -10 -11 -1
right_child=1 2 -4 4 -6 -7 -8 8 10 11 -12 -13 -14
leaf_value=-0.052727972819078907 1.9154713034629829 -1.7075628558794649 1.22442404932032 -0.34711164567205643 1.9978351712226869 -3.7664354515075686 0.020015178197918801 -1.7224701484044393 -0.26537960783711506 0.2117058422830369 -0.0095848418991300501 0.91862513043663729 0.043338901799093964
leaf_weight=293 3.9999999999999973 3.0000000000000009 3 18 3.9999999999999991 4.9999999999999991 98 2.9999999999999991 56 9.0000000000000018 999 10.999999999999998 652
leaf_count=293 4 3 3 18 4 5 98 3 56 9 999 11 652
internal_value=-0.0063489 0.621247 -0.241569 -0.00927066 -0.121019 -0.191064 -0.0369528 -0.00236581 -0.027981 0.025718 -0.0231626 0.600511 0.0135531
internal_weight=2158 10 6 2148 125 121 116 2023 1058 965 1055 20 945
internal_count=2158 10 6 2148 125 121 116 2023 1058 965 1055 20 945
is_linear=0
shrinkage=0.05


Tree=211
num_leaves=23
num_cat=0
split_feature=6 11 18 1 3 2 4 18 15 1 18 11 11 12 2 3 13 6 2 6 17 2
split_gain=861.277 1103.96 771.479 1117.76 640.12 4256.99 2467.27 1098.52 4555.04 1882.31 585.005 2349.87 984.476 621.57 1486.18 756.957 548.659 445.381 202.874 127.541 94.2024 80.9588
threshold=14.500000000000002 370.50000000000006 10465.250000000002 21962.810000000001 0.84151180051609364 5860.6050000000005 33822.500000000007 31943.725000000002 280.03500000000003 31743.855000000003 26169.625000000004 239.30000000000004 248.80000000000004 259.50000000000006 4437.9100000000008 0.78660863239009859 279.50000000000006 18.500000000000004 2555.5550000000007 15.500000000000002 52.182933764013349 8383.5850000000009
decision_type=2 8 8 2 2 2 2 10 2 2 10 10 10 10 2 2 10 2 2 2 2 2
left_child=2 10 3 -1 7 6 -6 9 -9 -4 13 -12 -13 15 -15 -2 19 18 -18 -3 -21 -19
right_child=1 16 4 -5 5 -7 -8 8 -10 -11 11 12 -14 14 -16 -17 17 21 -20 20 -22 -23
leaf_value=-0.081484679132699953 -0.036381212231314297 -0.27931535243988037 -0.019030968393625496 1.1005484342575071 0.46725429432240856 1.6853629648685455 0.021176439503421043 2.0707590381304426 0.090948604905734892 -0.84234700969287335 -1.2000404453277589 -0.4140689435212509 -0.068826462967911423 -0.32464540558201926 -0.0096965390977994462 0.18586992989217893 -0.11499738345543531 0.95235392252604167 0.35978231297598945 0.28425580859184268 -0.0073670001493559949 0.58502399126688631
leaf_weight=4 103 2.9999999999999991 841 4 33 3.9999999999999991 511 2.9999999999999991 92 6.9999999999999991 4.9999999999999991 23 202 49 159 61 3.0000000000000027 2.9999999999999991 8.9999999999999982 3.9999999999999991 8.9999999999999982 3
leaf_count=4 103 3 841 4 33 4 511 3 92 7 5 23 202 49 159 61 3 3 9 4 9 3
internal_value=-0.000848251 -0.0496028 0.0198374 0.509532 0.01721 0.0601861 0.0482363 -0.0077645 0.153469 -0.0258272 -0.065258 -0.127942 -0.104118 -0.0265015 -0.0838912 0.0462854 0.227587 0.416955 0.241087 0.0145484 0.0823631 0.768689
internal_weight=2135 636 1499 8 1491 548 544 943 95 848 602 230 225 372 208 164 34 18 12 16 13 6
internal_count=2135 636 1499 8 1491 548 544 943 95 848 602 230 225 372 208 164 34 18 12 16 13 6
is_linear=0
shrinkage=0.05


Tree=212
num_leaves=16
num_cat=0
split_feature=11 6 12 12 12 3 11 14 3 6 16 5 3 11 2
split_gain=718.634 6698.63 3116.29 601.597 3030.75 13097.3 1682.62 1212.93 1033.76 754.08 6116.78 1164.71 572.249 2115.78 741.619
threshold=1115.5000000000002 7.5000000000000009 255.50000000000003 298.02000000000004 297.94500000000005 0.85956825771658785 212.50000000000003 285.96500000000009 0.84372626772020565 1.5000000000000002 257.71428571428572 1.0000000180025095e-35 0.80807391540661189 398.20000000000005 6811.1750000000002
decision_type=10 2 10 8 8 2 8 10 2 2 2 2 2 10 2
left_child=3 2 -2 4 9 7 8 -6 -5 10 -1 -11 14 -14 -8
right_child=1 -3 -4 6 5 -7 12 -9 -10 11 -12 -13 13 -15 -16
leaf_value=1.0914352132805758 -1.62324354449908 2.4212240616480507 0.41514998167753214 -1.5260119120279949 -1.3009575764338182 3.1036013811826701 0.39782198847581945 0.12085726906855898 -0.21340862115224196 -0.11596233430346088 -0.14025375002788174 0.024237211462226696 -0.066479962683534108 -1.4006254514058432 -0.0012340152596422445
leaf_weight=13.999999999999998 2.9999999999999982 3 5 2.9999999999999991 2.9999999999999982 4 11.999999999999998 3 3 169 36 1200 315 2.9999999999999991 391
leaf_count=14 3 3 5 3 3 4 12 3 3 169 36 1200 315 3 391
internal_value=0.00322649 0.406336 -0.349248 0.00116981 0.0200085 0.88741 -0.0358596 -0.59005 -0.86971 0.0138957 0.204619 0.00692989 -0.0289205 -0.0790662 0.0106485
internal_weight=2167 11 8 2156 1429 10 727 6 6 1419 50 1369 721 318 403
internal_count=2167 11 8 2156 1429 10 727 6 6 1419 50 1369 721 318 403
is_linear=0
shrinkage=0.05


Tree=213
num_leaves=17
num_cat=0
split_feature=3 0 0 0 14 13 4 13 0 4 1 4 11 11 18 1
split_gain=1995.64 2015.14 477.648 1489.85 10692.2 17153 967.057 833.068 756.016 726.321 1421.83 1131.28 771.323 612.568 529.024 403.829
threshold=0.95075228228698749 39486.450000000004 32696.500000000004 32250.750000000004 430.00000000000006 336.50000000000006 39905.000000000007 205.60500000000005 31967.750000000004 33305.000000000007 27633.810000000001 33577.500000000007 397.50000000000006 262.50000000000006 19603.470000000005 31088.780000000006
decision_type=2 2 2 2 8 8 2 10 2 2 2 2 10 10 10 2
left_child=2 -2 3 6 13 -6 8 -8 -1 10 12 -11 -4 -5 -13 -12
right_child=1 -3 9 4 5 -7 7 -9 -10 11 15 14 -14 -15 -16 -17
leaf_value=-0.0080830216191655566 -1.8318597952524822 0.00078117847442626931 0.20879723514829354 -0.24503338295035065 -4.9384208679199251 -0.30794719159603112 0.098713787513620713 -0.31474029383687085 0.14688423410058024 -0.958188279469808 0.89876356124877954 0.13739328048893332 -0.46878722210725149 0.013809561063535512 0.0051121069099424425 0.21852797269821164
leaf_weight=627 2.9999999999999991 3 14.000000000000005 32 2.9999999999999973 6.0000000000000009 17 43 90 2.9999999999999991 7.9999999999999982 81 5.9999999999999991 80 1130 3
leaf_count=627 3 3 14 32 3 6 17 43 90 3 8 81 6 80 1130 3
internal_value=-0.00493697 -0.915539 -0.00238746 -0.030182 -0.193382 -1.85144 -0.00476727 -0.197595 0.0113689 0.0176603 0.256649 0.0115576 0.0055219 -0.0601456 0.01396 0.713245
internal_weight=2149 6 2143 898 121 9 777 60 717 1245 31 1214 20 112 1211 11
internal_count=2149 6 2143 898 121 9 777 60 717 1245 31 1214 20 112 1211 11
is_linear=0
shrinkage=0.05


Tree=214
num_leaves=18
num_cat=0
split_feature=3 12 3 4 12 13 2 2 6 15 6 18 16 0 5 7 17
split_gain=1476.31 2621.79 762.488 2491.43 2839.9 1203.71 2625.59 5224 3576.54 990.416 2268.11 613.653 556.484 465.849 3082.32 284.042 205.563
threshold=0.94872854792453343 239.30000000000004 0.56570994330643221 46075.000000000007 269.50000000000006 200.50000000000003 12746.895000000002 13041.410000000002 1.5000000000000002 252.81000000000003 2.5000000000000004 22553.175000000007 267.41428571428577 38252.650000000009 1.5000000000000002 4.5000000000000009 37.632658883151997
decision_type=2 10 2 2 8 8 2 2 2 2 2 8 2 2 2 2 2
left_child=2 16 3 13 11 6 8 -8 -4 10 -7 -5 -11 15 -15 -1 -2
right_child=1 -3 5 4 -6 9 7 -9 -10 12 -12 -13 -14 14 -16 -17 -18
leaf_value=-0.10968936736823927 0.26869612187147146 -1.4264629673957825 1.2517051180203758 -1.8396666844685894 0.23042186498641959 -0.66193000623025 2.2299029350280763 0.30627782901128131 0.0093487527864497336 0.1161314143525327 -0.048157455880693562 -0.96384352842966692 0.0097449743896302413 -0.097421227608408226 1.6686507980028791 0.0090553035844494114 -0.21219685554504394
leaf_weight=116 3.9999999999999982 4.9999999999999991 5.9999999999999991 2.9999999999999956 5.0000000000000009 15.999999999999998 3.9999999999999991 30 168 136 254 6.0000000000000009 1278 14.000000000000002 2.9999999999999991 89 5
leaf_count=116 4 5 6 3 5 16 4 30 168 136 254 6 1278 14 3 89 5
internal_value=0.00330037 -0.508465 0.00666725 -0.078076 -0.724997 0.0172378 0.130715 0.532587 0.0521886 0.00322154 -0.0845292 -1.25578 0.0199773 -0.0372792 0.214239 -0.0581368 0.00153336
internal_weight=2142 14 2128 236 14 1892 208 34 174 1684 270 9 1414 222 17 205 9
internal_count=2142 14 2128 236 14 1892 208 34 174 1684 270 9 1414 222 17 205 9
is_linear=0
shrinkage=0.05


Tree=215
num_leaves=16
num_cat=0
split_feature=0 3 1 1 6 1 16 2 3 15 4 1 11 17 14
split_gain=629.439 484.338 1426.98 1376.47 2070.01 1013.1 921.186 2615.15 937.818 2333.23 680.794 294.845 114.868 50.5391 9.66999
threshold=40548.000000000007 0.61456706175205544 23067.700000000001 22695.230000000007 10.500000000000002 21297.140000000003 24.285714285714288 8112.795000000001 0.63207369531421598 245.15666666666667 33305.000000000007 33588.250000000007 294.94500000000005 38.489658970513815 259.50000000000006
decision_type=2 2 2 2 2 2 2 2 2 2 2 2 10 2 10
left_child=1 2 3 5 -5 -1 7 -3 9 -8 -10 -2 14 -9 -13
right_child=11 6 -4 4 -6 -7 8 13 10 -11 -12 12 -14 -15 -16
leaf_value=-0.029445181360631314 -0.63488659858703622 1.7357321992516519 -0.9794290333986283 0.11798168089654711 1.6345607439676924 -0.42403844454709222 0.70682628154754645 0.10202916413545607 0.11762237435973742 0.033640278868798938 0.0009521320209430733 -0.093175956606864951 -0.40862584511438993 -0.15755796432495114 0.033775432904561357
leaf_weight=377 4.9999999999999991 2.9999999999999991 3.9999999999999991 8.9999999999999982 2.9999999999999991 17 17 5 136 53 1551 2.9999999999999982 3 3 3
leaf_count=377 5 3 4 9 3 17 17 5 136 53 1551 3 3 3 3
internal_value=0.00715185 0.00929998 -0.0396626 -0.0304039 0.497126 -0.0464708 0.0206544 0.476788 0.0177987 0.197128 0.0103577 -0.327037 -0.156009 0.00468399 -0.0297003
internal_weight=2192 2178 410 406 12 394 1768 11 1757 70 1687 14 9 8 6
internal_count=2192 2178 410 406 12 394 1768 11 1757 70 1687 14 9 8 6
is_linear=0
shrinkage=0.05


Tree=216
num_leaves=14
num_cat=0
split_feature=3 0 4 15 3 16 1 3 1 0 12 17 14
split_gain=1164.87 2187.05 457.018 754.232 457.317 999.297 963.6 757.143 475.752 409.319 253.316 285.283 236.047
threshold=0.95075228228698749 39048.55000000001 48944.500000000007 173.66333333333338 0.55065387518197906 72.178571428571445 20306.510000000006 0.55369670061191345 22695.230000000007 39486.450000000004 14.290000000000001 112.31027639326061 309.50000000000006
decision_type=2 2 2 2 2 2 2 2 2 2 10 2 10
left_child=2 -2 4 10 6 8 12 -7 -6 -8 -4 -12 -1
right_child=1 -3 3 -5 5 7 9 -9 -10 -11 11 -13 -14
leaf_value=-0.028104045347903263 1.6657948017120363 -0.12010803520679472 0.26060636341571786 -0.94130810101827 0.53721908610314117 0.48995507359504703 -0.71403205394744884 0.0025037422633320885 0.13508256203249883 -0.094567632675170876 -0.09618217674168672 -0.55522542595863345 -0.27879035234451294
leaf_weight=154 2.9999999999999991 4 4.0000000000000027 2.9999999999999991 12.000000000000002 7.9999999999999991 7.9999999999999982 1890 19 4 22.000000000000004 3.9999999999999991 9.9999999999999982
leaf_count=154 3 4 4 3 12 8 8 1890 19 4 22 4 10
internal_value=0.00133194 0.645279 -0.000776404 -0.185406 0.00211803 0.00915755 -0.0750367 0.00455833 0.290748 -0.507544 -0.109816 -0.166804 -0.0433898
internal_weight=2145 7 2138 33 2105 1929 176 1898 31 12 30 26 164
internal_count=2145 7 2138 33 2105 1929 176 1898 31 12 30 26 164
is_linear=0
shrinkage=0.05


Tree=217
num_leaves=15
num_cat=0
split_feature=3 3 1 17 13 2 15 3 14 6 17 16 12 7
split_gain=2424.16 914.216 2410.37 1962.21 1567.85 750.122 2460.52 885.065 744.58 596.193 779.095 763.249 506.685 322.003
threshold=0.95075228228698749 0.57050737556497022 19825.500000000004 111.70882558087423 85.000000000000014 14853.335000000001 97.701666666666682 0.59727792583327532 270.50000000000006 14.500000000000002 104.80263756541883 180.95214285714289 362.50000000000006 1.5000000000000002
decision_type=2 2 2 2 10 2 2 2 8 2 2 2 8 2
left_child=1 2 12 4 -4 9 -7 -8 -5 10 -3 -11 13 -1
right_child=-2 5 3 8 -6 6 7 -9 -10 11 -12 -13 -14 -15
leaf_value=-0.14839119961371228 -1.102937844991684 0.049008495535450114 0.86742035547892182 -1.6095690965652474 -0.57842623472213739 1.4255238294601429 -0.16218923764924209 0.79798947970072431 -0.75441749777112665 0.1082689628796652 -0.039145856845339083 -0.058349270240659445 -0.54392266988754279 -0.0034684253623709083
leaf_weight=49 4.9999999999999991 978 3.0000000000000018 3.9999999999999973 5 4.0000000000000027 11.999999999999998 2.9999999999999991 7.0000000000000009 80 337 488 4.9999999999999991 176
leaf_count=49 5 978 3 4 5 4 12 3 7 80 337 488 5 176
internal_value=-0.00326993 -0.000713749 -0.0908044 -0.632056 -0.0362338 0.0110805 0.323673 0.0298465 -1.06538 0.0079263 0.0264168 -0.0348819 -0.0460923 -0.0350294
internal_weight=2156 2151 249 19 8 1902 19 15 11 1883 1315 568 230 225
internal_count=2156 2151 249 19 8 1902 19 15 11 1883 1315 568 230 225
is_linear=0
shrinkage=0.05


Tree=218
num_leaves=22
num_cat=0
split_feature=6 1 14 15 3 18 12 13 18 7 13 13 18 13 3 6 14 7 3 1 17
split_gain=1256.91 1755.93 3373.52 843.473 894.159 827.836 727.575 700.29 947.641 660.217 617.826 2433.78 2036.61 960.496 1925.01 764.422 520.468 249 130.152 111.025 39.6656
threshold=1.5000000000000002 26712.305000000004 114.50000000000001 390.16666666666669 0.52980242908963027 35398.960000000014 295.43000000000006 392.30000000000007 23020.610000000004 3.5000000000000004 85.000000000000014 28.645000000000003 30580.675000000003 125.84000000000002 0.64857905663326443 9.5000000000000018 318.50000000000006 2.5000000000000004 0.84726392011323537 31943.725000000002 54.546189786796319
decision_type=2 2 10 2 2 10 8 10 10 2 8 8 8 8 2 2 10 2 2 2 2
left_child=1 3 -3 4 -1 10 18 8 -4 -6 11 12 -2 14 -12 -15 -8 -9 20 -20 -7
right_child=5 2 7 -5 9 6 16 17 -10 -11 13 -13 -14 15 -16 -17 -18 -19 19 -21 -22
leaf_value=-0.58224438726902006 0.080809692585602722 -1.6027520656585694 0.14353668954637316 -0.74409141540527346 -0.059084750711917877 -0.056550049657622919 -1.090903675556183 0.48049054890871051 -0.43008514543374377 0.38419076729388468 -0.75614123269915556 1.4968790113925934 -1.2307581285635631 0.037170901293043103 0.21120917002360026 -0.029709798952922729 -0.21968846321105953 -0.12210745016733802 -0.44756808876991283 -0.094150932058691961 0.16611998875935868
leaf_weight=3.9999999999999991 221 4.9999999999999991 8.9999999999999982 2.9999999999999991 13.999999999999998 6.0000000000000053 3.9999999999999991 3.9999999999999991 36 21 12.000000000000002 2.9999999999999991 2.9999999999999991 741 8.9999999999999982 1009 3 3 3.9999999999999982 5 3
leaf_count=4 221 5 9 3 14 6 4 4 36 21 12 3 3 741 9 1009 3 3 4 5 3
internal_value=-0.00756055 -0.181513 -0.362269 0.0637992 0.125945 0.000952198 -0.284986 -0.242992 -0.315361 0.206881 0.00453 0.0821908 0.0632441 -0.00542426 -0.341562 -0.0013906 -0.717526 0.222234 -0.116776 -0.251225 0.0176733
internal_weight=2122 99 57 42 39 2023 25 52 45 35 1998 227 224 1771 21 1750 7 7 18 9 9
internal_count=2122 99 57 42 39 2023 25 52 45 35 1998 227 224 1771 21 1750 7 7 18 9 9
is_linear=0
shrinkage=0.05


Tree=219
num_leaves=14
num_cat=0
split_feature=1 13 1 0 0 13 16 11 1 17 1 0 7
split_gain=637.431 3537.84 3155.2 592.88 1660.08 7831.81 1297.19 796.352 1655.06 1604.27 664.465 1067.08 562.318
threshold=36487.450000000012 295.43000000000006 37020.420000000006 37592.950000000004 37709.100000000013 284.05500000000006 153.23285714285717 209.96000000000001 23413.670000000002 130.71058768772789 34862.835000000006 37544.000000000007 4.5000000000000009
decision_type=2 8 2 2 2 10 2 10 2 2 2 2 2
left_child=3 -2 -3 10 5 6 -5 9 -9 -6 11 12 -1
right_child=1 2 -4 4 7 -7 -8 8 -10 -11 -12 -13 -14
leaf_value=-0.029356974437587377 1.0806462605794278 -2.2146766980489088 -0.16359698057174679 0.9415749967098237 0.086209572197831416 2.8638786427676681 -0.24387547031044959 -0.67425027423434791 0.019829545248834853 0.8124891072511673 0.73144771258036301 -0.82905258238315582 0.030853469600011941
leaf_weight=1309 2.9999999999999973 3 5 2.9999999999999991 49 2.9999999999999991 9.9999999999999982 8.9999999999999982 188 8.9999999999999982 2.9999999999999991 3.9999999999999991 551
leaf_count=1309 3 3 5 3 49 3 10 9 188 9 3 4 551
internal_value=-0.00399999 -0.383643 -0.932752 -0.00204673 0.0670627 0.5611 0.02969 0.0360642 -0.0118797 0.198908 -0.0120781 -0.0132748 -0.0115204
internal_weight=2149 11 8 2138 271 16 13 255 197 58 1867 1864 1860
internal_count=2149 11 8 2138 271 16 13 255 197 58 1867 1864 1860
is_linear=0
shrinkage=0.05


Tree=220
num_leaves=19
num_cat=0
split_feature=1 15 11 0 1 15 18 15 14 12 15 6 4 15 1 11 18 11
split_gain=488.659 1564.1 6010.64 3965.76 1569.42 1852.33 978.707 883.433 4014.54 15537 3130.73 980.359 997.22 842.901 747.274 733.426 6490.67 976.425
threshold=31600.905000000002 549.08333333333337 1027.0000000000002 35188.850000000006 32113.845000000001 255.0616666666667 25815.825000000004 320.80000000000007 200.50000000000003 309.50000000000006 320.33333333333343 3.5000000000000004 37010.000000000007 585.55166666666685 27662.425000000007 317.50000000000006 24344.365000000005 309.50000000000006
decision_type=2 2 8 2 2 2 10 2 10 10 2 2 2 2 2 8 8 10
left_child=7 2 4 -3 5 -2 -6 10 9 -9 15 12 -10 -5 -13 17 -17 -1
right_child=1 3 -4 13 6 -7 -8 8 11 -11 -12 14 -14 -15 -16 16 -18 -19
leaf_value=0.0021631303231932375 -1.2364412879943849 -1.9036219894886022 2.1861036221186323 0.54509921222925184 0.32514701187610628 -0.21839181596324561 -0.04177759477784436 3.9192423661549891 0.41062122440763887 -1.1694781462351478 -1.6192105154196423 -0.052788182511699921 0.0061893884782437923 -0.56360748956600815 0.20707644334329026 -2.3993093649546307 -0.056568307225939397 0.22284884470013472
leaf_weight=1388 4.9999999999999991 3.9999999999999982 2.9999999999999991 4 20 42 199 2.9999999999999991 35 3 2.9999999999999991 132 27 3 35 2.9999999999999991 204 52
leaf_count=1388 5 4 3 4 20 42 199 3 35 3 3 132 27 3 35 3 204 52
internal_value=-0.00169479 -0.0633288 -0.0394318 -0.647719 -0.0645318 -0.326695 -0.0082685 0.0074604 0.0981608 1.37488 -0.00545753 0.0647096 0.234498 0.0699392 0.00167446 -0.00251809 -0.0905211 0.0101323
internal_weight=2165 280 269 11 266 47 219 1885 235 6 1650 229 62 7 167 1647 207 1440
internal_count=2165 280 269 11 266 47 219 1885 235 6 1650 229 62 7 167 1647 207 1440
is_linear=0
shrinkage=0.05


Tree=221
num_leaves=22
num_cat=0
split_feature=6 6 11 2 3 14 11 14 14 13 16 18 13 3 2 8 17 18 11 17 3
split_gain=413.052 989.736 5014.41 2210.37 4220.87 2160.5 933.791 9370.62 1846.09 801.56 1857.16 1802.38 576.62 3372.34 1633.01 950.373 1361.74 881.721 441.841 428.429 332.765
threshold=9.5000000000000018 7.5000000000000009 1115.5000000000002 16822.715 0.51690338762657417 inf 1014.0000000000001 266.00000000000006 289.05500000000006 277.00000000000006 287.79214285714289 32048.085000000003 296.04500000000002 0.94376973728752434 1909.9650000000004 4.5000000000000009 36.450474273102451 33419.020000000004 359.50000000000006 120.22085570932423 0.59009162267414295
decision_type=2 2 10 2 2 8 10 8 8 10 2 10 8 2 2 2 2 10 10 2 2
left_child=1 6 3 5 -5 -3 9 -8 -9 11 -11 -1 14 15 -2 16 -14 19 -19 -16 -17
right_child=12 2 -4 4 -6 -7 7 8 -10 10 -12 -13 13 -15 17 20 -18 18 -20 -21 -22
leaf_value=-0.083878045186479289 1.1751231829325357 0.025061319226844483 2.1584029356638594 0.024125191569328304 2.3964280287424717 0.74643245176835504 -2.8518309911092139 1.3876228580872219 -0.13146063542614378 0.27263623913295748 0.0072326323337620129 0.2811631511504713 -0.19428229280780973 -1.7344097137451173 0.031701743923602178 -0.017170376181602474 0.012349699760343939 -0.39498551368713375 0.04467954328283668 -0.068307363872570317 0.33608130455017093
leaf_weight=307 2.9999999999999991 184 2.9999999999999991 5 3 10.999999999999998 2.9999999999999973 2.9999999999999991 6.0000000000000009 82 336 38 139 2.9999999999999991 683 10.000000000000002 187 20.000000000000004 7.9999999999999991 127 20
leaf_count=307 3 184 3 5 3 11 3 3 6 82 336 38 139 3 683 10 187 20 8 127 20
internal_value=0.00768315 0.031749 0.129161 0.0991722 0.913739 0.065754 0.00585624 -0.431782 0.374901 0.0127392 0.0592975 -0.0436706 -0.0119907 -0.0650394 0.0106544 -0.0509717 -0.0757541 0.00648566 -0.269367 0.0160213 0.218331
internal_weight=2181 981 206 203 8 195 775 12 9 763 418 345 1200 359 841 356 326 838 28 810 30
internal_count=2181 981 206 203 8 195 775 12 9 763 418 345 1200 359 841 356 326 838 28 810 30
is_linear=0
shrinkage=0.05


Tree=222
num_leaves=15
num_cat=0
split_feature=11 17 11 18 11 13 11 18 8 4 1 13 16 14
split_gain=1757.87 3886.33 664.373 6010.38 1610.75 14637.3 1722.22 12657.5 1495.24 1444.32 1169.48 1147.61 536.502 327.396
threshold=1115.5000000000002 299.28938837327331 331.00000000000006 23020.610000000004 328.50000000000006 316.50000000000006 317.50000000000006 24929.985000000004 2.5000000000000004 43377.500000000007 26712.305000000004 280.25000000000006 323.14285714285717 328.50000000000006
decision_type=10 2 8 8 10 8 10 10 2 2 2 10 2 10
left_child=2 -2 4 -4 6 12 9 -8 10 -1 -5 -10 -6 -3
right_child=1 13 3 8 5 -7 7 -9 11 -11 -12 -13 -14 -15
leaf_value=-0.013884262271591105 -2.164975839853287 0.19302129805088042 -1.7864718914031983 -1.2439720471700033 0.047759937199781527 3.6731571959952514 -3.4039023081461588 -0.097266103439146614 -0.098129280270500621 0.085517822141031014 -0.22508657143410782 0.1277692290265923 0.64827686548233032 -0.46768087229380995
leaf_weight=1192 2.9999999999999991 5 4.9999999999999991 2.9999999999999991 53 2.9999999999999991 2.9999999999999991 82 110 527 46 115 3.9999999999999991 3
leaf_count=1192 3 5 5 3 53 3 3 82 110 527 46 115 4 3
internal_value=0.000196053 -0.63026 0.00343218 -0.0685269 0.0142029 0.269064 0.00572634 -0.213971 -0.0371776 0.0165898 -0.287467 0.01733 0.0899015 -0.054742
internal_weight=2154 11 2143 279 1864 60 1804 85 274 1719 49 225 57 8
internal_count=2154 11 2143 279 1864 60 1804 85 274 1719 49 225 57 8
is_linear=0
shrinkage=0.05


Tree=223
num_leaves=19
num_cat=0
split_feature=13 18 13 18 17 13 11 13 17 17 11 3 15 2 14 3 6 6
split_gain=671.814 2855.24 7300.99 3014.21 4541.8 2830.74 1535.64 1314.45 1138.12 1073.68 3140.15 1520.11 774.576 1951.58 1343.63 1044.33 758.371 470.235
threshold=185.00000000000003 29533.315000000006 28.645000000000003 28581.665000000005 103.38080349695316 119.50000000000001 259.50000000000006 190.36500000000004 104.27546230227797 130.71058768772789 314.00000000000006 0.55065387518197906 256.72833333333341 1965.8250000000003 1010.5000000000001 0.95075228228698749 9.5000000000000018 15.500000000000002
decision_type=8 8 10 10 2 8 10 8 2 2 10 2 2 2 10 2 2 2
left_child=1 3 8 9 17 -4 -7 -2 -3 11 -11 -1 13 -9 -15 16 -14 -5
right_child=7 2 5 4 -6 6 -8 12 -10 10 -12 -13 15 14 -16 -17 -18 -19
leaf_value=-0.11105902661872379 -1.0434599637985229 -1.4080176432927434 2.2597269603423782 -1.8926457166671757 0.57429256439208975 0.045707312226295461 1.3600890159606933 -1.0408498620986939 -0.11970059275627135 1.8812077045440674 -0.40649571418762198 0.15692546754016556 0.055034391829105737 -0.038126230979476997 -1.1004931608835855 0.74141649961471556 -0.015828558789798993 -1.0645400047302243
leaf_weight=83 2.9999999999999991 3.0000000000000027 4.9999999999999973 3.9999999999999982 4 4 5 4.9999999999999991 4 2.9999999999999991 3 146 715 376 2.9999999999999991 4.9999999999999991 800 3
leaf_count=83 3 3 5 4 4 4 5 5 4 3 3 146 715 376 3 5 800 3
internal_value=0.0127192 0.0870014 0.646622 0.039229 -0.76973 1.30585 0.775919 0.00231896 -0.671836 0.0770951 0.737356 0.0597957 0.00396672 -0.0594823 -0.0465355 0.0199959 0.017615 -1.53774
internal_weight=2174 267 21 246 11 14 9 1907 7 235 6 229 1904 384 379 1520 1515 7
internal_count=2174 267 21 246 11 14 9 1907 7 235 6 229 1904 384 379 1520 1515 7
is_linear=0
shrinkage=0.05


Tree=224
num_leaves=22
num_cat=0
split_feature=13 18 13 13 17 12 16 18 2 6 13 0 0 17 18 17 14 17 7 1 17
split_gain=1004.85 2905.53 5609.34 2554.74 1619.72 1483.22 1100.79 2240.67 2482.33 879.564 542.439 841.853 851.298 2107.65 838.038 709.986 13479 9543.25 18887.4 2559.65 1329.72
threshold=185.00000000000003 29533.315000000006 28.645000000000003 119.50000000000001 104.27546230227797 200.50000000000003 236.03785714285715 28581.665000000005 11515.145000000002 8.5000000000000018 233.50000000000003 39222.80000000001 34722.200000000004 121.50099709719633 27327.210000000003 36.68688613891117 175.00000000000003 37.111854831086752 1.5000000000000002 36487.450000000012 37.632658883151997
decision_type=8 10 10 8 2 8 2 8 2 2 10 2 2 2 10 2 10 2 2 2 2
left_child=1 6 4 -4 -3 -5 7 9 -9 -1 11 12 14 -14 -2 16 -12 18 -17 -18 -19
right_child=10 2 3 5 -6 -7 -8 8 -10 -11 15 -13 13 -15 -16 17 19 20 -20 -21 -22
leaf_value=-0.08021692341886634 -0.098254834075692965 -1.3376167297363271 2.1467405962944039 1.1909982244173685 0.13195120811462399 -0.17062636017799368 0.86083473563194279 0.087228091557820644 -1.9467871348063146 0.11871657404328613 -2.9418917179107669 0.56309112310409548 -0.30895145602616264 0.37688196989206169 0.13430855328386479 4.8763196905454018 -0.021509317949606772 -0.44741285219788551 0.13448220321110316 -1.4858690877755485 0.01207526147238914
leaf_weight=86 131 3.0000000000000018 4.9999999999999973 5.9999999999999991 5 3.0000000000000009 3.9999999999999991 2.9999999999999991 3 157 3.9999999999999991 4.9999999999999991 81 12.999999999999998 55 2.9999999999999982 566 15.999999999999998 7 2.9999999999999991 989
leaf_count=86 131 3 5 6 5 3 4 3 3 157 4 5 81 13 55 3 566 16 7 3 989
internal_value=-0.00336155 0.0858881 0.637033 1.24056 -0.419137 0.737123 0.0379625 0.0247437 -0.92978 0.0483121 -0.0164655 -0.0799809 -0.0914643 -0.214102 -0.0294861 -0.0050663 -0.0495627 0.0200534 1.55703 -0.02923 0.00476003
internal_weight=2148 275 22 14 8 9 253 249 6 243 1873 285 280 94 186 1588 573 1015 10 569 1005
internal_count=2148 275 22 14 8 9 253 249 6 243 1873 285 280 94 186 1588 573 1015 10 569 1005
is_linear=0
shrinkage=0.05


Tree=225
num_leaves=20
num_cat=0
split_feature=11 12 16 12 13 6 7 13 2 5 17 16 17 17 11 3 17 13 2
split_gain=759.907 4648.79 6771.12 1428.06 375.073 1062.86 1446.97 1119.38 902.089 728.315 1700.14 5441.63 1312.24 1711.96 1184.46 1061.83 494.79 915.886 427.21
threshold=1115.5000000000002 248.80000000000004 400.18500000000006 299.51000000000005 275.49000000000007 6.5000000000000009 5.5000000000000009 175.00000000000003 11938.595000000003 1.5000000000000002 104.27546230227797 269.35714285714295 36.450474273102451 36.135603553170803 14.840000000000002 0.90274668649639456 35.873827382138458 85.000000000000014 2939.3400000000006
decision_type=10 8 2 10 10 2 2 10 2 2 2 2 2 2 10 2 2 8 2
left_child=4 -2 -3 -4 5 6 8 -8 -1 10 11 -6 13 -11 -12 -14 18 -18 -7
right_child=1 2 3 -5 9 16 7 -9 -10 12 14 -13 15 -15 -16 -17 17 -19 -20
leaf_value=-0.016015515511261895 2.0983309189478567 -2.1139209826787311 1.5667346954345698 0.023978236317634575 0.89347429630302244 0.39441488027572635 0.0074586313631799465 -0.66946529491167328 -0.23553437832742929 -0.083205572346655224 0.38117298483848572 0.065207287009407797 0.0071371035966416993 -0.87559177343334482 -0.16545960494503378 0.25748696754872802 0.087421324992175004 -0.054189845076451706 0.05790882830968104
leaf_weight=182 2.9999999999999973 3 3 3 21 9.9999999999999982 9.0000000000000018 19 63 260 10.999999999999998 356 277 6.9999999999999991 100 50 153 450 166
leaf_count=182 3 3 3 3 21 10 9 19 63 260 11 356 277 7 100 50 153 450 166
internal_value=-0.00299224 0.393781 -0.174403 0.795356 -0.00522339 -0.0264821 -0.111378 -0.451883 -0.0724632 0.0154459 0.0607043 0.111344 -0.0217361 -0.10398 -0.111289 0.0454169 0.00326964 -0.0182587 0.0770285
internal_weight=2146 12 9 6 2134 1052 273 28 245 1082 488 377 594 267 111 327 779 603 176
internal_count=2146 12 9 6 2134 1052 273 28 245 1082 488 377 594 267 111 327 779 603 176
is_linear=0
shrinkage=0.05


Tree=226
num_leaves=13
num_cat=0
split_feature=3 0 0 13 11 13 0 3 0 13 11 2
split_gain=1010.52 1736.28 942.928 964.47 839.129 4640.41 6945.22 608.347 1086.73 759.611 450.889 212.259
threshold=0.95075228228698749 39048.55000000001 40189.600000000006 198.53500000000003 1115.5000000000002 282.10000000000008 35188.850000000006 0.57050737556497022 39002.100000000006 85.000000000000014 284.57000000000005 6362.8450000000012
decision_type=2 2 2 10 10 8 2 2 2 8 10 2
left_child=2 -2 4 -4 7 -6 -7 8 -1 -9 -5 -12
right_child=1 -3 3 10 5 6 -8 9 -10 -11 11 -13
leaf_value=-0.047753255569120558 1.5136349042256674 -0.077616590261459339 -1.0142312586307518 0.31051592230796787 2.1084381937980665 -2.0605282525221496 1.1219940990209578 0.12700066419223147 -0.55667821602387868 0.0046588010483163194 -0.068326256211314856 -0.42731266498565673
leaf_weight=226 2.9999999999999991 4 4.0000000000000027 4.0000000000000027 2.9999999999999973 3.0000000000000009 4 137 10.999999999999998 1717 7.0000000000000027 9.9999999999999982
leaf_count=226 3 4 4 4 3 3 4 137 11 1717 7 10
internal_value=0.00458435 0.604348 0.00260959 -0.302651 0.00624191 0.463171 -0.241944 0.0040567 -0.0713742 0.0136992 -0.167112 -0.279495
internal_weight=2133 7 2126 25 2101 10 7 2091 237 1854 21 17
internal_count=2133 7 2126 25 2101 10 7 2091 237 1854 21 17
is_linear=0
shrinkage=0.05


Tree=227
num_leaves=15
num_cat=0
split_feature=3 0 4 0 3 18 11 18 12 4 18 14 7 2
split_gain=918.948 1567 557.275 1489.72 1094.06 744.331 619.238 2142.32 1518.02 1434.59 10225.5 1257.7 663.686 52.4334
threshold=0.95075228228698749 39048.55000000001 48055.000000000007 40189.600000000006 0.8874831876760686 27689.705000000005 249.63500000000002 29318.425000000007 198.53500000000003 46250.000000000007 29809.925000000003 1010.5000000000001 4.5000000000000009 4278.3100000000013
decision_type=2 2 2 2 2 10 8 10 10 2 10 10 2 2
left_child=2 -2 6 4 5 -4 7 11 -9 12 -11 -1 -8 -6
right_child=1 -3 3 -5 13 -7 9 8 -10 10 -12 -13 -14 -15
leaf_value=-0.014824521144052867 1.4379531860351564 -0.073735755681991574 0.041150903848351024 -1.0420078694820405 0.66463159173727038 -0.18559463758942452 -0.013073718796036063 0.35122169653574625 -0.91764574321833536 1.8089655889405145 0.064917171541161431 -1.0411748886108398 0.06934211079470827 0.38810785611470533
leaf_weight=592 2.9999999999999991 4 61 3.9999999999999991 3.9999999999999991 89 902 2.9999999999999991 10.999999999999998 8.9999999999999982 127 2.9999999999999991 335 3
leaf_count=592 3 4 61 4 4 89 902 3 11 9 127 3 335 3
internal_value=0.00218057 0.574131 0.000312322 -0.0891484 -0.0648718 -0.0933848 0.00757932 -0.0343844 -0.645746 0.0261925 0.180332 -0.0199994 0.00924585 0.546121
internal_weight=2150 7 2143 161 157 150 1982 609 14 1373 136 595 1237 7
internal_count=2150 7 2143 161 157 150 1982 609 14 1373 136 595 1237 7
is_linear=0
shrinkage=0.05


Tree=228
num_leaves=17
num_cat=0
split_feature=3 11 11 13 4 0 15 15 8 11 14 4 4 17 15 16
split_gain=1516.52 2022.05 514.1 2061.01 14737.4 7460.72 1111.24 2241.34 911.901 779.172 6456.99 911.001 3178.77 2312.45 701.403 254.346
threshold=0.95075228228698749 249.88500000000002 310.44500000000005 333.50000000000006 34732.500000000007 32935.80000000001 268.41666666666669 264.99833333333339 4.5000000000000009 309.50000000000006 14.725000000000003 43377.500000000007 43067.500000000007 87.407652355212335 331.83333333333343 279.52642857142865
decision_type=2 10 10 10 2 2 2 2 2 10 10 2 2 2 2 2
left_child=2 -2 9 6 5 -5 7 -4 -8 11 -11 12 -1 -13 -6 -12
right_child=1 -3 3 4 14 -7 8 -9 -10 10 15 13 -14 -15 -16 -17
leaf_value=-0.010148698437654025 -1.7157715002695721 0.12000526587168373 -0.12827851657684033 -4.4334353446960453 0.31092773437500004 -0.9071730613708493 0.037522819228301509 -1.6444620052973431 -0.24607531276922071 2.450684467951457 -0.21450862586498262 0.20348666609774307 -0.69900083962608794 -0.019146217722105001 -0.14778869000077249 0.10900515910774551
leaf_weight=1127 2.9999999999999991 3 12.999999999999998 2.9999999999999991 9.9999999999999982 3 331 2.9999999999999991 31 2.9999999999999991 6.9999999999999991 181 17 328 50 46
leaf_count=1127 3 3 13 3 10 3 331 3 31 3 7 181 17 328 50 46
internal_value=-0.00407749 -0.797883 -0.00186531 -0.0498002 -0.307606 -2.6703 -0.00478648 -0.412563 0.0132368 0.0105882 0.194013 0.00437419 -0.0203851 0.0600219 -0.071336 0.0662769
internal_weight=2159 6 2153 444 66 6 378 16 362 1709 56 1653 1144 509 60 53
internal_count=2159 6 2153 444 66 6 378 16 362 1709 56 1653 1144 509 60 53
is_linear=0
shrinkage=0.05


Tree=229
num_leaves=14
num_cat=0
split_feature=11 18 6 1 13 14 17 17 6 17 0 14 6
split_gain=856.856 4002.63 3985.65 532.518 3370.33 4098.4 460.106 2391.39 8631.44 696.746 566.934 536.208 221.14
threshold=1115.5000000000002 31943.725000000002 5.5000000000000009 36487.450000000012 299.51000000000005 317.50000000000006 31.122533471292268 32.16876424695149 1.5000000000000002 29.803264923663168 31922.500000000004 315.50000000000006 2.5000000000000004
decision_type=10 8 2 2 10 8 2 2 2 2 2 10 2
left_child=3 -2 -3 6 -5 -6 9 8 -8 11 -9 -1 -11
right_child=1 2 -4 4 5 -7 7 10 -10 12 -12 -13 -14
leaf_value=0.0036569095673454795 1.702030989527703 0.75255819484591457 -1.6583350976308182 0.8507691144943238 -2.3878028631210326 -0.050168159008026104 2.6024700164794923 -0.046132672681957379 0.14309130053628574 -0.63485975265502936 0.02001409860468524 -0.15724824982725327 -0.19263131621160678
leaf_weight=314 3.9999999999999973 4.0000000000000009 3 3.9999999999999991 2.9999999999999991 5.0000000000000009 3.9999999999999991 440 33 2.9999999999999991 1228 62 49
leaf_count=314 4 4 3 4 3 5 4 440 33 3 1228 62 49
internal_value=0.000138392 0.440305 -0.280682 -0.00211887 -0.334264 -0.926781 -0.00025026 0.0113847 0.40897 -0.0465996 0.00256531 -0.0228753 -0.218144
internal_weight=2156 11 7 2145 12 8 2133 1705 37 428 1668 376 52
internal_count=2156 11 7 2145 12 8 2133 1705 37 428 1668 376 52
is_linear=0
shrinkage=0.05


Tree=230
num_leaves=13
num_cat=0
split_feature=11 11 3 12 17 6 3 1 6 11 14 17
split_gain=4917.15 6317.02 1330.93 2310.47 580.941 857.809 1262.56 686.119 2304.99 731.533 514.319 144.748
threshold=1115.5000000000002 1118.5000000000002 0.94872854792453343 239.30000000000004 104.80263756541883 2.5000000000000004 0.67077122694981584 29722.835000000003 1.5000000000000002 249.63500000000002 319.50000000000006 37.632658883151997
decision_type=10 8 2 10 2 2 2 2 2 8 10 2
left_child=2 -2 4 11 7 6 -6 9 -9 -1 -7 -4
right_child=1 -3 3 -5 5 10 -8 8 -10 -11 -12 -13
leaf_value=-0.067930992969888304 3.0499872048695882 0.14779926478862757 0.29136141141255706 -1.3533396220207212 0.14647136418258441 -0.047870691158712932 -0.35779901729117192 0.59598047807812693 0.042689396999194287 0.018487977672750924 0.098766389772505833 -0.1479537749290466
leaf_weight=336 2.9999999999999991 5.0000000000000009 2.9999999999999982 5 17 379 46 20 320 903 71 5
leaf_count=336 3 5 3 5 17 379 46 20 320 903 71 5
internal_value=-0.00113237 1.23612 -0.00583452 -0.510183 -0.00270042 -0.0489265 -0.221726 0.012318 0.0752359 -0.00494768 -0.0247346 0.0167894
internal_weight=2113 8 2105 13 2092 513 63 1579 340 1239 450 8
internal_count=2113 8 2105 13 2092 513 63 1579 340 1239 450 8
is_linear=0
shrinkage=0.05


Tree=231
num_leaves=21
num_cat=0
split_feature=14 15 15 18 15 13 18 16 12 13 0 3 15 13 0 13 0 13 17 0
split_gain=455.156 5999.58 9051.78 16240.8 11049.1 1023.77 425.985 955.549 1221.11 885.482 633.079 532.213 574.224 435.092 1719.17 611.479 415.174 410.684 277.097 239.741
threshold=1042.0000000000002 323.40000000000003 314.63333333333338 22452.080000000005 312.60000000000008 233.50000000000003 19733.190000000002 306.9285714285715 286.01000000000005 309.50000000000006 32146.100000000002 0.50613353623772495 237.16666666666669 85.000000000000014 40189.600000000006 103.59500000000001 38591.80000000001 286.37500000000006 35.873827382138458 38591.80000000001
decision_type=8 2 2 8 2 10 10 2 10 10 2 2 2 10 2 10 2 10 2 2
left_child=6 2 4 -4 5 -2 7 9 17 16 -10 12 19 14 -13 -15 -1 -9 -11 -8
right_child=1 -3 3 -5 -6 -7 11 8 10 18 -12 13 -14 15 -16 -17 -18 -19 -20 -21
leaf_value=0.02890952259807944 -0.082825302486789654 1.9978835821151735 -3.8734274446964281 0.40101896524429304 3.1407996336619064 0.20720712086185814 -0.27859232595988687 0.43447366555531819 0.67111638069152835 -0.22791678255254572 0.061923914116903622 0.10314983175275677 -0.82715634405612948 -0.57101325988769536 -0.94855646416544914 -0.017172907363453442 0.48941011905670168 1.2083695411682127 -0.71388220191001894 0.25564195811748497
leaf_weight=232 58 3.9999999999999991 3.9999999999999973 5.0000000000000009 2.9999999999999991 64 6.9999999999999982 2.9999999999999991 4.9999999999999991 10.999999999999998 29 136 3.9999999999999991 4.9999999999999991 3.9999999999999991 1529 4.9999999999999991 4 3.9999999999999991 3
leaf_count=232 58 4 4 5 3 64 7 3 5 11 29 136 4 5 4 1529 5 4 4 3
internal_value=0.00193124 0.0897298 0.0327699 -1.49873 0.143038 0.0693229 -0.00418496 0.0514666 0.275324 0.0150454 0.151511 -0.0138449 -0.320846 -0.0112774 0.0731011 -0.0189781 0.0386247 0.8767 -0.357508 -0.118322
internal_weight=2119 138 134 9 125 122 1981 293 41 252 34 1688 14 1674 140 1534 237 7 15 10
internal_count=2119 138 134 9 125 122 1981 293 41 252 34 1688 14 1674 140 1534 237 7 15 10
is_linear=0
shrinkage=0.05


Tree=232
num_leaves=23
num_cat=0
split_feature=0 6 17 16 12 1 14 4 0 8 13 18 12 16 15 14 15 18 11 12 1 14
split_gain=817.306 1686.57 10595.8 1611.13 3446.44 2776.97 963.057 824.335 823.079 1002.93 636.925 817.58 625.248 573.804 2599.41 11290.3 1492.2 925.989 820.235 786.25 457.046 172.333
threshold=37592.950000000004 1.5000000000000002 85.714012904105246 151.44428571428577 14.985000000000001 22905.690000000006 289.61000000000007 48702.000000000007 37544.000000000007 1.5000000000000002 205.60500000000005 35051.840000000004 240.50000000000003 306.03000000000003 314.63333333333338 325.50000000000006 312.60000000000008 18220.810000000005 271.50000000000006 248.14500000000001 24344.365000000005 362.50000000000006
decision_type=2 2 2 2 10 2 10 2 2 2 10 10 8 2 2 8 2 10 10 10 2 10
left_child=8 2 -2 4 5 -3 7 -4 13 -10 20 -12 -6 14 16 -16 -1 18 -15 -19 -5 -8
right_child=1 3 6 10 12 -7 21 -9 9 -11 11 -13 -14 17 15 -17 -18 19 -20 -21 -22 -23
leaf_value=-0.016107580837386944 2.5291858649253829 2.4427734772364307 -0.6969609690564017 -0.38607507838922395 0.015759723766573835 0.57965432802836092 0.15648799836635588 0.29367082516352327 -1.2403352782130241 -0.030952346324920652 0.069821113505583662 -0.24803700250290009 0.77527656555175783 0.1271944007703236 -0.078808479131879036 -2.4169976452986401 0.45534645836142928 0.19784830672473744 0.76185479164123537 0.00079799722880125046 -0.029213322346147735 0.63583930333455385
leaf_weight=1319 5.0000000000000027 2.9999999999999982 7.0000000000000018 17 28.000000000000004 6 5 3 2.9999999999999991 4 168 23 2.9999999999999991 14.000000000000002 37 5.9999999999999991 17 58 7.9999999999999991 398 19 3
leaf_count=1319 5 3 7 17 28 6 5 3 3 4 168 23 3 14 37 6 17 58 8 398 19 3
internal_value=0.00404778 0.082132 0.492964 0.046742 0.339334 1.20069 -0.0726531 -0.399771 -0.00810051 -0.549259 -0.00481601 0.031545 0.0892614 -0.00606061 -0.0224242 -0.405067 -0.0101085 0.0411472 0.35798 0.0258614 -0.197731 0.336245
internal_weight=2154 290 23 267 40 9 18 10 1864 7 227 191 31 1857 1379 43 1336 478 22 456 36 8
internal_count=2154 290 23 267 40 9 18 10 1864 7 227 191 31 1857 1379 43 1336 478 22 456 36 8
is_linear=0
shrinkage=0.05


Tree=233
num_leaves=16
num_cat=0
split_feature=13 18 13 12 6 3 13 5 18 18 13 18 16 16 16
split_gain=787.92 1660.38 1552.97 1134.41 2746.62 1624.6 754.731 1371.46 475.533 1248.44 3122.97 587.455 568.508 790.836 763.063
threshold=85.000000000000014 30580.675000000003 28.645000000000003 239.30000000000004 13.500000000000002 0.78660863239009859 103.59500000000001 2.5000000000000004 17525.575000000004 17910.345000000005 310.44500000000005 18884.235000000004 273.95500000000004 270.94714285714292 283.87714285714293
decision_type=8 8 8 10 2 2 8 2 10 10 8 10 2 2 2
left_child=1 2 3 5 -5 -1 7 -2 12 10 -10 -11 13 -8 -14
right_child=6 -3 -4 4 -6 -7 8 -9 9 11 -12 -13 14 -15 -16
leaf_value=0.0014375913992920924 0.282192999124527 -1.0762442799905936 1.2378564268350603 0.031737880053974335 1.007038160210306 0.56191895093236655 0.059723749361000958 -1.1320376276969908 -0.16250726193189624 0.11240879634225912 -1.8544661422570545 -0.012957769461673915 0.55637124280134842 -0.52698360851832804 0.10866341730174811
leaf_weight=169 2.9999999999999991 2.9999999999999991 2.9999999999999991 21 10.999999999999998 13.999999999999998 32 4 30 99 2.9999999999999991 1665 11.999999999999998 6.9999999999999991 46
leaf_count=169 3 3 3 21 11 14 32 4 30 99 3 1665 12 7 46
internal_value=0.00267173 0.0920297 0.108107 0.0923429 0.366997 0.0443159 -0.00771655 -0.525939 -0.00580126 -0.0116221 -0.316322 -0.00592189 0.102033 -0.0455827 0.201293
internal_weight=2122 221 218 215 32 183 1901 7 1894 1797 33 1764 97 39 58
internal_count=2122 221 218 215 32 183 1901 7 1894 1797 33 1764 97 39 58
is_linear=0
shrinkage=0.05


Tree=234
num_leaves=21
num_cat=0
split_feature=18 15 11 18 3 0 8 7 11 16 18 0 0 11 1 0 6 14 3 6
split_gain=664.052 3132.35 900.091 19454.6 11101.2 1945.77 3828.98 1155.61 10444.1 40733.1 1839.68 1400.43 1039.71 898.623 4564.21 3778.69 605.924 525.638 568.19 411.117
threshold=31811.125000000004 231.83333333333334 317.50000000000006 23989.120000000003 0.86005244128357228 35408.150000000001 2.5000000000000004 1.5000000000000002 299.51000000000005 299.85642857142858 27767.230000000007 40189.600000000006 36394.500000000007 1095.5000000000002 32113.845000000001 35919.750000000007 3.5000000000000004 284.57000000000005 0.88484907370847787 9.5000000000000018
decision_type=8 2 10 10 2 2 2 2 10 2 10 2 2 10 2 2 2 10 2 2
left_child=2 -2 7 4 -4 16 -7 8 10 -10 -1 12 -9 17 -15 -16 -5 18 -3 -19
right_child=1 13 3 5 -6 6 -8 11 9 -11 -12 -13 -14 14 15 -17 -18 19 -20 -21
leaf_value=0.0059257386809336808 1.2991570079326631 0.033732841235677928 -5.0742951711018884 0.16748952534867498 -0.7729082266489663 -2.1771554311116526 -0.22037655949592591 -0.014761389754510121 6.501335446039838 -0.63423496882120767 0.6096885909648756 -1.1155739277601242 -0.15584442796099265 2.1198273102442431 -1.5235155661900834 0.98602954943974785 -0.042901728904394407 0.0043614138575161212 0.28563262120544636 -0.20459893867373469
leaf_weight=428 4.9999999999999991 131 2.9999999999999991 41 3 3.0000000000000009 15 966 2.9999999999999982 6 12.999999999999998 2.9999999999999991 151 2.9999999999999982 3 3 207 68 27 36
leaf_count=428 5 131 3 41 3 3 15 966 3 6 13 3 151 3 3 3 207 68 27 36
internal_value=-0.0132509 0.0590757 -0.0240881 -0.10806 -2.9236 -0.0445515 -0.546506 -0.00954011 0.058135 1.74429 0.0237237 -0.036731 -0.0338335 0.036196 0.527447 -0.268743 -0.0081193 0.019321 0.076779 -0.067971
internal_weight=2118 276 1842 272 6 266 18 1570 450 9 441 1120 1117 271 9 6 248 262 158 104
internal_count=2118 276 1842 272 6 266 18 1570 450 9 441 1120 1117 271 9 6 248 262 158 104
is_linear=0
shrinkage=0.05


Tree=235
num_leaves=23
num_cat=0
split_feature=18 13 0 13 17 16 13 18 12 16 2 0 6 18 7 1 14 16 2 3 12 13
split_gain=526.126 2413.43 1031.18 4611.96 1079.15 2132.13 614.145 601.908 2014.56 3495.25 5560.48 857.678 683.154 3202.37 6463.53 1654.72 875.197 1735.31 1585.38 659.563 283.592 139.442
threshold=31811.125000000004 205.60500000000005 34797.350000000013 282.10000000000008 296.62200067587719 413.30142857142863 301.50000000000006 29438.395000000004 198.53500000000003 258.54142857142864 12109.665000000003 35564.750000000007 3.5000000000000004 27649.520000000008 1.0000000180025095e-35 31743.855000000003 314.00000000000006 300.28500000000003 1909.9650000000004 0.69709674142614297 315.50000000000006 185.00000000000003
decision_type=10 10 2 8 2 2 10 10 10 2 2 2 2 8 2 2 8 2 2 2 10 8
left_child=7 -2 3 -3 6 -6 -4 12 19 10 -10 -11 13 15 -15 -1 18 -18 -14 21 -5 -9
right_child=1 2 4 20 5 -7 -8 8 9 11 -12 -13 16 14 -16 -17 17 -19 -20 -21 -22 -23
leaf_value=-0.0098294878108426929 1.2777255550026894 1.7022253870964041 -0.032205631845623008 0.21010870554230424 -1.5712019284566225 -0.13144283369830292 0.14503110798655033 0.46944071054458636 -0.28769476413726808 -0.0013143553058258617 -1.9704674323399862 -0.22333682302724231 1.1544024864832561 2.3277636349201205 0.24853494218305539 -0.85661494831244145 -0.1645378778108989 0.061124765154506482 0.0032390142759003296 0.96563671112060556 -0.14136565774679186 0.073369864225387549
leaf_weight=150 3.9999999999999991 5.0000000000000027 121 11.000000000000002 3.0000000000000027 18 82 3.9999999999999973 27 208 5.9999999999999991 55 2.9999999999999991 3.9999999999999991 57 5.9999999999999991 237 133 985 4.9999999999999991 11.999999999999998 5.0000000000000009
leaf_count=150 4 5 121 11 3 18 82 4 27 208 6 55 3 4 57 6 237 133 985 5 12 5
internal_value=-0.00806659 0.0591911 0.0398493 0.325926 0.0040897 -0.337123 0.0393875 -0.0172008 -0.0808861 -0.108606 -0.593653 -0.0477449 -0.00466591 0.0777117 0.384878 -0.0423982 -0.0178293 -0.0834213 0.00673445 0.5052 0.0267308 0.249401
internal_weight=2141 256 252 28 224 21 203 1885 310 296 33 263 1575 217 61 156 1358 370 988 14 23 9
internal_count=2141 256 252 28 224 21 203 1885 310 296 33 263 1575 217 61 156 1358 370 988 14 23 9
is_linear=0
shrinkage=0.05


Tree=236
num_leaves=19
num_cat=0
split_feature=11 17 2 11 3 13 7 0 12 0 0 0 11 13 0 12 11 6
split_gain=1434.72 9169.98 674.891 383.654 970.205 1189.75 8199.05 2093.23 754.35 1214.91 3020.66 2199.18 1074.79 2723.43 979.313 485.426 861.403 724.78
threshold=1115.5000000000002 298.5659591873623 2803.7750000000001 279.50000000000006 0.91896301605946917 291.50000000000006 1.0000000180025095e-35 39776.05000000001 200.50000000000003 38389.80000000001 38591.80000000001 38362.100000000006 249.88500000000002 198.53500000000003 38591.80000000001 392.30000000000007 329.50000000000006 2.5000000000000004
decision_type=10 2 2 10 2 10 2 2 8 2 2 2 10 10 2 10 10 2
left_child=3 -2 -3 8 5 7 -7 -5 12 11 -11 -10 14 -14 -1 16 -6 -17
right_child=1 2 -4 4 15 6 -8 -9 9 10 -12 -13 13 -15 -16 17 -18 -19
leaf_value=-0.018835424676766261 2.9346866170565291 -0.76604715287685377 0.15243735685944554 -0.013368523841798827 -0.14228579996864207 2.7178694327672321 0.092995787255403375 0.716339111328125 -0.034776225147966744 -1.8457962115605673 -0.18867448770412895 1.3218222220738731 0.88610031696466296 0.031666713591777917 0.35478882432768222 -1.0910959720611577 0.1922744783262412 -0.1392689272140463
leaf_weight=228 2.9999999999999991 4 4 571 97 2.9999999999999991 357 9.9999999999999982 713 2.9999999999999991 33 2.9999999999999991 12.999999999999998 33 19 2.9999999999999982 24 6
leaf_count=228 3 4 4 571 97 3 357 10 713 3 33 3 13 33 19 3 24 6
internal_value=0.00768869 0.577238 -0.306805 0.00472789 0.0257582 0.0434464 0.11487 -0.000809012 -0.0168257 -0.0433426 -0.326768 -0.0290922 0.0512315 0.273137 0.0099049 -0.102277 -0.0759267 -0.456545
internal_weight=2127 11 8 2116 1071 941 360 581 1045 752 36 716 293 46 247 130 121 9
internal_count=2127 11 8 2116 1071 941 360 581 1045 752 36 716 293 46 247 130 121 9
is_linear=0
shrinkage=0.05


Tree=237
num_leaves=20
num_cat=0
split_feature=13 13 0 11 7 11 11 13 11 18 1 13 18 15 17 2 2 17 18
split_gain=322.189 4202.6 7968.45 1259.47 1132.39 11474.3 955.413 776.619 4617.56 13317 1819.52 724.977 2293.3 457.65 405.047 401.303 378.352 279.533 241.621
threshold=336.50000000000006 333.50000000000006 32935.80000000001 398.20000000000005 1.5000000000000002 293.50000000000006 399.50000000000006 329.50000000000006 309.50000000000006 27689.705000000005 32113.845000000001 324.00000000000006 19884.825000000004 549.08333333333337 281.1690817924204 2758.8600000000001 9005.1000000000022 45.634366744769146 28198.140000000003
decision_type=10 10 2 8 2 8 10 10 10 8 2 10 10 2 2 2 2 2 8
left_child=1 7 -3 4 5 14 -5 11 10 -10 -9 13 -13 -1 -2 18 -17 -4 -6
right_child=3 2 17 6 15 -7 -8 8 9 -11 -12 12 -14 -15 -16 16 -18 -19 -20
leaf_value=0.0053787891631286817 -0.00064905154603448791 -2.7563299521803857 -0.40468567212422679 -1.2804941415786744 -0.36855801582336434 2.5600417900085453 -0.10010813921689986 -0.11183563612232156 3.9491922378540063 -0.032458734512329099 1.0019796013832092 -1.5732050816218042 -0.080022482408417597 -0.19837253162903445 0.52486821413040163 0.13543465450139983 -0.0081774398460424027 0.20581500396132466 0.057136502265930159
leaf_weight=1752 44 3.9999999999999991 3 2.9999999999999991 9.9999999999999964 4.9999999999999991 4 44 2.9999999999999973 7.0000000000000009 3.9999999999999991 3.0000000000000027 18 28 3.9999999999999991 70 133 5 5.0000000000000009
leaf_count=1752 44 4 3 3 10 5 4 44 3 7 4 3 18 28 4 70 133 5 5
internal_value=0.00596954 -0.0014931 -0.934192 0.0561947 0.0732991 0.280587 -0.605988 0.00452754 0.184612 1.16204 -0.0190177 -0.00127197 -0.293334 0.00217371 0.0431441 0.0229033 0.041344 -0.0231227 -0.22666
internal_weight=2149 1871 12 278 271 53 7 1859 58 10 48 1801 21 1780 48 218 203 8 15
internal_count=2149 1871 12 278 271 53 7 1859 58 10 48 1801 21 1780 48 218 203 8 15
is_linear=0
shrinkage=0.05


end of trees

feature_importances:
price_lag_1d=517
net_load=453
net_load_lag_1d=443
total_load=406
thermal_space_load_ratio=380
thermal_on_capacity=357
renewable_power=327
price_lag_7d=315
price_lag_3d=302
price_std_7d=293
price_ma_7d=273
price_ma_3d=248
period=202
price_lag_2d=202
weekday=125
month=52
hour=51
is_weekend=4

parameters:
[boosting: gbdt]
[objective: regression]
[metric: rmse]
[tree_learner: serial]
[device_type: cpu]
[data_sample_strategy: bagging]
[data: ]
[valid: ]
[num_iterations: 400]
[learning_rate: 0.05]
[num_leaves: 31]
[num_threads: 0]
[seed: 42]
[deterministic: 0]
[force_col_wise: 0]
[force_row_wise: 0]
[histogram_pool_size: -1]
[max_depth: 5]
[min_data_in_leaf: 3]
[min_sum_hessian_in_leaf: 0.001]
[bagging_fraction: 0.85]
[pos_bagging_fraction: 1]
[neg_bagging_fraction: 1]
[bagging_freq: 1]
[bagging_seed: 400]
[bagging_by_query: 0]
[feature_fraction: 0.85]
[feature_fraction_bynode: 1]
[feature_fraction_seed: 30056]
[extra_trees: 0]
[extra_seed: 12879]
[early_stopping_round: 0]
[early_stopping_min_delta: 0]
[first_metric_only: 0]
[max_delta_step: 0]
[lambda_l1: 0]
[lambda_l2: 0]
[linear_lambda: 0]
[min_gain_to_split: 0]
[drop_rate: 0.1]
[max_drop: 50]
[skip_drop: 0.5]
[xgboost_dart_mode: 0]
[uniform_drop: 0]
[drop_seed: 17869]
[top_rate: 0.2]
[other_rate: 0.1]
[min_data_per_group: 100]
[max_cat_threshold: 32]
[cat_l2: 10]
[cat_smooth: 10]
[max_cat_to_onehot: 4]
[top_k: 20]
[monotone_constraints: ]
[monotone_constraints_method: basic]
[monotone_penalty: 0]
[feature_contri: ]
[forcedsplits_filename: ]
[refit_decay_rate: 0.9]
[cegb_tradeoff: 1]
[cegb_penalty_split: 0]
[cegb_penalty_feature_lazy: ]
[cegb_penalty_feature_coupled: ]
[path_smooth: 0]
[interaction_constraints: ]
[verbosity: -1]
[saved_feature_importance_type: 0]
[use_quantized_grad: 0]
[num_grad_quant_bins: 4]
[quant_train_renew_leaf: 0]
[stochastic_rounding: 1]
[linear_tree: 0]
[max_bin: 255]
[max_bin_by_feature: ]
[min_data_in_bin: 3]
[bin_construct_sample_cnt: 200000]
[data_random_seed: 175]
[is_enable_sparse: 1]
[enable_bundle: 1]
[use_missing: 1]
[zero_as_missing: 0]
[feature_pre_filter: 1]
[pre_partition: 0]
[two_round: 0]
[header: 0]
[label_column: ]
[weight_column: ]
[group_column: ]
[ignore_column: ]
[categorical_feature: ]
[forcedbins_filename: ]
[precise_float_parser: 0]
[parser_config_file: ]
[objective_seed: 16083]
[num_class: 1]
[is_unbalance: 0]
[scale_pos_weight: 1]
[sigmoid: 1]
[boost_from_average: 1]
[reg_sqrt: 0]
[alpha: 0.9]
[fair_c: 1]
[poisson_max_delta_step: 0.7]
[tweedie_variance_power: 1.5]
[lambdarank_truncation_level: 30]
[lambdarank_norm: 1]
[label_gain: ]
[lambdarank_position_bias_regularization: 0]
[eval_at: ]
[multi_error_top_k: 1]
[auc_mu_weights: ]
[num_machines: 1]
[local_listen_port: 12400]
[time_out: 120]
[machine_list_filename: ]
[machines: ]
[gpu_platform_id: -1]
[gpu_device_id: -1]
[gpu_use_dp: 0]
[num_gpu: 1]

end of parameters

pandas_categorical:[]
