tree
version=v4
num_class=6
num_tree_per_iteration=6
label_index=0
max_feature_idx=10
objective=multiclass num_class:6
feature_names=total_load net_load renewable_power thermal_space_load_ratio thermal_on_capacity hour period weekday month is_weekend is_holiday
feature_infos=[29193.099999999999:44172] [11318.049999999999:40301.309999999998] [1273.99:18862.23] [0.37880501902718694:0.96672838764605418] [27170:49115] [22:23] [89:96] [0:6] [1:4] [0:1] none
tree_sizes=1752 1977 2139 1063 552 651 2235 2325 2627 1413 892 1308 2232 2224 2422 1524 890 1313 2220 2332 2215 1411 891 1306 2232 2326 2420 1411 785 1095 1815 2225 2220 1411 779 1312 1809 2224 2216 1524 785 1317 1794 2219 2440 1532 1310 1316 1892 2320 2436 1621 1315 1313 1991 2416 2336 1621 1317 1315 1903 2322 2336 1521 1419 1311 1900 2428 2345 1526 1414 1407 1919 2313 2343 1619 1210 1319 1914 2332 2347 1515 1425 1416 2019 2224 2232 1621 1424 1199 1918 2330 2332 1721 1425 1418 2119 2314 2230 1946 1419 1526 2121 2333 2341 1416 1426 971 2118 1594 2353 1411 1427 1530 1917 1597 2448 1416 1324 1529 2018 1909 2325 1627 1536 1529 2009 1594 2536 1415 1325 973 2012 1697 2332 1417 1326 1632 1915 1700 2446 1515 1541 1523 2005 1601 2532 1638 1333 1522 1806 1811 2535 1414 1541 1516 1922 1809 2333 1307 1328 1529 1927 1708 2429 1416 1529 1634 1906 1604 2635 1512 1332 1408 1903 1921 2437 1622 1537 1635 1904 1703 2336 1420 1540 1406 2012 1403 2343 1858 1437 1415 2215 1403 2440 1847 1535 1628 1915 1503 2337 1852 1640 1317 2218 1505 2437 1843 1542 1316 2011 1190 2127 1847 1438 977 2013 1506 2224 1621 1649 977 2232 1089 1935 1742 1654 1312 2228 1094 2033 1856 1651 973 2470 1410 1933 1752 1556 975 2336 1401 2034 1868 1649 974 2238 1511 1930 1865 1653 1432 2335 1923 2036 1863 1646 1310 2337 1506 1925 1657 1652 1312 2431 1504 2038 1871 1656 979 2334 1193 2142 1874 1655 1317

Tree=0
num_leaves=16
num_cat=0
split_feature=2 4 8 1 1 8 1 1 5 7 2 2 0 0 0
split_gain=299.619 178.837 15.6137 12.7558 11.1889 9.49404 37.051 11.7788 2.61786 1.53223 0.330042 0.545369 0.200453 1.42109e-14 1.77636e-15
threshold=9461.0250000000015 38272.500000000007 2.5000000000000004 18512.470000000005 28115.755000000005 2.5000000000000004 29680.410000000007 26490.330000000002 22.500000000000004 1.5000000000000002 8583.1650000000027 9069.8700000000008 36958.250000000007 36325.250000000007 36865.700000000004
decision_type=2 2 2 2 2 2 2 2 2 2 2 2 2 2 2
left_child=5 3 4 -2 9 6 7 -1 -4 -3 13 -12 -8 -7 -15
right_child=1 2 8 -5 -6 10 12 -9 -10 -11 11 -13 -14 14 -16
leaf_value=-1.4594623945848646 -1.4172276182018806 -1.2892434473443528 -1.3788323669446221 -1.4940181207163972 -1.3557952161902671 -1.4940181207163972 -1.4824995453392198 -1.3581580008830214 -1.3264752061392699 -1.2636466131728472 -1.4709809699620422 -1.4940181207163972 -1.4940181207163972 -1.4940181207163972 -1.4940181207163972
leaf_weight=4.3408146500587454 8.4645885676145571 7.8134663701057461 4.7748961150646192 14.975810542702673 4.3408146500587454 64.895179018378258 4.3408146500587454 8.4645885676145536 4.774896115064621 23.223358377814293 4.3408146500587446 6.2941812425851822 29.0834581553936 4.9919368475675565 6.2941812425851822
leaf_count=20 39 36 22 69 20 299 20 39 22 107 20 29 134 23 29
internal_value=-1.4394 -1.35433 -1.29592 -1.46629 -1.28061 -1.48312 -1.46482 -1.3925 -1.35265 -1.27009 -1.49287 -1.48462 -1.49252 -1.49402 -1.49402
internal_weight=201.414 68.3678 44.9274 23.4404 35.3776 133.046 46.2297 12.8054 9.54979 31.0368 86.8163 10.635 33.4243 76.1813 11.2861
internal_count=928 315 207 108 163 613 213 59 44 143 400 49 154 351 52
is_linear=0
shrinkage=1


Tree=1
num_leaves=18
num_cat=0
split_feature=2 8 3 7 1 0 1 2 5 1 2 1 2 6 7 1 4
split_gain=133.663 79.5609 93.8368 51.2574 29.4543 22.9828 23.3312 21.6496 11.2257 10.4239 10.0889 9.72808 3.48666 1.3531 1.02177 0.694316 1.74126
threshold=4839.4500000000007 2.5000000000000004 0.76604954518927804 1.5000000000000002 33780.100000000013 34427.200000000004 25760.470000000005 7574.4100000000008 22.500000000000004 25683.655000000002 14491.760000000002 28400.270000000004 7700.6000000000013 95.500000000000014 1.5000000000000002 30449.090000000007 37852.500000000007
decision_type=2 2 2 2 2 2 2 2 2 2 2 2 2 2 2 2 2
left_child=13 2 11 7 12 10 -7 8 -3 -9 -5 14 -4 15 -2 16 -1
right_child=1 3 4 5 -6 6 -8 9 -10 -11 -12 -13 -14 -15 -16 -17 -18
leaf_value=-0.9387561198620773 -0.92165447765865727 -0.9387561198620773 -0.77395847681093932 -0.77663650591058153 -0.90766222494676829 -0.89715753071862325 -0.80835609806099995 -0.86274882118021068 -0.86859553646343124 -0.77588333697236322 -0.83741305495292184 -0.86879485630263198 -0.81904462443813741 -0.91244590108758505 -0.9387561198620773 -0.9387561198620773 -0.90455283545523735
leaf_weight=10.23293510079384 11.694782972335814 11.40241339802742 16.080326586961753 50.579936355352402 6.4321306347846976 10.817674249410627 23.389565944671631 7.8939785063266736 11.40241339802742 6.1397610604763031 7.8939785063266745 6.4321306347846976 5.8473914861679068 7.6016089320182791 34.499609768390656 37.130935937166214 5.8473914861679068
leaf_count=35 40 39 55 173 22 37 80 27 39 21 27 22 20 26 118 127 20
internal_value=-0.866885 -0.848022 -0.886896 -0.823716 -0.813579 -0.803885 -0.836439 -0.873607 -0.903676 -0.824745 -0.784841 -0.926405 -0.785981 -0.932179 -0.934427 -0.934998 -0.926319
internal_weight=271.319 210.506 80.9864 129.52 28.3598 92.6812 34.2072 36.8386 22.8048 14.0337 58.4739 52.6265 21.9277 60.8129 46.1944 53.2113 16.0803
internal_count=928 720 277 443 97 317 117 126 78 48 200 180 75 208 158 182 55
is_linear=0
shrinkage=1


Tree=2
num_leaves=20
num_cat=0
split_feature=3 7 2 3 1 5 3 2 7 4 4 5 6 0 0 8 7 8 1
split_gain=239.287 22.5609 19.1034 23.1616 18.0638 16.118 15.0555 13.4606 15.3704 15.0643 11.5915 9.3271 7.45527 6.49943 2.73849 9.28535 5.28213 2.69577 0.613541
threshold=0.81972328564867081 4.5000000000000009 4839.4500000000007 0.82755857742683736 32425.355000000007 22.500000000000004 0.90111981517108009 8179.6800000000012 2.5000000000000004 42412.500000000007 37487.500000000007 22.500000000000004 90.500000000000014 32986.55000000001 34518.900000000001 2.5000000000000004 1.5000000000000002 2.5000000000000004 29180.800000000007
decision_type=2 2 2 2 2 2 2 2 2 2 2 2 2 2 2 2 2 2 2
left_child=7 2 6 11 -3 -5 13 8 9 -1 -10 -4 -8 -2 -9 -16 -17 -6 -12
right_child=1 4 3 5 17 -7 12 14 10 -11 18 -13 -14 -15 15 16 -18 -19 -20
leaf_value=-1.1506873078475826 -1.153092815432526 -1.3006306139757222 -1.0977661409788273 -1.1847080579774965 -1.1683276968038343 -1.2746223482068895 -1.2245564366018866 -1.3006306139757222 -1.216103750227016 -1.270200943026188 -1.3006306139757222 -1.1817100608396114 -1.1535538710529734 -1.0977661409788273 -1.3006306139757222 -1.2931171149758371 -1.2382107761305237 -1.2176406022951742 -1.2803441666760327
leaf_weight=5.6688094139099103 8.1335091590881365 5.915279388427737 6.1617493629455549 10.351738929748535 5.6688094139099103 9.6123290061950684 5.9152793884277335 50.526344776153564 5.915279388427737 4.9293994903564453 15.281138420104982 7.1476292610168457 9.8587989807128888 15.281138420104979 32.534036636352539 6.6546893119812038 12.816438674926756 5.4223394393920898 4.9293994903564444
leaf_count=23 33 24 25 42 23 39 24 205 24 20 62 29 40 62 132 27 52 22 20
internal_value=-1.24204 -1.17824 -1.16608 -1.19394 -1.23007 -1.228 -1.14242 -1.28304 -1.25706 -1.20628 -1.27766 -1.14285 -1.18018 -1.11698 -1.29234 -1.28429 -1.25698 -1.19244 -1.29568
internal_weight=228.724 89.4686 72.4622 33.2734 17.0064 19.9641 39.1887 139.256 36.724 10.5982 26.1258 13.3094 15.7741 23.4146 102.532 52.0052 19.4711 11.0911 20.2105
internal_count=928 363 294 135 69 81 159 565 149 43 106 54 64 95 416 211 79 45 82
is_linear=0
shrinkage=1


Tree=3
num_leaves=9
num_cat=0
split_feature=3 2 7 4 1 0 0 0
split_gain=67.6959 96.0547 13.8146 63.394 7.31849 1.77636e-15 4.44089e-16 2.22045e-16
threshold=0.91821355705154029 2567.6200000000003 1.0000000180025095e-35 35555.000000000007 36281.755000000005 36723.450000000004 39457.000000000007 33843.700000000004
decision_type=2 2 2 2 2 2 2 2
left_child=2 -2 3 -1 5 -4 -7 -5
right_child=1 -3 4 7 -6 6 -8 -9
leaf_value=-3.3035745618132597 -3.8798838935304345 -3.0748803825604045 -3.8798838935304345 -3.8798838935304345 -3.6917012546023753 -3.8798838935304345 -3.8798838935304345 -3.8798838935304345
leaf_weight=0.60731273889542281 0.80975031852722057 0.68322683125734329 13.462099045515066 0.68322683125734363 0.53139864653348823 3.3655247613787642 1.7966335192322729 1.5435865446925161
leaf_count=24 32 27 532 27 21 133 71 61
internal_value=-3.8373 -3.51149 -3.85942 -3.75639 -3.87466 -3.87988 -3.87988 -3.87988
internal_weight=23.4828 1.49298 21.9898 2.83413 19.1557 18.6243 5.16216 2.22681
internal_count=928 59 869 112 757 736 204 88
is_linear=0
shrinkage=1


Tree=4
num_leaves=4
num_cat=0
split_feature=2 0 0
split_gain=223.902 4.0358 8.88178e-16
threshold=2453.4250000000006 41734.05000000001 40811.900000000009
decision_type=2 2 2
left_child=-1 2 -2
right_child=1 -3 -4
leaf_value=-3.2317581560014812 -4.677881873860783 -4.4712927713094537 -4.677881873860783
leaf_weight=0.27660150825977403 9.8654537945985741 0.24202631972730237 0.31117669679224569
leaf_count=24 856 21 27
internal_value=-4.63581 -4.67308 -4.67788
internal_weight=10.6953 10.4187 10.1766
internal_count=928 904 883
is_linear=0
shrinkage=1


Tree=5
num_leaves=5
num_cat=0
split_feature=3 3 8 1
split_gain=177.869 105.694 32.2954 1.83963
threshold=0.90797065045503933 0.92175716818062936 2.5000000000000004 36109.345000000008
decision_type=2 2 2 2
left_child=3 -2 -3 -1
right_child=1 2 -4 -5
leaf_value=-3.8311406803480974 -2.7546256687919786 -3.8311406803480974 -3.3601653627922956 -3.736945616836937
leaf_weight=22.055295674130328 0.55735404230654184 0.63697604835033395 0.84930139780044556 0.53081337362527747
leaf_count=831 21 24 32 20
internal_value=-3.78851 -3.34182 -3.56201 -3.82893
internal_weight=24.6297 2.04363 1.48628 22.5861
internal_count=928 77 56 851
is_linear=0
shrinkage=1


Tree=6
num_leaves=20
num_cat=0
split_feature=2 4 1 8 8 1 1 3 5 7 2 2 1 3 7 0 1 1 2
split_gain=258.834 138.903 12.0397 10.0141 9.30291 34.1714 9.8315 8.50261 2.03651 1.02491 0.333761 0.544473 0.202392 0.000293215 0.000213143 0.000147104 0.000145646 9.99111e-05 1.51756e-05
threshold=9461.0250000000015 38272.500000000007 18512.470000000005 2.5000000000000004 2.5000000000000004 29680.410000000007 26490.330000000002 0.7273710931986358 22.500000000000004 1.5000000000000002 8583.1650000000027 9069.8700000000008 31432.440000000002 0.82755857742683736 1.5000000000000002 33843.700000000004 33780.100000000013 27246.760000000006 12142.230000000001
decision_type=2 2 2 2 2 2 2 2 2 2 2 2 2 2 2 2 2 2 2
left_child=4 2 -2 7 5 6 -1 9 -5 -3 13 -12 -7 17 -15 18 -14 -6 -4
right_child=1 3 15 8 10 12 -8 -9 -10 -11 11 -13 16 14 -16 -17 -18 -19 -20
leaf_value=-0.018888301652631494 0.021120035809592669 0.12795577728432528 -0.053597152322134058 0.055550212314931319 -0.053484297879596458 -0.041878565387409833 0.073545996450668574 0.071137950907993242 0.10057939183101383 0.14784647622325145 -0.030256391530623674 -0.053664226846370157 -0.053492247004667738 -0.053964918302640323 -0.053691128210378053 -0.053998718349653224 -0.053739038249129026 -0.05364393552059208 -0.053721189456515918
leaf_weight=4.2546098083257666 8.5528727918863314 8.6260442882776243 6.022026911377905 4.9499888718128187 17.141740381717682 4.1913085728883734 8.8823955059051496 4.6881125271320334 5.0959449261426926 25.986396461725235 4.2199564576148969 6.0397999584674835 8.6764028519392031 10.344017282128332 22.725702062249184 4.2280616462230673 19.224744483828545 22.888390064239502 4.1759393215179443
leaf_count=20 39 36 29 22 83 20 39 20 22 107 20 29 42 49 109 20 92 110 20
internal_value=-1.33681e-05 0.0756581 -0.0258834 0.122942 -0.042575 -0.0243174 0.0436098 0.13433 0.0783919 0.142889 -0.0524813 -0.0440363 -0.0521233 -0.0536666 -0.0537768 -0.0537508 -0.0536623 -0.0535756 -0.0536479
internal_weight=200.914 72.3254 22.9789 49.3465 128.589 45.2295 13.137 39.3006 10.0459 34.6124 83.3596 10.2598 32.0925 73.0998 33.0697 14.426 27.9011 40.0301 10.198
internal_count=928 315 108 207 613 213 59 163 44 143 400 49 154 351 158 69 134 193 49
is_linear=0
shrinkage=0.05


Tree=7
num_leaves=21
num_cat=0
split_feature=2 8 3 7 1 0 1 2 5 1 1 2 2 6 7 6 0 1 3 2
split_gain=118.294 68.6564 83.711 44.1928 26.0129 19.4736 20.3056 18.8883 10.1215 9.0839 8.82804 8.71296 2.8708 1.29631 0.959118 0.637736 1.68848 0.00290528 0.000814057 0.000171043
threshold=4839.4500000000007 2.5000000000000004 0.76604954518927804 1.5000000000000002 33780.100000000013 34427.200000000004 25760.470000000005 7574.4100000000008 22.500000000000004 25683.655000000002 28400.270000000004 14491.760000000002 7700.6000000000013 95.500000000000014 1.5000000000000002 90.500000000000014 34999.55000000001 30449.090000000007 0.90977698406191088 3871.7550000000006
decision_type=2 2 2 2 2 2 2 2 2 2 2 2 2 2 2 2 2 2 2 2
left_child=13 2 10 7 12 11 -7 8 -3 -9 14 -5 -4 15 -2 16 -1 19 -19 -17
right_child=1 3 4 5 -6 6 -8 9 -10 -11 -12 -13 -14 -15 -16 17 -18 18 -20 -21
leaf_value=-0.034908625878805152 -0.051938327267879114 -0.068654116928615824 0.086307805992552722 0.083166232921980998 -0.039039800320618191 -0.028674932557122279 0.054232474382662967 0.0032916496044498957 -0.0016721118219162152 0.083947911777155021 -0.0017919822862847345 0.026946113638672914 0.045582322981264571 -0.042609054788900029 -0.06865127852519852 -0.069054226810515526 -0.068545533268908748 -0.068595799788355782 -0.068012477800704782 -0.069435254050246781
leaf_weight=5.762805342674258 11.509238839149473 11.163196682929993 16.338550120592124 51.443446725606918 6.3768331706523886 10.735061854124067 23.667900323867798 7.9164870083332044 11.398803323507309 6.2444844245910645 6.4289525151252738 7.9576838314533225 5.8861690759658805 7.4802518784999839 33.778372704982758 5.7431579232215864 10.580750614404677 11.444687306880953 12.528549015522001 6.0458899736404419
leaf_count=20 40 39 55 173 22 37 80 27 39 21 22 27 20 26 118 20 37 40 44 21
internal_value=0.000132804 0.0177126 -0.0186598 0.0400939 0.0499798 0.0582973 0.0283621 -0.00640443 -0.0348134 0.0388582 -0.0566205 0.0756347 0.0755217 -0.0620733 -0.0644039 -0.0648675 -0.056685 -0.068607 -0.068291 -0.0692496
internal_weight=270.431 210.845 80.3181 130.527 28.6016 93.8041 34.403 36.723 22.562 14.161 51.7166 59.4011 22.2247 59.5861 45.2876 52.1058 16.3436 35.7623 23.9732 11.789
internal_count=928 720 277 443 97 317 117 126 78 48 180 200 75 208 158 182 57 125 84 41
is_linear=0
shrinkage=0.05


Tree=8
num_leaves=24
num_cat=0
split_feature=3 7 1 2 3 5 2 7 4 2 3 5 6 0 6 0 8 7 3 4 7 2 2
split_gain=208.689 18.5731 16.1296 14.4271 18.8351 14.0858 13.0982 14.3291 26.0991 13.9027 11.2304 6.93002 6.40521 4.94304 2.66668 2.64264 8.98961 4.85246 1.10353 0.000487404 0.000320704 0.000197104 4.51092e-05
threshold=0.81972328564867081 4.5000000000000009 32425.355000000007 4839.4500000000007 0.82755857742683736 22.500000000000004 8179.6800000000012 4.5000000000000009 42412.500000000007 7783.9250000000011 0.90111981517108009 22.500000000000004 90.500000000000014 32986.55000000001 91.500000000000014 34518.900000000001 2.5000000000000004 1.5000000000000002 0.79105988217110801 38452.500000000007 1.5000000000000002 14491.760000000002 9639.3900000000012
decision_type=2 2 2 2 2 2 2 2 2 2 2 2 2 2 2 2 2 2 2 2 2 2 2
left_child=6 3 -3 10 11 -6 7 8 9 -1 13 -5 -12 -2 -4 20 22 -18 -10 -9 -8 -22 -17
right_child=1 2 14 4 5 -7 15 19 18 -11 12 -13 -14 -15 -16 16 17 -19 -20 -21 21 -23 -24
leaf_value=0.11786369098222654 0.078622322939724418 -0.057456441509551565 0.02063129082762093 0.12600293663984291 0.05276248653208835 -0.031194418416343985 -0.057576366702219862 -0.057976477630105695 -0.057292882403010253 0.010649718026506137 0.015195087490780171 0.055560245456680424 0.08006896762246328 0.12539344258092322 0.068984214587067397 -0.05747864026334755 -0.049441670292306394 0.0038275126794840076 -0.026032709348096539 -0.05734491841408268 -0.057077502153542882 -0.057310360201828253 -0.057311906695544382
leaf_weight=5.615721523761751 8.5881134271621722 5.7383124232292202 5.5867235958576185 6.63957831263542 10.654848247766495 9.4062056094408035 4.7981903702020636 5.8162824213504773 6.9010826796293241 6.5508755743503571 6.0309668183326748 7.3635388016700745 10.3077977001667 16.507222652435303 5.8240125179290771 4.7841636389493969 6.4152050614357021 12.815420240163801 4.7777564525604248 6.4346448481082916 30.982000678777695 12.859730333089827 26.673165485262871
leaf_count=22 33 24 22 25 42 39 20 24 29 27 24 29 40 62 23 20 27 52 20 27 131 54 112
internal_value=7.08098e-05 0.0578959 0.0109232 0.0685654 0.0444597 0.0133969 -0.0394888 -0.0136941 0.00888614 0.0601363 0.0883835 0.0889606 0.0561227 0.109387 0.0453105 -0.0488628 -0.0408737 -0.0139427 -0.0445045 -0.0576448 -0.0571883 -0.0571458 -0.0573373
internal_weight=228.072 92.6473 17.149 75.4983 34.0642 20.0611 135.424 36.0964 23.8454 12.1666 41.4341 14.0031 16.3388 25.0953 11.4107 99.3279 50.688 19.2306 11.6788 12.2509 48.6399 43.8417 31.4573
internal_count=928 363 69 294 135 81 565 149 98 49 159 54 64 95 45 416 211 79 49 51 205 185 132
is_linear=0
shrinkage=0.05


Tree=9
num_leaves=12
num_cat=0
split_feature=3 6 7 4 1 3 3 2 4 4 3
split_gain=41.9186 54.6115 12.0358 32.6045 6.31804 4.17629 1.27489e-07 1.27826e-07 3.31425e-08 2.80509e-08 2.72199e-08
threshold=0.91821355705154029 90.500000000000014 1.0000000180025095e-35 35555.000000000007 36281.755000000005 0.92622742447754225 0.85521846433763937 9006.3350000000009 42782.500000000007 39052.500000000007 0.76538083490892683
decision_type=2 2 2 2 2 2 2 2 2 2 2
left_child=2 -2 3 -1 6 -3 7 -4 -8 -5 -11
right_child=1 5 4 9 -6 -7 8 -9 -10 10 -12
leaf_value=0.30220860249033721 0.55178537238507119 0.13141011152333468 -0.042535797088836175 -0.042549320042316097 0.12100909594290794 -0.042878495277728371 -0.042556907497895473 -0.042545185578963939 -0.042546531480775002 -0.042543058988966792 -0.042529754272988336
leaf_weight=1.0131578929722374 0.75593692064285223 0.57150864973664262 6.4829939287155929 0.58496203646063838 0.61073192209005256 0.86231566220521927 1.6954333074390882 8.2253589797764999 1.4093226194381712 0.77459188364446141 0.76320283301174641
leaf_count=24 17 12 270 24 21 30 69 339 58 32 32
internal_value=-0.000538693 0.207896 -0.0217088 0.0688421 -0.0371214 0.0265913 -0.042543 -0.042541 -0.0425522 -0.04254 -0.0425365
internal_weight=23.7495 2.18976 21.5598 3.13591 18.4238 1.43382 17.8131 14.7084 3.10476 2.12276 1.53779
internal_count=928 59 869 112 757 42 736 609 127 88 64
is_linear=0
shrinkage=0.05


Tree=10
num_leaves=7
num_cat=0
split_feature=2 0 0 3 2 4
split_gain=51.8343 3.99305 3.16105e-08 7.89487e-09 1.12696e-08 4.13525e-09
threshold=2453.4250000000006 42034.650000000009 41040.700000000004 0.85521846433763937 9006.3350000000009 42782.500000000007
decision_type=2 2 2 2 2 2
left_child=-1 2 3 4 -2 -5
right_child=1 -3 -4 5 -6 -7
leaf_value=0.32793640929868456 -0.042053719370975101 0.1626762535468963 -0.042074796783259816 -0.042061634366116353 -0.042057588948021335 -0.04205707786311428
leaf_weight=1.0773229748010642 3.6647393731400317 0.24411098286509592 0.24062943831086236 0.94853309541940678 3.8669812195003033 1.0482071321457622
leaf_count=24 335 18 21 85 350 95
internal_value=-0.00160977 -0.0370657 -0.0420569 -0.0420564 -0.0420557 -0.0420592
internal_weight=11.0905 10.0132 9.76909 9.52846 7.53172 1.99674
internal_count=928 904 886 865 685 180
is_linear=0
shrinkage=0.05


Tree=11
num_leaves=11
num_cat=0
split_feature=3 7 6 1 3 2 7 8 3 7
split_gain=100.548 38.1608 13.9472 1.73444 1.37342e-07 1.3532e-07 7.25152e-08 5.23149e-08 3.64916e-08 3.25803e-08
threshold=0.90797065045503933 4.5000000000000009 92.500000000000014 36109.345000000008 0.85521846433763937 9006.3350000000009 1.5000000000000002 2.5000000000000004 0.90042558909445469 3.5000000000000004
decision_type=2 2 2 2 2 2 2 2 2 2
left_child=3 2 -2 4 5 6 -1 -7 9 -6
right_child=1 -3 -4 -5 8 7 -8 -9 -10 -11
leaf_value=-0.042587316710674422 0.2264159706073525 0.45120376778535864 -0.043541145360023487 0.046539751028019577 -0.042590686570683683 -0.042593692403366384 -0.042577763319075979 -0.042586123596116091 -0.042608579570065114 -0.0426025005265568
leaf_weight=3.0699577108025675 1.110706223174929 1.4146435055881736 0.84051327221095551 0.56036422215402026 1.8589156474918125 4.4964023940265161 5.6274282652884722 4.6378788929432631 0.54458484053611744 0.85063109733164299
leaf_count=121 25 32 20 20 73 176 224 183 21 33
internal_value=-0.000748892 0.253479 0.110128 -0.04028 -0.0425873 -0.0425856 -0.0425811 -0.0425898 -0.0425968 -0.0425944
internal_weight=25.012 3.36586 1.95122 21.6462 21.0858 17.8317 8.69739 9.13428 3.25413 2.70955
internal_count=928 77 45 851 831 704 345 359 127 106
is_linear=0
shrinkage=0.05


Tree=12
num_leaves=20
num_cat=0
split_feature=2 4 1 8 4 3 8 3 1 0 4 2 2 1 3 7 0 1 7
split_gain=225.914 111.214 11.3813 9.05667 31.7608 7.52707 5.86021 4.03114 3.72099 1.37137 0.870262 0.339199 0.545413 0.177089 0.000864127 0.00072336 0.000509637 0.000266951 5.47251e-05
threshold=9461.0250000000015 38272.500000000007 18512.470000000005 2.5000000000000004 42910.000000000007 0.72481032498055364 2.5000000000000004 0.78593152152090295 26763.460000000003 35992.000000000007 41310.000000000007 8583.1650000000027 9069.8700000000008 31576.315000000006 0.82755857742683736 1.5000000000000002 33843.700000000004 27246.760000000006 3.5000000000000004
decision_type=2 2 2 2 2 2 2 2 2 2 2 2 2 2 2 2 2 2 2
left_child=3 2 -2 4 8 6 10 -6 -1 -8 -3 14 -13 -9 17 -16 18 -5 -4
right_child=1 5 16 11 7 -7 9 13 -10 -11 -12 12 -14 -15 15 -17 -18 -19 -20
leaf_value=0.026662841925326509 0.0201753153707671 0.11307867598206361 -0.052897578994346578 -0.052485322724440724 -0.00077936874380556283 0.055695534271867068 0.098150070463263128 -0.04191523605795703 0.090942683511302774 0.060704563894255076 0.12926474068541055 -0.028953886661950409 -0.052792511586054226 -0.052846689615506981 -0.053342313293223566 -0.052829427149135889 -0.053419365586737613 -0.05275259808765255 -0.052656900625460704
leaf_weight=4.3013178855180723 8.6317637860775012 12.596448987722395 4.0095933675765973 16.29253563284874 4.5286385715007773 6.1260914802551261 5.1179713606834394 4.3098563551902798 4.7240086942911148 4.6817924529314041 24.371936857700348 4.1000923216342908 5.7845712900161743 26.394785568118095 10.04678498208523 21.773656785488129 4.1136092692613593 21.899977520108223 5.7473065257072449
leaf_count=20 39 48 20 83 20 25 21 21 20 20 93 20 29 132 49 109 20 110 29
internal_value=-6.63356e-05 0.0682024 -0.0249011 -0.041524 -0.0233798 0.10781 0.114637 -0.0448171 0.060308 0.0802607 0.12375 -0.0515748 -0.0429044 -0.0513123 -0.0527989 -0.0529914 -0.0529526 -0.0526386 -0.0527558
internal_weight=199.553 75.3965 22.5023 124.156 44.2586 52.8942 46.7681 35.2333 9.02533 9.79976 36.9684 79.8976 9.88466 30.7046 70.013 31.8204 13.8705 38.1925 9.7569
internal_count=928 315 108 613 213 207 182 173 40 41 141 400 49 153 351 158 69 193 49
is_linear=0
shrinkage=0.05


Tree=13
num_leaves=20
num_cat=0
split_feature=2 8 3 7 1 0 1 2 5 1 1 2 0 6 7 6 0 1 3
split_gain=105.597 59.3817 74.8735 38.3519 23.2531 16.684 17.7711 16.4355 9.17972 8.17249 8.00795 7.6631 2.55876 1.24141 0.926827 0.605613 1.54694 0.00395737 0.000974349
threshold=4839.4500000000007 2.5000000000000004 0.76604954518927804 1.5000000000000002 33780.100000000013 34427.200000000004 25760.470000000005 7574.4100000000008 22.500000000000004 28400.270000000004 25395.695000000003 14491.760000000002 36694.700000000004 95.500000000000014 1.5000000000000002 90.500000000000014 34999.55000000001 29748.045000000002 0.90977698406191088
decision_type=2 2 2 2 2 2 2 2 2 2 2 2 2 2 2 2 2 2 2
left_child=13 2 9 7 12 11 -7 8 -3 14 -9 -5 -4 15 -2 16 -1 -17 -19
right_child=1 3 4 5 -6 6 -8 10 -10 -11 -12 -13 -14 -15 -16 17 -18 18 -20
leaf_value=-0.033234728730561283 -0.049309281091821422 -0.065845121188628661 0.049024431569620788 0.077220418917643155 -0.037586502316013105 -0.027191430415654999 0.050510713594460722 -0.0020337000074219088 -0.001606710178064086 -0.0012791272876659767 0.072997420258882298 0.024661470048646821 0.084009831729297435 -0.040222380057363706 -0.065911607053508389 -0.066739862794000002 -0.065709079914037169 -0.065860589895052155 -0.065236140678857038
leaf_weight=5.6973073780536643 11.289293497800825 10.867484867572784 8.3198627531528526 51.839817970991135 6.323383927345275 10.64427277445793 23.837885409593582 7.0459147989749891 11.390180885791779 6.414674997329711 7.1799035370349884 8.0061257183551771 14.055849701166151 7.3592955172061911 32.916372627019882 9.8448752760887128 10.29150268435478 12.823288559913637 12.180582672357557
leaf_count=20 40 39 28 173 22 37 80 24 39 22 24 27 47 26 118 35 37 46 44
internal_value=0.000185826 0.0166928 -0.017441 0.0373903 0.0470758 0.0542274 0.0265249 -0.00614213 -0.0329716 -0.0540187 0.0358352 0.0701891 0.0710014 -0.0594158 -0.0616717 -0.0621942 -0.0541375 -0.0658907 -0.0655564
internal_weight=268.328 210.131 79.3194 130.812 28.6991 94.3281 34.4822 36.4835 22.2577 50.6203 14.2258 59.8459 22.3757 58.1969 44.2057 50.8376 15.9888 34.8487 25.0039
internal_count=928 720 277 443 97 317 117 126 78 180 48 200 75 208 158 182 57 125 90
is_linear=0
shrinkage=0.05


Tree=14
num_leaves=22
num_cat=0
split_feature=3 7 1 2 7 4 4 4 4 1 2 0 8 4 6 1 7 7 2 1 2
split_gain=182.404 15.4936 14.5007 12.7258 13.6215 23.5 11.3304 17.7371 15.4679 24.4852 11.2833 2.56924 8.70451 4.73213 2.27335 2.06843 1.12597 0.00107368 0.000596709 0.000521736 0.000265577
threshold=0.81972328564867081 4.5000000000000009 32425.355000000007 8179.6800000000012 4.5000000000000009 42412.500000000007 36337.500000000007 35987.500000000007 39905.000000000007 30226.970000000005 7783.9250000000011 34518.900000000001 2.5000000000000004 42782.500000000007 91.500000000000014 27511.570000000003 2.5000000000000004 1.5000000000000002 14491.760000000002 26367.730000000007 9954.9450000000015
decision_type=2 2 2 2 2 2 2 2 2 2 2 2 2 2 2 2 2 2 2 2 2
left_child=3 6 -3 4 5 10 7 -2 15 -10 -1 17 20 -14 -4 -8 -7 -5 -19 -6 -13
right_child=1 2 14 11 19 16 8 -9 9 -11 -12 12 13 -15 -16 -17 -18 18 -20 -21 -22
leaf_value=0.10717840203640039 0.070671424979989128 -0.056476113505256678 0.018836285735094455 -0.056644335274248496 -0.055980200883371606 -0.023895077479789334 0.072688867475975194 -0.043248722494267769 -0.050816860490095796 0.06670530205803743 0.01156950346142605 -0.056443608099880228 -0.028724119704535159 0.026643339573892151 0.062965041421068388 0.10790398035134592 -0.056045220759869868 -0.055722899500599887 -0.056136007940661994 -0.056653095749484628 -0.05609558557085409
leaf_weight=5.8798781335353869 7.9055340290069562 5.5661228299140957 5.66231422126293 4.663750395178794 5.0168833732604963 4.6208197623491269 5.2123229801654842 6.0176917612552643 5.1243073493242255 32.806829363107681 6.4941952228546143 7.1819860935211208 13.596499413251879 5.3885558098554602 6.0228781700134277 20.849573701620102 6.6319268196821213 29.643941193819046 12.39677758514881 6.7653470784425735 23.154907122254372
leaf_count=22 30 24 22 20 22 20 20 24 20 124 27 31 56 23 23 76 29 131 54 29 101
internal_value=9.93985e-05 0.0528183 0.00994329 -0.0380724 -0.0124515 0.00944807 0.0623112 0.0214345 0.0712049 0.0508286 0.0570007 -0.04752 -0.0395614 -0.0130091 0.0415815 0.100861 -0.0428431 -0.0559246 -0.0558447 -0.0563666 -0.056178
internal_weight=226.603 95.1676 17.2513 131.435 35.4091 23.6268 77.9163 13.9232 63.993 37.9311 12.3741 96.0264 49.3219 18.9851 11.6852 26.0619 11.2527 46.7045 42.0407 11.7822 30.3369
internal_count=928 363 69 565 149 98 294 54 240 144 49 416 211 79 45 96 49 205 185 51 132
is_linear=0
shrinkage=0.05


Tree=15
num_leaves=13
num_cat=0
split_feature=3 0 4 7 4 0 1 3 2 4 2 0
split_gain=32.9102 23.3812 13.0958 12.1268 21.6014 8.28025e-05 1.68003e-05 3.34505e-07 3.87307e-07 8.83343e-08 8.40958e-08 7.96015e-08
threshold=0.90292046884602162 40654.500000000007 44735.000000000007 1.0000000180025095e-35 35555.000000000007 38880.05000000001 35940.860000000008 0.85655051902546608 9006.3350000000009 39052.500000000007 8583.1650000000027 32811.850000000006
decision_type=2 2 2 2 2 2 2 2 2 2 2 2
left_child=3 2 -2 4 -1 -4 7 8 -5 -6 -11 -9
right_child=1 -3 5 6 9 -7 -8 11 -10 10 -12 -13
leaf_value=0.21681232764451652 0.17741574198264257 0.36931205341966034 -0.042738579284502726 -0.042489394311779234 -0.042514007633108641 -0.043534502554191952 -0.042773082645280035 -0.042534667340513109 -0.042506110252799038 -0.042480339280007662 -0.042504859171135542 -0.042513679213874396
leaf_weight=1.3429057933390205 1.3562404029071329 0.84555393829941738 0.76975858770310857 6.1910926122218424 0.56226582638919342 0.56780882179737091 0.59057497046887775 0.6236694417893881 7.8704216741025448 0.8332888316363094 0.60253624245524406 1.639019042253494
leaf_count=24 34 14 29 272 24 13 20 26 339 37 26 70
internal_value=-0.000737401 0.139933 0.0679338 -0.0253173 0.0617317 -0.0430765 -0.0425111 -0.0425016 -0.0424988 -0.0424972 -0.0424906 -0.0425195
internal_weight=23.7951 3.53936 2.69381 20.2558 3.341 1.33757 16.9148 16.3242 14.0615 1.99809 1.43583 2.26269
internal_count=928 90 76 838 111 42 727 707 611 87 63 96
is_linear=0
shrinkage=0.05


Tree=16
num_leaves=7
num_cat=0
split_feature=2 1 0 3 2 7
split_gain=36.2911 4.18321 2.53058e-06 3.16017e-08 3.30961e-08 1.23319e-08
threshold=2453.4250000000006 37434.490000000005 41734.05000000001 0.85655051902546608 9006.3350000000009 5.5000000000000009
decision_type=2 2 2 2 2 2
left_child=-1 2 3 4 -2 -5
right_child=1 -3 -4 5 -6 -7
leaf_value=0.23123666946201726 -0.042033864090825074 0.17241531933996426 -0.042218629654030941 -0.042042811371939721 -0.042040588991231323 -0.042053790447517489
leaf_weight=1.4532272592186934 3.5602958993986196 0.23303443752229291 0.19988411292433816 1.5522341253235934 3.763565213419497 0.30621946603059758
leaf_count=24 343 18 13 146 356 28
internal_value=-0.0016474 -0.036845 -0.0420426 -0.0420388 -0.0420373 -0.0420446
internal_weight=11.0685 9.61523 9.3822 9.18231 7.32386 1.85845
internal_count=928 904 886 873 699 174
is_linear=0
shrinkage=0.05


Tree=17
num_leaves=11
num_cat=0
split_feature=3 7 6 1 3 2 7 7 8 8
split_gain=73.9127 24.4864 13.0784 4.6824e-06 2.84566e-07 4.00365e-07 2.15725e-07 1.46156e-07 1.31893e-07 1.0817e-07
threshold=0.90222567120622355 4.5000000000000009 91.500000000000014 35776.750000000007 0.85655051902546608 9006.3350000000009 1.5000000000000002 3.5000000000000004 2.5000000000000004 2.5000000000000004
decision_type=2 2 2 2 2 2 2 2 2 2
left_child=3 2 -2 4 5 6 -1 9 -7 -6
right_child=1 -3 -4 -5 7 8 -8 -9 -10 -11
leaf_value=-0.042544230772842889 0.18145395331734415 0.3000000116452044 -0.043604941894247642 -0.042687155338845588 -0.042535738822375692 -0.042554827795839877 -0.042527390214541674 -0.042577435592285114 -0.042542541800717863 -0.042560673194135902
leaf_weight=2.9292210973799353 1.3314741197973483 2.1753137987107038 1.2529563661664722 0.58385064080357452 0.69617131911218111 4.3150539696216565 5.4207829795777798 0.75304157659411419 4.4241045136004686 1.1592535916715858
leaf_count=121 30 33 30 21 29 176 228 30 183 47
internal_value=-0.000933189 0.176388 0.0723433 -0.0425476 -0.0425435 -0.0425411 -0.0425333 -0.0425589 -0.0425486 -0.0425513
internal_weight=25.0412 4.75974 2.58443 20.2815 19.6976 17.0892 8.35 2.60847 8.73916 1.85542
internal_count=928 93 60 835 814 708 349 106 359 76
is_linear=0
shrinkage=0.05


Tree=18
num_leaves=20
num_cat=0
split_feature=2 4 1 8 1 1 3 8 0 7 2 2 0 1 1 0 4 7 2
split_gain=198.642 91.2049 10.7754 8.77376 29.3667 7.59085 6.08892 4.2314 1.1 0.720293 0.346006 0.554816 0.195318 0.00148543 0.00127759 0.00111178 0.000397665 0.000209684 0.000115017
threshold=9461.0250000000015 38272.500000000007 18512.470000000005 2.5000000000000004 29680.410000000007 26490.330000000002 0.72481032498055364 2.5000000000000004 35992.000000000007 1.5000000000000002 8583.1650000000027 9069.8700000000008 36958.250000000007 33780.100000000013 27319.765000000003 33843.700000000004 44860.000000000007 1.5000000000000002 12142.230000000001
decision_type=2 2 2 2 2 2 2 2 2 2 2 2 2 2 2 2 2 2 2
left_child=3 2 -2 4 5 -1 7 9 -9 -3 14 -12 -6 -14 17 18 -16 -5 -4
right_child=1 6 15 10 12 -7 -8 8 -10 -11 11 -13 13 -15 16 -17 -18 -19 -20
leaf_value=-0.018003264936231521 0.019288984005824 0.097705789860311337 -0.0517899935633385 -0.051962062310227819 -0.04016490818986463 0.062845162980538535 0.050114662068054587 0.089037122578790012 0.056133397582673876 0.11348850099516852 -0.02753363894610654 -0.052023593166687726 -0.051525063686754129 -0.052352803093577205 -0.052081897626455924 -0.052933024556933966 -0.052565069059074154 -0.051562749498226361 -0.052146838104719498
leaf_weight=4.1848024427890769 8.7053798437118548 9.5707289278507215 5.472673833370207 4.1910516470670727 3.9539907574653652 9.4805234521627408 6.3448938280344001 5.3622125685214979 4.8261549025774002 29.547397613525391 3.9706814289093 5.5384786278009415 7.7709456682205227 17.916236996650696 42.750530764460564 4.0091434121131888 4.7296069562435141 15.250935509800909 3.8443300127983093
leaf_count=20 39 35 29 22 20 39 25 21 20 106 20 29 42 92 223 20 24 82 20
internal_value=-0.000136467 0.0621311 -0.0239746 -0.0405341 -0.0225534 0.0380865 0.096219 0.102152 0.0734509 0.109627 -0.0507221 -0.0417975 -0.05051 -0.0521024 -0.0519902 -0.0522368 -0.05213 -0.0516488 -0.0519372
internal_weight=197.421 77.6829 22.0315 119.738 43.3065 13.6653 55.6514 49.3065 10.1884 39.1181 76.4313 9.50916 29.6412 25.6872 66.9221 13.3261 47.4801 19.442 9.317
internal_count=928 315 108 613 213 59 207 182 41 141 400 49 154 134 351 69 247 104 49
is_linear=0
shrinkage=0.05


Tree=19
num_leaves=21
num_cat=0
split_feature=2 8 3 7 1 0 7 2 5 1 1 1 2 6 7 6 0 3 7 8
split_gain=94.8903 51.3765 67.4972 32.7372 20.8883 14.6729 16.0902 14.5486 8.54983 7.60974 7.13628 6.83701 2.31306 1.19614 0.932264 0.610202 1.48196 0.00316743 0.00198502 0.000673394
threshold=4839.4500000000007 2.5000000000000004 0.76604954518927804 1.5000000000000002 33780.100000000013 34427.200000000004 5.5000000000000009 7574.4100000000008 22.500000000000004 28400.270000000004 25683.655000000002 18512.470000000005 7700.6000000000013 95.500000000000014 1.5000000000000002 90.500000000000014 34999.55000000001 0.90977698406191088 3.5000000000000004 2.5000000000000004
decision_type=2 2 2 2 2 2 2 2 2 2 2 2 2 2 2 2 2 2 2 2
left_child=13 2 9 7 12 11 -7 8 -3 14 -9 -5 -4 15 -2 16 -1 18 -17 -19
right_child=1 3 4 5 -6 6 -8 10 -10 -11 -12 -13 -14 -15 -16 17 -18 19 -20 -21
leaf_value=-0.031175314679879225 -0.046733789010978827 -0.063468557566192213 0.076922691824627742 0.029942503160089912 -0.036016873061951893 0.0061612182832446643 0.088021242973642957 0.0023281827431334183 -0.00093793390707121475 -0.00083381912830741848 0.073649352337249036 0.073508401060914552 0.040526774717299804 -0.038140955633269934 -0.06359468791955597 -0.063731729410477375 -0.063287616666194854 -0.063401643168944324 -0.06479463646915902 -0.062646225856622245
leaf_weight=5.6167545020580283 11.02632763981819 10.542756885290146 16.484120637178428 11.042507261037825 6.2598989307880393 26.751875758171082 7.7395308911800376 7.9195138514041883 11.353386253118515 6.4006435573101035 6.2953330874443054 48.821439117193222 5.9378529191017142 7.2373143732547751 31.962966769933701 16.020643502473835 9.9705488383769971 5.6741850376129133 6.0518208742141715 6.1449185609817505
leaf_count=20 40 39 55 37 22 91 26 27 39 22 21 163 20 26 118 59 37 21 22 23
internal_value=0.000217352 0.0158132 -0.0162688 0.0350113 0.0447385 0.0505058 0.0245298 -0.00547471 -0.0310458 -0.051697 0.0339142 0.0654722 0.0672842 -0.0571268 -0.05927 -0.0599038 -0.0517162 -0.0636694 -0.0640232 -0.0630089
internal_weight=265.254 208.538 78.0718 130.466 28.6819 94.3554 34.4914 36.111 21.8961 49.3899 14.2148 59.8639 22.422 56.7162 42.9893 49.4789 15.5873 33.8916 22.0725 11.8191
internal_count=928 720 277 443 97 317 117 126 78 180 48 200 75 208 158 182 57 125 81 44
is_linear=0
shrinkage=0.05


Tree=20
num_leaves=20
num_cat=0
split_feature=3 7 1 2 4 7 4 4 4 1 0 8 7 6 1 1 7 2 3
split_gain=160.029 13.0345 12.9964 12.3164 25.3878 15.1399 9.34521 15.5582 12.585 21.4851 2.52886 8.45708 4.50764 2.0067 1.67285 0.672356 0.00178689 0.00119988 0.000829657
threshold=0.81972328564867081 4.5000000000000009 32425.355000000007 8179.6800000000012 37329.500000000007 2.5000000000000004 36337.500000000007 35987.500000000007 39905.000000000007 30226.970000000005 34518.900000000001 2.5000000000000004 1.5000000000000002 91.500000000000014 27511.570000000003 29180.800000000007 1.5000000000000002 14491.760000000002 0.72481032498055364
decision_type=2 2 2 2 2 2 2 2 2 2 2 2 2 2 2 2 2 2 2
left_child=3 6 -3 4 -1 -6 7 -2 14 -10 16 18 -13 -4 -8 -7 -5 -18 -12
right_child=1 2 13 10 5 15 8 -9 9 -11 11 12 -14 -15 -16 -17 17 -19 -20
leaf_value=0.095171479346147655 0.064686676365835097 -0.055456645033059443 0.01692256821510538 -0.05573362251684242 0.028289982393369301 -0.055375289213838934 0.066116760590987894 -0.042047020025577773 -0.049782046689145869 0.061003467898514366 -0.054923084859247275 -0.04742758193574597 0.0049320523285503529 0.057971261422737334 0.097244508071150371 -0.033644793332476358 -0.054507613595201655 -0.055105182240293073 -0.055501002024994077
leaf_weight=4.8192531615495673 8.1443415433168393 5.3712243139743832 5.7409952431917173 4.5190537124872199 8.425989121198656 16.94171811640263 5.3886563181877163 5.8787235617637625 5.0296312570571891 33.693413764238358 20.212501347064975 6.0858749896287945 12.664072334766386 6.1847339570522308 21.687025874853134 4.5064259320497504 28.293599605560303 11.947722673416136 8.9645648002624494
leaf_count=19 30 24 22 20 34 76 20 24 20 124 92 27 52 23 76 20 131 54 40
internal_value=0.000127672 0.0484739 0.0091241 -0.0367328 -0.0113204 -0.0284995 0.0570007 0.019942 0.0648987 0.0466138 -0.0462449 -0.0382635 -0.0120629 0.0382106 0.0910494 -0.0508095 -0.0547909 -0.054685 -0.0551006
internal_weight=224.5 97.1187 17.297 127.381 34.6934 29.8741 79.8218 14.0231 65.7987 38.723 92.6874 47.927 18.7499 11.9257 27.0757 21.4481 44.7604 40.2413 29.1771
internal_count=928 363 69 565 149 130 294 54 240 144 416 211 79 45 96 96 205 185 132
is_linear=0
shrinkage=0.05


Tree=21
num_leaves=12
num_cat=0
split_feature=3 1 7 1 6 3 4 1 3 2 7
split_gain=26.7976 13.222 11.2294 18.4575 10.5796 5.2146 0.000545351 2.00917e-05 5.96056e-07 6.98296e-07 1.00329e-07
threshold=0.90292046884602162 32715.525000000005 1.0000000180025095e-35 29125.340000000004 91.500000000000014 0.8246692060773978 35555.000000000007 36109.345000000008 0.85521846433763937 9006.3350000000009 3.5000000000000004
decision_type=2 2 2 2 2 2 2 2 2 2 2
left_child=2 -2 3 5 -3 6 -1 8 9 -4 -10
right_child=1 4 7 -5 -6 -7 -8 -9 10 -11 -12
leaf_value=-0.044271158839052201 -0.043285825662363074 0.23852809089163773 -0.042445295530239041 0.32367879019142443 0.045660104843346525 0.094481005738319634 -0.042445151532081782 -0.042789538536661322 -0.042478524103831614 -0.042468405900174429 -0.042500587391546364
leaf_weight=0.59791003167629941 0.98004324920475383 1.9370675198733809 5.779492447152732 0.54468876123428334 1.1233953591436145 1.0850627850741146 1.2934503834694622 0.48406687565147954 1.5964054539799701 7.5237283166497946 0.76082094945013512
leaf_count=9 29 29 268 16 32 26 60 16 71 339 33
internal_value=-0.000730855 0.116549 -0.0248272 0.0560764 0.167733 0.00710482 -0.0430224 -0.0424723 -0.0424625 -0.0424584 -0.0424856
internal_weight=23.7061 4.04051 19.6656 3.52111 3.06046 2.97642 1.89136 16.1445 15.6604 13.3032 2.35723
internal_count=928 90 838 111 61 95 69 727 711 607 104
is_linear=0
shrinkage=0.05


Tree=22
num_leaves=7
num_cat=0
split_feature=2 1 0 3 2 1
split_gain=27.6732 4.38998 2.32411e-06 1.01681e-07 6.52127e-08 3.50983e-08
threshold=2453.4250000000006 37691.070000000007 41734.05000000001 0.85521846433763937 9006.3350000000009 36429.710000000006
decision_type=2 2 2 2 2 2
left_child=-1 2 3 4 -2 -5
right_child=1 -3 -4 5 -6 -7
leaf_value=0.17783166035871106 -0.042014248733934535 0.1831134497279561 -0.042197728610411267 -0.04203001449323869 -0.042023958907331099 -0.042051947231382024
leaf_weight=1.7978550419211394 3.3306827684864349 0.22185949794948179 0.19245893415063697 1.6743237208575008 3.595837851986289 0.20470840483903874
leaf_count=24 339 14 13 163 356 19
internal_value=-0.00161631 -0.0366083 -0.0420258 -0.0420221 -0.0420193 -0.0420324
internal_weight=11.0177 9.21987 8.99801 8.80555 6.92652 1.87903
internal_count=928 904 890 877 695 182
is_linear=0
shrinkage=0.05


Tree=23
num_leaves=11
num_cat=0
split_feature=3 7 6 1 3 2 3 7 7 1
split_gain=59.323 13.2683 10.037 5.6894e-06 5.99483e-07 7.77364e-07 2.86027e-07 2.50248e-07 1.8833e-07 8.45139e-08
threshold=0.90222567120622355 4.5000000000000009 91.500000000000014 35940.860000000008 0.85521846433763937 9006.3350000000009 0.7273710931986358 1.5000000000000002 3.5000000000000004 28734.100000000009
decision_type=2 2 2 2 2 2 2 2 2 2
left_child=3 2 -2 4 5 7 -7 -1 9 -6
right_child=1 -3 -4 -5 8 6 -8 -9 -10 -11
leaf_value=-0.042498505976085059 0.14827778294288071 0.21809841517126141 -0.043537157057141146 -0.042669096076000806 -0.042530209564876846 -0.042504625642304804 -0.042531085654612187 -0.042479817070611638 -0.04254464608818443 -0.04250771971797284
leaf_weight=2.7792458664626016 1.5580234248191112 2.8402881845831871 1.2129306793212888 0.51978134550154109 0.62040603160858099 7.1578046921640617 1.1913166977465151 5.0383541658520699 0.75089669041335572 1.278698321431875
leaf_count=121 30 33 30 19 26 309 50 224 31 55
internal_value=-0.000971658 0.142157 0.0643146 -0.0425059 -0.0425014 -0.0424978 -0.0425084 -0.0424865 -0.0425234 -0.0425151
internal_weight=24.9477 5.61124 2.77095 19.3365 18.8167 16.1667 8.34912 7.8176 2.65 1.8991
internal_count=928 93 60 835 816 704 359 345 112 81
is_linear=0
shrinkage=0.05


Tree=24
num_leaves=20
num_cat=0
split_feature=2 4 1 8 1 1 3 8 0 0 4 2 2 1 1 0 4 0 7
split_gain=176.239 75.8482 10.1464 8.4999 27.0491 7.47598 5.18087 3.15493 0.920892 0.711994 0.688776 0.352649 0.55451 0.00192023 0.0011136 0.00105368 0.00102241 0.000318208 0.000183058
threshold=9461.0250000000015 38272.500000000007 18512.470000000005 2.5000000000000004 29303.325000000008 26490.330000000002 0.72481032498055364 2.5000000000000004 35992.000000000007 36865.700000000004 41310.000000000007 8583.1650000000027 9069.8700000000008 27246.760000000006 33780.100000000013 33843.700000000004 44860.000000000007 33049.350000000006 3.5000000000000004
decision_type=2 2 2 2 2 2 2 2 2 2 2 2 2 2 2 2 2 2 2
left_child=3 2 -2 4 5 -1 7 10 -9 -6 -3 13 -13 17 -11 18 -15 -5 -4
right_child=1 6 15 11 9 -7 -8 8 -10 14 -12 12 -14 16 -16 -17 -18 -19 -20
leaf_value=-0.017192722286137309 0.01840688572344509 0.089704661820115744 -0.051444318292979158 -0.05100598048984531 -0.029137554818738327 0.064366240824333704 0.045187862023968239 0.082006112061813824 0.052345425024156213 -0.051013430631105874 0.10344505968413026 -0.026382835917751937 -0.051294202718687967 -0.051358214177266381 -0.051728651056665076 -0.052165490263341378 -0.052141892797578783 -0.050573451878291091 -0.050983331793729672
leaf_weight=4.1217593550682059 8.7812144160270709 13.818851113319395 3.6772438883781415 9.8664442151784915 4.1430741399526623 8.8268332630395872 6.5365357995033255 5.5543906688690168 4.9481775313615799 7.947304546833041 26.82552695274353 3.8658319860696775 5.2915475815534592 41.986448541283607 17.267119541764259 3.842562958598136 4.6198141425847998 7.473024144768714 5.1972305923700333
leaf_count=20 39 48 20 55 21 35 25 21 20 45 93 20 29 229 92 20 24 43 29
internal_value=-0.000217839 0.0572292 -0.0229302 -0.039632 -0.0217949 0.0384046 0.087104 0.0924609 0.0680318 -0.0483469 0.0987734 -0.0499546 -0.0407777 -0.0512688 -0.0515032 -0.0514738 -0.0514359 -0.0508196 -0.0511743
internal_weight=194.591 79.1817 21.4983 115.409 42.3061 12.9486 57.6835 51.1469 10.5026 29.3575 40.6444 73.1031 9.15738 63.9457 25.2144 12.717 46.6063 17.3395 8.87447
internal_count=928 315 108 613 213 55 207 182 41 158 141 400 49 351 137 69 253 98 49
is_linear=0
shrinkage=0.05


Tree=25
num_leaves=21
num_cat=0
split_feature=2 8 3 7 1 0 1 2 5 1 1 2 0 6 7 6 0 3 7 8
split_gain=85.6999 44.3905 61.2831 28.4435 18.925 12.9628 14.8398 12.8389 7.97079 7.13105 6.47606 6.33822 2.24278 1.16394 0.910136 0.603085 1.39159 0.00306262 0.00245619 0.00076039
threshold=4839.4500000000007 2.5000000000000004 0.76604954518927804 1.5000000000000002 33780.100000000013 34427.200000000004 25760.470000000005 7574.4100000000008 22.500000000000004 28400.270000000004 25683.655000000002 14491.760000000002 36694.700000000004 95.500000000000014 1.5000000000000002 90.500000000000014 34999.55000000001 0.90977698406191088 3.5000000000000004 2.5000000000000004
decision_type=2 2 2 2 2 2 2 2 2 2 2 2 2 2 2 2 2 2 2 2
left_child=13 2 9 7 12 11 -7 8 -3 14 -9 -5 -4 15 -2 16 -1 18 -17 -19
right_child=1 3 4 5 -6 6 -8 10 -10 -11 -12 -13 -14 -15 -16 17 -18 19 -20 -21
leaf_value=-0.029735354562605315 -0.044635486977942458 -0.061483181328661575 0.043732485430746711 0.067903630467413059 -0.034499031397533408 -0.026479879090416242 0.044706842928185123 0.0017740684742976005 -0.00056249965010146316 -0.00040357012365731997 0.069812104200961247 0.020241352117206082 0.076471837898281575 -0.036255451436995233 -0.061509935833670287 -0.061757616238197949 -0.061183522499868984 -0.061497380596298792 -0.062956217528010006 -0.060681177805448988
leaf_weight=5.5465685129165641 10.77867218852043 10.207115679979324 8.3379747569561058 51.43471172451973 6.191627472639083 10.553632467985151 23.900690793991089 7.917149215936659 11.328166484832764 6.3856534957885733 6.2649784088134766 8.0695559680461866 14.03829452395439 7.1122876703739157 30.893799215555191 15.532245159149172 9.6169180721044523 5.5005993843078596 5.8968924582004538 5.9295669198036194
leaf_count=20 40 39 28 173 22 37 80 27 39 22 21 27 47 26 118 59 37 21 22 23
internal_value=0.00024228 0.0150415 -0.0151306 0.0328703 0.0428652 0.0473082 0.0229018 -0.00511015 -0.0294372 -0.0496058 0.03183 0.06144 0.0642723 -0.0551328 -0.0571453 -0.0579286 -0.0496803 -0.0617349 -0.0620874 -0.061074
internal_weight=261.437 206.302 76.626 129.676 28.5679 93.9586 34.4543 35.7174 21.5353 48.0581 14.1821 59.5043 22.3763 55.1351 41.6725 48.0228 15.1635 32.8593 21.4291 11.4302
internal_count=928 720 277 443 97 317 117 126 78 180 48 200 75 208 158 182 57 125 81 44
is_linear=0
shrinkage=0.05


Tree=26
num_leaves=22
num_cat=0
split_feature=3 2 4 7 7 1 2 3 5 3 6 5 0 0 8 4 6 1 7 3 2
split_gain=140.66 11.8387 22.898 14.1265 10.9948 11.707 7.95678 12.6832 10.7091 7.4996 4.56882 4.1049 3.78691 2.51124 8.31272 4.83553 1.75579 0.670259 0.00277617 0.00154378 0.001373
threshold=0.81972328564867081 8179.6800000000012 37329.500000000007 2.5000000000000004 4.5000000000000009 32425.355000000007 4839.4500000000007 0.82755857742683736 22.500000000000004 0.90111981517108009 90.500000000000014 22.500000000000004 32986.55000000001 34518.900000000001 2.5000000000000004 42782.500000000007 91.500000000000014 29180.800000000007 1.5000000000000002 0.72481032498055364 14491.760000000002
decision_type=2 2 2 2 2 2 2 2 2 2 2 2 2 2 2 2 2 2 2 2 2
left_child=1 2 -1 -4 6 -6 9 11 -9 12 -11 -8 -2 18 19 -16 -7 -5 -3 -15 -20
right_child=4 13 3 17 5 16 7 8 -10 10 -12 -13 -14 14 15 -17 -18 -19 20 -21 -22
leaf_value=0.088944761248513943 0.056833780148947688 -0.054939491822762088 0.027061208004542987 -0.054316682645426488 -0.05451352283603042 0.015489861079980238 0.096293184450498004 0.041833649832930531 -0.030678221936708484 0.0071167460215008265 0.059973855229240473 0.044285615432977522 0.095827013438560274 -0.053871654998008459 -0.02702204820161061 0.029741730057056295 0.053594676884582838 -0.032268376202802422 -0.053416078074661769 -0.054674431375420433 -0.054069545995913251
leaf_weight=4.9599868059158316 9.4454986453056353 4.3805241882801047 8.4725747257471102 16.229833230376247 5.1682493835687664 5.7950652688741666 7.3409200608730298 11.306268483400345 9.2639185935258865 6.3978608697652843 11.324890613555906 7.8527451455593109 18.270672172307968 19.340972930192951 13.206052273511888 5.2406894117593756 6.3201119601726532 4.3763958215713492 26.957396298646927 8.6748020797967893 11.453550055623053
leaf_count=19 33 20 34 76 24 22 25 42 39 24 40 29 62 92 56 23 23 20 131 40 54
internal_value=0.000149282 -0.0354396 -0.0103507 -0.0272876 0.0447022 0.00849077 0.0524096 0.0347677 0.00917745 0.0662951 0.0408926 0.0694134 0.0825384 -0.0450077 -0.036959 -0.0108956 0.035368 -0.049634 -0.0537469 -0.0541202 -0.0536109
internal_weight=221.779 123.293 34.0388 29.0788 98.4862 17.2834 81.2028 35.7639 20.5702 45.4389 17.7228 15.1937 27.7162 89.254 46.4625 18.4467 12.1152 20.6062 42.7915 28.0158 38.4109
internal_count=928 565 149 130 363 69 294 135 81 159 64 54 95 416 211 79 45 96 205 132 185
is_linear=0
shrinkage=0.05


Tree=27
num_leaves=12
num_cat=0
split_feature=3 7 4 1 6 1 1 3 3 2 4
split_gain=22.5284 10.4009 14.3467 9.89048 6.5928 1.99844e-05 7.55666e-06 1.1904e-06 9.30315e-07 7.47514e-07 1.74741e-07
threshold=0.90292046884602162 1.0000000180025095e-35 35555.000000000007 32715.525000000005 91.500000000000014 36109.345000000008 28276.380000000005 0.8208726677920396 0.85521846433763937 9006.3350000000009 40095.000000000007
decision_type=2 2 2 2 2 2 2 2 2 2 2
left_child=1 2 -1 -2 -5 8 7 -4 9 -3 -10
right_child=3 5 6 4 -6 -7 -8 -9 10 -11 -12
leaf_value=0.15445143166547862 -0.043239693247328972 -0.042404680935458315 -0.042399164713609216 0.1870475821280117 0.041913965806739714 -0.042755082383258924 -0.042648630860860147 -0.042496883861404787 -0.042438700008113096 -0.042429215329269465 -0.042466510706157451
leaf_weight=1.757810086011893 0.94567531906068225 5.4789451397955364 0.89250632748007752 2.3561130985617642 1.1715672630816696 0.46978006698191244 0.57954844273626793 0.478874571621418 1.0706121865659963 7.1641689781099558 1.1955636367201803
leaf_count=24 29 268 44 29 32 16 22 21 50 339 54
internal_value=-0.0006404 -0.0243091 0.0508494 0.100354 0.138848 -0.042434 -0.0424973 -0.0424333 -0.0424239 -0.0424186 -0.0424534
internal_weight=23.5612 19.0878 3.70874 4.47336 3.52768 15.3791 1.95093 1.37138 14.9093 12.6431 2.26618
internal_count=928 838 111 90 61 727 87 65 711 607 104
is_linear=0
shrinkage=0.05


Tree=28
num_leaves=6
num_cat=0
split_feature=2 1 0 1 3
split_gain=22.2769 4.99512 3.33879e-06 4.35572e-07 9.76143e-08
threshold=2453.4250000000006 38088.330000000009 41734.05000000001 36808.785000000003 0.85521846433763937
decision_type=2 2 2 2 2
left_child=-1 2 3 4 -2
right_child=1 -3 -4 -5 -6
leaf_value=0.14458012385985494 -0.042001802264744093 0.21376872434779473 -0.042209291115773574 -0.042080524403581711 -0.042015383936851385
leaf_weight=2.1069082766771325 6.5806918879970837 0.1951906234025963 0.20749975275248367 0.19298598170280534 1.6558475429192183
leaf_count=24 695 10 14 17 168
internal_value=-0.00150914 -0.0363585 -0.0420111 -0.0420063 -0.0420045
internal_weight=10.9391 8.83222 8.63703 8.42953 8.23654
internal_count=928 904 894 880 863
is_linear=0
shrinkage=0.05


Tree=29
num_leaves=9
num_cat=0
split_feature=3 3 2 1 1 3 2 7
split_gain=53.8272 28.1491 18.2683 5.61036 6.10234e-06 9.74285e-07 8.47012e-07 2.74991e-07
threshold=0.96140633523142494 0.90222567120622355 3200.8400000000006 32639.480000000003 35940.860000000008 0.85521846433763937 9006.3350000000009 2.5000000000000004
decision_type=2 2 2 2 2 2 2 2
left_child=1 4 3 -3 5 6 -1 -7
right_child=-2 2 -4 -5 -6 7 -8 -9
leaf_value=-0.042443700237657304 0.47819632001448764 0.096580165127778186 0.18154309474703123 -0.044503129308063188 -0.04263708599012301 -0.042475776239188044 -0.042467195041741047 -0.042509291503072373
leaf_weight=7.4129981193691616 0.57269275188445945 1.0621332898735993 2.6228149775415659 2.0937061440199614 0.50360134243965049 1.5217137988656753 7.9500317126512527 1.0238014701753853
leaf_count=345 6 21 30 36 19 68 359 44
internal_value=-0.000907049 -0.0122493 0.0840262 0.00298004 -0.0424654 -0.0424606 -0.0424559 -0.0424893
internal_weight=24.7635 24.1908 5.77865 3.15584 18.4121 17.9085 15.363 2.54552
internal_count=928 922 87 57 835 816 704 112
is_linear=0
shrinkage=0.05


Tree=30
num_leaves=16
num_cat=0
split_feature=2 4 1 8 3 0 1 7 0 4 2 4 0 2 0
split_gain=157.595 79.5415 10.7733 6.85345 7.9678 6.21431 4.60072 1.19696 5.17107 0.839672 0.793344 0.361986 0.00234382 0.000557224 0.000548896
threshold=9006.3350000000009 38272.500000000007 18512.470000000005 2.5000000000000004 0.67412035379561897 31854.300000000003 28400.270000000004 5.5000000000000009 34459.950000000004 41310.000000000007 8583.1650000000027 46250.000000000007 34328.200000000004 12130.780000000001 38206.700000000004
decision_type=2 2 2 2 2 2 2 2 2 2 2 2 2 2 2
left_child=5 2 -2 6 -5 -1 9 10 -9 -3 11 -7 13 -4 -10
right_child=1 3 12 4 -6 7 -8 8 14 -11 -12 -13 -14 -15 -16
leaf_value=0.0086212531742883743 0.017657408065853277 0.081684633024713654 -0.050247214293449805 0.075954108210250088 -0.0057088202054319786 -0.051066294049982502 0.045247258600943557 0.014670866237417283 -0.050724296915353607 0.096395896366692671 -0.025679628691110706 -0.043212292673514847 -0.051918935318133679 -0.050937739937541207 -0.051478367142035235
leaf_weight=5.5836312621831885 8.8431971371173876 14.148707598447798 7.9865425229072589 7.9499611258506757 4.7846287786960602 58.333277121186256 6.0259411036968222 4.1672257781028739 7.0226943343877775 30.844967395067215 3.7948548495769492 19.600001260638237 3.7837451249361029 4.6066860109567642 3.6767466962337494
leaf_count=28 39 48 47 30 21 329 23 20 40 105 20 112 20 26 20
internal_value=-0.000300889 0.0483508 -0.0268141 0.0780848 0.0452718 -0.0426655 0.086275 -0.0456301 -0.0325801 0.0917698 -0.048004 -0.049091 -0.0508277 -0.0504998 -0.0509834
internal_weight=191.153 88.9744 25.2202 63.7542 12.7346 102.178 51.0196 96.5948 14.8667 44.9937 81.7281 77.9333 16.377 12.5932 10.6994
internal_count=928 359 132 227 51 569 176 541 80 153 461 441 93 73 60
is_linear=0
shrinkage=0.05


Tree=31
num_leaves=20
num_cat=0
split_feature=2 8 3 7 3 1 3 5 1 7 0 3 6 7 1 4 6 4 3
split_gain=77.2105 38.7645 55.0827 24.8416 20.1348 17.1149 13.0081 7.89612 6.71565 5.82251 10.0433 2.04845 1.14712 0.914132 0.59853 1.71417 0.535116 0.00794323 0.00418928
threshold=4839.4500000000007 2.5000000000000004 0.76604954518927804 2.5000000000000004 0.80118419382584205 33780.100000000013 0.63746648906618208 22.500000000000004 28400.270000000004 5.5000000000000009 34427.200000000004 0.78480426719842555 95.500000000000014 1.5000000000000002 30449.090000000007 37852.500000000007 93.500000000000014 42782.500000000007 0.90977698406191088
decision_type=2 2 2 2 2 2 2 2 2 2 2 2 2 2 2 2 2 2 2
left_child=12 2 8 4 6 11 -3 -6 13 10 -5 -4 14 -2 15 -1 -11 -16 -19
right_child=1 3 5 9 7 -7 -8 -9 -10 16 -12 -13 -14 -15 17 -17 -18 18 -20
leaf_value=-0.060829686203596647 -0.042538340063485502 -0.034551512833505181 0.036756580142009547 0.054317651537430782 -0.061851775451038593 -0.033293159400553718 0.050759791569192386 -0.0027829659177208295 3.3199458062047269e-05 0.079456386922421005 0.010074658319769614 0.070531020373944917 -0.034349853286502322 -0.059696830711103925 -0.061448227336508877 -0.024976774215726444 0.061983210809970324 -0.060108557219311944 -0.058828943590129724
leaf_weight=9.0304075777530652 10.500032991170881 5.6782893240451839 6.2396224141120973 42.053835660219193 11.026077330112457 6.1312813460826865 20.968725830316544 11.620163649320602 6.3683306276798239 11.525079041719438 18.456535369157791 16.005132287740707 6.9753363132476798 29.77088238298893 6.4966819882392874 5.2849377989768973 7.0694412589073172 13.246925309300424 12.368035554885862
leaf_count=35 40 20 21 143 43 22 71 40 22 39 63 54 26 118 25 20 24 52 50
internal_value=0.000250823 0.014298 -0.0142583 0.0309817 0.00312119 0.0406708 0.0325806 -0.0315426 -0.0476781 0.0483426 0.0408229 0.0610573 -0.0532558 -0.055223 -0.0560962 -0.0475935 0.0728133 -0.0598867 -0.0594907
internal_weight=256.816 203.413 75.0153 128.398 49.2933 28.376 26.647 22.6462 46.6392 79.1049 60.5104 22.2448 53.4023 40.2709 46.427 14.3153 18.5945 32.1116 25.615
internal_count=928 720 277 443 174 97 91 83 180 269 206 75 208 158 182 55 63 127 102
is_linear=0
shrinkage=0.05


Tree=32
num_leaves=20
num_cat=0
split_feature=3 2 4 7 7 1 4 4 4 1 0 8 4 6 1 1 7 3 2
split_gain=124.067 11.4819 20.92 13.239 9.51672 10.6099 7.19127 12.9986 9.70611 18.3082 2.50321 8.08314 4.5986 1.52252 1.15517 0.683605 0.00362701 0.00237214 0.00186508
threshold=0.81972328564867081 8179.6800000000012 37329.500000000007 2.5000000000000004 4.5000000000000009 32425.355000000007 36337.500000000007 35987.500000000007 39905.000000000007 30226.970000000005 34518.900000000001 2.5000000000000004 42782.500000000007 91.500000000000014 27511.570000000003 29180.800000000007 1.5000000000000002 0.72481032498055364 14491.760000000002
decision_type=2 2 2 2 2 2 2 2 2 2 2 2 2 2 2 2 2 2 2
left_child=1 2 -1 -4 6 -6 7 -2 14 -10 16 17 -13 -7 -8 -5 -3 -12 -18
right_child=4 10 3 15 5 13 8 -9 9 -11 11 12 -14 -15 -16 -17 18 -19 -20
leaf_value=0.084317848783274321 0.055688284264433521 -0.054203184311041465 0.026153382261164676 -0.053352522565285644 -0.053750899761568209 0.014236614883967283 0.057521781214069784 -0.041727064547923715 -0.049878665624851361 0.052365110024987775 -0.05287469650692516 -0.026016811529256501 0.029434684476408748 0.049497774850289562 0.082921222883314424 -0.030677742446202333 -0.052424718400317177 -0.053889386426400711 -0.053203064032307727
leaf_weight=5.0630571246147147 8.4592957496643049 4.2407800555229178 8.4928099811077136 15.523057624697687 4.9876431077718761 5.836834713816641 5.5886843800544765 5.7533740401267996 5.0111867785453788 34.671073615550995 18.435255974531177 12.973547130823137 5.2526163011789313 6.4378931224346161 22.493823826313019 4.2297035455703726 25.61560383439064 8.3772820681333524 11.00218942761421
leaf_count=19 30 20 34 76 24 22 20 24 20 124 92 56 23 23 76 20 131 40 54
internal_value=0.000186813 -0.0341943 -0.00927478 -0.0260514 0.0414851 0.00774331 0.0485902 0.016254 0.0553723 0.0394535 -0.0438574 -0.0357276 -0.0100362 0.0327305 0.0778665 -0.0484971 -0.0528189 -0.0531917 -0.0526586
internal_weight=218.446 119.206 33.3086 28.2456 99.2398 17.2624 81.9774 14.2127 67.7648 39.6823 85.8973 45.0387 18.2262 12.2747 28.0825 19.7528 40.8586 26.8125 36.6178
internal_count=928 565 149 130 363 69 294 54 240 144 416 211 79 45 96 96 205 132 185
is_linear=0
shrinkage=0.05


Tree=33
num_leaves=12
num_cat=0
split_feature=3 7 3 2 3 4 1 3 2 1 7
split_gain=19.1106 9.72811 12.07 8.02836 3.39253 0.000779078 1.83036e-05 1.07168e-06 9.0734e-07 8.32835e-07 2.84784e-07
threshold=0.90292046884602162 1.0000000180025095e-35 0.8246692060773978 2567.6200000000003 0.92175716818062936 35555.000000000007 36109.345000000008 0.85521846433763937 9006.3350000000009 27693.190000000006 3.5000000000000004
decision_type=2 2 2 2 2 2 2 2 2 2 2
left_child=1 2 5 -2 -5 -1 7 8 -3 -7 -9
right_child=3 6 -4 4 -6 9 -8 10 -10 -11 -12
leaf_value=-0.044526892770175304 -0.042932135641953251 -0.04236518013258922 0.13379335663097497 0.05841665186703731 0.1545978384957018 -0.042362670645834946 -0.042710241097859043 -0.042406500343046147 -0.042392927344562917 -0.042450305143331896 -0.042445114365718573
leaf_weight=0.64908872544766127 0.95078519731759925 5.1841194368898815 1.9620350543409584 1.4560670219361784 2.4755818955600262 0.84781361930072285 0.45130438543856222 1.4585098922252666 6.8251806106418371 0.39856410771608353 0.70990072190761555
leaf_count=9 32 268 39 34 24 44 16 71 339 19 33
internal_value=-0.00053462 -0.0237715 0.0468621 0.087448 0.118978 -0.0431222 -0.0423968 -0.0423868 -0.0423809 -0.0423907 -0.0424191
internal_weight=23.369 18.4865 3.8575 4.88243 3.93165 1.89547 14.629 14.1777 12.0093 1.24638 2.16841
internal_count=928 838 111 90 58 72 727 711 607 63 104
is_linear=0
shrinkage=0.05


Tree=34
num_leaves=6
num_cat=0
split_feature=2 1 0 1 3
split_gain=18.7541 4.7913 2.9904e-06 1.2682e-06 1.31355e-07
threshold=2453.4250000000006 38157.585000000014 41734.05000000001 36997.960000000006 0.85521846433763937
decision_type=2 2 2 2 2
left_child=-1 2 3 4 -2
right_child=1 -3 -4 -5 -6
leaf_value=0.12310336712689081 -0.041985189267168516 0.20405724766606048 -0.042187437764685171 -0.042126012073950211 -0.0420011104131746
leaf_weight=2.3679365143179902 6.2478181007318145 0.20270892232656557 0.19937905389815647 0.17128584254533041 1.6344055966474114
leaf_count=24 695 8 14 14 173
internal_value=-0.00126801 -0.0360974 -0.0419962 -0.0419914 -0.0419885
internal_weight=10.8235 8.4556 8.25289 8.05351 7.88222
internal_count=928 904 896 882 868
is_linear=0
shrinkage=0.05


Tree=35
num_leaves=11
num_cat=0
split_feature=3 4 7 1 3 2 3 7 7 1
split_gain=42.1185 7.44046 7.19023 5.70612e-06 1.12949e-06 1.01109e-06 9.3167e-07 4.77183e-07 4.62479e-07 2.10359e-07
threshold=0.90222567120622355 44735.000000000007 4.5000000000000009 35940.860000000008 0.85521846433763937 9006.3350000000009 0.7273710931986358 1.5000000000000002 3.5000000000000004 28734.100000000009
decision_type=2 2 2 2 2 2 2 2 2 2
left_child=3 -2 -3 4 5 7 -7 -1 9 -6
right_child=1 2 -4 -5 8 6 -8 -9 -10 -11
leaf_value=-0.042419872975844555 0.0131734482366982 0.056272652300878946 0.17684693273776605 -0.042595793743208585 -0.042463767637893682 -0.042421512434065008 -0.042471136169242099 -0.042392685088788212 -0.042487149191322564 -0.042426755465760899
leaf_weight=2.5155526921153157 1.7563523687422264 1.9700950123369692 3.320242628455162 0.48212454281747241 0.57428859919309561 6.4629305228590965 1.1080101337283847 4.5025986339896917 0.70142113603651512 1.1579422280192373
leaf_count=121 35 33 25 19 26 309 50 224 31 55
internal_value=-0.000875303 0.102342 0.131946 -0.0424262 -0.0424214 -0.0424161 -0.0424288 -0.0424024 -0.0424529 -0.042439
internal_weight=24.5516 7.04669 5.29034 17.5049 17.0227 14.5891 7.57094 7.01815 2.43365 1.73223
internal_count=928 93 58 835 816 704 359 345 112 81
is_linear=0
shrinkage=0.05


Tree=36
num_leaves=16
num_cat=0
split_feature=2 4 1 0 8 2 1 7 0 2 4 4 0 0 2
split_gain=141.858 67.8154 10.489 5.99278 5.52431 6.89073 3.97007 1.18156 4.88823 0.806095 0.741936 0.375599 0.00210369 0.000834376 0.0007071
threshold=9006.3350000000009 38272.500000000007 18512.470000000005 31854.300000000003 2.5000000000000004 11576.620000000001 28400.270000000004 5.5000000000000009 34459.950000000004 8583.1650000000027 41310.000000000007 46250.000000000007 34328.200000000004 38206.700000000004 12130.780000000001
decision_type=2 2 2 2 2 2 2 2 2 2 2 2 2 2 2
left_child=3 2 -2 -1 6 -6 10 9 -9 11 -3 -5 14 -10 -4
right_child=1 4 12 7 5 -7 -8 8 13 -11 -12 -13 -14 -15 -16
leaf_value=0.0085110737090570675 0.017978699780140561 0.075072386072673372 -0.049611635193361918 -0.050471210680735706 -0.0050771234829309828 0.070705881244969002 0.04169779185162556 0.013875336690626695 -0.050018913194395991 -0.024470026682859098 0.088809491291519133 -0.04229059925150086 -0.051277530518215153 -0.050968714404149455 -0.050407410454756524
leaf_weight=5.5753222852945319 8.8154835402965563 14.331725895404814 7.5854704529046995 55.803444623947144 4.7438173592090598 8.1580289602279645 6.1497265398502341 4.1761534065008155 6.6524692773818952 3.6889210790395728 31.286241173744202 18.744149208068848 3.634396791458129 3.544121652841568 4.4170074313879013
leaf_count=28 39 48 47 329 21 30 23 20 40 20 105 112 20 20 26
internal_value=-0.000377347 0.0452947 -0.0256355 -0.0418337 0.0721143 0.0428416 0.0794098 -0.0448646 -0.031688 -0.0472853 0.0844937 -0.0484143 -0.0502236 -0.050349 -0.0499045
internal_weight=187.306 89.1219 24.4524 98.1846 64.6695 12.9018 51.7677 92.6093 14.3727 78.2365 45.618 74.5476 15.6369 10.1966 12.0025
internal_count=928 359 132 569 227 51 176 541 80 461 153 441 93 60 73
is_linear=0
shrinkage=0.05


Tree=37
num_leaves=20
num_cat=0
split_feature=2 8 3 7 3 1 2 5 1 7 0 2 6 7 6 0 6 3 4
split_gain=70.0339 33.6407 49.6507 21.3906 18.0853 15.4075 11.9522 7.4493 6.27932 5.38726 9.17796 2.07547 1.14574 0.918163 0.603399 1.33598 0.479166 0.00418198 0.00195339
threshold=4839.4500000000007 2.5000000000000004 0.76604954518927804 2.5000000000000004 0.80118419382584205 33780.100000000013 9639.3900000000012 22.500000000000004 28400.270000000004 5.5000000000000009 34427.200000000004 7700.6000000000013 95.500000000000014 1.5000000000000002 90.500000000000014 34999.55000000001 93.500000000000014 0.88277304625387898 48097.000000000007
decision_type=2 2 2 2 2 2 2 2 2 2 2 2 2 2 2 2 2 2 2
left_child=12 2 8 4 6 11 -3 -6 13 10 -5 -4 14 -2 15 -1 -11 -16 -19
right_child=1 3 5 9 7 -7 -8 -9 -10 16 -12 -13 -14 -15 17 -17 -18 18 -20
leaf_value=-0.026303195099749755 -0.040521557640241769 0.057343775751874715 0.067492978747396182 0.051202722490437592 -0.060247714523948885 -0.031848190599485945 -0.011990800490118393 -0.0023010728094580799 0.00020163672689564144 0.075422488955706274 0.0087874538970844612 0.032931037843502119 -0.032553564357748387 -0.057995103930809026 -0.059699520000091578 -0.057904272020258912 0.058785687830660044 -0.057984004191295103 -0.059092111016637187
leaf_weight=5.3562718033790579 10.205631941556929 16.449214190244678 16.130367040634162 41.44062677025795 10.641675859689713 6.055251568555831 9.9909250736236555 11.583169966936111 6.3624645769596091 11.391671210527422 18.424120604991913 5.9444681406021109 6.8343104273080817 28.546648308634758 5.7774700075387981 8.9049070477485639 6.9797978997230521 19.854870289564136 4.9732965528964987
leaf_count=20 40 56 55 143 43 22 35 40 22 39 63 20 26 118 23 37 24 82 20
internal_value=0.000252729 0.0136536 -0.0133284 0.029227 0.00319882 0.0388053 0.0311443 -0.030047 -0.0458349 0.0454173 0.0381489 0.0581859 -0.0516248 -0.0533933 -0.0545298 -0.0460354 0.0691017 -0.0584879 -0.058206
internal_weight=251.847 200.146 73.2448 126.901 48.665 28.1301 26.4401 22.2248 45.1147 78.2362 59.8647 22.0748 51.7011 38.7523 44.8668 14.2612 18.3715 30.6056 24.8282
internal_count=928 720 277 443 174 97 91 83 180 269 206 75 208 158 182 57 63 125 102
is_linear=0
shrinkage=0.05


Tree=38
num_leaves=20
num_cat=0
split_feature=3 2 4 7 7 1 4 4 4 1 0 8 7 6 6 1 7 3 2
split_gain=109.45 10.9143 19.0416 12.2393 8.1362 9.60447 6.20796 11.617 8.38732 16.5053 2.52884 7.93065 4.42524 1.3693 1.05193 0.692197 0.00406472 0.00252578 0.00140365
threshold=0.81972328564867081 8179.6800000000012 37329.500000000007 2.5000000000000004 4.5000000000000009 32425.355000000007 36337.500000000007 35987.500000000007 39905.000000000007 30226.970000000005 34518.900000000001 2.5000000000000004 1.5000000000000002 91.500000000000014 94.500000000000014 29180.800000000007 1.5000000000000002 0.72481032498055364 14491.760000000002
decision_type=2 2 2 2 2 2 2 2 2 2 2 2 2 2 2 2 2 2 2
left_child=1 2 -1 -4 6 -6 7 -2 14 -10 16 17 -13 -7 -8 -5 -3 -12 -18
right_child=4 10 3 15 5 13 8 -9 9 -11 11 12 -14 -15 -16 -17 18 -19 -20
leaf_value=0.079547359220875941 0.051616108618713887 -0.053443933605562204 0.024562153489174576 -0.052513812103029203 -0.052935975839164887 0.012982661241979488 0.077658403131857331 -0.040829162251259189 -0.049041911815451492 0.04865915547056688 -0.051960080595127404 -0.04535541006276015 0.0079614650768658948 0.046262852829539694 0.055260852439978497 -0.029303666630676184 -0.05156857930949435 -0.053030188046855845 -0.052260799275374692
leaf_weight=5.1649092435836783 8.5864585936069471 4.0841346085071555 8.5535771697759646 14.850630074739458 4.7808969914913204 5.876650005578993 21.37608236074448 5.624303624033927 4.9319299161434165 35.0000059902668 17.533034086227421 5.7001340091228512 12.267262056469916 6.5198430120944977 6.9457452893257132 4.0989026427268973 24.363775968551636 8.0440546870231611 10.470737501978872
leaf_count=19 30 20 34 76 24 22 72 24 20 124 92 27 52 23 24 20 131 40 54
internal_value=0.000205275 -0.0330004 -0.00854129 -0.0250838 0.0385728 0.00726767 0.0450936 0.0150283 0.0513534 0.0365923 -0.04269 -0.0344122 -0.00895325 0.0304861 0.0721655 -0.0474933 -0.0519516 -0.0522966 -0.0517767
internal_weight=214.773 115.131 32.668 27.5031 99.6419 17.1774 82.4645 14.2108 68.2538 39.9319 82.4631 43.5445 17.9674 12.3965 28.3218 18.9495 38.9186 25.5771 34.8345
internal_count=928 565 149 130 363 69 294 54 240 144 416 211 79 45 96 96 205 132 185
is_linear=0
shrinkage=0.05


Tree=39
num_leaves=13
num_cat=0
split_feature=3 4 3 1 3 2 7 1 2 2 3 4
split_gain=16.9186 14.0645 14.263 6.89684 3.76859 0.0005141 2.35706e-05 1.47941e-05 1.47812e-05 7.82944e-07 1.82233e-06 7.73056e-07
threshold=0.8246692060773978 35555.000000000007 0.90292046884602162 32715.525000000005 0.92314693386777191 6110.4600000000009 1.0000000180025095e-35 36109.345000000008 6707.0300000000016 9006.3350000000009 0.7273710931986358 38452.500000000007
decision_type=2 2 2 2 2 2 2 2 2 2 2 2
left_child=5 -2 6 -4 -5 -1 -3 -8 -7 11 -11 -10
right_child=1 2 3 4 -6 8 7 -9 9 10 -12 -13
leaf_value=-0.043623846528379931 0.18490025578746605 -0.042716935422848795 -0.043426347963609994 0.15577547559249663 0.061596759960043969 -0.042625953860474554 -0.042364944770361651 -0.042673709505695226 -0.042299635201310207 -0.042345896504256103 -0.04241809940670388 -0.042347298468948406
leaf_weight=0.86843384802341717 1.5156208053231228 0.68309856578707506 0.95639039948582638 1.9744700603187082 2.2990508824586868 0.49723448231816192 3.5260898647829895 0.43590577691793431 1.4453310258686527 5.8325186297297478 1.0279062427580354 2.0678213406354189
leaf_count=25 15 24 29 27 34 24 183 16 82 309 50 110
internal_value=-0.00033023 0.0430819 0.0213156 0.0779469 0.10511 -0.0424532 -0.0424457 -0.0423989 -0.0423596 -0.0423469 -0.0423567 -0.0423277
internal_weight=23.1299 11.3906 9.87501 5.22991 4.27352 11.7392 4.64509 3.962 10.8708 10.3736 6.86042 3.51315
internal_count=928 328 313 90 61 600 223 199 575 551 359 192
is_linear=0
shrinkage=0.05


Tree=40
num_leaves=6
num_cat=0
split_feature=2 1 0 1 3
split_gain=15.9109 3.93887 2.75988e-06 1.06462e-06 1.63752e-07
threshold=2453.4250000000006 38157.585000000014 41734.05000000001 36997.960000000006 0.85521846433763937
decision_type=2 2 2 2 2
left_child=-1 2 3 4 -2
right_child=1 -3 -4 -5 -6
leaf_value=0.10578692500378346 -0.041968884146594949 0.16191819380130881 -0.042167474687024829 -0.042101856495147125 -0.041987071550929067
leaf_weight=2.6282040923833856 5.9238001741468889 0.24423138052225102 0.19177903700619925 0.16298463568091381 1.5644680233672259
leaf_count=24 695 8 14 14 173
internal_value=-0.00108967 -0.0358225 -0.0419801 -0.0419754 -0.0419727
internal_weight=10.7155 8.08726 7.84303 7.65125 7.48827
internal_count=928 904 896 882 868
is_linear=0
shrinkage=0.05


Tree=41
num_leaves=11
num_cat=0
split_feature=3 4 7 1 3 7 2 3 7 1
split_gain=36.7433 5.65804 4.92755 5.80995e-06 1.41811e-06 1.11464e-06 7.46732e-07 1.09256e-06 5.10409e-07 2.29509e-07
threshold=0.90222567120622355 44735.000000000007 4.5000000000000009 35940.860000000008 0.85521846433763937 5.5000000000000009 9006.3350000000009 0.7273710931986358 1.5000000000000002 28686.760000000006
decision_type=2 2 2 2 2 2 2 2 2 2
left_child=3 -2 -3 4 6 9 8 -8 -1 -6
right_child=1 2 -4 -5 5 -7 7 -9 -10 -11
leaf_value=-0.042383613803611039 0.012264886821362279 0.051769614480025206 0.14793836523796455 -0.042562539160916651 -0.042427400303744464 -0.04249410669414494 -0.042380265987961241 -0.042435264377470507 -0.042354766140063338 -0.042390920342296946
leaf_weight=2.3939159233123153 1.7834556475281704 2.0575318764895201 3.7773790434002876 0.46496962942182918 0.65422067046165411 0.41083132289350022 6.1177102439105511 1.0593656804412601 4.2653506640344858 1.2644905019551513
leaf_count=121 35 33 25 19 31 18 309 50 224 63
internal_value=-0.000731677 0.0902045 0.114027 -0.0423883 -0.0423833 -0.0424194 -0.0423772 -0.0423884 -0.0423651 -0.0424034
internal_weight=24.2492 7.61837 5.83491 16.6309 16.1659 2.32954 13.8363 7.17708 6.65927 1.91871
internal_count=928 93 58 835 816 112 704 359 345 94
is_linear=0
shrinkage=0.05


Tree=42
num_leaves=16
num_cat=0
split_feature=2 4 1 0 3 7 8 7 0 2 2 4 0 0 2
split_gain=127.958 58.1423 10.2284 5.75332 5.1389 2.21439 3.72671 1.15519 4.58478 0.824372 0.804424 0.388693 0.00193033 0.00113168 0.000733443
threshold=9006.3350000000009 38272.500000000007 18512.470000000005 31854.300000000003 0.72889949234810547 2.5000000000000004 2.5000000000000004 5.5000000000000009 34459.950000000004 8583.1650000000027 11487.635 46250.000000000007 34128.000000000007 38206.700000000004 12142.230000000001
decision_type=2 2 2 2 2 2 2 2 2 2 2 2 2 2 2
left_child=3 2 -2 -1 5 6 -3 9 -9 11 -7 -5 14 -10 -4
right_child=1 4 12 7 -6 10 -8 8 13 -11 -12 -13 -14 -15 -16
leaf_value=0.008249902820235952 0.018343198944099755 0.073582274731956693 -0.049021954949602854 -0.04991913240780569 0.034051261649507468 0.066133030754000843 0.03078269773596326 0.012836192169632466 -0.049369023987390098 -0.023185976187896053 0.087065621479835043 -0.041407442784980653 -0.050612426934526278 -0.050499620835266358 -0.049877270344915792
leaf_weight=5.5691653490066519 8.7841048091650027 20.057158350944523 7.0389005094766599 53.297519087791443 10.006581574678419 5.7694775909185436 6.8140311539173117 4.186287209391593 6.2883200794458372 3.579329401254653 22.443716406822205 17.923149168491364 3.9813925325870505 3.4155207574367523 3.8924460560083389
leaf_count=28 39 67 46 329 39 20 25 20 40 20 76 112 23 20 24
internal_value=-0.000472942 0.0426003 -0.0244583 -0.0410459 0.0670135 0.0730014 0.0627291 -0.0441414 -0.0308993 -0.0466004 0.082785 -0.0477771 -0.0496698 -0.049767 -0.0493265
internal_weight=183.047 88.7878 23.6968 94.2593 65.091 55.0844 26.8712 88.6901 13.8901 74.8 28.2132 71.2207 14.9127 9.70384 10.9313
internal_count=928 359 132 569 227 188 92 541 80 461 96 441 93 60 70
is_linear=0
shrinkage=0.05


Tree=43
num_leaves=20
num_cat=0
split_feature=2 8 3 7 3 1 2 5 1 7 0 0 6 7 1 4 6 1 3
split_gain=63.7683 29.2516 44.7853 18.6192 16.0658 13.9073 10.9239 7.06823 5.89465 5.03093 8.29247 2.14027 1.14714 0.929165 0.594456 1.55717 0.445427 0.00938103 0.0063366
threshold=4839.4500000000007 2.5000000000000004 0.76604954518927804 2.5000000000000004 0.80118419382584205 33780.100000000013 9639.3900000000012 22.500000000000004 28400.270000000004 5.5000000000000009 34427.200000000004 36694.700000000004 95.500000000000014 1.5000000000000002 30449.090000000007 37852.500000000007 93.500000000000014 32639.480000000003 0.90797065045503933
decision_type=2 2 2 2 2 2 2 2 2 2 2 2 2 2 2 2 2 2 2
left_child=12 2 8 4 6 11 -3 -6 13 10 -5 -4 14 -2 15 -1 -11 -16 -19
right_child=1 3 5 9 7 -7 -8 -9 -10 16 -12 -13 -14 -15 17 -17 -18 18 -20
leaf_value=-0.057752759132918788 -0.038604212653605197 0.054832580871802386 0.035488874199841001 0.048392685324150364 -0.058791990892902816 -0.030475577140524936 -0.011723875574705195 -0.001708604865353865 0.00037925526265611425 0.072116692756165016 0.007907450130890727 0.067780591279240479 -0.030911427254202511 -0.056484282857026148 -0.058467713120605648 -0.022773871121242573 0.055940713312920401 -0.05753943750499009 -0.05578136628211175
leaf_weight=8.3624647259712201 9.9028788208961469 16.250403463840488 8.2411772310733848 40.693761438131332 10.234741985797882 5.9778881371021262 9.9336719512939435 11.534425258636475 6.3563169240951529 11.192915827035906 18.352495729923248 13.597897619009016 6.6967277079820624 27.287419065833092 8.7552084177732485 5.1357985436916342 6.866512030363082 8.8391627222299594 12.198718577623366
leaf_count=35 40 56 28 143 43 22 35 40 22 39 63 47 26 118 36 20 24 37 54
internal_value=0.000250669 0.0130823 -0.0124605 0.027658 0.00319398 0.0370984 0.0295825 -0.0285463 -0.0441181 0.0428725 0.0358092 0.055595 -0.0501696 -0.0517233 -0.0531486 -0.044444 0.0659663 -0.0570924 -0.05652
internal_weight=246.411 196.423 71.3636 125.059 47.9532 27.817 26.1841 21.7692 43.5466 77.1057 59.0463 21.8391 49.9881 37.1903 43.2914 13.4983 18.0594 29.7931 21.0379
internal_count=928 720 277 443 174 97 91 83 180 269 206 75 208 158 182 55 63 127 91
is_linear=0
shrinkage=0.05


Tree=44
num_leaves=22
num_cat=0
split_feature=2 7 1 4 1 4 3 4 8 4 1 4 2 3 0 3 2 1 4 1 1
split_gain=97.8116 18.2869 14.2867 8.47232 23.115 11.5405 13.9183 9.14354 3.70318 9.90585 9.87863 36.8376 1.89189 1.28116 0.0455388 0.00238257 0.000974759 0.000501383 0.0003049 1.81754e-05 8.75639e-07
threshold=7775.1550000000007 4.5000000000000009 32425.355000000007 39905.000000000007 29407.655000000002 36349.500000000007 0.82836939476201243 44860.000000000007 2.5000000000000004 43067.500000000007 24920.520000000004 35865.000000000007 5568.6150000000007 0.92314693386777191 34427.200000000004 0.72481032498055364 5923.7600000000011 28400.270000000004 41310.000000000007 26522.200000000004 18290.870000000003
decision_type=2 2 2 2 2 2 2 2 2 2 2 2 2 2 2 2 2 2 2 2 2
left_child=1 3 16 5 -5 6 -1 -6 15 10 14 -12 -7 -4 -10 18 -3 -17 20 -20 -2
right_child=8 2 13 4 7 12 -8 -9 9 -11 11 -13 -14 -15 -16 17 -18 -19 19 -21 -22
leaf_value=0.064553237558812426 -0.051468494087391618 -0.05257112896432338 0.012676096483700475 -0.051393750806934084 0.087097012422298128 0.068142484443327281 -0.019127330545258298 0.028504005844904607 -0.051048234565025385 0.037767178656327539 0.11662002052405625 -0.050600604908352845 0.097768456799489006 0.044614194627556669 -0.055383757260552585 -0.052536083405319581 -0.051579955606139344 -0.051790198850111352 -0.051119969625628606 -0.050993011566504688 -0.05143662869875161
leaf_weight=10.841739267110826 5.1802657097578066 3.8993620723485964 7.3937467336654645 8.1873058378696424 8.4222299903631193 19.606363654136661 9.1736733019351941 31.791178777813911 27.758890271186829 4.8293902128934851 4.5152921080589321 12.170910224318503 7.4312398433685294 5.4577722698450089 7.7470828443765631 4.5065140873193723 6.8169418126344681 4.505588561296463 13.203678309917452 3.584334284067153 3.6926924586296082
leaf_count=37 28 20 27 36 29 66 37 117 155 22 18 58 26 20 35 23 37 24 73 20 20
internal_value=0.000233128 0.0301334 -0.00930903 0.0398719 0.0251846 0.0549799 0.0261999 0.0407756 -0.0385781 -0.0307427 -0.0370819 -0.00535065 0.0762851 0.0262395 -0.0519942 -0.0514638 -0.0519406 -0.0521632 -0.0512182 -0.0510929 -0.0514552
internal_weight=210.716 119.022 23.5678 95.4537 48.4007 47.053 20.0154 40.2134 91.6946 57.0216 52.1922 16.6862 27.0376 12.8515 35.506 34.6731 10.7163 9.0121 25.661 16.788 8.87296
internal_count=928 452 104 348 182 166 74 146 476 288 266 76 92 47 190 188 57 47 141 93 48
is_linear=0
shrinkage=0.05


Tree=45
num_leaves=13
num_cat=0
split_feature=3 4 3 1 3 2 7 2 1 1 2 2
split_gain=15.5073 10.4977 12.5018 5.70837 2.61479 0.000441004 2.10213e-05 1.38393e-05 1.38199e-05 7.72966e-07 8.8114e-07 5.23125e-07
threshold=0.8246692060773978 35555.000000000007 0.90292046884602162 32715.525000000005 0.92314693386777191 6110.4600000000009 1.0000000180025095e-35 6606.4000000000005 36109.345000000008 27693.190000000006 8583.1650000000027 9006.3350000000009
decision_type=2 2 2 2 2 2 2 2 2 2 2 2
left_child=5 -2 6 -4 -5 -1 -3 -7 -8 10 -9 -11
right_child=1 2 3 4 -6 7 8 9 -10 11 -12 -13
leaf_value=-0.043525099914840437 0.15285705372017017 -0.042673916903746445 -0.043390492041851629 0.13178883173011563 0.056597252858125113 -0.042605913799113521 -0.042333385606778302 -0.04227201131067379 -0.042637430829295692 -0.042321609716830473 -0.042312881287996602 -0.042376126427718146
leaf_weight=0.82423088140785949 1.7520767003297795 0.65547841973602583 0.92293458618223656 2.2289824243634939 2.4023582208901644 0.41529900021850963 3.3604329591616993 1.6783662848174552 0.42050597071647633 1.4113929234445097 6.1556462896987796 0.63937330432236184
leaf_count=25 15 24 29 27 34 21 183 100 16 78 343 33
internal_value=-0.000108174 0.0399678 0.0201703 0.0701577 0.0927856 -0.0424122 -0.0424125 -0.0423232 -0.0423672 -0.0423113 -0.0423041 -0.0423386
internal_weight=22.8671 11.7428 9.99069 5.55428 4.63134 11.1243 4.43642 10.3001 3.78094 9.88478 7.83401 2.05077
internal_count=928 328 313 90 61 600 223 575 199 554 443 111
is_linear=0
shrinkage=0.05


Tree=46
num_leaves=11
num_cat=0
split_feature=3 0 0 1 0 1 2 1 4 4
split_gain=14.0075 19.2245 3.59409 0.696433 1.19496e-05 2.23351e-07 1.24904e-07 1.50393e-07 5.6201e-08 3.47601e-08
threshold=0.90541730792825437 33756.850000000013 36066.750000000007 36109.345000000008 42288.750000000007 33780.100000000013 4839.4500000000007 31888.915000000005 39905.000000000007 47985.000000000007
decision_type=2 2 2 2 2 2 2 2 2 2
left_child=4 -2 -3 -4 5 6 8 -8 -1 -7
right_child=1 2 3 -5 -6 9 7 -9 -10 -11
leaf_value=-0.041963581653757132 0.27531018816805991 0.11675639060087926 -0.046103010569915615 0.013058693424508012 -0.042372867183113963 -0.041977448835125858 -0.041954473868904926 -0.041907737852422619 -0.041991319625587581 -0.042005057490853814
leaf_weight=0.46217137668281782 0.92903435789048705 0.61689699441194568 1.1724351318553092 0.86402103770524252 0.17809034325182427 0.2197319185361265 5.4341929042711854 0.17776374937966455 0.30190308671444654 0.23694307077676058
leaf_count=55 8 23 26 26 11 25 670 26 33 25
internal_value=-0.0008688 0.0795641 0.0110264 -0.0210021 -0.0419685 -0.041958 -0.0419556 -0.041953 -0.0419745 -0.0419918
internal_weight=10.5932 3.58239 2.65335 2.03646 7.0108 6.83271 6.37603 5.61196 0.764074 0.456675
internal_count=928 83 75 52 845 834 784 696 88 50
is_linear=0
shrinkage=0.05


Tree=47
num_leaves=11
num_cat=0
split_feature=3 6 7 1 3 7 3 0 1 0
split_gain=32.5497 4.72512 6.48882 6.41801e-06 1.83074e-06 1.37665e-06 5.76326e-07 5.43043e-07 2.6198e-07 1.83092e-07
threshold=0.90222567120622355 90.500000000000014 4.5000000000000009 36015.805000000015 0.85521846433763937 5.5000000000000009 0.83700135287708466 34059.250000000007 28686.760000000006 36195.900000000009
decision_type=2 2 2 2 2 2 2 2 2 2
left_child=3 -2 -3 4 6 8 7 -1 -6 -8
right_child=1 2 -4 -5 5 -7 9 -9 -10 -11
leaf_value=-0.042330149632878893 0.13424644024694418 -0.019003883174425168 0.095244822372296853 -0.042552851550955811 -0.042396865343547939 -0.042472583400406619 -0.042322704568943818 -0.042351438511955726 -0.042357354996584579 -0.042274876581410326
leaf_weight=5.1535123344510758 2.7449254356324655 1.9559399448335169 3.4086898379027843 0.38841672614216882 0.62808527797460678 0.39985240809619416 0.39932201430201608 7.1534597352147102 1.2636645268648861 0.40107809938490391
leaf_count=280 32 37 24 16 31 18 22 378 66 24
internal_value=-0.000529082 0.0808905 0.0535898 -0.0423521 -0.0423471 -0.0423883 -0.0423399 -0.0423425 -0.0423705 -0.0422987
internal_weight=23.8969 8.10956 5.36463 15.7874 15.399 2.2916 13.1074 12.307 1.89175 0.8004
internal_count=928 93 61 835 819 115 704 658 97 46
is_linear=0
shrinkage=0.05


Tree=48
num_leaves=17
num_cat=0
split_feature=2 4 0 2 0 3 7 8 7 0 2 2 4 2 0 0
split_gain=115.507 49.8966 10.0922 12.1163 5.51215 4.67502 2.01408 3.32985 1.12942 4.35045 0.84605 0.759659 0.391457 0.0263764 0.00141232 0.00103031
threshold=9006.3350000000009 38272.500000000007 32651.400000000005 14491.760000000002 31854.300000000003 0.72889949234810547 2.5000000000000004 2.5000000000000004 5.5000000000000009 34459.950000000004 8583.1650000000027 11487.635 46250.000000000007 14473.51 38206.700000000004 34128.000000000007
decision_type=2 2 2 2 2 2 2 2 2 2 2 2 2 2 2 2
left_child=4 2 3 -2 -1 6 7 -3 10 -10 12 -8 -6 15 -11 -4
right_child=1 5 13 -5 8 -7 11 -9 9 14 -12 -13 -14 -15 -16 -17
leaf_value=0.0079132647839121224 -0.032026494752927202 0.068802618079505246 -0.048952085723975865 0.08369594582811006 -0.049371503276824713 0.031268006143060717 0.061418873538881362 0.028517446223553334 0.012173001209128599 -0.048806587271910819 -0.021843294706049843 0.081765172046518134 -0.040646148353618544 -0.05440279389739916 -0.050096616768029949 -0.050023229995008682
leaf_weight=5.5708350986242285 5.3330209404230136 19.980058610439304 7.0300890654325467 3.9278541654348373 50.734204761683941 10.116970986127852 5.7701949179172543 6.9012452363967887 4.1846859008073798 5.9541478306055051 3.4682888984680167 22.384673357009888 17.216806076467037 3.3449183255434027 3.2961940616369247 3.2982377111911774
leaf_count=28 32 67 47 17 329 39 20 25 20 40 20 76 112 16 20 20
internal_value=-0.000569865 0.0401801 -0.0232471 0.0170554 -0.0402663 0.0625067 0.0682491 0.0584602 -0.0434294 -0.0301294 -0.0459313 0.0775953 -0.0471608 -0.0505439 -0.0492663 -0.0492941
internal_weight=178.512 88.0873 22.9341 9.26088 90.4252 65.1531 55.0362 26.8813 84.8543 13.435 71.4193 28.1549 67.951 13.6732 9.25034 10.3283
internal_count=928 359 132 49 569 227 188 92 541 80 461 96 441 83 60 67
is_linear=0
shrinkage=0.05


Tree=49
num_leaves=21
num_cat=0
split_feature=2 8 3 7 3 1 3 5 1 2 6 0 2 6 7 6 8 8 1 1
split_gain=58.1869 25.5402 40.3587 16.507 14.0396 12.7048 9.85647 6.70036 5.60848 4.90099 8.78961 3.91389 2.1748 1.15711 0.958049 0.630733 1.36774 0.0088784 0.00643126 0.00170761
threshold=4839.4500000000007 2.5000000000000004 0.76604954518927804 2.5000000000000004 0.80118419382584205 33780.100000000013 0.63746648906618208 22.500000000000004 28400.270000000004 13381.190000000001 93.500000000000014 33049.350000000006 7700.6000000000013 95.500000000000014 1.5000000000000002 90.500000000000014 2.5000000000000004 2.5000000000000004 34926.080000000009 32082.000000000004
decision_type=2 2 2 2 2 2 2 2 2 2 2 2 2 2 2 2 2 2 2 2
left_child=13 2 8 4 6 12 -3 -6 14 11 -11 -5 -4 15 -2 16 -1 18 -17 -19
right_child=1 3 5 9 7 -7 -8 -9 -10 10 -12 -13 -14 -15 -16 17 -18 19 -20 -21
leaf_value=-0.025809768102485475 -0.036701226876874153 -0.03169539632274327 0.062979968545451667 0.06465326023362078 -0.057359788471706287 -0.029449193357318361 0.04379962995916218 -0.0010937008553646036 0.00083176874942293786 0.045090850256242265 -0.03077526083528458 0.037860964267856997 0.027315827261752437 -0.029275447143135843 -0.055189774908347047 -0.058305739231170967 -0.057908385920981742 -0.05556967818728295 -0.056115884931821763 -0.054377975783098977
leaf_weight=6.2315736860036832 9.5862935930490476 5.486893147230151 15.682717919349676 21.1047423183918 9.8138840347528458 5.9175649881362906 20.388482540845871 11.480964452028275 6.3381222486495963 10.07855933904648 6.1459060609340659 38.49229684472084 5.8762984573841086 6.5525758862495413 26.040190055966377 5.5525259375572213 7.0998726338148117 10.104493916034697 8.4630197286605817 4.2790068089962014
leaf_count=27 40 20 55 77 43 22 71 40 22 35 21 136 20 26 118 23 30 45 37 20
internal_value=0.000267379 0.0125811 -0.0116611 0.0262682 0.00304471 0.0354464 0.0277909 -0.0270243 -0.0425051 0.0407161 0.0163524 0.0473488 0.0532591 -0.048809 -0.0502149 -0.0518762 -0.0429044 -0.0560878 -0.0569834 -0.0552152
internal_weight=240.716 192.433 69.4412 122.992 47.1702 27.4766 25.8754 21.2948 41.9646 75.8215 16.2245 59.597 21.559 48.2831 35.6265 41.7305 13.3314 28.399 14.0155 14.3835
internal_count=928 720 277 443 174 97 91 83 180 269 56 213 75 208 158 182 57 125 60 65
is_linear=0
shrinkage=0.05


Tree=50
num_leaves=22
num_cat=0
split_feature=2 7 1 4 1 4 3 4 8 4 1 4 2 3 0 3 2 1 4 1 1
split_gain=87.394 16.0053 13.0431 7.59978 20.9292 10.1449 12.3032 7.9594 3.70564 9.3024 9.63889 33.0383 1.71769 1.1739 0.0365846 0.00299759 0.0011388 0.000614969 0.000243761 2.53375e-05 2.31714e-06
threshold=7775.1550000000007 4.5000000000000009 32425.355000000007 39905.000000000007 29407.655000000002 36349.500000000007 0.82836939476201243 44860.000000000007 2.5000000000000004 43067.500000000007 24920.520000000004 35865.000000000007 5568.6150000000007 0.92314693386777191 34427.200000000004 0.72481032498055364 5923.7600000000011 28400.270000000004 41310.000000000007 26522.200000000004 15878.780000000002
decision_type=2 2 2 2 2 2 2 2 2 2 2 2 2 2 2 2 2 2 2 2 2
left_child=1 3 16 5 -5 6 -1 -6 15 10 14 -12 -7 -4 -10 18 -3 -17 20 -20 -2
right_child=8 2 13 4 7 12 -8 -9 9 -11 11 -13 -14 -15 -16 17 -18 -19 19 -21 -22
leaf_value=0.060522806649738886 -0.050637387240039577 -0.051924089333539918 0.011348887105477727 -0.050531781962066702 0.081231981578306245 0.06388861023413224 -0.018363136386312439 0.026650854934040291 -0.050343090582851295 0.036308481733544298 0.10750004580164946 -0.049505145473153912 0.092075808836058218 0.041786646208367119 -0.054316149498909484 -0.051947887490300673 -0.050828274727581661 -0.051105536948925112 -0.050363689584656438 -0.050209516524117349 -0.050689870540040961
leaf_weight=10.873608410358431 4.1982278823852557 3.7445839792490023 7.4111334830522519 7.9783489555120459 8.4545653462409955 19.50691714882851 9.0616336911916715 31.811115011572838 26.350493058562279 4.8877379298210135 4.6979261636734035 11.683723926544188 7.476303130388259 5.5324467122554779 7.4272988587617865 4.3571779280900937 6.4629655480384827 4.3100575953722 12.514678865671156 3.3859595805406562 4.2139935493469238
leaf_count=37 24 20 27 36 29 66 37 117 155 22 18 58 26 20 35 23 37 24 73 20 24
internal_value=0.000247783 0.0283157 -0.00896911 0.0373863 0.0234519 0.0517143 0.0246649 0.0381112 -0.037477 -0.0295365 -0.0359526 -0.00447923 0.0716985 0.0243588 -0.0512167 -0.0507306 -0.0512303 -0.051529 -0.050446 -0.0503309 -0.0506637
internal_weight=206.341 118.314 23.1511 95.1625 48.244 46.9185 19.9352 40.2657 88.0273 55.0472 50.1594 16.3817 26.9832 12.9436 33.7778 32.9801 10.2075 8.66724 24.3129 15.9006 8.41222
internal_count=928 452 104 348 182 166 74 146 476 288 266 76 92 47 190 188 57 47 141 93 48
is_linear=0
shrinkage=0.05


Tree=51
num_leaves=14
num_cat=0
split_feature=3 6 7 3 0 3 7 3 2 2 1 3 2
split_gain=14.2101 8.01487 6.02754 8.49416 3.44762 4.22621 1.43749 0.000442204 0.000369319 1.3892e-05 8.6848e-07 7.90797e-07 5.04264e-07
threshold=0.8246692060773978 90.500000000000014 1.0000000180025095e-35 0.91821355705154029 40438.350000000013 0.82598888974448947 4.5000000000000009 0.90450263661156549 6110.4600000000009 6536.4450000000006 27693.190000000006 0.74856047532493053 9006.3350000000009
decision_type=2 2 2 2 2 2 2 2 2 2 2 2 2
left_child=8 2 -2 7 5 -3 -7 -4 -1 -10 11 -11 -12
right_child=1 4 3 -5 -6 6 -8 -9 9 10 12 -13 -14
leaf_value=-0.043419559200457758 0.165843654632682 0.11962504906065595 -0.042421164605817324 0.121329182790838 0.11665895798608193 -0.032826259471243388 0.024004711144148094 -0.044253407568708256 -0.042600169903813011 -0.042276345821350286 -0.042289263780814698 -0.0422334100891004 -0.042343872176875429
leaf_weight=0.77883807383477943 1.6186341289430837 0.60435733851045359 0.91495916247367881 1.7442281916737554 0.62176120094954956 4.585864688269794 1.4691601963713763 0.5144653357565403 0.34402470197528501 6.1172287128865701 1.3752824002876876 1.3004031516611574 0.61036471463739861
leaf_count=25 14 11 46 13 15 171 47 11 18 361 80 83 33
internal_value=9.00033e-05 0.0371101 0.0873248 0.0472784 0.00405984 -0.00645311 -0.0190371 -0.0430806 -0.0423718 -0.0422881 -0.0422767 -0.0422688 -0.042306
internal_weight=22.5996 12.0734 4.79229 3.17365 7.28114 6.65938 6.05502 1.42942 10.5261 9.7473 9.40328 7.41763 1.98565
internal_count=928 328 84 70 244 229 218 57 600 575 557 444 113
is_linear=0
shrinkage=0.05


Tree=52
num_leaves=11
num_cat=0
split_feature=3 4 0 6 0 1 2 1 4 4
split_gain=12.423 16.3121 2.23766 0.83948 1.10317e-05 2.78531e-07 1.31095e-07 1.61556e-07 6.77144e-08 3.51351e-08
threshold=0.90541730792825437 36767.500000000007 36066.750000000007 90.500000000000014 42288.750000000007 33780.100000000013 4839.4500000000007 31888.915000000005 39905.000000000007 47985.000000000007
decision_type=2 2 2 2 2 2 2 2 2 2
left_child=4 -2 -3 -4 5 6 8 -8 -1 -7
right_child=1 2 3 -5 -6 9 7 -9 -10 -11
leaf_value=-0.041948075470251985 0.24118578701934942 0.078908226898137063 0.021577014970749084 -0.045528173740203924 -0.042349354483762862 -0.041967024449192605 -0.041939415798260056 -0.041889015058860141 -0.041979227562253481 -0.041995225922251522
leaf_weight=0.43785611307248462 1.0305223800241949 0.79981358721852336 0.74917761608958233 1.2332469644024966 0.17178270872682322 0.21244710218161333 5.1436363765969872 0.16406841203570355 0.28995856363326311 0.23002181015908718
leaf_count=55 8 23 18 34 11 25 670 26 33 25
internal_value=-0.000698392 0.0712546 0.00831324 -0.0201685 -0.0419539 -0.0419434 -0.0419406 -0.0419379 -0.0419605 -0.0419817
internal_weight=10.4625 3.81276 2.78224 1.98242 6.64977 6.47799 6.03552 5.3077 0.727815 0.442469
internal_count=928 83 75 52 845 834 784 696 88 50
is_linear=0
shrinkage=0.05


Tree=53
num_leaves=11
num_cat=0
split_feature=3 4 3 1 3 7 0 4 7 1
split_gain=28.9128 4.16814 3.26065 6.95082e-06 2.13653e-06 1.66384e-06 6.2473e-07 1.37614e-06 1.14845e-06 2.80969e-07
threshold=0.90222567120622355 44735.000000000007 0.91434156948823631 36109.345000000008 0.85521846433763937 5.5000000000000009 34427.200000000004 35052.000000000007 1.5000000000000002 28686.760000000006
decision_type=2 2 2 2 2 2 2 2 2 2
left_child=3 -2 -3 4 6 9 8 -8 -1 -6
right_child=1 2 -4 -5 5 -7 7 -9 -10 -11
leaf_value=-0.04233198139526078 0.007914312860739561 0.13043730330298728 0.060097629630651364 -0.042535283901774523 -0.042365394227861487 -0.042451314605723281 -0.042408322723016922 -0.042308949726024572 -0.042279248266641305 -0.042323618713221801
leaf_weight=1.3572420924901942 1.9240555111318807 2.9725633151829243 3.6962359137833118 0.35758488997817117 0.60062018595636013 0.38903631456196297 0.3685680404305457 6.3639429109171033 4.3150701113045216 1.2201212495565412
leaf_count=74 35 20 38 15 31 18 18 359 253 67
internal_value=-0.000360261 0.072746 0.091451 -0.0423175 -0.0423122 -0.0423575 -0.0423041 -0.0423144 -0.0422919 -0.0423374
internal_weight=23.565 8.59285 6.6688 14.9722 14.6146 2.20978 12.4048 6.73251 5.67231 1.82074
internal_count=928 93 58 835 820 116 704 377 327 98
is_linear=0
shrinkage=0.05


Tree=54
num_leaves=18
num_cat=0
split_feature=2 4 0 4 0 3 7 8 7 0 2 6 2 4 2 0 2
split_gain=104.226 43.5993 9.55704 10.8926 4.68492 4.34694 1.87623 2.96723 1.07721 4.08408 0.904981 1.75705 0.724476 0.0483604 0.022883 0.00153729 0.000805979
threshold=9006.3350000000009 38272.500000000007 32651.400000000005 29177.500000000004 31864.100000000002 0.72889949234810547 2.5000000000000004 2.5000000000000004 5.5000000000000009 34459.950000000004 7936.4500000000007 93.500000000000014 11487.635 46250.000000000007 14473.51 38206.700000000004 11970.935000000001
decision_type=2 2 2 2 2 2 2 2 2 2 2 2 2 2 2 2 2
left_child=4 2 3 -2 -1 6 7 -3 10 -10 13 -12 -8 -6 16 -11 -4
right_child=1 5 14 -5 8 -7 12 -9 9 15 11 -13 -14 -15 -16 -17 -18
leaf_value=0.0027308738731950319 -0.051112641812359298 0.064696090836874748 -0.048394100899516908 0.059976003296036931 -0.04893100800248943 0.028720490032231094 0.057505509301319674 0.026743813894037127 0.01106701902482601 -0.048338920811998184 -0.049305487762792428 -0.011028355262654728 0.07745141288574002 -0.045673731111608523 -0.053632363881150169 -0.049712623154045218 -0.049313078726666515
leaf_weight=6.0997640341520301 3.6280955076217669 19.77272987365723 5.7045725435018522 5.6322141289710999 39.19577568769455 10.203850790858267 5.7308519333601025 6.9639694690704337 4.1955161094665518 5.6648719608783704 7.0230622589588148 5.2313154190778732 22.142477869987488 16.065935529768467 3.2272573113441458 3.1798316314816475 4.1012239903211594
leaf_count=32 22 67 40 27 265 39 20 25 20 40 47 35 76 110 16 20 27
internal_value=-0.000693291 0.0379303 -0.0223852 0.0164526 -0.039518 0.0586764 0.0642736 0.0548109 -0.0427171 -0.0295608 -0.0452581 -0.0329652 0.0733505 -0.047984 -0.0499804 -0.0488328 -0.0487785
internal_weight=173.763 87.1072 22.2934 9.26031 86.6561 64.8139 54.61 26.7367 80.5563 13.0402 67.5161 12.2544 27.8733 55.2617 13.0331 8.8447 9.8058
internal_count=928 359 132 49 569 227 188 92 537 80 457 82 96 375 83 60 67
is_linear=0
shrinkage=0.05


Tree=55
num_leaves=22
num_cat=0
split_feature=2 8 3 7 3 2 1 1 5 2 6 0 6 5 7 6 0 8 7 1 1
split_gain=53.1488 22.2773 36.5844 14.6939 12.2815 9.14468 8.73456 9.91459 6.35228 4.55508 7.88449 3.7717 1.16458 0.973236 1.84351 0.640783 1.37517 0.011321 0.0105431 0.0063551 0.00114124
threshold=4839.4500000000007 2.5000000000000004 0.74883389799860012 2.5000000000000004 0.80118419382584205 9639.3900000000012 33780.100000000013 29303.325000000008 22.500000000000004 13381.190000000001 93.500000000000014 34427.200000000004 95.500000000000014 22.500000000000004 3.5000000000000004 90.500000000000014 34999.55000000001 2.5000000000000004 3.5000000000000004 34926.080000000009 32082.000000000004
decision_type=2 2 2 2 2 2 2 2 2 2 2 2 2 2 2 2 2 2 2 2 2
left_child=12 2 13 4 5 -3 7 -4 -6 11 -11 -5 15 14 -2 16 -1 19 -15 -17 -19
right_child=1 3 6 9 8 -7 -8 -9 -10 10 -12 -13 -14 18 -16 17 -18 20 -20 -21 -22
leaf_value=-0.021026806689057626 -0.022219945036739148 0.049768300662493568 0.0037371173090523582 0.055131229583364694 -0.056086694566798947 -0.01172730159828974 -0.02842242479700129 0.06505294640937391 -0.00058489270725696225 0.042644993070523662 -0.029409692220044838 0.028897060095446764 -0.027742727425920904 -0.05576116280902519 -0.055619883448506963 -0.057385905504527004 -0.054516687618609339 -0.054313224681732455 -0.053303503322773053 -0.0551748469507269 -0.053315358030357286
leaf_weight=5.012672692537306 8.754091754555704 15.716345310211183 11.479276120662691 36.32929053902626 9.3930314928293228 9.8242756724357587 5.8549108058214179 15.487738430500029 11.426948517560959 9.9653724133968371 6.133107364177703 21.995871096849442 6.4136372506618491 10.697060257196428 7.8235988020896903 5.3928536027669915 7.890091136097908 9.6207327395677549 7.3705356568098059 8.1781500130891782 4.0806387364864358
leaf_count=20 39 56 41 136 43 35 22 55 40 35 21 77 26 48 36 23 37 45 36 37 20
internal_value=0.000286467 0.0121197 -0.0108943 0.0249747 0.00287865 0.0261138 0.0269336 0.0389521 -0.0256248 0.038739 0.015194 0.0452377 -0.047528 -0.0467313 -0.0379826 -0.0506865 -0.041506 -0.0550299 -0.0547586 -0.0560535 -0.054016
internal_weight=234.84 188.251 67.4672 120.784 46.3606 25.5406 32.8219 26.967 20.82 74.4236 16.0985 58.3252 46.5888 34.6453 16.5777 40.1751 12.9028 27.2724 18.0676 13.571 13.7014
internal_count=928 720 277 443 174 91 118 96 83 269 56 213 208 159 75 182 57 125 84 60 65
is_linear=0
shrinkage=0.05


Tree=56
num_leaves=21
num_cat=0
split_feature=2 7 1 6 4 1 4 2 8 4 1 4 3 0 3 2 1 4 7 7
split_gain=78.2596 14.246 11.9294 7.2219 6.82638 14.9745 8.56224 5.43889 3.71146 8.75189 9.47002 30.055 1.0494 0.0292116 0.00373586 0.00129855 0.000618419 0.000205721 3.78179e-05 2.02397e-05
threshold=7775.1550000000007 4.5000000000000009 32425.355000000007 95.500000000000014 39905.000000000007 29407.655000000002 36337.500000000007 4748.6050000000005 2.5000000000000004 43067.500000000007 24920.520000000004 35865.000000000007 0.92314693386777191 34427.200000000004 0.72481032498055364 5923.7600000000011 28400.270000000004 42275.000000000007 3.5000000000000004 2.5000000000000004
decision_type=2 2 2 2 2 2 2 2 2 2 2 2 2 2 2 2 2 2 2 2
left_child=1 3 15 4 6 -6 -1 -5 14 10 13 -12 -4 -10 17 -3 -16 19 -19 -2
right_child=8 2 12 7 5 -7 -8 -9 9 -11 11 -13 -14 -15 16 -17 -18 18 -20 -21
leaf_value=0.022128530321909878 -0.049995911210863116 -0.051379162960277086 0.010178197509784404 0.033158741491003792 -0.047904048280590972 0.038237131039375503 0.070851928019144958 -0.035941535337580377 -0.049722748187204888 0.035035094132258311 0.10071713898598572 -0.048459071844303286 0.038844403693499951 -0.053355586416415135 -0.051398778436666674 -0.050183731303691317 -0.050538255221457586 -0.049690420575120457 -0.049520243589194539 -0.049850342098062599
leaf_weight=13.399198174476622 3.9986297935247475 3.6051579117774981 7.416617274284361 5.5869134664535505 5.8607339709997168 36.251366451382637 27.568856120109558 5.8080818057060242 25.033319532871246 4.9366332590579978 4.834011763334277 11.197805762290953 5.6055833101272583 7.103815644979476 4.2108168900012952 6.1417239010334015 4.1411302536725998 6.6614398360252363 6.402277946472168 5.9276009351015091
leaf_count=51 24 20 27 19 27 131 95 25 155 22 18 58 20 35 23 37 24 41 40 36
internal_value=0.000276445 0.0267092 -0.00879312 0.0352655 0.0403852 0.0262489 0.0549162 -0.00206199 -0.036422 -0.0283693 -0.0348673 -0.00347855 0.022518 -0.0505258 -0.0500664 -0.0506259 -0.0509721 -0.0497374 -0.049607 -0.049909
internal_weight=201.692 117.244 22.7691 94.4751 83.0802 42.1121 40.9681 11.395 84.4475 53.1056 48.169 16.0318 13.0222 32.1371 31.3419 9.74688 8.35195 22.9899 13.0637 9.92623
internal_count=928 452 104 348 304 158 146 44 476 288 266 76 47 190 188 57 47 141 81 60
is_linear=0
shrinkage=0.05


Tree=57
num_leaves=14
num_cat=0
split_feature=2 6 7 0 3 3 2 3 2 1 1 2 2
split_gain=13.1432 7.63087 4.35036 3.4099 2.47014 1.94414 1.52785 0.658992 2.27328e-05 4.06748e-06 7.22084e-07 7.72486e-07 7.5527e-07
threshold=6031.4000000000005 90.500000000000014 1.5000000000000002 40367.250000000007 0.82517227821759864 0.92175716818062936 2969.2700000000004 0.90541730792825437 6351.8750000000009 33527.425000000003 27693.190000000006 7520.2900000000009 8583.1650000000027
decision_type=2 2 2 2 2 2 2 2 2 2 2 2 2
left_child=1 2 -1 4 -3 7 -6 -4 -2 10 12 -12 -10
right_child=8 3 5 -5 6 -7 -8 -9 9 -11 11 -13 -14
leaf_value=0.12969538445071974 -0.042555518767374984 0.071966900729641708 -0.042393290161480329 0.11453215282908463 0.026923714850901038 0.083532764036172824 -0.032842341829560119 0.029551109147374362 -0.042204097548885225 -0.042414001973942732 -0.04222310806571259 -0.04229068721293136 -0.042243936570127101
leaf_weight=2.4920638650655764 0.64870355650782485 0.85862743668258179 0.64607110340148233 0.62730885855853546 1.3988432846963403 1.1121265217661855 4.5394812533631921 0.62737274914979935 1.5177746228873692 0.36098710168153125 0.61485275626182545 1.3542877305299041 5.5031823487952352
leaf_count=24 36 21 34 10 35 9 170 7 102 18 40 79 343
internal_value=0.000304432 0.0349112 0.0834951 0.00299217 -0.00730215 0.0352324 -0.0187637 -0.00694928 -0.0422693 -0.0422494 -0.0422428 -0.0422696 -0.0422353
internal_weight=22.3017 12.3019 4.87763 7.42426 6.79695 2.38557 5.93832 1.27344 9.99979 9.35108 8.9901 1.96914 7.02096
internal_count=928 310 74 236 226 50 205 41 618 582 564 119 445
is_linear=0
shrinkage=0.05


Tree=58
num_leaves=11
num_cat=0
split_feature=3 4 0 6 0 1 2 1 8 4
split_gain=11.1302 11.4992 1.96658 0.814892 9.93608e-06 3.15749e-07 1.44067e-07 1.64716e-07 8.93256e-08 3.36709e-08
threshold=0.90541730792825437 36767.500000000007 36066.750000000007 90.500000000000014 42288.750000000007 33780.100000000013 4839.4500000000007 31888.915000000005 2.5000000000000004 47985.000000000007
decision_type=2 2 2 2 2 2 2 2 2 2
left_child=4 -2 -3 -4 5 6 8 -8 -1 -7
right_child=1 2 3 -5 -6 9 7 -9 -10 -11
leaf_value=-0.041975948600265683 0.19223832870217453 0.072048958638552291 0.021245438567278899 -0.045331240084899985 -0.042322418177236226 -0.041956269574927756 -0.041924977868215578 -0.041872062433441201 -0.041936299447844771 -0.041984363639294822
leaf_weight=0.19926912803202856 1.2256554039195178 0.8441458931192759 0.75243485439568747 1.1810455997474489 0.16517259553074826 0.20492294337600458 4.8649748861789703 0.15165015961974848 0.49472435144707561 0.22239608224481344
leaf_count=23 8 23 18 34 11 25 670 26 65 25
internal_value=-0.000530295 0.0646683 0.00837671 -0.0194222 -0.0419397 -0.0419294 -0.0419263 -0.0419234 -0.0419477 -0.0419709
internal_weight=10.3064 4.00328 2.77763 1.93348 6.30311 6.13794 5.71062 5.01663 0.693993 0.427319
internal_count=928 83 75 52 845 834 784 696 88 50
is_linear=0
shrinkage=0.05


Tree=59
num_leaves=11
num_cat=0
split_feature=3 6 7 1 2 1 1 8 0 2
split_gain=25.9553 3.58478 4.98538 7.08217e-06 1.78059e-06 2.09325e-06 1.26993e-06 1.18032e-06 8.18403e-07 3.16448e-07
threshold=0.90222567120622355 90.500000000000014 4.5000000000000009 33780.100000000013 4839.4500000000007 31888.915000000005 35940.860000000008 2.5000000000000004 34459.950000000004 4412.8250000000016
decision_type=2 2 2 2 2 2 2 2 2 2
left_child=3 -2 -3 4 7 8 -5 -1 -6 -9
right_child=1 2 -4 6 5 -7 -8 9 -10 -11
leaf_value=-0.042392320767224406 0.10931436660427805 -0.020171530481613235 0.076806251910336104 -0.042363948833045673 -0.042257217401013229 -0.04214708242514556 -0.0424740947068772 -0.042275248537885439 -0.042284224628558353 -0.042333129545484405
leaf_weight=0.45841579698026436 3.1469603814184648 2.0303482040762901 3.8159956634044647 0.69644170254468807 5.4050029162317479 0.35009249113500196 0.41920456103980541 0.66281023621559121 5.8315602578222752 0.36683257482945919
leaf_count=23 32 37 24 36 330 26 19 39 342 20
internal_value=-0.000167618 0.0662877 0.0431273 -0.0422844 -0.0422741 -0.0422675 -0.0424053 -0.0423256 -0.0422712 -0.0422959
internal_weight=23.1837 8.9933 5.84634 14.1904 13.0747 11.5867 1.11565 1.48806 11.2366 1.02964
internal_count=928 93 61 835 780 698 55 82 672 59
is_linear=0
shrinkage=0.05


Tree=60
num_leaves=17
num_cat=0
split_feature=2 4 0 2 0 3 7 8 7 0 2 2 4 3 0 2
split_gain=94.287 38.3258 9.03419 9.54698 5.07705 3.93671 1.77298 2.72759 1.03401 3.85595 0.909834 0.700172 0.413528 0.0201487 0.00159492 0.000773555
threshold=9006.3350000000009 38272.500000000007 32651.400000000005 14491.760000000002 31854.300000000003 0.72889949234810547 2.5000000000000004 2.5000000000000004 5.5000000000000009 34459.950000000004 8583.1650000000027 11487.635 46250.000000000007 0.56782626608460707 38206.700000000004 10310.100000000002
decision_type=2 2 2 2 2 2 2 2 2 2 2 2 2 2 2 2
left_child=4 2 3 -2 -1 6 7 -3 10 -10 12 -8 -6 -4 -11 -15
right_child=1 5 13 -5 8 -7 11 -9 9 14 -12 -13 -14 15 -16 -17
leaf_value=0.0074017634713493792 -0.030602697773558975 0.061149466004718406 -0.052740191496339545 0.071260161365499577 -0.048417369020681528 0.02691659825364684 0.053987457331348535 0.024816273021615057 0.010192953299709704 -0.047934692602558927 -0.018777964030259678 0.073719319852084783 -0.039025782500676731 -0.047769519900389336 -0.049362459544542797 -0.048697507666130437
leaf_weight=5.5476720333099356 5.0533973947167414 19.467023879289631 3.4195713847875586 4.2220931053161621 45.889275513589382 10.240928769111632 5.6663307845592525 7.0311879515647879 4.1897139847278586 5.4021844118833524 3.2257017195224753 21.763699114322662 15.741832770407198 4.5212338566780073 3.0661564394831657 4.4618509262800217
leaf_count=28 32 67 18 17 329 39 20 25 20 40 20 76 112 34 20 31
internal_value=-0.000827774 0.035918 -0.0215603 0.0157641 -0.0388055 0.0553358 0.0607326 0.0515086 -0.0421125 -0.0290408 -0.0446637 0.0696432 -0.0460186 -0.0494738 -0.0484516 -0.0482304
internal_weight=168.91 85.8473 21.6781 9.27549 83.0625 64.1692 53.9282 26.4982 77.5149 12.6581 64.8568 27.43 61.6311 12.4027 8.46834 8.98308
internal_count=928 359 132 49 569 227 188 92 541 80 461 96 441 83 60 65
is_linear=0
shrinkage=0.05


Tree=61
num_leaves=21
num_cat=0
split_feature=2 8 3 7 0 3 2 5 1 7 0 0 6 5 6 0 0 8 1 0
split_gain=48.4785 19.4069 33.3238 13.2556 11.2098 10.9201 8.28897 5.98219 4.99977 4.47106 6.62008 1.76958 1.15394 0.674992 0.658685 1.37387 0.335299 0.0136367 0.00692125 0.000524843
threshold=4839.4500000000007 2.5000000000000004 0.7671545948404771 2.5000000000000004 40214.350000000006 0.80118419382584205 12197.720000000003 22.500000000000004 28484.680000000004 5.5000000000000009 34427.200000000004 36694.700000000004 95.500000000000014 22.500000000000004 90.500000000000014 34999.55000000001 33462.600000000013 2.5000000000000004 34926.080000000009 33036.150000000009
decision_type=2 2 2 2 2 2 2 2 2 2 2 2 2 2 2 2 2 2 2 2
left_child=12 2 8 5 11 6 -3 -7 13 10 -5 -4 14 -2 15 -1 -11 18 -16 -19
right_child=1 3 4 9 -6 7 -8 -9 -10 16 -12 -13 -14 -15 17 -17 -18 19 -20 -21
leaf_value=-0.019496392523479934 -0.038166446075770619 0.039598917003377726 0.032281292035116586 0.042016457520838213 -0.026057636117791095 -0.055066292156655511 -0.030379785576697561 -0.00054245664834574566 0.0066946545954852362 0.049186326884260813 0.0052522529697321381 0.063032550688684547 -0.026465845659380358 -0.052294786831272436 -0.056602477636865017 -0.053506995281189955 0.06428566070582635 -0.053318964118108707 -0.054258699734662887 -0.052663809277439383
leaf_weight=4.9073612391948682 15.11941461265087 19.772369801998142 7.4304645955562654 37.926708877086639 6.0393086373805991 9.0043366998434067 5.3838868886232367 11.399596095085144 5.1666754186153403 5.3980823308229473 18.083033531904221 12.630500853061674 6.2966182380914679 19.175950944423676 5.2483964413404465 7.5186884254217148 11.529691308736799 4.9133619517087945 7.877748116850853 8.0904699712991697
leaf_count=20 72 71 26 143 23 43 20 40 18 20 63 46 26 92 23 37 43 24 37 41
internal_value=0.000300506 0.0116591 -0.010168 0.0237356 0.0336635 0.00257646 0.0246222 -0.024604 -0.0391583 0.0369526 0.0301469 0.0516425 -0.0463113 -0.0460662 -0.0495522 -0.0400753 0.0594706 -0.0540589 -0.0551958 -0.0529114
internal_weight=228.913 184.06 65.5623 118.498 26.1003 45.5602 25.1563 20.4039 39.462 72.9375 56.0097 20.061 44.8526 34.2954 38.556 12.426 16.9278 26.13 13.1261 13.0038
internal_count=928 720 277 443 95 174 91 83 182 269 206 72 208 164 182 57 63 125 60 65
is_linear=0
shrinkage=0.05


Tree=62
num_leaves=21
num_cat=0
split_feature=2 7 1 6 4 1 4 2 8 4 1 4 3 0 3 3 1 4 7 7
split_gain=69.9075 12.7302 10.9865 6.51396 6.31186 13.6317 7.76002 4.84781 3.71287 8.26335 9.34156 27.4237 0.983188 0.0242058 0.0040267 0.00175467 0.000708571 0.000173858 4.9583e-05 2.66737e-05
threshold=7775.1550000000007 4.5000000000000009 32425.355000000007 95.500000000000014 39905.000000000007 29407.655000000002 36337.500000000007 4748.6050000000005 2.5000000000000004 43067.500000000007 24920.520000000004 35865.000000000007 0.92314693386777191 34427.200000000004 0.72481032498055364 0.840954044374982 28400.270000000004 42275.000000000007 3.5000000000000004 2.5000000000000004
decision_type=2 2 2 2 2 2 2 2 2 2 2 2 2 2 2 2 2 2 2 2
left_child=1 3 15 4 6 -6 -1 -5 14 10 13 -12 -4 -10 17 -3 -16 19 -19 -2
right_child=8 2 12 7 5 -7 -8 -9 9 -11 11 -13 -14 -15 16 -17 -18 18 -20 -21
leaf_value=0.021041829955637206 -0.049353503407149085 -0.049617778946886952 0.0089292058427993797 0.030723089227649682 -0.04716140985417392 0.035878458442478132 0.067559831492618044 -0.034881681768321897 -0.049151687535649621 0.033989209225515703 0.094987556254057082 -0.047420688111566217 0.036604451643514078 -0.05253448525890772 -0.050863877313290097 -0.051065983604584156 -0.049923286895370948 -0.049063460306044318 -0.048862838138190416 -0.049181650199581581
leaf_weight=13.383566394448279 3.786902874708181 6.17448937892914 7.4192498773336393 5.5777076631784421 5.7249892055988303 36.143684297800064 27.15644097328186 5.6868949085474014 23.744481965899471 4.9773873686790457 4.944259285926818 10.689523994922636 5.6554087102413177 6.8033973872661582 4.0641556680202466 3.1630668342113495 3.9466374665498734 6.2988548278808576 6.0261762589216232 5.5922923535108566
leaf_count=51 24 39 27 19 27 131 95 25 155 22 18 58 20 35 23 18 24 41 40 36
internal_value=0.000303042 0.0251663 -0.00868403 0.0332654 0.0381402 0.0245239 0.0522027 -0.00239725 -0.0353854 -0.0272206 -0.0338177 -0.00238339 0.0209001 -0.0499051 -0.0494424 -0.0501084 -0.0504005 -0.0490888 -0.0489654 -0.049251
internal_weight=196.96 116.085 22.4122 93.6733 82.4087 41.8687 40.54 11.2646 80.8741 51.1591 46.1817 15.6338 13.0747 30.5479 29.715 9.33756 8.01079 21.7042 12.325 9.3792
internal_count=928 452 104 348 304 158 146 44 476 288 266 76 47 190 188 57 47 141 81 60
is_linear=0
shrinkage=0.05


Tree=63
num_leaves=13
num_cat=0
split_feature=3 4 3 3 2 2 7 2 1 1 2 2
split_gain=12.2701 6.64755 9.23929 4.12639 2.48302 0.000429452 4.70106e-05 3.39325e-05 1.92229e-05 9.60443e-07 6.72245e-07 4.62006e-07
threshold=0.8246692060773978 35555.000000000007 0.90292046884602162 0.9278639203289426 2969.2700000000004 5961.6050000000005 1.0000000180025095e-35 6351.8750000000009 36281.755000000005 27645.535000000007 8583.1650000000027 9006.3350000000009
decision_type=2 2 2 2 2 2 2 2 2 2 2 2
left_child=5 -2 6 4 -4 -1 -3 -7 -8 10 -9 -11
right_child=1 2 3 -5 -6 7 8 9 -10 11 -12 -13
leaf_value=-0.043612996821064745 0.11289023306807672 -0.04276881558406951 0.12604300299304033 -0.015707204450419426 0.050524617093536964 -0.042676688517920891 -0.042270024620868214 -0.042172836201698698 -0.042661702930873097 -0.042227735517962731 -0.042211891085876155 -0.042281554995002246
leaf_weight=0.60308310110122221 2.1587803065776816 0.66971346922218611 1.7010649535804985 1.5762000717222688 3.0224546082317829 0.4130935063585629 3.0402482887730007 1.399448674172161 0.34924003854393948 1.3165411707013843 5.181095389649272 0.5720079457387327
leaf_count=17 15 24 16 32 42 22 186 100 13 85 342 34
internal_value=0.000571541 0.0330739 0.0164404 0.054345 0.0777208 -0.0423219 -0.042386 -0.0422342 -0.0423104 -0.0422126 -0.0422036 -0.042244
internal_weight=22.003 12.5177 10.3589 6.29972 4.72352 9.48527 4.0592 8.88219 3.38949 8.46909 6.58054 1.88855
internal_count=928 328 313 90 58 600 223 583 199 561 442 119
is_linear=0
shrinkage=0.05


Tree=64
num_leaves=12
num_cat=0
split_feature=3 4 7 6 3 0 1 2 1 8 4
split_gain=10.1554 8.7706 1.76485 2.16345 1.30528 8.91153e-06 3.35009e-07 1.50743e-07 1.67493e-07 1.23899e-07 3.53961e-08
threshold=0.90541730792825437 36767.500000000007 5.5000000000000009 94.500000000000014 0.93146163167540152 42288.750000000007 33780.100000000013 4839.4500000000007 31888.915000000005 2.5000000000000004 47985.000000000007
decision_type=2 2 2 2 2 2 2 2 2 2 2
left_child=5 -2 3 4 -3 6 7 9 -9 -1 -8
right_child=1 2 -4 -5 -6 -7 10 8 -10 -11 -12
leaf_value=-0.041968891819073539 0.16317985520848477 0.061379658739452184 -0.046186291085543597 0.11320044779995792 -0.045552927289433685 -0.042296180305699579 -0.041944452975464064 -0.041911498426147976 -0.041855946088725032 -0.041921380325818741 -0.04197381345202611
leaf_weight=0.19433572515845288 1.3748212493956087 0.48170526511967204 0.9586983467452227 0.62251495150849212 0.70020987931638956 0.15858449973165978 0.19659510534256686 4.6029625092633069 0.13980585103854526 0.46686705900356174 0.21482273610308766
leaf_count=23 8 35 16 12 12 11 25 670 26 65 25
internal_value=-0.000223832 0.0599823 0.00863534 0.0377622 -0.00197113 -0.0419264 -0.0419163 -0.041913 -0.0419099 -0.0419353 -0.0419598
internal_weight=10.1119 4.13795 2.76313 1.80443 1.18192 5.97397 5.81539 5.40397 4.74277 0.661203 0.411418
internal_count=928 83 75 59 47 845 834 784 696 88 50
is_linear=0
shrinkage=0.05


Tree=65
num_leaves=11
num_cat=0
split_feature=3 4 2 1 2 1 8 1 7 2
split_gain=23.46 3.10726 2.55111 7.27837e-06 1.90235e-06 2.12414e-06 1.60373e-06 1.1231e-06 9.51951e-07 3.43662e-07
threshold=0.90222567120622355 44735.000000000007 3044.9200000000005 33780.100000000013 4839.4500000000007 31888.915000000005 2.5000000000000004 35940.860000000008 1.5000000000000002 4457.4100000000008
decision_type=2 2 2 2 2 2 2 2 2 2
left_child=3 -2 -3 4 6 8 -1 -5 -6 -8
right_child=1 2 -4 7 5 -7 9 -9 -10 -11
leaf_value=-0.042375300057512458 0.0056537670427539025 0.042858358193124432 0.10215306091202572 -0.042338476528593141 -0.0422631073136907 -0.042109035356495662 -0.042240310625673988 -0.042444042784035435 -0.04222985160535065 -0.042303859485218726
leaf_weight=0.44698406942188984 2.0037652458995563 3.2561005372554064 4.0957968570291996 0.67114089429378398 2.9962950861081445 0.32282776385545808 0.65758435800671577 0.40337535925209522 7.6359155466780066 0.31448662560433149
leaf_count=23 35 32 26 36 183 26 41 19 489 18
internal_value=4.51771e-05 0.0608485 0.0758919 -0.0422533 -0.0422424 -0.0422354 -0.0422969 -0.0423781 -0.0422392 -0.0422609
internal_weight=22.8043 9.35566 7.3519 13.4486 12.3741 10.955 1.41906 1.07452 10.6322 0.972071
internal_count=928 93 58 835 780 698 82 55 672 59
is_linear=0
shrinkage=0.05


Tree=66
num_leaves=17
num_cat=0
split_feature=2 4 1 0 3 7 8 7 0 2 4 2 4 0 2 0
split_gain=85.6717 33.2968 8.83399 4.85725 3.72493 1.70433 2.46803 1.00333 3.635 0.93025 1.84382 0.696394 0.0500913 0.0017423 0.00164134 9.87955e-05
threshold=9006.3350000000009 38272.500000000007 18512.470000000005 31854.300000000003 0.72889949234810547 2.5000000000000004 2.5000000000000004 5.5000000000000009 34459.950000000004 7936.4500000000007 40485.000000000007 11487.635 46250.000000000007 38206.700000000004 11970.935000000001 33804.650000000001
decision_type=2 2 2 2 2 2 2 2 2 2 2 2 2 2 2 2
left_child=3 2 -2 -1 5 6 -3 9 -9 12 -11 -7 -5 -10 15 -4
right_child=1 4 14 7 -6 11 -8 8 13 10 -12 -13 -14 -15 -16 -17
leaf_value=0.0070452823883931552 0.01797836420114635 0.057907526425122681 -0.04724532790490879 -0.04806511611060045 0.024760310110077961 0.050769570036954308 0.023329505227688379 0.0094701244733694668 -0.047479054840790638 -0.047488635838402703 -0.0069884789298272328 0.070601649409308687 -0.044589510472154099 -0.04900546171285361 -0.048562653692950299 -0.047630627074578213
leaf_weight=5.5385760962963095 8.7348545640707034 19.061206221580509 4.6129230409860593 35.486258745193481 10.287338942289351 5.5885092914104488 7.0762473046779624 4.172104448080062 5.0950378775596601 7.0803832709789258 4.6597403660416603 21.288093954324722 14.645014122128485 2.9530050307512283 5.005149208009243 2.6022739335894585
leaf_count=28 39 67 37 265 39 20 25 20 40 56 30 76 110 20 36 20
internal_value=-0.000934658 0.0342095 -0.0204203 -0.0381207 0.0522941 0.057637 0.0485461 -0.041497 -0.0284048 -0.0440828 -0.0314138 0.0664779 -0.0470498 -0.0480391 -0.0478669 -0.0473843
internal_weight=163.887 84.2566 20.9552 79.6301 63.3014 53.0141 26.1375 74.0915 12.2201 61.8714 11.7401 26.8766 50.1313 8.04804 12.2203 7.2152
internal_count=928 359 132 569 227 188 92 541 80 461 86 96 375 60 93 57
is_linear=0
shrinkage=0.05


Tree=67
num_leaves=22
num_cat=0
split_feature=2 2 4 7 4 0 0 7 3 2 4 0 6 4 6 8 8 8 0 1 0
split_gain=44.2561 17.4739 40.9935 8.27133 18.7297 9.39364 6.89215 5.8878 3.3273 2.32614 1.67157 2.15702 1.15462 0.976194 0.665027 1.41183 0.21037 0.0150108 0.0110496 0.00749198 0.000255998
threshold=4839.4500000000007 11424.490000000003 38272.500000000007 1.5000000000000002 40485.000000000007 33756.850000000013 32651.400000000005 5.5000000000000009 0.75144130911827578 5943.0350000000008 39497.500000000007 31873.100000000002 95.500000000000014 35865.000000000007 90.500000000000014 2.5000000000000004 2.5000000000000004 2.5000000000000004 33505.750000000007 34926.080000000009 33036.150000000009
decision_type=2 2 2 2 2 2 2 2 2 2 2 2 2 2 2 2 2 2 2 2 2
left_child=12 3 6 4 9 13 -3 -7 -6 -2 11 -4 14 -5 15 -1 -12 19 -8 -16 -19
right_child=1 2 10 5 8 7 18 -9 -10 -11 16 -13 -14 -15 17 -17 -18 20 -20 -21 -22
leaf_value=-0.020679170620931109 -0.019087599584957104 0.0094064872816972123 -0.052258407250800748 0.039389576230705173 0.00050517329828940114 0.010746197154712426 0.063570399404285979 0.050641574420434987 0.046363076483938621 -0.056345865248687024 -0.052826246585693196 -0.0039978586542604019 -0.025153900506190693 0.059202990577178177 -0.055850723255450457 -0.055037785783280259 -0.062846583661361671 -0.052210690314009559 0.066605549911046225 -0.053370460303507762 -0.051740166759667944
leaf_weight=5.6573709547519666 8.4754215776920336 10.354299515485765 5.3914034664630908 9.0185190141201037 5.4079930335283306 48.3368861079216 5.9917015731334669 11.435969576239584 14.727639868855475 8.2835363894700986 13.76579475402832 4.0580006241798401 6.1743252128362647 20.010017514228821 5.0979501456022263 6.3410372883081436 8.455121710896492 4.6371137946844101 6.0029283165931702 7.5594439059495926 7.67596834897995
leaf_count=27 31 37 28 36 20 182 23 45 55 40 71 20 26 78 23 30 32 24 22 37 41
internal_value=0.00030666 0.0112237 -0.0125588 0.0214446 0.00154581 0.0297119 0.0392914 0.0183791 0.0340466 -0.0375034 -0.0491482 -0.0315331 -0.0451689 0.0530474 -0.0485117 -0.0388374 -0.056639 -0.0531603 0.0650894 -0.0543694 -0.0519174
internal_weight=222.858 179.715 54.0192 125.696 36.8946 88.8014 22.3489 59.7729 20.1356 16.759 31.6703 9.4494 43.1432 29.0285 36.9689 11.9984 22.2209 24.9705 11.9946 12.6574 12.3131
internal_count=928 720 233 487 146 341 82 227 75 71 151 48 208 114 182 57 103 125 45 60 65
is_linear=0
shrinkage=0.05


Tree=68
num_leaves=21
num_cat=0
split_feature=2 7 1 6 4 1 4 2 8 4 1 4 3 0 3 3 1 4 7 1
split_gain=62.6178 11.2628 10.0624 5.89193 5.87747 12.4489 7.05764 4.37115 3.6894 7.72673 9.09517 25.0578 0.868816 0.0196631 0.00433907 0.00186465 0.000720728 0.000161524 6.88483e-05 3.14308e-05
threshold=7775.1550000000007 4.5000000000000009 32425.355000000007 95.500000000000014 39905.000000000007 29407.655000000002 36337.500000000007 4748.6050000000005 2.5000000000000004 43067.500000000007 24920.520000000004 35865.000000000007 0.92314693386777191 34427.200000000004 0.72481032498055364 0.840954044374982 28400.270000000004 42342.500000000007 3.5000000000000004 15878.780000000002
decision_type=2 2 2 2 2 2 2 2 2 2 2 2 2 2 2 2 2 2 2 2
left_child=1 3 15 4 6 -6 -1 -5 14 10 13 -12 -4 -10 17 -3 -16 19 -19 -2
right_child=8 2 12 7 5 -7 -8 -9 9 -11 11 -13 -14 -15 16 -17 -18 18 -20 -21
leaf_value=0.020087298054485805 -0.048514717056197046 -0.049044030977517999 0.0080900817410766018 0.028662072745611264 -0.046481272049480896 0.033675922786303297 0.064613126039924071 -0.033985675297146571 -0.048620528933181736 0.032498482795956823 0.089598759074008133 -0.046556901428313757 0.034038601110734139 -0.051744473740766586 -0.05036109772915022 -0.050572623485869328 -0.049392336938892306 -0.048494117521820056 -0.048236391903055863 -0.048700596668098055
leaf_weight=13.365943044424055 3.4913782477378899 5.8309057652950305 7.4066163152456266 5.5585032701492292 5.5968186855316153 36.002415999770164 26.633812218904495 5.5789544433355331 22.485836148262027 5.0369120091199866 5.0418930351734152 10.246818408370016 5.7148616909980774 6.4912848323583594 3.9154357463121405 3.0326880514621735 3.7670301795005798 4.7900755107402784 5.6451994925737381 6.5235187560319901
leaf_count=51 24 39 27 19 27 131 95 25 155 22 18 58 20 35 23 18 24 33 40 44
internal_value=0.000316186 0.0237659 -0.00841007 0.0313939 0.03605 0.0228915 0.0497348 -0.00271932 -0.0344249 -0.0261807 -0.0328577 -0.00165565 0.0193916 -0.0493203 -0.048873 -0.049567 -0.0498861 -0.0484924 -0.0483547 -0.0486358
internal_weight=192.157 114.722 21.9851 92.7364 81.599 41.5992 39.9998 11.1375 77.4354 49.3027 44.2658 15.2887 13.1215 28.9771 28.1326 8.86359 7.68247 20.4502 10.4353 10.0149
internal_count=928 452 104 348 304 158 146 44 476 288 266 76 47 190 188 57 47 141 73 68
is_linear=0
shrinkage=0.05


Tree=69
num_leaves=13
num_cat=0
split_feature=3 4 3 3 3 2 7 1 2 1 7 2
split_gain=11.39 5.29888 8.37686 3.51774 2.01394 0.000380927 4.34653e-05 1.74053e-05 8.18866e-06 1.07469e-06 7.85632e-07 3.98001e-07
threshold=0.8246692060773978 35555.000000000007 0.90292046884602162 0.9278639203289426 0.92175716818062936 6110.4600000000009 1.0000000180025095e-35 36281.755000000005 6707.0300000000016 27645.535000000007 1.5000000000000002 9006.3350000000009
decision_type=2 2 2 2 2 2 2 2 2 2 2 2
left_child=5 -2 6 4 -4 -1 -3 -8 -7 10 -10 -11
right_child=1 2 3 -5 -6 8 7 -9 9 11 -12 -13
leaf_value=-0.043382261854961621 0.099177785062564652 -0.042731643768645244 0.031221997432837961 -0.015151545715238508 0.096577857761166286 -0.042419950585229946 -0.042242150230365184 -0.042622442168508794 -0.042210179381312073 -0.042201823824639099 -0.042164912806028534 -0.042253787980442825
leaf_weight=0.7349025877192642 2.3431179076433173 0.64429649896919583 1.9307423904538152 1.5512764938175676 3.0263629946857691 0.38318349141627361 2.8868225496262316 0.33588306047022332 1.1862577153369782 1.1346270460635421 4.9929826101288199 0.54570517037063826
leaf_count=25 15 24 34 32 24 24 186 13 80 77 360 34
internal_value=0.00082826 0.0312654 0.0159284 0.050559 0.0711224 -0.0422915 -0.0423567 -0.0422818 -0.0421942 -0.0421832 -0.0421736 -0.0422187
internal_weight=21.6962 12.7185 10.3754 6.50838 4.95711 8.97766 3.867 3.22271 8.24276 7.85957 6.17924 1.68033
internal_count=928 328 313 90 58 600 223 199 575 551 440 111
is_linear=0
shrinkage=0.05


Tree=70
num_leaves=12
num_cat=0
split_feature=3 4 3 3 0 0 1 2 8 1 4
split_gain=9.266 6.98667 1.76823 1.38346 2.41535 7.93188e-06 3.3378e-07 1.54939e-07 1.58398e-07 1.53844e-07 3.80444e-08
threshold=0.90541730792825437 36767.500000000007 0.95795537991178215 0.92661026349749798 39997.05000000001 42288.750000000007 33780.100000000013 4839.4500000000007 2.5000000000000004 31888.915000000005 47985.000000000007
decision_type=2 2 2 2 2 2 2 2 2 2 2
left_child=5 -2 3 4 -3 6 7 8 -1 -9 -8
right_child=1 2 -4 -5 -6 -7 10 9 -10 -11 -12
leaf_value=-0.041961869229395037 0.14265602852705458 -0.042016682219564845 0.067201491374613717 -0.046384038365022424 0.16876637512342207 -0.042270095609632144 -0.041931834590672352 -0.041898747968454719 -0.041907182500569871 -0.041843645584683092 -0.041962913974613214
leaf_weight=0.18938263319432724 1.498023761436343 0.31995946960523758 0.87775268405675877 1.3305126987397669 0.23626960208639503 0.15189012978225935 0.1878796238452195 4.352926888037473 0.44015861907973886 0.13046805001795281 0.20690100593492389
leaf_count=23 8 34 8 23 10 11 25 670 65 26 25
internal_value=1.91257e-05 0.0556959 0.00857389 -0.0187009 0.0475177 -0.0419137 -0.0419038 -0.0419004 -0.0419236 -0.0418971 -0.0419481
internal_weight=9.92213 4.26252 2.76449 1.88674 0.556229 5.65961 5.50772 5.11294 0.629541 4.48339 0.394781
internal_count=928 83 75 67 44 845 834 784 88 696 50
is_linear=0
shrinkage=0.05


Tree=71
num_leaves=12
num_cat=0
split_feature=3 6 2 3 1 2 8 1 7 1 1
split_gain=21.3384 2.8761 3.02285 1.38209 7.15078e-06 1.98187e-06 2.03201e-06 1.94693e-06 1.14852e-06 1.0527e-06 3.03722e-07
threshold=0.90222567120622355 91.500000000000014 3276.9450000000002 0.91434156948823631 33780.100000000013 4839.4500000000007 3.5000000000000004 31888.915000000005 1.5000000000000002 35940.860000000008 28686.760000000006
decision_type=2 2 2 2 2 2 2 2 2 2 2
left_child=4 2 -2 -3 5 6 -1 8 -7 -6 -8
right_child=1 3 -4 -5 9 7 10 -9 -10 -11 -12
leaf_value=-0.042341252936701601 0.047429949882809887 0.060237989663658821 0.12703107264968849 0.0062252100373402491 -0.04231078603051483 -0.042235864240036891 -0.042246194780380469 -0.042080020848427629 -0.042198376302658186 -0.042415046583331284 -0.042183654901342189
leaf_weight=0.57154785189777857 2.6156378760933858 2.057710574939847 2.192293256521225 2.7904930859804153 0.64381223544478305 2.852092658169564 0.41831665486097336 0.3013084754347809 7.203181560151279 0.3880186565220356 0.3622471047565341
leaf_count=31 28 14 15 36 36 183 26 26 489 19 25
internal_value=0.000264289 0.0563241 0.083726 0.0291497 -0.0422238 -0.0422127 -0.0422696 -0.0422053 -0.042209 -0.04235 -0.0422172
internal_weight=22.3967 9.65613 4.80793 4.8482 12.7405 11.7087 1.35211 10.3566 10.0553 1.03183 0.780564
internal_count=928 93 43 50 835 780 82 698 672 55 51
is_linear=0
shrinkage=0.05


Tree=72
num_leaves=17
num_cat=0
split_feature=2 4 1 0 8 2 1 0 7 0 2 4 4 4 1 1
split_gain=77.7263 29.0098 8.79069 4.71691 3.72193 4.68868 2.86582 2.61988 0.970611 3.42396 0.950355 1.81137 0.919755 0.0518464 0.00949279 0.00166632
threshold=9006.3350000000009 38272.500000000007 17265.230000000007 31854.300000000003 2.5000000000000004 11576.620000000001 28400.270000000004 32445.900000000005 5.5000000000000009 34459.950000000004 7936.4500000000007 40485.000000000007 41310.000000000007 46250.000000000007 19263.910000000003 34256.155000000006
decision_type=2 2 2 2 2 2 2 2 2 2 2 2 2 2 2 2
left_child=3 2 -2 -1 6 -6 12 -4 10 -10 13 -12 -3 -5 -9 -11
right_child=1 4 7 8 5 -7 -8 14 9 15 11 -13 -14 -15 -16 -17
leaf_value=0.0071826793784964234 0.051090271178140426 0.049836527431877546 -0.0058705426303152265 -0.047674418891557158 -0.011955692372773569 0.048558925365218095 0.025158941291964311 -0.050715852815183482 0.0087355114384511552 -0.047085159779282133 -0.047094653572472729 -0.0063327075468485863 0.065779262310122419 -0.044052757366470983 -0.047468809795953068 -0.04860934939818623
leaf_weight=5.4947071969509116 3.6335179507732418 13.194334775209425 5.3393265604972866 33.729136131703854 5.0270277857780448 8.8114378452301008 6.529363125562667 3.0992086902260771 4.1523819416761381 4.7839969545602798 6.6863996908068639 4.6007832735776901 28.778358489274979 13.976926043629645 8.2235430479049665 2.8682748600840569
leaf_count=28 15 48 32 265 21 30 23 19 20 40 56 30 105 110 66 20
internal_value=-0.00105288 0.0325448 -0.019376 -0.0374441 0.0494481 0.0265761 0.0559739 -0.0347427 -0.0409076 -0.0278201 -0.0435265 -0.0304796 0.0607676 -0.0466133 -0.0483576 -0.0476565
internal_weight=158.929 82.6361 20.2956 76.2926 62.3405 13.8385 48.5021 16.6621 70.7979 11.8047 58.9932 11.2872 41.9727 47.7061 11.3228 7.65227
internal_count=928 359 132 569 227 51 176 117 541 80 461 86 153 375 85 60
is_linear=0
shrinkage=0.05


Tree=73
num_leaves=21
num_cat=0
split_feature=2 2 4 4 1 8 1 7 0 4 0 6 6 1 6 8 1 2 1 1
split_gain=40.4647 15.5812 36.8144 7.53047 27.9095 7.50849 13.1596 8.32127 6.50431 1.66398 2.13646 1.14714 0.79997 0.699215 1.62118 0.177735 0.00893029 0.0066644 0.0033573 0.00226851
threshold=4839.4500000000007 11424.490000000003 38272.500000000007 35865.000000000007 24920.520000000004 2.5000000000000004 29227.645 2.5000000000000004 32651.400000000005 39497.500000000007 31873.100000000002 95.500000000000014 91.500000000000014 30449.090000000007 91.500000000000014 2.5000000000000004 19263.910000000003 3891.6350000000007 32082.000000000004 24236.980000000003
decision_type=2 2 2 2 2 2 2 2 2 2 2 2 2 2 2 2 2 2 2 2
left_child=11 3 8 4 19 6 -5 -7 -3 10 -4 13 -6 14 -1 -11 -10 18 -15 -2
right_child=1 2 9 5 12 7 -8 -9 16 15 -12 -13 -14 17 -16 -17 -18 -19 -20 -21
leaf_value=-0.014395253528078265 0.056808861665431858 0.008344795450785673 -0.051311086923939854 -0.020238014742079223 -0.065994358185644239 0.015924073201136219 0.037115181106715162 0.05351430468594847 0.0643975907137702 -0.051842299096017397 -0.0023415857797406542 -0.023994853347346159 -0.041247458497944672 -0.052860652417562951 -0.053051815624882176 -0.061237861475100075 0.061621726295272863 -0.053609889055053567 -0.051328563860942811 0.058318371012220052
leaf_weight=4.5968217849731428 4.6731133162975329 10.280909344553949 5.0870714485645312 19.196166634559631 6.4034366905689222 25.568112328648567 20.880830571055412 34.707338273525238 5.6026632934808713 13.007193833589554 3.9620697945356369 6.0656885951757422 6.6644458770751953 5.0610426962375703 6.6154557317495346 8.2108930945396423 6.000593975186348 6.9743055403232566 12.183681070804594 5.3250274360179901
leaf_count=21 20 37 28 80 26 100 78 136 21 71 20 26 25 26 34 32 24 34 67 22
internal_value=0.000317754 0.0108131 -0.012101 0.0204956 -0.0052658 0.0264168 0.00964402 0.037569 0.0373035 -0.0478221 -0.0298703 -0.0440869 -0.0533738 -0.0475265 -0.0372034 -0.0554782 0.0629621 -0.0523057 -0.0517782 0.0576128
internal_weight=217.067 175.57 52.1514 123.418 23.066 100.352 40.077 60.2755 21.8842 30.2672 9.04914 41.497 13.0679 35.4313 11.2123 21.2181 11.6033 24.219 17.2447 9.99814
internal_count=928 720 233 487 93 394 158 236 82 151 48 208 51 182 55 103 45 127 93 42
is_linear=0
shrinkage=0.05


Tree=74
num_leaves=21
num_cat=0
split_feature=2 7 1 6 4 1 4 2 8 4 1 4 8 0 3 3 1 4 7 1
split_gain=56.1864 9.92252 9.30431 5.39371 5.32072 11.3575 6.39757 3.94118 3.62597 7.16593 8.81404 22.8964 0.800761 0.0172013 0.00420095 0.00207951 0.000606509 0.000122317 7.21865e-05 4.28563e-05
threshold=7775.1550000000007 4.5000000000000009 32425.355000000007 95.500000000000014 39905.000000000007 29407.655000000002 36337.500000000007 4748.6050000000005 2.5000000000000004 43067.500000000007 24920.520000000004 35865.000000000007 2.5000000000000004 34427.200000000004 0.72481032498055364 0.840954044374982 28484.680000000004 42342.500000000007 3.5000000000000004 15878.780000000002
decision_type=2 2 2 2 2 2 2 2 2 2 2 2 2 2 2 2 2 2 2 2
left_child=1 3 15 4 6 -6 -1 -5 14 10 13 -12 -4 -10 17 -3 -16 19 -19 -2
right_child=8 2 12 7 5 -7 -8 -9 9 -11 11 -13 -14 -15 16 -17 -18 18 -20 -21
leaf_value=0.019126239330788476 -0.047917787289665642 -0.048504246520187075 0.029812213450063036 0.026586036670511504 -0.045647178124253729 0.031821261349721401 0.061729071199627221 -0.033249458125519958 -0.048114162536581961 0.03068651825070088 0.084564239887409576 -0.045763249968691688 0.0050661038404423604 -0.051100556070684755 -0.049750749235568034 -0.050155411560573793 -0.048835953196094878 -0.047958695059473172 -0.047686519366290932 -0.048141906596384329
leaf_weight=13.327215835452078 3.2669032812118584 5.5023210421204585 6.9996211528778058 5.5326081663370115 5.4499668776988974 35.874328270554543 26.010359168052673 5.4756990373134613 21.268217295408252 5.1090310662984839 5.1267743706703177 9.8350100517272931 6.1338666826486588 6.2354316860437384 4.0566246807575217 2.9181882739067078 3.2743613868951797 4.5134323984384519 5.2929936051368713 6.14563849568367
leaf_count=51 24 39 25 19 27 131 95 25 155 22 18 58 22 35 25 18 22 33 40 44
internal_value=0.000320891 0.0224759 -0.00804954 0.0296532 0.0341337 0.0216045 0.0472956 -0.00317705 -0.0335206 -0.0252593 -0.0319902 -0.0011055 0.0182548 -0.0487912 -0.0483238 -0.0490765 -0.0493422 -0.0479354 -0.0478118 -0.0480641
internal_weight=187.349 113.224 21.554 91.6702 80.6619 41.3243 39.3376 11.0083 74.1244 47.5745 42.4654 14.9618 13.1335 27.5036 26.55 8.42051 7.33099 19.219 9.80643 9.41254
internal_count=928 452 104 348 304 158 146 44 476 288 266 76 47 190 188 57 47 141 73 68
is_linear=0
shrinkage=0.05


Tree=75
num_leaves=14
num_cat=0
split_feature=3 6 0 3 3 3 7 3 2 2 1 7 2
split_gain=10.6186 5.08654 3.84314 3.66218 7.33345 3.59953 1.20555 0.00056411 0.000358393 7.51287e-06 1.11991e-06 8.7532e-07 3.51961e-07
threshold=0.8246692060773978 90.500000000000014 40654.500000000007 0.8295508821856431 0.91821355705154029 0.82547989869029792 4.5000000000000009 0.90541730792825437 6110.4600000000009 6707.0300000000016 27645.535000000007 1.5000000000000002 7520.2900000000009
decision_type=2 2 2 2 2 2 2 2 2 2 2 2 2
left_child=8 3 5 -2 7 -3 -7 -5 -1 -10 11 -11 -12
right_child=1 2 -4 4 -6 6 -8 -9 9 10 12 -13 -14
leaf_value=-0.043340949957142369 0.15543011228204587 0.10281880878815675 0.1253205767738754 -0.042473718665108746 0.09193686420369529 -0.033194019894617025 0.017270973822942487 -0.044512918536008361 -0.04238813781827875 -0.042183997339590745 -0.042150134991421957 -0.042134967972695794 -0.042204955415343137
leaf_weight=0.70736446604132819 0.95022310409694721 0.66122451052069653 0.58726190775632847 0.97655436675995566 3.053992997854948 4.5190810495987535 1.6033021425828335 0.51959111914038658 0.36126703862100829 1.1291914479807017 0.38599805999547232 4.6964810509234667 1.2124366434291003
leaf_count=25 6 7 12 51 17 177 48 10 24 80 29 360 82
internal_value=0.00113256 0.0297662 0.00261386 0.0661523 0.047508 -0.00800895 -0.0199785 -0.0431819 -0.0422634 -0.0421655 -0.0421546 -0.0421445 -0.0421917
internal_weight=21.364 12.8712 7.37087 5.50036 4.55014 6.78361 6.12238 1.49615 8.49274 7.78537 7.42411 5.82567 1.59843
internal_count=928 328 244 84 78 232 225 61 600 575 551 440 111
is_linear=0
shrinkage=0.05


Tree=76
num_leaves=10
num_cat=0
split_feature=3 0 6 0 1 2 8 1 4
split_gain=8.48238 6.35801 0.778349 6.78439e-06 3.14319e-07 1.65991e-07 1.88632e-07 1.33631e-07 3.56897e-08
threshold=0.90541730792825437 36066.750000000007 90.500000000000014 42288.750000000007 33780.100000000013 4839.4500000000007 2.5000000000000004 31888.915000000005 48015.000000000007
decision_type=2 2 2 2 2 2 2 2 2
left_child=3 -2 -3 4 5 6 -1 -7 -6
right_child=1 2 -4 -5 8 7 -8 -9 -10
leaf_value=-0.041954885425893491 0.10390215206200366 0.020900473434951865 -0.0449201869881872 -0.042239659235130934 -0.041920662651487403 -0.041886228457523156 -0.041894113975766069 -0.04183331712111138 -0.041951437513027323
leaf_weight=0.18438422633334983 2.5091917188838124 0.75833312515169371 1.1016211966052649 0.14387585781514634 0.19451627228409041 4.1132459091022611 0.41527524776756763 0.12289552111178625 0.18268930166959763
leaf_count=23 31 18 34 11 27 670 65 26 23
internal_value=0.000269012 0.0519724 -0.0180841 -0.041901 -0.0418916 -0.0418882 -0.0419128 -0.0418847 -0.0419356
internal_weight=9.72603 4.36915 1.85995 5.35688 5.21301 4.8358 0.599659 4.23614 0.377206
internal_count=928 83 52 845 834 784 88 696 50
is_linear=0
shrinkage=0.05


Tree=77
num_leaves=11
num_cat=0
split_feature=3 6 7 1 2 4 1 7 1 1
split_gain=19.4899 2.43944 3.89163 6.58324e-06 2.13915e-06 2.41527e-06 1.68704e-06 1.22389e-06 9.55836e-07 3.0311e-07
threshold=0.90222567120622355 90.500000000000014 4.5000000000000009 33780.100000000013 4839.4500000000007 39905.000000000007 31888.915000000005 1.5000000000000002 35940.860000000008 28686.760000000006
decision_type=2 2 2 2 2 2 2 2 2 2
left_child=3 -2 -3 4 5 9 7 -6 -5 -1
right_child=1 2 -4 8 6 -7 -8 -9 -10 -11
leaf_value=-0.042214603930778034 0.084953721976152183 -0.021633110350640024 0.061579306644338576 -0.042280381260577843 -0.042207783628395806 -0.042323079168239686 -0.042055677473480768 -0.042168044191661681 -0.042382044571475236 -0.04215016046396524
leaf_weight=0.39490291010588474 3.6424200721085054 2.1194297932088375 4.1686078757047653 0.61392771173268634 2.7108037322759593 0.55456659849733114 0.28384738415479738 6.7916363915428519 0.37087434902787209 0.33918956108391285
leaf_count=26 32 37 24 36 183 31 26 489 19 25
internal_value=0.000519722 0.0523931 0.0335319 -0.0421948 -0.0421838 -0.0422443 -0.0421758 -0.0421794 -0.0423187 -0.0421848
internal_weight=21.9902 9.93046 6.28804 12.0597 11.0749 1.28866 9.78629 9.50244 0.984802 0.734092
internal_count=928 93 61 835 780 82 698 672 55 51
is_linear=0
shrinkage=0.05


Tree=78
num_leaves=17
num_cat=0
split_feature=2 4 1 0 8 2 1 8 0 7 2 7 1 4 2 2
split_gain=70.5367 25.2946 8.14053 6.37717 3.66044 3.98046 2.77056 1.09472 5.16374 3.91391 1.28878 0.902913 0.00163869 0.00147249 0.00114223 6.10672e-05
threshold=9006.3350000000009 38272.500000000007 18512.470000000005 31516.750000000004 2.5000000000000004 11576.620000000001 28400.270000000004 2.5000000000000004 36568.900000000009 3.5000000000000004 8583.1650000000027 1.5000000000000002 33780.100000000013 44860.000000000007 11970.935000000001 9730.7850000000017
decision_type=2 2 2 2 2 2 2 2 2 2 2 2 2 2 2 2
left_child=3 2 -2 -1 6 -6 11 8 9 -5 13 -3 -10 -9 15 -4
right_child=1 4 14 7 5 -7 -8 10 12 -11 -12 -13 -14 -15 -16 -17
leaf_value=0.031146883590134934 0.017720150558561614 0.045275635424760735 -0.04648263473685503 -0.030424101440905502 -0.011438387501874335 0.044392977784209114 0.023316632123857428 -0.046953960106899673 -0.046798300633340909 0.037206191409055282 -0.011031405448120306 0.06260531849569749 -0.04785557119103151 -0.048054557729871161 -0.047676739002779078 -0.046789766884485967
leaf_weight=3.2979793548583975 8.7129909247159976 9.9490207731723768 3.2195826396346074 4.8103321716189402 4.9897828549146643 8.862534284591673 6.5444669872522345 37.648068763315678 5.2214994877576855 3.8526639118790627 2.6449551433324805 30.739311873912811 12.293753534555433 3.3058787733316413 4.4624090790748596 3.2543791979551315
leaf_count=15 39 36 29 31 21 30 23 323 49 17 18 117 92 24 36 28
internal_value=-0.00120389 0.0310098 -0.0183357 -0.0367941 0.0468829 0.0242818 0.0535113 -0.0400053 -0.031923 -0.000347118 -0.0448581 0.0583679 -0.0475404 -0.0470428 -0.0470613 -0.046637
internal_weight=153.81 80.7345 19.6494 73.0751 61.0851 13.8523 47.2328 69.7772 26.1782 8.663 43.5989 40.6883 17.5153 40.9539 10.9364 6.47396
internal_count=928 359 132 569 227 51 176 554 189 48 365 153 141 347 93 57
is_linear=0
shrinkage=0.05


Tree=79
num_leaves=21
num_cat=0
split_feature=2 2 4 4 1 1 0 7 4 0 6 6 6 0 8 8 1 1 1 0
split_gain=37.0637 14.0323 33.083 6.89323 25.1156 7.16958 6.05323 5.75879 1.64587 2.11422 1.14353 0.756245 0.712929 1.47373 0.148686 0.0165282 0.00824788 0.00714657 0.00154585 0.000181497
threshold=4839.4500000000007 11424.490000000003 38272.500000000007 35865.000000000007 24920.520000000004 33780.100000000013 32651.400000000005 2.5000000000000004 39497.500000000007 31873.100000000002 95.500000000000014 91.500000000000014 90.500000000000014 34999.55000000001 2.5000000000000004 2.5000000000000004 34926.080000000009 19263.910000000003 24236.980000000003 35265.700000000004
decision_type=2 2 2 2 2 2 2 2 2 2 2 2 2 2 2 2 2 2 2 2
left_child=10 3 6 4 18 7 -3 -5 9 -4 12 -6 13 -1 -10 16 -14 -8 -2 -17
right_child=1 2 8 5 11 -7 17 -9 14 -11 -12 -13 15 -15 -16 19 -18 -19 -20 -21
leaf_value=-0.014288551478178594 0.055387666781612867 0.0076195894592149573 -0.050550017785737672 0.01288597350764431 -0.063643837199502257 -0.028412143531907508 0.062189100470885189 0.038534618672849491 -0.050990660113246079 -0.00099930651407877775 -0.022870686990115359 -0.039337366882450236 -0.054572831345431283 -0.051334865470845419 -0.059770053433197051 -0.05015087813310759 -0.051881632528888423 0.059656848748932782 0.056663997716377527 -0.050587993100738277
leaf_weight=4.5309692323207837 4.4537717700004595 10.22124131023884 4.8258992731571215 35.399021819233894 6.210941329598425 5.8319984078407279 5.4053013622760755 57.324723228812218 12.259069114923479 3.8863490074872971 5.9587462395429602 6.6012060642242432 4.8127351105213183 6.5874921977519989 7.9501179158687583 7.5741659104824048 6.9704848676919937 5.7504702359437943 5.0763155221939087 3.4593831747770309
leaf_count=20 20 37 28 141 26 22 21 231 71 20 26 25 23 37 32 45 37 24 22 20
internal_value=0.000329018 0.0104429 -0.0117503 0.0196761 -0.00539936 0.0253606 0.035416 0.0287428 -0.0466128 -0.0284465 -0.0430724 -0.0511204 -0.0466196 -0.0362378 -0.0544444 -0.0516786 -0.0529808 0.0608838 0.0560675 -0.0502879
internal_weight=211.09 171.196 50.2984 120.898 22.3422 98.5557 21.377 92.7237 28.9214 8.71225 39.894 12.8121 33.9352 11.1185 20.2092 22.8168 11.7832 11.1558 9.53009 11.0335
internal_count=928 720 233 487 93 394 82 372 151 48 208 51 182 57 103 125 60 45 42 65
is_linear=0
shrinkage=0.05


Tree=80
num_leaves=21
num_cat=0
split_feature=2 7 1 6 4 1 4 2 8 4 1 4 3 0 3 3 6 4 7 7
split_gain=50.8506 8.80707 8.65004 4.99682 4.90271 10.4443 6.05645 3.55645 3.51748 6.82919 8.24942 20.0581 0.788317 0.0154218 0.00392943 0.00214413 0.000517505 0.000117403 4.86856e-05 3.44922e-05
threshold=7775.1550000000007 4.5000000000000009 32425.355000000007 95.500000000000014 39905.000000000007 29407.655000000002 36337.500000000007 4748.6050000000005 2.5000000000000004 43067.500000000007 24920.520000000004 35865.000000000007 0.92314693386777191 34459.950000000004 0.72481032498055364 0.840954044374982 91.500000000000014 42342.500000000007 3.5000000000000004 2.5000000000000004
decision_type=2 2 2 2 2 2 2 2 2 2 2 2 2 2 2 2 2 2 2 2
left_child=1 3 15 4 6 -6 -1 -5 14 10 13 -12 -4 -10 17 -3 -16 19 -19 -2
right_child=8 2 12 7 5 -7 -8 -9 9 -11 11 -13 -14 -15 16 -17 -18 18 -20 -21
leaf_value=0.017923311102084748 -0.04767109090107198 -0.048021343283397619 0.0064770738375760075 0.02465245983657649 -0.044900535953809322 0.030210517982872716 0.059582694718255141 -0.032525718825630399 -0.047634898842156451 0.029740977617037419 0.077163289546795702 -0.044981689206556791 0.031172943878075433 -0.050552820623082209 -0.048394993454766499 -0.049736752512193921 -0.049255455047832158 -0.047437464434279493 -0.04720669745756273 -0.047473614946428017
leaf_weight=13.287715524435042 4.2263671606779152 5.2089650034904498 7.3623375594615919 5.5014174580574018 5.3190636783838263 35.633186936378479 25.403603002429008 5.3781525641679764 20.180753819644455 5.1459641456603995 5.2274053692817679 9.4140781462192518 5.7591772377490997 5.8382029831409445 3.4261146262288085 2.8012087121605873 3.5662830322980881 4.2309181094169599 4.9708323776721954 4.6375950872898102
leaf_count=51 32 39 27 19 27 131 95 25 156 22 18 58 20 34 24 18 23 33 40 36
internal_value=0.000361213 0.0213864 -0.00767793 0.0281711 0.0325129 0.0204548 0.0452757 -0.00361272 -0.0327662 -0.0245271 -0.0313952 -0.00137263 0.0173164 -0.0482896 -0.0478274 -0.0486212 -0.0488338 -0.0474379 -0.0473128 -0.0475678
internal_weight=182.519 111.655 21.1317 90.5231 79.6436 40.9523 38.6913 10.8796 70.8645 45.8064 40.6604 14.6415 13.1215 26.019 25.0581 8.01017 6.9924 18.0657 9.20175 8.86396
internal_count=928 452 104 348 304 158 146 44 476 288 266 76 47 190 188 57 47 141 73 68
is_linear=0
shrinkage=0.05


Tree=81
num_leaves=13
num_cat=0
split_feature=3 6 0 3 7 8 2 2 2 1 7 2
split_gain=9.89773 4.50165 3.18363 3.10271 2.71368 2.71018 1.16493 0.000352771 2.64204e-05 1.08434e-06 9.06019e-07 2.74942e-07
threshold=0.8246692060773978 90.500000000000014 40654.500000000007 0.82547989869029792 1.5000000000000002 2.5000000000000004 2969.2700000000004 5961.6050000000005 6351.8750000000009 27645.535000000007 1.5000000000000002 7620.9700000000003
decision_type=2 2 2 2 2 2 2 2 2 2 2 2
left_child=7 4 3 -3 -2 -6 -5 -1 -9 10 -10 -11
right_child=1 2 -4 6 5 -7 -8 8 9 11 -12 -13
leaf_value=-0.043466512780173425 0.094425419066108199 0.090863087761017369 0.10813543616822306 0.017194989310845139 0.06193467418181782 -0.044704013802018702 -0.032704213251654818 -0.042573777644779806 -0.042157964129180769 -0.042135109087817216 -0.042106750503227174 -0.042178255756411293
leaf_weight=0.54419349972158837 3.0084107005968672 0.71397867053747166 0.65132954530417908 1.5944082941859958 1.7145556034520271 0.91312188003212202 4.3903438970446587 0.34745658002793778 1.0720567880198357 0.56734435353428114 4.4409995647147298 1.0572975501418111
leaf_count=17 26 7 12 36 29 29 189 22 80 44 362 75
internal_value=0.00140093 0.0283825 0.00260395 -0.00765706 0.0620006 0.0248776 -0.0194105 -0.0422374 -0.042148 -0.0421273 -0.0421167 -0.0421632
internal_weight=21.0155 12.9861 7.35006 6.69873 5.63609 2.62768 5.98475 8.02935 7.48515 7.1377 5.51306 1.62464
internal_count=928 328 244 232 84 58 225 600 583 561 442 119
is_linear=0
shrinkage=0.05


Tree=82
num_leaves=12
num_cat=0
split_feature=3 0 3 3 0 3 7 7 4 1 4
split_gain=7.77135 5.3563 1.12264 1.6437 5.89842e-06 3.21814e-07 3.11131e-07 1.09409e-07 1.60273e-07 9.02461e-08 5.59808e-08
threshold=0.90541730792825437 36066.750000000007 0.9480179345078904 0.92175716818062936 42288.750000000007 0.87106378805084106 5.5000000000000009 1.5000000000000002 35217.000000000007 27246.760000000006 39905.000000000007
decision_type=2 2 2 2 2 2 2 2 2 2 2
left_child=4 -2 3 -3 5 7 10 8 -1 -9 -7
right_child=1 2 -4 -5 -6 6 -8 9 -10 -11 -12
leaf_value=-0.041941873636818741 0.093971714797108946 0.11877612904709936 -0.045911334629326034 -0.043087853994998732 -0.042213116808907686 -0.04187003434433801 -0.041975937356546013 -0.041863534382998557 -0.041881370204769161 -0.041881601427978456 -0.041905271473989925
leaf_weight=0.12188658909872163 2.6479406291618943 0.30932061979547132 1.1931305602192877 0.31817334098741412 0.13634360674768675 0.16763749718666066 0.14848554786294699 2.0217980635352437 1.073247192893177 1.0502189805265514 0.34402556950226426
leaf_count=16 31 18 12 22 11 29 17 364 180 177 51
internal_value=0.000521846 0.0485802 -0.0174378 0.0367023 -0.0418887 -0.0418797 -0.0419122 -0.0418747 -0.0418875 -0.0418697 -0.0418937
internal_weight=9.53221 4.46857 1.82062 0.627494 5.06364 4.9273 0.660149 4.26715 1.19513 3.07202 0.511663
internal_count=928 83 52 40 845 834 97 737 196 541 80
is_linear=0
shrinkage=0.05


Tree=83
num_leaves=12
num_cat=0
split_feature=3 6 2 3 1 2 8 7 4 1 4
split_gain=17.7561 2.18243 2.36959 1.14263 5.88353e-06 2.26116e-06 2.56685e-06 1.23397e-06 2.21503e-06 8.97584e-07 8.1129e-07
threshold=0.90222567120622355 91.500000000000014 3276.9450000000002 0.91434156948823631 33780.100000000013 4125.2250000000013 2.5000000000000004 1.5000000000000002 35217.000000000007 35940.860000000008 38452.500000000007
decision_type=2 2 2 2 2 2 2 2 2 2 2
left_child=4 2 -2 -3 5 6 -1 8 -7 -6 -9
right_child=1 3 -4 -5 9 7 -8 10 -10 -11 -12
leaf_value=-0.042323608335796514 0.040045625939776265 0.05280322223023013 0.10764811296212672 0.0043693440917604845 -0.042248466951194746 -0.042310904796907071 -0.042146126903431919 -0.042121236907952768 -0.042162376644582625 -0.042349395379833468 -0.042155359113278591
leaf_weight=0.4118100060150035 2.8079569861292821 2.1196323726326227 2.4077390655875206 2.8618054948747158 0.58270703721791584 0.28037224337458466 0.40316301304847002 3.5469363797456026 2.3974253665655851 0.35418151412159204 3.4231613017618656
leaf_count=23 28 14 15 36 36 16 30 280 176 19 255
internal_value=0.000711853 0.0486473 0.0712532 0.0249783 -0.0421666 -0.0421558 -0.0422358 -0.0421491 -0.0421779 -0.0422866 -0.042138
internal_weight=21.5969 10.1971 5.2157 4.98144 11.3998 10.4629 0.814973 9.6479 2.6778 0.936889 6.9701
internal_count=928 93 43 50 835 780 53 727 192 55 535
is_linear=0
shrinkage=0.05


Tree=84
num_leaves=18
num_cat=0
split_feature=2 4 0 2 0 8 2 1 8 0 7 2 7 3 1 4 0
split_gain=64.5038 22.2628 7.80579 7.4447 6.52159 3.68649 3.40769 2.62941 1.04562 4.79239 3.14533 1.30386 0.933484 0.0171739 0.00148212 0.00115617 0.000372113
threshold=9006.3350000000009 38272.500000000007 32651.400000000005 14491.760000000002 31346.650000000005 2.5000000000000004 11576.620000000001 28400.270000000004 2.5000000000000004 36568.900000000009 3.5000000000000004 8583.1650000000027 1.5000000000000002 0.56332818810417207 33780.100000000013 44860.000000000007 34128.000000000007
decision_type=2 2 2 2 2 2 2 2 2 2 2 2 2 2 2 2 2
left_child=4 2 3 -2 -1 7 -7 12 9 10 -6 15 -3 -4 -11 -10 -15
right_child=1 5 13 -5 8 6 -8 -9 11 14 -12 -13 -14 16 -16 -17 -18
leaf_value=0.034248788923071052 -0.028206603659637054 0.042988987645061573 -0.051110166638756872 0.062594299932402633 -0.029560996465576968 -0.011070766700588687 0.040678245958345627 0.022213788186071788 -0.046622610014594411 -0.046492732342224292 0.030584013435939774 -0.010068506351632263 0.060848754988127446 -0.046215021273554369 -0.04752452162883241 -0.047623912974523536 -0.046970358390982396
leaf_weight=3.1374887377023688 4.5987870320677775 9.7106243669986707 2.7553010582923871 4.4337978661060333 4.6623774543404597 4.9591729938983908 8.8733495473861677 6.5415554195642462 35.685268566012383 4.9414689019322422 4.0724270865321159 2.5908160954713813 29.673699721693993 4.7750242203474045 11.772086411714552 3.1362782120704642 2.4760567471385002
leaf_count=14 32 36 16 17 31 21 30 23 323 49 18 18 117 46 92 24 21
internal_value=-0.00127544 0.0297527 -0.0173323 0.0163646 -0.0362039 0.0447539 0.0221254 0.0515694 -0.03951 -0.0315336 -0.00151959 -0.0444116 0.0564452 -0.0477498 -0.0472195 -0.0467035 -0.0464729
internal_weight=148.796 78.7974 19.039 9.03258 69.9982 59.7584 13.8325 45.9259 66.8607 25.4484 8.7348 41.4124 39.3843 10.0064 16.7136 38.8215 7.25108
internal_count=928 359 132 49 569 227 51 176 555 190 49 365 153 83 141 347 67
is_linear=0
shrinkage=0.05


Tree=85
num_leaves=20
num_cat=0
split_feature=2 2 4 4 1 1 6 7 4 0 0 6 1 1 6 8 2 1 1
split_gain=33.8595 12.5431 29.7952 6.28906 22.6559 6.49232 5.75852 5.24157 1.65456 2.09465 1.33061 1.14175 0.743213 1.62704 0.721951 0.124206 0.00575845 0.00204874 0.00127
threshold=4839.4500000000007 11424.490000000003 38272.500000000007 35865.000000000007 24920.520000000004 33780.100000000013 94.500000000000014 2.5000000000000004 39497.500000000007 31873.100000000002 32689.050000000003 95.500000000000014 30449.090000000007 29082.620000000003 91.500000000000014 2.5000000000000004 3891.6350000000007 32082.000000000004 24236.980000000003
decision_type=2 2 2 2 2 2 2 2 2 2 2 2 2 2 2 2 2 2 2
left_child=11 3 6 4 18 7 10 -5 9 -4 -3 12 13 -1 -6 -10 17 -14 -2
right_child=1 2 8 5 14 -7 -8 -9 15 -11 -12 -13 16 -15 -16 -17 -18 -19 -20
leaf_value=-0.052710175242333804 0.054060265463373031 0.028538816314806925 -0.049795133065853425 0.012335716127530054 -0.061594671089380652 -0.027247158122630261 -0.01121604561523256 0.036982293631694647 -0.050262030696470485 0.00049890622580665215 0.059478897566720347 -0.021745003715161169 -0.051292664975688268 -0.012901974429705799 -0.037584211101712874 -0.058462861038314301 -0.052177595172920616 -0.050034669779130903 0.055247351085620483
leaf_weight=5.6704200506210309 4.2218125462532061 5.2408549338579205 4.5441839098930377 35.054229095578194 6.0117029398679716 5.7566581964492789 5.3185025900602332 56.087151631712914 11.563314139842989 3.8026309162378311 10.312810450792311 5.8512496501207343 4.5740893632173565 4.6896427571773529 6.5329040586948395 7.6859874725341788 6.4546261578798285 11.067051604390143 4.8316172063350677
leaf_count=31 20 20 28 141 26 22 19 231 71 20 43 26 26 24 25 32 34 67 22
internal_value=0.000320353 0.0100472 -0.0113809 0.0188119 -0.00558646 0.0242502 0.0336961 0.0275029 -0.0454746 -0.0268822 0.0490535 -0.042075 -0.0457402 -0.0346904 -0.0490906 -0.0535365 -0.0509211 -0.0504026 0.0546938
internal_weight=205.271 166.964 48.4683 118.496 21.598 96.898 20.8722 91.1414 27.5961 8.34681 15.5537 38.3071 32.4558 10.3601 12.5446 19.2493 22.0958 15.6411 9.05343
internal_count=928 720 233 487 93 394 82 372 151 48 63 208 182 55 51 103 127 93 42
is_linear=0
shrinkage=0.05


Tree=86
num_leaves=20
num_cat=0
split_feature=2 7 1 6 4 1 4 8 4 1 4 2 2 0 3 3 6 7 4
split_gain=45.9358 7.92991 7.92495 4.61347 4.5576 9.52125 5.84105 3.36729 6.49552 7.67437 17.7304 3.22855 0.742798 0.0135615 0.00318313 0.00203754 0.000354593 0.000113367 3.76371e-05
threshold=7775.1550000000007 4.5000000000000009 32425.355000000007 95.500000000000014 39905.000000000007 29407.655000000002 36337.500000000007 2.5000000000000004 43067.500000000007 24920.520000000004 35865.000000000007 4748.6050000000005 3322.0600000000004 34459.950000000004 0.72481032498055364 0.840954044374982 91.500000000000014 1.5000000000000002 42342.500000000007
decision_type=2 2 2 2 2 2 2 2 2 2 2 2 2 2 2 2 2 2 2
left_child=1 3 15 4 6 -6 -1 14 9 13 -11 -5 -4 -9 17 -3 -16 -2 -19
right_child=7 2 12 11 5 -7 -8 8 -10 10 -12 -13 -14 -15 16 -17 -18 18 -20
leaf_value=0.01661316816617572 -0.04719334271823674 -0.047570216307901349 0.0059419615251082823 0.022985012959349738 -0.044107066906710818 0.028558120800409675 0.057737541299448816 -0.047204740382652439 0.028616324006369088 0.071005902045683189 -0.04430275935183154 -0.031819588750335685 0.030076025900814259 -0.050003265729110825 -0.047894491431096781 -0.049283029915141802 -0.048627683515613022 -0.046998308930218974 -0.046823278467226816
leaf_weight=13.258278235793112 4.340836785733706 4.926177695393565 7.6816041022539121 5.4653268307447416 5.1666606143116942 35.359882146120071 24.757910683751106 19.033754378557209 5.1918212324380866 5.2784240841865531 9.0488837733864766 5.286787748336792 5.4504087567329407 5.6034564971923819 3.2409674301743499 2.6814085319638252 3.3572888523340225 5.3088020607829076 7.2873840779066086
leaf_count=51 35 39 27 19 27 131 95 156 22 18 58 25 20 34 24 18 23 44 62
internal_value=0.000348118 0.0202857 -0.00756605 0.0267546 0.0309596 0.0192942 0.0433953 -0.032061 -0.0239194 -0.0309196 -0.00182109 -0.00396227 0.0159587 -0.0478412 -0.0473359 -0.0481739 -0.0482676 -0.046973 -0.046897
internal_weight=177.726 110.034 20.7396 89.2948 78.5427 40.5265 38.0162 67.6916 44.1563 38.9645 14.3273 10.7521 13.132 24.6372 23.5353 7.60759 6.59826 16.937 12.5962
internal_count=928 452 104 348 304 158 146 476 288 266 76 44 47 190 188 57 47 141 106
is_linear=0
shrinkage=0.05


Tree=87
num_leaves=14
num_cat=0
split_feature=3 6 0 3 3 3 7 3 2 2 1 7 0
split_gain=9.21468 3.96062 2.70362 2.70401 2.45401 6.22868 1.12716 0.000550583 0.000336943 2.44339e-05 1.0167e-06 9.76116e-07 2.14934e-07
threshold=0.8246692060773978 90.500000000000014 40654.500000000007 0.82547989869029792 0.8295508821856431 0.91821355705154029 4.5000000000000009 0.90541730792825437 5961.6050000000005 6351.8750000000009 27645.535000000007 1.5000000000000002 39719.850000000013
decision_type=2 2 2 2 2 2 2 2 2 2 2 2 2
left_child=8 4 3 -3 -2 7 -5 -6 -1 -10 11 -11 -12
right_child=1 2 -4 6 5 -7 -8 -9 9 10 12 -13 -14
leaf_value=-0.043431465359547922 0.12589456383984296 0.081253093429426937 0.095446244493223004 -0.032406163045810198 -0.042500035177864465 0.08099474650370822 0.016687264093198026 -0.04454119969981625 -0.042543532115496829 -0.042134130500195835 -0.042144508310232164 -0.04207954940107056 -0.042092737766671912
leaf_weight=0.52745938301086681 1.0804078914225081 0.76210403256118286 0.70824438147246827 4.2406716095283628 0.96275160275399663 3.2437178902328014 1.6142243687063453 0.50297382473945618 0.32685106061398972 1.0193197093904016 1.3023460013791917 4.1710270587354898 0.23696238826960314
leaf_count=17 6 7 12 177 51 17 48 10 22 80 99 362 20
internal_value=0.00165801 0.0270267 0.00259864 -0.00733922 0.0579327 0.0423413 -0.0188709 -0.0432005 -0.0422125 -0.0421214 -0.0421009 -0.0420903 -0.0421365
internal_weight=20.6991 13.1151 7.32524 6.617 5.78985 4.70944 5.8549 1.46573 7.58397 7.05651 6.72966 5.19035 1.53931
internal_count=928 328 244 232 84 78 225 61 600 583 561 442 119
is_linear=0
shrinkage=0.05


Tree=88
num_leaves=12
num_cat=0
split_feature=3 0 3 2 0 3 7 7 4 1 4
split_gain=7.16043 4.58716 1.0712 1.61484 5.24985e-06 3.257e-07 3.07444e-07 1.29702e-07 1.44811e-07 8.70719e-08 6.30235e-08
threshold=0.90541730792825437 36066.750000000007 0.9480179345078904 3301.8400000000006 42288.750000000007 0.87106378805084106 5.5000000000000009 1.5000000000000002 35217.000000000007 27246.760000000006 39905.000000000007
decision_type=2 2 2 2 2 2 2 2 2 2 2
left_child=4 -2 3 -3 5 7 10 8 -1 -9 -7
right_child=1 2 -4 -5 -6 6 -8 9 -10 -11 -12
leaf_value=-0.041930305672449562 0.086053169450171163 -0.042950774901413712 -0.045704648880024852 0.11581740194981925 -0.042189797339664339 -0.041856905423061308 -0.041966195483908404 -0.041851434504877431 -0.041871594125254263 -0.041869722753010652 -0.041895413627107157
leaf_weight=0.11705935047939409 2.7652039304375648 0.32610448636114586 1.1454557627439497 0.31471933284774423 0.13076227996498335 0.15681494399905194 0.14389193477109075 1.8983152068685742 1.0216415345203129 0.99039857974275936 0.32952603464946151
leaf_count=16 31 25 12 15 11 29 17 364 180 177 51
internal_value=0.000805103 0.0457094 -0.0167438 0.0350229 -0.0418773 -0.0418686 -0.041902 -0.0418633 -0.0418776 -0.0418577 -0.041883
internal_weight=9.33989 4.55148 1.78628 0.640824 4.78841 4.65765 0.630233 4.02741 1.1387 2.88871 0.486341
internal_count=928 83 52 40 845 834 97 737 196 541 80
is_linear=0
shrinkage=0.05


Tree=89
num_leaves=10
num_cat=0
split_feature=3 6 3 1 1 3 1 2 1
split_gain=16.3566 2.50577 2.80318 4.53695 2.30263 0.000700169 5.65535e-06 2.27938e-06 6.28639e-07
threshold=0.90797065045503933 90.500000000000014 0.91434156948823631 34982.81500000001 37434.490000000005 0.90222567120622355 33780.100000000013 4125.2250000000013 35776.750000000007
decision_type=2 2 2 2 2 2 2 2 2
left_child=4 -2 -3 -4 5 6 7 -1 -8
right_child=1 2 3 -5 -6 -7 8 -9 -10
leaf_value=-0.042211356986583626 0.08667379681644316 0.073250652491141238 -0.046560385392625074 0.063579377982887181 0.081888403278080668 -0.043793821696067485 -0.042228486948421344 -0.042122096064374295 -0.042315922806666795
leaf_weight=0.77619741111993512 3.1428807675838453 2.4734807536005974 2.0086701158434157 1.7492686007171867 0.38625373318791467 0.68038030900061208 0.53106206934899169 9.1026143329218012 0.33540420792996883
leaf_count=53 21 12 25 19 5 13 34 727 19
internal_value=0.000958702 0.0502739 0.0319152 0.00470815 -0.0381794 -0.0422383 -0.0421399 -0.0421291 -0.0422623
internal_weight=21.1862 9.3743 6.23142 3.75794 11.8119 11.4257 10.7453 9.87881 0.866466
internal_count=928 77 56 44 851 846 833 780 53
is_linear=0
shrinkage=0.05


Tree=90
num_leaves=17
num_cat=0
split_feature=2 4 1 0 8 2 1 8 0 7 2 4 1 6 0 0
split_gain=59.0383 19.6222 7.42907 6.11938 3.70353 2.92167 2.5067 1.02482 4.61042 2.81915 1.31946 0.969747 0.00128891 0.000993352 0.000876272 0.000330289
threshold=9006.3350000000009 38272.500000000007 18512.470000000005 31346.650000000005 2.5000000000000004 11576.620000000001 28400.270000000004 2.5000000000000004 36568.900000000009 3.5000000000000004 8583.1650000000027 41310.000000000007 33780.100000000013 93.500000000000014 32467.350000000002 34128.000000000007
decision_type=2 2 2 2 2 2 2 2 2 2 2 2 2 2 2 2
left_child=3 2 -2 -1 6 -6 11 8 9 -5 13 -3 -10 -9 -4 -16
right_child=1 4 14 7 5 -7 -8 10 12 -11 -12 -13 -14 -15 15 -17
leaf_value=0.032238485997596752 0.017254167227242073 0.042961527029628965 -0.04722741291983068 -0.028731402644492466 -0.01070866037853678 0.037327637151311328 0.021197405390899933 -0.046183622810869102 -0.046210835981802964 0.02852562804430896 -0.0091275910861971128 0.060142775728328816 -0.047198476396196079 -0.046715626307424797 -0.04587076195848231 -0.046572480463258396
leaf_weight=3.1653504222631446 8.6719027757644671 11.997898027300833 2.3093895092606527 4.5223172158002871 4.9280544072389594 8.8500442206859571 6.533712998032569 22.346320316195488 4.6765600368380538 4.0978256165981293 2.5393367186188689 26.032295480370522 11.250622458755968 14.446961857378481 4.8718204274773598 2.5570565313100815
leaf_count=14 39 48 20 31 21 30 23 218 49 18 18 105 92 129 50 23
internal_value=-0.0013425 0.0286008 -0.0164041 -0.0356211 0.0428024 0.0201463 0.0498071 -0.0389836 -0.0309671 -0.00151267 -0.0439867 0.0547224 -0.0469085 -0.0463925 -0.0463767 -0.0461123
internal_weight=143.797 76.7522 18.4102 67.0453 58.342 13.7781 44.5639 63.8799 24.5473 8.62014 39.3326 38.0302 15.9272 36.7933 9.73827 7.42888
internal_count=928 359 132 569 227 51 176 555 190 49 365 153 141 347 93 73
is_linear=0
shrinkage=0.05


Tree=91
num_leaves=21
num_cat=0
split_feature=2 2 4 4 1 1 0 7 4 3 6 6 8 6 8 8 2 1 1 0
split_gain=30.967 11.2556 26.8414 5.74516 20.4842 5.8483 5.34552 4.78189 1.66996 2.17515 1.13775 0.768843 1.50922 0.695103 0.104423 0.0151833 0.00832804 0.00745729 0.000998685 0.000483493
threshold=4839.4500000000007 11424.490000000003 38272.500000000007 35865.000000000007 24920.520000000004 33780.100000000013 32651.400000000005 2.5000000000000004 39497.500000000007 0.58050200982956845 95.500000000000014 90.500000000000014 2.5000000000000004 91.500000000000014 2.5000000000000004 2.5000000000000004 14456.160000000002 34926.080000000009 24236.980000000003 35265.700000000004
decision_type=2 2 2 2 2 2 2 2 2 2 2 2 2 2 2 2 2 2 2 2
left_child=10 3 6 4 18 7 -3 -5 9 -4 11 12 -1 -6 -10 17 -8 -13 -2 -17
right_child=1 2 8 5 13 -7 16 -9 14 -11 -12 15 -14 -15 -16 19 -18 -19 -20 -21
leaf_value=-0.013676577506019661 0.052906337822652742 0.006226853888514571 -0.048974935227799041 0.011821360889766621 -0.059803489883441419 -0.025987916648183968 0.056251616445731935 0.035538477329774658 -0.049603173427253171 0.0034359604962425627 -0.020679945743742822 -0.053264660005629932 -0.052064777940013629 -0.035955131999354691 -0.057293725595762617 -0.048760070504506814 0.059116852761374072 -0.050610080312666984 0.053987573223957343 -0.049509414084373253
leaf_weight=4.9101685658097285 3.9966126680374163 10.055559620261194 4.3881473839283016 34.69745609164238 5.7974976450204831 5.676139995455741 5.6386518031358701 54.84843735396862 10.89180162549019 3.6067866533994675 5.7510255873203269 4.5106669217348117 5.3500265181064606 6.4600219279527664 7.4213902652263632 6.6951857954263669 4.6090831905603409 6.3985736072063446 4.5864890813827515 3.172709584236145
leaf_count=27 20 37 29 141 26 22 26 231 71 19 26 23 30 25 32 45 19 37 22 20
internal_value=0.00032084 0.00968966 -0.0110641 0.0180245 -0.00575424 0.0232288 0.0321264 0.0263485 -0.0443963 -0.0253306 -0.0411071 -0.0448921 -0.0336935 -0.0472348 -0.0527198 -0.0504222 0.0575403 -0.0517077 0.0534841 -0.049001
internal_weight=199.462 162.674 46.6114 116.063 20.8406 95.222 20.3033 89.5459 26.3081 7.99493 36.7884 31.0373 10.2602 12.2575 18.3132 20.7771 10.2477 10.9092 8.5831 9.8679
internal_count=928 720 233 487 93 394 82 372 151 48 208 182 57 51 103 125 45 60 42 65
is_linear=0
shrinkage=0.05


Tree=92
num_leaves=21
num_cat=0
split_feature=2 7 1 5 2 3 4 8 4 1 4 2 1 3 0 3 3 6 7 4
split_gain=41.5328 7.11052 7.28639 4.34297 11.6537 7.3155 4.5843 3.22213 6.1916 7.1294 15.7483 3.08965 2.83224 0.774051 0.0119909 0.0026239 0.00186998 0.000250241 0.000156098 2.60634e-05
threshold=7775.1550000000007 4.5000000000000009 32425.355000000007 22.500000000000004 5838.1200000000008 0.90927831750799637 41855.000000000007 2.5000000000000004 43067.500000000007 24920.520000000004 35865.000000000007 6031.4000000000005 34926.080000000009 0.92314693386777191 34459.950000000004 0.7273710931986358 0.840954044374982 91.500000000000014 1.5000000000000002 42195.000000000007
decision_type=2 2 2 2 2 2 2 2 2 2 2 2 2 2 2 2 2 2 2 2
left_child=1 3 16 5 12 11 -6 15 9 14 -11 -1 -5 -4 -9 18 -3 -17 -2 -20
right_child=7 2 13 4 6 -7 -8 8 -10 10 -12 -13 -14 -15 -16 17 -18 -19 19 -21
leaf_value=0.033380367029998276 -0.046818966488594661 -0.047154836844810505 0.0039905303869344237 0.02317176554903742 0.016241730537025479 -0.012357674967722701 -0.04461927993060763 -0.04680901320800937 0.027573932293432281 0.065778170056780647 -0.043646807779739435 0.062389430721123677 0.059868848361112607 0.028453260313539189 -0.049501122843823603 -0.047456122681859794 -0.048837326664935676 -0.048103212251829564 -0.046563749378313396 -0.04640955051929202
leaf_weight=24.205297276377678 4.2285885661840501 4.656149439513686 7.3100876957178098 21.615985542535785 4.6922335028648368 6.6500035375356665 9.0845323428511602 17.933008469641212 5.2343436479568473 5.287264108657836 8.6958964169025403 14.785327881574629 6.9478150606155387 5.7989230155944824 5.3762918263673773 2.9423288702964774 2.5591940730810165 3.0353888124227524 4.2885953709483129 7.5907876789569855
leaf_count=94 36 39 27 86 16 24 47 156 22 18 58 56 25 20 34 23 18 22 38 69
internal_value=0.000329582 0.0192564 -0.00739875 0.025414 0.0138804 0.0361137 -0.0238906 -0.0313962 -0.0233497 -0.0304973 -0.00227142 0.0443807 0.0320979 0.0148119 -0.0474299 -0.0468901 -0.0477516 -0.0477847 -0.0465581 -0.0464652
internal_weight=172.918 108.306 20.3244 87.9812 42.3406 45.6406 13.7768 64.6125 42.5268 37.2925 13.9832 38.9906 28.5638 13.109 23.3093 22.0857 7.21534 5.97772 16.108 11.8794
internal_count=928 452 104 348 174 174 63 476 288 266 76 150 111 47 190 188 57 45 143 107
is_linear=0
shrinkage=0.05


Tree=93
num_leaves=15
num_cat=0
split_feature=3 6 0 1 7 2 2 3 3 2 2 7 1 4
split_gain=8.59907 3.55892 2.32468 2.3972 2.04029 1.59468 1.05017 0.975771 0.823011 0.000320917 2.25786e-05 1.01212e-06 1.03204e-06 9.4067e-07
threshold=0.8246692060773978 90.500000000000014 40654.500000000007 27796.855000000007 1.5000000000000002 2969.2700000000004 5395.7000000000007 0.92175716818062936 0.91434156948823631 5961.6050000000005 6351.8750000000009 1.5000000000000002 27246.760000000006 39052.500000000007
decision_type=2 2 2 2 2 2 2 2 2 2 2 2 2 2
left_child=9 4 3 6 -2 -5 -3 8 -6 -1 -11 13 -13 -12
right_child=1 2 -4 5 7 -7 -8 -9 -10 10 11 12 -14 -15
leaf_value=-0.043396345295068139 0.081575964973668966 0.009783289482410161 0.085250607759950706 0.016520823378036203 -0.042342145482612781 -0.044167031375256627 0.090940132434001439 0.051892401693302073 0.038572151071544408 -0.042514616160524363 -0.042206300174710713 -0.042052912243736473 -0.04210623894878264 -0.042095417730455109
leaf_weight=0.51114079914987343 3.2222120659425837 0.89793747290968873 0.76139718107879151 1.6058227932080624 0.75602887663990281 3.3212495213374496 0.71681640483438969 1.3650953248143194 0.53782650083303452 0.30756819620728482 0.23110448103398074 3.8102435227483511 1.1908541782759128 1.1097487183287738
leaf_count=17 26 30 12 36 46 151 15 9 3 22 16 353 98 94
internal_value=0.00191921 0.0258751 0.00256346 -0.00706042 0.0548236 -0.0243878 0.0458102 0.0224041 -0.0087079 -0.042189 -0.0420962 -0.042076 -0.0420656 -0.0421145
internal_weight=20.345 13.1844 7.30322 6.54183 5.88116 4.92707 1.61475 2.65895 1.29386 7.16066 6.64952 6.34195 5.0011 1.34085
internal_count=928 328 244 232 84 187 45 58 49 600 583 561 451 110
is_linear=0
shrinkage=0.05


Tree=94
num_leaves=12
num_cat=0
split_feature=3 4 3 3 0 3 7 7 4 1 4
split_gain=6.57389 4.02603 1.60301 1.38169 4.65197e-06 3.17115e-07 2.83615e-07 1.48274e-07 1.31833e-07 8.39513e-08 6.88534e-08
threshold=0.90541730792825437 36767.500000000007 0.95795537991178215 0.92415566879244493 42288.750000000007 0.87106378805084106 5.5000000000000009 1.5000000000000002 35217.000000000007 27246.760000000006 39905.000000000007
decision_type=2 2 2 2 2 2 2 2 2 2 2
left_child=4 -2 3 -3 5 7 10 8 -1 -9 -7
right_child=1 2 -4 -5 -6 6 -8 9 -10 -11 -12
leaf_value=-0.041919514666390399 0.10211162799410503 0.046691647322294583 0.060451158296209666 -0.046497428736333189 -0.042167023732422156 -0.041844605149512465 -0.041954528548271586 -0.041840013330038256 -0.041862322067893698 -0.04185852236762698 -0.041886072413100252
leaf_weight=0.11240908689796947 1.7711074501276014 0.55890917871147427 0.92225245386362065 1.3795417360961435 0.1252174307592212 0.14657948445528735 0.13833571737632155 1.7811643299646678 0.97224569390527904 0.93382061622105528 0.31572582479566336
leaf_count=16 8 36 8 31 11 29 17 364 180 177 51
internal_value=0.000992248 0.0428673 0.00618815 -0.0196284 -0.0418665 -0.041858 -0.0418917 -0.0418526 -0.0418682 -0.0418464 -0.0418729
internal_weight=9.15731 4.63181 2.8607 1.93845 4.5255 4.40028 0.600641 3.79964 1.08465 2.71498 0.462305
internal_count=928 83 75 67 845 834 97 737 196 541 80
is_linear=0
shrinkage=0.05


Tree=95
num_leaves=12
num_cat=0
split_feature=3 6 2 2 1 2 8 7 4 1 1
split_gain=14.99 1.70772 1.13012 3.12271 6.01825e-06 2.24489e-06 2.64302e-06 1.71173e-06 1.82394e-06 8.30237e-07 6.89985e-07
threshold=0.90222567120622355 93.500000000000014 3301.8400000000006 2591.2400000000002 33780.100000000013 4125.2250000000013 2.5000000000000004 1.5000000000000002 35217.000000000007 35940.860000000008 27246.760000000006
decision_type=2 2 2 2 2 2 2 2 2 2 2
left_child=4 2 3 -2 5 6 -1 8 -7 -6 -9
right_child=1 -3 -4 -5 9 7 -8 10 -10 -11 -12
leaf_value=-0.042278745721126776 0.075943207063902077 0.0099537730198578991 0.080163014908657959 -0.0048649898344743474 -0.042203273856746534 -0.04225780807706038 -0.042089387670767579 -0.042070955795236432 -0.042117334091927944 -0.042303999407813361 -0.042106534642437965
leaf_weight=0.3829018725082286 2.7239263709634525 2.8703177850693464 2.8450938798487186 2.1306953988969326 0.53771411068737585 0.25861339922994231 0.35524454619735479 4.1200994169339538 2.1703317379578948 0.33021342661231756 2.036114442627877
leaf_count=23 20 30 17 26 36 16 30 365 176 19 170
internal_value=0.00115259 0.0428702 0.0551409 0.0404765 -0.0421157 -0.0421039 -0.0421876 -0.0420967 -0.0421323 -0.0422416 -0.0420827
internal_weight=20.7613 10.57 7.69972 4.85462 10.1912 9.32331 0.738146 8.58516 2.42895 0.867928 6.15621
internal_count=928 93 63 46 835 780 53 727 192 55 535
is_linear=0
shrinkage=0.05


Tree=96
num_leaves=19
num_cat=0
split_feature=2 8 2 0 6 0 1 3 4 0 4 0 2 2 1 1 0 6
split_gain=54.0466 17.4883 6.42388 5.82019 4.51989 6.11352 2.55087 1.06357 1.03251 9.15645 0.905901 1.44874 0.794951 0.296843 0.226518 0.255585 0.00451003 0.000797464
threshold=9006.3350000000009 2.5000000000000004 10978.450000000003 31346.650000000005 93.500000000000014 35417.200000000004 28484.680000000004 0.56782626608460707 39905.000000000007 34365.30000000001 41310.000000000007 31873.100000000002 7936.4500000000007 10049.895000000002 25524.745000000003 24306.700000000004 31873.100000000002 95.500000000000014
decision_type=2 2 2 2 2 2 2 2 2 2 2 2 2 2 2 2 2 2
left_child=3 6 14 -1 5 -4 10 -6 16 -10 11 -2 -11 -12 15 -3 -5 -18
right_child=1 2 4 8 7 -7 -8 -9 9 12 13 -13 -14 -15 -16 -17 17 -19
leaf_value=0.030813641039018187 0.056757466602297794 -0.045595159748107954 -0.037828735283732554 -0.048169595444085958 0.055505619227352344 0.028742077768225377 0.015876740641306033 0.023066455793492341 0.035806681637006961 -0.045039249704318413 0.067093077196233239 0.021164335971119257 -0.019259666203859625 0.054826511777296597 -0.053413566858681122 -0.021232984309591144 -0.045880839154555729 -0.046810614596066329
leaf_weight=3.1892544776201239 6.511868402361868 2.5267624631524113 7.5003816857934016 2.6467055231332806 4.268024802207945 6.3843833208084106 5.3511339575052252 6.1933919489383698 4.2583703845739356 28.192231766879562 6.5870417207479504 5.0963470935821533 3.3452297300100318 19.62876532971859 2.795818880200386 1.8757827058434484 19.992266867309812 2.6069079190492621
leaf_count=14 28 27 55 21 17 22 19 28 21 259 24 20 24 85 16 18 207 23
internal_value=-0.00139993 0.0275121 -0.000787515 -0.0350332 0.0114814 -0.00721867 0.0481883 0.0363009 -0.0384735 -0.0330124 0.0527596 0.041131 -0.0423048 0.0579086 -0.0422834 -0.0352152 -0.0462168 -0.0459881
internal_weight=138.951 74.7197 31.5445 64.231 24.3462 13.8848 43.1752 10.4614 61.0417 35.7958 37.824 11.6082 31.5375 26.2158 7.19836 4.40255 25.2459 22.5992
internal_count=928 359 183 569 122 77 176 45 555 304 157 48 283 109 61 45 251 230
is_linear=0
shrinkage=0.05


Tree=97
num_leaves=21
num_cat=0
split_feature=2 2 4 4 1 8 1 1 6 4 3 0 6 1 6 1 0 8 2 1
split_gain=28.419 10.1315 24.2149 5.19217 18.7118 5.52399 12.3684 6.53238 5.19031 1.67096 2.36807 1.163 1.14629 0.807658 1.67387 0.806733 0.352813 0.0890375 0.0051433 0.00104627
threshold=4839.4500000000007 11424.490000000003 38272.500000000007 35865.000000000007 24998.845000000005 2.5000000000000004 29227.645 29576.200000000001 94.500000000000014 39497.500000000007 0.59279205208897678 32689.050000000003 95.500000000000014 30449.090000000007 91.500000000000014 27185.345000000005 33143.900000000009 2.5000000000000004 3891.6350000000007 32082.000000000004
decision_type=2 2 2 2 2 2 2 2 2 2 2 2 2 2 2 2 2 2 2 2
left_child=12 3 8 4 16 6 -5 -7 11 10 -4 -3 13 14 -1 -6 -2 -11 19 -15
right_child=1 2 9 5 15 7 -8 -9 -10 17 -12 -13 -14 18 -16 -17 -18 -19 -20 -21
leaf_value=-0.0081916491445678807 0.035934067203246677 0.026796754401263306 -0.048504827638944259 -0.021830824663338501 -0.06326792353394288 0.038701489936462545 0.035052210044170425 -0.014516117238400156 -0.011948168225230987 -0.048971757021824033 0.0073718884899990041 0.056431029144895707 -0.019512241060310079 -0.049928712156905537 -0.050357350816917425 -0.035788341305549372 0.055459899479457397 -0.056243868299235694 -0.051006900237044066 -0.048983226839685957
leaf_weight=4.1419614255428332 4.3840814530849475 5.1041896194219616 4.3213219493627575 18.421161875128746 5.820104777812956 48.661685928702354 19.857756942510605 6.5415032953023902 5.2598768919706336 10.21589431166649 3.3786783814430237 9.4227463155984861 5.6409247964620581 4.1233977079391506 5.4513637572526932 4.9359693378210068 4.8983107805252075 7.1585930585861197 5.9699300229549399 10.075948871672152
leaf_count=21 22 20 30 80 22 210 78 26 19 71 18 43 26 26 34 25 24 32 34 67
internal_value=0.000320739 0.00937357 -0.0107431 0.0173233 -0.00577282 0.0222741 0.00767809 0.0323953 0.0306095 -0.0433754 -0.0239867 0.0460187 -0.0401782 -0.044095 -0.0321521 -0.0506575 0.0462378 -0.051968 -0.0497755 -0.0492578
internal_weight=193.785 158.382 44.8613 113.521 20.0385 93.4821 38.2789 55.2032 19.7868 25.0745 7.7 14.5269 35.4035 29.7626 9.59333 10.7561 9.28239 17.3745 20.1693 14.1993
internal_count=928 720 233 487 93 394 158 236 82 151 48 63 208 182 55 47 46 103 127 93
is_linear=0
shrinkage=0.05


Tree=98
num_leaves=20
num_cat=0
split_feature=2 7 1 6 4 1 4 8 4 1 4 2 3 0 3 3 6 7 1
split_gain=37.5721 6.37058 6.74581 4.14659 4.10498 8.13709 5.686 3.08082 5.91484 6.61734 14.0414 2.71469 0.754577 0.0105103 0.00217911 0.00183381 0.000165568 0.000126628 3.5108e-05
threshold=7775.1550000000007 4.5000000000000009 32425.355000000007 95.500000000000014 39905.000000000007 29407.655000000002 36349.500000000007 2.5000000000000004 43067.500000000007 24920.520000000004 35865.000000000007 4748.6050000000005 0.92314693386777191 34459.950000000004 0.7273710931986358 0.840954044374982 91.500000000000014 1.5000000000000002 21186.495000000003
decision_type=2 2 2 2 2 2 2 2 2 2 2 2 2 2 2 2 2 2 2
left_child=1 3 15 4 6 -6 -1 14 9 13 -11 -5 -4 -9 17 -3 -16 -2 -19
right_child=7 2 12 11 5 -7 -8 8 -10 10 -12 -13 -14 -15 16 -17 -18 18 -20
leaf_value=0.018702820321793625 -0.046413345679600801 -0.046773833521336454 0.0031114236873559273 0.019533439535806087 -0.043041131186665131 0.025586275348368083 0.058234934565945522 -0.046451172334410706 0.026603061060832336 0.061268473736643729 -0.04301089905086878 -0.03130941694325319 0.027276804541099781 -0.049031147400026474 -0.04704871882620669 -0.048479083306314168 -0.047590734228835127 -0.046212100422964128 -0.046022424129641665
leaf_weight=16.69793213903904 3.9636519625782993 4.399784684181216 7.2776628136634809 5.3722439706325513 4.9366137236356726 34.54138708114624 19.979360729455948 16.896742686629299 5.2738917469978324 5.2606269121170035 8.3553028106689435 5.1348342150449753 5.8088011145591736 5.1508778035640708 2.7837411537766448 2.4570176526904106 2.8528619036078453 3.6170018762350065 7.4945715814828873
leaf_count=65 36 39 27 19 27 131 81 156 22 18 58 25 20 34 23 18 22 34 73
internal_value=0.000300108 0.0182678 -0.00721142 0.0241313 0.0281937 0.0170046 0.0402373 -0.0307702 -0.0228198 -0.0301284 -0.0027217 -0.00531359 0.0138379 -0.0470539 -0.0464843 -0.0473849 -0.047323 -0.0461707 -0.0460842
internal_weight=168.255 106.606 19.9433 86.6624 76.1553 39.478 36.6773 61.6493 40.9374 35.6636 13.6159 10.5071 13.0865 22.0476 20.7118 6.8568 5.6366 15.0752 11.1116
internal_count=928 452 104 348 304 158 146 476 288 266 76 44 47 190 188 57 45 143 107
is_linear=0
shrinkage=0.05


Tree=99
num_leaves=17
num_cat=0
split_feature=2 2 1 4 0 3 6 3 5 7 7 1 4 1 3 0
split_gain=8.00925 3.97818 3.79779 5.39644 5.71165 2.54401 1.52222 2.15279e-05 8.5305e-06 5.2395e-06 9.04618e-07 1.01315e-06 8.24076e-07 1.74474e-07 1.29314e-07 1.28968e-07
threshold=6031.4000000000005 6020.3900000000003 32715.525000000005 44735.000000000007 40654.500000000007 0.82517227821759864 95.500000000000014 0.80978045987433134 22.500000000000004 1.5000000000000002 1.5000000000000002 27246.760000000006 39052.500000000007 28213.620000000003 0.79402141189428022 34427.200000000004
decision_type=2 2 2 2 2 2 2 2 2 2 2 2 2 2 2 2
left_child=1 2 5 -4 -5 -1 -7 10 9 -9 12 15 -2 -14 -13 -12
right_child=7 -3 3 4 -6 6 -8 8 -10 -11 11 14 13 -15 -16 -17
leaf_value=0.057405850581576226 -0.042177878035848666 0.11516824185250046 0.11754864872828366 -0.043623404945455274 0.061168631733615392 -0.045066546969854474 0.042315453630699815 -0.042564278464615517 -0.04209983160091918 -0.042279854968611343 -0.042022308822990392 -0.042097286236006289 -0.042059540865755841 -0.042109228224146554 -0.042053937442011531 -0.0420421686975469
leaf_weight=0.95598364993929852 0.2180947307497253 1.1139162387698895 1.7124465238302944 2.307836112100631 2.9784548543393612 3.6076346281915903 0.57828660774976004 0.29752384778112162 0.33734634518623352 0.3552610669285059 2.3421462830156092 0.73283587768673886 0.78460186347365357 0.22802279889583588 0.22482031118124723 1.2557467762380836
leaf_count=23 16 5 12 74 25 146 25 19 30 25 235 61 72 19 21 120
internal_value=0.00212935 0.0247358 0.0164385 0.0404084 0.0154196 -0.0161874 -0.0329947 -0.0420885 -0.042304 -0.0424095 -0.0420517 -0.0420414 -0.0420897 -0.0420707 -0.0420871 -0.0420292
internal_weight=20.031 13.2546 12.1406 6.99874 5.28629 5.1419 4.18592 6.7764 0.990131 0.652785 5.78627 4.55555 1.23072 1.01262 0.957656 3.59789
internal_count=928 310 305 111 99 194 171 618 74 44 544 437 107 91 82 355
is_linear=0
shrinkage=0.05


Tree=100
num_leaves=12
num_cat=0
split_feature=3 0 3 2 0 3 7 7 4 1 4
split_gain=6.10973 3.60887 1.00863 1.68413 3.97635e-06 3.04398e-07 2.84408e-07 1.49985e-07 1.13969e-07 8.05284e-08 5.71487e-08
threshold=0.90541730792825437 36066.750000000007 0.9480179345078904 3373.5200000000004 42288.750000000007 0.87106378805084106 5.5000000000000009 1.5000000000000002 35217.000000000007 27246.760000000006 39905.000000000007
decision_type=2 2 2 2 2 2 2 2 2 2 2
left_child=4 -2 3 -3 5 7 10 8 -1 -9 -7
right_child=1 2 -4 -5 -6 6 -8 9 -10 -11 -12
leaf_value=-0.041907429694468035 0.074919576251259765 -0.042743129051999632 -0.045464107504749662 0.117500726254104 -0.042141192018854294 -0.041835778824579395 -0.041945449808625482 -0.041829505057832471 -0.041852893707130009 -0.041848176569211942 -0.041874547038460969
leaf_weight=0.1068922686390581 2.9177432451397181 0.34715355746448029 1.0893606543540952 0.31072656717151403 0.11883006803691376 0.1393570890650152 0.13403472350910306 1.672483630711213 0.92310284357517958 0.88200858957134176 0.29904829524457455
leaf_count=16 31 30 12 10 11 29 17 364 180 177 51
internal_value=0.00131704 0.0408879 -0.0159421 0.0329424 -0.041856 -0.0418479 -0.0418817 -0.0418424 -0.0418586 -0.041836 -0.0418622
internal_weight=8.94074 4.66498 1.74724 0.65788 4.27576 4.15693 0.57244 3.58449 1.03 2.55449 0.438405
internal_count=928 83 52 40 845 834 97 737 196 541 80
is_linear=0
shrinkage=0.05


Tree=101
num_leaves=13
num_cat=0
split_feature=3 2 7 0 1 2 4 7 4 1 3 1
split_gain=13.7614 1.84868 2.63797 2.48632 5.55217e-06 2.23608e-06 2.63199e-06 1.86328e-06 1.56952e-06 6.87162e-07 6.4646e-07 2.90179e-07
threshold=0.90222567120622355 3373.5200000000004 4.5000000000000009 34631.80000000001 33780.100000000013 4839.4500000000007 39905.000000000007 1.5000000000000002 35217.000000000007 35940.860000000008 0.83057596397092381 28686.760000000006
decision_type=2 2 2 2 2 2 2 2 2 2 2 2
left_child=4 2 3 -2 5 6 11 8 -7 -6 -9 -1
right_child=1 -3 -4 -5 9 7 -8 10 -10 -11 -12 -13
leaf_value=-0.042108830582754699 0.051355451024834499 0.081221352799738133 0.049010318134756897 -0.046159578880651024 -0.042180006397632398 -0.042232228432432163 -0.042235355222326021 -0.042059734552953754 -0.042094877442280298 -0.042273934284831866 -0.041992373562137843 -0.042037588884261068
leaf_weight=0.31617337837815263 1.037518879398702 2.1855628117918959 5.7844482138752937 1.766772963106632 0.51327584777027446 0.2315180562436584 0.47706208005547523 5.0866233729757369 2.0466184485703707 0.31374355498701334 0.38299424946308125 0.26086626574397087
leaf_count=26 19 16 31 27 36 15 31 466 175 19 42 25
internal_value=0.0013451 0.0401642 0.0297164 -0.0100814 -0.0420918 -0.0420801 -0.0421485 -0.0420708 -0.0421088 -0.0422156 -0.042055 -0.0420766
internal_weight=20.4032 10.7743 8.58874 2.80429 9.62888 8.80186 1.0541 7.74775 2.27814 0.827019 5.46962 0.57704
internal_count=928 93 77 46 835 780 82 698 190 55 508 51
is_linear=0
shrinkage=0.05


Tree=102
num_leaves=19
num_cat=0
split_feature=2 8 2 0 6 0 5 1 4 4 4 3 2 3 6 7 0 6
split_gain=49.3217 15.7747 5.82323 5.37877 3.91128 5.38857 2.45555 2.37898 1.67289 1.01731 8.63227 0.988876 0.855628 0.294036 0.236282 0.0118905 0.00431383 0.000836153
threshold=9006.3350000000009 2.5000000000000004 10978.450000000003 31346.650000000005 93.500000000000014 35417.200000000004 22.500000000000004 28400.270000000004 41310.000000000007 39905.000000000007 40910.000000000007 0.56782626608460707 7936.4500000000007 0.71579750132868858 93.500000000000014 2.5000000000000004 31873.100000000002 95.500000000000014
decision_type=2 2 2 2 2 2 2 2 2 2 2 2 2 2 2 2 2 2
left_child=3 6 14 -1 5 -4 7 8 -2 16 -11 -6 -12 15 -3 -8 -5 -18
right_child=1 2 4 9 11 -7 13 -9 -10 10 12 -13 -14 -15 -16 -17 17 -19
leaf_value=0.028282181378168215 0.022979316020458926 -0.048894127213142347 -0.036724481224779358 -0.047894381837307862 0.051943940692865509 0.026503778956174548 0.056819593888469869 0.0066472803689622724 0.056887423762054148 0.035394343204244609 -0.044548080619784776 0.02082804084809552 -0.016718705515442571 0.069530599363524209 -0.029838331017930486 0.054045408018404718 -0.045594598525360817 -0.046568331063400199
leaf_weight=3.2306196540594092 5.7190193086862591 4.1689203754067448 7.1572251692414302 2.5251217335462597 4.3505995571613294 6.3676645457744598 7.8743565231561679 5.622459113597869 9.9939272999763471 4.1211717352271071 27.261801891028885 6.1811249554157257 3.0733322650194159 4.8858235031366339 2.6676804274320602 7.5812422782182693 18.809522699564699 2.4974075257778159
leaf_count=14 24 37 55 21 17 22 34 20 44 19 263 28 22 18 24 36 207 23
internal_value=-0.00158148 0.0263387 -0.000737542 -0.0345172 0.0108348 -0.00695593 0.0464091 0.0345586 0.0445459 -0.0379978 -0.0325043 0.0336819 -0.0417286 0.0588387 -0.0414584 0.0554588 -0.0459403 -0.0457087
internal_weight=134.089 72.57 30.8932 61.519 24.0566 13.5249 41.6768 21.3354 15.7129 58.2884 34.4563 10.5317 30.3351 20.3414 6.8366 15.4556 23.8321 21.3069
internal_count=928 359 183 569 122 77 176 88 68 555 304 45 285 88 61 70 251 230
is_linear=0
shrinkage=0.05


Tree=103
num_leaves=21
num_cat=0
split_feature=2 2 4 0 4 1 1 7 4 2 6 1 4 1 0 8 2 2 2 1
split_gain=25.9632 9.09882 21.9638 4.8451 4.74088 17.0582 5.31001 4.41581 1.67412 2.30172 1.14498 0.83579 2.24211 0.741524 0.353631 0.0767309 0.00665859 0.004899 0.00165605 0.000736922
threshold=4839.4500000000007 11424.490000000003 38272.500000000007 32651.400000000005 35865.000000000007 24998.845000000005 33780.100000000013 2.5000000000000004 39497.500000000007 13927.065000000001 95.500000000000014 30449.090000000007 39905.000000000007 27185.345000000005 33143.900000000009 2.5000000000000004 14456.160000000002 3891.6350000000007 4388.4550000000008 32082.000000000004
decision_type=2 2 2 2 2 2 2 2 2 2 2 2 2 2 2 2 2 2 2 2
left_child=10 4 3 -3 5 14 7 -6 9 -4 11 12 18 -7 -2 -10 -5 19 -1 -13
right_child=1 2 8 16 6 13 -8 -9 15 -11 -12 17 -14 -15 -16 -17 -18 -19 -20 -21
leaf_value=-0.048397684849481884 0.034637371969796486 0.0049058326118935399 0.0079772878622316589 0.053860058665367284 0.010364077658851211 -0.061457810344217295 -0.025651799196869059 0.033553421299625096 -0.048411356015773538 -0.047984503548869212 -0.018477520016843215 -0.049316360622630069 0.0024111786230659772 -0.034739588972450761 0.054648908710539026 -0.055321319889670532 0.056537625736463683 -0.050481279812589389 -0.050068009764043922 -0.04850060784084631
leaf_weight=3.0962200760841387 4.1994092315435427 9.8983087539672869 3.3506781905889538 5.1067342758178693 33.838745087385178 5.6425432562828046 5.6389973908662787 52.194806039333344 9.5884844809770602 4.068475529551506 5.5424572527408591 3.8936670050025013 3.2573295831680298 4.8110724836587906 4.6545755118131638 6.9147880971431723 4.2577867358922958 5.734240159392356 2.8496953770518303 9.5804681554436666
leaf_count=22 22 37 18 26 141 22 22 231 71 30 26 26 14 25 24 32 19 34 19 67
internal_value=0.000314468 0.00903182 -0.0104408 0.0292965 0.0166091 -0.00590902 0.0213518 0.0244326 -0.0424381 -0.0227107 -0.0392659 -0.0433212 -0.030932 -0.0491613 0.0451575 -0.0513066 0.0550775 -0.0492573 -0.0491982 -0.0487363
internal_weight=188.119 154.165 43.1853 19.2628 110.98 19.3076 91.6725 86.0336 23.9224 7.41915 33.9541 28.4116 9.20325 10.4536 8.85398 16.5033 9.36452 19.2084 5.94592 13.4741
internal_count=928 720 233 82 487 93 394 372 151 48 208 182 55 47 46 103 45 127 41 93
is_linear=0
shrinkage=0.05


Tree=104
num_leaves=21
num_cat=0
split_feature=2 7 4 3 5 2 3 4 8 4 1 4 2 1 1 0 3 6 7 6
split_gain=34.0905 5.72601 6.48219 8.26013 3.85651 9.91508 6.57061 3.83883 2.99413 5.67874 6.25118 12.6004 2.96577 2.5214 0.468768 0.00927134 0.00205665 0.000109119 9.65831e-05 3.13019e-05
threshold=7775.1550000000007 4.5000000000000009 48015.000000000007 0.92314693386777191 22.500000000000004 5838.1200000000008 0.90927831750799637 41855.000000000007 2.5000000000000004 43067.500000000007 24920.520000000004 35865.000000000007 6031.4000000000005 34926.080000000009 32780.415000000008 34459.950000000004 0.72889949234810547 91.500000000000014 1.5000000000000002 90.500000000000014
decision_type=2 2 2 2 2 2 2 2 2 2 2 2 2 2 2 2 2 2 2 2
left_child=1 4 3 14 6 13 12 -7 16 10 15 -12 -1 -6 -3 -10 18 -18 -2 -20
right_child=8 2 -4 -5 5 7 -8 -9 9 -11 11 -13 -14 -15 -16 -17 17 -19 19 -21
leaf_value=0.030192671750377254 -0.046058595474055407 -0.041761132891297265 0.050634186305142964 0.025926775107497264 0.020553696352967488 0.013048012707356905 -0.012952060406203451 -0.043305673285303173 -0.046117407543268769 0.02599763818382609 0.057913880554070908 -0.042228426760882051 0.058965768027765035 0.055933866810498147 -0.065212175298822159 -0.048598476909887639 -0.046760657645655679 -0.047227736274882838 -0.045913802515206541 -0.04571468173961437
leaf_weight=23.277618885040283 3.7240900993347195 6.7479079291224497 3.9151643440127364 5.8248528242111197 21.011967882514003 4.6537504196166983 6.5573019087314597 8.6187265217304212 15.906504563987257 5.2942608892917624 5.1920104622840864 7.9522932693362236 14.556117877364157 6.6229833066463462 3.1144931614398956 4.9330922067165366 2.3168147206306449 2.7166562303900719 2.6071614548563948 8.1230054348707181
leaf_count=94 36 57 15 20 86 16 24 47 156 22 18 58 56 25 12 34 20 22 26 84
internal_value=0.000368779 0.0174485 -0.00691967 -0.0212837 0.0230485 0.0119735 0.0332544 -0.0235463 -0.0301195 -0.0221699 -0.0296738 -0.00267214 0.0412628 0.0290329 -0.0491668 -0.0467047 -0.0461423 -0.0470127 -0.0458392 -0.0457631
internal_weight=163.667 104.901 19.6024 15.6873 85.2985 40.9074 44.391 13.2725 58.7659 39.2782 33.9839 13.1443 37.8337 27.635 9.8624 20.8396 19.4877 5.03347 14.4543 10.7302
internal_count=928 452 104 89 348 174 174 63 476 288 266 76 150 111 69 190 188 42 146 110
is_linear=0
shrinkage=0.05


Tree=105
num_leaves=12
num_cat=0
split_feature=3 0 0 4 0 3 2 2 7 1 1
split_gain=7.57833 3.08596 6.02784 5.25317 7.16667 0.000938077 0.000396839 1.29136e-05 8.85663e-07 9.10347e-07 5.66412e-07
threshold=0.8246692060773978 41609.55000000001 40654.500000000007 44585.000000000007 35128.80000000001 0.91434156948823631 5961.6050000000005 6606.4000000000005 1.5000000000000002 27246.760000000006 23175.180000000004
decision_type=2 2 2 2 2 2 2 2 2 2 2
left_child=6 2 3 4 -2 -5 -1 -8 10 -10 -9
right_child=1 -3 -4 5 -6 -7 7 8 9 -11 -12
leaf_value=-0.043482243895817146 -0.0076764968785538058 -0.051274977511961063 0.10903251114299042 -0.042299094206329303 0.092764664057402427 -0.044147928782296612 -0.042345187998455901 -0.042118161872135997 -0.042007587725928157 -0.042061434983340605 -0.042044746453301467
leaf_weight=0.52606991119683044 3.9014353929087502 1.2345283050090063 2.0844413768500081 1.3170221904292705 3.2598928716033697 1.4321687072515485 0.34667303692549456 0.3913764990866182 3.3425414701923728 1.0257900236174462 0.79922587517648935
leaf_count=17 135 19 19 90 35 30 29 32 351 94 77
internal_value=0.00235432 0.0239986 0.0317458 0.0154903 0.0380451 -0.0432622 -0.0421663 -0.0420491 -0.0420307 -0.0420202 -0.0420689
internal_weight=19.6612 13.2295 11.995 9.91052 7.16133 2.74919 6.43168 5.90561 5.55893 4.36833 1.1906
internal_count=928 328 309 290 170 120 600 583 554 445 109
is_linear=0
shrinkage=0.05


Tree=106
num_leaves=12
num_cat=0
split_feature=3 4 3 3 0 3 7 7 4 1 4
split_gain=5.69424 3.17015 1.49387 1.34051 3.45151e-06 2.93114e-07 2.78433e-07 1.47322e-07 1.03221e-07 7.54748e-08 5.92969e-08
threshold=0.90541730792825437 36767.500000000007 0.95795537991178215 0.92282230886993466 42288.750000000007 0.87106378805084106 5.5000000000000009 1.5000000000000002 35217.000000000007 27246.760000000006 39905.000000000007
decision_type=2 2 2 2 2 2 2 2 2 2 2
left_child=4 -2 3 -3 5 7 10 8 -1 -9 -7
right_child=1 2 -4 -5 -6 6 -8 9 -10 -11 -12
leaf_value=-0.041896883074678794 0.090236094227697058 0.045390311154892123 0.057725847698900039 -0.046298536487632456 -0.04211896442269919 -0.041824527157821347 -0.041936438022005168 -0.041819882074033768 -0.041843797603921346 -0.041838496189481662 -0.041865265352423506
leaf_weight=0.10227798298001367 1.8426522873342035 0.56570078665390644 0.94044893234968174 1.3498485507443545 0.11282067373394955 0.1299740895628928 0.12970771733671427 1.5719204712659123 0.87466557882726192 0.83324127062223841 0.2856040601618588
leaf_count=16 8 30 8 37 11 29 17 364 180 177 51
internal_value=0.00167932 0.0391055 0.00611679 -0.0192209 -0.0418463 -0.0418385 -0.0418725 -0.041833 -0.0418494 -0.0418263 -0.0418525
internal_weight=8.73886 4.69865 2.856 1.91555 4.04021 3.92739 0.545286 3.38211 0.976944 2.40516 0.415578
internal_count=928 83 75 67 845 834 97 737 196 541 80
is_linear=0
shrinkage=0.05


Tree=107
num_leaves=8
num_cat=0
split_feature=3 1 7 2 3 2 3
split_gain=12.8256 9.69066 4.55177 3.97359 5.99667 2.53589 0.013138
threshold=0.96140633523142494 38414.605000000003 5.5000000000000009 3044.9200000000005 0.90222567120622355 2591.2400000000002 0.90541730792825437
decision_type=2 2 2 2 2 2 2
left_child=1 2 5 -4 -5 -1 -7
right_child=-2 -3 3 4 -6 6 -8
leaf_value=0.030433935227014399 0.14297025416066952 0.13951433755766693 -0.051269290272939229 -0.042107908902533193 0.090592097017494322 -0.042166883273672524 -0.046226543036101714
leaf_weight=1.3118083085864878 1.484825626015662 1.0269789621233929 1.4152812957763661 1.2718627648428085 2.5749527513980865 8.2957268627360445 2.6230779197067013
leaf_count=22 6 6 8 111 9 733 33
internal_value=0.00157871 -0.00975743 -0.018521 0.0203634 0.0467178 -0.0352507 -0.0431422
internal_weight=20.0045 18.5197 17.4927 5.2621 3.84682 12.2306 10.9188
internal_count=928 922 916 128 120 788 766
is_linear=0
shrinkage=0.05


Tree=108
num_leaves=19
num_cat=0
split_feature=2 8 2 0 6 0 5 1 4 4 0 3 2 3 6 7 0 6
split_gain=45.1199 14.507 5.31112 5.17864 3.46801 4.76542 2.42401 2.21768 1.67296 1.02403 8.14235 0.933992 0.80372 0.280076 0.24081 0.0191449 0.00456915 0.000773361
threshold=9006.3350000000009 2.5000000000000004 10978.450000000003 31346.650000000005 93.500000000000014 35417.200000000004 22.500000000000004 28400.270000000004 41310.000000000007 39905.000000000007 34365.30000000001 0.56782626608460707 7936.4500000000007 0.71784014791002704 93.500000000000014 1.5000000000000002 31864.100000000002 95.500000000000014
decision_type=2 2 2 2 2 2 2 2 2 2 2 2 2 2 2 2 2 2
left_child=3 6 14 -1 5 -4 7 8 -2 16 -11 -6 -12 15 -3 -8 -5 -18
right_child=1 2 4 9 11 -7 13 -9 -10 10 12 -13 -14 -15 -16 -17 17 -19
leaf_value=0.027487897113379546 0.021304616006123833 -0.048532407265550942 -0.035796000593536575 -0.047920911631126474 0.049086120209214719 0.024336429359412468 0.057117217178438422 0.0062394005426416391 0.055766120569587921 0.032688022404030459 -0.044370676488130985 0.018938911083344782 -0.017901863392969522 0.068521430644035874 -0.028853451393629784 0.053206207210165737 -0.045347515148180813 -0.046305263065753312
leaf_weight=3.2461701333522788 5.5752213895320919 3.947415933012965 6.8563710898160952 2.0749397128820446 4.4151116311550123 6.342659205198288 4.4554268121719387 5.5976670235395423 9.5614867806434614 4.2551816180348387 25.600581750273708 6.1447974368929863 3.229804888367652 4.5625542849302283 2.5645364969968796 10.510924652218817 18.134708441793922 2.3849524408578864
leaf_count=14 24 37 55 17 17 22 19 20 44 21 259 28 24 17 24 52 211 23
internal_value=-0.00160606 0.0253738 -0.00077797 -0.0339007 0.0101866 -0.00689998 0.0450354 0.0331291 0.0430731 -0.0374797 -0.0318762 0.0315435 -0.0414054 0.0576766 -0.0407824 0.0543705 -0.0456849 -0.0454588
internal_weight=129.461 70.5342 30.2709 58.9263 23.7589 13.199 40.2633 20.7344 15.1367 55.6802 33.0856 10.5599 28.8304 19.5289 6.51195 14.9664 22.5946 20.5197
internal_count=928 359 183 569 122 77 176 88 68 555 304 45 283 88 61 71 251 234
is_linear=0
shrinkage=0.05


Tree=109
num_leaves=14
num_cat=0
split_feature=2 1 7 2 8 0 6 6 1 2 8 1 0
split_gain=23.7867 8.56619 8.71254 6.73276 5.66906 2.61829 1.15934 0.862167 1.85556 0.129706 0.0116754 0.00717935 0.000432498
threshold=4839.4500000000007 16951.125000000004 5.5000000000000009 14546.135000000002 2.5000000000000004 37103.350000000006 95.500000000000014 90.500000000000014 31731.84 12009.895000000002 2.5000000000000004 34926.080000000009 35265.700000000004
decision_type=2 2 2 2 2 2 2 2 2 2 2 2 2
left_child=6 -2 3 4 -3 9 7 8 -1 -4 11 -9 -12
right_child=1 2 5 -5 -6 -7 -8 10 -10 -11 12 -13 -14
leaf_value=-0.0030726484095155715 -0.05360436638090138 -0.0058740907767681448 0.049928535227301403 -0.047230882449011469 0.01682349996903788 0.0075666739767705623 -0.01728071163581962 -0.051701713667356888 -0.048862140602416303 0.060526271058485327 -0.047311845751864159 -0.048939495915756408 -0.048076978217699837
leaf_weight=3.7517701536417025 5.3131717741489402 42.530055195093155 10.632934466004373 5.6096221655607215 77.896310582756996 4.0957906022667876 5.4327535629272452 4.0867689102888125 5.3926841914653778 3.9633509367704383 5.66292856633663 5.5430135503411293 2.7408420890569687
leaf_count=19 33 210 54 30 354 22 26 23 38 17 45 37 20
internal_value=0.000336726 0.00874874 0.0110378 0.0063134 0.00880757 0.0428933 -0.0383667 -0.0425817 -0.0300757 0.0528062 -0.0489233 -0.0501117 -0.0475614
internal_weight=182.652 150.041 144.728 126.036 120.426 18.6921 32.6108 27.178 9.14445 14.5963 18.0336 9.62978 8.40377
internal_count=928 720 687 594 564 93 208 182 57 71 125 60 65
is_linear=0
shrinkage=0.05


Tree=110
num_leaves=21
num_cat=0
split_feature=2 7 1 6 4 1 4 8 4 1 4 3 3 0 3 3 3 7 0 6
split_gain=30.8534 5.0524 5.94626 3.74109 3.72436 6.88066 5.59008 2.86756 5.40984 5.83619 11.3997 2.28557 0.613269 0.00821115 0.00172243 0.00149189 0.000331184 7.47992e-05 6.82727e-05 4.53837e-05
threshold=7775.1550000000007 4.5000000000000009 32425.355000000007 95.500000000000014 39905.000000000007 29407.655000000002 36337.500000000007 2.5000000000000004 43067.500000000007 24920.520000000004 35865.000000000007 0.85521846433763937 0.92314693386777191 34459.950000000004 0.72889949234810547 0.84158359242128855 0.80345111271593173 1.5000000000000002 37791.900000000001 91.500000000000014
decision_type=2 2 2 2 2 2 2 2 2 2 2 2 2 2 2 2 2 2 2 2
left_child=1 3 15 4 6 -6 -1 14 9 13 -11 -5 -4 -9 17 16 -3 -2 -16 -19
right_child=7 2 12 11 5 -7 -8 8 -10 10 -12 -13 -14 -15 18 -17 -18 19 -20 -21
leaf_value=0.011377169276791776 -0.045715492817835414 -0.04660308944518126 0.002873566746853073 -0.030783221501053639 -0.041720562878375694 0.022917394029082543 0.052651249478203543 -0.045814406007259854 0.024994565951031233 0.054921339949792217 -0.041621718586992769 0.016488103006819715 0.024776299210630903 -0.048204681437880773 -0.046817177549702493 -0.047806406780470968 -0.045700734253042906 -0.045584211557890747 -0.046437695261485418 -0.045364373455461612
leaf_weight=12.956782594323156 3.4840490221977261 2.1588955819606808 7.0895218253135663 4.9697139933705312 4.6918721273541442 33.609925627708435 22.362102955579758 14.983203433454038 5.3340274244546881 5.1000356674194318 7.6354709640145302 5.2671151012182236 5.8191293776035309 4.7262692451477042 2.3210777863860121 2.1465394198894501 1.9222113862633703 3.7496332824230176 2.4220021665096283 6.2788605615496635
leaf_count=51 36 20 27 25 27 131 95 156 22 18 58 19 20 34 20 17 20 40 22 70
internal_value=0.000325817 0.0165703 -0.0066119 0.0218605 0.0257986 0.0149994 0.0375098 -0.0295322 -0.0216695 -0.0293412 -0.00296028 -0.00646089 0.0127472 -0.0463876 -0.0458037 -0.0467393 -0.0461781 -0.0455159 -0.0466234 -0.0454466
internal_weight=159.028 102.994 19.1363 83.8575 73.6207 38.3018 35.3189 56.0346 37.779 32.445 12.7355 10.2368 12.9087 19.7095 18.2556 6.22765 4.08111 13.5125 4.74308 10.0285
internal_count=928 452 104 348 304 158 146 476 288 266 76 44 47 190 188 57 40 146 42 110
is_linear=0
shrinkage=0.05


Tree=111
num_leaves=12
num_cat=0
split_feature=3 0 0 4 0 3 2 2 7 1 1
split_gain=7.02548 2.81113 5.07119 4.77876 6.08961 0.000830605 0.000368239 9.66221e-06 8.15354e-07 7.82507e-07 5.27354e-07
threshold=0.8246692060773978 41609.55000000001 40654.500000000007 44585.000000000007 35128.80000000001 0.91434156948823631 5961.6050000000005 6707.0300000000016 1.5000000000000002 27246.760000000006 24427.100000000006
decision_type=2 2 2 2 2 2 2 2 2 2 2
left_child=6 2 3 4 -2 -5 -1 -8 10 -10 -9
right_child=1 -3 -4 5 -6 -7 7 8 9 -11 -12
leaf_value=-0.043431476535669686 -0.007322206891117399 -0.050871756056022566 0.098864627270217678 -0.042264425953599839 0.084417157461631032 -0.044048595909541181 -0.042277627649814818 -0.042090100136351415 -0.041986927376977623 -0.042038795882063065 -0.042019630956376154
leaf_weight=0.5091646602377321 3.8641533069312555 1.1789830503985275 2.1895459862425914 1.2460719966329636 3.4010251872241497 1.368992995470762 0.35860062297433604 0.435964874923229 3.1384854363277555 0.94641608931124199 0.6789348591119051
leaf_count=17 135 19 19 90 35 30 32 38 351 92 70
internal_value=0.00241356 0.0228199 0.0300181 0.0147612 0.0356235 -0.0431984 -0.0421445 -0.0420266 -0.0420093 -0.0419989 -0.0420472
internal_weight=19.3163 13.2488 12.0698 9.88024 7.26518 2.61506 6.06757 5.5584 5.1998 4.0849 1.1149
internal_count=928 328 309 290 170 120 600 583 551 443 108
is_linear=0
shrinkage=0.05


Tree=112
num_leaves=12
num_cat=0
split_feature=3 0 3 2 0 3 7 7 4 1 4
split_gain=5.3004 2.92859 0.950891 1.52297 2.97581e-06 2.52461e-07 2.44341e-07 1.45689e-07 8.7137e-08 7.11262e-08 4.73906e-08
threshold=0.90541730792825437 36066.750000000007 0.9480179345078904 3455.4050000000002 42288.750000000007 0.87106378805084106 5.5000000000000009 1.5000000000000002 35217.000000000007 27246.760000000006 39905.000000000007
decision_type=2 2 2 2 2 2 2 2 2 2 2
left_child=4 -2 3 -3 5 7 10 8 -1 -9 -7
right_child=1 2 -4 -5 -6 6 -8 9 -10 -11 -12
leaf_value=-0.041885479936719525 0.067068067454733454 -0.042612227938493008 -0.045222930358411927 0.10797719291226293 -0.04209681365871952 -0.041816779343004373 -0.041923107944418725 -0.041810669159800751 -0.041835429282701897 -0.041829282505468246 -0.041854161257555311
leaf_weight=0.097129677422345906 3.0116926468908787 0.34226935589686025 1.0287025123834608 0.3295596819370985 0.10690163262188423 0.12361288582906116 0.12319410126656294 1.4759514397010209 0.83061198610812426 0.78685857844538976 0.26990301953628659
leaf_count=16 31 32 12 8 11 29 17 364 180 177 51
internal_value=0.00198154 0.0374489 -0.0150076 0.0312581 -0.0418367 -0.0418292 -0.0418617 -0.041824 -0.0418407 -0.0418171 -0.0418424
internal_weight=8.52639 4.71222 1.70053 0.671829 3.81416 3.70726 0.51671 3.19055 0.927742 2.26281 0.393516
internal_count=928 83 52 40 845 834 97 737 196 541 80
is_linear=0
shrinkage=0.05


Tree=113
num_leaves=13
num_cat=0
split_feature=3 6 2 2 1 2 4 7 4 1 0 1
split_gain=11.6955 1.41263 1.30988 2.20304 4.45411e-06 1.90821e-06 2.21247e-06 1.81852e-06 1.21437e-06 5.05278e-07 4.8836e-07 2.58957e-07
threshold=0.90222567120622355 93.500000000000014 3322.0600000000004 2591.2400000000002 33780.100000000013 4839.4500000000007 39905.000000000007 1.5000000000000002 36337.500000000007 35940.860000000008 34427.200000000004 28686.760000000006
decision_type=2 2 2 2 2 2 2 2 2 2 2 2
left_child=4 2 3 -2 5 6 11 8 -7 -6 -9 -1
right_child=1 -3 -4 -5 9 7 -8 10 -10 -11 -12 -13
leaf_value=-0.042064792075625364 0.06276205072564027 0.0058158211219306128 0.077065539396933058 -0.00020825229197140584 -0.042132187695506355 -0.042134914527276267 -0.042186055017221794 -0.041994201878071499 -0.042045167963271221 -0.04221685340193447 -0.04202599260810537 -0.041993369810921111
leaf_weight=0.28338295128196644 2.9676307309418899 2.8658678513020268 2.4634309001266956 2.6110169477760792 0.46469174977391947 0.49771383684128556 0.43525146134197712 2.3178989375010133 1.553155083209276 0.28386831935495138 2.5229180147871375 0.2298461040481925
leaf_count=26 20 30 13 30 36 39 31 253 151 19 255 25
internal_value=0.00159448 0.0359576 0.0466989 0.0332896 -0.0420478 -0.0420366 -0.0421031 -0.0420275 -0.0420669 -0.0421643 -0.0420108 -0.0420328
internal_weight=19.4967 10.9079 8.04208 5.57865 8.58873 7.84017 0.948481 6.89169 2.05087 0.74856 4.84082 0.513229
internal_count=928 93 63 50 835 780 82 698 190 55 508 51
is_linear=0
shrinkage=0.05


Tree=114
num_leaves=17
num_cat=0
split_feature=2 8 0 2 6 0 1 2 4 4 7 2 2 6 0 7
split_gain=41.4248 13.2811 6.34468 4.89182 3.21055 3.88262 2.87379 2.84752 1.22136 8.77551 0.969495 0.862936 0.287548 0.244247 0.0152554 0.00069176
threshold=9006.3350000000009 2.5000000000000004 30839.350000000002 10978.450000000003 91.500000000000014 36418.750000000007 28505.680000000004 14639.925000000001 39905.000000000007 40910.000000000007 1.5000000000000002 7936.4500000000007 10049.895000000002 93.500000000000014 31754.250000000004 1.0000000180025095e-35
decision_type=2 2 2 2 2 2 2 2 2 2 2 2 2 2 2 2
left_child=2 6 -1 13 5 -5 10 -6 14 -10 -2 -11 -12 -3 -4 -16
right_child=1 3 8 4 7 -7 -8 -9 9 11 12 -13 -14 -15 15 -17
leaf_value=0.053129439439594077 0.034346138951052659 -0.048201657060980847 -0.049462417613034902 -0.050502746479922062 0.035899795311029228 0.023369640311148049 0.0083590828494157811 -0.0092644809224209923 0.034923334570220871 -0.04389784497334874 0.063174261273397966 -0.015429208876286092 0.050735861694585639 -0.027989151447870675 -0.045729640284249404 -0.045049592381136039
leaf_weight=2.0411545634269705 8.6309715807437879 3.7515642493963268 2.3726912885904339 4.0554798170924213 11.281321905553343 3.1682590544223785 5.0424210578203192 5.0531336963176718 4.4294325560331336 24.847534231841568 6.1356342434883144 2.9812314063310614 19.143948674201965 2.4843887463212013 4.995388716459277 14.874529197812079
leaf_count=8 37 37 16 35 56 11 18 20 20 263 24 22 97 24 54 186
internal_value=-0.0017158 0.0243579 -0.0334177 -0.000770516 0.00965315 -0.0181031 0.0435779 0.021928 -0.0366591 -0.0304438 0.0488149 -0.0408481 0.0537548 -0.040149 -0.0456731 -0.0452206
internal_weight=125.289 68.7471 56.542 29.7941 23.5582 7.22374 38.953 16.3345 54.5008 32.2582 33.9106 27.8288 25.2796 6.23595 22.2426 19.8699
internal_count=928 359 569 183 122 46 176 76 561 305 158 285 121 61 256 240
is_linear=0
shrinkage=0.05


Tree=115
num_leaves=14
num_cat=0
split_feature=2 1 7 2 8 0 6 1 8 2 0 2 1
split_gain=21.7542 7.82978 7.96884 6.18302 4.74065 2.49135 1.14841 0.88848 2.25625 0.125865 0.00557676 0.00341293 0.000615488
threshold=4839.4500000000007 16951.125000000004 5.5000000000000009 14546.135000000002 2.5000000000000004 37103.350000000006 95.500000000000014 30449.090000000007 3.5000000000000004 12009.895000000002 33131.05000000001 3891.6350000000007 32082.000000000004
decision_type=2 2 2 2 2 2 2 2 2 2 2 2 2
left_child=6 -2 3 4 -3 9 7 8 -1 -4 -10 12 -9
right_child=1 2 5 -5 -6 -7 -8 11 10 -11 -12 -13 -14
leaf_value=0.0048637858975698863 -0.052428177309464023 -0.0050678763021824039 0.048824804418313772 -0.0461237778927749 0.015848827631592791 0.0071485048297001974 -0.016434074908897919 -0.048444773441427127 -0.046855373779996996 0.059491445211422217 -0.050083050265191359 -0.049414465898774698 -0.04766089231875139
leaf_weight=3.1610470414161735 5.1084220930933943 41.892873004078865 10.109060823917391 5.4261598959565154 76.657118856906891 4.0415082499384871 5.3530421257019034 3.5227654501795795 2.8319984376430511 3.8071509152650824 2.5372397974133492 5.2309929281473151 8.6602262705564481
leaf_count=14 33 210 54 30 354 22 26 26 24 17 17 34 67
internal_value=0.000332 0.00838857 0.0105775 0.00606845 0.00845734 0.0417067 -0.0375197 -0.0418702 -0.02865 0.0517429 -0.0483806 -0.0483462 -0.0478876
internal_weight=178.34 147.042 141.934 123.976 118.55 17.9577 31.2973 25.9443 8.53029 13.9162 5.36924 17.414 12.183
internal_count=928 720 687 594 564 93 208 182 55 71 41 127 93
is_linear=0
shrinkage=0.05


Tree=116
num_leaves=22
num_cat=0
split_feature=2 7 4 3 5 2 3 4 0 8 4 1 4 1 1 0 3 4 1 0 1
split_gain=27.9828 4.50702 5.54752 7.33481 3.55611 8.57043 5.85317 3.3181 3.19436 2.7971 5.11308 5.64803 10.6566 2.28211 0.424021 0.00680822 0.00169045 8.28765e-05 6.07047e-05 4.50699e-05 2.05227e-05
threshold=7775.1550000000007 4.5000000000000009 48015.000000000007 0.92314693386777191 22.500000000000004 5838.1200000000008 0.90927831750799637 41855.000000000007 33131.05000000001 2.5000000000000004 43067.500000000007 24920.520000000004 35865.000000000007 34926.080000000009 32780.415000000008 34459.950000000004 0.72889949234810547 41310.000000000007 26689.610000000001 37791.900000000001 18290.870000000003
decision_type=2 2 2 2 2 2 2 2 2 2 2 2 2 2 2 2 2 2 2 2 2
left_child=1 4 3 14 6 13 8 -7 -1 16 11 15 -13 -6 -3 -11 17 20 -19 -18 -2
right_child=9 2 -4 -5 5 7 -8 -9 -10 10 -12 12 -14 -15 -16 -17 19 18 -20 -21 -22
leaf_value=-0.0036345306763637857 -0.045300612521599441 -0.040653468432907298 0.047153718008750678 0.023645377381499799 0.018069860917673135 0.010481642088859291 -0.013193603868118076 -0.042462508947007802 0.043676716857421916 -0.045576045639661458 0.024007405061533454 0.05326284909305478 -0.041051652558398842 0.052577417230873585 -0.063624023580546904 -0.047805859495750246 -0.046506182845449474 -0.045054034797072144 -0.045383325549985087 -0.046190496264548908 -0.045520394124320601
leaf_weight=4.0061592608690253 2.4776643291115787 6.0795664638280886 3.8528259322047225 5.8237844407558432 20.410801559686664 4.6101240515708914 6.4392870813608161 8.2644058838486654 32.602241650223732 14.252170495688921 5.374229669570922 5.0542171597480756 7.3512628003954887 6.2609486430883399 3.0005768537521362 4.5053845494985572 2.2035471200942984 6.4935573264956457 1.7841473966836927 2.3220126777887344 1.8591947630047796
leaf_count=19 28 57 15 20 86 16 24 47 131 156 22 18 58 25 12 34 20 78 20 22 20
internal_value=0.000338784 0.0157982 -0.00632751 -0.020153 0.0208228 0.00999839 0.0307668 -0.0235042 0.0384993 -0.0288508 -0.0210333 -0.0288008 -0.00262622 0.0261702 -0.0482442 -0.0461116 -0.0455152 -0.0452178 -0.045125 -0.0463442 -0.0453948
internal_weight=155.028 101.351 18.7568 14.9039 82.594 39.5463 43.0477 12.8745 36.6084 53.6774 36.5373 31.163 12.4055 26.6718 9.08014 18.7576 17.1401 12.6146 8.2777 4.52556 4.33686
internal_count=928 452 104 89 348 174 174 63 150 476 288 266 76 111 69 190 188 146 98 42 48
is_linear=0
shrinkage=0.05


Tree=117
num_leaves=12
num_cat=0
split_feature=3 0 0 4 0 3 2 2 7 1 1
split_gain=6.6167 2.59324 4.3643 4.4524 5.31603 0.000720226 0.000328678 8.82667e-06 8.10943e-07 7.67997e-07 4.47795e-07
threshold=0.8246692060773978 41609.55000000001 40654.500000000007 44585.000000000007 35128.80000000001 0.91434156948823631 5961.6050000000005 6606.4000000000005 1.5000000000000002 27246.760000000006 24427.100000000006
decision_type=2 2 2 2 2 2 2 2 2 2 2
left_child=6 2 3 4 -2 -5 -1 -8 10 -10 -9
right_child=1 -3 -4 5 -6 -7 7 8 9 -11 -12
leaf_value=-0.043365617099870295 -0.0067272092124209442 -0.050423840595536777 0.091350439396885044 -0.042238109883793604 0.078631062946306382 -0.043937009703209795 -0.042269606206015109 -0.042070977951868649 -0.041968787527351809 -0.042021077169314434 -0.042004629017948242
leaf_weight=0.48704757262021559 3.8073895098641497 1.1254718881100405 2.2733503580093375 1.1928972406312826 3.5016007637605071 1.3077375106513498 0.30352007364854205 0.41514407005161025 2.9590381239540879 0.92070529470220197 0.65637565916404128
leaf_count=17 135 19 19 90 35 30 29 38 351 94 71
internal_value=0.00268784 0.0221675 0.0289291 0.0144631 0.0341663 -0.0431266 -0.042123 -0.0420079 -0.0419918 -0.0419812 -0.0420303
internal_weight=18.9503 13.2084 12.083 9.80963 7.30899 2.50063 5.74183 5.25478 4.95126 3.87974 1.07152
internal_count=928 328 309 290 170 120 600 583 554 445 109
is_linear=0
shrinkage=0.05


Tree=118
num_leaves=11
num_cat=0
split_feature=3 0 3 0 3 7 7 4 1 4
split_gain=4.95144 2.57204 1.18776 2.61907e-06 2.36779e-07 2.35515e-07 1.37361e-07 7.90025e-08 6.74543e-08 4.8033e-08
threshold=0.90541730792825437 36066.750000000007 0.93340790939389662 42288.750000000007 0.87106378805084106 5.5000000000000009 1.5000000000000002 35217.000000000007 27246.760000000006 39905.000000000007
decision_type=2 2 2 2 2 2 2 2 2 2
left_child=3 -2 -3 4 6 9 7 -1 -8 -6
right_child=1 2 -4 -5 5 -7 8 -9 -10 -11
leaf_value=-0.041876103578731151 0.063032658577637096 0.044087601411496501 -0.044869213051922929 -0.04207805880512764 -0.041806962721282148 -0.041914541344086696 -0.041802558932276142 -0.041827381411212963 -0.041821190577971984 -0.041845777120247486
leaf_weight=0.093030409421772986 3.0694066248834133 0.5726326168514787 1.0885704150423405 0.10209080250933755 0.11539832176640619 0.11905325343832374 1.3915048309136184 0.787444211775437 0.74634499778039742 0.25770651083439589
leaf_count=16 31 33 19 11 29 17 364 180 177 51
internal_value=0.00224942 0.0359099 -0.0142049 -0.0418284 -0.0418212 -0.0418533 -0.0418159 -0.0418325 -0.0418091 -0.0418338
internal_weight=8.34318 4.73061 1.6612 3.61257 3.51048 0.492158 3.01832 0.880475 2.13785 0.373105
internal_count=928 83 52 845 834 97 737 196 541 80
is_linear=0
shrinkage=0.05


Tree=119
num_leaves=13
num_cat=0
split_feature=3 3 2 1 1 2 4 7 4 7 0 1
split_gain=10.8396 1.62508 3.22828 4.04487 4.16575e-06 1.74444e-06 2.15361e-06 1.69247e-06 1.10437e-06 4.7147e-07 3.87979e-07 2.46788e-07
threshold=0.90222567120622355 0.95318701051063115 3200.8400000000006 32082.000000000004 33780.100000000013 4839.4500000000007 39905.000000000007 1.5000000000000002 36337.500000000007 3.5000000000000004 34427.200000000004 28686.760000000006
decision_type=2 2 2 2 2 2 2 2 2 2 2 2
left_child=4 2 3 -2 5 6 11 8 -7 -6 -9 -1
right_child=1 -3 -4 -5 9 7 -8 10 -10 -11 -12 -13
leaf_value=-0.042042895573174782 0.06338180919746661 0.071558863862653213 0.050910102764154364 -0.046467596409252417 -0.042101137706810315 -0.042114007569069162 -0.042166030312309449 -0.041976894212488791 -0.042026319114958882 -0.042182336273272072 -0.04200604029671344 -0.041970782288326146
leaf_weight=0.26652652118355202 1.2475751116871818 2.28918433189392 4.9337496012449265 2.5526508390903473 0.33967784047126759 0.47509198077023018 0.41771510895341635 2.1947205648757517 1.4702173848636446 0.37738968245685101 2.3799542500637472 0.21381873451173306
leaf_count=26 18 10 30 35 28 39 31 253 151 27 255 25
internal_value=0.00175059 0.0340598 0.0242313 -0.0104052 -0.0420288 -0.0420177 -0.042083 -0.0420087 -0.0420477 -0.0421439 -0.0419921 -0.0420108
internal_weight=19.1583 11.0232 8.73398 3.80023 8.13511 7.41804 0.89806 6.51998 1.94531 0.717068 4.57467 0.480345
internal_count=928 93 83 53 835 780 82 698 190 55 508 51
is_linear=0
shrinkage=0.05


Tree=120
num_leaves=18
num_cat=0
split_feature=2 8 0 2 6 0 1 2 4 0 4 0 2 6 2 0 7
split_gain=37.9125 12.1868 5.3476 4.50492 2.91788 3.61278 2.82185 2.57231 1.19806 8.29601 0.994632 1.51304 0.790442 0.247737 0.237834 0.0102296 0.000560386
threshold=9006.3350000000009 2.5000000000000004 31067.300000000003 10978.450000000003 91.500000000000014 36418.750000000007 28505.680000000004 14639.925000000001 39905.000000000007 34365.30000000001 41310.000000000007 31873.100000000002 7936.4500000000007 93.500000000000014 10049.895000000002 31754.250000000004 1.0000000180025095e-35
decision_type=2 2 2 2 2 2 2 2 2 2 2 2 2 2 2 2 2
left_child=2 6 -1 13 5 -5 10 -6 15 -10 11 -2 -11 -3 -12 -4 -17
right_child=1 3 8 4 7 -7 -8 -9 9 12 14 -13 -14 -15 -16 16 -18
leaf_value=0.042781297467988984 0.05245181721315078 -0.047892697102051004 -0.048705499415343856 -0.050152575646378775 0.033855833603380479 0.021887747299671818 0.0074098905277305968 -0.0091785642797239473 0.032448075882991805 -0.043776561963435733 0.061693004413437474 0.013412797382777184 -0.017153123314066401 -0.027136262879923795 0.05021741278725942 -0.045478974371256586 -0.044849747654170775
leaf_weight=2.2400561571121207 5.3771679401397687 3.565784968435767 2.0764813423156765 3.8760898411273983 11.359300695359709 3.1584222018718719 5.0494710206985465 5.0012547671794882 4.5543458163738277 23.357634406536821 6.2294049561023739 4.6096316426992416 3.1657928526401511 2.4085836261510849 16.406426668167114 4.7234930023551014 14.103951144963501
leaf_count=9 28 37 15 35 56 11 18 20 22 259 25 20 24 24 85 54 186
internal_value=-0.00177269 0.02337 -0.0328599 -0.000773794 0.00912197 -0.0178072 0.0421926 0.0207007 -0.0361195 -0.029894 0.0475765 0.0344325 -0.0405988 -0.0395247 0.0533755 -0.0453749 -0.0450076
internal_weight=121.263 67.0415 54.2218 29.3694 23.3951 7.03451 37.6721 16.3606 51.9817 31.0778 32.6226 9.9868 26.5234 5.97437 22.6358 20.9039 18.8274
internal_count=928 359 569 183 122 46 176 76 560 305 158 48 283 61 110 255 240
is_linear=0
shrinkage=0.05


Tree=121
num_leaves=17
num_cat=0
split_feature=2 2 4 0 0 1 8 6 6 1 8 8 8 1 3 0
split_gain=19.8523 7.185 8.11021 7.32006 5.37524 5.25489 6.18704 1.15821 0.93838 2.18589 0.935092 0.0321278 0.00976805 0.00683118 0.00344072 0.00045684
threshold=4839.4500000000007 13489.085000000001 38272.500000000007 40719.250000000007 32718.150000000005 31269.885000000006 2.5000000000000004 95.500000000000014 90.500000000000014 31667.355 1.5000000000000002 2.5000000000000004 2.5000000000000004 34926.080000000009 0.55001222290098861 35265.700000000004
decision_type=2 2 2 2 2 2 2 2 2 2 2 2 2 2 2 2
left_child=7 3 4 5 -3 6 -2 8 9 -1 -7 14 13 -10 -4 -14
right_child=1 2 11 -5 -6 10 -8 -9 12 -11 -12 -13 15 -15 -16 -17
leaf_value=0.0038403972197509012 -0.0068736194254375178 -0.016945017831652268 -0.046346557159495379 -0.044435727627949312 0.052955634804167123 0.035389078146964729 0.019798941519672889 -0.015292615603903995 -0.050838796658846913 -0.048265908096011854 0.066300996500799889 -0.052928983526091523 -0.046521027409103778 -0.048032867967835235 -0.04874330469732574 -0.04734783920494523
leaf_weight=3.3392547070980125 30.371042035520077 6.8889882862567919 3.5596629008650762 5.339543215930461 4.577888235449791 5.0075694471597654 76.520096987485886 5.2496168464422217 3.8205406889319438 5.0666968747973442 4.7834932059049606 4.4622704088687897 5.0339374914765349 5.0181971713900566 2.5847240909934044 2.5005597695708275
leaf_count=18 165 24 33 23 24 21 370 26 23 39 19 23 45 37 18 20
internal_value=0.000356305 0.00806339 -0.0181873 0.0128121 0.0109612 0.0154318 0.0122205 -0.0366267 -0.0411464 -0.0275667 0.0504913 -0.0496999 -0.0481182 -0.0492457 -0.0473548 -0.0467954
internal_weight=174.124 144.095 22.0735 122.022 11.4669 116.682 106.891 30.0288 24.7792 8.40595 9.79106 10.6067 16.3732 8.83874 6.14439 7.5345
internal_count=928 720 122 598 48 575 535 208 182 57 40 74 125 60 51 65
is_linear=0
shrinkage=0.05


Tree=122
num_leaves=21
num_cat=0
split_feature=2 4 1 4 1 4 3 2 3 4 1 8 7 2 3 2 1 7 8 2
split_gain=25.3836 4.14579 9.33424 3.83234 15.9661 3.56715 6.43925 2.87565 8.09333 4.0047 12.2735 2.08982 1.25491 1.29607 0.961278 0.311053 0.155071 0.182996 0.0275475 0.000154847
threshold=7775.1550000000007 39905.000000000007 29407.655000000002 44735.000000000007 33864.355000000003 36349.500000000007 0.82836939476201243 14639.925000000001 0.57928555021344741 37329.500000000007 24998.845000000005 2.5000000000000004 3.5000000000000004 5568.6150000000007 0.73656557558522262 6884.0750000000007 28150.465000000007 2.5000000000000004 2.5000000000000004 17582.925000000007
decision_type=2 2 2 2 2 2 2 2 2 2 2 2 2 2 2 2 2 2 2 2
left_child=1 5 15 11 -5 6 -1 9 19 10 14 -4 13 -7 -2 -3 18 -18 -11 -9
right_child=7 2 3 4 -6 12 -8 8 -10 16 -12 -13 -14 -15 -16 -17 17 -19 -20 -21
leaf_value=0.038629831467384107 -0.04669753707894557 -0.052914417728513567 0.016262195467903359 -0.039798129605914535 0.028390175897177534 0.036843209122163947 -0.020655752668463926 -0.045542370970559819 0.057853134212785366 -0.045053287703417357 0.053901683942074091 0.0609922153348895 0.01480175207808699 0.064993415940795246 -0.0074664511248168338 -0.032781630607898307 -0.026566514135215019 -0.04602934769631005 -0.048617647148621664 -0.044943920755352897
leaf_weight=9.7970028817653674 10.335830539464952 4.474297732114791 4.6957338303327543 12.425426408648489 27.771638080477715 12.611334666609769 8.6012036055326444 2.0012820959091178 3.3867450356483459 9.8646086528897339 4.7625475078821173 5.8824830800294876 3.9051974564790717 6.0506453812122336 1.8393196538090695 3.3586836233735085 2.2219090759754172 2.64594616740942 12.033138222992418 2.3503251448273659
leaf_count=37 111 27 20 61 105 58 37 22 16 120 20 26 30 24 16 27 17 26 99 29
internal_value=0.000317282 0.0150513 0.00652167 0.014359 0.0073123 0.0272545 0.0109137 -0.0282028 -0.000108827 -0.0331773 -0.0141508 0.0411363 0.0405765 0.0459702 -0.0407708 -0.0442817 -0.0452176 -0.0371456 -0.047012 -0.0452191
internal_weight=151.015 99.5736 58.6083 50.7753 40.1971 40.9654 18.3982 51.4417 7.73835 43.7033 16.9377 10.5782 22.5672 18.662 12.1752 7.83298 26.7656 4.86786 21.8977 4.35161
internal_count=928 452 266 212 166 186 74 476 67 409 147 46 112 82 127 54 262 43 219 51
is_linear=0
shrinkage=0.05


Tree=123
num_leaves=14
num_cat=0
split_feature=3 4 3 3 6 2 2 1 7 2 7 1 1
split_gain=6.19613 2.51973 5.00799 1.61289 3.1147 0.754945 0.000285907 0.000124124 5.75705e-05 7.73434e-06 7.86344e-07 7.08588e-07 3.93043e-07
threshold=0.8246692060773978 35555.000000000007 0.90292046884602162 0.92314693386777191 90.500000000000014 3200.8400000000006 5961.6050000000005 36429.710000000006 1.0000000180025095e-35 6536.4450000000006 1.5000000000000002 27246.760000000006 24427.100000000006
decision_type=2 2 2 2 2 2 2 2 2 2 2 2 2
left_child=6 -2 7 5 -5 -4 -1 8 -3 -8 12 -12 -11
right_child=1 2 3 4 -6 -7 9 -9 -10 10 11 -13 -14
leaf_value=-0.043286409764985906 0.062933278098161613 -0.04272452130668658 0.082153680761544182 0.048277324615213578 -0.045002406531227203 0.035129398629289911 -0.042254934749970663 -0.043221809909684078 -0.042148607687270967 -0.042052601549348895 -0.041951634489061869 -0.042002835481237087 -0.041988907513985013
leaf_weight=0.46465304307639854 2.855783984065055 0.53721783775836129 1.6552731394767763 2.1973401531577115 1.5098259374499319 1.7621243763715027 0.259922629687935 0.38059885706752528 2.257087601814419 0.39564395695924737 2.7958890642039482 0.89110702881589521 0.62452710885554552
leaf_count=17 15 23 13 12 38 27 26 11 189 38 352 96 71
internal_value=0.00282643 0.0213765 0.00985385 0.0331284 0.0102871 0.0579064 -0.0421004 -0.0423747 -0.0422593 -0.0419894 -0.0419748 -0.041964 -0.0420136
internal_weight=18.587 13.1553 10.2995 7.12456 3.70717 3.4174 5.43174 3.1749 2.79431 4.96709 4.70717 3.687 1.02017
internal_count=928 328 313 90 50 40 600 223 212 583 557 448 109
is_linear=0
shrinkage=0.05


Tree=124
num_leaves=13
num_cat=0
split_feature=3 4 3 1 6 0 3 7 7 4 1 4
split_gain=4.6144 2.37181 1.53457 1.22654 0.00368839 2.16204e-06 1.94038e-07 2.09214e-07 1.24677e-07 6.95538e-08 6.52042e-08 3.62194e-08
threshold=0.90541730792825437 36767.500000000007 0.95795537991178215 36015.805000000015 94.500000000000014 42288.750000000007 0.87106378805084106 5.5000000000000009 1.5000000000000002 35217.000000000007 27246.760000000006 39905.000000000007
decision_type=2 2 2 2 2 2 2 2 2 2 2 2
left_child=5 -2 3 4 -3 6 8 11 9 -1 -10 -8
right_child=1 2 -4 -5 -6 -7 7 -9 10 -11 -12 -13
leaf_value=-0.041866322969094968 0.077803645544682956 -0.043474436096267076 0.058706489703571521 0.039934986146171622 -0.04872386291914782 -0.042053649150185821 -0.041800244936007952 -0.041902254229954972 -0.041794894661372012 -0.041819492109779734 -0.041813714654704778 -0.041834856747297894
leaf_weight=0.08869747305289033 1.891331687569618 0.64569967705756448 0.92282629013061512 0.59767496306449164 0.69456699537113309 0.096111685968935379 0.10989511711522926 0.11296916240826249 1.3110434408299627 0.74722230108454823 0.70918624638579775 0.24209223315119743
leaf_count=16 8 30 8 25 12 11 29 17 364 180 177 51
internal_value=0.00249415 0.0343602 0.00563856 -0.0196318 -0.0461948 -0.0418199 -0.0418131 -0.0418431 -0.0418082 -0.0418245 -0.0418015 -0.0418241
internal_weight=8.16932 4.7521 2.86077 1.93794 1.34027 3.41722 3.32111 0.464957 2.85615 0.83592 2.02023 0.351987
internal_count=928 83 75 67 42 845 834 97 737 196 541 80
is_linear=0
shrinkage=0.05


Tree=125
num_leaves=13
num_cat=0
split_feature=3 6 8 3 1 2 4 7 4 7 1 1
split_gain=9.97285 1.53565 2.45591 0.462778 3.4247e-06 1.51885e-06 1.77962e-06 1.55034e-06 9.10395e-07 4.0559e-07 3.61536e-07 2.32474e-07
threshold=0.90222567120622355 89.500000000000014 2.5000000000000004 0.93146163167540152 33780.100000000013 4839.4500000000007 39905.000000000007 1.5000000000000002 35217.000000000007 3.5000000000000004 27246.760000000006 28686.760000000006
decision_type=2 2 2 2 2 2 2 2 2 2 2 2
left_child=4 -2 -3 -4 5 6 11 8 -7 -6 -9 -1
right_child=1 2 3 -5 9 7 -8 10 -10 -11 -12 -13
leaf_value=-0.042026528003349523 0.068559145707000058 -0.01477419528862671 0.055650709964308556 0.027535040859605755 -0.042076304971329234 -0.042132365159346118 -0.042139630390898589 -0.041964895718864102 -0.042017124277583452 -0.042153843772903737 -0.041996518174876769 -0.041954780889122523
leaf_weight=0.2552069984376456 2.2892822511494151 2.9318983629345876 2.8639758415520191 2.9931843020021915 0.32016793824732293 0.19116629287600506 0.3951617768034339 3.0329480692744255 1.6556654251180587 0.35637424141168594 1.2875707834027705 0.20247968751937151
leaf_count=26 17 35 22 19 28 15 31 365 175 27 143 25
internal_value=0.00170953 0.0320837 0.022583 0.0412828 -0.0420097 -0.0419994 -0.0420619 -0.0419907 -0.0420291 -0.0421171 -0.0419743 -0.0419948
internal_weight=18.7751 11.0783 8.78906 5.85716 7.69674 7.0202 0.852848 6.16735 1.84683 0.676542 4.32052 0.457687
internal_count=928 93 76 41 835 780 82 698 190 55 508 51
is_linear=0
shrinkage=0.05


Tree=126
num_leaves=18
num_cat=0
split_feature=2 8 0 2 1 6 0 1 4 3 4 4 2 6 2 0 6
split_gain=34.7565 11.0993 4.44467 4.17892 2.80493 2.63826 3.37636 2.34672 1.01086 1.64084 0.975143 6.65952 0.849775 0.249185 0.2097 0.00274009 0.000573341
threshold=9006.3350000000009 2.5000000000000004 31346.650000000005 10978.450000000003 28505.680000000004 91.500000000000014 36418.750000000007 21280.925000000007 41310.000000000007 0.59279205208897678 39905.000000000007 40910.000000000007 7936.4500000000007 93.500000000000014 10049.895000000002 31864.100000000002 95.500000000000014
decision_type=2 2 2 2 2 2 2 2 2 2 2 2 2 2 2 2 2
left_child=2 4 -1 13 8 6 -5 -7 9 -2 15 -12 -13 -3 -10 -4 -17
right_child=1 3 10 5 -6 7 -8 -9 14 -11 11 12 -14 -15 -16 16 -18
leaf_value=0.02449126057400933 0.051138832286052566 -0.04759149984308092 -0.046849420460731928 -0.049829702725051724 0.006183167970418936 0.0072504613749233135 0.020709683274085951 0.048591766089039284 0.060239080718641161 0.0094500134261497441 0.028506776795539947 -0.043292934380082665 -0.01464714480795227 -0.0263903300595098 0.049270897432797389 -0.044692207065729586 -0.045579544517820245
leaf_weight=3.2178690284490576 5.3724418580532092 3.3954787664115456 1.7972501069307352 3.6890490762889412 5.0475216954946509 11.494461327791216 3.1405492722988129 4.8943027630448332 6.0364772826433208 4.2098141014575958 4.1171735599637058 22.62862936779857 2.9234096109867087 2.3417810499668121 15.670638278126715 15.236052423715593 2.0674611181020728
leaf_count=14 30 37 17 35 18 57 11 19 25 18 19 263 22 24 85 211 23
internal_value=-0.00192032 0.0223679 -0.0324243 -0.000725862 0.0407704 0.00871631 -0.0173926 0.0195965 0.04635 0.0328235 -0.0361796 -0.0305068 -0.0400156 -0.0389378 0.052321 -0.0449912 -0.0447982
internal_weight=117.28 65.2925 51.9878 28.9556 36.3369 23.2184 6.8296 16.3888 31.2894 9.58226 48.77 29.6692 25.552 5.73726 21.7071 19.1008 17.3035
internal_count=928 359 569 183 176 122 46 76 158 48 555 304 285 61 110 251 234
is_linear=0
shrinkage=0.05


Tree=127
num_leaves=14
num_cat=0
split_feature=2 1 7 2 0 0 6 6 1 2 8 1 0
split_gain=18.085 6.71234 7.07443 5.33138 3.96595 2.31356 1.16574 0.953352 2.12405 0.0977561 0.00860173 0.00583131 0.000358633
threshold=4839.4500000000007 16951.125000000004 5.5000000000000009 14546.135000000002 40719.250000000007 37103.350000000006 95.500000000000014 90.500000000000014 31667.355 11877.500000000002 2.5000000000000004 34926.080000000009 35265.700000000004
decision_type=2 2 2 2 2 2 2 2 2 2 2 2 2
left_child=6 -2 3 4 -3 9 7 8 -1 -4 11 -9 -12
right_child=1 2 5 -5 -6 -7 -8 10 -10 -11 12 -13 -14
leaf_value=0.004217711477097456 -0.050998540534018616 0.0095541027928589817 0.04758923231518452 -0.044738323480997794 -0.038856438656778985 0.0062871725385482751 -0.014215472616070483 -0.050285903285607003 -0.047836490273758164 0.05723640888497078 -0.0461751281816557 -0.047635573912228467 -0.046929571194259626
leaf_weight=3.3142739236354881 4.7062067762017241 109.89328414201736 9.2170345932245272 5.0637015104293814 4.4000421315431586 3.8773745298385611 5.152291625738143 3.6676475256681424 4.7949406951665878 3.6721183955669394 4.7460407838225356 4.7806689813733101 2.3577373325824738
leaf_count=18 33 543 53 30 21 22 26 23 39 18 45 37 20
internal_value=0.000324236 0.00770859 0.00973827 0.00546612 0.0076904 0.0401507 -0.0357676 -0.0404607 -0.0265617 0.0503377 -0.0477079 -0.0487862 -0.0464255
internal_weight=169.643 140.83 136.124 119.357 114.293 16.7665 28.8136 23.6613 8.10921 12.8892 15.5521 8.44832 7.10378
internal_count=928 720 687 594 564 93 208 182 57 71 125 60 65
is_linear=0
shrinkage=0.05


Tree=128
num_leaves=23
num_cat=0
split_feature=2 4 1 4 1 4 3 2 4 4 1 8 7 2 3 1 2 1 7 3 3 0
split_gain=23.1439 3.90928 8.61538 3.5299 14.1985 3.14989 5.89039 2.76713 14.9745 3.91096 11.523 2.00377 1.19367 1.26865 0.970979 0.828311 0.301578 0.157808 0.187468 0.0251506 0.00305656 0.000102906
threshold=7775.1550000000007 39905.000000000007 29407.655000000002 44735.000000000007 33864.355000000003 36349.500000000007 0.84025382237526558 14639.925000000001 43067.500000000007 37329.500000000007 24998.845000000005 2.5000000000000004 3.5000000000000004 5568.6150000000007 0.73656557558522262 27436.495000000003 6884.0750000000007 28150.465000000007 2.5000000000000004 0.77415816730164078 0.53592995454770553 32445.900000000005
decision_type=2 2 2 2 2 2 2 2 2 2 2 2 2 2 2 2 2 2 2 2 2 2
left_child=1 5 16 11 -5 6 15 9 20 10 14 -4 13 -7 -2 -1 -3 19 -19 -11 21 -9
right_child=7 2 3 4 -6 12 -8 8 -10 17 -12 -13 -14 -15 -16 -17 -18 18 -20 -21 -22 -23
leaf_value=0.044088832825279367 -0.046441702160386678 -0.052276043879043034 0.015071002706314111 -0.038292927722330394 0.026773503390127802 0.035351605728656074 -0.032622961178399613 -0.044748421502375263 0.10747192892878206 -0.04615935240395657 0.052274303424373517 0.059231027858081348 0.013975137991695023 0.063558131115421232 -0.0066746806705597211 0.018400326958106585 -0.03212170451095938 -0.025785998816346373 -0.045806655169176362 -0.052201579572024884 -0.047521558819953048 -0.045296744181769273
leaf_weight=5.5627538263797778 9.8328767344355601 4.3057396039366713 4.628828361630438 12.08902821689844 27.359271973371506 12.211062341928487 5.4189481437206259 1.9215316995978349 2.2781583368778229 18.816810749471195 4.7339036762714377 5.7719614133238792 3.8713967427611342 5.9185744673013678 1.8189330771565426 7.1991583555936813 3.2624916210770607 2.171044632792472 2.5339966043829918 1.8957544714212407 1.8238030746579168 1.5426146462559698
leaf_count=20 111 27 20 61 105 58 26 25 8 208 20 26 30 24 16 28 27 17 26 11 16 18
internal_value=0.000378421 0.0144902 0.00611899 0.0136656 0.00683374 0.0264522 0.0110523 -0.0275194 0.000304935 -0.0325554 -0.0135078 0.0395778 0.039178 0.0445599 -0.0402338 0.0295976 -0.043588 -0.0448347 -0.0365685 -0.0467124 -0.0458648 -0.0449926
internal_weight=146.969 97.5992 57.4173 49.8491 39.4483 40.1819 18.1809 49.3694 7.56611 41.8033 16.3857 10.4008 22.001 18.1296 11.6518 12.7619 7.56823 25.4176 4.70504 20.7126 5.28795 3.46415
internal_count=928 452 266 212 166 186 74 476 67 409 147 46 112 82 127 48 54 262 43 219 59 43
is_linear=0
shrinkage=0.05


Tree=129
num_leaves=12
num_cat=0
split_feature=3 0 0 4 0 3 2 2 7 1 8
split_gain=5.83649 2.40026 3.7057 3.9217 4.38804 0.000607981 0.000234382 6.97465e-06 7.48037e-07 6.7075e-07 3.50249e-07
threshold=0.8246692060773978 41609.55000000001 40654.500000000007 44585.000000000007 35128.80000000001 0.91434156948823631 5961.6050000000005 6351.8750000000009 1.5000000000000002 27246.760000000006 2.5000000000000004
decision_type=2 2 2 2 2 2 2 2 2 2 2
left_child=6 2 3 4 -2 -5 -1 -8 10 -10 -9
right_child=1 -3 -4 5 -6 -7 7 8 9 -11 -12
leaf_value=-0.043183573607652299 -0.0063831415014193003 -0.050517344741867309 0.083741794428247029 -0.042199114113217723 0.070908492084266347 -0.043820140251073558 -0.042254269135174223 -0.041965539016255098 -0.041935737583997913 -0.041986472137617033 -0.042025488688989109
leaf_weight=0.43640724383294838 3.7469535907730442 1.0813341950997699 2.3383250460028639 1.0945296641439202 3.6011654380708933 1.2267127679660914 0.20937512116506685 0.45468961866572488 2.6430043652653699 0.86457472108304489 0.52489073155447841
leaf_count=17 135 19 19 90 35 30 22 56 353 98 54
internal_value=0.00311234 0.0208329 0.0272582 0.0135989 0.0314959 -0.0430558 -0.0420752 -0.0419722 -0.041959 -0.0419482 -0.0419977
internal_weight=18.222 13.089 12.0077 9.66936 7.34812 2.32124 5.13294 4.69653 4.48716 3.50758 0.97958
internal_count=928 328 309 290 170 120 600 583 561 451 110
is_linear=0
shrinkage=0.05


Tree=130
num_leaves=11
num_cat=0
split_feature=3 0 3 0 3 7 7 4 1 4
split_gain=4.30697 2.16762 1.34137 1.88263e-06 1.68269e-07 1.92211e-07 1.09905e-07 5.56439e-08 4.9015e-08 3.62966e-08
threshold=0.90541730792825437 36066.750000000007 0.92415566879244493 42288.750000000007 0.85521846433763937 5.5000000000000009 1.5000000000000002 36337.500000000007 27693.190000000006 39905.000000000007
decision_type=2 2 2 2 2 2 2 2 2 2
left_child=3 -2 -3 4 6 9 7 -1 -8 -6
right_child=1 2 -4 -5 5 -7 8 -9 -10 -11
leaf_value=-0.041839514640528666 0.057618591439590798 0.052803563621162314 -0.04452287083974743 -0.042035305752987293 -0.041798551043432164 -0.041884331442224643 -0.04178818732877175 -0.041808255608163369 -0.0418065322199693 -0.041826850397615904
leaf_weight=0.18995436048135284 3.098551026545465 0.51907215220853675 1.1133416770026086 0.091880866792052873 0.19688877929002035 0.12667399388737977 1.2860316098667679 0.56827118340879679 0.50792473042383779 0.26690522185526788
leaf_count=40 31 27 25 11 54 21 378 148 133 60
internal_value=0.00265281 0.0330533 -0.0135752 -0.0418122 -0.0418057 -0.0418297 -0.0418001 -0.0418161 -0.0417934 -0.0418148
internal_weight=7.9655 4.73096 1.63241 3.23453 3.14265 0.590468 2.55218 0.758226 1.79396 0.463794
internal_count=928 83 52 845 834 135 699 188 511 114
is_linear=0
shrinkage=0.05


Tree=131
num_leaves=8
num_cat=0
split_feature=3 0 7 2 3 2 3
split_gain=9.61658 7.22191 3.45065 3.73819 4.04186 2.22064 0.0115556
threshold=0.96140633523142494 42288.750000000007 5.5000000000000009 3044.9200000000005 0.90222567120622355 2591.2400000000002 0.90541730792825437
decision_type=2 2 2 2 2 2 2
left_child=1 2 5 -4 -5 -1 -7
right_child=-2 -3 3 4 -6 6 -8
leaf_value=0.024090936413733555 0.11741685167706768 0.11035458634883276 -0.051828066843625703 -0.042018935662454251 0.077914602545125153 -0.042113855309778667 -0.046039624554162467
leaf_weight=1.4122710525989592 1.6434251368045796 1.172181743197142 1.4260484874248494 0.9762270096689466 2.505290687084198 6.6394086759537441 2.611904451623559
leaf_count=22 6 15 8 109 9 724 35
internal_value=0.00199881 -0.00932994 -0.0183397 0.0163562 0.0442849 -0.0343073 -0.0432222
internal_weight=18.3868 16.7433 15.5712 4.90757 3.48152 10.6636 9.25131
internal_count=928 922 907 126 118 781 759
is_linear=0
shrinkage=0.05


Tree=132
num_leaves=18
num_cat=0
split_feature=2 8 0 2 1 6 0 4 0 4 2 2 3 6 2 0 6
split_gain=32.1187 10.2329 4.67647 3.91161 2.745 2.4786 3.70252 1.15245 7.19475 1.02122 1.57792 0.77769 0.692869 0.249789 0.189497 0.00835948 0.000361019
threshold=9006.3350000000009 2.5000000000000004 31067.300000000003 10978.450000000003 28505.680000000004 93.500000000000014 35417.200000000004 39905.000000000007 34365.30000000001 41310.000000000007 13927.065000000001 7936.4500000000007 0.56782626608460707 93.500000000000014 10049.895000000002 31754.250000000004 95.500000000000014
decision_type=2 2 2 2 2 2 2 2 2 2 2 2 2 2 2 2 2
left_child=2 4 -1 13 9 6 -5 15 -9 10 -2 -10 -7 -3 -11 -4 -17
right_child=1 3 7 5 -6 12 -8 8 11 14 -12 -13 -14 -15 -16 16 -18
leaf_value=0.038298327229240897 0.0087610930348614984 -0.047344787996669496 -0.048085441291382702 -0.034190807184920978 0.0054909045547970967 0.040963432875004778 0.020520480296698826 0.028924454994204096 -0.04319457389162587 0.059105452764336514 0.050305427172773358 -0.016425248826209937 0.015119062116751026 -0.025761852749912408 0.048511163487372319 -0.044517127499095754 -0.04520068590359741
leaf_weight=2.2607767432928076 4.1734151989221591 3.2409310862422016 1.9262166470289255 6.1689924038946646 5.0362148880958548 4.5364970713853818 6.2003379166126251 4.5166220888495472 21.26717268303037 5.8666117042303112 5.0528591424226761 3.1098772808909407 6.0544027388095856 2.2862653844058514 15.045696184039114 14.565525759011509 2.2269287332892409
leaf_count=9 18 37 15 55 18 17 22 22 259 25 30 24 28 24 85 213 27
internal_value=-0.00191838 0.02162 -0.0319647 -0.000655067 0.0396601 0.00843539 -0.00676584 -0.035301 -0.0290398 0.0453698 0.0315133 -0.0397795 0.0261892 -0.0384172 0.0514832 -0.0449656 -0.0446078
internal_weight=113.535 63.6622 49.8731 28.4874 35.1748 22.9602 12.3693 47.6123 28.8937 30.1386 9.22627 24.377 10.5909 5.5272 20.9123 18.7187 16.7925
internal_count=928 359 569 183 176 122 77 560 305 158 48 283 45 61 110 255 240
is_linear=0
shrinkage=0.05


Tree=133
num_leaves=15
num_cat=0
split_feature=2 0 7 2 1 6 2 6 1 4 5 8 1 8
split_gain=16.4457 6.32313 6.91754 10.2337 4.16262 1.17322 0.96946 0.969092 2.06738 0.654252 0.50487 0.00764036 0.00503968 0.000270723
threshold=4839.4500000000007 41308.150000000009 5.5000000000000009 14546.135000000002 29136.820000000003 95.500000000000014 7082.545000000001 90.500000000000014 31667.355 37329.500000000007 22.500000000000004 2.5000000000000004 34926.080000000009 3.5000000000000004
decision_type=2 2 2 2 2 2 2 2 2 2 2 2 2 2
left_child=5 2 3 4 -2 7 -4 8 -1 -8 -5 12 -9 -13
right_child=1 -3 6 10 -6 -7 9 11 -10 -11 -12 13 -14 -15
leaf_value=0.0045619296626099445 0.0040445527070734144 -0.055573430950007968 0.055861439648466737 -0.033094990451359808 0.028032528497056283 -0.013143873418958903 0.040945696091298348 -0.049790741044416942 -0.047466742565949592 0.014706877352354521 -0.05831611372686675 -0.046536839566716628 -0.047271340122000044 -0.045860756303690152
leaf_weight=3.2960583269596162 86.888097338378429 3.882235310971736 6.0402295142412177 3.2599683627486211 22.838729664683342 5.055098131299018 5.9345918372273427 3.519037224352358 4.538058340549469 3.9616498053073883 5.0703794732689857 2.2128196433186522 4.5532324686646461 4.4753126874566078
leaf_count=18 458 19 34 24 93 26 32 23 39 26 34 20 37 45
internal_value=0.00027499 0.00733271 0.00915531 0.00498129 0.00903745 -0.0349186 0.0400763 -0.0397903 -0.0255767 0.0304418 -0.0484462 -0.0473342 -0.0483697 -0.0460844
internal_weight=165.525 137.876 133.994 118.057 109.727 27.6496 15.9365 22.5945 7.83412 9.89624 8.33035 14.7604 8.07227 6.68813
internal_count=928 720 701 609 551 208 92 182 57 58 58 125 60 65
is_linear=0
shrinkage=0.05


Tree=134
num_leaves=21
num_cat=0
split_feature=2 4 1 4 1 2 6 7 2 4 4 1 8 3 2 1 7 3 3 2
split_gain=21.0791 3.69841 7.93778 3.31654 12.9073 3.17701 3.38204 3.72558 2.70488 13.6011 3.76898 10.7858 1.89901 1.07106 0.295544 0.161619 0.191281 0.0218152 0.0033844 8.46775e-05
threshold=7775.1550000000007 39905.000000000007 29407.655000000002 44735.000000000007 33864.355000000003 3044.9200000000005 95.500000000000014 2.5000000000000004 14639.925000000001 43067.500000000007 37329.500000000007 24998.845000000005 2.5000000000000004 0.7401834177423281 6884.0750000000007 28150.465000000007 2.5000000000000004 0.77415816730164078 0.53833934672848505 17582.925000000007
decision_type=2 2 2 2 2 2 2 2 2 2 2 2 2 2 2 2 2 2 2 2
left_child=1 5 14 12 -5 -1 7 -7 10 18 11 13 -4 -2 -3 17 -17 -12 19 -10
right_child=8 2 3 4 -6 6 -8 -9 9 -11 15 -13 -14 -15 -16 16 -18 -19 -20 -21
leaf_value=-0.017717238043789871 -0.046208405617510225 -0.051752057730743199 0.014265078822806247 -0.037282842636253526 0.025351767262359295 0.045431699319503804 -0.0089178506466302473 0.0031078448123434484 -0.044973534434857639 0.10083328051605769 -0.045917020463894988 0.050444535597609669 0.057604319592447543 -0.0026094039469911692 -0.031464305861136674 -0.025013802780638656 -0.045588051282762825 -0.0516475328119309 -0.047507447418729754 -0.044471685879022851
leaf_weight=3.8204118609428397 9.5631518140435201 4.1433047428727141 4.5724736601114255 11.845664620399473 26.911821141839027 24.179933026432995 4.7689619958400717 6.6238853856921187 1.6632597967982286 2.3270746767520905 17.766272012144334 4.6998739242553702 5.6517558023333549 1.6519784405827511 3.1674407497048378 2.1191417053341857 2.419562503695488 1.8320407047867764 1.6103659048676489 1.6993196830153463
leaf_count=16 113 27 20 61 105 107 19 44 21 8 208 20 26 14 27 17 26 11 14 24
internal_value=0.000357742 0.0138603 0.00563714 0.0128908 0.00620841 0.0256112 0.0302645 0.0363306 -0.0269273 0.0010641 -0.0320291 -0.0131402 0.0382222 -0.0397863 -0.0429622 -0.0444838 -0.0359818 -0.0464527 -0.0456226 -0.0447199
internal_weight=143.038 95.6857 56.2925 48.9817 38.7575 39.3932 35.5728 30.8038 47.352 7.30002 40.052 15.915 10.2242 11.2151 7.31075 24.137 4.5387 19.5983 4.97295 3.36258
internal_count=928 452 266 212 166 186 170 151 476 67 409 147 46 127 54 262 43 219 59 45
is_linear=0
shrinkage=0.05


Tree=135
num_leaves=12
num_cat=0
split_feature=3 0 0 4 0 3 2 2 1 7 3
split_gain=5.50541 2.21105 3.22086 3.65754 3.90046 0.000528318 0.000194259 4.83017e-06 6.50067e-07 6.04163e-07 8.90421e-08
threshold=0.8246692060773978 41609.55000000001 40654.500000000007 44585.000000000007 35128.80000000001 0.91434156948823631 5961.6050000000005 6536.4450000000006 27693.190000000006 1.5000000000000002 0.80118419382584205
decision_type=2 2 2 2 2 2 2 2 2 2 2
left_child=6 2 3 4 -2 -5 -1 -8 9 -9 -10
right_child=1 -3 -4 5 -6 -7 7 8 10 -11 -12
leaf_value=-0.043092240738139997 -0.005860445406198401 -0.050067172421439737 0.078190522863350848 -0.042169785312573052 0.066909638792273463 -0.043718204803304711 -0.042180177290525422 -0.041975159323664329 -0.041988265030412482 -0.041922064785861746 -0.041952799644991018
leaf_weight=0.41102265194058674 3.7012209556996805 1.0264733377844084 2.4000354185700408 1.042332567740232 3.66459028609097 1.1683806227520106 0.2280545295216142 0.67739627743139896 0.73966521024703968 2.5630261967889965 0.23264647694304585
leaf_count=17 135 19 19 90 35 30 26 82 83 362 30
internal_value=0.00340013 0.0203598 0.0263958 0.0134152 0.0303437 -0.0429881 -0.0420523 -0.0419561 -0.0419439 -0.0419332 -0.0419798
internal_weight=17.8548 13.003 11.9766 9.57652 7.36581 2.21071 4.85181 4.44079 4.21273 3.24042 0.972312
internal_count=928 328 309 290 170 120 600 583 557 444 113
is_linear=0
shrinkage=0.05


Tree=136
num_leaves=11
num_cat=0
split_feature=3 0 3 0 3 7 7 4 1 4
split_gain=4.01419 1.87278 1.26291 1.60943e-06 1.47662e-07 1.65278e-07 9.95477e-08 5.61262e-08 4.74383e-08 3.30563e-08
threshold=0.90541730792825437 36066.750000000007 0.92415566879244493 42288.750000000007 0.85521846433763937 5.5000000000000009 1.5000000000000002 35217.000000000007 27693.190000000006 39905.000000000007
decision_type=2 2 2 2 2 2 2 2 2 2
left_child=3 -2 -3 4 6 9 7 -1 -8 -6
right_child=1 2 -4 -5 5 -7 8 -9 -10 -11
leaf_value=-0.04184836230341149 0.054136599275498964 0.050086474307710793 -0.04433116370516843 -0.042016531299429276 -0.041791695238589166 -0.041873820775972979 -0.041781554828542879 -0.041804072353721605 -0.041800074927401842 -0.041819445259302555
leaf_weight=0.080554011743516951 3.1299572661519051 0.53383008064702142 1.0523088760673998 0.087371781934052595 0.18582382216118265 0.12047523562796414 1.2127304539317263 0.63861505966633558 0.48366564651951183 0.25401526875793934
leaf_count=16 31 27 25 11 54 21 378 172 133 60
internal_value=0.00276033 0.0317069 -0.012554 -0.041805 -0.0417988 -0.0418219 -0.0417934 -0.041809 -0.0417868 -0.0418077
internal_weight=7.77935 4.7161 1.58614 3.06325 2.97588 0.560314 2.41557 0.719169 1.6964 0.439839
internal_count=928 83 52 845 834 135 699 188 511 114
is_linear=0
shrinkage=0.05


Tree=137
num_leaves=14
num_cat=0
split_feature=3 2 3 7 2 1 2 4 7 8 1 1 1
split_gain=8.80627 3.08602 3.35014 2.29244 2.42306 3.53146e-06 1.23095e-06 1.40372e-06 1.21499e-06 6.58171e-07 4.49618e-07 3.59657e-07 2.22125e-07
threshold=0.90222567120622355 1556.0350000000001 0.92622742447754225 5.5000000000000009 3455.4050000000002 33780.100000000013 4839.4500000000007 39905.000000000007 1.5000000000000002 2.5000000000000004 35940.860000000008 27246.760000000006 28686.760000000006
decision_type=2 2 2 2 2 2 2 2 2 2 2 2 2
left_child=5 -2 3 4 -3 6 7 12 9 -8 -7 -10 -1
right_child=1 2 -4 -5 -6 10 8 -9 11 -11 -12 -13 -14
leaf_value=-0.041994957465783099 0.086658431173202377 -0.022521427312921918 -0.029533374346070784 0.075097869107207102 0.057049098277738942 -0.042057137471654564 -0.04194564258630943 -0.042097923749461363 -0.041932921231081569 -0.042014620140598286 -0.042143791595169997 -0.041966156158207778 -0.041920669075582465
leaf_weight=0.23024815879762428 1.9749535173177708 2.1209452450275408 2.6532905772328377 2.4630837738513947 1.7430286444723604 0.38782690558582533 0.49192950269207347 0.35951675102114677 2.6979762846603994 1.1644410369917748 0.24379429314285517 1.1657558870501814 0.17873137490823865
leaf_count=26 8 31 33 9 12 36 64 31 365 126 19 143 25
internal_value=0.00217803 0.0300703 0.0176255 0.0374019 0.0133726 -0.0419779 -0.0419666 -0.0420258 -0.0419583 -0.0419941 -0.0420906 -0.0419429 -0.0419625
internal_weight=17.8755 10.9553 8.98035 6.32706 3.86397 6.92022 6.2886 0.768496 5.5201 1.65637 0.631621 3.86373 0.40898
internal_count=928 93 85 52 43 835 780 82 698 190 55 508 51
is_linear=0
shrinkage=0.05


Tree=138
num_leaves=17
num_cat=0
split_feature=2 8 1 0 2 1 0 4 4 4 4 2 3 6 0 6
split_gain=29.6314 9.51285 4.97248 4.39279 3.66361 2.32565 3.09092 1.21377 1.95395 1.13594 6.67163 0.843191 0.465494 0.249594 0.00689101 0.000368195
threshold=9006.3350000000009 2.5000000000000004 28987.190000000006 31067.300000000003 10978.450000000003 21827.865000000005 32651.400000000005 41310.000000000007 38752.500000000007 39905.000000000007 40910.000000000007 7936.4500000000007 0.73827354215837071 93.500000000000014 31754.250000000004 95.500000000000014
decision_type=2 2 2 2 2 2 2 2 2 2 2 2 2 2 2 2
left_child=3 2 7 -1 13 6 -6 8 -2 14 -11 -12 -9 -3 -5 -16
right_child=1 4 -4 9 5 -7 -8 12 -10 10 11 -13 -14 -15 15 -17
leaf_value=0.036606282844041466 0.050015302639997053 -0.047131684654874315 -0.012903720164748278 -0.047683911770698861 0.016891646474934515 0.02953771936838457 -0.029288720579809236 0.04884289039243879 0.0024348529795806635 0.028082541260254501 -0.042708515138102303 -0.013766663524935267 0.068436788548391442 -0.025233122620232626 -0.044350413032294408 -0.045054509511796278
leaf_weight=2.2541839927434912 5.1868030726909655 3.1031135916709927 4.1155601143836966 1.8314518332481409 8.0718276798725146 8.1089572012424451 6.5747101232409468 17.332192406058315 3.6947557926177979 4.3760189712047604 20.579827770590786 2.8672089204192153 3.6736662089824668 2.2408187463879585 13.775573570281265 2.1460040993988505
leaf_count=9 32 37 15 15 39 33 50 99 16 20 263 22 14 24 213 27
internal_value=-0.00194835 0.020833 0.0386224 -0.0315275 -0.000693826 0.00805527 -0.00383834 0.0457177 0.0302217 -0.0348974 -0.028592 -0.0391694 0.0522696 -0.0379492 -0.0447794 -0.0444453
internal_weight=109.933 62.1024 34.003 47.8303 28.0994 22.7555 14.6465 29.8874 8.88156 45.5761 27.8231 23.447 21.0059 5.34393 17.753 15.9216
internal_count=928 359 176 569 183 122 89 161 48 560 305 285 113 61 255 240
is_linear=0
shrinkage=0.05


Tree=139
num_leaves=15
num_cat=0
split_feature=2 0 7 2 1 6 6 1 2 4 5 8 1 0
split_gain=14.9918 5.85117 6.43298 9.30237 3.68482 1.15524 0.983309 2.02338 0.962179 0.629824 0.482174 0.00668716 0.00427504 0.000213452
threshold=4839.4500000000007 41308.150000000009 5.5000000000000009 14546.135000000002 29136.820000000003 95.500000000000014 90.500000000000014 31667.355 7082.545000000001 37329.500000000007 22.500000000000004 2.5000000000000004 34926.080000000009 34631.80000000001
decision_type=2 2 2 2 2 2 2 2 2 2 2 2 2 2
left_child=5 2 3 4 -2 6 7 -1 -4 -10 -5 12 -8 -13
right_child=1 -3 8 10 -6 -7 11 -9 9 -11 -12 13 -14 -15
leaf_value=0.0050643079374545832 0.0038204214598720151 -0.054695116790465341 0.055223111595648647 -0.032146960411551427 0.026574832421333291 -0.012437249371529227 -0.049304181230033522 -0.047137283836021802 0.039954535795365745 0.013814390862961882 -0.057363167346364485 -0.045551937929425947 -0.046929524267820384 -0.046157810142122425
leaf_weight=3.2657425254583421 85.444470427930355 3.738214559853076 5.7938525900244704 3.1188784241676322 22.471135199069977 4.9922100454568854 3.3691118806600553 4.30119339376688 5.7114398553967458 3.8627928048372269 4.8341107591986656 4.0151456892490387 4.3326297253370285 2.2787433639168739
leaf_count=18 458 19 34 24 93 26 23 39 32 26 34 43 37 22
internal_value=0.000230759 0.00698716 0.00874415 0.00471256 0.00855854 -0.0341112 -0.0391292 -0.0246081 0.0391405 0.0294081 -0.0474743 -0.0469803 -0.0479683 -0.0457713
internal_weight=161.53 134.975 131.237 115.869 107.916 26.5548 21.5626 7.56694 15.3681 9.57423 7.95299 13.9956 7.70174 6.29389
internal_count=928 720 701 609 551 208 182 57 92 58 58 125 60 65
is_linear=0
shrinkage=0.05


Tree=140
num_leaves=22
num_cat=0
split_feature=2 7 1 6 4 1 2 2 4 4 1 3 8 1 7 8 3 3 7 2 2
split_gain=19.3799 3.46932 4.37805 3.27391 3.45807 10.0547 3.70728 2.65855 12.421 3.61416 10.168 1.53568 0.536207 0.166918 0.195384 0.0199245 0.00315825 0.00119567 0.000564683 0.000311348 7.01182e-05
threshold=7775.1550000000007 4.5000000000000009 32425.355000000007 95.500000000000014 44860.000000000007 33864.355000000003 3276.9450000000002 14639.925000000001 43067.500000000007 37329.500000000007 24920.520000000004 0.85521846433763937 2.5000000000000004 28150.465000000007 2.5000000000000004 2.5000000000000004 0.53833934672848505 0.84475213243978076 2.5000000000000004 6933.8450000000012 17582.925000000007
decision_type=2 2 2 2 2 2 2 2 2 2 2 2 2 2 2 2 2 2 2 2 2
left_child=1 3 17 4 6 -6 -1 9 16 10 18 -5 -4 15 -15 -11 20 19 -2 -3 -9
right_child=7 2 12 11 5 -7 -8 8 -10 13 -12 -13 -14 14 -16 -17 -18 -19 -20 -21 -22
leaf_value=-0.011179898515909087 -0.045718456208201468 -0.044712825030831772 0.019299718135113164 -0.0299830549154128 -0.035508837922120971 0.030644666642788518 0.036058691466583227 -0.044717170729131922 0.095303342336806735 -0.044346547714957163 0.038271653034516552 0.010077815854870905 -0.0015419161985714177 -0.024201833171644659 -0.045378058786978072 -0.04765194000019924 -0.047242291550216836 -0.046796895708120123 -0.044783061464393897 -0.045676200912735394 -0.044243760583859336
leaf_weight=4.6806349009275428 2.0585157200694066 1.7203287370502978 6.4487244039773923 4.65152660012245 8.8887166604399699 16.23445251584053 36.871214427053928 1.5514943525195115 2.3615407645702362 7.9862495288252893 5.9646017700433722 4.9251593053340912 5.9183984994888306 2.0644361376762381 2.3059572651982307 10.624093823134897 1.5436161197721956 1.7420877292752264 7.462492261081934 1.6364748477935789 1.577360577881336
leaf_count=20 23 23 25 25 42 67 175 21 8 120 25 19 22 17 26 99 14 16 99 18 24
internal_value=0.000354087 0.0133526 -0.00674797 0.0179568 0.0218833 0.00723919 0.0307375 -0.0264192 0.00184418 -0.0315875 -0.0129172 -0.00938029 0.00932577 -0.0441685 -0.0353751 -0.0462335 -0.0453916 -0.0457341 -0.0449853 -0.0451825 -0.0444785
internal_weight=139.218 93.7177 17.466 76.2517 66.675 25.1232 41.5518 45.5004 7.03401 38.4663 15.4856 9.57669 12.3671 22.9807 4.37039 18.6103 4.67247 5.09889 9.52101 3.3568 3.12885
internal_count=928 452 104 348 304 109 195 476 67 409 147 44 47 262 43 219 59 57 122 41 45
is_linear=0
shrinkage=0.05


Tree=141
num_leaves=13
num_cat=0
split_feature=2 2 1 3 4 0 0 1 2 1 7 7
split_gain=5.23518 2.28495 2.22224 2.89878 1.93438 3.35332 1.64782 1.4545e-05 4.50011e-06 7.08814e-07 5.78735e-07 1.08393e-07
threshold=6031.4000000000005 6020.3900000000003 32715.525000000005 0.82517227821759864 44735.000000000007 40654.500000000007 31754.250000000004 34388.455000000009 6351.8750000000009 27693.190000000006 1.5000000000000002 2.5000000000000004
decision_type=2 2 2 2 2 2 2 2 2 2 2 2
left_child=1 2 3 -1 -4 -6 -5 8 -2 10 -10 -11
right_child=7 -3 4 6 5 -7 -8 -9 9 11 -12 -13
leaf_value=0.070261004452658038 -0.042132616328778127 0.085523920380781479 0.071204262656747203 0.051825653362626949 -0.043143640003517114 0.04390595099571714 -0.044869355264815669 -0.042361907724263168 -0.041962013657788705 -0.041989209403845491 -0.04190876312142431 -0.041955471835592457
leaf_weight=0.84705021092668165 0.29972324566915531 1.2097658850252635 2.1064382568001747 0.50831440463662181 1.6880863010883329 3.2101785466074944 3.3073062677867711 0.22033932153135527 0.64584687119349871 0.38064123317599274 2.4300232953391969 0.6356493211351335
leaf_count=23 36 5 12 17 74 25 154 13 82 44 363 80
internal_value=0.00374367 0.0201154 0.0133333 -0.0134126 0.0311367 0.0139061 -0.0319877 -0.0419655 -0.0419456 -0.0419319 -0.0419199 -0.0419681
internal_weight=17.4894 12.8771 11.6674 4.66267 7.0047 4.89826 3.81562 4.61222 4.39188 4.09216 3.07587 1.01629
internal_count=928 310 305 194 111 99 171 618 605 569 445 124
is_linear=0
shrinkage=0.05


Tree=142
num_leaves=13
num_cat=0
split_feature=3 4 3 3 6 0 3 7 7 4 1 4
split_gain=3.73072 1.67713 1.58077 1.33774 0.00501964 1.40739e-06 1.27057e-07 1.42205e-07 8.90836e-08 5.06762e-08 4.22084e-08 2.96535e-08
threshold=0.90541730792825437 36767.500000000007 0.95795537991178215 0.91821355705154029 94.500000000000014 42288.750000000007 0.85521846433763937 5.5000000000000009 1.5000000000000002 35217.000000000007 27693.190000000006 39905.000000000007
decision_type=2 2 2 2 2 2 2 2 2 2 2 2
left_child=5 -2 3 -3 -5 6 8 11 9 -1 -10 -8
right_child=1 2 -4 4 -6 -7 7 -9 10 -11 -12 -13
leaf_value=-0.04184055711023156 0.066794949661252476 0.045128488038989223 0.060750787974948477 -0.043503923767481592 -0.049577237287952478 -0.042000366178083039 -0.04178511269002938 -0.041863710817916094 -0.041775625790059348 -0.041797462531430143 -0.041793579484011564 -0.041812140056856052
leaf_weight=0.076885175891221791 1.8853401802480219 0.56425119796767864 0.89642647653818119 0.70952893281355478 0.65364580927416682 0.083685435354709514 0.17516938317567099 0.11439800611697137 1.1469793799333272 0.60514849633909762 0.45811714441515494 0.24126803269609809
leaf_count=16 8 24 8 33 10 11 54 21 378 172 133 60
internal_value=0.00279815 0.030277 0.00589591 -0.0196165 -0.0464161 -0.0417983 -0.0417923 -0.0418143 -0.0417872 -0.0418023 -0.0417808 -0.0418008
internal_weight=7.61084 4.70919 2.82385 1.92743 1.36317 2.90165 2.81797 0.530835 2.28713 0.682034 1.6051 0.416437
internal_count=928 83 75 67 43 845 834 135 699 188 511 114
is_linear=0
shrinkage=0.05


Tree=143
num_leaves=13
num_cat=0
split_feature=3 2 3 7 2 1 7 3 4 3 1 1
split_gain=8.25786 2.70189 3.10657 2.08238 2.16523 3.11185e-06 1.10013e-06 1.06345e-06 5.90302e-07 4.80729e-07 3.91002e-07 3.80425e-07
threshold=0.90222567120622355 1556.0350000000001 0.92622742447754225 5.5000000000000009 3455.4050000000002 33780.100000000013 1.5000000000000002 0.87106378805084106 35217.000000000007 0.82598888974448947 35940.860000000008 27246.760000000006
decision_type=2 2 2 2 2 2 2 2 2 2 2 2
left_child=5 -2 3 4 -3 6 8 11 -1 -10 -7 -8
right_child=1 2 -4 -5 -6 10 7 -9 9 -11 -12 -13
leaf_value=-0.042071330924748233 0.081289820655594286 -0.021627310164397104 -0.028906152649145419 0.072642529821160998 0.053680165013596494 -0.042039013244905825 -0.04191904004744007 -0.042023175086860348 -0.041956764717687868 -0.04201623140632918 -0.042121793890133347 -0.041952301614214677
leaf_weight=0.17696275655180471 2.0190726965665808 2.0542107000946985 2.5862420294433832 2.4132870137691498 1.7829052601009605 0.36950951442122448 2.5515269087627535 0.33463506307452906 1.1036159037612376 0.49108022218570102 0.23233930021524429 1.2964492216706274
leaf_count=16 8 31 33 9 12 36 365 36 141 54 19 168
internal_value=0.00234592 0.0291053 0.0171817 0.0362516 0.0133641 -0.0419626 -0.0419517 -0.0419377 -0.0419847 -0.0419751 -0.042071 -0.0419302
internal_weight=17.4118 10.8557 8.83665 6.2504 3.83712 6.55612 5.95427 4.18261 1.77166 1.5947 0.601849 3.84798
internal_count=928 93 85 52 43 835 780 569 211 195 55 533
is_linear=0
shrinkage=0.05


Tree=144
num_leaves=18
num_cat=0
split_feature=2 8 1 0 2 1 0 4 7 4 0 6 1 0 3 0 6
split_gain=27.3089 8.86386 5.81149 4.22891 3.45508 2.92127 3.12133 1.28006 1.88869 1.12248 6.23061 0.776892 0.623433 1.71665 0.523306 0.00561905 0.000376196
threshold=9006.3350000000009 2.5000000000000004 29033.765000000003 31067.300000000003 11487.635 21827.865000000005 31975.550000000003 41310.000000000007 1.5000000000000002 39905.000000000007 34365.30000000001 93.500000000000014 25524.745000000003 34768.650000000009 0.73827354215837071 31754.250000000004 95.500000000000014
decision_type=2 2 2 2 2 2 2 2 2 2 2 2 2 2 2 2 2
left_child=3 2 7 -1 12 6 -6 8 -2 15 -11 -12 13 -3 -9 -5 -17
right_child=1 4 -4 9 5 -7 -8 14 -10 10 11 -13 -14 -15 -16 16 -18
leaf_value=0.035797665663474608 0.0018845699208387562 -0.044321490444235896 -0.020606914192825624 -0.047299486810557484 0.035343857185263443 0.037772999233169242 -0.017239045764214939 0.048141868015595286 0.049357518135840502 0.025746080183542536 -0.045748879690768948 -0.026166948389175326 -0.051384974979122033 0.017525112970417971 0.068507066961297367 -0.044199392047438404 -0.044925034354606187
leaf_weight=2.2495900988578788 3.6707745492458361 2.8708136603236225 3.7883682399988166 1.7395358458161378 3.8759576156735447 6.3750918433070174 10.380925338715313 16.6287464350462 4.8809476047754288 4.4693768396973637 14.547368191182615 7.7707375586032859 2.4167962893843651 1.8418387696146963 3.892874300479888 13.04949691519141 2.069349016994237
leaf_count=9 16 44 14 15 18 27 68 99 32 22 184 99 17 9 15 213 27
internal_value=-0.00195838 0.0200696 0.0376423 -0.0310551 -0.00073148 0.00963749 -0.00294356 0.0452324 0.02898 -0.0345008 -0.0281398 -0.0389308 -0.0307383 -0.0201501 0.0520051 -0.0446083 -0.0442987
internal_weight=106.519 60.6231 32.8617 45.8955 27.7614 20.632 14.2569 29.0733 8.55172 43.6459 26.7875 22.3181 7.12945 4.71265 20.5216 16.8584 15.1188
internal_count=928 359 176 569 183 113 86 162 48 560 305 283 70 53 114 255 240
is_linear=0
shrinkage=0.05


Tree=145
num_leaves=14
num_cat=0
split_feature=2 1 7 2 8 1 0 1 1 6 2 7 0
split_gain=13.6736 5.35206 5.77369 4.22775 4.15417 3.22852 2.08041 1.15638 4.97783 0.833794 0.0911897 0.00108671 0.000866106
threshold=4839.4500000000007 16951.125000000004 5.5000000000000009 13489.085000000001 3.5000000000000004 23922.415000000005 37103.350000000006 30449.090000000007 29082.620000000003 95.500000000000014 12009.895000000002 5.5000000000000009 34980.200000000004
decision_type=2 2 2 2 2 2 2 2 2 2 2 2 2
left_child=7 -2 3 5 -5 -3 10 8 -1 11 -4 12 -9
right_child=1 2 6 4 -6 -7 -8 9 -10 -11 -12 -13 -14
leaf_value=-0.050354005766527689 -0.049333646106399287 0.030559009501667074 0.045535347389789801 -0.049584257644916502 0.0077917766752000663 0.0044849530686253266 0.004844963796637544 -0.047239559161156193 0.024228638021157871 -0.01698163515143828 0.055596518354722596 -0.047456404913118921 -0.046102365638082655
leaf_weight=5.341701455414297 4.1324903890490523 13.754440322518347 8.1804304942488653 6.7084746956825239 5.955278143286705 86.749432422220707 3.642075613141059 2.0708855539560345 3.8493901193141937 2.9010653942823401 3.1076563298702231 2.6124824732542029 8.7437889426946622
leaf_count=39 33 86 54 48 27 433 22 19 26 16 17 22 86
internal_value=0.000204842 0.00667173 0.00847849 0.00462285 -0.0226025 0.00805331 0.0377035 -0.0333039 -0.0191175 -0.0412893 0.0483052 -0.0465412 -0.0463201
internal_weight=157.75 132.23 128.098 113.168 12.6638 100.504 14.9302 25.5193 9.19109 16.3282 11.2881 13.4272 10.8147
internal_count=928 720 687 594 75 519 93 208 65 143 71 127 105
is_linear=0
shrinkage=0.05


Tree=146
num_leaves=23
num_cat=0
split_feature=2 4 1 4 1 4 3 2 4 4 1 8 0 4 2 1 7 3 8 3 7 2
split_gain=17.851 3.17192 7.15779 3.06931 10.3989 3.01278 5.04476 2.54901 11.265 3.46528 9.56248 1.86495 0.959872 0.556875 0.289114 0.172165 0.199973 0.0299326 0.0180116 0.00364416 0.000498463 6.65778e-05
threshold=7775.1550000000007 39905.000000000007 29407.655000000002 44735.000000000007 33864.355000000003 36349.500000000007 0.82836939476201243 14639.925000000001 43067.500000000007 37329.500000000007 24920.520000000004 2.5000000000000004 32924.200000000004 37852.500000000007 6884.0750000000007 28150.465000000007 2.5000000000000004 0.86216652004032401 2.5000000000000004 0.54641977376595385 2.5000000000000004 17582.925000000007
decision_type=2 2 2 2 2 2 2 2 2 2 2 2 2 2 2 2 2 2 2 2 2 2
left_child=1 5 14 11 -5 6 -1 9 19 10 20 -4 17 -14 -3 18 -17 -7 -11 21 -2 -9
right_child=7 2 3 4 -6 12 -8 8 -10 15 -12 -13 13 -15 -16 16 -18 -19 -20 -21 -22 -23
leaf_value=0.034053873758478785 -0.045532157164641901 -0.051250327066565009 0.012798022277959049 -0.034740269440020392 0.02286684545564123 0.019024830517942796 -0.01946813958201736 -0.044492603106517814 0.08964217367860472 -0.044154089583002994 0.036679334022666064 0.0565658671690068 0.038313044927080646 0.060695156135066791 -0.030719869989726076 -0.023373436518826694 -0.045188591939864915 0.02554600064925493 -0.047387800477969706 -0.047350412744749826 -0.044635669878679542 -0.044023355202089387
leaf_weight=9.3502049744129199 1.9801647514104823 3.910246178507804 4.4190940260887128 11.21542553976178 25.981593310832977 3.597678296267989 8.3204759210348112 1.4507814869284623 2.3876275718212128 7.4463544152677121 5.9402363896369925 5.4177317097783089 9.1889180392026883 3.983919918537139 3.0541528016328812 2.0104020759463301 2.2001349255442619 3.4443740695714951 10.211262591183184 1.3769191056489942 7.1466222181916237 1.5781820118427274
leaf_count=37 23 27 20 61 105 22 37 21 8 120 25 26 52 20 27 17 26 18 99 12 99 26
internal_value=0.000327783 0.0128423 0.0050609 0.0120659 0.00549749 0.0239332 0.00885232 -0.0259681 0.0021798 -0.0311453 -0.0126947 0.0369036 0.037116 0.0450822 -0.0422469 -0.0438577 -0.0347725 0.0222144 -0.0460241 -0.0452176 -0.0448302 -0.0442481
internal_weight=135.613 91.8838 53.9982 47.0338 37.197 37.8856 17.6707 43.7287 6.79351 36.9352 15.067 9.83683 20.2149 13.1728 6.9644 21.8682 4.21054 7.04205 17.6576 4.40588 9.12679 3.02896
internal_count=928 452 266 212 166 186 74 476 67 409 147 46 112 72 54 262 43 40 219 59 122 47
is_linear=0
shrinkage=0.05


Tree=147
num_leaves=14
num_cat=0
split_feature=3 4 3 3 0 2 2 1 7 2 7 1 1
split_gain=5.03019 2.19565 4.20965 1.36914 0.541293 0.440084 0.000209617 0.000199041 3.96182e-05 2.96039e-06 5.47779e-07 5.37792e-07 3.21363e-07
threshold=0.8246692060773978 35555.000000000007 0.90292046884602162 0.92314693386777191 39924.30000000001 3200.8400000000006 5961.6050000000005 36429.710000000006 1.0000000180025095e-35 6536.4450000000006 1.5000000000000002 27246.760000000006 23175.180000000004
decision_type=2 2 2 2 2 2 2 2 2 2 2 2 2
left_child=6 -2 7 5 -5 -4 -1 8 -3 -8 12 -12 -11
right_child=1 2 3 4 -6 -7 9 -9 -10 10 11 -13 -14
leaf_value=-0.043113439200404793 0.058475577986992072 -0.042613449928091254 0.070554084066754161 -0.0074743814317712043 0.032306977506383366 0.034647461348615814 -0.042115052945293711 -0.043406437388187225 -0.042106545037591779 -0.041996733445024033 -0.041895430215173085 -0.041944873978840148 -0.041931241477718872
leaf_weight=0.41112980945036071 2.8694726526737204 0.47885008715093036 1.6796377683058383 2.1859987713396554 1.4044820629060266 1.7346433410421012 0.20019889669492874 0.40135096944868554 1.9764767903834579 0.28408210491761599 2.2229582415893678 0.73074660543352354 0.54985813656821847
leaf_count=17 15 23 13 42 8 27 26 11 189 32 352 96 77
internal_value=0.00405493 0.0199818 0.00878093 0.029643 0.00808682 0.0523115 -0.0420385 -0.0423741 -0.0422054 -0.0419277 -0.0419178 -0.0419077 -0.0419536
internal_weight=17.1299 12.7309 9.86144 7.00476 3.59048 3.41428 4.39897 2.85668 2.45533 3.98784 3.78765 2.9537 0.83394
internal_count=928 328 313 90 50 40 600 223 212 583 557 448 109
is_linear=0
shrinkage=0.05


Tree=148
num_leaves=11
num_cat=0
split_feature=3 0 3 0 2 7 7 1 7 1
split_gain=3.46998 1.50516 1.18746 1.2087e-06 1.06489e-07 9.96808e-08 5.18679e-08 4.25434e-08 3.58654e-08 3.30347e-08
threshold=0.90541730792825437 36066.750000000007 0.92415566879244493 42288.750000000007 5810.6800000000012 5.5000000000000009 1.5000000000000002 27246.760000000006 1.0000000180025095e-35 23175.180000000004
decision_type=2 2 2 2 2 2 2 2 2 2
left_child=3 -2 -3 4 5 8 9 -8 -1 -6
right_child=1 2 -4 -5 6 -7 7 -9 -10 -11
leaf_value=-0.041818788822713948 0.048787683884355525 0.047500355467558153 -0.044188446997908547 -0.041983471895277243 -0.041815660658067792 -0.041844495947554211 -0.041769957458636937 -0.041788449943074686 -0.041787336326290607 -0.04178680372150817
leaf_weight=0.11659403447993177 3.1468090703710914 0.54841697029769398 0.99162682564929128 0.079931910149752983 0.12935674167238209 0.12216154881753027 1.0215716211823744 0.44714897475205351 0.407125283498317 0.42509186640381813
leaf_count=29 31 27 25 11 32 26 356 136 123 132
internal_value=0.00280694 0.0289655 -0.0115376 -0.0417919 -0.0417861 -0.0418038 -0.0417805 -0.0417756 -0.0417943 -0.0417935
internal_weight=7.43583 4.68685 1.54004 2.74898 2.66905 0.645881 2.02317 1.46872 0.523719 0.554449
internal_count=928 83 52 845 834 178 656 492 152 164
is_linear=0
shrinkage=0.05


Tree=149
num_leaves=13
num_cat=0
split_feature=3 2 3 7 2 1 7 3 4 3 1 1
split_gain=7.72185 2.36434 2.91368 1.89797 1.97755 2.69019e-06 1.00561e-06 9.33826e-07 5.32576e-07 4.08864e-07 3.38465e-07 3.23343e-07
threshold=0.90222567120622355 1556.0350000000001 0.92622742447754225 5.5000000000000009 3455.4050000000002 33780.100000000013 1.5000000000000002 0.87106378805084106 35217.000000000007 0.82598888974448947 35940.860000000008 27246.760000000006
decision_type=2 2 2 2 2 2 2 2 2 2 2 2
left_child=5 -2 3 4 -3 6 8 11 -1 -10 -7 -8
right_child=1 2 -4 -5 -6 10 7 -9 9 -11 -12 -13
leaf_value=-0.042054163824085715 0.076249207100812885 -0.020866752099538331 -0.028473139526110788 0.070501798886818234 0.05121804682031611 -0.042020956118397575 -0.041906077144116344 -0.042006170194942738 -0.041943282882636254 -0.0419995679638809 -0.042099966926727107 -0.041937613996443662
leaf_weight=0.16912065772339957 2.0588252097368231 2.0004539098590599 2.5340830460190773 2.3550244718790054 1.8143689855933187 0.35124537348747242 2.4132686811499307 0.31704086670652021 1.0480024134740231 0.46617205021902908 0.22071878612041473 1.2255124538205562
leaf_count=16 8 31 33 9 12 36 365 36 141 54 19 168
internal_value=0.00244531 0.0280643 0.0166667 0.0352065 0.0134175 -0.0419481 -0.0419376 -0.0419239 -0.04197 -0.0419606 -0.0420514 -0.0419167
internal_weight=16.9738 10.7628 8.70393 6.16985 3.81482 6.21108 5.63912 3.95582 1.6833 1.51417 0.571964 3.63878
internal_count=928 93 85 52 43 835 780 569 211 195 55 533
is_linear=0
shrinkage=0.05


Tree=150
num_leaves=16
num_cat=0
split_feature=2 8 1 0 4 0 8 4 2 4 4 2 3 0 6
split_gain=25.3223 8.13442 5.50833 3.96662 3.25283 4.879 4.07627 1.27924 2.12064 1.10512 5.8288 0.862951 0.45973 0.00471418 0.000322856
threshold=9006.3350000000009 2.5000000000000004 29033.765000000003 31067.300000000003 29177.500000000004 32376.650000000005 3.5000000000000004 41310.000000000007 13569.695000000002 39905.000000000007 40910.000000000007 7936.4500000000007 0.73827354215837071 31754.250000000004 95.500000000000014
decision_type=2 2 2 2 2 2 2 2 2 2 2 2 2 2 2
left_child=3 2 7 -1 -3 -6 -7 8 -2 13 -11 -12 -9 -5 -15
right_child=1 4 -4 9 5 6 -8 12 -10 10 11 -13 -14 14 -16
leaf_value=0.034204155709290321 -0.0024101239249912213 -0.050854948593734232 -0.019994207169829307 -0.04696817916775127 0.056173776672609865 0.013495145075381751 -0.032245770764803554 0.04747982709033105 0.049123949778555984 0.025306298161334131 -0.042174755667569043 -0.012305228331632178 0.066812460623704675 -0.044057536351945453 -0.044746990910273704
leaf_weight=2.239454820752143 3.4122392982244545 2.8779251500964191 3.7802419215440741 1.6589351519942273 3.9560506492853191 12.383424766361713 8.0285616032779217 15.943416386842729 4.8106448948383331 4.3184333965182331 18.797075428068641 2.7750612050294867 3.8099596649408332 12.332873497158285 1.969110049307347
leaf_count=9 15 24 14 15 18 51 90 99 33 20 263 22 15 213 27
internal_value=-0.00196191 0.0194594 0.0366556 -0.0306279 -0.000583627 0.00535354 -0.00449594 0.0443103 0.0277389 -0.034097 -0.0277177 -0.0383323 0.0512086 -0.0444451 -0.0441525
internal_weight=103.093 59.0025 31.7565 44.0909 27.246 24.368 20.412 27.9763 8.22288 41.8515 25.8906 21.5721 19.7534 15.9609 14.302
internal_count=928 359 176 569 183 159 141 162 48 560 305 285 114 255 240
is_linear=0
shrinkage=0.05


Tree=151
num_leaves=16
num_cat=0
split_feature=2 0 7 2 1 6 6 1 2 4 5 8 0 4 0
split_gain=12.4019 5.3271 5.51821 7.9694 3.09998 1.17569 1.01133 2.67219 0.992524 0.568541 0.480426 0.00497195 0.00328473 0.000948884 0.000139501
threshold=4839.4500000000007 41308.150000000009 5.5000000000000009 14546.135000000002 29136.820000000003 95.500000000000014 90.500000000000014 30889.745000000006 7082.545000000001 37329.500000000007 22.500000000000004 2.5000000000000004 37103.350000000006 44735.000000000007 34631.80000000001
decision_type=2 2 2 2 2 2 2 2 2 2 2 2 2 2 2
left_child=5 2 3 4 -2 6 7 -1 -4 -10 -5 12 -8 -9 -13
right_child=1 -3 8 10 -6 -7 11 13 9 -11 -12 14 -14 -15 -16
leaf_value=0.01662724962655604 0.0034050380056692706 -0.053875802897477836 0.054436620868025934 -0.030090144797634766 0.024581644258112795 -0.010301962443889968 -0.048674204441422807 -0.047553592135863625 0.037655524947413865 0.011939563598632269 -0.056443572257467413 -0.045070849370403822 -0.046428112323633003 -0.046072565926039491 -0.045590013968541385
leaf_weight=2.6783024072647157 82.43797279894352 3.5712928473949423 5.3312416821718207 2.8225287646055213 21.865377455949783 4.811666712164878 2.5783818587660772 1.9142604731023309 5.2630327492952329 3.6328753232955933 4.4653428122401237 3.5874296501278877 4.414845198392868 2.4860501624643803 2.0239052698016167
leaf_count=14 458 19 34 24 93 26 19 17 32 26 34 43 41 26 22
internal_value=0.00016603 0.00634198 0.00805123 0.00431236 0.00784434 -0.0324573 -0.0378734 -0.0227496 0.0373773 0.0271537 -0.0462371 -0.0463667 -0.0472562 -0.0467169 -0.0452581
internal_weight=153.885 129.39 125.818 111.591 104.303 24.4948 19.6832 7.07861 14.2271 8.89591 7.28787 12.6046 6.99323 4.40031 5.61133
internal_count=928 720 701 609 551 208 182 57 92 58 58 125 60 43 65
is_linear=0
shrinkage=0.05


Tree=152
num_leaves=23
num_cat=0
split_feature=2 4 1 4 1 4 3 2 4 4 1 8 2 4 3 1 2 1 3 8 3 2
split_gain=16.2941 2.95586 6.61972 2.86213 9.53104 2.76557 4.80811 2.45152 10.3048 3.36493 9.04855 1.7671 1.14037 3.01348 1.02433 0.74095 0.283852 0.175967 0.209651 0.0161683 0.00346541 6.02896e-05
threshold=7775.1550000000007 39905.000000000007 29407.655000000002 44735.000000000007 33864.355000000003 36349.500000000007 0.84025382237526558 14639.925000000001 43067.500000000007 37329.500000000007 24998.845000000005 2.5000000000000004 7520.2900000000009 37329.500000000007 0.7401834177423281 27436.495000000003 6884.0750000000007 28150.465000000007 0.77148171668111842 2.5000000000000004 0.54641977376595385 17582.925000000007
decision_type=2 2 2 2 2 2 2 2 2 2 2 2 2 2 2 2 2 2 2 2 2 2
left_child=1 5 16 11 -5 6 15 9 20 10 14 -4 13 -7 -2 -1 -3 19 -19 -11 21 -9
right_child=7 2 3 4 -6 12 -8 8 -10 17 -12 -13 -14 -15 -16 -17 -18 18 -20 -21 -22 -23
leaf_value=0.03962690036175856 -0.045933631271197449 -0.050776115270012662 0.012086416467030806 -0.033869733921315134 0.0217900020095225 0.042801185718330276 -0.031518084140788098 -0.044294719303723348 0.085165701730782362 -0.043979628819228817 0.045800684335657038 0.055103174800763204 0.062526811094112109 -0.0069615857985547555 -0.0021107518700171257 0.014843542686169248 -0.030093915765439534 -0.044944272576450832 -0.022219841856939454 -0.04713398247495737 -0.047151187166963517 -0.043831771014935433
leaf_weight=5.389289543032648 8.393147297203539 3.7572663016617289 4.353390306234358 10.998917967081068 25.575801238417625 12.300414904952055 5.2300715744495383 1.3547016046941274 2.3979800641536713 6.9444178678095403 4.5985204726457587 5.2865374460816383 3.3473375588655463 4.0419907346367827 1.5853255987167347 6.8479425758123398 2.9706015661358833 2.1540202535688868 1.9193603768944738 9.7887220084667188 1.3298040404915807 1.4624717868864534
leaf_count=20 113 27 20 61 105 64 26 21 8 120 20 26 14 34 14 28 27 27 16 99 12 26
internal_value=0.000298526 0.012281 0.00469399 0.0114398 0.00505175 0.0230911 0.00860847 -0.0254504 0.00266082 -0.0306502 -0.0122288 0.0356768 0.0359391 0.0304933 -0.0389713 0.0257582 -0.0416442 -0.0435562 -0.0342366 -0.0458249 -0.0450474 -0.0440544
internal_weight=132.028 90.0996 52.9425 46.2146 36.5747 37.157 17.4673 41.9285 6.54496 35.3835 14.577 9.63993 19.6897 16.3424 9.97847 12.2372 6.72787 20.8065 4.07338 16.7331 4.14698 2.81717
internal_count=928 452 266 212 166 186 74 476 67 409 147 46 112 98 127 48 54 262 43 219 59 47
is_linear=0
shrinkage=0.05


Tree=153
num_leaves=12
num_cat=0
split_feature=3 0 0 4 0 3 2 2 7 1 8
split_gain=4.72506 2.06932 2.64479 3.12932 2.98427 0.000414938 0.000175047 2.68196e-06 5.52824e-07 5.12259e-07 3.03032e-07
threshold=0.8246692060773978 41609.55000000001 40654.500000000007 44585.000000000007 35128.80000000001 0.91434156948823631 5961.6050000000005 6351.8750000000009 1.5000000000000002 27246.760000000006 2.5000000000000004
decision_type=2 2 2 2 2 2 2 2 2 2 2
left_child=6 2 3 4 -2 -5 -1 -8 10 -10 -9
right_child=1 -3 -4 5 -6 -7 7 8 9 -11 -12
leaf_value=-0.04302991304725385 -0.0045517218837915537 -0.050262371910404474 0.071457583311531417 -0.0421057128098088 0.059529705997542974 -0.043562256878270957 -0.042114115496707363 -0.041908089215900578 -0.041882648510735226 -0.041931850716398787 -0.041969774397781684
leaf_weight=0.38789570657536643 3.5587126007303542 0.98313272465020496 2.4495456870645294 0.90389690827578295 3.7118273572996259 1.065159819088876 0.161003838758916 0.3613783014006916 2.096904258942232 0.70749116805382062 0.44336591195315123
leaf_count=17 135 19 19 90 35 30 22 56 353 98 54
internal_value=0.00423136 0.0194069 0.0252666 0.0130207 0.0281638 -0.0428936 -0.0420185 -0.0419145 -0.0419055 -0.0418951 -0.0419421
internal_weight=16.8303 12.6723 11.6891 9.2396 7.27054 1.96906 4.15804 3.77014 3.60914 2.8044 0.804744
internal_count=928 328 309 290 170 120 600 583 561 451 110
is_linear=0
shrinkage=0.05


Tree=154
num_leaves=13
num_cat=0
split_feature=3 4 1 0 3 0 2 7 7 1 7 1
split_gain=3.25155 1.33765 1.54766 1.3561 1.22252 1.03604e-06 9.50224e-08 8.40671e-08 4.8285e-08 4.24074e-08 3.34034e-08 2.92056e-08
threshold=0.90541730792825437 36767.500000000007 34471.635000000009 36701.350000000006 0.92175716818062936 42288.750000000007 5810.6800000000012 5.5000000000000009 1.5000000000000002 27246.760000000006 1.0000000180025095e-35 23175.180000000004
decision_type=2 2 2 2 2 2 2 2 2 2 2 2
left_child=5 -2 -3 -4 -5 6 7 10 11 -10 -1 -8
right_child=1 2 3 4 -6 -7 8 -9 9 -11 -12 -13
leaf_value=-0.041812702058088097 0.060899785060689396 -0.047410646212609854 0.086088901794744696 0.059951424525860247 -0.043940722873170433 -0.041967860248708355 -0.041809088267817457 -0.041835917407082292 -0.041764233998556256 -0.041783184305067111 -0.041781658073587018 -0.041781315096602815
leaf_weight=0.11174998595379371 1.8563250079751012 0.90984824020415578 0.71761244535446156 0.48089682683348633 0.68863690225407481 0.075950943399220594 0.12369336280971754 0.11588014126755297 0.96105328586418159 0.426120460848324 0.38581186113879085 0.40324567211791873
leaf_count=29 8 28 6 15 26 11 32 26 356 136 123 132
internal_value=0.00295903 0.0279936 0.00615418 0.0319794 -0.00122164 -0.0417859 -0.0417804 -0.0417976 -0.0417749 -0.0417701 -0.0417886 -0.0417878
internal_weight=7.25683 4.65332 2.79699 1.88715 1.16953 2.60351 2.52755 0.613442 1.91411 1.38717 0.497562 0.526939
internal_count=928 83 75 47 41 845 834 178 656 492 152 164
is_linear=0
shrinkage=0.05


Tree=155
num_leaves=13
num_cat=0
split_feature=3 2 3 7 2 1 7 3 4 3 1 1
split_gain=7.28279 2.0855 2.71519 1.72996 2.33346 2.3262e-06 9.5853e-07 7.69919e-07 4.34678e-07 3.96558e-07 3.37877e-07 2.85894e-07
threshold=0.90222567120622355 1556.0350000000001 0.92622742447754225 5.5000000000000009 3472.5550000000007 33780.100000000013 1.5000000000000002 0.87106378805084106 35217.000000000007 0.82598888974448947 27246.760000000006 35940.860000000008
decision_type=2 2 2 2 2 2 2 2 2 2 2 2
left_child=5 -2 3 4 -3 6 8 10 -1 -10 -8 -7
right_child=1 2 -4 -5 -6 11 7 -9 9 -11 -12 -13
leaf_value=-0.042034943311004075 0.072202973228331524 -0.021812852664186502 -0.027797676268838414 0.068611235005601762 0.0571580242309703 -0.042004375709393617 -0.0418927957482777 -0.041987809205462162 -0.041930675349868794 -0.041987369628659572 -0.041925900770094456 -0.04207881307533131
leaf_weight=0.16066699940711515 2.0872392654418936 2.0854283459484564 2.4661653768271208 2.2985839396715164 1.6962869018316267 0.3344787498936056 2.2713513150811204 0.29799348674714554 0.99543291237205245 0.446917281486094 1.1666161348111925 0.20996588468551636
leaf_count=16 8 33 33 9 10 36 365 36 141 54 168 19
internal_value=0.00270071 0.0273966 0.0164539 0.0344022 0.0136095 -0.0419346 -0.0419246 -0.0419107 -0.0419569 -0.0419482 -0.041904 -0.0420331
internal_weight=16.5171 10.6337 8.54646 6.0803 3.78172 5.88342 5.33898 3.73596 1.60302 1.44235 3.43797 0.544445
internal_count=928 93 85 52 43 835 780 569 211 195 533 55
is_linear=0
shrinkage=0.05


Tree=156
num_leaves=17
num_cat=0
split_feature=2 4 1 0 1 8 4 8 1 3 4 7 0 4 1 0
split_gain=23.424 7.93531 5.15311 4.47422 4.30447 3.29639 4.41617 1.52246 3.59325 2.23802 1.27623 0.00464913 0.00263632 0.000820868 0.000318604 0.000310928
threshold=8583.1650000000027 38272.500000000007 18512.470000000005 30839.350000000002 29033.765000000003 2.5000000000000004 42412.500000000007 2.5000000000000004 30734.530000000002 0.84067982212735481 41310.000000000007 2.5000000000000004 31854.300000000003 39715.000000000007 33780.100000000013 32689.050000000003
decision_type=2 2 2 2 2 2 2 2 2 2 2 2 2 2 2 2
left_child=3 2 -2 -1 5 10 -7 8 9 -5 -3 -4 -9 -14 -10 -13
right_child=1 4 11 7 -6 6 -8 12 14 -11 -12 15 13 -15 -16 -17
leaf_value=0.040538797708385754 0.013357810057322657 0.02656390476250511 -0.047267196821436777 -0.022548698641155662 -0.021133331053120177 0.051684169765399524 -0.0074977227644984394 -0.046441787289512773 -0.044009367320741032 0.033781640381975668 0.050449327770359625 -0.044840721401048805 -0.043919420094488813 -0.044569573199638168 -0.04464814930540633 -0.044031967277222486
leaf_weight=2.0369492769241324 8.2226476669311506 7.9236133098602322 1.8143004179000843 3.946461588144305 3.9972331374883643 4.8695709258317939 8.9376699998974782 1.3890153095126176 2.7691389173269254 3.1874006688594818 19.008648194372654 1.8600044809281824 11.703294696286322 8.2966543734073621 6.6152995377779007 3.291350681334734
leaf_count=8 39 48 20 36 16 20 41 14 49 13 114 25 214 123 92 56
internal_value=-0.00199115 0.0177789 -0.0134478 -0.0316505 0.0283804 0.0332386 0.0133747 -0.0355296 -0.0241272 0.00261963 0.0434221 -0.0450906 -0.0443354 -0.0441891 -0.0444597 -0.044324
internal_weight=99.8693 59.925 15.1883 39.9442 44.7367 40.7395 13.8072 37.9073 16.5183 7.13386 26.9323 6.96566 21.389 19.9999 9.38444 5.15136
internal_count=928 379 140 549 239 223 61 541 190 49 162 101 351 337 141 81
is_linear=0
shrinkage=0.05


Tree=157
num_leaves=16
num_cat=0
split_feature=2 0 7 2 1 6 3 1 8 5 3 8 0 2 0
split_gain=11.2704 4.80266 5.54556 7.24266 2.68448 1.17405 1.1458 1.0221 2.61069 0.462461 0.406824 0.0730382 0.00984519 0.000765167 0.00082885
threshold=4839.4500000000007 40719.250000000007 5.5000000000000009 14546.135000000002 29136.820000000003 95.500000000000014 0.7710783197940424 30449.090000000007 3.5000000000000004 22.500000000000004 0.62586608984288927 2.5000000000000004 33264.100000000006 3891.6350000000007 34999.55000000001
decision_type=2 2 2 2 2 2 2 2 2 2 2 2 2 2 2
left_child=5 2 3 4 -2 7 10 8 -1 -5 -4 -8 -10 14 -9
right_child=1 -3 6 9 -6 -7 11 13 12 -11 -12 -13 -14 -15 -16
leaf_value=0.016105458801624326 0.0035353366565746714 -0.041367314104497205 0.033307814205698665 -0.028898473770145091 0.023781700253801573 -0.0093958721937374996 0.057761807388493673 -0.046590326449497683 -0.044856000833672721 -0.05555221757805584 0.0077448503469294723 0.047443847522822324 -0.049804778083573746 -0.046580496066237514 -0.045432568445185569
leaf_weight=2.7254643738269868 80.664505213499069 5.1278185173869124 4.0172906890511495 2.6373646035790435 20.541334792971611 4.733798384666442 3.4501847550272942 2.0485140979289991 2.0528061985969543 4.2498009316623211 2.540776826441288 3.4106477051973343 1.9689612761139867 3.699002891778945 6.3005992732942104
leaf_count=14 455 28 23 23 89 26 19 21 26 34 22 27 15 34 72
internal_value=0.000127351 0.00603165 0.00803189 0.00426838 0.00764466 -0.0316511 0.038348 -0.0372563 -0.0216755 -0.0453455 0.023404 0.0526326 -0.0472788 -0.0459819 -0.0457166
internal_weight=150.169 126.64 121.512 108.093 101.206 23.5291 13.4189 18.7953 6.74723 6.88717 6.55807 6.86083 4.02177 12.0481 8.34911
internal_count=928 720 692 601 544 208 91 182 55 57 45 46 41 127 93
is_linear=0
shrinkage=0.05


Tree=158
num_leaves=21
num_cat=0
split_feature=2 7 1 6 1 1 2 4 4 1 0 8 1 3 8 3 3 7 2 2
split_gain=15.0111 2.72365 3.71661 3.136 3.0576 2.7767 2.38389 9.51484 3.232 8.50939 1.67237 0.438365 0.181193 0.21132 0.014429 0.00317001 0.000939268 0.000393506 0.000303175 5.73602e-05
threshold=7775.1550000000007 4.5000000000000009 32425.355000000007 95.500000000000014 37530.240000000005 34471.635000000009 14639.925000000001 43067.500000000007 37329.500000000007 24920.520000000004 32811.850000000006 2.5000000000000004 28150.465000000007 0.77148171668111842 2.5000000000000004 0.54641977376595385 0.84475213243978076 2.5000000000000004 6933.8450000000012 17582.925000000007
decision_type=2 2 2 2 2 2 2 2 2 2 2 2 2 2 2 2 2 2 2 2
left_child=1 3 16 4 5 -1 8 15 9 17 -5 -4 14 -14 -10 19 18 -2 -3 -8
right_child=6 2 11 10 -6 -7 7 -9 12 -11 -12 -13 13 -15 -16 -17 -18 -19 -20 -21
leaf_value=0.018132807307351513 -0.045166079434524692 -0.044223257267944474 0.017286052442449018 0.014624903703775456 -0.021487315039920591 0.047392594267668182 -0.044122153203245577 0.081659312484409607 -0.043820278436197624 0.034100196055473944 -0.028880009631277705 -0.0018946676014633226 -0.044765337633992749 -0.021550934817807017 -0.046886813895096899 -0.0469162020288749 -0.046257148789558916 -0.04433620864817267 -0.045239345355412124 -0.043654515453763754
leaf_weight=48.688461259007454 1.8316826671361903 1.4491790868341952 6.2097143679857236 3.7138499766588193 4.1346676349639884 9.7283306270837766 1.2718500457704065 2.3979657590389252 6.4759431593120125 5.86970031261444 5.4516471475362778 5.7252884805202484 2.0462301634252067 1.8818992748856542 9.4099594429135305 1.2795363441109655 1.5567901358008382 6.4890789575874805 1.4878335520625112 1.3536584600806234
leaf_count=242 23 23 25 16 16 46 21 8 120 25 28 22 27 16 99 12 16 99 18 26
internal_value=0.000297285 0.0118556 -0.00650776 0.0160623 0.0200645 0.0230055 -0.0249789 0.00326434 -0.030214 -0.0119991 -0.0112519 0.00808495 -0.0432591 -0.0336437 -0.0456367 -0.0448756 -0.0452643 -0.0445189 -0.044738 -0.043881
internal_weight=128.453 88.1458 16.4288 71.717 62.5515 58.4168 40.3075 6.30301 34.0045 14.1905 9.1655 11.935 19.814 3.92813 15.8859 3.90504 4.4938 8.32076 2.93701 2.62551
internal_count=928 452 104 348 304 288 476 67 409 147 44 47 262 43 219 59 57 122 41 47
is_linear=0
shrinkage=0.05


Tree=159
num_leaves=11
num_cat=0
split_feature=3 0 0 4 2 2 2 7 1 8
split_gain=4.4721 1.92522 2.34595 2.93036 2.86621 0.000146187 2.07512e-06 4.96583e-07 4.62437e-07 2.92992e-07
threshold=0.8246692060773978 41609.55000000001 40654.500000000007 35555.000000000007 2969.2700000000004 5961.6050000000005 6351.8750000000009 1.5000000000000002 27246.760000000006 2.5000000000000004
decision_type=2 2 2 2 2 2 2 2 2 2
left_child=5 2 3 -2 -5 -1 -7 9 -9 -8
right_child=1 -3 -4 4 -6 6 7 8 -10 -11
leaf_value=-0.042951259484895934 0.054242899907913325 -0.049858536914102948 0.067668648126981173 0.025534947430896179 -0.042454875139303218 -0.042083972876799214 -0.041895293701861694 -0.04187200752413759 -0.041919993401493251 -0.04195753567392007
leaf_weight=0.36624126369133891 2.9176331311464256 0.93774701375514347 2.4873007182031879 3.2909275572746992 2.9303693738766015 0.15066492417827282 0.34054711041972074 1.9845838863402607 0.67210412910208095 0.42507544020190835
leaf_count=17 15 19 19 46 229 22 56 353 98 54
internal_value=0.0044838 0.019058 0.0246166 0.0128993 -0.00648977 -0.0419999 -0.0419024 -0.0418944 -0.0418841 -0.0419299
internal_weight=16.5032 12.564 11.6262 9.13893 6.2213 3.93922 3.57298 3.42231 2.65669 0.765623
internal_count=928 328 309 290 275 600 583 561 451 110
is_linear=0
shrinkage=0.05


Tree=160
num_leaves=11
num_cat=0
split_feature=3 0 3 0 2 7 7 1 7 1
split_gain=3.04526 1.2388 1.2602 9.06916e-07 7.99429e-08 6.98096e-08 4.30921e-08 3.80591e-08 2.98083e-08 2.84511e-08
threshold=0.90541730792825437 36066.750000000007 0.92175716818062936 42288.750000000007 5810.6800000000012 5.5000000000000009 1.5000000000000002 27246.760000000006 1.0000000180025095e-35 23175.180000000004
decision_type=2 2 2 2 2 2 2 2 2 2
left_child=3 -2 -3 4 5 8 9 -8 -1 -6
right_child=1 2 -4 -5 6 -7 7 -9 -10 -11
leaf_value=-0.041806116485973738 0.045091293272378305 0.052769816354943634 -0.043844090557940585 -0.041954171869546836 -0.041803699341362445 -0.041827157781189228 -0.041759428215736832 -0.041777872233230755 -0.041776048547424061 -0.041775688621102404
leaf_weight=0.10640991968102831 3.1012316206470132 0.51643909048289038 0.97423300775699317 0.072798163862898835 0.11890051513910282 0.10936988424509764 0.90934555337298639 0.40394037880469114 0.36572413123212755 0.38161094661336392
leaf_count=29 31 18 34 11 32 26 356 136 123 132
internal_value=0.00301113 0.0270861 -0.0103725 -0.0417803 -0.041775 -0.0417912 -0.0417699 -0.0417651 -0.0417828 -0.0417823
internal_weight=7.06 4.5919 1.49067 2.4681 2.3953 0.581504 1.8138 1.31329 0.472134 0.500511
internal_count=928 83 52 845 834 178 656 492 152 164
is_linear=0
shrinkage=0.05


Tree=161
num_leaves=13
num_cat=0
split_feature=3 2 2 4 4 1 7 3 4 3 1 1
split_gain=6.85895 1.87062 2.83601 4.3082 0.997191 2.03258e-06 8.65405e-07 6.46361e-07 4.00171e-07 3.54833e-07 2.93077e-07 2.47984e-07
threshold=0.90222567120622355 1556.0350000000001 3545.2000000000003 44810.000000000007 44735.000000000007 33780.100000000013 1.5000000000000002 0.87106378805084106 35217.000000000007 0.82598888974448947 27246.760000000006 35940.860000000008
decision_type=2 2 2 2 2 2 2 2 2 2 2 2
left_child=5 -2 3 4 -3 6 8 10 -1 -10 -8 -7
right_child=1 2 -4 -5 -6 11 7 -9 9 -11 -12 -13
leaf_value=-0.042020230448269122 0.068823874038969057 0.0083919619069205958 0.070261935698632746 -0.048004434157433107 0.059493862134634062 -0.041988794720567824 -0.041881634833752998 -0.041971114396333054 -0.041918110768421765 -0.041973136806126778 -0.041913340514181538 -0.042059814851538049
leaf_weight=0.15386594971642154 2.1062233299016944 1.8602597769349796 1.8770770914852617 2.6874948479235172 1.9609962552785873 0.31868573371320952 2.1499108811840424 0.28340625716373313 0.94418303202837683 0.42477796925231814 1.1027078498154876 0.20008445903658867
leaf_count=16 8 35 10 32 8 36 365 36 141 54 168 19
internal_value=0.00288043 0.0266976 0.0161169 0.000501909 0.0346165 -0.0419219 -0.0419123 -0.0418987 -0.0419438 -0.0419352 -0.0418924 -0.0420162
internal_weight=16.0697 10.4921 8.38583 6.50875 3.82126 5.57762 5.05885 3.53602 1.52283 1.36896 3.25262 0.51877
internal_count=928 93 85 75 43 835 780 569 211 195 533 55
is_linear=0
shrinkage=0.05


Tree=162
num_leaves=17
num_cat=0
split_feature=2 4 0 1 1 8 4 8 0 4 3 7 0 2 4 0
split_gain=21.5607 7.37523 4.91032 4.85927 4.03911 3.15892 4.02876 1.67153 3.54089 1.29088 1.26805 0.00421788 0.00222738 0.000905759 0.000713887 0.000259105
threshold=8583.1650000000027 38272.500000000007 30366.450000000004 18512.470000000005 29033.765000000003 2.5000000000000004 42412.500000000007 2.5000000000000004 36568.900000000009 41310.000000000007 0.84067982212735481 2.5000000000000004 31854.300000000003 7276.4000000000005 39715.000000000007 32689.050000000003
decision_type=2 2 2 2 2 2 2 2 2 2 2 2 2 2 2 2
left_child=2 3 -1 -2 5 9 -7 8 10 -3 -4 -5 -9 -10 -14 -13
right_child=1 4 7 11 -6 6 -8 12 13 -11 -12 15 14 -15 -16 -17
leaf_value=0.061983256611780058 0.012466637474824229 0.025332607569484186 -0.020170632449301854 -0.047056159006691682 -0.020661150920161603 0.049646204232507929 -0.0071367069731586609 -0.046180468288474795 -0.044264621944328938 0.049785349217575992 0.020464857035680652 -0.044680643465836618 -0.043804458622957641 -0.045746499684940323 -0.044425924722714019 -0.043925666819249337
leaf_weight=1.3643907010555256 8.2242344170808774 7.6611483544111278 3.5375833958387402 1.7483750656247128 3.9600034877657881 4.8229777216911307 8.8662231713533384 1.3276679068803812 7.6268654577434045 18.264281146228313 4.1981970183551311 1.7769866064190862 11.138313490897419 1.1923756524920461 7.8974033147096625 3.1527198515832424
leaf_count=5 39 48 30 20 16 20 41 14 123 114 24 25 214 16 123 56
internal_value=-0.00199457 0.0171024 -0.0311651 -0.0132614 0.0274866 0.0322996 0.012869 -0.0346076 -0.022808 0.0425594 0.00188219 -0.0449461 -0.0442004 -0.044465 -0.0440623 -0.0441978
internal_weight=96.7597 58.4769 38.2828 14.9023 43.5746 39.6146 13.6892 36.9184 16.555 25.9254 7.73578 6.67808 20.3634 8.81924 19.0357 4.92971
internal_count=928 379 549 140 239 223 61 544 193 162 54 101 351 139 337 81
is_linear=0
shrinkage=0.05


Tree=163
num_leaves=15
num_cat=0
split_feature=2 0 7 2 4 1 1 3 6 5 3 8 7 0
split_gain=10.3458 4.39826 5.11715 6.74077 2.6299 1.16933 4.97724 1.12489 0.849346 0.452507 0.378697 0.0676228 0.000720119 0.000693296
threshold=4839.4500000000007 40719.250000000007 5.5000000000000009 14546.135000000002 29177.500000000004 30449.090000000007 29082.620000000003 0.7710783197940424 95.500000000000014 22.500000000000004 0.62586608984288927 2.5000000000000004 5.5000000000000009 34980.200000000004
decision_type=2 2 2 2 2 2 2 2 2 2 2 2 2 2
left_child=5 2 3 4 -2 6 -1 10 12 -5 -4 -9 13 -7
right_child=1 -3 7 9 -6 8 -8 11 -10 -11 -12 -13 -14 -15
leaf_value=-0.049673653682803465 0.055546152461763879 -0.040283827689558127 0.032250705341294643 -0.028163373672017808 0.0060071482815170114 -0.046418726826573387 0.027580885538667999 0.05714187210179749 -0.014904647510407643 -0.054973368461138976 0.0071936720407517925 0.046938503799704399 -0.046528638818012009 -0.045317616966643832
leaf_weight=4.8170613273978251 2.7552179470658293 4.9686997681856147 3.9041112214326841 2.5612590834498397 96.946219809353352 1.7723076269030551 3.6758083701133728 3.3197193071246147 2.7791627794504157 4.0826528668403625 2.4567967355251312 3.1787404343485832 2.2512610591948023 7.3916441835463047
leaf_count=39 15 28 23 23 529 19 26 19 16 34 22 27 22 86
internal_value=0.000135213 0.00580774 0.00772893 0.00412657 0.00737614 -0.0309121 -0.016237 0.03752 -0.0396925 -0.044638 0.0225728 0.0521509 -0.0457274 -0.0455306
internal_weight=146.861 124.173 119.205 106.345 99.7014 22.6872 8.49287 12.8594 14.1944 6.64391 6.36091 6.49846 11.4152 9.16395
internal_count=928 720 692 601 544 208 65 91 143 57 45 46 127 105
is_linear=0
shrinkage=0.05


Tree=164
num_leaves=22
num_cat=0
split_feature=2 4 1 4 1 2 7 3 2 4 4 1 8 0 3 2 2 8 2 7 2
split_gain=13.8488 2.62569 5.90424 2.77826 8.15259 2.67618 2.684 4.38117 2.25447 8.74884 3.10533 9.01062 1.7565 1.2596 0.413958 1.16954 0.273022 0.0110126 0.00325479 0.000314754 4.56116e-05
threshold=7775.1550000000007 39905.000000000007 29407.655000000002 44735.000000000007 33864.355000000003 7520.2900000000009 1.5000000000000002 0.85521846433763937 14639.925000000001 43067.500000000007 35865.000000000007 24920.520000000004 2.5000000000000004 32827.350000000013 0.76436606299207932 7951.795000000001 6884.0750000000007 2.5000000000000004 15244.640000000001 2.5000000000000004 17643.950000000001
decision_type=2 2 2 2 2 2 2 2 2 2 2 2 2 2 2 2 2 2 2 2 2
left_child=1 5 16 12 -5 6 13 -8 10 18 11 19 -4 -1 17 -16 -3 -12 -10 -2 -20
right_child=8 2 3 4 -6 -7 7 -9 9 -11 14 -13 -14 -15 15 -17 -18 -19 20 -21 -22
leaf_value=0.048884203203950975 -0.045032070601027263 -0.050202106839449347 0.010989710315947265 -0.032580760009532632 0.019917778560865587 0.061369812673997631 -0.048257116487889863 0.018006030475994431 -0.046881178791386466 0.077985196180749922 -0.043821815007198422 0.045723052169398565 0.054617993659068637 0.020609318135653365 -0.048281987344684044 0.0004260660541485343 -0.029435448051833252 -0.046457252922992603 -0.043933870138402185 -0.044248829389757445 -0.043506683238596848
leaf_weight=5.3806794583797517 1.6849194318056087 3.5154546275734893 4.2232766002416593 10.584491919726132 24.541217476129532 3.8082566410303107 3.5557217001914969 8.3582293763756734 1.2059632763266557 2.3875567317008972 7.475731652230027 4.5628424286842346 5.084476463496685 14.699334710836409 3.0976850837469092 2.0466793850064278 2.8788226805627346 8.4381903819739801 1.2393445409834387 5.3730175346136093 1.2602528221905229
leaf_count=23 22 27 20 61 105 16 32 50 11 8 141 18 26 65 27 18 27 98 22 85 26
internal_value=0.000259322 0.0113753 0.00406962 0.0105342 0.0040983 0.0217471 0.0170308 -0.00177022 -0.0245775 0.00334451 -0.0297837 -0.00903537 0.0348222 0.0281859 -0.0412334 -0.0289035 -0.0408526 -0.0452192 -0.0447478 -0.0444358 -0.0437185
internal_weight=125.402 86.63 50.8277 44.4335 35.1257 35.8022 31.994 11.914 38.7722 6.09312 32.6791 11.6208 9.30775 20.08 21.0583 5.14436 6.39428 15.9139 3.70556 7.05794 2.4996
internal_count=928 452 266 212 166 186 170 82 476 67 409 125 46 88 284 45 54 239 59 107 48
is_linear=0
shrinkage=0.05


Tree=165
num_leaves=12
num_cat=0
split_feature=3 0 0 4 0 3 2 2 7 1 8
split_gain=4.21857 1.80812 2.04967 2.80093 2.65426 0.000344475 0.000125873 1.72535e-06 4.6074e-07 4.18306e-07 3.00522e-07
threshold=0.8246692060773978 41609.55000000001 40654.500000000007 44585.000000000007 35128.80000000001 0.91434156948823631 5961.6050000000005 6351.8750000000009 1.5000000000000002 27246.760000000006 2.5000000000000004
decision_type=2 2 2 2 2 2 2 2 2 2 2
left_child=6 2 3 4 -2 -5 -1 -8 10 -10 -9
right_child=1 -3 -4 5 -6 -7 7 8 9 -11 -12
leaf_value=-0.042888866473633241 -0.0044517607256089817 -0.049691323402395376 0.063822426676678562 -0.042055756663701024 0.056071994503316472 -0.043443648006853464 -0.042062067894246435 -0.04188271228116687 -0.041862010703044378 -0.041908846763363899 -0.041947368912346322
leaf_weight=0.34889286616817416 3.5214535398408717 0.90031144302338439 2.5133055839687595 0.80376921873539675 3.7304522469639778 1.0074646556749938 0.14202688960358534 0.32014974718913469 1.8795465168077501 0.63874245015904296 0.40971048688516021
leaf_count=17 135 19 19 90 35 30 22 56 353 98 54
internal_value=0.0046011 0.018562 0.0238701 0.012791 0.0266823 -0.0428277 -0.0419846 -0.0418915 -0.041884 -0.0418739 -0.041919
internal_weight=16.2158 12.4768 11.5764 9.06314 7.25191 1.81123 3.73907 3.39018 3.24815 2.51829 0.72986
internal_count=928 328 309 290 170 120 600 583 561 451 110
is_linear=0
shrinkage=0.05


Tree=166
num_leaves=13
num_cat=0
split_feature=3 0 3 6 0 1 7 4 7 3 1 3
split_gain=2.85322 1.15089 1.33074 1.05223 8.60179e-07 6.53634e-08 5.42495e-08 3.59387e-08 3.50594e-08 5.35114e-08 2.4171e-08 1.88233e-08
threshold=0.90541730792825437 33659.850000000013 0.95795537991178215 91.500000000000014 42288.750000000007 28531.755000000001 1.5000000000000002 35217.000000000007 4.5000000000000009 0.87106378805084106 29465.645 0.76103504645314302
decision_type=2 2 2 2 2 2 2 2 2 2 2 2
left_child=4 -2 3 -3 5 6 7 -1 10 -10 -7 -8
right_child=1 2 -4 -5 -6 8 11 -9 9 -11 -12 -13
leaf_value=-0.041813019433360001 0.063602805616817332 0.02091486395405585 0.062084676518696646 -0.046802594282011167 -0.041947815895337096 -0.041791130945112359 -0.041753927584970929 -0.041772725266590621 -0.041779315258165341 -0.041834999036277742 -0.041768612164349586 -0.041768965189961177
leaf_weight=0.064112421823666277 1.4127969890832899 1.2361259246245033 0.86913293600082386 1.0703961332328615 0.069984109140932449 0.1761739479843526 0.79591204610187538 0.40430548146832734 0.10914183116983622 0.07135034492239356 0.36824557604268193 0.28177886654157192
leaf_count=16 6 33 8 36 11 54 331 144 38 15 133 103
internal_value=0.0031428 0.0260597 0.00935742 -0.010511 -0.0417752 -0.0417698 -0.041764 -0.0417782 -0.0417822 -0.0418013 -0.0417759 -0.0417579
internal_weight=6.92946 4.58845 3.17565 2.30652 2.341 2.27102 1.54611 0.468418 0.724912 0.180492 0.54442 1.07769
internal_count=928 83 77 69 845 834 594 160 240 53 187 434
is_linear=0
shrinkage=0.05


Tree=167
num_leaves=14
num_cat=0
split_feature=3 2 0 4 4 1 7 1 4 4 8 3 1
split_gain=6.38832 1.65243 2.47842 4.0451 0.927336 1.70982e-06 7.57211e-07 5.59728e-07 3.77782e-07 2.93637e-07 2.64414e-07 2.52202e-07 2.15583e-07
threshold=0.90222567120622355 1556.0350000000001 41398.650000000009 44810.000000000007 44735.000000000007 33780.100000000013 1.5000000000000002 27246.760000000006 35217.000000000007 39905.000000000007 2.5000000000000004 0.87106378805084106 35940.860000000008
decision_type=2 2 2 2 2 2 2 2 2 2 2 2 2
left_child=5 -2 3 4 -3 6 8 10 -1 -10 -8 -9 -7
right_child=1 2 -4 -5 -6 12 7 11 9 -11 -12 -13 -14
leaf_value=-0.042006638491910796 0.064895279949683318 0.0084473325284113009 0.065162187488873896 -0.047740014300595754 0.058171870673693199 -0.041972363872517654 -0.041842160694702382 -0.041901851328323185 -0.041894629700741676 -0.041942687076744312 -0.041882334886578873 -0.041956078514984604 -0.042040460489457893
leaf_weight=0.14755935780704099 2.127073571085929 1.8574414961040002 1.9250342324376104 2.5852515753358603 1.8934580832719803 0.30201907688751806 0.56806998280808385 1.0448903010692445 0.55371689610183217 0.74621579004451632 1.4679289052728564 0.2697724662721156 0.18893288774415851
leaf_count=16 8 35 10 32 8 36 119 168 92 103 246 36 19
internal_value=0.00282115 0.0255955 0.0154767 0.000381379 0.0335483 -0.0419097 -0.0419006 -0.0418875 -0.0419308 -0.0419222 -0.0418711 -0.041913 -0.0419986
internal_weight=15.6774 10.3883 8.26119 6.33615 3.7509 5.28911 4.79815 3.35066 1.44749 1.29993 2.036 1.31466 0.490952
internal_count=928 93 85 75 43 835 780 569 211 195 365 204 55
is_linear=0
shrinkage=0.05


Tree=168
num_leaves=17
num_cat=0
split_feature=2 4 1 1 0 8 4 0 8 1 3 4 1 0 4 7
split_gain=20.0341 6.75206 6.83871 5.47447 4.51682 3.25849 3.68212 2.89634 1.64734 3.44933 2.44511 1.43716 0.0362287 0.00176706 0.000654698 0.000239225
threshold=8583.1650000000027 38272.500000000007 29227.645 16951.125000000004 30366.450000000004 2.5000000000000004 42412.500000000007 32445.900000000005 2.5000000000000004 30734.530000000002 0.84067982212735481 41310.000000000007 17574.315000000006 31854.300000000003 39715.000000000007 4.5000000000000009
decision_type=2 2 2 2 2 2 2 2 2 2 2 2 2 2 2 2
left_child=4 3 5 -2 -1 11 -7 -5 9 10 -6 -3 -9 -10 -15 -11
right_child=1 2 -4 7 8 6 -8 12 13 15 -12 -13 -14 14 -16 -17
leaf_value=0.058720970111099668 0.064762114137731544 0.024154107816516932 -0.044442489042499721 0.0017209403310957468 -0.023600432527713638 0.047792628281337624 -0.0067532230748999335 -0.054171993938650687 -0.045878429876492779 -0.044033839346462406 0.033768541408425605 0.050233137610143787 -0.044822342662433436 -0.043687429523679364 -0.044298073092627108 -0.044654835406106735
leaf_weight=1.3567031770944584 1.965801715850829 7.416607357561591 3.1349298730492583 5.6256683692336065 4.107041221112012 4.7754857391118994 8.7867217138409597 1.2666412591934202 1.2592157274484659 6.4586950913071615 3.39064547047019 18.361307449638844 5.6925653070211411 10.560517758131029 7.5114997625350943 2.0409040376543999
leaf_count=5 7 48 13 36 38 20 41 8 14 111 14 117 89 214 123 30
internal_value=-0.00198377 0.0165588 0.0266288 -0.0128365 -0.0308075 0.0322923 0.0124533 -0.0249577 -0.0342456 -0.0223768 0.00234328 0.0427299 -0.0465241 -0.0440674 -0.0439412 -0.044183
internal_weight=93.711 57.0257 42.4751 14.5507 36.6852 39.3401 13.5622 12.5849 35.3285 15.9973 7.49769 25.7779 6.95921 19.3312 18.072 8.4996
internal_count=928 379 239 140 549 226 61 133 544 193 52 165 97 351 337 141
is_linear=0
shrinkage=0.05


Tree=169
num_leaves=14
num_cat=0
split_feature=2 1 7 2 8 1 0 1 1 6 4 7 0
split_gain=9.36626 4.17459 4.39385 3.17715 3.48919 2.62264 1.84148 1.17152 4.7481 0.869042 0.0880467 0.000602298 0.000606927
threshold=4839.4500000000007 16951.125000000004 5.5000000000000009 13489.085000000001 3.5000000000000004 23922.415000000005 37103.350000000006 30449.090000000007 29082.620000000003 95.500000000000014 38452.500000000007 5.5000000000000009 34980.200000000004
decision_type=2 2 2 2 2 2 2 2 2 2 2 2 2
left_child=7 -2 3 5 -5 -3 10 8 -1 11 -4 12 -9
right_child=1 2 6 4 -6 -7 -8 9 -10 -11 -12 -13 -14
leaf_value=-0.049218083013923955 -0.047972503668537531 0.028143801916015912 0.049709909263313722 -0.048549521455463041 0.0066492836653194156 0.0035131773550477518 0.0025603920205100293 -0.046161206706272856 0.026884163159155663 -0.013886097661457989 0.039683947682440657 -0.046245071627859569 -0.045103204844783897
leaf_weight=4.5950976908206957 3.5429194495081893 12.467009775340555 6.005461171269415 5.7587172575294954 5.6932452321052551 81.195311054587364 3.2774894535541526 1.6814171969890574 3.6998415738344193 2.7221587523818007 3.4464775249361992 2.1388046629726878 6.9934031888842583
leaf_count=39 33 86 46 48 27 433 22 19 26 16 25 22 86
internal_value=8.1555e-05 0.00550411 0.00711186 0.00375206 -0.0211079 0.00679166 0.0348556 -0.0300698 -0.0152737 -0.039137 0.0460541 -0.0454936 -0.0453083
internal_weight=143.217 121.387 117.844 105.114 11.452 93.6623 12.7294 21.8307 8.29494 13.5358 9.45194 10.8136 8.67482
internal_count=928 720 687 594 75 519 93 208 65 143 71 127 105
is_linear=0
shrinkage=0.05


Tree=170
num_leaves=24
num_cat=0
split_feature=2 4 1 4 1 4 3 2 4 4 1 8 0 0 3 2 4 4 1 1 8 2 2
split_gain=12.7313 2.45467 5.4512 2.66926 7.38678 2.58548 4.22885 2.1271 8.0722 2.98394 7.77967 1.63216 1.06147 1.04001 0.993956 0.760184 0.473269 0.305666 0.188669 0.226356 0.0114272 0.00308562 3.75415e-05
threshold=7775.1550000000007 39905.000000000007 29407.655000000002 44735.000000000007 33864.355000000003 36349.500000000007 0.84025382237526558 14639.925000000001 43067.500000000007 37329.500000000007 24998.845000000005 2.5000000000000004 32924.200000000004 32177.150000000005 0.7401834177423281 5943.0350000000008 37852.500000000007 43672.500000000007 28150.465000000007 28877.840000000007 2.5000000000000004 15244.640000000001 17643.950000000001
decision_type=2 2 2 2 2 2 2 2 2 2 2 2 2 2 2 2 2 2 2 2 2 2 2
left_child=1 5 17 11 -5 6 15 9 21 10 14 -4 13 -7 -2 -1 -14 -3 20 -20 -11 -9 -23
right_child=7 2 3 4 -6 12 -8 8 -10 18 -12 -13 16 -15 -16 -17 -18 -19 19 -21 -22 22 -24
leaf_value=0.010919493109519667 -0.045807489295639589 -0.049011521579479467 0.011010223743096063 -0.031695152899757051 0.018813049282340826 0.037461974104651803 -0.031273253437581687 -0.046721899091224421 0.074791118825420791 -0.043528780291846626 0.042710962155655584 0.053406682645416238 0.036336244331405566 -0.0036410264689890983 -0.0013253430097127936 0.036146504707073833 0.058023277594628254 -0.026128049109000358 -0.020205418088839418 -0.045001575809521431 -0.046427478735063761 -0.043782397079457074 -0.043382249705145245
leaf_weight=6.1060831546783465 7.441973879933359 3.8004181720316401 4.1859395951032621 10.355467934161423 24.052544116973877 3.1402967944741276 5.0610640048980704 1.1730675771832459 2.3674008250236511 5.5989194065332439 4.4298027455806723 4.959941528737545 8.34633821249008 3.0180197954177856 1.5107915997505186 5.8446568995714188 3.6009944379329673 2.3689268678426743 1.8424096740782254 1.8390879705548284 8.6567890681326372 1.1640051901340487 1.1807281672954557
leaf_count=22 113 34 20 61 105 23 26 11 8 120 20 26 52 17 14 26 20 20 20 23 99 22 26
internal_value=0.000216235 0.0109103 0.00376295 0.00999373 0.00361205 0.0210304 0.00703413 -0.0241701 0.00340974 -0.0293525 -0.011485 0.0340024 0.034181 0.0173185 -0.0383011 0.0232571 0.0428728 -0.0402246 -0.0426831 -0.0325923 -0.045289 -0.0446283 -0.0435809
internal_weight=122.046 84.8407 49.7232 43.5539 34.408 35.1175 17.0118 37.205 5.8852 31.3198 13.3826 9.14588 18.1056 6.15832 8.95277 11.9507 11.9473 6.16935 17.9372 3.6815 14.2557 3.5178 2.34473
internal_count=928 452 266 212 166 186 74 476 67 409 147 46 112 40 127 48 72 54 262 43 219 59 48
is_linear=0
shrinkage=0.05


Tree=171
num_leaves=13
num_cat=0
split_feature=2 2 1 3 6 4 0 1 2 7 1 8
split_gain=4.01204 1.69518 1.65825 2.98717 1.49009 1.25798 2.52584 1.48959e-05 2.30442e-06 4.83356e-07 4.33812e-07 2.43317e-07
threshold=6031.4000000000005 6020.3900000000003 32715.525000000005 0.82517227821759864 95.500000000000014 44735.000000000007 40654.500000000007 34388.455000000009 6351.8750000000009 1.5000000000000002 27246.760000000006 2.5000000000000004
decision_type=2 2 2 2 2 2 2 2 2 2 2 2
left_child=1 2 3 -1 -5 -4 -7 8 -2 11 -11 -10
right_child=7 -3 5 4 -6 6 -8 -9 9 10 -12 -13
leaf_value=0.075165675603124149 -0.042040081062662167 0.07488744735429291 0.059134109265358385 -0.045439357278216332 0.0436331170050882 -0.042962000972732312 0.037468108138245464 -0.042339874586552771 -0.04187946952189181 -0.041851958974612212 -0.041900121252672784 -0.041937731736640824
leaf_weight=0.80567738227545849 0.22789826965890991 1.1988808279857046 2.1733890436589718 2.994614971801639 0.55683974316343654 1.4031291208229957 3.2075889278203249 0.19156335480511177 0.32837053900584612 1.77475983183831 0.6347785461694001 0.39447652921080589
leaf_count=23 36 5 12 146 25 74 25 13 60 353 102 54
internal_value=0.00491598 0.0183942 0.0123151 -0.0117549 -0.0314735 0.0277741 0.0129917 -0.041911 -0.0418866 -0.0418754 -0.0418646 -0.0419113
internal_weight=15.892 12.3401 11.1412 4.35713 3.55145 6.78411 4.61072 3.55185 3.36028 3.13239 2.40954 0.722847
internal_count=928 310 305 194 171 111 99 618 605 569 455 114
is_linear=0
shrinkage=0.05


Tree=172
num_leaves=11
num_cat=0
split_feature=3 0 2 0 3 7 7 7 1 1
split_gain=2.70638 1.08026 1.29121 7.53975e-07 5.51563e-08 4.98803e-08 2.69352e-08 2.62646e-08 3.68001e-08 3.14245e-08
threshold=0.90541730792825437 36066.750000000007 3301.8400000000006 42034.650000000009 0.82291991706417267 5.5000000000000009 1.5000000000000002 1.5000000000000002 23175.180000000004 27246.760000000006
decision_type=2 2 2 2 2 2 2 2 2 2
left_child=3 -2 -3 4 7 6 -6 8 -1 -9
right_child=1 2 -4 -5 5 -7 -8 9 -10 -11
leaf_value=-0.041794969428752854 0.042411165412087358 -0.043721220599360344 0.055176757631245812 -0.041928982439880184 -0.041780919893663275 -0.041805738734668786 -0.041759886069656388 -0.041750375880023394 -0.04175982523804974 -0.041770143405085565
leaf_weight=0.11010368866846043 3.0776923056691885 0.96124500920996048 0.50260179117321968 0.072295041289180406 0.29991982865612943 0.11820215813349932 0.30902895063627511 0.81281523848883785 0.23026704369112849 0.26712283911183476
leaf_count=32 31 37 15 12 101 34 122 356 92 96
internal_value=0.00347776 0.0255934 -0.00976528 -0.0417702 -0.0417648 -0.041776 -0.0417702 -0.0417591 -0.0417712 -0.0417553
internal_weight=6.76129 4.54154 1.46385 2.21975 2.14746 0.727151 0.608949 1.42031 0.340371 1.07994
internal_count=928 83 52 845 833 257 223 576 124 452
is_linear=0
shrinkage=0.05


Tree=173
num_leaves=12
num_cat=0
split_feature=3 6 3 1 7 3 1 3 3 7 0
split_gain=6.08398 1.42264 1.38602 2.62479 1.11176 1.81338 0.0056305 0.00097253 1.85609e-06 6.13363e-07 4.45947e-08
threshold=0.90927831750799637 90.500000000000014 0.91434156948823631 34982.81500000001 5.5000000000000009 0.90222567120622355 37530.240000000005 0.90222567120622355 0.82321580832858132 1.5000000000000002 32610.650000000005
decision_type=2 2 2 2 2 2 2 2 2 2 2
left_child=4 -2 -3 -4 6 8 7 9 10 -1 -6
right_child=1 2 3 -5 5 -7 -8 -9 -10 -11 -12
leaf_value=-0.041921358947919637 0.056393031478478496 0.051544991355366665 -0.046369082085161786 0.038125048168453329 -0.041864233150647086 0.087392890369758405 -0.048116933598051928 -0.043941843294842235 -0.042007196324112248 -0.041881698827137326 -0.041825591429590567
leaf_weight=1.4772184237372137 3.285969711840151 1.734072297811508 1.7773163411766293 1.9035736788064239 0.10630180221050956 0.46610112488269806 0.432123802602291 0.66995096392929543 0.29103787941858172 2.8667787488084286 0.25086610810831189
leaf_count=224 21 9 25 19 20 2 5 14 35 498 56
internal_value=0.00302669 0.0304393 0.0146897 -0.00267291 -0.0333302 0.0121738 -0.0426406 -0.0421687 -0.0419135 -0.0418952 -0.0418371
internal_weight=15.2613 8.70093 5.41496 3.68089 6.56038 1.11431 5.44607 5.01395 0.648206 4.344 0.357168
internal_count=928 74 53 44 854 113 741 736 111 722 76
is_linear=0
shrinkage=0.05


Tree=174
num_leaves=17
num_cat=0
split_feature=2 4 1 1 0 8 4 0 8 1 3 4 1 0 8 7
split_gain=18.6607 6.13074 6.38565 4.80276 4.19649 3.134 3.32293 2.81402 1.60254 3.29042 2.19058 1.45271 0.0285105 0.00160266 0.00059651 0.000208073
threshold=8583.1650000000027 38272.500000000007 29227.645 16951.125000000004 30366.450000000004 2.5000000000000004 42412.500000000007 32445.900000000005 2.5000000000000004 30734.530000000002 0.84067982212735481 41310.000000000007 17574.315000000006 31754.250000000004 3.5000000000000004 4.5000000000000009
decision_type=2 2 2 2 2 2 2 2 2 2 2 2 2 2 2 2
left_child=4 3 5 -2 -1 11 -7 -5 9 10 -6 -3 -9 -10 -15 -11
right_child=1 2 -4 7 8 6 -8 12 13 15 -12 -13 -14 14 -16 -17
leaf_value=0.056111585196394309 0.060291241606954663 0.022927624105720704 -0.043178748361497259 0.002044839625222508 -0.022775971850105284 0.045778562493694136 -0.0063771780705244186 -0.053178222208902885 -0.045824451925838644 -0.043910803101576051 0.032079931041153302 0.049623765683275201 -0.044645778077878284 -0.044182217079248978 -0.04358569036984572 -0.044503712647129684
leaf_weight=1.344739794731139 1.959399789571761 7.164932698011401 3.1042574867606154 5.5877350717782956 4.003546740859746 4.7035257667303076 8.7075965180993062 1.1963323652744291 1.0730952769517923 6.1564198285341245 3.3367144837975502 17.646865911781788 5.3900303095579147 7.1592247691005477 10.107382157817483 1.9479084573686121
leaf_count=5 7 48 13 36 38 20 41 8 12 111 14 117 89 123 216 30
internal_value=-0.00199471 0.016066 0.0257877 -0.0123607 -0.0305084 0.0313887 0.0119148 -0.0240539 -0.0339562 -0.0220897 0.00216026 0.0419147 -0.0461956 -0.0439495 -0.043833 -0.0440533
internal_weight=90.5897 55.4607 41.3272 14.1335 35.129 38.2229 13.4111 12.1741 33.7843 15.4446 7.34026 24.8118 6.58636 18.3397 17.2666 8.10433
internal_count=928 379 239 140 549 226 61 133 544 193 52 165 97 351 339 141
is_linear=0
shrinkage=0.05


Tree=175
num_leaves=17
num_cat=0
split_feature=2 0 7 2 1 6 3 6 1 5 3 8 8 4 1 1
split_gain=8.45271 4.02343 4.46592 5.85288 2.35781 1.1844 1.12132 1.11715 2.47771 0.435929 0.339702 0.0570077 0.00312884 0.00372812 0.000558504 5.73477e-05
threshold=4839.4500000000007 40719.250000000007 5.5000000000000009 14546.135000000002 31777.470000000005 95.500000000000014 0.7710783197940424 90.500000000000014 30889.745000000006 22.500000000000004 0.62586608984288927 2.5000000000000004 2.5000000000000004 44065.000000000007 35187.055000000008 29082.620000000003
decision_type=2 2 2 2 2 2 2 2 2 2 2 2 2 2 2 2
left_child=5 2 3 4 -2 7 10 8 -1 -5 -4 -8 13 -9 -10 -14
right_child=1 -3 6 9 -6 -7 11 12 14 -11 -12 -13 15 -15 -16 -17
leaf_value=0.018450673032590997 0.004784925539206791 -0.039670346619406251 0.030139644491508095 -0.026757787450369531 0.037772783330244933 -0.0064766338930715567 0.056132055798108808 -0.048062956127551154 -0.046359290142696075 -0.054065124888279109 0.005388204096864713 0.046353149715533198 -0.044215868044228064 -0.045362261395889808 -0.045105491013703113 -0.044604261070499494
leaf_weight=2.6074673384428086 90.127347029745579 4.7909343354403964 3.6153046265244466 2.3832670859992495 5.763152301311492 4.5013718977570525 3.1011328846216202 1.8954730480909328 1.7068639025092127 3.7787329740822315 2.2483179420232773 2.8693348467350006 1.3631875850260256 3.9216697439551353 1.8518415279686449 3.1387568488717079
leaf_count=14 518 28 23 23 26 26 19 15 19 34 22 27 21 45 24 44
internal_value=4.29218e-05 0.00521557 0.00710381 0.00373214 0.00676754 -0.0292079 0.0361797 -0.0354148 -0.0185768 -0.0435035 0.0206491 0.0514324 -0.0454763 -0.0462423 -0.0457069 -0.0444867
internal_weight=139.664 118.678 113.887 102.052 95.8905 20.9866 11.8341 16.4853 6.16617 6.162 5.86362 5.97047 10.3191 5.81714 3.55871 4.50194
internal_count=928 720 692 601 544 208 91 182 57 57 45 46 125 60 43 65
is_linear=0
shrinkage=0.05


Tree=176
num_leaves=22
num_cat=0
split_feature=2 4 1 4 1 2 7 3 2 4 4 1 8 0 3 2 4 8 2 7 2
split_gain=11.6692 2.30169 5.03231 2.518 6.77094 2.47126 2.41715 3.83345 1.99595 7.46085 2.89677 8.13119 1.53523 1.14849 0.435779 1.15719 0.300428 0.00936176 0.00291534 0.000260659 3.04267e-05
threshold=7775.1550000000007 39905.000000000007 29407.655000000002 44735.000000000007 33864.355000000003 7520.2900000000009 1.5000000000000002 0.85521846433763937 14639.925000000001 43067.500000000007 35865.000000000007 24920.520000000004 2.5000000000000004 32827.350000000013 0.76436606299207932 7951.795000000001 43672.500000000007 2.5000000000000004 15244.640000000001 2.5000000000000004 17643.950000000001
decision_type=2 2 2 2 2 2 2 2 2 2 2 2 2 2 2 2 2 2 2 2 2
left_child=1 5 16 12 -5 6 13 -8 10 18 11 19 -4 -1 17 -16 -3 -12 -10 -2 -20
right_child=8 2 3 4 -6 -7 7 -9 9 -11 14 -13 -14 -15 15 -17 -18 -19 20 -21 -22
leaf_value=0.046407429000330194 -0.044727954632377775 -0.048600905140861579 0.010615906741525308 -0.030906269036361997 0.017881148883844067 0.058956850032293374 -0.047760840328436471 0.01621495093326317 -0.046568697504333879 0.071947639781485759 -0.043563408417803991 0.04399248052685225 0.052160216622023498 0.019002464270361938 -0.047837790588969462 0.0015723427721171105 -0.025572780218458269 -0.046133523326343039 -0.04364034716770996 -0.043984498026913871 -0.043268236594003015
leaf_weight=5.2199272811412873 1.5572946742177025 3.6289463937282553 4.1203435957431775 10.168130934238432 23.659140691161156 3.7000305056571952 3.3317131251096708 7.8785738050937653 1.1403531655669206 2.3385049402713776 6.5301595032215136 4.4185514152050018 4.8312137275934219 14.286214917898176 2.9053165689110747 2.0012083277106285 2.3229392021894455 7.7461072579026222 1.0908127985894682 4.8529625050723553 1.106714431196451
leaf_count=23 22 34 20 61 105 16 32 50 11 8 141 18 26 65 27 18 20 98 22 85 26
internal_value=0.000189362 0.0104543 0.00346307 0.00945636 0.00321615 0.0203532 0.0157031 -0.00279874 -0.0237262 0.00346279 -0.0288687 -0.00819358 0.0330376 0.0263362 -0.0405399 -0.027685 -0.0396133 -0.0449579 -0.0445174 -0.0441651 -0.0434529
internal_weight=118.835 83.1472 48.7307 42.7788 33.8273 34.4165 30.7164 11.2103 35.688 5.67639 30.0116 10.8288 8.95156 19.5061 19.1828 4.90652 5.95189 14.2763 3.33788 6.41026 2.19753
internal_count=928 452 266 212 166 186 170 82 476 67 409 125 46 88 284 45 54 239 59 107 48
is_linear=0
shrinkage=0.05


Tree=177
num_leaves=14
num_cat=0
split_feature=3 0 6 3 0 0 2 7 2 2 7 1 8
split_gain=3.86541 1.70225 1.71358 1.96712 1.56263 1.34685 1.20222 0.944142 0.000132273 1.1534e-06 4.03746e-07 3.90923e-07 2.84924e-07
threshold=0.8246692060773978 41609.55000000001 91.500000000000014 0.82547989869029792 31644.550000000003 35344.700000000004 6005.0850000000009 2.5000000000000004 5961.6050000000005 6351.8750000000009 1.5000000000000002 27246.760000000006 2.5000000000000004
decision_type=2 2 2 2 2 2 2 2 2 2 2 2 2
left_child=8 2 5 -4 -5 6 -2 -7 -1 -10 12 -12 -11
right_child=1 -3 3 4 -6 7 -8 -9 9 10 11 -13 -14
leaf_value=-0.042896420816343699 -0.044948606833828918 -0.049495945878712415 0.073932746571079802 0.086135954598466527 -0.021292819031045948 0.069171536464204958 0.043264957728846982 0.021374791099679456 -0.042018174812653325 -0.04186076254567983 -0.041842018327916286 -0.041889645416649871 -0.041927088578525652
leaf_weight=0.3506339341402066 0.7530727041885219 0.85880057467147786 0.79369109869003285 0.37108907103538502 3.8541640965268016 3.2546683391556144 0.79289676249027252 1.5137210574466733 0.12724154815077815 0.28289106977172229 1.6713229026645424 0.58048986853100348 0.37865034025162458
leaf_count=17 40 19 7 14 181 23 4 40 22 56 353 98 54
internal_value=0.00524012 0.0183735 0.0235164 0.0017091 -0.0118577 0.0408499 0.000294363 0.0539985 -0.0419769 -0.0418708 -0.0418644 -0.0418543 -0.0418987
internal_weight=15.5833 12.1921 11.3333 5.01894 4.22525 6.31436 1.54597 4.76839 3.39123 3.0406 2.91335 2.25181 0.661541
internal_count=928 328 309 202 195 107 44 63 600 583 561 451 110
is_linear=0
shrinkage=0.05


Tree=178
num_leaves=13
num_cat=0
split_feature=3 0 3 6 0 1 7 4 7 3 1 3
split_gain=2.51983 0.991671 1.27001 0.980665 6.47218e-07 5.05188e-08 4.45086e-08 2.8354e-08 1.93054e-08 3.93023e-08 2.11399e-08 1.82143e-08
threshold=0.90541730792825437 33659.850000000013 0.95795537991178215 91.500000000000014 42034.650000000009 28531.755000000001 1.5000000000000002 35217.000000000007 4.5000000000000009 0.87106378805084106 29465.645 0.76103504645314302
decision_type=2 2 2 2 2 2 2 2 2 2 2 2
left_child=4 -2 3 -3 5 6 7 -1 10 -10 -7 -8
right_child=1 2 -4 -5 -6 8 11 -9 9 -11 -12 -13
leaf_value=-0.041800693919661409 0.060277782536721607 0.019317390676331744 0.060373489168188924 -0.046713139722799953 -0.041916253048787107 -0.041781764534986415 -0.041744749103726032 -0.041763173569708788 -0.041766275514389078 -0.041817199218545882 -0.041759688939434256 -0.04176032884336766
leaf_weight=0.058450612705201577 1.3558708447962997 1.2411245354451246 0.87277814373373974 1.0280910816509274 0.068721803138032445 0.16073755780234922 0.70568351494148374 0.36342811619397253 0.093112687347456813 0.063885740004479885 0.3333617674652487 0.255529566667974
leaf_count=16 6 33 8 36 12 54 331 144 37 15 133 103
internal_value=0.00341515 0.0245386 0.00911605 -0.0105984 -0.0417653 -0.0417602 -0.0417548 -0.0417684 -0.0417717 -0.041787 -0.0417669 -0.0417489
internal_weight=6.60078 4.49786 3.14199 2.26922 2.10291 2.03419 1.38309 0.421879 0.651098 0.156998 0.494099 0.961213
internal_count=928 83 77 69 845 833 594 160 239 52 187 434
is_linear=0
shrinkage=0.05


Tree=179
num_leaves=14
num_cat=0
split_feature=3 2 2 4 4 1 7 1 4 4 8 1 7
split_gain=5.68576 1.49873 2.26033 3.78869 0.745807 1.28442e-06 6.45586e-07 4.79466e-07 2.87899e-07 3.22319e-07 2.45122e-07 2.03713e-07 1.61059e-07
threshold=0.90222567120622355 1556.0350000000001 3545.2000000000003 44810.000000000007 44735.000000000007 33780.100000000013 1.5000000000000002 27246.760000000006 35217.000000000007 39905.000000000007 2.5000000000000004 30413.570000000003 3.5000000000000004
decision_type=2 2 2 2 2 2 2 2 2 2 2 2 2
left_child=5 -2 3 4 -3 6 8 10 -1 -10 -8 -9 -7
right_child=1 2 -4 -5 -6 12 7 11 9 -11 -12 -13 -14
leaf_value=-0.041977784446146187 0.061781863126074178 0.010015477420068057 0.061481576586161817 -0.047564792557161284 0.055850670984018573 -0.041936343695525936 -0.041820089284232399 -0.041903225990225897 -0.041869633640058933 -0.041922747161260265 -0.041861455982442085 -0.041855634842780598 -0.04199657789427988
leaf_weight=0.13453710218891579 2.1208317726850492 1.792963620275259 1.939719211310148 2.5089594572782516 1.7573906481266022 0.20872293924912799 0.4914455763064326 0.88452696637250461 0.49046055623330154 0.68397915456444025 1.3199627012945712 0.30150315118953586 0.23698406433686614
leaf_count=16 8 35 10 32 8 28 119 144 92 103 246 60 27
internal_value=0.00322766 0.024413 0.0145052 -0.000532949 0.0327035 -0.0418876 -0.0418792 -0.0418664 -0.0419085 -0.0419006 -0.0418502 -0.0418911 -0.0419684
internal_weight=14.872 10.1199 7.99903 6.05931 3.55035 4.75212 4.30642 2.99744 1.30898 1.17444 1.81141 1.18603 0.445707
internal_count=928 93 85 75 43 835 780 569 211 195 365 204 55
is_linear=0
shrinkage=0.05


Tree=180
num_leaves=17
num_cat=0
split_feature=2 4 1 1 0 8 4 0 8 1 3 4 1 0 8 7
split_gain=17.3118 5.69822 6.01917 4.37913 3.90052 2.98897 3.0393 2.6813 1.56011 3.13862 1.93352 1.46293 0.0233894 0.00121137 0.000550021 0.000185066
threshold=8583.1650000000027 38272.500000000007 29227.645 16951.125000000004 30366.450000000004 2.5000000000000004 42412.500000000007 32445.900000000005 2.5000000000000004 30734.530000000002 0.84067982212735481 41310.000000000007 17574.315000000006 31754.250000000004 3.5000000000000004 4.5000000000000009
decision_type=2 2 2 2 2 2 2 2 2 2 2 2 2 2 2 2
left_child=4 3 5 -2 -1 11 -7 -5 9 10 -6 -3 -9 -10 -15 -11
right_child=1 2 -4 7 8 6 -8 12 13 15 -12 -13 -14 14 -16 -17
leaf_value=0.053717486280058416 0.057517591270886174 0.021781246351549932 -0.042331880967319997 0.0016490691771521215 -0.021812388091433051 0.044090114936677506 -0.0060499123198395994 -0.052427214344849427 -0.045510646538735711 -0.043793565267190172 0.030331195842181635 0.0490246503205366 -0.04451488444857464 -0.044070547521753489 -0.043482968164290509 -0.044367138297050648
leaf_weight=1.3294075429439534 1.9354015588760365 6.9456402510404613 3.067059874534606 5.5803170725703222 3.8851403892040235 4.6530901491641989 8.6238060817122442 1.1405186951160429 1.0105935931205774 5.8515053745359182 3.277653232216835 16.960392355918884 5.1582896690815687 6.8122678585350522 9.5889406744390726 1.8512608762830494
leaf_count=5 7 48 13 36 38 20 41 8 12 111 14 117 89 123 216 30
internal_value=-0.00203558 0.0154818 0.0249915 -0.0122257 -0.0302165 0.0305448 0.0115224 -0.0235887 -0.0336735 -0.0217767 0.00204822 0.0411094 -0.0459476 -0.0438305 -0.043727 -0.0439314
internal_weight=87.6713 54.0645 40.25 13.8145 33.6068 37.1829 13.2769 11.8791 32.2774 14.8656 7.16279 23.906 6.29881 17.4118 16.4012 7.70277
internal_count=928 379 239 140 549 226 61 133 544 193 52 165 97 351 339 141
is_linear=0
shrinkage=0.05


Tree=181
num_leaves=15
num_cat=0
split_feature=2 0 7 2 1 1 1 3 6 5 6 8 7 0
split_gain=7.63819 3.73546 4.11689 5.40013 2.10355 1.1888 4.61406 1.10388 0.895116 0.420268 0.338168 0.0495999 0.000414374 0.000461054
threshold=4839.4500000000007 40719.250000000007 5.5000000000000009 14546.135000000002 31777.470000000005 30449.090000000007 29082.620000000003 0.7710783197940424 95.500000000000014 22.500000000000004 93.500000000000014 2.5000000000000004 5.5000000000000009 34980.200000000004
decision_type=2 2 2 2 2 2 2 2 2 2 2 2 2 2
left_child=5 2 3 4 -2 6 -1 10 12 -5 -4 -9 13 -7
right_child=1 -3 7 9 -6 8 -8 11 -10 -11 -12 -13 -14 -15
leaf_value=-0.048698398639195097 0.0045784280841885813 -0.038928263894196111 0.033006980137683349 -0.02610756789347822 0.036150977537876508 -0.045698751180526624 0.028083593920971324 0.055431050533954064 -0.012188517750885263 -0.053377211484439295 0.0084678747935877426 0.046064463846511187 -0.045732040593141211 -0.044724156161883188
leaf_weight=4.2309116050601032 88.43962412327528 4.6571998819708815 2.5946711525320989 2.3196366839110842 5.6102908402681342 1.5046260021626929 3.6399166136980057 2.9596425518393517 2.6299533769488326 3.614424753934145 3.0593709126114845 2.705290712416172 1.9252722971141336 6.2719956338405609
leaf_count=39 518 28 25 23 26 19 26 19 16 34 20 27 22 86
internal_value=-1.32417e-07 0.00494282 0.00677849 0.00354301 0.0064618 -0.0283719 -0.0131901 0.0353585 -0.0380617 -0.0427175 0.019729 0.050958 -0.0450753 -0.0449127
internal_weight=136.163 115.96 111.303 99.984 94.0499 20.2027 7.87083 11.319 12.3318 5.93406 5.65404 5.66493 9.70189 7.77662
internal_count=928 720 692 601 544 208 65 91 143 57 45 46 127 105
is_linear=0
shrinkage=0.05


Tree=182
num_leaves=21
num_cat=0
split_feature=2 4 1 6 2 4 1 7 2 4 4 1 8 3 4 1 1 8 2 2
split_gain=10.8108 2.14584 4.65636 2.54285 2.7934 2.31458 6.04837 2.30895 1.88069 6.92495 2.78073 7.01494 1.49272 0.975046 0.295625 0.196124 0.241171 0.00899872 0.00273594 2.49402e-05
threshold=7775.1550000000007 39905.000000000007 29407.655000000002 95.500000000000014 3183.5050000000006 44735.000000000007 33864.355000000003 2.5000000000000004 14639.925000000001 43067.500000000007 37329.500000000007 24998.845000000005 2.5000000000000004 0.7401834177423281 43672.500000000007 28150.465000000007 28877.840000000007 2.5000000000000004 15244.640000000001 17643.950000000001
decision_type=2 2 2 2 2 2 2 2 2 2 2 2 2 2 2 2 2 2 2 2
left_child=1 3 14 4 -1 12 -7 -6 10 18 11 13 -4 -2 -3 17 -17 -12 -10 -20
right_child=8 2 5 -5 7 6 -8 -9 9 -11 15 -13 -14 -15 -16 16 -18 -19 19 -21
leaf_value=-0.018002313963059888 -0.045708396108841198 -0.048195932781009698 0.0097065411896348902 -0.013314506813577064 0.039001605161909626 -0.029751690431108542 0.016959308713349643 0.0026178736133163735 -0.046415223151185306 0.069486700364492268 -0.043286746699788249 0.041063839893756865 0.051065439038395471 -0.00078627656087004174 -0.02499233921334823 -0.018401851221902629 -0.04478805702042038 -0.046021327637065977 -0.043510451335466716 -0.043162870662791855
leaf_weight=3.2772516906261471 6.7981596626341361 3.4582146555185309 4.0674102008342725 4.9591612368822089 19.917417407035831 9.8832370750606042 23.19301263988018 5.5827842950820914 1.1086032763123506 2.3031753897666931 4.8405339978635329 4.2914750427007666 4.7055017650127411 1.4689494892954824 2.276181235909462 1.7346993796527379 1.7292487137019632 7.9484302178025246 1.0269628427922728 1.0374692268669603
leaf_count=16 113 34 20 21 105 61 105 44 11 8 120 20 26 14 20 20 23 99 22 26
internal_value=0.000178715 0.010107 0.00326803 0.019753 0.0254515 0.00905785 0.00300199 0.0310361 -0.0233682 0.00349151 -0.0284735 -0.0108025 0.0318901 -0.0377264 -0.0389856 -0.0421278 -0.0315742 -0.0449863 -0.0444117 -0.0433358
internal_weight=115.608 81.3202 47.5836 33.7366 28.7775 41.8492 33.0762 25.5002 34.2877 5.47621 28.8115 12.5586 8.77291 8.26711 5.7344 16.2529 3.46395 12.789 3.17304 2.06443
internal_count=928 452 266 186 165 212 166 149 476 67 409 147 46 127 54 262 43 219 59 48
is_linear=0
shrinkage=0.05


Tree=183
num_leaves=12
num_cat=0
split_feature=3 0 0 4 0 3 2 2 7 1 8
split_gain=3.67106 1.58943 1.60141 2.48195 2.08344 0.000269401 0.000110461 9.54409e-07 3.75078e-07 3.65934e-07 2.78345e-07
threshold=0.8246692060773978 41609.55000000001 40654.500000000007 44585.000000000007 35128.80000000001 0.91434156948823631 5961.6050000000005 6351.8750000000009 1.5000000000000002 27246.760000000006 2.5000000000000004
decision_type=2 2 2 2 2 2 2 2 2 2 2
left_child=6 2 3 4 -2 -5 -1 -8 10 -10 -9
right_child=1 -3 -4 5 -6 -7 7 8 9 -11 -12
leaf_value=-0.042825422150683828 -0.0028261083162038868 -0.049152951327820264 0.057999105768511874 -0.042017240687659357 0.051443571947156791 -0.04331130311471882 -0.041999829136341323 -0.041850773002482786 -0.041833557512678442 -0.041880812714865864 -0.041918063887725218
leaf_weight=0.33156803110614541 3.3693836722522921 0.81788229662925083 2.5371366403996953 0.71964006475172915 3.7222089655697346 0.91172686498612165 0.12001300137490067 0.26569371507503126 1.5819926715921613 0.5528451649006455 0.3645132752135396
leaf_count=17 135 19 19 90 35 30 22 56 353 98 54
internal_value=0.00550607 0.0181476 0.023036 0.0128667 0.0256588 -0.0427405 -0.0419611 -0.0418618 -0.0418558 -0.0418458 -0.0418897
internal_weight=15.2946 12.078 11.2601 8.72296 7.09159 1.63137 3.21663 2.88506 2.76504 2.13484 0.630207
internal_count=928 328 309 290 170 120 600 583 561 451 110
is_linear=0
shrinkage=0.05


Tree=184
num_leaves=13
num_cat=0
split_feature=3 0 3 6 0 1 7 1 7 3 1 3
split_gain=2.39254 0.916852 1.17555 0.935809 5.67313e-07 4.75093e-08 3.88305e-08 2.60311e-08 1.8779e-08 2.80396e-08 1.88006e-08 1.68961e-08
threshold=0.90541730792825437 33659.850000000013 0.95795537991178215 91.500000000000014 42288.750000000007 28531.755000000001 1.5000000000000002 23175.180000000004 4.5000000000000009 0.87106378805084106 29465.645 0.76103504645314302
decision_type=2 2 2 2 2 2 2 2 2 2 2 2
left_child=4 -2 3 -3 5 6 7 -1 10 -10 -7 -8
right_child=1 2 -4 -5 -6 8 11 -9 9 -11 -12 -13
leaf_value=-0.041785599024207892 0.058925508402123586 0.018740002439095241 0.057993664150720652 -0.046475234260794376 -0.041910852130540584 -0.041776892194719958 -0.041740879398548821 -0.041756259070134458 -0.041765365021908814 -0.04180915061377824 -0.041755564181222428 -0.041756274056264905
leaf_weight=0.10120520810596623 1.3287672679871319 1.2467207373119897 0.88770323246717442 0.98444628715515126 0.061096207937225588 0.15331518149469037 0.66714538540691137 0.29878858150914311 0.092412511934526265 0.060501363594084978 0.31690021592658013 0.24320748506579548
leaf_count=32 6 33 8 36 11 54 331 128 38 15 133 103
internal_value=0.00374027 0.0241455 0.00932785 -0.0100346 -0.0417608 -0.0417561 -0.0417507 -0.0417637 -0.0417675 -0.0417827 -0.0417625 -0.041745
internal_weight=6.44221 4.44764 3.11887 2.23117 1.99457 1.93348 1.31035 0.399994 0.623129 0.152914 0.470215 0.910353
internal_count=928 83 77 69 845 834 594 160 240 53 187 434
is_linear=0
shrinkage=0.05


Tree=185
num_leaves=12
num_cat=0
split_feature=3 6 3 1 7 3 1 3 3 7 0
split_gain=5.45147 1.27016 1.18925 2.4191 1.06256 1.5764 0.00557288 0.000770436 1.44732e-06 4.89018e-07 3.01288e-08
threshold=0.90927831750799637 90.500000000000014 0.91434156948823631 34982.81500000001 5.5000000000000009 0.90222567120622355 37530.240000000005 0.90222567120622355 0.82321580832858132 1.5000000000000002 32610.650000000005
decision_type=2 2 2 2 2 2 2 2 2 2 2
left_child=4 -2 -3 -4 6 8 7 9 10 -1 -6
right_child=1 2 3 -5 5 -7 -8 -9 -10 -11 -12
leaf_value=-0.041899680330217424 0.053595273493367762 0.048915090520077809 -0.046094576919613189 0.036361379877584012 -0.041838440954187192 0.083303810354241142 -0.048112808121384729 -0.04376243918194514 -0.041974502816222801 -0.04186240847121793 -0.041804329343232666
leaf_weight=1.3350813316646974 3.272421242669223 1.6544608250260351 1.6772140730172398 1.8939810972660778 0.092277030227705614 0.45020318031311035 0.42657382879406203 0.62733173929154862 0.26045316294766963 2.5820228236261755 0.21685276692733169
leaf_count=224 21 9 25 19 20 2 5 14 35 498 56
internal_value=0.00341713 0.029168 0.0138711 -0.00236411 -0.033111 0.0133804 -0.0426486 -0.0421356 -0.0418877 -0.0418751 -0.0418145
internal_weight=14.4889 8.49808 5.22566 3.5712 5.9908 1.01979 4.97101 4.54444 0.569583 3.9171 0.30913
internal_count=928 74 53 44 854 113 741 736 111 722 76
is_linear=0
shrinkage=0.05


Tree=186
num_leaves=18
num_cat=0
split_feature=2 4 1 2 0 6 8 4 8 0 4 6 2 0 2 8 3
split_gain=16.0562 5.32407 5.68098 4.14468 3.61464 3.39416 2.8521 2.78107 1.53 3.00653 1.47494 1.42084 0.0130808 0.00108174 0.000832345 0.000502605 0.000438025
threshold=8583.1650000000027 38272.500000000007 29227.645 13528.445000000002 30366.450000000004 94.500000000000014 2.5000000000000004 42412.500000000007 2.5000000000000004 36568.900000000009 41310.000000000007 93.500000000000014 12236.485000000002 31754.250000000004 7231.6800000000012 3.5000000000000004 0.69208256631736387
decision_type=2 2 2 2 2 2 2 2 2 2 2 2 2 2 2 2 2
left_child=4 3 6 12 -1 -5 10 -8 9 11 -3 -6 16 -10 -11 -15 -2
right_child=1 2 -4 5 8 -7 7 -9 13 14 -12 -13 -14 15 -16 -17 -18
leaf_value=0.051439062425281713 -0.044502670264369951 0.020657278486304824 -0.04152843325044954 -0.016131657729153783 -0.016495143391956398 0.050370285594624954 0.042476469692324721 -0.005741652304753265 -0.045352537470729516 -0.043748473948090789 0.048464155178877012 0.029299143954089585 -0.049829746248637674 -0.043965749860861186 -0.045205900209692979 -0.043389523276774443 -0.043496922674243918
leaf_weight=1.3097024410963047 2.0682333521544916 6.7389619499444988 3.0306179597973815 4.7005780711770058 4.2295720502734202 3.2420079410076141 4.6023863703012458 8.5380569919943792 0.967645443975928 6.0974532067775726 16.311711497604847 2.8251995928585529 1.2234984152019022 6.4872006978839609 1.1671721562743185 9.0823836848139763 2.2716260403394699
leaf_count=5 31 48 13 36 29 12 20 41 12 121 117 25 12 123 18 216 49
internal_value=-0.0020768 0.014907 0.0242303 -0.0121683 -0.029917 0.0110131 0.0297369 0.0111465 -0.0333701 -0.0214051 0.0403347 0.00184393 -0.0452635 -0.0437304 -0.0439826 -0.0436296 -0.0439762
internal_weight=84.894 52.7277 39.2217 13.5059 32.1663 7.94259 36.1911 13.1404 30.8566 14.3194 23.0507 7.05477 5.56336 16.5372 7.26463 15.5696 4.33986
internal_count=928 379 239 140 549 48 226 61 544 193 165 54 92 351 139 339 80
is_linear=0
shrinkage=0.05


Tree=187
num_leaves=12
num_cat=0
split_feature=1 4 2 2 7 7 4 0 2 6 3
split_gain=6.972 3.95156 4.1764 4.02091 2.87248 2.60087 2.56036 1.27849 0.0267674 0.0018858 0.000224673
threshold=34926.080000000009 29177.500000000004 13489.085000000001 4839.4500000000007 5.5000000000000009 1.0000000180025095e-35 37852.500000000007 31975.550000000003 5133.2650000000003 93.500000000000014 0.90222567120622355
decision_type=2 2 2 2 2 2 2 2 2 2 2
left_child=1 -1 3 6 7 -5 -3 -4 9 10 -2
right_child=8 2 4 5 -6 -7 -8 -9 -10 -11 -12
leaf_value=0.053995030319475334 -0.045296828431437196 -0.047322044658994047 -0.061844884219009202 -0.0076359306929492795 0.023008304390953978 0.012676500132326275 -0.0033691821547286332 -0.024679245827456453 -0.052404828203567837 -0.046801103257652729 -0.044508885654065168
leaf_weight=3.652758263051509 1.5200380459427827 5.4208410643041125 3.1811359710991374 20.057259611785412 2.6327339410781851 73.541899245232344 8.5224918872117978 8.4882605597376806 1.8538114726543424 1.7870815359055994 2.2348046377301216
leaf_count=24 18 59 31 101 16 469 78 69 10 19 34
internal_value=-2.75711e-05 0.0027526 0.00121641 0.00459222 -0.0241675 0.00832377 -0.020457 -0.0348108 -0.0472039 -0.0454642 -0.0448279
internal_weight=132.893 125.497 121.845 107.542 14.3021 93.5992 13.9433 11.6694 7.39574 5.54192 3.75484
internal_count=928 847 823 707 116 570 137 100 81 71 52
is_linear=0
shrinkage=0.05


Tree=188
num_leaves=21
num_cat=0
split_feature=2 4 1 6 4 3 4 1 8 4 1 4 8 4 1 7 1 4 3 3
split_gain=10.0143 1.96831 4.32576 2.43564 2.53578 3.04819 2.17256 5.41235 1.78565 2.6275 3.69296 5.97567 1.41001 0.451296 0.304983 0.00244168 0.0011764 6.43189e-05 8.01358e-05 3.40813e-05
threshold=7775.1550000000007 39905.000000000007 29407.655000000002 95.500000000000014 36349.500000000007 0.84025382237526558 44735.000000000007 33864.355000000003 2.5000000000000004 43067.500000000007 24920.520000000004 35865.000000000007 2.5000000000000004 36767.500000000007 28877.840000000007 1.5000000000000002 27858.710000000003 41310.000000000007 0.72224419922963212 0.58050200982956845
decision_type=2 2 2 2 2 2 2 2 2 2 2 2 2 2 2 2 2 2 2 2
left_child=1 3 14 4 5 -1 12 -8 16 10 15 -12 -4 -6 -3 -10 17 19 -19 -2
right_child=8 2 6 -5 13 -7 7 -9 9 -11 11 -13 -14 -15 -16 -17 -18 18 -20 -21
leaf_value=0.024795116688872812 -0.043144378170299619 -0.047196074323581555 0.0094356773535583804 -0.013328475162985505 0.052582776341376786 -0.025989702329939531 -0.028655172204242026 0.016090198633922369 -0.045703692533625821 0.017493064548475889 0.04242707297023731 -0.03729982276899823 0.050029165264707423 0.033534336115646893 -0.022730615366274302 -0.043767548589714572 -0.044414384252244754 -0.042845297971083801 -0.043427289913115445 -0.043550213520814257
leaf_weight=10.13926610350609 1.1491111367940887 3.5358699411153784 4.0106574296951276 4.9308190792798987 4.7059723734855643 4.1698483526706687 9.6108739748597127 22.768642470240593 1.9967634454369605 4.6534897387027732 4.2754047214984876 5.2195408828556538 4.5843837857246399 9.1654976829886419 1.9911528714001177 8.8261912874877435 2.5116439498960972 2.6552760172635321 0.7609803583472966 0.9409000240266322
leaf_count=43 29 36 20 21 30 22 61 105 22 22 18 58 26 70 18 168 39 83 18 19
internal_value=0.00017547 0.00977391 0.00313984 0.0190908 0.0247633 0.00999581 0.00874071 0.0028089 -0.0229884 -0.0163968 -0.0241588 -0.00140022 0.0310872 0.0399966 -0.0383822 -0.0441248 -0.0435176 -0.0431086 -0.0429749 -0.0433271
internal_weight=112.602 79.613 46.5016 33.1114 28.1806 14.3091 40.9746 32.3795 32.9893 24.9714 20.3179 9.49495 8.59504 13.8715 5.52702 10.823 8.01791 5.50627 3.41626 2.09001
internal_count=928 452 266 186 165 65 212 166 476 288 266 76 46 100 54 190 188 149 101 48
is_linear=0
shrinkage=0.05


Tree=189
num_leaves=16
num_cat=0
split_feature=3 4 3 3 0 6 1 2 7 7 4 1 8 4 3
split_gain=3.49263 1.62617 3.33735 1.30532 0.39294 0.281497 0.000388588 9.43163e-05 1.83009e-05 7.84786e-07 1.74446e-06 3.33165e-07 1.97626e-07 1.81621e-07 7.94565e-08
threshold=0.8246692060773978 35555.000000000007 0.90292046884602162 0.92314693386777191 39924.30000000001 90.500000000000014 36429.710000000006 5961.6050000000005 1.0000000180025095e-35 1.5000000000000002 36337.500000000007 27246.760000000006 2.5000000000000004 40485.000000000007 0.79402141189428022
decision_type=2 2 2 2 2 2 2 2 2 2 2 2 2 2 2
left_child=7 -2 6 5 -5 -4 8 -1 -3 10 -9 12 -11 -12 -13
right_child=1 2 3 4 -6 -7 -8 9 -10 11 13 14 -14 -15 -16
leaf_value=-0.042768485668578604 0.050603687570189661 -0.042448623303901707 0.033831085739386944 -0.0090192830396647588 0.025906419084486421 0.063399322164247485 -0.043787602518685284 -0.042088816571839778 -0.042068441076455715 -0.041795498631933888 -0.041819431713679266 -0.041885011227484621 -0.041836401188626395 -0.041882429862910804 -0.04184394600270485
leaf_weight=0.31363457068801048 2.8953938633203498 0.39417803566902776 1.5908337803557517 2.0979336407035594 1.3070825822651384 1.6293790042400358 0.437947860918939 0.10308241937309537 1.6071137755643574 0.40277495025657151 0.15495912358164787 0.35725663439370681 1.1068691972177473 0.43716883007436991 0.17573674861341715
leaf_count=17 15 23 19 42 8 21 11 10 189 118 38 61 238 79 39
internal_value=0.0057996 0.0179819 0.00756176 0.0259706 0.00438764 0.0487922 -0.0424385 -0.0419472 -0.0421433 -0.0418531 -0.041899 -0.0418375 -0.0418255 -0.0418659 -0.0418715
internal_weight=15.0113 11.9599 9.06447 6.62523 3.40502 3.22021 2.43924 3.05148 2.00129 2.73785 0.69521 2.04264 1.50964 0.592128 0.532993
internal_count=928 328 313 90 50 40 223 600 212 583 127 456 356 117 100
is_linear=0
shrinkage=0.05


Tree=190
num_leaves=12
num_cat=0
split_feature=3 0 2 0 1 7 1 0 7 3 1
split_gain=2.22948 0.850042 1.24556 4.97734e-07 4.12591e-08 3.51492e-08 2.5418e-08 1.65093e-08 1.49535e-08 2.2305e-08 1.71462e-08
threshold=0.90541730792825437 36066.750000000007 3301.8400000000006 42288.750000000007 28531.755000000001 1.5000000000000002 23175.180000000004 36701.350000000006 4.5000000000000009 0.87106378805084106 29465.645
decision_type=2 2 2 2 2 2 2 2 2 2 2
left_child=3 -2 -3 4 5 6 -1 -7 10 -10 -6
right_child=1 2 -4 -5 8 7 -8 -9 9 -11 -12
leaf_value=-0.041781636378418835 0.038327310629187983 -0.043654553452565699 0.054094694687281758 -0.041900183983725636 -0.041772501534083448 -0.041743706799855229 -0.041752008698569383 -0.041721074225894328 -0.041761045456156221 -0.041801245960012973 -0.041751629297007771
leaf_weight=0.097332799108698742 2.9785840949043632 0.91132146166637518 0.50731208780780435 0.058558796066790708 0.14623801002744574 0.77233534480910748 0.28250095713883638 0.089960154495202005 0.087086481624282897 0.057147293817251921 0.30075045838020742
leaf_count=32 31 37 15 11 54 374 128 60 38 15 133
internal_value=0.00362861 0.0231557 -0.00869882 -0.0417567 -0.0417521 -0.0417469 -0.0417596 -0.0417413 -0.041763 -0.041777 -0.0417585
internal_weight=6.28913 4.39722 1.41863 1.89191 1.83335 1.24213 0.379834 0.862295 0.591222 0.144234 0.446988
internal_count=928 83 52 845 834 594 160 434 240 53 187
is_linear=0
shrinkage=0.05


Tree=191
num_leaves=12
num_cat=0
split_feature=3 6 3 2 7 3 1 3 3 7 6
split_gain=5.09094 1.13244 1.06784 2.37128 1.02638 1.46262 0.00472905 0.000653974 1.27336e-06 4.37039e-07 2.64033e-08
threshold=0.90927831750799637 90.500000000000014 0.91434156948823631 1815.3650000000002 5.5000000000000009 0.90222567120622355 37530.240000000005 0.90222567120622355 0.82321580832858132 1.5000000000000002 94.500000000000014
decision_type=2 2 2 2 2 2 2 2 2 2 2
left_child=4 -2 -3 -4 6 8 7 9 10 -1 -6
right_child=1 2 3 -5 5 -7 -8 -9 -10 -11 -12
leaf_value=-0.041889985112566114 0.051078487409815188 0.047055429085145845 0.037574951527054423 -0.044607969334896816 -0.041794889189915252 0.081189791558833491 -0.047747549132999438 -0.043653434899928123 -0.041959642444560775 -0.04185384100901484 -0.04182798222559489
leaf_weight=1.2689527459442627 3.2985151968896371 1.6255099028348921 1.8250046521425249 1.6910183187574146 0.20237601618282486 0.44061623513698578 0.40738482307642687 0.59342168085277069 0.24586146045476198 2.4532155678607523 0.085838541155681014
leaf_count=224 21 9 8 36 56 2 5 14 35 498 20
internal_value=0.00356019 0.0282124 0.0135428 -0.00195062 -0.0329575 0.0137567 -0.042598 -0.0421119 -0.0418761 -0.0418662 -0.0418047
internal_weight=14.1377 8.44005 5.14153 3.51602 5.69767 0.974692 4.72297 4.31559 0.534076 3.72217 0.288215
internal_count=928 74 53 44 854 113 741 736 111 722 76
is_linear=0
shrinkage=0.05


Tree=192
num_leaves=20
num_cat=0
split_feature=2 8 1 0 6 3 0 7 3 8 1 5 4 1 3 0 0 8 7
split_gain=14.8851 4.92451 6.72232 3.3542 3.28299 2.05104 2.59248 1.61227 2.27149 1.52609 2.9301 1.72072 1.50149 3.39028 0.35594 0.0311216 0.000909776 0.00045069 0.000157519
threshold=8583.1650000000027 2.5000000000000004 29227.645 30366.450000000004 93.500000000000014 0.69630135124325088 35417.200000000004 1.5000000000000002 0.55285166619541548 2.5000000000000004 30734.530000000002 22.500000000000004 41310.000000000007 19472.155000000002 0.73827354215837071 35551.700000000004 31854.300000000003 3.5000000000000004 4.5000000000000009
decision_type=2 2 2 2 2 2 2 2 2 2 2 2 2 2 2 2 2 2 2
left_child=3 2 12 -1 5 6 -3 -6 -9 10 11 -5 13 -2 -14 -7 -11 -18 -12
right_child=1 4 -4 9 7 15 -8 8 -10 16 18 -13 14 -15 -16 -17 17 -19 -20
leaf_value=0.04925274262604111 0.047716912041383647 -0.031252030665757033 -0.040170101955936698 -0.022864497485528365 0.048497406856980868 -0.044801340069988399 0.019062203407885572 0.040402324443358562 -0.01205973431383587 -0.04506127675834308 -0.043592076086635442 0.026888504958751405 0.043882716031072008 -0.02654086023145924 0.061804456196699664 -0.053993582159325773 -0.043857933430759735 -0.043296379041181131 -0.044146289177145005
leaf_weight=1.2954938709735895 4.0354470983147683 5.020453132689001 2.9958965703845015 3.4649620428681374 3.2339339107275 2.2612632121890779 5.2244001030921936 3.2657012641429883 5.6037927158176899 1.0429467856884009 5.3191456459462643 3.4864830821752548 12.139107562601565 2.4826962649822235 3.5897820740938178 1.5532837808132169 6.1728394255042049 8.4835068695247173 1.6892631798982618
leaf_count=5 36 56 13 23 15 41 21 13 46 14 111 29 101 12 16 9 123 214 30
internal_value=-0.00210724 0.0143874 0.0301424 -0.0294996 -0.000813623 -0.0172472 -0.0055941 0.0182757 0.00725652 -0.0329394 -0.0209118 0.00208902 0.039611 0.0194329 0.047973 -0.0485444 -0.0436344 -0.0435329 -0.0437257
internal_weight=82.3604 51.4058 25.2429 30.9546 26.1628 14.0594 10.2449 12.1034 8.86949 29.6591 13.9599 6.95145 22.247 6.51814 15.7289 3.81455 15.6993 14.6563 7.00841
internal_count=928 379 178 549 201 127 77 74 59 544 193 52 165 48 117 50 351 337 141
is_linear=0
shrinkage=0.05


Tree=193
num_leaves=12
num_cat=0
split_feature=1 4 2 2 7 4 7 0 2 6 3
split_gain=6.55341 3.63387 3.82153 3.60878 2.67753 2.50499 2.34319 1.21584 0.0225798 0.00161517 0.000197444
threshold=34926.080000000009 29177.500000000004 13489.085000000001 4839.4500000000007 5.5000000000000009 37852.500000000007 1.0000000180025095e-35 31975.550000000003 5133.2650000000003 93.500000000000014 0.90222567120622355
decision_type=2 2 2 2 2 2 2 2 2 2 2
left_child=1 -1 3 5 7 -3 -5 -4 9 10 -2
right_child=8 2 4 6 -6 -7 -8 -9 -10 -11 -12
leaf_value=0.053179792775110868 -0.045103296868632646 -0.047108761404199499 -0.060798629768990545 -0.0072102750225279625 0.02259176948287904 -0.0028247333138185209 0.012200532226478747 -0.023918913008191902 -0.05176802235149848 -0.046525334415104425 -0.044345601568500523
leaf_weight=3.4592946469783774 1.4499482139945024 5.1449212841689578 3.057202771306037 19.830969735980034 2.5789968371391288 8.4188614003360254 71.978723496198654 8.3077536113560182 1.7840514183044431 1.704913944005966 2.1124281659722328
leaf_count=24 18 59 31 101 16 78 469 69 10 19 34
internal_value=-3.13512e-05 0.00266079 0.00119612 0.00445122 -0.0234024 -0.0196222 0.00800778 -0.0338397 -0.0469064 -0.0452597 -0.044654
internal_weight=129.828 122.777 119.317 105.373 13.944 13.5638 91.8097 11.365 7.05134 5.26729 3.56238
internal_count=928 847 823 707 116 137 570 100 81 71 52
is_linear=0
shrinkage=0.05


Tree=194
num_leaves=22
num_cat=0
split_feature=2 3 5 2 7 0 2 4 4 1 2 1 6 0 3 3 1 1 4 2 2
split_gain=9.12998 1.86026 4.77227 4.91284 2.62408 2.2478 1.77139 6.19075 2.63424 6.39783 1.60622 1.59846 1.4974 1.38742 1.06043 0.968435 0.209164 0.28331 0.00891022 0.00234054 1.72427e-05
threshold=7775.1550000000007 0.90111981517108009 22.500000000000004 5838.1200000000008 4.5000000000000009 40367.250000000007 14639.925000000001 43067.500000000007 37329.500000000007 24998.845000000005 6031.4000000000005 35374.500000000007 95.500000000000014 35962.450000000004 0.8246692060773978 0.7401834177423281 28150.465000000007 28811.995000000006 44395.000000000007 15244.640000000001 17672.300000000003
decision_type=2 2 2 2 2 2 2 2 2 2 2 2 2 2 2 2 2 2 2 2 2
left_child=1 2 4 12 10 11 8 19 9 15 -1 13 -4 -3 -5 -2 18 -18 -10 -8 -21
right_child=6 5 3 14 -6 -7 7 -9 16 -11 -12 -13 -14 -15 -16 -17 17 -19 -20 20 -22
leaf_value=0.02267579664241853 -0.045630160818456944 0.010828960339688082 0.027389741216444882 -0.014951702278211843 -0.0091468345975537282 -0.034156349694994224 -0.046100234806949671 0.066618796538370245 -0.043915868483157539 0.039859801304916669 0.048081015221952191 0.030794064612217238 -0.0051001137110230198 -0.02316274103588857 -0.047059201561390179 5.8407894596170537e-05 -0.014987457948198866 -0.044590812419159617 -0.046924351070589808 -0.043265794998632028 -0.042955931815378483
leaf_weight=13.732826396822935 6.2431806065142208 6.8265099748969131 10.920097697526222 7.4351165518164617 4.0585001036524764 4.6147435605525962 1.042415797710418 2.2472355961799622 8.0243906825780851 4.1616290807723999 11.374911814928053 4.4852944016456595 5.2519470155239096 5.3582045286893845 3.9313965290784836 1.4244630634784696 1.5457930527627461 1.6937805861234663 3.5498972386121741 1.0299216285347936 0.79590530134737481
leaf_count=79 113 37 73 56 37 18 11 8 157 20 56 21 24 23 28 14 19 24 62 25 23
internal_value=0.000127267 0.00933004 0.0140612 -0.000866527 0.0281558 -0.00327413 -0.022472 0.00447725 -0.0276462 -0.0100524 0.0341855 0.00527497 0.0168385 -0.00411882 -0.0260569 -0.0371423 -0.0416954 -0.0304653 -0.0448386 -0.0442099 -0.0431307
internal_weight=109.748 77.9895 56.7048 27.5386 29.1662 21.2848 31.7586 5.11548 26.6431 11.8293 25.1077 16.67 16.172 12.1847 11.3665 7.66764 14.8139 3.23957 11.5743 2.86824 1.82583
internal_count=928 452 353 181 172 99 476 67 409 147 135 81 97 60 84 127 262 43 219 59 48
is_linear=0
shrinkage=0.05


Tree=195
num_leaves=16
num_cat=0
split_feature=3 0 6 3 0 0 7 3 2 7 4 1 8 4 3
split_gain=3.31096 1.48306 1.48302 4.66273 2.98571 1.44359 0.682904 0.000580273 8.30959e-05 7.14697e-07 8.67249e-07 3.01303e-07 1.81892e-07 1.45055e-07 6.87453e-08
threshold=0.8246692060773978 41609.55000000001 91.500000000000014 0.82517227821759864 35128.80000000001 31644.550000000003 1.5000000000000002 0.90292046884602162 5961.6050000000005 1.5000000000000002 36520.000000000007 27246.760000000006 2.5000000000000004 40485.000000000007 0.79402141189428022
decision_type=2 2 2 2 2 2 2 2 2 2 2 2 2 2 2
left_child=8 2 4 -4 7 -5 -6 -2 -1 10 -10 12 -11 -12 -13
right_child=1 -3 3 5 6 -7 -8 -9 9 11 13 14 -14 -15 -16
leaf_value=-0.042724141299065974 -0.043942006730842857 -0.04894563412265826 0.14808792142310256 0.077300503846702881 0.067856195710525022 -0.023162500662053848 0.031253804443714985 -0.046473607857225215 -0.042005954481919343 -0.04178747042942893 -0.041811683196747572 -0.041875178421697613 -0.041828025653310646 -0.041874947807628425 -0.0418360117165643
leaf_weight=0.29945506295189384 0.47383814724161855 0.78019454050809223 0.49108793586492527 0.39225471112877119 3.1457402119413018 4.0449407112319022 2.1420690221711993 0.43337031174451113 0.12843985343351993 0.375254611019045 0.11565555352717638 0.33925980702042569 1.050330613972619 0.41831439873203635 0.16727205296047032
leaf_count=17 29 19 3 14 18 185 47 13 18 118 30 61 238 79 39
internal_value=0.00603151 0.0176933 0.0223674 0.00189817 0.0386511 -0.0142814 0.0530287 -0.0451513 -0.0419355 -0.0418445 -0.0418893 -0.0418291 -0.0418174 -0.0418612 -0.0418622
internal_weight=14.7975 11.9035 11.1233 4.92828 6.19502 4.4372 5.28781 0.907208 2.89398 2.59453 0.66241 1.93212 1.42559 0.53397 0.506532
internal_count=928 328 309 202 107 199 65 42 600 583 127 456 356 109 100
is_linear=0
shrinkage=0.05


Tree=196
num_leaves=13
num_cat=0
split_feature=3 0 2 6 0 1 7 1 0 7 3 1
split_gain=2.08803 0.794074 1.12922 0.879442 4.37734e-07 3.73302e-08 3.39979e-08 2.3463e-08 1.55819e-08 1.25088e-08 1.93833e-08 1.58489e-08
threshold=0.90541730792825437 33659.850000000013 1556.0350000000001 91.500000000000014 42288.750000000007 28531.755000000001 1.5000000000000002 23175.180000000004 36701.350000000006 4.5000000000000009 0.87106378805084106 29465.645
decision_type=2 2 2 2 2 2 2 2 2 2 2 2
left_child=4 -2 -3 -4 5 6 7 -1 -8 11 -11 -7
right_child=1 2 3 -5 -6 9 8 -9 -10 10 -12 -13
leaf_value=-0.041777542485189757 0.055895877317103049 0.056233701295936647 0.017169682361431373 -0.046583368591500786 -0.041890106706554159 -0.041768450365414656 -0.041739875102638629 -0.041748450289879641 -0.041717023550006081 -0.04175675291507476 -0.041795123879371121 -0.04174788891750509
leaf_weight=0.093440188560634629 1.2545944601297376 0.89093229919672046 1.247376633808017 0.95514006749726821 0.056159163592383154 0.1394219163339584 0.73136710264952853 0.26832891628146172 0.083071379922330379 0.082957113860175014 0.054558080388233066 0.28590893838554621
leaf_count=32 6 8 33 36 11 54 374 128 60 38 15 133
internal_value=0.00361298 0.0223435 0.00873583 -0.0104774 -0.0417527 -0.0417483 -0.0417432 -0.041756 -0.0417375 -0.0417589 -0.041772 -0.0417546
internal_weight=6.14326 4.34804 3.09345 2.20252 1.79521 1.73905 1.17621 0.361769 0.814438 0.562846 0.137515 0.425331
internal_count=928 83 77 69 845 834 594 160 434 240 53 187
is_linear=0
shrinkage=0.05


Tree=197
num_leaves=14
num_cat=0
split_feature=3 2 2 4 4 1 7 1 8 1 3 1 4
split_gain=4.79089 1.33456 2.01769 3.48243 0.568194 8.34873e-07 5.07883e-07 3.42854e-07 2.13381e-07 2.12117e-07 1.94195e-07 1.65056e-07 1.24829e-07
threshold=0.90222567120622355 1556.0350000000001 3545.2000000000003 44810.000000000007 44735.000000000007 33780.100000000013 1.5000000000000002 27246.760000000006 2.5000000000000004 21618.745000000003 0.82598888974448947 30413.570000000003 47985.000000000007
decision_type=2 2 2 2 2 2 2 2 2 2 2 2 2
left_child=5 -2 3 4 -3 6 9 8 -8 -1 -11 -9 -7
right_child=1 2 -4 -5 -6 12 7 11 -10 10 -12 -13 -14
leaf_value=-0.041942664989650803 0.05806783684367739 0.011699479879487398 0.057185507483505808 -0.04753191259015252 0.053322012545074432 -0.0418961381952958 -0.041792941795192891 -0.041873699475784835 -0.041835545784169641 -0.041856261754012247 -0.041902391597886245 -0.041827064900207399 -0.041953595971323802
leaf_weight=0.11978503596037748 2.1036339998245221 1.7159409932792187 1.9361516050994394 2.4111901065334678 1.5702606737613678 0.16489216359332193 0.39631416741758618 0.7585927133914081 1.1372744920663533 0.656982382526621 0.34952256362885237 0.25302552501671016 0.22151456819847226
leaf_count=17 8 35 10 32 8 26 119 144 246 135 59 60 29
internal_value=0.00378464 0.0228064 0.0130891 -0.0018962 0.0315882 -0.0418592 -0.0418518 -0.0418394 -0.0418245 -0.0418798 -0.0418723 -0.041862 -0.0419291
internal_weight=13.7951 9.73718 7.63354 5.69739 3.2862 4.0579 3.6715 2.54521 1.53359 1.12629 1.0065 1.01162 0.386407
internal_count=928 93 85 75 43 835 780 569 365 211 194 204 55
is_linear=0
shrinkage=0.05


Tree=198
num_leaves=17
num_cat=0
split_feature=2 4 1 1 0 8 1 8 1 3 4 7 0 8 0 7
split_gain=13.7853 4.62846 4.9025 3.70572 3.17519 2.64162 3.00658 1.54448 2.8612 1.71338 1.5095 0.00324355 0.000792476 0.000396941 0.000178294 0.000149465
threshold=8583.1650000000027 38272.500000000007 29227.645 18512.470000000005 30366.450000000004 2.5000000000000004 25395.695000000003 2.5000000000000004 30734.530000000002 0.84067982212735481 41310.000000000007 2.5000000000000004 31854.300000000003 3.5000000000000004 32467.350000000002 4.5000000000000009
decision_type=2 2 2 2 2 2 2 2 2 2 2 2 2 2 2 2
left_child=4 3 5 -2 -1 10 -7 8 9 -6 -3 -5 -9 -14 -13 -10
right_child=1 2 -4 11 7 6 -8 12 15 -11 -12 14 13 -15 -16 -17
leaf_value=0.047743024623328606 0.010308168897833874 0.018327937785677446 -0.038863622409228672 -0.046430238626410769 -0.020708656613751882 0.025738313581902351 -0.02752826756502276 -0.04490588735489303 -0.043490761789864399 0.029131303829052463 0.047455827753117574 -0.044178138837475442 -0.043757628258222062 -0.043217366004049573 -0.043414592222387062 -0.044042406744573076
leaf_weight=1.2905668765306497 7.6107214391231519 6.2907426133751896 2.9608462750911704 1.4162020459771154 3.7489010076969862 9.1186198443174344 3.7338920161128035 0.99516684561967927 5.0569357015192509 3.1931898593902588 15.183300048112867 1.0596458949148657 5.8832737058401081 8.0541728157550097 2.7453956287354231 1.6216447893530128
leaf_count=5 39 48 13 20 38 38 23 14 111 14 117 18 123 214 63 30
internal_value=-0.00206579 0.013954 0.0228676 -0.0119472 -0.0289693 0.0281922 0.0102634 -0.0324366 -0.0202607 0.00221649 0.0389229 -0.0443875 -0.0435428 -0.0434454 -0.0436272 -0.0436247
internal_weight=79.9632 50.1194 37.2874 12.832 29.8439 34.3266 12.8525 28.5533 13.6207 6.94209 21.474 5.22124 14.9326 13.9374 3.80504 6.67858
internal_count=928 379 239 140 549 226 61 544 193 52 165 101 351 337 81 141
is_linear=0
shrinkage=0.05


Tree=199
num_leaves=13
num_cat=0
split_feature=1 4 2 4 3 4 1 4 8 2 6 3
split_gain=6.16385 3.35055 3.58808 7.26226 9.8112 4.37424 7.41354 2.28346 0.0318939 0.0186048 0.001366 0.000161012
threshold=34926.080000000009 29177.500000000004 11424.490000000003 39497.500000000007 0.62586608984288927 37329.500000000007 24920.520000000004 39052.500000000007 2.5000000000000004 5133.2650000000003 93.500000000000014 0.90222567120622355
decision_type=2 2 2 2 2 2 2 2 2 2 2 2
left_child=1 -1 5 4 -4 6 -3 -7 -5 10 11 -2
right_child=9 2 3 8 -6 7 -8 -9 -10 -11 -12 -13
leaf_value=0.052400099021149227 -0.044928494504856718 0.04586967688304168 -0.01264063567907513 -0.045621403295177984 0.09185362613561214 0.039368629691706902 -0.02084276293891937 0.0098419748503185706 -0.051244656153173973 -0.051138255018098301 -0.046275301469383412 -0.044227310322205338
leaf_weight=3.2859824225306502 1.3790048211812966 4.9886249117553261 12.228422906249763 5.3436137363314611 2.7518647760152808 7.4444225654005995 25.204947516322136 54.374642014503479 4.7746855951845646 1.6975558400154112 1.6243711337447164 2.0150627642869949
leaf_count=24 18 51 92 71 20 72 165 320 32 10 19 34
internal_value=4.56256e-06 0.00260501 0.00120783 -0.0155493 0.00655486 0.00577873 -0.00982044 0.0133977 -0.0482749 -0.0466135 -0.0450829 -0.0445122
internal_weight=127.113 120.397 117.111 25.0986 14.9803 92.0126 30.1936 61.8191 10.1183 6.71599 5.01844 3.39407
internal_count=928 847 823 215 112 608 216 392 103 81 71 52
is_linear=0
shrinkage=0.05


Tree=200
num_leaves=21
num_cat=0
split_feature=2 2 4 4 1 4 1 2 6 7 4 1 8 4 1 1 4 2 7 2
split_gain=8.29479 1.71753 5.76732 2.57075 6.0355 1.69476 3.85607 2.34896 2.21171 2.3487 2.00272 4.73399 1.29662 0.309236 0.2141 0.286503 0.00800777 0.00195744 0.000189999 1.56968e-05
threshold=7775.1550000000007 14639.925000000001 43067.500000000007 37329.500000000007 24920.520000000004 39905.000000000007 29407.655000000002 7520.2900000000009 95.500000000000014 2.5000000000000004 44735.000000000007 33864.355000000003 2.5000000000000004 43672.500000000007 28150.465000000007 28811.995000000006 44395.000000000007 15244.640000000001 2.5000000000000004 17643.950000000001
decision_type=2 2 2 2 2 2 2 2 2 2 2 2 2 2 2 2 2 2 2 2
left_child=5 3 17 4 18 7 13 8 9 -1 12 -12 -8 -7 16 -16 -5 -3 -2 -19
right_child=1 2 -4 14 -6 6 10 -9 -10 -11 11 -13 -14 -15 15 -17 -18 19 -20 -21
leaf_value=0.02623977941186344 -0.044229663481725218 -0.045824121758116287 0.065041891653934134 -0.043811637005930243 0.028854373120723066 -0.04750840361490602 0.0088216588269307613 0.056318631561498772 -0.018905731088439889 -0.01526315396370866 -0.027661813255254315 0.01487075618482394 0.048272245343266372 -0.022780808944328802 -0.014219527919112147 -0.044465116198593085 -0.046739963636459103 -0.043174401427485305 -0.043565423624894919 -0.042870284534479337
leaf_weight=19.650484457612048 1.3969640135765127 0.98641975224018041 2.2083225250244141 7.6320496611297113 5.4091659039258957 3.1553860139101735 3.9387401938438398 3.5015018731355658 4.5798055082559577 4.1243295036256304 9.3425438739359397 21.82624489068985 4.4201845824718475 2.1096856221556664 1.5105549488216632 1.6255438514053819 3.3634651284664869 0.85438237711787202 4.6939926482737064 0.8428810890763998
leaf_count=112 23 11 8 157 25 34 20 16 20 38 61 105 26 20 19 24 62 22 99 26
internal_value=8.8135e-05 -0.0219546 0.00519412 -0.0271361 -0.00958294 0.00886616 0.00259622 0.0176823 0.0129111 0.0190401 0.00795036 0.00212203 0.0296831 -0.0376002 -0.0414206 -0.0298968 -0.0447074 -0.0440528 -0.0437178 -0.0430234
internal_weight=107.173 30.5237 4.89201 25.6317 11.5001 76.6489 44.7928 31.8561 28.3546 23.7748 39.5277 31.1688 8.35892 5.26507 14.1316 3.1361 10.9955 2.68368 6.09096 1.69726
internal_count=928 476 67 409 147 452 266 186 170 150 212 166 46 54 262 43 219 59 122 48
is_linear=0
shrinkage=0.05


Tree=201
num_leaves=16
num_cat=0
split_feature=3 0 6 3 0 0 7 3 2 7 4 1 8 4 3
split_gain=3.08148 1.38879 1.36443 3.86447 2.72509 1.28119 0.642036 0.000674082 7.56029e-05 6.03341e-07 6.60992e-07 2.70138e-07 1.73586e-07 1.24702e-07 6.10404e-08
threshold=0.8246692060773978 41609.55000000001 91.500000000000014 0.82517227821759864 35128.80000000001 31644.550000000003 1.5000000000000002 0.90450263661156549 5961.6050000000005 1.5000000000000002 36520.000000000007 27246.760000000006 2.5000000000000004 40485.000000000007 0.79402141189428022
decision_type=2 2 2 2 2 2 2 2 2 2 2 2 2 2 2
left_child=8 2 4 -4 7 -5 -6 -2 -1 10 -10 12 -11 -12 -13
right_child=1 -3 3 5 6 -7 -8 -9 9 11 13 14 -14 -15 -16
leaf_value=-0.042690108517118706 -0.043732408370967958 -0.048881897910150775 0.12845036579791363 0.069891895934523648 0.06496551686562381 -0.02259620967223485 0.029442761719532553 -0.046529083861238586 -0.041983244052354082 -0.04177936100387037 -0.041806000124550768 -0.041865936143934135 -0.04182037123444865 -0.041866090734195921 -0.041828063974653572
leaf_weight=0.28949585976079228 0.47299800859763852 0.75166422640904862 0.53563217818737019 0.41357971820980299 3.1371397515758872 3.9567309461999685 2.1394782026764005 0.39572044648230076 0.12064961483702097 0.34801283944398143 0.11021733283996582 0.32206159515772004 0.9979358792770654 0.39849163149483502 0.15888067684136331
leaf_count=17 31 19 3 14 18 185 47 11 18 118 30 61 238 79 39
internal_value=0.00578338 0.0168821 0.0213551 0.00169201 0.0370525 -0.0138437 0.0505623 -0.0450064 -0.0419259 -0.0418358 -0.041878 -0.0418213 -0.0418098 -0.0418531 -0.0418534
internal_weight=14.5487 11.8029 11.0513 4.90594 6.14534 4.37031 5.27662 0.868718 2.74575 2.45625 0.629359 1.82689 1.34595 0.508709 0.480942
internal_count=928 328 309 202 107 199 65 42 600 583 127 456 356 109 100
is_linear=0
shrinkage=0.05


Tree=202
num_leaves=14
num_cat=0
split_feature=3 0 3 3 0 0 1 7 1 0 7 3 1
split_gain=1.95763 0.74913 1.03937 0.852516 0.266331 3.78457e-07 3.29373e-08 3.08282e-08 1.88242e-08 1.46395e-08 1.16532e-08 1.74836e-08 1.45897e-08
threshold=0.90541730792825437 33659.850000000013 0.95795537991178215 0.91821355705154029 33994.750000000007 42288.750000000007 28531.755000000001 1.5000000000000002 23175.180000000004 36701.350000000006 4.5000000000000009 0.87106378805084106 29465.645
decision_type=2 2 2 2 2 2 2 2 2 2 2 2 2
left_child=5 -2 3 -3 -5 6 7 8 -1 -9 12 -12 -8
right_child=1 2 -4 4 -6 -7 10 9 -10 -11 11 -13 -14
leaf_value=-0.0417718543218542 0.05468445871999307 0.041496431667047202 0.053443705074656858 -0.002104324514102683 -0.044527191973783131 -0.041879666345873826 -0.041764047769630108 -0.041736310990413278 -0.041745127095077356 -0.041713295196374754 -0.04175276386598642 -0.041790016933176466 -0.041743813599741074
leaf_weight=0.088742976076900737 1.2235612869262693 0.58349702530540604 0.9070908948779105 0.58116613328456868 1.0180488009937105 0.053449174039997049 0.13271175452973683 0.69259954988956451 0.25570128730032593 0.076745448866859078 0.079043233883567154 0.052357540233060718 0.27101431309711188
leaf_count=32 6 23 8 3 43 11 54 374 128 60 38 15 133
internal_value=0.00365305 0.0215719 0.00845929 -0.0102353 -0.0291104 -0.0417487 -0.0417445 -0.0417396 -0.041752 -0.041734 -0.0417547 -0.0417676 -0.0417505
internal_weight=6.01573 4.31336 3.0898 2.18271 1.59921 1.70237 1.64892 1.11379 0.344444 0.769345 0.535127 0.131401 0.403726
internal_count=928 83 77 69 46 845 834 594 160 434 240 53 187
is_linear=0
shrinkage=0.05


Tree=203
num_leaves=11
num_cat=0
split_feature=3 6 7 3 6 1 3 3 7 6
split_gain=4.54542 1.04192 0.960455 1.26535 0.339087 0.00502084 0.000785025 1.04756e-06 3.71792e-07 1.62463e-08
threshold=0.90927831750799637 91.500000000000014 5.5000000000000009 0.90222567120622355 93.500000000000014 37691.070000000007 0.90222567120622355 0.82321580832858132 1.5000000000000002 94.500000000000014
decision_type=2 2 2 2 2 2 2 2 2 2
left_child=2 -2 5 7 -3 6 8 9 -1 -4
right_child=1 4 3 -5 -6 -7 -8 -9 -10 -11
leaf_value=-0.041871452173535099 0.042535442445500608 0.022629122063512534 -0.041780622479472944 0.076242539709681229 -0.007910957672727776 -0.048631570805309117 -0.043746573569856895 -0.041936731248043861 -0.041836375562970762 -0.041808239675885275
leaf_weight=1.1509351541753874 4.612271483987568 1.7487803995609286 0.17962616588920344 0.42945033311843872 1.8924396792426703 0.32367104291915882 0.65049852430820454 0.22531418362632394 2.1984883253462613 0.075691059930250049
leaf_count=224 31 18 56 2 25 4 15 35 498 20
internal_value=0.00363646 0.0267508 -0.0328148 0.0138713 0.00675662 -0.0426418 -0.0421571 -0.0418582 -0.0418484 -0.0417888
internal_weight=13.4872 8.25349 5.23367 0.910082 3.64122 4.32359 3.99992 0.480631 3.34942 0.255317
internal_count=928 74 854 113 43 741 737 111 722 76
is_linear=0
shrinkage=0.05


Tree=204
num_leaves=20
num_cat=0
split_feature=2 8 1 0 6 3 0 8 0 2 2 1 7 3 3 0 2 0 4
split_gain=12.7451 4.23528 5.93002 3.38519 2.9496 1.87035 2.2215 1.63683 2.84092 1.50706 4.41499 1.41034 1.38261 1.88227 0.279547 0.0247478 0.000686694 0.000578665 0.00034997
threshold=8583.1650000000027 2.5000000000000004 29227.645 30185.950000000004 93.500000000000014 0.69630135124325088 35417.200000000004 2.5000000000000004 36568.900000000009 12921.220000000003 13489.085000000001 27796.855000000007 1.5000000000000002 0.55285166619541548 0.73827354215837071 35551.700000000004 7231.6800000000012 31864.100000000002 39715.000000000007
decision_type=2 2 2 2 2 2 2 2 2 2 2 2 2 2 2 2 2 2 2
left_child=3 2 9 -1 5 6 -3 8 11 14 -11 -5 -6 -14 -2 -7 -10 -9 -19
right_child=1 4 -4 7 12 15 -8 17 16 10 -12 -13 13 -15 -16 -17 -18 18 -20
leaf_value=0.070069167978488486 0.043633261954400981 -0.03018140354299333 -0.038010756350032704 -0.028647059889291261 0.045634579168449291 -0.044585186427972046 0.017457994093898713 -0.044550134292696796 -0.043453160954971592 -0.03970038329124212 0.046313603886183732 0.017863690114423039 0.037253319109755982 -0.011191685313696988 0.060105172570251691 -0.053076209279349265 -0.044856042082010578 -0.043137547187913586 -0.043660530916382639
leaf_weight=0.8442485928535487 10.274808421731001 4.7564650550484675 2.9156658649444571 2.4636575542390347 3.1779727786779395 2.0471017081290479 5.0401846617460251 1.1117697432637221 5.2809041235595942 2.1818823069334021 4.7174401022493839 4.8160667195916176 3.2115834057331067 5.3370693456381559 3.437517672777175 1.477499298751354 1.0448830258101223 7.4581735376268607 5.6012671831995249
leaf_count=3 83 56 13 23 15 41 21 18 121 15 51 33 13 46 16 9 18 210 123
internal_value=-0.00209712 0.0134976 0.0287313 -0.0285644 -0.000811205 -0.0169095 -0.00567187 -0.0315623 -0.019175 0.0381724 0.019112 0.00212318 0.0174762 0.00700828 0.0477626 -0.0481446 -0.0436849 -0.0434551 -0.0433619
internal_weight=77.1962 48.5752 23.5273 28.621 25.0479 13.3213 9.79665 27.7767 13.6055 20.6116 6.89932 7.27972 11.7266 8.54865 13.7123 3.5246 6.32579 14.1712 13.0594
internal_count=928 379 178 549 201 127 77 546 195 165 66 56 74 59 99 50 139 351 333
is_linear=0
shrinkage=0.05


Tree=205
num_leaves=13
num_cat=0
split_feature=1 4 2 4 3 4 1 4 2 2 6 3
split_gain=5.79001 3.14888 3.23643 6.75491 9.36212 3.92723 6.74454 2.1356 0.0263841 0.0157459 0.00117595 0.000138792
threshold=34926.080000000009 29177.500000000004 11424.490000000003 39497.500000000007 0.62586608984288927 37329.500000000007 24998.845000000005 39052.500000000007 11877.500000000002 5133.2650000000003 93.500000000000014 0.90222567120622355
decision_type=2 2 2 2 2 2 2 2 2 2 2 2
left_child=1 -1 5 4 -4 6 -3 -7 -5 10 11 -2
right_child=9 2 3 8 -6 7 -8 -9 -10 -11 -12 -13
leaf_value=0.051955167292249964 -0.044752760102099803 0.037956626936135066 -0.012327516151937647 -0.052389705552428945 0.092328661396330169 0.038424338241342476 -0.021595427458371522 0.0093298190205250344 -0.046366470602045906 -0.05059252616697002 -0.046033185983503914 -0.044084818624302947
leaf_weight=3.1297958791255942 1.3138892911374562 5.9650622978806522 12.106116410344841 2.4471528194844705 2.5949473977088919 7.1515259444713584 23.426308780908585 53.423493165522814 7.0730846412479877 1.631483122706413 1.5512091368436811 1.9058455955237148
leaf_count=24 18 56 92 17 20 72 160 320 86 10 19 34
internal_value=-5.0365e-05 0.00247649 0.00112032 -0.0151028 0.00614579 0.00548801 -0.00950917 0.0127647 -0.0479147 -0.0463523 -0.0449023 -0.0443574
internal_weight=123.72 117.317 114.188 24.2213 14.7011 89.9664 29.3914 60.575 9.52024 6.40243 4.77094 3.21973
internal_count=928 847 823 215 112 608 216 392 103 81 71 52
is_linear=0
shrinkage=0.05


Tree=206
num_leaves=22
num_cat=0
split_feature=2 3 5 2 8 0 2 2 4 4 1 3 6 8 3 1 3 2 4 3 4
split_gain=7.54464 1.70769 4.30133 4.27693 2.51333 6.66479 2.17779 1.66426 5.45586 2.46092 6.41172 1.37664 1.2756 1.94557 1.22019 0.942873 0.50139 1.21396 0.00777419 0.00174706 4.12862e-05
threshold=7775.1550000000007 0.90111981517108009 22.500000000000004 5838.1200000000008 1.5000000000000002 37480.450000000004 3373.5200000000004 14639.925000000001 43067.500000000007 35865.000000000007 24998.845000000005 0.83291588655462201 90.500000000000014 2.5000000000000004 0.7401834177423281 29136.820000000003 0.76436606299207932 7951.795000000001 37329.500000000007 0.55802998040349172 38272.500000000007
decision_type=2 2 2 2 2 2 2 2 2 2 2 2 2 2 2 2 2 2 2 2 2
left_child=1 2 4 11 -1 -6 12 9 19 10 14 -4 -3 -14 -2 -5 18 -18 -11 20 -9
right_child=7 6 3 15 5 -7 -8 8 -10 16 -12 -13 13 -15 -16 -17 17 -19 -20 -21 -22
leaf_value=0.056111444799583292 -0.045891922263775052 -0.014093725840997901 0.042808307642115996 -0.01318122809569827 0.030675630201773448 -0.045709679719677807 -0.035212159754540062 -0.043316458113958158 0.063845980568085436 -0.047946090458408683 0.054302255964942869 0.0073917565975426362 0.040248989910796507 -0.0034358515874896231 0.011707655936808991 -0.043078890922692396 -0.0471369314841645 0.0065538322025998214 -0.044074944690948865 -0.045811792718173955 -0.042817763666082607
leaf_weight=5.7815878018736866 5.0054143983870798 5.855855464935309 3.5496511161327389 6.4859761726111156 18.848642725497488 3.3655597008764735 4.3566718176007262 0.69683399423956816 2.1744993925094604 1.5006319731473912 2.9593677222728729 12.085342820733784 4.420551732182501 6.0191773176193237 1.126354321837425 4.4437995068728924 2.4979455359280101 1.8197593316435812 9.5541165824979526 0.82996529713273037 1.0262462571263311
leaf_count=30 99 27 14 47 123 19 19 17 8 20 14 83 21 32 12 37 27 18 219 9 33
internal_value=6.15829e-05 0.00843515 0.0130704 -0.00134165 0.0267458 0.0191029 -0.00381057 -0.0215134 0.00564456 -0.0267617 -0.00614013 0.0154325 0.00458473 0.0150619 -0.0353114 -0.0253369 -0.0389571 -0.0245082 -0.0446004 -0.0439272 -0.0430194
internal_weight=104.404 75.2128 54.5606 26.5648 27.9958 22.2142 20.6523 29.1911 4.72754 24.4636 9.09114 15.635 16.2956 10.4397 6.13177 10.9298 15.3725 4.3177 11.0547 2.55305 1.72308
internal_count=928 452 353 181 172 142 99 476 67 409 125 97 80 53 111 84 284 45 239 59 50
is_linear=0
shrinkage=0.05


Tree=207
num_leaves=16
num_cat=0
split_feature=3 0 6 3 0 0 0 7 2 7 4 1 8 4 3
split_gain=2.91625 1.30287 1.27977 3.39809 1.13454 0.886763 1.49957 0.698809 6.78395e-05 5.15799e-07 5.23003e-07 2.65228e-07 1.45369e-07 1.17144e-07 5.53769e-08
threshold=0.8246692060773978 41609.55000000001 91.500000000000014 0.82517227821759864 31644.550000000003 35344.700000000004 34999.55000000001 2.5000000000000004 5961.6050000000005 1.5000000000000002 36520.000000000007 27246.760000000006 2.5000000000000004 40485.000000000007 0.79402141189428022
decision_type=2 2 2 2 2 2 2 2 2 2 2 2 2 2 2
left_child=8 2 5 -4 -5 6 -2 -7 -1 10 -10 12 -11 -12 -13
right_child=1 -3 3 4 -6 7 -8 -9 9 11 13 14 -14 -15 -16
leaf_value=-0.042654350970258451 -0.044987087516336427 -0.048552258168242546 0.11736954031598626 0.063385676575034161 -0.021875243122482416 0.059594048104322561 0.059321561401588244 0.01798863005692972 -0.041964366654282124 -0.041772517686032629 -0.041797396160713575 -0.041857978084621938 -0.041811349191199026 -0.041857454390362342 -0.04182099755817606
leaf_weight=0.2775350450538111 0.77733816066756467 0.7176534831523903 0.56293460354208935 0.43397501669824112 3.865860681515187 3.2377930460497737 0.61888489685952663 1.4663140398915855 0.11236139852553639 0.32449266081675865 0.10334293032065034 0.30696547927800555 0.93685792176984251 0.37880629254505038 0.15104591427370906
leaf_count=17 39 19 3 14 185 23 5 40 18 118 30 61 238 79 39
internal_value=0.00606926 0.0167149 0.0209873 0.00185337 -0.01327 0.0362395 0.0012484 0.0466253 -0.0419157 -0.0418271 -0.0418672 -0.0418132 -0.0418014 -0.0418446 -0.0418458
internal_weight=14.2722 11.6808 10.9631 4.86277 4.29984 6.10033 1.39622 4.70411 2.59141 2.31387 0.594511 1.71936 1.26135 0.482149 0.458011
internal_count=928 328 309 202 199 107 44 63 600 583 127 456 356 109 100
is_linear=0
shrinkage=0.05


Tree=208
num_leaves=13
num_cat=0
split_feature=3 0 3 6 0 1 7 1 0 7 3 1
split_gain=1.85386 0.702502 0.937705 0.846784 3.36086e-07 3.08037e-08 2.75552e-08 1.49162e-08 1.31604e-08 9.25677e-09 1.37749e-08 1.32502e-08
threshold=0.90541730792825437 33659.850000000013 0.95795537991178215 91.500000000000014 42288.750000000007 28531.755000000001 1.5000000000000002 23175.180000000004 36701.350000000006 4.5000000000000009 0.87106378805084106 29465.645
decision_type=2 2 2 2 2 2 2 2 2 2 2 2
left_child=4 -2 3 -3 5 6 7 -1 -8 11 -11 -7
right_child=1 2 -4 -5 -6 9 8 -9 -10 10 -12 -13
leaf_value=-0.041766090594708059 0.053695200620146835 0.017217190021887523 0.050637253529956738 -0.046340589049102474 -0.041870764566054784 -0.041760199276005799 -0.041732597827989014 -0.041741600087619936 -0.041709925923116946 -0.041749183364276549 -0.041783143506628276 -0.041740449371374291
leaf_weight=0.083617955446243064 1.1975053139030931 1.2437013948801912 0.92530378699302662 0.90567250386811782 0.051307819550856837 0.12664871523156751 0.65273688989691436 0.24242525093723089 0.07096679974347353 0.075437100254930556 0.049422799842432141 0.25777973351068795
leaf_count=32 6 33 8 36 11 54 374 128 60 38 15 133
internal_value=0.00397367 0.0212067 0.00855325 -0.00956388 -0.0417449 -0.0417407 -0.0417358 -0.0417479 -0.0417304 -0.0417508 -0.0417626 -0.041747
internal_weight=5.88253 4.27218 3.07468 2.14937 1.61034 1.55904 1.04975 0.326043 0.723704 0.509288 0.12486 0.384428
internal_count=928 83 77 69 845 834 594 160 434 240 53 187
is_linear=0
shrinkage=0.05


Tree=209
num_leaves=11
num_cat=0
split_feature=3 6 7 3 0 1 3 3 7 6
split_gain=4.24624 0.941804 0.929331 1.18161 0.320703 0.00436313 0.000657779 9.10493e-07 3.31404e-07 1.38751e-08
threshold=0.90927831750799637 91.500000000000014 5.5000000000000009 0.90222567120622355 36389.650000000009 37691.070000000007 0.90222567120622355 0.82321580832858132 1.5000000000000002 94.500000000000014
decision_type=2 2 2 2 2 2 2 2 2 2
left_child=2 -2 5 7 -3 6 8 9 -1 -4
right_child=1 4 3 -5 -6 -7 -8 -9 -10 -11
leaf_value=-0.041862123568411236 0.040803878917770972 -0.010607236717072711 -0.041773741718459961 0.074392095007111345 0.019521702569279646 -0.048284748405444271 -0.043627322557788069 -0.041923424862214682 -0.0418281018856397 -0.041800075901780503
leaf_weight=1.0921878011431561 4.6384349018335325 1.5314308647066357 0.16866262513212849 0.42185762524604797 2.0867188619449735 0.31168241333216418 0.61445891484618176 0.21403962303884327 2.0769988624379039 0.071107079973444343
leaf_count=224 31 21 56 2 22 4 15 35 498 20
internal_value=0.00390812 0.0258894 -0.0326018 0.0141511 0.00676922 -0.0425985 -0.0421301 -0.0418485 -0.0418398 -0.0417816
internal_weight=13.2276 8.25658 4.97099 0.875667 3.61815 4.09533 3.78365 0.453809 3.16919 0.23977
internal_count=928 74 854 113 43 741 737 111 722 76
is_linear=0
shrinkage=0.05


Tree=210
num_leaves=18
num_cat=0
split_feature=2 8 1 0 1 4 1 7 8 1 5 4 1 3 0 8 7
split_gain=11.6901 3.89535 5.58663 2.90357 2.80384 2.62819 3.27672 1.76842 1.5485 2.74698 1.66614 1.48312 3.04468 0.288704 0.000646169 0.000314954 0.000124463
threshold=8583.1650000000027 2.5000000000000004 29227.645 30366.450000000004 25664.665000000001 39497.500000000007 18512.470000000005 1.5000000000000002 2.5000000000000004 30734.530000000002 22.500000000000004 41310.000000000007 19472.155000000002 0.73827354215837071 31854.300000000003 3.5000000000000004 4.5000000000000009
decision_type=2 2 2 2 2 2 2 2 2 2 2 2 2 2 2 2 2
left_child=3 2 11 -1 5 6 -3 -7 9 10 -5 12 -2 -13 -10 -16 -11
right_child=1 4 -4 8 -6 7 -8 -9 14 16 -12 13 -14 -15 15 -17 -18
leaf_value=0.046120723275740516 0.046841237211975591 0.009607075614719322 -0.037221407708398067 -0.022202544619382564 -0.049826034140009919 0.046715787600494885 -0.044292927184580458 0.0042107439078752206 -0.044641560140987024 -0.043316548475803511 0.027552912176981921 0.042336159633544555 -0.025641994208608871 0.05920084428035699 -0.043564014950173632 -0.04305719881575365 -0.043842823237069194
leaf_weight=1.2618272453546548 3.4700031429529252 7.5134136825799995 2.8692455589771262 3.3320178221911192 2.6052994541823855 4.6279491633176786 4.5135961920022964 5.1927807629108429 0.926448695361615 4.5918275061994791 3.3988727387040854 10.480300694704054 2.4872786551713943 3.3484639525413504 5.3413324579596502 7.1940967505797744 1.4873566702008245
leaf_count=5 36 39 13 23 22 19 97 24 14 111 29 101 12 16 123 214 30
internal_value=-0.00208525 0.0130424 0.0279798 -0.0279675 -0.000796892 0.00504974 -0.010621 0.0242409 -0.0315259 -0.019082 0.00292228 0.0374349 0.0165781 0.0464197 -0.0433673 -0.0432732 -0.0434453
internal_weight=74.6421 47.1083 22.6553 27.5338 24.453 21.8477 12.027 9.82073 26.272 12.8101 6.73089 19.786 5.95728 13.8288 13.4619 12.5354 6.07918
internal_count=928 379 178 549 201 179 136 43 544 193 52 165 48 117 351 337 141
is_linear=0
shrinkage=0.05


Tree=211
num_leaves=10
num_cat=0
split_feature=1 4 1 2 7 4 2 6 3
split_gain=5.3845 2.91481 3.04422 2.56463 3.52375 2.30452 0.011657 0.000976224 0.000125215
threshold=34926.080000000009 29177.500000000004 16951.125000000004 4839.4500000000007 5.5000000000000009 37852.500000000007 5133.2650000000003 93.500000000000014 0.90222567120622355
decision_type=2 2 2 2 2 2 2 2 2
left_child=1 -1 -3 5 -5 -4 7 8 -2
right_child=6 2 3 4 -6 -7 -8 -9 -10
leaf_value=0.05127253900261132 -0.044597753460332568 -0.053545384454693527 -0.046643355865406085 0.0020754827287325574 0.034948763321587077 -0.0028094208277028043 -0.049775040730799108 -0.045776089358330732 -0.043945578721674677
leaf_weight=2.9692900218069544 1.2423803694546216 2.493645016103982 4.6633549891412249 86.999783067032695 8.9946988821029645 8.398731015622614 1.5267811417579649 1.4813465029001234 1.8056393358856437
leaf_count=24 18 32 59 571 83 78 10 19 34
internal_value=-5.00364e-05 0.00237977 0.00107832 0.00232732 0.00515571 -0.0184588 -0.0459967 -0.0447231 -0.0442114
internal_weight=120.576 114.52 111.55 109.057 95.9945 13.0621 6.05615 4.52937 3.04802
internal_count=928 847 823 791 654 137 81 71 52
is_linear=0
shrinkage=0.05


Tree=212
num_leaves=19
num_cat=0
split_feature=2 6 3 1 4 0 2 4 4 1 1 4 1 1 4 3 7 4
split_gain=6.8509 1.62599 2.44543 3.12241 5.25811 1.77339 1.59882 5.09896 2.37 5.16172 1.24365 1.1659 0.223246 0.303243 0.00617571 0.00147068 0.000106995 4.22887e-05
threshold=7775.1550000000007 95.500000000000014 0.90222567120622355 34579.660000000003 44860.000000000007 40285.55000000001 14639.925000000001 43067.500000000007 37329.500000000007 24920.520000000004 31227.965000000004 44810.000000000007 28150.465000000007 28811.995000000006 44395.000000000007 0.55802998040349172 2.5000000000000004 38272.500000000007
decision_type=2 2 2 2 2 2 2 2 2 2 2 2 2 2 2 2 2 2
left_child=1 2 3 4 -1 11 8 15 9 16 -3 -4 14 -14 -10 17 -2 -8
right_child=6 10 5 -5 -6 -7 7 -9 12 -11 -12 -13 13 -15 -16 -17 -18 -19
leaf_value=0.022395316901242787 -0.043867992553971016 -0.025701223601465723 -0.0097315489319529727 0.050606318141704479 -0.018362420480866001 -0.032601225000351557 -0.043241654313258278 0.062438368144397682 -0.043609179901304612 0.026565083049437034 0.011331602030540015 0.020561593706281345 -0.012200477097844246 -0.044287484339678079 -0.046321630311786877 -0.045571704339981173 -0.043331836892946583 -0.042722703964154451
leaf_weight=30.599810548126698 1.2022805176675371 5.8176798820495588 6.9318593889474887 5.9474099054932585 10.673285510390995 4.4155570417642585 0.67120658606290751 2.1289003193378448 6.8125098254531604 5.211061105132103 3.7145686894655228 5.8624536842107773 1.426698932424187 1.5216760635375974 3.0326139945536852 0.78870972804725159 4.1164251323789358 0.94563598185777664
leaf_count=211 23 35 38 39 65 18 17 8 157 25 19 27 19 24 62 9 99 33
internal_value=4.41799e-05 0.00800382 0.0108553 0.016736 0.0118553 -0.00528005 -0.0210888 0.00607747 -0.0263704 -0.00880187 -0.0112701 0.004149 -0.0408302 -0.0287608 -0.0444447 -0.0438016 -0.043453 -0.0429381
internal_weight=101.82 73.9626 64.4304 47.2205 41.2731 17.2099 27.8577 4.53445 23.3233 10.5298 9.53225 12.7943 12.7935 2.94837 9.84512 2.40555 5.31871 1.61684
internal_count=928 452 398 315 276 83 476 67 409 147 54 65 262 43 219 59 122 50
is_linear=0
shrinkage=0.05


Tree=213
num_leaves=16
num_cat=0
split_feature=3 0 6 3 0 0 0 3 2 7 4 1 8 4 3
split_gain=2.73867 1.22675 1.17248 2.93113 2.32512 1.01585 0.617087 0.000523588 5.98756e-05 4.32918e-07 4.01418e-07 2.55382e-07 1.27968e-07 1.03829e-07 5.15796e-08
threshold=0.8246692060773978 41609.55000000001 91.500000000000014 0.82517227821759864 35128.80000000001 31644.550000000003 36243.350000000013 0.90450263661156549 5961.6050000000005 1.5000000000000002 36520.000000000007 27246.760000000006 2.5000000000000004 40485.000000000007 0.79402141189428022
decision_type=2 2 2 2 2 2 2 2 2 2 2 2 2 2 2
left_child=8 2 4 -4 7 -5 -6 -2 -1 10 -10 12 -11 -12 -13
right_child=1 -3 3 5 6 -7 -8 -9 9 11 13 14 -14 -15 -16
leaf_value=-0.042612263009137286 -0.043488696004426348 -0.048388132735988493 0.10625334723820389 0.058276020579658742 0.07160476416627691 -0.021083328232542387 0.035133254176840038 -0.046063944913279531 -0.041945251289444506 -0.041765476374867369 -0.041790743062139556 -0.041850373354247725 -0.041803211172257736 -0.041848859135867909 -0.041813794590048949
leaf_weight=0.2668341195676488 0.42796606244518987 0.68884481396526176 0.591411743313074 0.45152877923101176 1.7263224720954893 3.7714008842594922 3.5340627708937973 0.3663173159584403 0.10404091188684139 0.30158958164975025 0.097737542586401105 0.29288065480068315 0.88099442212842405 0.35968237812630832 0.14363948930986226
leaf_count=17 31 19 3 14 6 185 59 11 18 118 30 61 238 79 39
internal_value=0.00614331 0.0163177 0.0204186 0.00200216 0.0350623 -0.012598 0.0471023 -0.0446764 -0.0419053 -0.0418188 -0.0418566 -0.0418057 -0.0417936 -0.0418364 -0.0418383
internal_weight=14.0053 11.5579 10.869 4.81434 6.05467 4.22293 5.26039 0.794283 2.4474 2.18056 0.561461 1.6191 1.18258 0.45742 0.43652
internal_count=928 328 309 202 107 199 65 42 600 583 127 456 356 109 100
is_linear=0
shrinkage=0.05


Tree=214
num_leaves=12
num_cat=0
split_feature=3 0 3 0 1 7 3 3 7 3 1
split_gain=1.72421 0.682099 1.31843 2.62372e-07 2.8229e-08 2.41513e-08 1.17506e-08 1.1537e-08 8.32416e-09 1.18148e-08 1.16293e-08
threshold=0.90541730792825437 36066.750000000007 0.91821355705154029 42288.750000000007 28531.755000000001 1.5000000000000002 0.6343101608008862 0.76131834530086262 4.5000000000000009 0.87106378805084106 29465.645
decision_type=2 2 2 2 2 2 2 2 2 2 2
left_child=3 -2 -3 4 5 6 -1 -7 10 -10 -6
right_child=1 2 -4 -5 8 7 -8 -9 9 -11 -12
leaf_value=-0.041763294725638313 0.034349313165243853 0.058441319138805542 -0.043658572218774089 -0.041856041508697643 -0.041755935032069487 -0.041723027649416898 -0.041738928394430649 -0.041737745460809099 -0.041745688712203355 -0.041777900707557096 -0.041736956413540943
leaf_weight=0.061886213021352665 2.8439125651493669 0.48359240638092138 0.91340907150879502 0.047833069576881715 0.12029918725602329 0.49926772090839222 0.24679139954969287 0.18157807621173561 0.072014352539554238 0.047073807567358017 0.24531354673672467
leaf_count=25 31 15 37 11 54 335 135 99 38 15 133
internal_value=0.00391086 0.0202952 -0.00831521 -0.0417408 -0.0417371 -0.0417322 -0.0417438 -0.041727 -0.0417469 -0.0417584 -0.0417432
internal_weight=5.76297 4.24091 1.397 1.52206 1.47422 0.989523 0.308678 0.680846 0.484701 0.119088 0.365613
internal_count=928 83 52 845 834 594 160 434 240 53 187
is_linear=0
shrinkage=0.05


Tree=215
num_leaves=8
num_cat=0
split_feature=3 0 1 0 3 3 7
split_gain=4.11156 3.61472 1.24894 4.56083 2.41552 0.000186802 3.34305e-07
threshold=0.96140633523142494 42288.750000000007 31667.355 34631.80000000001 0.91161798630830648 0.90292046884602162 1.5000000000000002
decision_type=2 2 2 2 2 2 2
left_child=1 2 5 -4 -5 6 -1
right_child=-2 -3 3 4 -6 -7 -8
leaf_value=-0.041851222871183036 0.074944790116119306 0.072488872170685767 0.13878162171696634 0.015876516329472134 -0.047208419155374208 -0.042896918961978413 -0.041814886830897749
leaf_weight=0.92316526919603248 1.7538522779941565 1.2588844681158651 0.5109101217240094 2.9329743764828891 3.1439342880621552 0.47305591218173493 2.0139631939819083
leaf_count=202 6 15 3 108 44 16 534
internal_value=0.0037358 -0.00735875 -0.0174126 -0.00469804 -0.0167609 -0.0419748 -0.0418263
internal_weight=13.0107 11.2569 9.998 6.58782 6.07691 3.41018 2.93713
internal_count=928 922 907 155 152 752 736
is_linear=0
shrinkage=0.05


Tree=216
num_leaves=18
num_cat=0
split_feature=2 8 1 0 1 4 1 8 1 7 5 4 1 3 0 4 7
split_gain=10.8499 3.56794 5.25955 2.76393 2.69084 2.44132 3.1337 1.57381 2.6695 1.55018 1.52583 1.48185 2.87209 0.264028 0.0005948 0.000285031 0.000103365
threshold=8583.1650000000027 2.5000000000000004 29227.645 30366.450000000004 25664.665000000001 39497.500000000007 18512.470000000005 2.5000000000000004 30734.530000000002 1.5000000000000002 22.500000000000004 41310.000000000007 19472.155000000002 0.73827354215837071 31854.300000000003 39715.000000000007 4.5000000000000009
decision_type=2 2 2 2 2 2 2 2 2 2 2 2 2 2 2 2 2
left_child=3 2 11 -1 5 6 -3 8 10 -7 -5 12 -2 -13 -9 -16 -10
right_child=1 4 -4 7 -6 9 -8 14 16 -11 -12 13 -14 -15 15 -17 -18
leaf_value=0.045106497266033579 0.046551916315068519 0.0094276507059882306 -0.036214450598225326 -0.021207733725350088 -0.049495832815253389 0.044779660134953672 -0.044191654903109528 -0.044541438627391211 -0.043226552053940548 0.0047758315434912584 0.026419235768812208 0.041901506038568896 -0.024608234679488181 0.05828496431160958 -0.042991172453328369 -0.043484858949614374 -0.043719533475275602
leaf_weight=1.2518465071916605 3.2563236802816453 7.4389556199312263 2.8378903344273558 3.3053352925926465 2.5189766436815253 4.5890931487083417 4.3000686019659042 0.89070290327072044 4.3544150497764349 5.1274785399436951 3.4233870580792427 10.072817418724297 2.5116641372442245 3.2533679008483878 6.8441583048552257 5.104002982378006 1.4068101886659858
leaf_count=5 36 39 13 23 22 19 97 14 111 24 29 101 12 16 214 123 30
internal_value=-0.0019958 0.0127238 0.0272978 -0.0274176 -0.000608483 0.0051311 -0.0102134 -0.0310021 -0.0183657 0.0236695 0.00302355 0.0367373 0.0155653 0.0459013 -0.043295 -0.0432021 -0.0433469
internal_weight=72.4873 45.9066 21.9321 26.5807 23.9746 21.4556 11.739 25.3288 12.4899 9.71657 6.72872 19.0942 5.76799 13.3262 12.8389 11.9482 5.76123
internal_count=928 379 178 549 201 179 136 544 193 43 52 165 48 117 351 337 141
is_linear=0
shrinkage=0.05


Tree=217
num_leaves=13
num_cat=0
split_feature=1 4 2 4 3 4 1 2 2 2 6 4
split_gain=4.9956 2.74125 2.8756 6.22294 8.19736 3.61028 7.53987 4.21445 0.0203353 0.00872815 0.000857474 0.000100829
threshold=34926.080000000009 29177.500000000004 11424.490000000003 39497.500000000007 0.62034867363898505 35555.000000000007 24998.845000000005 4839.4500000000007 11877.500000000002 5133.2650000000003 93.500000000000014 48055.000000000007
decision_type=2 2 2 2 2 2 2 2 2 2 2 2
left_child=1 -1 5 4 -4 6 -3 -7 -5 10 11 -2
right_child=9 2 3 8 -6 7 -8 -9 -10 -11 -12 -13
leaf_value=0.050888108725843074 -0.043779376252925224 0.033039073430847908 -0.014472951700907011 -0.05157013803644879 0.077222208293368746 -0.017332764848848166 -0.053342994241025489 0.014319436688485565 -0.046117477918797695 -0.049063582450699007 -0.045566091774749733 -0.044372594150489622
leaf_weight=2.8268513642251483 1.5296808294951909 3.9837044626474363 10.951507028192283 2.3140879385173303 3.1351238489150992 12.615800166502593 6.9042115285992622 63.200686309486628 6.5491953287273645 1.4298302456736562 1.3995421454310415 1.3471092060208318
leaf_count=24 30 40 89 17 23 136 40 392 86 10 19 22
internal_value=-4.16786e-05 0.00227364 0.00102037 -0.0147177 0.00593474 0.0051861 -0.0217373 0.00905254 -0.0475411 -0.0456817 -0.044551 -0.0440572
internal_weight=118.187 112.481 109.654 22.9499 14.0866 86.7044 10.8879 75.8165 8.86328 5.70616 4.27633 2.87679
internal_count=928 847 823 215 112 608 80 528 103 81 71 52
is_linear=0
shrinkage=0.05


Tree=218
num_leaves=20
num_cat=0
split_feature=2 2 4 4 1 6 7 4 3 4 1 3 3 1 3 2 4 3 4
split_gain=6.25907 1.57223 4.74932 2.3008 5.65901 1.54866 2.30649 2.329 3.49939 2.06321 3.6608 3.0397 1.22879 1.13404 0.524895 1.1913 0.00846084 0.00114627 3.73383e-05
threshold=7775.1550000000007 14639.925000000001 43067.500000000007 35865.000000000007 24998.845000000005 95.500000000000014 4.5000000000000009 48015.000000000007 0.92314693386777191 44860.000000000007 33864.355000000003 0.90675662079582853 0.7401834177423281 31227.965000000004 0.76436606299207932 7951.795000000001 37329.500000000007 0.55802998040349172 38272.500000000007
decision_type=2 2 2 2 2 2 2 2 2 2 2 2 2 2 2 2 2 2 2
left_child=5 3 17 4 12 6 9 8 -8 11 -11 -1 -2 -7 16 -16 -5 18 -3
right_child=1 2 -4 14 -6 13 7 -9 -10 10 -12 -13 -14 -15 15 -17 -18 -19 -20
leaf_value=0.028081272680075004 -0.045789334774550446 -0.043141690264634408 0.061243743649579845 -0.048037440094097529 0.053013128472641474 -0.025147075673592187 -0.046756928576270042 0.033805036951543806 0.013105889083939623 -0.02592626223982121 0.019288962621518073 -0.022972198118259495 0.013330968690668622 0.010401794317678346 -0.046837923764008874 0.0074495750762864537 -0.043873987439519667 -0.045257985997380692 -0.042636525823517256
leaf_weight=28.684084020555023 4.4940961226820999 0.6301045045256608 2.0854085981845856 1.4225677773356427 2.7857653200626373 5.7576621286571008 5.4409307688474637 2.5381943471729747 4.4281437247991562 7.2275465242564705 11.761224299669264 3.2454239502549163 1.0925913676619528 3.6756690852344036 2.3254770189523688 1.7872176505625246 8.5796297024935466 0.7351325899362563 0.87199829146265984
leaf_count=178 99 17 8 20 14 35 63 14 17 42 67 17 12 19 27 18 219 9 33
internal_value=-5.25121e-06 -0.020657 0.00695983 -0.0259657 -0.0051997 0.00760446 0.0104199 -0.00891112 -0.0198971 0.0151303 0.00207905 0.022892 -0.0342271 -0.0112956 -0.0382834 -0.0232467 -0.0444661 -0.0436402 -0.0428484
internal_weight=99.5689 26.81 4.32264 22.4873 8.37245 72.7589 63.3255 12.4073 9.86907 50.9183 18.9888 31.9295 5.58669 9.43333 14.1149 4.11269 10.0022 2.23724 1.5021
internal_count=928 476 67 409 125 452 398 94 80 304 109 195 111 54 284 45 239 59 50
is_linear=0
shrinkage=0.05


Tree=219
num_leaves=14
num_cat=0
split_feature=2 2 3 3 0 3 6 2 1 2 1 8 7
split_gain=2.5668 1.18598 1.18253 2.01048 1.50953 1.28527 1.78584 0.204717 8.93924e-06 1.22693e-06 4.41948e-07 2.42873e-07 1.01661e-07
threshold=6031.4000000000005 6020.3900000000003 0.90292046884602162 0.82517227821759864 31644.550000000003 0.92314693386777191 90.500000000000014 3200.8400000000006 34388.455000000009 6155.1400000000003 27246.760000000006 2.5000000000000004 2.5000000000000004
decision_type=2 2 2 2 2 2 2 2 2 2 2 2 2
left_child=1 2 3 -1 -5 7 -7 -4 9 -2 11 -11 -12
right_child=8 -3 5 4 -6 6 -8 -9 -10 10 12 -13 -14
leaf_value=0.056083465241884706 -0.042019237563799203 0.064600426693191021 0.06007462460547397 0.052999823711781337 -0.044231942320531785 0.030805798176262916 -0.046290629900266403 0.034345661362852671 -0.042231510962700614 -0.041764286126421739 -0.041869576152501503 -0.041810422092115454 -0.041830504666524659
leaf_weight=0.8765000936109536 0.075078038964422222 1.1198674598708755 1.5104532074183228 0.46983424387872252 2.6542837987653911 1.9894263707101347 1.2067452059127388 1.5837785387411711 0.14087534556165326 0.39445259037893299 0.28073951683472831 1.0304832156980408 0.40907924994826317
leaf_count=23 16 5 13 14 178 12 38 27 13 158 59 273 99
internal_value=0.00596941 0.0157357 0.0104183 -0.0108348 -0.0296093 0.023935 0.0016973 0.0469053 -0.0418454 -0.0418206 -0.0418136 -0.0417977 -0.0418464
internal_weight=13.7416 11.4109 10.291 4.00062 3.12412 6.2904 3.19617 3.09423 2.33071 2.18983 2.11475 1.42494 0.689819
internal_count=928 310 305 215 192 90 50 40 618 605 589 431 158
is_linear=0
shrinkage=0.05


Tree=220
num_leaves=14
num_cat=0
split_feature=3 0 3 2 0 0 1 7 8 4 6 8 0
split_gain=1.61161 0.635384 0.914273 0.795315 0.39328 2.05584e-07 2.49398e-08 2.30756e-08 1.71462e-08 1.06181e-08 2.20505e-08 1.04398e-08 1.02864e-08
threshold=0.90541730792825437 33659.850000000013 0.95795537991178215 3276.9450000000002 33756.850000000013 42288.750000000007 26763.460000000003 1.5000000000000002 2.5000000000000004 39715.000000000007 95.500000000000014 2.5000000000000004 35992.000000000007
decision_type=2 2 2 2 2 2 2 2 2 2 2 2 2
left_child=5 -2 3 4 -3 6 7 8 -1 10 -8 -9 -11
right_child=1 2 -4 -5 -6 -7 9 11 -10 12 -12 -13 -14
leaf_value=-0.041723308230398035 0.051517951301070598 0.011393369872124052 0.049397648166106568 0.038855812254137055 -0.04473994566612291 -0.041842850985312534 -0.041723269620127137 -0.041708811922994568 -0.041758576675072115 -0.041754287385705795 -0.041763855791583093 -0.041725658253995351 -0.041739225932603728
leaf_weight=0.057775340450461732 1.1324921883642671 0.4329690486192711 0.92002763226628292 0.59708459023386229 1.1171263041906057 0.044642774155363329 0.17986916081281379 0.12125526712043211 0.085402112687006593 0.16373049991670996 0.041115756845101714 0.38070900505408645 0.36850940872682258
leaf_count=40 6 2 8 18 49 11 125 112 34 71 15 237 200
internal_value=0.00384863 0.0195118 0.00769436 -0.0101747 -0.0290609 -0.0417372 -0.0417339 -0.0417266 -0.0417443 -0.04174 -0.0417308 -0.0417216 -0.0417439
internal_weight=5.64271 4.1997 3.06721 2.14718 1.5501 1.44301 1.39837 0.645142 0.143177 0.753225 0.220985 0.501964 0.53224
internal_count=928 83 77 69 51 845 834 423 74 411 140 349 271
is_linear=0
shrinkage=0.05


Tree=221
num_leaves=8
num_cat=0
split_feature=3 0 1 0 3 3 7
split_gain=3.84139 3.27849 1.20301 3.90554 2.27097 0.000164254 2.90283e-07
threshold=0.96140633523142494 42288.750000000007 31667.355 34631.80000000001 0.91161798630830648 0.90292046884602162 1.5000000000000002
decision_type=2 2 2 2 2 2 2
left_child=1 2 5 -4 -5 6 -1
right_child=-2 -3 3 4 -6 -7 -8
leaf_value=-0.041843124345163796 0.072740472125304365 0.068810650853767724 0.12309483207043243 0.014937376926776665 -0.046917729337190739 -0.042844718319058998 -0.041808389951604338
leaf_weight=0.87814129982143541 1.7368854880332953 1.2538792081177224 0.54770349338650692 2.9247124502435327 3.0121248727664351 0.45418748818337906 1.9094279378186909
leaf_count=202 6 15 3 108 44 16 534
internal_value=0.00364654 -0.007283 -0.0170927 -0.00465955 -0.0164455 -0.041963 -0.0418193
internal_weight=12.7171 10.9802 9.7263 6.48454 5.93684 3.24176 2.78757
internal_count=928 922 907 155 152 752 736
is_linear=0
shrinkage=0.05


Tree=222
num_leaves=20
num_cat=0
split_feature=2 6 8 0 8 2 1 8 0 7 2 6 6 3 1 2 0 4 4
split_gain=10.042 3.46527 2.90559 2.60641 1.84624 2.21887 2.08772 1.56748 2.57268 1.19162 2.49042 1.18081 0.557762 0.0276692 0.00713333 0.000600434 0.000584752 0.000243032 3.9556e-05
threshold=8583.1650000000027 91.500000000000014 2.5000000000000004 30366.450000000004 3.5000000000000004 11233.210000000001 25357.135000000006 2.5000000000000004 36568.900000000009 1.0000000180025095e-35 11487.635 93.500000000000014 92.500000000000014 0.73656557558522262 18512.470000000005 7276.4000000000005 31754.250000000004 39715.000000000007 33235.000000000007
decision_type=2 2 2 2 2 2 2 2 2 2 2 2 2 2 2 2 2 2 2
left_child=3 4 12 -1 5 -2 -7 8 11 -4 -11 -5 -3 -14 -6 -10 -9 -18 -16
right_child=1 2 9 7 14 6 -8 16 15 10 -12 -13 13 -15 18 -17 17 -19 -20
leaf_value=0.043690145174124131 -0.022298329842114387 0.021766794657860813 0.03857056519977179 -0.014606331980310744 -0.048470671900095699 -0.00029232723185253277 0.054100012973902691 -0.044563716366706432 -0.04318674047581568 -0.044809578036282958 0.012748537235171629 0.028011692579366861 0.046473492328396336 0.053043651330180491 -0.042783149092131503 -0.044648328267037324 -0.042931809069184694 -0.043398071585497432 -0.043290767441569011
leaf_weight=1.2424630820751215 5.7788565307855624 2.6159682199358967 2.9227580949664143 3.9713331852108258 1.0043578594923013 5.078934658318758 2.703052319586277 0.75819955766200919 4.6130463629961014 2.2418897226452819 11.620346214622257 2.7513002492487431 6.9107714742422086 2.0861880928277969 0.70543956011533715 0.82894509285688389 6.5791105208918434 4.8586497642099857 0.84165773168206215
leaf_count=5 32 22 14 29 9 34 22 12 123 45 68 25 76 12 24 16 216 123 21
internal_value=-0.00199974 0.0123517 0.0228603 -0.0269493 -0.00616965 0.00117187 0.0186007 -0.0305522 -0.0178527 0.00955715 0.00343987 0.00283549 0.0420883 0.047997 -0.0451894 -0.0434094 -0.043219 -0.0431299 -0.0430593
internal_weight=70.1133 44.5102 28.3979 25.603 16.1123 13.5608 7.78199 24.3606 12.1646 16.785 13.8622 6.72263 11.6129 8.99696 2.55146 5.44199 12.196 11.4378 1.5471
internal_count=928 379 237 549 142 88 56 544 193 127 113 54 110 88 54 139 351 339 45
is_linear=0
shrinkage=0.05


Tree=223
num_leaves=9
num_cat=0
split_feature=1 4 1 3 7 2 6 4
split_gain=4.67965 2.57886 2.7562 2.40521 2.45487 0.00710815 0.000752645 7.99564e-05
threshold=34926.080000000009 29177.500000000004 16951.125000000004 0.90927831750799637 5.5000000000000009 5133.2650000000003 93.500000000000014 48055.000000000007
decision_type=2 2 2 2 2 2 2 2
left_child=1 -1 -3 4 -4 6 7 -2
right_child=5 2 3 -5 -6 -7 -8 -9
leaf_value=0.05052629091445085 -0.043666508548190944 -0.053158298887010937 0.00071879538523417176 -0.045549544201265911 0.02614567039330299 -0.048573335332585586 -0.045371811703307369 -0.044209969701351083
leaf_weight=2.6904039569199076 1.4457785580307239 2.3018794842064372 91.512413147836924 2.5775032732635728 10.591136876493691 1.3621773719787595 1.3317466564476488 1.2724480833858249
leaf_count=24 30 32 658 36 97 10 19 22
internal_value=-6.18422e-05 0.00217791 0.00096205 0.00215213 0.00335631 -0.0454489 -0.044398 -0.0439209
internal_weight=115.085 109.673 106.983 104.681 102.104 5.41215 4.04997 2.71823
internal_count=928 847 823 791 755 81 71 52
is_linear=0
shrinkage=0.05


Tree=224
num_leaves=17
num_cat=0
split_feature=2 4 2 4 2 2 6 2 4 0 5 0 7 3 2 4
split_gain=5.7613 3.02348 2.25766 4.43314 2.19825 1.58476 6.32785 3.73049 1.23578 3.71744 0.837617 0.0332439 0.00341734 0.000909552 0.00067754 3.78761e-05
threshold=8347.8000000000011 35217.000000000007 14639.925000000001 43067.500000000007 7775.1550000000007 5943.0350000000008 93.500000000000014 5838.1200000000008 33235.000000000007 34518.900000000001 22.500000000000004 33659.850000000013 1.0000000180025095e-35 0.55802998040349172 9006.3350000000009 38272.500000000007
decision_type=2 2 2 2 2 2 2 2 2 2 2 2 2 2 2 2
left_child=1 -1 8 13 5 7 -7 -3 9 11 -6 -2 -10 15 -14 -4
right_child=2 4 3 -5 10 6 -8 -9 12 -11 -12 -13 14 -15 -16 -17
leaf_value=0.047192875454104811 -0.043114940470845735 0.0050351780420257305 -0.043079471956911364 0.060023643480263116 -0.0065805424147571071 0.031378703132500053 -0.03282819820305443 -0.045379174091948964 -0.045705730856076314 0.051741469239678012 -0.047008483179083238 -0.055209396845484461 -0.044469687114260248 -0.04499767184893156 -0.043201675394647164 -0.042556534565866666
leaf_weight=4.1971049904823294 1.8491576239466696 42.973114164546132 0.60861902311444216 2.0356502532958984 2.4219829663634291 17.108217818662528 4.9469640646129838 4.0120007973164311 1.9818882197141636 1.4905728399753568 2.7201730012893677 0.82017771154642094 1.2405629679560641 0.68928999640047539 6.9859404359012842 0.80326830595731735
leaf_count=22 51 262 17 8 32 110 50 20 30 8 36 10 21 9 209 33
internal_value=-1.71068e-05 0.00590733 -0.0251104 0.00743744 0.00357147 0.00592045 0.0169771 0.000730359 -0.0344814 -0.0115107 -0.0279667 -0.0468311 -0.0438419 -0.0435088 -0.0433929 -0.042782
internal_weight=96.8847 78.3796 18.5051 4.13683 74.1825 69.0403 22.0552 46.9851 14.3683 4.15991 5.14216 2.66934 10.2084 2.10118 8.2265 1.41189
internal_count=928 532 396 67 510 442 160 282 329 69 68 61 260 59 230 50
is_linear=0
shrinkage=0.05


Tree=225
num_leaves=15
num_cat=0
split_feature=3 3 0 4 3 0 4 2 1 8 7 1 3 1
split_gain=2.43897 1.64837 1.9336 1.75441 1.7896 1.37252 0.00336633 6.74061e-05 3.45244e-07 2.04852e-07 2.392e-07 1.34188e-07 7.54679e-08 6.82171e-08
threshold=0.8246692060773978 0.82517227821759864 35128.80000000001 40910.000000000007 0.90292046884602162 31644.550000000003 36337.500000000007 5961.6050000000005 27246.760000000006 2.5000000000000004 1.5000000000000002 27728.770000000004 0.75922120594378872 28811.995000000006
decision_type=2 2 2 2 2 2 2 2 2 2 2 2 2 2
left_child=7 -2 5 -4 -5 -3 -7 -1 9 12 -11 -10 -9 -13
right_child=1 2 3 4 -6 6 -8 8 11 10 -12 13 -14 -15
leaf_value=-0.042647411443784131 0.094387279155613082 0.048444777221287268 0.068135065120059624 -0.042559244348728237 0.02395696699866626 -0.046432875465297251 -0.042205616315289483 -0.041748393596816064 -0.041887580342867888 -0.041854573370729953 -0.041790655982951043 -0.041805322342820306 -0.04180690062143403 -0.041842341018088092
leaf_weight=0.26995551190339151 0.62434768117964168 0.48602798767387811 1.6871384978294353 1.2607383863069115 5.1090297349728644 1.3380665541626515 0.72674322128295887 0.30679300730116643 0.10381603986024845 0.17947333073243499 0.79367853968869895 0.2327730031684041 0.067187752341851592 0.26742334407754242
leaf_count=17 4 14 6 122 64 34 84 140 22 35 238 68 20 60
internal_value=0.00596793 0.015435 0.010788 0.0227996 0.0107917 -0.0271508 -0.044945 -0.0419069 -0.0418044 -0.0417904 -0.0418024 -0.0418359 -0.0417589 -0.0418251
internal_weight=13.4532 11.2321 10.6077 8.05691 6.36977 2.55084 2.06481 2.2211 1.95115 1.34713 0.973152 0.604012 0.373981 0.500196
internal_count=928 328 324 192 186 132 118 600 583 433 273 150 160 128
is_linear=0
shrinkage=0.05


Tree=226
num_leaves=14
num_cat=0
split_feature=3 0 3 2 0 0 1 7 8 8 4 6 0
split_gain=1.51248 0.577727 0.842213 0.890894 0.374447 1.78173e-07 2.35996e-08 1.75891e-08 1.30781e-08 9.56133e-09 8.94127e-09 2.19981e-08 9.22651e-09
threshold=0.90541730792825437 33659.850000000013 0.95795537991178215 3301.8400000000006 33756.850000000013 42288.750000000007 26763.460000000003 1.5000000000000002 2.5000000000000004 2.5000000000000004 39715.000000000007 95.500000000000014 35992.000000000007
decision_type=2 2 2 2 2 2 2 2 2 2 2 2 2
left_child=5 -2 3 4 -3 6 7 8 -1 -9 11 -8 -12
right_child=1 2 -4 -5 -6 -7 10 9 -10 -11 12 -13 -14
leaf_value=-0.041720407947209361 0.050196412387191885 0.010379103534215638 0.047465073158419857 0.044404549553570427 -0.044537828527093308 -0.041834529117703384 -0.041720140823521761 -0.041706057246959215 -0.041752191022725156 -0.041722750236477785 -0.041750421534304832 -0.041761318921993751 -0.041735799469345893
leaf_weight=0.054491372779011504 1.0910087786614893 0.42991316318512041 0.92748517915606488 0.55850664013996709 1.1165321308653799 0.042531901039183029 0.16932118113618344 0.1125747999176383 0.079714219435118139 0.36040733457775787 0.15608346450608224 0.040118072181940079 0.34936702705454081
leaf_count=40 6 2 8 15 52 11 125 112 34 237 71 15 200
internal_value=0.00389427 0.0189944 0.00776853 -0.00972258 -0.0292709 -0.0417338 -0.0417306 -0.0417233 -0.0417393 -0.0417188 -0.0417367 -0.041728 -0.0417403
internal_weight=5.48806 4.12345 3.03244 2.10495 1.54645 1.36461 1.32208 0.607188 0.134206 0.472982 0.71489 0.209439 0.50545
internal_count=928 83 77 69 54 845 834 423 74 349 411 140 271
is_linear=0
shrinkage=0.05


Tree=227
num_leaves=11
num_cat=0
split_feature=3 7 3 6 6 1 3 1 3 1
split_gain=3.60278 0.876795 1.01564 0.686281 0.257524 0.00458289 0.000607001 9.29135e-07 3.85038e-07 3.38783e-07
threshold=0.90927831750799637 5.5000000000000009 0.90222567120622355 91.500000000000014 93.500000000000014 37691.070000000007 0.90222567120622355 33780.100000000013 0.87106378805084106 28531.755000000001
decision_type=2 2 2 2 2 2 2 2 2 2
left_child=1 5 7 -2 -5 6 9 8 -3 -1
right_child=3 2 -4 4 -6 -7 -8 -9 -10 -11
leaf_value=-0.041807519649320279 0.036787036071318377 -0.041762098507392167 0.070530112252949903 0.0211800467338728 -0.0062644497293803921 -0.048433655745641596 -0.04358904819779575 -0.041964609744537966 -0.041904245968370751 -0.041845254220369485
leaf_weight=1.8576064417138707 4.5185268744826317 0.23270318889990438 0.40693172067403793 1.6663832264021041 1.7549732998013494 0.31611792650073756 0.58918237686157215 0.10495005967095494 0.059902616310864687 0.8749943203292786
leaf_count=526 31 89 2 18 25 4 15 13 9 196
internal_value=0.00382182 -0.032235 0.0150014 0.0239957 0.00710248 -0.0426809 -0.0421334 -0.041837 -0.0417912 -0.0418196
internal_weight=12.3823 4.44239 0.804488 7.93988 3.42136 3.6379 3.32178 0.397556 0.292606 2.7326
internal_count=928 854 113 74 43 741 737 111 98 722
is_linear=0
shrinkage=0.05


Tree=228
num_leaves=20
num_cat=0
split_feature=2 6 8 0 4 2 1 8 1 6 7 2 6 3 1 0 4 7 4
split_gain=9.29739 3.23549 2.77674 2.47368 1.72162 2.05271 2.00407 1.59206 2.53569 1.54812 1.058 2.35628 0.568977 0.0238975 0.00561233 0.000488828 0.000217854 8.50415e-05 3.75587e-05
threshold=8583.1650000000027 91.500000000000014 2.5000000000000004 30366.450000000004 38272.500000000007 11233.210000000001 25357.135000000006 2.5000000000000004 30734.530000000002 93.500000000000014 1.0000000180025095e-35 11487.635 92.500000000000014 0.73656557558522262 18512.470000000005 31754.250000000004 39715.000000000007 4.5000000000000009 33235.000000000007
decision_type=2 2 2 2 2 2 2 2 2 2 2 2 2 2 2 2 2 2 2
left_child=3 4 12 -1 14 -6 -7 8 9 -5 -4 -12 -3 -14 -2 -9 -17 -10 -16
right_child=1 2 10 7 5 6 -8 15 17 -11 11 -13 13 -15 18 16 -18 -19 -20
leaf_value=0.042671239762414326 -0.047927958588570081 0.020853346532765167 0.036440039986049146 -0.015476759899504791 -0.021601526636365404 -0.00052889761319910745 0.05356594865301248 -0.04440930729956194 -0.043083063995094074 0.034129770191382802 -0.044692093674583003 0.012375284453964635 0.04623234434009367 0.052457849393744573 -0.042716209156056111 -0.042875116262256811 -0.043326767707643696 -0.04355136268515418 -0.043224326066513385
leaf_weight=1.232335746288302 0.94936946034431402 2.5642464943230179 2.9470321089029339 4.1720996294170636 5.7639707475900632 5.0116192400455475 2.6006089076399803 0.72358859330415626 3.963033290579915 2.5244239326566458 2.1460795607417813 11.509192392230032 6.5809414312243444 2.013018935918808 0.66143010556697823 6.2723810430616123 4.648712145164609 1.283396992832422 0.80790333263576031
leaf_count=5 9 22 14 30 32 34 22 12 111 22 45 68 76 12 24 216 123 30 21
internal_value=-0.00196328 0.0119548 0.0222341 -0.0263875 -0.00611168 0.000907798 0.0179518 -0.0299955 -0.0171688 0.00322368 0.0092702 0.0034065 0.0415232 0.0476906 -0.0449316 -0.0431508 -0.0430674 -0.0431976 -0.0429956
internal_weight=68.3754 43.5554 27.7605 24.82 15.7949 13.3762 7.61223 23.5876 11.943 6.69652 16.6023 13.6553 11.1582 8.59396 2.4187 11.6447 10.9211 5.24643 1.46933
internal_count=928 379 237 549 142 88 56 544 193 52 127 113 110 88 54 351 339 141 45
is_linear=0
shrinkage=0.05


Tree=229
num_leaves=9
num_cat=0
split_feature=1 4 1 3 7 2 6 4
split_gain=4.41438 2.40827 2.58711 2.26803 2.27466 0.00574982 0.000661013 7.00664e-05
threshold=34926.080000000009 29177.500000000004 16951.125000000004 0.90927831750799637 5.5000000000000009 5133.2650000000003 93.500000000000014 48055.000000000007
decision_type=2 2 2 2 2 2 2 2
left_child=1 -1 -3 4 -4 6 7 -2
right_child=5 2 3 -5 -6 -7 -8 -9
leaf_value=0.050045478337997232 -0.043571991839346763 -0.052704493739863259 0.00067091120053129919 -0.045377014679476142 0.025368537893106835 -0.048126347029661523 -0.045204951376127241 -0.044092760223431775
leaf_weight=2.5549438148736945 1.3789418656378982 2.2024527154862872 90.338155848905444 2.4595248047262421 10.395621299743651 1.2921626046299932 1.2787174396216867 1.2149937171488998
leaf_count=24 30 32 658 36 97 10 19 22
internal_value=-8.07861e-05 0.00207974 0.000916978 0.00206142 0.00321968 -0.0452382 -0.0442746 -0.0438159
internal_weight=113.116 107.951 105.396 103.193 100.734 5.16482 3.87265 2.59394
internal_count=928 847 823 791 755 81 71 52
is_linear=0
shrinkage=0.05


Tree=230
num_leaves=18
num_cat=0
split_feature=2 4 2 4 2 2 6 2 4 0 7 0 7 0 3 2 4
split_gain=5.32672 2.8115 2.19544 4.17969 2.04805 1.49497 5.85384 3.38972 1.1879 3.52013 0.821576 0.029388 0.00296026 0.0025328 0.000787748 0.000609175 3.26237e-05
threshold=8347.8000000000011 35217.000000000007 14639.925000000001 43067.500000000007 7775.1550000000007 5943.0350000000008 93.500000000000014 5838.1200000000008 33235.000000000007 34518.900000000001 2.5000000000000004 33659.850000000013 1.0000000180025095e-35 35407.700000000004 0.55802998040349172 9006.3350000000009 38272.500000000007
decision_type=2 2 2 2 2 2 2 2 2 2 2 2 2 2 2 2 2
left_child=1 -1 8 14 5 7 -7 -3 9 11 -6 -2 -10 -12 16 -14 -4
right_child=2 4 3 -5 10 6 -8 -9 12 -11 13 -13 15 -15 -16 -17 -18
leaf_value=0.045774210290897115 -0.043041921724836521 0.0046941224886869219 -0.043000587108469039 0.059053827437662069 -0.0038572593692336706 0.03033367476340959 -0.032061296243652497 -0.043528219042739819 -0.045519798542529799 0.05118737502627875 -0.043147186401954911 -0.054632905460497067 -0.04435652837766782 -0.046110062854526179 -0.044830666866775754 -0.043129992326588019 -0.04250048953633833
leaf_weight=4.1251114085316649 1.7488214708864722 42.539109323173761 0.57517500221729168 1.9923587739467621 2.1312113106250754 16.891990467906002 4.8350546043366185 3.9856862649321547 1.8965527229011039 1.4387264549732206 1.3405617922544482 0.79564738273620594 1.195180859416723 1.5614373721182344 0.65981099754571926 6.6168852169066668 0.75309771485626698
leaf_count=22 51 262 17 8 16 110 50 20 30 8 35 10 21 17 9 209 33
internal_value=-4.37003e-05 0.00561083 -0.0248124 0.00787268 0.0033501 0.00561995 0.0164485 0.000563011 -0.0343145 -0.0113217 -0.0274298 -0.0466664 -0.0437478 -0.0447414 -0.0434185 -0.0433176 -0.042717
internal_weight=95.0824 77.4102 17.6723 3.98044 73.2851 68.2518 21.727 46.5248 13.6918 3.9832 5.03321 2.54447 9.70862 2.902 1.98808 7.81207 1.32827
internal_count=928 532 396 67 510 442 160 282 329 69 68 61 260 52 59 230 50
is_linear=0
shrinkage=0.05


Tree=231
num_leaves=16
num_cat=0
split_feature=3 3 0 6 4 0 4 4 2 1 8 7 1 2 1
split_gain=2.31192 1.39548 1.77843 1.72136 1.38406 1.30766 0.00278751 0.00270315 5.9439e-05 2.91395e-07 1.85725e-07 2.09723e-07 9.79442e-08 6.9699e-08 5.70308e-08
threshold=0.8246692060773978 0.82517227821759864 35128.80000000001 93.500000000000014 44585.000000000007 31644.550000000003 36337.500000000007 44585.000000000007 5961.6050000000005 27246.760000000006 2.5000000000000004 1.5000000000000002 27728.770000000004 9006.3350000000009 28811.995000000006
decision_type=2 2 2 2 2 2 2 2 2 2 2 2 2 2 2
left_child=8 -2 5 4 -4 -3 -7 -5 -1 10 13 -12 -11 -10 -14
right_child=1 2 3 7 -6 6 -8 -9 9 12 11 -13 14 -15 -16
leaf_value=-0.042605888569154288 0.086688839250515681 0.046087405470901746 0.055348501410529383 -0.048006086154857484 0.010958454490879413 -0.046122963003394045 -0.042184893559818692 -0.042340482572756723 -0.041801052626402747 -0.041873146470531919 -0.041846484488441943 -0.041785264008168115 -0.041799802025787147 -0.041743328215441133 -0.041834478607714304
leaf_weight=0.25970106991008046 0.64255400188267131 0.4966170080006117 3.1028491617180389 0.37411757186055172 4.0454371804371476 1.2680913819931445 0.69597813696600486 0.48148233583196998 0.063974000746384041 0.098431523074395844 0.17167343990877271 0.75564369652420282 0.22153122653253376 0.28641063044779003 0.25511777668725699
leaf_count=17 4 14 27 8 102 34 84 55 20 22 35 238 68 140 60
internal_value=0.00604845 0.0151674 0.0107757 0.0222047 0.0302268 -0.0263992 -0.0447275 -0.0448178 -0.0418975 -0.0417982 -0.0417849 -0.0417966 -0.0418277 -0.0417539 -0.0418184
internal_weight=13.2196 11.1071 10.4646 8.00389 7.14829 2.46069 1.96407 0.8556 2.11248 1.85278 1.2777 0.927317 0.575081 0.350385 0.476649
internal_count=928 328 324 192 129 132 118 63 600 583 433 273 150 160 128
is_linear=0
shrinkage=0.05


Tree=232
num_leaves=14
num_cat=0
split_feature=3 0 3 2 0 0 1 7 8 8 4 6 0
split_gain=1.42489 0.542708 0.760937 0.963799 0.364088 1.51797e-07 2.10004e-08 1.51712e-08 1.18824e-08 8.70636e-09 7.90577e-09 1.9562e-08 8.63863e-09
threshold=0.90541730792825437 33659.850000000013 0.95795537991178215 3373.5200000000004 33756.850000000013 42288.750000000007 26763.460000000003 1.5000000000000002 2.5000000000000004 2.5000000000000004 39715.000000000007 95.500000000000014 35992.000000000007
decision_type=2 2 2 2 2 2 2 2 2 2 2 2 2
left_child=5 -2 3 4 -3 6 7 8 -1 -9 11 -8 -12
right_child=1 2 -4 -5 -6 -7 10 9 -10 -11 12 -13 -14
leaf_value=-0.041717362879208741 0.0492042484088063 0.0098060122595041085 0.044850541467555682 0.048903514573999225 -0.044333916859499681 -0.041826426523105462 -0.041717718815511659 -0.041703891037794677 -0.041748518550343144 -0.041720318593376417 -0.041747184490435268 -0.041757411209005973 -0.04173272314068862
leaf_weight=0.051127405138686077 1.0591471865773199 0.43034738302230913 0.94287759065628041 0.52945502381771792 1.1154020249377934 0.040271489997394272 0.16097594553139061 0.10542729584267363 0.076236022752709687 0.34325427038129419 0.14967345725744963 0.038456805748865008 0.33307841303758323
leaf_count=40 6 2 8 10 57 11 125 112 34 237 71 15 200
internal_value=0.00388368 0.0184108 0.00760438 -0.00931857 -0.029261 -0.0417309 -0.0417278 -0.0417208 -0.041736 -0.0417165 -0.0417337 -0.0417254 -0.0417372
internal_weight=5.37573 4.07723 3.01808 2.0752 1.54575 1.2985 1.25823 0.576045 0.127363 0.448682 0.682185 0.199433 0.482752
internal_count=928 83 77 69 59 845 834 423 74 349 411 140 271
is_linear=0
shrinkage=0.05


Tree=233
num_leaves=8
num_cat=0
split_feature=3 0 4 1 4 2 3
split_gain=3.53718 3.0314 1.15939 3.29753 0.67646 0.0116695 0.000132702
threshold=0.96140633523142494 42288.750000000007 44810.000000000007 31667.355 48480.000000000007 1815.3650000000002 0.90292046884602162
decision_type=2 2 2 2 2 2 2
left_child=1 2 3 6 5 -4 -1
right_child=-2 -3 4 -5 -6 -7 -8
leaf_value=-0.041804401283994208 0.070489643348839268 0.066254814616381164 -0.050937400546842086 0.037478412733409495 0.0082207297709176157 -0.044495623770091086 -0.042774320055003971
leaf_weight=2.1361550431465717 1.710816532373429 1.2429435027297575 1.0092987418174746 2.6686936512123793 0.68178052897565056 2.3169165385188535 0.42238155752420414
leaf_count=624 6 15 6 39 35 187 16
internal_value=0.00383112 -0.0070525 -0.0169187 -0.00140598 -0.0371505 -0.0464503 -0.0419645
internal_weight=12.189 10.4782 9.23523 5.22723 4.008 3.32622 2.55854
internal_count=928 922 907 679 228 193 640
is_linear=0
shrinkage=0.05


Tree=234
num_leaves=22
num_cat=0
split_feature=2 6 8 8 1 6 8 2 1 7 2 6 3 1 0 4 2 6 4 1 4
split_gain=8.6087 3.02112 2.65316 2.46112 3.36873 1.96293 1.60741 1.89904 1.92451 0.939837 1.93813 0.579861 0.0206764 0.00441035 0.000409274 0.000195922 0.000126889 8.09503e-05 7.47242e-05 8.43709e-05 3.52825e-05
threshold=8583.1650000000027 91.500000000000014 2.5000000000000004 2.5000000000000004 30734.530000000002 93.500000000000014 3.5000000000000004 11233.210000000001 25357.135000000006 1.0000000180025095e-35 13381.190000000001 92.500000000000014 0.73656557558522262 18512.470000000005 31754.250000000004 39715.000000000007 7936.4500000000007 95.500000000000014 45602.500000000007 33527.425000000003 33235.000000000007
decision_type=2 2 2 2 2 2 2 2 2 2 2 2 2 2 2 2 2 2 2 2 2
left_child=3 6 11 4 5 -1 7 -2 -9 -4 -11 -3 -13 -8 -5 17 -17 -16 -6 -20 -15
right_child=1 2 9 14 18 -7 13 8 -10 10 -12 12 -14 20 15 16 -18 -19 19 -21 -22
leaf_value=-0.01453672622770817 -0.020923818857220139 0.019963834067685048 0.034453588174608793 -0.04426527171923169 -0.043591089081910631 0.035229493505415981 -0.047429862453987913 -0.00074725095411604862 0.053063835795277216 -0.023505792367082966 0.01677313779922187 0.046006027516552084 0.051910956310668305 -0.04265488794169181 -0.042740468051685271 -0.043123680049988532 -0.043783894184747492 -0.043238646652571641 -0.042602329465554853 -0.043156716106874514 -0.043160768074332861
leaf_weight=4.1479122862219828 5.7493677735328657 2.5154244229197529 2.96903117746115 0.69063021987676521 0.73501159064471711 3.7935523651540279 0.89665069431066458 4.9468434378504753 2.5019170381128788 4.4755105040967456 8.9768546074628812 6.267391409724949 1.9417744725942609 0.62041389755904652 5.0079053565859777 3.5297470120713115 0.91679571568965901 0.97403389401733864 0.85886906273663033 3.4154233112931252 0.77549875527620316
leaf_count=30 32 22 14 12 16 27 9 34 22 68 45 76 12 24 191 106 17 25 34 91 21
internal_value=-0.00192549 0.0115703 0.0216245 -0.0258316 -0.0110171 0.00923606 -0.00604859 0.000664189 0.017327 0.00899213 0.00337261 0.040967 0.0474028 -0.0446936 -0.0430865 -0.0430084 -0.0432598 -0.0428216 -0.0431254 -0.0430453 -0.0429359
internal_weight=66.7066 42.6367 27.146 24.0699 12.9508 7.94146 15.4907 13.1981 7.44876 16.4214 13.4524 10.7246 8.20917 2.29256 11.1191 10.4285 4.44654 5.98194 5.0093 4.27429 1.39591
internal_count=928 379 237 549 198 57 142 88 56 127 113 110 88 54 351 339 123 216 141 125 45
is_linear=0
shrinkage=0.05


Tree=235
num_leaves=12
num_cat=0
split_feature=1 4 2 2 7 4 7 0 2 6 4
split_gain=4.1711 2.24965 2.47888 2.36457 2.26403 2.25554 1.56677 1.14945 0.00463024 0.000579938 5.98885e-05
threshold=34926.080000000009 29177.500000000004 13489.085000000001 4839.4500000000007 5.5000000000000009 37852.500000000007 1.0000000180025095e-35 31975.550000000003 5133.2650000000003 93.500000000000014 48055.000000000007
decision_type=2 2 2 2 2 2 2 2 2 2 2
left_child=1 -1 3 5 7 -3 -5 -4 9 10 -2
right_child=8 2 4 6 -6 -7 -8 -9 -10 -11 -12
leaf_value=0.049601957506691781 -0.043491888286854408 -0.046247838331884804 -0.060911119071874437 -0.0061506422266642668 0.023244548779644714 -0.0012173767288827858 0.010602705041214836 -0.021222619493630034 -0.047709721335952471 -0.045051860653316837 -0.043984529005934254
leaf_weight=2.4256982617080203 1.3156253062188623 4.2420436702668658 2.4644612912088615 18.036020271480083 2.3545698523521414 8.0731957685202342 61.682194110006094 7.0234668552875519 1.2245605066418646 1.2277616653591392 1.1615977790206669
leaf_count=24 30 59 31 101 16 78 469 69 10 19 22
internal_value=-8.19499e-05 0.0020031 0.000891573 0.00366227 -0.0206408 -0.0167283 0.00681231 -0.0315316 -0.0450443 -0.0441633 -0.0437229
internal_weight=111.231 106.302 103.876 92.0335 11.8425 12.3152 79.7182 9.48793 4.92955 3.70498 2.47722
internal_count=928 847 823 707 116 137 570 100 81 71 52
is_linear=0
shrinkage=0.05


Tree=236
num_leaves=17
num_cat=0
split_feature=2 4 2 4 2 2 6 2 4 0 5 0 7 3 2 4
split_gain=4.92531 2.61657 2.13366 3.94298 1.90901 1.41513 5.41049 3.07955 1.14167 3.33489 0.827756 0.0259595 0.00256465 0.000682512 0.00054609 2.80304e-05
threshold=8347.8000000000011 35217.000000000007 14639.925000000001 43067.500000000007 7775.1550000000007 5943.0350000000008 93.500000000000014 5838.1200000000008 33235.000000000007 34518.900000000001 22.500000000000004 33659.850000000013 1.0000000180025095e-35 0.55802998040349172 9006.3350000000009 38272.500000000007
decision_type=2 2 2 2 2 2 2 2 2 2 2 2 2 2 2 2
left_child=1 -1 8 13 5 7 -7 -3 9 11 -6 -2 -10 15 -14 -4
right_child=2 4 3 -5 10 6 -8 -9 12 -11 -12 -13 14 -15 -16 -17
leaf_value=0.044409423661647851 -0.042973921581823948 0.0043478945751124539 -0.042926796443755563 0.058147909526145403 -0.0056728973377794985 0.029310605694607028 -0.031278046131313561 -0.041788877497536792 -0.045343498007235507 0.05067032193424427 -0.046722234240024821 -0.054079683918741961 -0.044247702714884561 -0.044673472904199249 -0.043062915516079409 -0.042449191492079853
leaf_weight=4.053712658584117 1.6543933488428626 42.055820932611823 0.54364968091249355 1.9482219964265823 2.3701283633708945 16.693797221407298 4.7282409910112611 3.9571923855692139 1.8150415886193494 1.387998968362808 2.5487153269350529 0.77159497141838063 1.1511518359184263 0.63160258717834961 6.2694958979263902 0.70635880529880524
leaf_count=22 51 262 17 8 32 110 50 20 30 8 36 10 21 9 209 33
internal_value=-8.11003e-05 0.00531882 -0.0245247 0.00828957 0.00312873 0.0053222 0.0159376 0.000380059 -0.034155 -0.0111414 -0.0269427 -0.0465062 -0.0436588 -0.0433338 -0.0432467 -0.0426569
internal_weight=93.2871 76.4076 16.8795 3.82983 72.3539 67.4351 21.422 46.013 13.0497 3.81399 4.91884 2.42599 9.23569 1.88161 7.42065 1.25001
internal_count=928 532 396 67 510 442 160 282 329 69 68 61 260 59 230 50
is_linear=0
shrinkage=0.05


Tree=237
num_leaves=15
num_cat=0
split_feature=3 3 0 4 3 0 4 2 1 8 7 1 2 3
split_gain=2.18805 1.19447 1.62973 1.62787 1.64837 1.24739 0.00230911 5.25528e-05 2.46552e-07 1.67563e-07 1.83825e-07 7.17648e-08 6.41237e-08 5.09322e-08
threshold=0.8246692060773978 0.82517227821759864 35128.80000000001 40910.000000000007 0.90292046884602162 31644.550000000003 36337.500000000007 5961.6050000000005 27246.760000000006 2.5000000000000004 1.5000000000000002 27728.770000000004 9006.3350000000009 0.80118419382584205
decision_type=2 2 2 2 2 2 2 2 2 2 2 2 2 2
left_child=7 -2 5 -4 -5 -3 -7 -1 9 12 -11 -10 -9 -13
right_child=1 2 3 4 -6 6 -8 8 11 10 -12 13 -14 -15
leaf_value=-0.042567184372954231 0.080293515430781517 0.043915212004027579 0.065742817885067834 -0.042537076313064803 0.022416998747610432 -0.045834908980579847 -0.042165468661133257 -0.041795517105453962 -0.041860060242505881 -0.041838781979547157 -0.041780156891960185 -0.041822616379721518 -0.041738681349018231 -0.041785691866672109
leaf_weight=0.24987269775010768 0.6556877619586875 0.50687318108975743 1.6512253582477567 1.2081124712713061 5.1002200520597398 1.2014187122695146 0.66661414899863292 0.060929758939891832 0.093389649409800657 0.16423244564794004 0.71956908015999943 0.32282541354652494 0.26751453150063753 0.13140494097024202
leaf_count=17 4 14 6 122 64 34 84 20 22 35 238 80 140 48
internal_value=0.00608043 0.0148524 0.0107004 0.0215462 0.00997761 -0.0256497 -0.0445255 -0.0418886 -0.0417923 -0.0417797 -0.0417911 -0.0418201 -0.0417492 -0.0418119
internal_weight=12.9999 10.9902 10.3345 7.95956 6.30833 2.37491 1.86803 2.00974 1.75987 1.21225 0.883802 0.54762 0.328444 0.45423
internal_count=928 328 324 192 186 132 118 600 583 433 273 150 160 128
is_linear=0
shrinkage=0.05


Tree=238
num_leaves=13
num_cat=0
split_feature=3 0 2 0 0 1 7 8 8 4 6 0
split_gain=1.34384 0.517049 1.12378 8.22307e-06 1.28822e-07 1.86455e-08 1.31061e-08 1.07472e-08 7.88565e-09 6.95889e-09 1.73867e-08 8.06809e-09
threshold=0.90541730792825437 36066.750000000007 3455.4050000000002 37103.350000000006 42288.750000000007 26763.460000000003 1.5000000000000002 2.5000000000000004 2.5000000000000004 39715.000000000007 95.500000000000014 35992.000000000007
decision_type=2 2 2 2 2 2 2 2 2 2 2 2
left_child=4 -2 3 -3 5 6 7 -1 -8 10 -7 -11
right_child=1 2 -4 -5 -6 9 8 -9 -10 11 -12 -13
leaf_value=-0.041714552577720318 0.03065923159270232 -0.043515945220849915 0.050378394780532056 -0.043200389390427148 -0.041818603949041695 -0.041715449835057934 -0.041701894353011026 -0.041745020791258608 -0.04171801434134445 -0.041744080430340454 -0.041753696741813937 -0.041729795898482636
leaf_weight=0.047991770319640414 2.6668725935742259 0.38080602837726452 0.51967359706759453 0.45091614732518792 0.038095144904218503 0.1531288749538362 0.098787115945015103 0.072918919497169554 0.32697610807372257 0.14352801156928763 0.036868476308882236 0.31756053899880499
leaf_count=40 31 11 8 33 11 125 112 34 237 71 15 200
internal_value=0.00386817 0.0178917 -0.00730398 -0.0433449 -0.0417281 -0.0417252 -0.0417184 -0.0417329 -0.0417143 -0.0417309 -0.0417229 -0.0417342
internal_weight=5.25412 4.01827 1.3514 0.831722 1.23585 1.19776 0.546674 0.120911 0.425763 0.651086 0.189997 0.461089
internal_count=928 83 52 44 845 834 423 74 349 411 140 271
is_linear=0
shrinkage=0.05


Tree=239
num_leaves=8
num_cat=0
split_feature=3 0 4 1 4 2 3
split_gain=3.30986 2.84067 1.0973 3.07344 0.659735 0.0100944 0.000115041
threshold=0.96140633523142494 42288.750000000007 44810.000000000007 31667.355 48480.000000000007 1815.3650000000002 0.90292046884602162
decision_type=2 2 2 2 2 2 2
left_child=1 2 3 6 5 -4 -1
right_child=-2 -3 4 -5 -6 -7 -8
leaf_value=-0.041798576966840112 0.068702896550681791 0.064152042026274489 -0.050487563439601105 0.035836422677861773 0.007887341249290164 -0.044383091996469753 -0.042724133008043681
leaf_weight=2.0341820035828264 1.6880063116550452 1.2368795140646387 0.9741249084472664 2.6521756688598543 0.6832095026038586 2.2218267963035032 0.40208850242197502
leaf_count=624 6 15 6 39 35 187 16
internal_value=0.00384738 -0.00688089 -0.0166783 -0.00140717 -0.03671 -0.0462437 -0.0419513
internal_weight=11.8925 10.2045 8.96761 5.08845 3.87916 3.19595 2.43627
internal_count=928 922 907 679 228 193 640
is_linear=0
shrinkage=0.05


Tree=240
num_leaves=21
num_cat=0
split_feature=2 6 4 2 0 8 3 7 8 0 1 0 7 2 7 2 1 2 0 4
split_gain=7.98311 2.77674 2.50168 2.81933 2.17412 1.55259 1.77439 1.87106 1.31131 2.41634 1.0789 1.05746 1.84643 0.497167 0.355979 0.00724159 0.00348454 0.00053742 0.000352305 1.50839e-05
threshold=8723.2950000000001 91.500000000000014 38272.500000000007 13528.445000000002 30366.450000000004 3.5000000000000004 0.63616435068052601 3.5000000000000004 2.5000000000000004 36568.900000000009 28036.990000000002 34999.55000000001 2.5000000000000004 8583.1650000000027 1.5000000000000002 12223.950000000003 18512.470000000005 7276.4000000000005 31754.250000000004 33577.500000000007
decision_type=2 2 2 2 2 2 2 2 2 2 2 2 2 2 2 2 2 2 2 2
left_child=4 5 3 15 -1 6 -2 -8 9 10 -6 14 -13 18 -4 -3 -7 -11 -10 -18
right_child=1 2 11 -5 8 16 7 -9 13 17 -12 12 -14 -15 -16 -17 19 -19 -20 -21
leaf_value=0.040691438739471675 0.030989940015447005 -0.043041953702480998 0.069719829717129797 0.017971933504608757 -0.024055017916927986 -0.046982486208272209 -0.029961355339017171 0.015448524047148238 -0.044142065151862614 -0.042980015340810362 0.017931034271798717 0.0080106464433718719 0.045902188434235124 -0.0070187025631600732 0.040582032460144503 -0.048597399889769896 -0.042724882889902678 -0.044438710833927815 -0.042948979564514475 -0.0430629597017025
leaf_weight=1.214078545570376 3.595769401639699 1.5576492287218591 1.9998862445354486 6.0685718283057213 2.3485521394759434 0.8496298342943186 5.266113478690384 3.9850445836782455 0.65980318188667197 4.0204783715307713 4.3903331197798252 6.9350966513156873 5.9936882629990578 1.0541078895330418 2.2027766108512878 0.94093691557645787 0.71228741481900193 0.74907382018864144 9.9445866411551815 0.61462149396538734
leaf_count=5 27 46 10 30 23 9 32 27 12 123 31 56 48 8 33 8 27 16 339 18
internal_value=-0.00190308 0.0116446 0.0216275 -0.000432744 -0.024531 -0.00543162 0.0011844 -0.0104005 -0.027949 -0.015976 0.00329858 0.0326594 0.0255769 -0.0397679 0.0544476 -0.0451341 -0.0444823 -0.0432091 -0.0430232 -0.0428815
internal_weight=65.1031 40.7221 25.6986 8.56716 24.381 15.0235 12.8469 9.25116 23.1669 11.5084 6.73889 17.1314 12.9288 11.6585 4.20266 2.49859 2.17654 4.76955 10.6044 1.32691
internal_count=928 371 231 84 557 140 86 59 552 193 54 147 104 359 43 54 54 139 351 45
is_linear=0
shrinkage=0.05


Tree=241
num_leaves=12
num_cat=0
split_feature=1 4 2 2 4 7 2 0 2 6 4
split_gain=3.94393 2.09603 2.26798 2.16513 2.18673 2.09269 1.57394 1.11083 0.00374481 0.000506173 5.1292e-05
threshold=34926.080000000009 29177.500000000004 13489.085000000001 4839.4500000000007 37852.500000000007 5.5000000000000009 5509.5300000000016 31975.550000000003 5133.2650000000003 93.500000000000014 48055.000000000007
decision_type=2 2 2 2 2 2 2 2 2 2 2
left_child=1 -1 3 4 -3 7 -5 -4 9 10 -2
right_child=8 2 5 6 -6 -7 -8 -9 -10 -11 -12
leaf_value=0.049160034022591073 -0.043416462752105089 -0.046036975999373779 -0.060165432885204442 0.030042336379021373 -0.0010409952465362097 0.022548736810929212 0.004428921768861979 -0.020458740176492331 -0.047329073016213224 -0.04490355435755105 -0.043882916076469589
leaf_weight=2.2974815778434268 1.2564443852752445 4.0659250244498244 2.3662324808537942 6.5426426604390135 8.0384011026471835 2.3144226819276801 72.025655463337898 6.8912104703485966 1.1606394350528715 1.1784201115369795 1.1100157238543031
leaf_count=24 30 59 31 32 78 16 538 69 10 19 22
internal_value=-8.53677e-05 0.00193015 0.000868877 0.0035292 -0.0161554 -0.0199763 0.00656184 -0.0306079 -0.044864 -0.0440569 -0.0436353
internal_weight=109.247 104.542 102.244 90.6726 12.1043 11.5719 78.5683 9.25744 4.70552 3.54488 2.36646
internal_count=928 847 823 707 137 116 570 100 81 71 52
is_linear=0
shrinkage=0.05


Tree=242
num_leaves=18
num_cat=0
split_feature=2 4 2 4 2 2 6 2 4 0 7 0 7 0 3 2 4
split_gain=4.54142 2.44506 2.06634 3.71854 1.75209 1.3793 4.99658 2.79736 1.11173 3.17352 0.817062 0.02231 0.00228522 0.00190476 0.000594806 0.000466667 2.30086e-05
threshold=8347.8000000000011 35217.000000000007 14639.925000000001 43067.500000000007 7775.1550000000007 5943.0350000000008 93.500000000000014 5838.1200000000008 33235.000000000007 34518.900000000001 2.5000000000000004 33659.850000000013 1.0000000180025095e-35 35407.700000000004 0.55802998040349172 9006.3350000000009 38272.500000000007
decision_type=2 2 2 2 2 2 2 2 2 2 2 2 2 2 2 2 2
left_child=1 -1 8 14 5 7 -7 -3 9 11 -6 -2 -10 -12 16 -14 -4
right_child=2 4 3 -5 10 6 -8 -9 12 -11 13 -13 15 -15 -16 -17 -18
leaf_value=0.043139582017747674 -0.04291368417460116 0.0039231460103261529 -0.042848466291990274 0.057292180879978671 -0.0028654336288828574 0.028439425766560479 -0.030442715434258822 -0.040280535653906144 -0.04519542801430558 0.050261792205547273 -0.043049694342048944 -0.053421049926847666 -0.044120213079695138 -0.045714499038530164 -0.044526527291320124 -0.042998667266933105 -0.042402166114697215
leaf_weight=3.9892651289701453 1.5669043082743916 41.501499094069004 0.51174016669392475 1.9031065404415131 2.0962580293416968 16.49731141701341 4.6095210406929246 3.9168719183653584 1.7441818937659244 1.3461761474609373 1.2489806227386 0.74556704238057125 1.0991062708199022 1.4480229914188383 0.60482482425868522 5.9403922185301781 0.66284092329442501
leaf_count=22 51 262 17 8 16 110 50 20 30 8 35 10 21 17 9 209 33
internal_value=-0.0001102 0.00504616 -0.0241919 0.00870851 0.00291537 0.00501901 0.0155802 0.000111029 -0.0339294 -0.0107716 -0.0262808 -0.0463014 -0.0435752 -0.0444804 -0.0432526 -0.0431738 -0.0425966
internal_weight=91.4326 75.3077 16.1248 3.68251 71.3185 66.5252 21.1068 45.4184 12.4423 3.65865 4.79326 2.31247 8.78368 2.697 1.77941 7.0395 1.17458
internal_count=928 532 396 67 510 442 160 282 329 69 68 61 260 52 59 230 50
is_linear=0
shrinkage=0.05


Tree=243
num_leaves=16
num_cat=0
split_feature=3 4 3 3 0 0 1 2 7 1 8 7 2 7 3
split_gain=2.07051 1.06947 2.41903 1.16112 0.224196 0.0340186 0.000212911 4.69032e-05 4.28195e-05 2.03097e-07 1.50707e-07 1.62269e-07 5.77756e-08 5.75324e-08 2.56671e-08
threshold=0.8246692060773978 35555.000000000007 0.90292046884602162 0.92314693386777191 40285.55000000001 40654.500000000007 36429.710000000006 5961.6050000000005 1.0000000180025095e-35 27246.760000000006 2.5000000000000004 1.5000000000000002 9006.3350000000009 1.0000000180025095e-35 0.79402141189428022
decision_type=2 2 2 2 2 2 2 2 2 2 2 2 2 2 2
left_child=7 -2 6 5 -5 -4 8 -1 -3 10 12 -12 -9 -11 -15
right_child=1 2 3 4 -6 -7 -8 9 -10 13 11 -13 -14 14 -16
leaf_value=-0.042532769779565868 0.041784433431116208 -0.042616100769472171 0.037468376102256069 -0.01119098631577521 0.016431485223681441 0.048020737951842023 -0.043502445833091902 -0.041789762127799723 -0.042012927885089937 -0.041844997537561393 -0.041831506491790127 -0.041775180815678395 -0.041734391234323862 -0.041813534200429395 -0.041787743411605439
leaf_weight=0.24091911478899497 2.7084962651133528 0.38498121313750555 1.4907171153463425 1.9064558902755382 1.1950643062591551 1.5661916285753248 0.35736630856990803 0.058053611661307292 1.2483084583654998 0.10745509970001865 0.15725499205291271 0.6842431741533801 0.24993529298808426 0.25887834478635341 0.15376997238490731
leaf_count=17 15 23 30 43 7 10 11 20 189 27 35 238 140 69 54
internal_value=0.006119 0.014565 0.00551819 0.0210063 -0.000547615 0.0428748 -0.042397 -0.0418806 -0.0421551 -0.0417865 -0.0417748 -0.0417857 -0.0417448 -0.0418124 -0.0418039
internal_weight=12.7681 10.8576 8.14908 6.15843 3.10152 3.05691 1.99066 1.91051 1.63329 1.66959 1.14949 0.841498 0.307989 0.520103 0.412648
internal_count=928 328 313 90 50 40 223 600 212 583 433 273 160 150 123
is_linear=0
shrinkage=0.05


Tree=244
num_leaves=14
num_cat=0
split_feature=3 0 1 0 2 0 1 7 8 8 4 6 0
split_gain=1.26742 0.487927 0.746583 1.57128 1.02842 1.09609e-07 1.63965e-08 1.14701e-08 9.66801e-09 7.1184e-09 5.7588e-09 1.55824e-08 7.33599e-09
threshold=0.90541730792825437 33659.850000000013 34471.635000000009 36389.650000000009 3455.4050000000002 42288.750000000007 26763.460000000003 1.5000000000000002 2.5000000000000004 2.5000000000000004 39715.000000000007 95.500000000000014 35992.000000000007
decision_type=2 2 2 2 2 2 2 2 2 2 2 2 2
left_child=5 -2 -3 -4 -5 6 7 8 -1 -9 11 -8 -12
right_child=1 2 3 4 -6 -7 10 9 -10 -11 12 -13 -14
leaf_value=-0.041712004854389306 0.047525448000568737 -0.025050856723033494 0.093851315954138259 -0.04329213592352163 0.048097966441777454 -0.041811239862880038 -0.041713435616574139 -0.04169997629562739 -0.041741708912159163 -0.041715768527434555 -0.041740831116075933 -0.041750392412097437 -0.041726896062803803
leaf_weight=0.045088775106705503 1.0030005015432837 1.1193252115044745 0.59225913882255543 0.7318599064601583 0.53130415640771389 0.036041858955286332 0.14590324007440358 0.092606286285445094 0.069799671065993607 0.31097711605252698 0.13735537650063634 0.035453068558126688 0.30232231953414157
leaf_count=40 6 30 2 37 8 11 125 112 34 237 71 15 200
internal_value=0.00388741 0.0173674 0.00719897 0.0266544 -0.0048522 -0.0417254 -0.0417227 -0.0417161 -0.0417301 -0.0417121 -0.0417282 -0.0417207 -0.0417312
internal_weight=5.1533 3.97775 2.97475 1.85542 1.26316 1.17555 1.13951 0.518472 0.114888 0.403583 0.621034 0.181356 0.439678
internal_count=928 83 77 47 45 845 834 423 74 349 411 140 271
is_linear=0
shrinkage=0.05


Tree=245
num_leaves=8
num_cat=0
split_feature=3 0 4 1 4 2 3
split_gain=3.0619 2.6615 1.0469 2.88186 0.642936 0.00875642 9.89234e-05
threshold=0.96140633523142494 42288.750000000007 44810.000000000007 31667.355 48480.000000000007 1815.3650000000002 0.90292046884602162
decision_type=2 2 2 2 2 2 2
left_child=1 2 3 6 5 -4 -1
right_child=-2 -3 4 -5 -6 -7 -8
leaf_value=-0.04179297946357604 0.066796317196016031 0.062252193449362871 -0.050062068928721337 0.034406996851759263 0.0075792144830254399 -0.044265952506265957 -0.042672104927825527
leaf_weight=1.936497810762374 1.6579777598381049 1.2300325627438713 0.93980727344751436 2.6459317656699568 0.6837072456255554 2.1249669820535928 0.3833334632217883
leaf_count=624 6 15 6 39 35 187 16
internal_value=0.00389041 -0.00659769 -0.016316 -0.00125884 -0.0362628 -0.0460433 -0.0419382
internal_weight=11.6023 9.94428 8.71424 4.96576 3.74848 3.06477 2.31983
internal_count=928 922 907 679 228 193 640
is_linear=0
shrinkage=0.05


Tree=246
num_leaves=20
num_cat=0
split_feature=2 6 0 8 8 1 3 8 3 4 0 7 2 5 0 3 0 4 4
split_gain=7.39403 2.59399 2.52844 2.50891 1.67513 2.34535 1.88088 1.4535 2.06079 1.98392 1.89302 0.782585 1.59478 0.616485 0.0803148 0.0162048 0.000278726 0.000153353 8.56854e-05
threshold=8583.1650000000027 91.500000000000014 30185.950000000004 2.5000000000000004 2.5000000000000004 30734.530000000002 0.84067982212735481 2.5000000000000004 0.73155447710662191 41310.000000000007 36418.750000000007 1.0000000180025095e-35 13381.190000000001 22.500000000000004 35551.700000000004 0.73656557558522262 31854.300000000003 39715.000000000007 45602.500000000007
decision_type=2 2 2 2 2 2 2 2 2 2 2 2 2 2 2 2 2 2 2
left_child=2 7 -1 13 5 6 -4 8 9 -2 14 -5 -13 -3 -9 -15 -6 -18 -7
right_child=1 3 4 11 16 18 -8 10 -10 -11 -12 12 -14 15 -16 -17 17 -19 -20
leaf_value=0.063403479933342957 -0.01130526441064118 0.017921291640806188 -0.021367869774331576 0.031116521724616871 -0.043921624433444502 -0.043519311287347352 0.030206215469590087 -0.04435066549142392 -0.025679726814417228 0.048078675491800865 0.007053069651259132 -0.022482728735206504 0.014884657936059614 0.04565844466539043 -0.060636757047586004 0.051065986784532308 -0.042715479292191889 -0.043123068757515232 -0.042918320235778691
leaf_weight=0.78262397646904247 2.3439005203545076 2.4085918553173542 3.7661728672683257 2.9801284074783334 0.70522650703787704 0.69960932247340668 3.3317042514681816 2.1665448024868961 3.1769446805119514 3.5165946707129478 2.5739628300070763 4.2354593398049465 8.762620482593773 5.7510098703205585 1.1635738089680669 1.825089171528816 5.3578597735613567 4.0537965055555105 3.8947810418903828
leaf_count=3 18 22 39 14 14 16 15 55 15 35 13 68 45 76 6 12 214 123 125
internal_value=-0.00193846 0.0107418 -0.0248971 0.0202937 -0.0280658 -0.0151759 0.00284072 -0.00585596 0.00674878 0.0243281 -0.0251502 0.00800685 0.00270839 0.0399559 -0.0500412 0.0469611 -0.0429629 -0.042891 -0.0430098
internal_weight=63.4962 40.9044 22.5918 25.9629 21.8092 11.6923 7.09788 14.9415 9.03744 5.8605 5.90408 15.9782 12.9981 9.98469 3.33012 7.5761 10.1169 9.41166 4.59439
internal_count=928 379 549 237 546 195 54 142 68 53 74 127 113 110 61 88 351 337 141
is_linear=0
shrinkage=0.05


Tree=247
num_leaves=13
num_cat=0
split_feature=1 4 2 8 0 2 4 2 3 2 6 4
split_gain=3.72768 1.94619 2.0488 2.00918 3.12365 1.95159 2.13825 1.48393 0.00363948 0.00303464 0.000441654 4.39786e-05
threshold=34926.080000000009 29177.500000000004 13489.085000000001 3.5000000000000004 32445.900000000005 4839.4500000000007 37852.500000000007 5509.5300000000016 0.58050200982956845 5133.2650000000003 93.500000000000014 48055.000000000007
decision_type=2 2 2 2 2 2 2 2 2 2 2 2
left_child=1 -1 5 8 -5 6 -3 -7 -4 10 11 -2
right_child=9 2 3 4 -6 7 -8 -9 -10 -11 -12 -13
leaf_value=0.048737149211174467 -0.043344863722913782 -0.045839137095678474 -0.043544971687897338 -0.036510962207742595 0.030748135636044168 0.02920648102108149 -0.00067777402865309012 0.0041774342073581374 -0.046650041260480661 -0.046978491923891294 -0.044762611653863214 -0.043786837324065062
leaf_weight=2.1658102571964255 1.1988500468432901 3.9001398384571058 1.3733122609555701 3.4055671691894531 3.500696636736393 6.4610148742794982 7.9914154075086117 70.978642713278532 3.0167186632752419 1.0998799279332159 1.1311724521219728 1.0609454959630964
leaf_count=24 30 59 41 14 28 32 78 538 33 10 19 22
internal_value=-0.000106109 0.00184195 0.000832627 -0.0192303 -0.00241819 0.00336967 -0.0154896 0.00626568 -0.0456787 -0.0446963 -0.0439561 -0.0435524
internal_weight=107.284 102.793 100.628 11.2963 6.90626 89.3312 11.8916 77.4397 4.39003 4.49085 3.39097 2.2598
internal_count=928 847 823 116 42 707 137 570 74 81 71 52
is_linear=0
shrinkage=0.05


Tree=248
num_leaves=17
num_cat=0
split_feature=2 4 2 4 2 2 6 2 4 0 5 0 7 4 2 4
split_gain=4.21059 2.3202 2.02677 3.51098 1.62716 1.29864 4.62797 2.55207 1.0719 3.01561 0.820571 0.0194702 0.0019502 0.000540251 0.00040874 2.00265e-05
threshold=8347.8000000000011 35217.000000000007 14639.925000000001 43067.500000000007 7775.1550000000007 5943.0350000000008 93.500000000000014 5838.1200000000008 33235.000000000007 34518.900000000001 22.500000000000004 33659.850000000013 1.0000000180025095e-35 42782.500000000007 9006.3350000000009 38272.500000000007
decision_type=2 2 2 2 2 2 2 2 2 2 2 2 2 2 2 2
left_child=1 -1 8 13 5 7 -7 -3 9 11 -6 -2 -10 15 -14 -4
right_child=2 4 3 -5 10 6 -8 -9 12 -11 -12 -13 14 -15 -16 -17
leaf_value=0.042218751265448828 -0.042858769759677062 0.0036729132189461662 -0.042774950370069828 0.056594230941534256 -0.004508092560291551 0.02746392328147413 -0.029742141285980756 -0.038705763032255563 -0.045018254421826713 0.049833081998190538 -0.046396712591365664 -0.052865050072697199 -0.044010889403312492 -0.044435682237854351 -0.042938354437455313 -0.042347251275263585
leaf_weight=3.934086248278617 1.4866275694221256 40.89768136292696 0.48168379068374523 1.8625239878892899 2.307469740509986 16.351481309160594 4.5107706636190406 3.8904656264930955 1.6668801652267555 1.3006801903247831 2.3698975872248411 0.72236719354987133 1.0541517399251459 0.55960469692945491 5.6464003333821893 0.63385636359453201
leaf_count=22 51 262 17 8 32 110 50 20 30 8 36 10 21 8 209 34
internal_value=-8.4652e-05 0.00485149 -0.0238649 0.00935521 0.00276119 0.00479123 0.015095 -8.25679e-06 -0.0337597 -0.0105668 -0.0257319 -0.0461309 -0.0434878 -0.0431679 -0.0431071 -0.0425319
internal_weight=89.6766 74.2619 15.4148 3.53767 70.3278 65.6504 20.8623 44.7881 11.8771 3.50967 4.67737 2.20899 8.36743 1.67514 6.70055 1.11554
internal_count=928 532 396 67 510 442 160 282 329 69 68 61 260 59 230 51
is_linear=0
shrinkage=0.05


Tree=249
num_leaves=16
num_cat=0
split_feature=3 4 3 3 0 0 1 2 7 1 8 7 2 7 3
split_gain=1.96266 0.997804 2.27351 1.06123 0.200339 0.0307182 0.000188846 4.15195e-05 3.65292e-05 1.72001e-07 1.3436e-07 1.41015e-07 5.38361e-08 4.35609e-08 2.33242e-08
threshold=0.8246692060773978 35555.000000000007 0.90292046884602162 0.92314693386777191 40285.55000000001 40654.500000000007 36429.710000000006 5961.6050000000005 1.0000000180025095e-35 27246.760000000006 2.5000000000000004 1.5000000000000002 9006.3350000000009 1.0000000180025095e-35 0.79402141189428022
decision_type=2 2 2 2 2 2 2 2 2 2 2 2 2 2 2
left_child=7 -2 6 5 -5 -4 8 -1 -3 10 12 -12 -9 -11 -15
right_child=1 2 3 4 -6 -7 -8 9 -10 13 11 -13 -14 14 -16
leaf_value=-0.042497674009747577 0.040506535809286828 -0.042567567974472753 0.03587748167448452 -0.010639426778073474 0.015520498826871147 0.045880473206970342 -0.043426700854293274 -0.041785144243527451 -0.041996704583780908 -0.041834689396539143 -0.041824315962438532 -0.041770552945348677 -0.041730432589579328 -0.041807389323666871 -0.041782212526890058
leaf_weight=0.23168322700075883 2.7122933864593497 0.36651660501956751 1.4978917594999077 1.8909087446518245 1.1939990632236002 1.573975261300802 0.34327172022312868 0.055621035280637221 1.1903423261828718 0.1020300113596021 0.15006371238268912 0.65138518321327865 0.23464394907932729 0.2474880387308076 0.1464121212484315
leaf_count=17 15 23 30 43 7 10 11 20 189 27 35 238 140 69 54
internal_value=0.00616079 0.0142754 0.00544493 0.0202003 -0.000514351 0.0410029 -0.0423652 -0.0418724 -0.0421311 -0.0417812 -0.0417701 -0.0417806 -0.0417409 -0.0418056 -0.041798
internal_weight=12.5885 10.7692 8.05691 6.15677 3.08491 3.07187 1.90013 1.81933 1.55686 1.58764 1.09171 0.801449 0.290265 0.49593 0.3939
internal_count=928 328 313 90 50 40 223 600 212 583 433 273 160 150 123
is_linear=0
shrinkage=0.05


Tree=250
num_leaves=14
num_cat=0
split_feature=3 4 1 1 3 0 1 8 7 2 4 6 0
split_gain=1.20088 0.45991 1.14851 1.17961 0.982128 9.46184e-08 1.44139e-08 1.0045e-08 1.33658e-08 6.35906e-09 4.96537e-09 1.37776e-08 6.50752e-09
threshold=0.90541730792825437 36767.500000000007 34471.635000000009 34647.060000000005 0.91821355705154029 42288.750000000007 26763.460000000003 2.5000000000000004 1.5000000000000002 9006.3350000000009 39715.000000000007 95.500000000000014 35992.000000000007
decision_type=2 2 2 2 2 2 2 2 2 2 2 2 2
left_child=5 -2 -3 -4 -5 6 7 9 -9 -1 11 -8 -12
right_child=1 2 3 4 -6 -7 10 8 -10 -11 12 -13 -14
leaf_value=-0.041722259281643075 0.041159427985211113 -0.046779824842673415 0.081576348617135183 0.047701180340806955 -0.04335472109300717 -0.041804753817129794 -0.041711391544478199 -0.041738445914990763 -0.041713653892503089 -0.041695944633590602 -0.041737667872275071 -0.041746913294365223 -0.041724246298636039
leaf_weight=0.029810905805788712 1.3111281320452692 0.76156006404198739 0.63177783787250508 0.53345927130430915 0.66566141415387392 0.034177483641542383 0.13880773377604783 0.066597976023331285 0.29593899287283421 0.099873810017015785 0.13145168795017526 0.033979977713897824 0.28857625555247068
leaf_count=22 8 28 3 12 32 11 125 34 237 130 71 15 200
internal_value=0.00393566 0.0170266 0.00482151 0.026285 -0.00284619 -0.0417228 -0.0417203 -0.0417139 -0.0417182 -0.041702 -0.0417255 -0.0417184 -0.0417284
internal_weight=5.0228 3.90359 2.59246 1.8309 1.19912 1.11921 1.08504 0.492222 0.362537 0.129685 0.592816 0.172788 0.420028
internal_count=928 83 75 47 44 845 834 423 271 152 411 140 271
is_linear=0
shrinkage=0.05


Tree=251
num_leaves=12
num_cat=0
split_feature=3 2 3 6 0 1 4 7 8 6 6
split_gain=2.87687 1.01327 1.23739 0.579105 1.52491e-06 4.2065e-07 1.88074e-07 1.27532e-07 8.15987e-08 7.71267e-08 3.85967e-08
threshold=0.90222567120622355 1556.0350000000001 0.92622742447754225 90.500000000000014 42288.750000000007 28531.755000000001 48480.000000000007 1.5000000000000002 2.5000000000000004 95.500000000000014 89.500000000000014
decision_type=2 2 2 2 2 2 2 2 2 2 2
left_child=4 -2 3 -3 5 7 10 9 -9 -1 -7
right_child=1 2 -4 -5 -6 6 -8 8 -10 -11 -12
leaf_value=-0.041792590850286186 0.050471298628537289 0.04029038415250602 -0.024555405256413143 0.0057103582993180942 -0.041999617829698944 -0.041837029490583121 -0.041876499306143941 -0.041748382222466462 -0.041779866763653181 -0.041840418515597777 -0.041808460990663397
leaf_weight=0.41945013613440263 1.8675551936030368 2.3494243621826172 1.9662943193688986 2.4980446649715304 0.095961460843682178 0.14842732553370286 0.14568345691077411 0.26959539658855625 0.86955364583991468 0.10549141583032906 0.58104517846368253
leaf_count=136 8 21 33 31 11 39 28 140 294 24 163
internal_value=0.00395321 0.0178428 0.00889975 0.0224703 -0.041804 -0.0417966 -0.0418246 -0.0417818 -0.0417724 -0.0418022 -0.0418143
internal_weight=11.3165 8.68132 6.81376 4.84747 2.63521 2.53925 0.875156 1.66409 1.13915 0.524942 0.729473
internal_count=928 93 85 52 835 824 230 594 434 160 202
is_linear=0
shrinkage=0.05


Tree=252
num_leaves=21
num_cat=0
split_feature=1 8 1 4 1 4 1 4 4 7 0 6 0 3 0 0 2 2 3 2
split_gain=7.00862 7.35965 4.75434 2.6896 8.27317 2.21177 2.83136 1.07379 1.99895 1.01873 0.506064 0.559965 0.915493 0.461616 0.358626 0.0792337 0.0535837 0.0268259 0.0131584 0.00485023
threshold=29082.620000000003 2.5000000000000004 25664.665000000001 39905.000000000007 22542.815000000006 39497.500000000007 18512.470000000005 46075.000000000007 42520.000000000007 1.5000000000000002 41308.150000000009 90.500000000000014 33600.05000000001 0.73827354215837071 36568.900000000009 34518.900000000001 9361.0050000000028 9461.0250000000015 0.59987166716812645 8583.1650000000027
decision_type=2 2 2 2 2 2 2 2 2 2 2 2 2 2 2 2 2 2 2 2
left_child=1 3 5 4 18 6 -3 8 -5 -7 11 15 -13 -9 -14 -2 -17 19 -1 -4
right_child=10 2 17 7 -6 9 -8 13 -10 -11 -12 12 14 -15 -16 16 -18 -19 -20 -21
leaf_value=0.044271492418903713 -0.063466592864939386 0.0073963328758660952 -0.043002933139113186 0.050322994190783926 -0.070096749836549663 0.038048422497026925 -0.04351216956256989 0.045532540474577846 0.0030112759780342858 0.0043755154032247487 -0.004938592158969992 0.02019621444828143 -0.020784932471697343 0.073865210410963153 -0.046011391036429469 -0.043351641328413341 -0.057105232209133265 -0.05305971197084125 0.050221330079634932 -0.046281972499259971
leaf_weight=1.6906085051596194 1.3023202382028083 6.9225493222475105 5.0957950791344038 4.853423170745371 2.4831421673297882 4.2962196022272092 4.5109538491815329 4.1019072383642188 4.1343547850847244 4.7071565501391888 1.2091020504012693 0.79819835256785143 2.2240793788805604 2.2133602723479271 3.8436898132786155 1.8263406092301013 1.1566885858774183 0.87299755215644825 2.0634327232837677 1.4482513498514888
leaf_count=31 14 39 175 42 20 19 143 53 37 26 28 17 65 11 104 64 5 5 13 17
internal_value=-0.00199099 0.00643519 -0.0105372 0.0283824 0.000707676 0.00190737 -0.012689 0.039662 0.0285597 0.0204435 -0.0356633 -0.0389947 -0.0301429 0.0554625 -0.0367649 -0.0531769 -0.0486847 -0.0448269 0.0475419 -0.0437286
internal_weight=61.7546 49.3942 27.8539 21.5402 6.23718 20.4369 11.4335 15.303 8.98778 9.00338 12.3604 11.1513 6.86597 6.31527 6.06777 4.28535 2.98303 7.41704 3.75404 6.54405
internal_count=928 631 424 207 64 227 182 143 79 45 297 269 186 64 169 83 69 197 44 192
is_linear=0
shrinkage=0.05


Tree=253
num_leaves=17
num_cat=0
split_feature=1 2 4 1 7 2 2 0 2 0 5 3 2 6 4 0
split_gain=3.5247 1.44227 2.10061 2.13783 2.01428 2.69165 1.56859 1.30205 1.14185 0.662851 0.219024 0.00334961 0.00247659 0.000386132 0.000246052 3.97557e-05
threshold=34926.080000000009 4839.4500000000007 37852.500000000007 30514.410000000003 5.5000000000000009 14546.135000000002 5133.2650000000003 36625.350000000006 7082.545000000001 35097.750000000007 22.500000000000004 0.86073166372635701 5133.2650000000003 93.500000000000014 37010.000000000007 40891.850000000013
decision_type=2 2 2 2 2 2 2 2 2 2 2 2 2 2 2 2
left_child=1 2 11 -4 5 6 -3 -5 -6 -10 -7 -1 13 15 -13 -2
right_child=12 4 3 7 8 10 -8 -9 9 -11 -12 14 -14 -15 -16 -17
leaf_value=-0.047906323446916102 -0.043623596760713874 0.034239348934753513 0.028558104533756998 -0.045493785534365616 0.050102848252726963 -0.025000508101272759 0.0018363143660813375 0.010395375321246389 0.023392171141474669 -0.016340302944387011 -0.049500550861251241 -0.044164435539873939 -0.04665875211377267 -0.044626848456522705 -0.045138186458746288 -0.043169467594998234
leaf_weight=1.1455701105296596 1.4313316065818069 3.9364437311887732 3.5607480406761169 2.6627127975225449 3.2850030288100225 1.5260198134928935 72.948794450610876 1.7122162766754625 3.860035315155983 1.4417749270796774 2.2679173089563847 1.2736305575817823 1.0428013131022451 1.0854380317032335 1.3222412839531898 0.72655681893229473
leaf_count=12 32 20 24 36 34 26 537 18 42 17 34 26 10 19 21 20
internal_value=-0.000130338 0.0017553 -0.0147693 -0.000207864 0.00391692 0.0014666 0.00349532 -0.0236204 0.0269394 0.0125873 -0.039646 -0.0456543 -0.0445391 -0.0438576 -0.0446604 -0.0434707
internal_weight=105.229 100.943 11.6771 7.93568 89.266 80.6792 76.8852 4.37493 8.58681 5.30181 3.79394 3.74144 4.28613 3.24333 2.59587 2.15789
internal_count=928 847 137 78 710 617 557 54 93 59 60 59 81 71 47 52
is_linear=0
shrinkage=0.05


Tree=254
num_leaves=18
num_cat=0
split_feature=2 4 2 4 2 2 6 2 4 0 7 0 7 0 4 2 4
split_gain=3.90722 2.20179 1.96382 3.30956 1.51027 1.21832 4.28629 2.33073 1.03621 2.8623 0.816447 0.0195385 0.0016771 0.00144166 0.000473116 0.000356893 1.57873e-05
threshold=8347.8000000000011 35217.000000000007 14639.925000000001 43067.500000000007 7775.1550000000007 5943.0350000000008 93.500000000000014 5838.1200000000008 33235.000000000007 34518.900000000001 2.5000000000000004 33804.650000000001 1.0000000180025095e-35 35407.700000000004 42782.500000000007 9006.3350000000009 38272.500000000007
decision_type=2 2 2 2 2 2 2 2 2 2 2 2 2 2 2 2 2
left_child=1 -1 8 14 5 7 -7 -3 9 11 -6 -2 -10 -12 16 -14 -4
right_child=2 4 3 -5 10 6 -8 -9 12 -11 13 -13 15 -15 -16 -17 -18
leaf_value=0.041319679947988443 -0.042803274603133531 0.0034486283583110263 -0.042701173072582171 0.055826006377319153 -0.0017926271121449001 0.026510338717031914 -0.029046720860738319 -0.037202128363711826 -0.044860374919129295 0.049427987733142581 -0.042965557926827741 -0.05330654550359986 -0.043907889148828642 -0.0453650011231711 -0.044304584942644082 -0.042883738217947755 -0.042308919748287523
leaf_weight=3.8804083913564673 1.4681935664266337 40.312935814261436 0.4508414790034283 1.8158412128686905 2.0584985949099055 16.208573490381244 4.4179943315684786 3.8640884123742572 1.5935693094506858 1.2560706138610838 1.1694958470761778 0.63396301493048657 1.0114244818687437 1.3470859341323373 0.53625871241092693 5.3512992104515433 0.59512685518711805
leaf_count=22 53 262 17 8 16 110 50 20 30 8 35 8 21 17 8 209 34
internal_value=-5.48506e-05 0.00466737 -0.0235684 0.0097649 0.00261737 0.0045775 0.0146106 -0.000107023 -0.0335793 -0.010289 -0.0251468 -0.0459708 -0.0434098 -0.0442499 -0.0430971 -0.0430465 -0.042478
internal_weight=87.9717 73.2591 14.7126 3.39807 69.3787 64.8036 20.6266 44.177 11.3145 3.35823 4.57508 2.10216 7.95629 2.51658 1.58223 6.36272 1.04597
internal_count=928 532 396 67 510 442 160 282 329 69 68 61 260 52 59 230 51
is_linear=0
shrinkage=0.05


Tree=255
num_leaves=16
num_cat=0
split_feature=3 4 3 3 0 0 1 2 7 1 8 7 3 7 3
split_gain=1.85936 0.932528 2.13335 0.973717 0.181477 0.0282534 0.000167829 3.6821e-05 3.01789e-05 1.45539e-07 1.18494e-07 1.25204e-07 4.96572e-08 3.3206e-08 2.09442e-08
threshold=0.8246692060773978 35555.000000000007 0.90292046884602162 0.92314693386777191 40285.55000000001 40654.500000000007 36429.710000000006 5961.6050000000005 1.0000000180025095e-35 27246.760000000006 2.5000000000000004 1.5000000000000002 0.75922120594378872 1.0000000180025095e-35 0.79402141189428022
decision_type=2 2 2 2 2 2 2 2 2 2 2 2 2 2 2
left_child=7 -2 6 5 -5 -4 8 -1 -3 10 12 -12 -9 -11 -15
right_child=1 2 3 4 -6 -7 -8 9 -10 13 11 -13 -14 14 -16
leaf_value=-0.042464702650173741 0.039312957647180402 -0.042514573562510379 0.034304434847831265 -0.0102340475815779 0.01470508869962772 0.043867594654737913 -0.043353970820114072 -0.041726739829626741 -0.041981345342622711 -0.041825189839235256 -0.041817777113543134 -0.041765959851076714 -0.041780574668670523 -0.041801438020137242 -0.041777000846555133
leaf_weight=0.22282012132927853 2.7141988053917867 0.34631306817755092 1.505604181904346 1.8771673333831134 1.1930802538990972 1.5858315043151376 0.32929135393351305 0.21883053251076467 1.1349989178124813 0.09691703482531 0.14358588098548353 0.61972693097777665 0.053259990061633289 0.23611045978032053 0.13947443873621523
leaf_count=17 15 23 30 43 7 10 11 140 189 27 35 238 20 69 54
internal_value=0.00621294 0.0139993 0.00538122 0.019402 -0.000542845 0.0392101 -0.042333 -0.0418648 -0.042106 -0.0417761 -0.0417656 -0.0417757 -0.0417373 -0.0417991 -0.0417924
internal_weight=12.4172 10.6865 7.97229 6.16168 3.07025 3.09144 1.8106 1.73073 1.48131 1.50791 1.0354 0.763313 0.272091 0.472502 0.375585
internal_count=928 328 313 90 50 40 223 600 212 583 433 273 160 150 123
is_linear=0
shrinkage=0.05


Tree=256
num_leaves=14
num_cat=0
split_feature=3 0 1 0 3 0 1 8 7 2 4 6 0
split_gain=1.1397 0.433347 0.68976 1.26997 0.936892 8.12699e-08 1.2655e-08 9.69675e-09 1.17526e-08 5.25189e-09 4.12747e-09 1.14535e-08 5.41619e-09
threshold=0.90541730792825437 33659.850000000013 34471.635000000009 36389.650000000009 0.91821355705154029 42288.750000000007 26956.060000000009 2.5000000000000004 1.5000000000000002 9006.3350000000009 39715.000000000007 95.500000000000014 35992.000000000007
decision_type=2 2 2 2 2 2 2 2 2 2 2 2 2
left_child=5 -2 -3 -4 -5 6 7 9 -9 -1 11 -8 -12
right_child=1 2 3 4 -6 -7 10 8 -10 -11 12 -13 -14
leaf_value=-0.041718339749228221 0.046253547772340524 -0.024541804629827788 0.085544401353951749 0.045002322285646296 -0.043237459785933213 -0.041798424059390722 -0.041709347576314199 -0.041734341353871635 -0.041711653845775791 -0.041694196471570771 -0.041734474493411014 -0.041743631991416147 -0.041721868684125175
leaf_weight=0.029583008203189598 0.94016195461154017 1.0760133902076634 0.59935173392295826 0.54840813390910603 0.66629625996574759 0.032339193858206161 0.1230413957091514 0.071333621046505868 0.2857143065193668 0.094409650482703 0.12368549354141578 0.030374038266018033 0.27392387005966157
leaf_count=24 6 30 2 12 33 11 117 39 240 132 70 14 198
internal_value=0.00404791 0.0167667 0.00717441 0.025987 -0.00339944 -0.0417204 -0.0417179 -0.041712 -0.0417162 -0.0417 -0.0417231 -0.0417161 -0.0417258
internal_weight=4.89464 3.83023 2.89007 1.81406 1.2147 1.0644 1.03207 0.481041 0.357048 0.123993 0.551025 0.153415 0.397609
internal_count=928 83 77 47 45 845 834 435 279 156 399 131 268
is_linear=0
shrinkage=0.05


Tree=257
num_leaves=11
num_cat=0
split_feature=3 7 3 2 3 1 3 1 0 3
split_gain=2.74454 0.837731 0.824211 0.741728 1.57121 0.0031947 0.000402083 9.35871e-07 3.73155e-07 1.35451e-07
threshold=0.90927831750799637 5.5000000000000009 0.90222567120622355 1556.0350000000001 0.92622742447754225 37691.070000000007 0.90222567120622355 32552.15500000001 41734.05000000001 0.86515318782500417
decision_type=2 2 2 2 2 2 2 2 2 2
left_child=1 5 7 -2 -5 6 8 9 -1 -3
right_child=3 2 -4 4 -6 -7 -8 -9 -10 -11
leaf_value=-0.04178925972562688 0.049083779466413971 -0.041737686993564012 0.067040880846570811 0.031797521045606188 -0.023988972618023421 -0.047601911824432269 -0.043317626738879018 -0.04193865305294809 -0.04191559032312752 -0.041838172524659684
leaf_weight=2.1114115538075584 1.840543285012245 0.16347104834858317 0.38614094257354736 3.6443392671644688 1.9309130320325492 0.29185263626277436 0.53975984826683987 0.11062132462393492 0.060118029126897343 0.042192177847027779
leaf_count=712 8 85 2 33 33 4 15 17 10 9
internal_value=0.00400426 -0.0311338 0.0180229 0.0215622 0.0124766 -0.0426314 -0.0420963 -0.0418214 -0.0417928 -0.0417583
internal_weight=11.1214 3.70557 0.702425 7.4158 5.57525 3.00314 2.71129 0.316285 2.17153 0.205663
internal_count=928 854 113 74 66 741 737 111 722 94
is_linear=0
shrinkage=0.05


Tree=258
num_leaves=21
num_cat=0
split_feature=1 8 1 4 1 4 1 4 4 6 0 6 0 6 0 0 2 2 3 2
split_gain=6.54712 6.90801 4.53674 2.51668 7.69556 2.08214 2.68894 1.0422 1.9669 0.907081 0.492771 0.536583 0.893398 0.444534 0.359633 0.0645241 0.0462297 0.0235395 0.0112486 0.00429095
threshold=29082.620000000003 2.5000000000000004 25664.665000000001 39905.000000000007 22542.815000000006 39497.500000000007 18512.470000000005 46075.000000000007 42520.000000000007 93.500000000000014 41308.150000000009 90.500000000000014 33600.05000000001 94.500000000000014 36568.900000000009 34518.900000000001 9361.0050000000028 9461.0250000000015 0.59987166716812645 8583.1650000000027
decision_type=2 2 2 2 2 2 2 2 2 2 2 2 2 2 2 2 2 2 2 2
left_child=1 3 5 4 18 6 -3 8 -5 -7 11 15 -13 -9 -14 -2 -17 19 -1 -4
right_child=10 2 17 7 -6 9 -8 13 -10 -11 -12 12 14 -15 -16 16 -18 -19 -20 -21
leaf_value=0.044120099551434054 -0.06193342679606794 0.0068775487475424418 -0.042945543957077344 0.050042721232328904 -0.068141655164235732 0.0055351424001660234 -0.043444082104570257 0.045953834650226164 0.0026747257356523552 0.037681264851454378 -0.0045464200825317703 0.019972921125881452 -0.020247721623835261 0.075415554747167837 -0.045888114879225839 -0.043285330425211974 -0.056279914620754025 -0.052533573551501428 0.049772431927965599 -0.04609188694782599
leaf_weight=1.580164924263957 1.2664792686700801 6.8837164416909271 4.8537908121943465 4.6876176595687848 2.4272181205451488 4.9153638705611211 4.3210848150774837 4.2684221491217604 4.1157421320676804 3.9643569849431515 1.1945207873359311 0.79958949424326409 2.1749605871737003 1.8289612755179403 3.6839961810037494 1.7440770622342827 1.1265363395214079 0.84630374610424031 1.9870745986700056 1.3950896766036747
leaf_count=31 14 39 175 42 20 24 143 44 37 21 28 17 65 20 104 64 5 5 13 17
internal_value=-0.00196436 0.00627963 -0.0103387 0.0278962 0.000537815 0.00180272 -0.0125288 0.0389022 0.0278973 0.0198868 -0.0350189 -0.0383906 -0.029604 0.0547911 -0.0363699 -0.0525325 -0.0483849 -0.0447078 0.0472686 -0.043648
internal_weight=60.0651 48.0749 27.1797 20.8952 5.99446 20.0845 11.2048 14.9007 8.80336 8.87972 11.9902 10.7956 6.65855 6.09738 5.85896 4.13709 2.87061 7.09518 3.56724 6.24888
internal_count=928 631 424 207 64 227 182 143 79 45 297 269 186 64 169 83 69 197 44 192
is_linear=0
shrinkage=0.05


Tree=259
num_leaves=13
num_cat=0
split_feature=1 4 3 8 0 1 4 4 3 2 6 0
split_gain=3.33164 1.80204 1.80085 2.93714 2.7884 2.19276 3.23042 2.94785 0.00653692 0.00201925 0.000337523 3.62988e-05
threshold=34926.080000000009 29177.500000000004 0.62586608984288927 3.5000000000000004 32376.650000000005 23922.415000000005 39497.500000000007 35555.000000000007 0.58463043994216624 5133.2650000000003 93.500000000000014 40891.850000000013
decision_type=2 2 2 2 2 2 2 2 2 2 2 2
left_child=1 -1 3 8 -5 6 -4 -7 -3 10 11 -2
right_child=9 2 5 4 -6 7 -8 -9 -10 -11 -12 -13
leaf_value=0.048447307268618275 -0.043541959796654234 -0.043587199139943224 0.055360067201336363 -0.032660846582274493 0.029236554924719989 -0.026412462097464753 -0.026217142027062552 0.0044903484370385606 -0.047586028313715778 -0.046359248439353087 -0.044497287071518864 -0.043097488043601279
leaf_weight=2.0159635860472909 1.369583513587713 1.4226896874606589 4.3167007267475119 3.1639221161603928 4.2819152288138866 8.6748025342822057 1.6881562061607835 69.893367487937212 3.6286048237234354 0.98791822046041478 1.041438329964876 0.69116108678281296
leaf_count=24 32 44 53 14 34 71 15 560 32 10 19 20
internal_value=-0.000167548 0.0016579 0.000686174 -0.0170303 0.0029348 0.00330409 0.0324261 0.00107833 -0.0464598 -0.0443906 -0.0437636 -0.0433929
internal_weight=103.176 99.0861 97.0702 12.4971 7.44584 84.573 6.00486 78.5682 5.05129 4.0901 3.10218 2.06074
internal_count=928 847 823 124 48 699 68 631 76 81 71 52
is_linear=0
shrinkage=0.05


Tree=260
num_leaves=17
num_cat=0
split_feature=2 4 2 4 2 2 6 2 4 0 5 0 7 4 8 4
split_gain=3.64079 2.0835 1.91063 3.09667 1.40611 1.14451 3.99004 2.13417 0.99123 2.7238 0.812529 0.0171506 0.00146727 0.000380126 0.000312556 1.43698e-05
threshold=8347.8000000000011 35217.000000000007 14639.925000000001 43067.500000000007 7775.1550000000007 5943.0350000000008 93.500000000000014 5838.1200000000008 33235.000000000007 34518.900000000001 22.500000000000004 33804.650000000001 1.0000000180025095e-35 42782.500000000007 2.5000000000000004 38272.500000000007
decision_type=2 2 2 2 2 2 2 2 2 2 2 2 2 2 2 2
left_child=1 -1 8 13 5 7 -7 -3 9 11 -6 -2 -10 15 -14 -4
right_child=2 4 3 -5 10 6 -8 -9 12 -11 -12 -13 14 -15 -16 -17
leaf_value=0.040385577026471706 -0.04275600213453231 0.0032277225969578483 -0.042646403897488729 0.055043638367558316 -0.0035118119365822758 0.025634892988564778 -0.028473943801739988 -0.035825385523373714 -0.04473116875238628 0.049031896789671847 -0.046138211255200109 -0.052770863832375919 -0.04258272398131871 -0.044119684512787243 -0.043308323921176436 -0.042259982054629011
leaf_weight=3.825253188610076 1.4068678794428695 39.694477163255215 0.42614806070923716 1.7645219266414642 2.25575092062354 16.045087659731511 4.3255767077207556 3.8364197090268126 1.5233072023838756 1.2109042704105375 2.2163856867700815 0.61409164965152729 2.6123906681314111 0.50283278897404671 3.4364112038165331 0.55250756908208132
leaf_count=22 53 262 17 8 32 110 50 20 30 8 36 8 137 8 93 34
internal_value=-5.61354e-05 0.00447559 -0.0233434 0.0102952 0.00246656 0.00436342 0.0141452 -0.000214065 -0.03345 -0.0102681 -0.0246374 -0.0457991 -0.0433442 -0.0430023 -0.0429949 -0.0424282
internal_weight=86.2489 72.199 14.05 3.24601 68.3737 63.9016 20.3707 43.5309 10.804 3.23186 4.47214 2.02096 7.57211 1.48149 6.0488 0.978656
internal_count=928 532 396 67 510 442 160 282 329 69 68 61 260 59 230 51
is_linear=0
shrinkage=0.05


Tree=261
num_leaves=14
num_cat=0
split_feature=3 0 0 4 0 1 2 1 8 7 2 7 3
split_gain=1.76165 1.13388 0.981243 1.89362 1.26124 0.000367739 3.27812e-05 1.26472e-07 1.05456e-07 1.04023e-07 4.70122e-08 2.49801e-08 1.94725e-08
threshold=0.8246692060773978 41609.55000000001 40654.500000000007 44585.000000000007 35128.80000000001 37251.460000000006 5961.6050000000005 27246.760000000006 2.5000000000000004 1.5000000000000002 9006.3350000000009 1.0000000180025095e-35 0.79402141189428022
decision_type=2 2 2 2 2 2 2 2 2 2 2 2 2
left_child=6 2 3 4 -2 -5 -1 8 10 -10 -8 -9 -13
right_child=1 -3 -4 5 -6 -7 7 11 9 -11 -12 12 -14
leaf_value=-0.042434454581908407 -0.0032175747418515181 -0.049799126786250904 0.046287293528407616 -0.042641557295302807 0.042015678069320078 -0.044734280437181341 -0.041776653417225439 -0.041816663605111964 -0.041810432037340695 -0.041762024720399998 -0.041722925708247427 -0.041796388231812726 -0.041772235141324124
leaf_weight=0.21433797827921885 2.8629075833596254 0.65898108435794789 2.3340369742363691 1.1557634384371338 3.3377323648892343 0.25651141069829453 0.050916061154566483 0.092015843489207327 0.13657062826678157 0.59229457110632211 0.20321691443677992 0.22563968040049076 0.13242176885250956
leaf_count=17 135 19 19 116 35 4 20 27 35 238 140 69 54
internal_value=0.00624561 0.0137175 0.0179254 0.00922998 0.021131 -0.0430217 -0.0418577 -0.0417715 -0.0417614 -0.0417711 -0.0417337 -0.0417934 -0.0417875
internal_weight=12.2533 10.6059 9.94695 7.61291 6.20064 1.41227 1.64741 1.43308 0.982998 0.728865 0.254133 0.450077 0.358061
internal_count=928 328 309 290 170 120 600 583 433 273 160 150 123
is_linear=0
shrinkage=0.05


Tree=262
num_leaves=14
num_cat=0
split_feature=3 0 3 3 0 0 1 8 7 2 4 6 0
split_gain=1.08055 0.405549 0.661439 0.84348 0.331512 7.06006e-08 1.12094e-08 8.65635e-09 9.67176e-09 4.78195e-09 3.41069e-09 1.02446e-08 4.63864e-09
threshold=0.90541730792825437 33659.850000000013 0.95795537991178215 0.91434156948823631 33756.850000000013 42288.750000000007 26956.060000000009 2.5000000000000004 1.5000000000000002 9006.3350000000009 39715.000000000007 95.500000000000014 35992.000000000007
decision_type=2 2 2 2 2 2 2 2 2 2 2 2 2
left_child=5 -2 3 -3 -5 6 7 9 -9 -1 11 -8 -12
right_child=1 2 -4 4 -6 -7 10 8 -10 -11 12 -13 -14
leaf_value=-0.041716161239446041 0.045454140491369033 0.043292013197494983 0.04367412686795643 0.0084953555090020207 -0.044491834464877734 -0.041792695812169059 -0.041707640419503422 -0.041730949407859035 -0.041709839395901435 -0.041692457299939145 -0.041731473684978572 -0.041740741116001151 -0.041719522158308806
leaf_weight=0.028095175453927146 0.91380355879664454 0.5607906901277605 0.86563240364193905 0.4164825677871703 1.0135566615499554 0.030747983139008284 0.1170740972738713 0.067722784937359393 0.27291293337475508 0.087668961117742583 0.11781382054323331 0.02920703892596066 0.2611409931560047
leaf_count=24 6 20 8 2 47 11 117 39 240 132 70 14 198
internal_value=0.00414584 0.0164611 0.00718605 -0.00867933 -0.0290599 -0.0417181 -0.0417158 -0.04171 -0.041714 -0.0416982 -0.0417207 -0.0417142 -0.0417232
internal_weight=4.78265 3.77027 2.85646 1.99083 1.43004 1.01238 0.981636 0.4564 0.340636 0.115764 0.525236 0.146281 0.378955
internal_count=928 83 77 69 49 845 834 435 279 156 399 131 268
is_linear=0
shrinkage=0.05


Tree=263
num_leaves=11
num_cat=0
split_feature=3 7 3 6 1 1 3 1 0 3
split_gain=2.57206 0.805837 0.767605 0.579851 0.507551 0.00269379 0.000347743 8.13397e-07 3.11936e-07 1.13538e-07
threshold=0.90927831750799637 5.5000000000000009 0.90222567120622355 90.500000000000014 34982.81500000001 37691.070000000007 0.90222567120622355 32552.15500000001 41734.05000000001 0.86515318782500417
decision_type=2 2 2 2 2 2 2 2 2 2
left_child=1 5 7 -2 -5 6 8 9 -1 -3
right_child=3 2 -4 4 -6 -7 -8 -9 -10 -11
leaf_value=-0.04178418877495569 0.037729651664788422 -0.041733502123920713 0.065600053023058977 -0.0083004987855701887 0.025921734131737678 -0.047250132778270594 -0.043237271914574348 -0.041925842115972459 -0.041902996290837102 -0.041828519823621166
leaf_weight=2.0116137389559317 3.0133292227983475 0.15288901550229628 0.37663870304822922 2.1217969981953502 2.213904682546854 0.27882700692862261 0.51695870608091343 0.10539063322357833 0.05680831754580129 0.039577800082042813
leaf_count=712 21 85 2 30 23 4 15 17 10 9
internal_value=0.00401924 -0.0310022 0.0181659 0.0208828 0.00917413 -0.0425809 -0.0420773 -0.0418142 -0.0417875 -0.041753
internal_weight=10.8877 3.5387 0.674496 7.34903 4.3357 2.86421 2.58538 0.297857 2.06842 0.192467
internal_count=928 854 113 74 53 741 737 111 722 94
is_linear=0
shrinkage=0.05


Tree=264
num_leaves=22
num_cat=0
split_feature=1 8 1 4 0 2 4 1 2 6 0 6 0 8 6 0 4 2 2 2 2
split_gain=6.1296 6.44485 4.34946 2.4071 2.27323 1.91849 1.86635 2.56853 1.23573 0.84996 0.482786 0.518224 0.864347 1.94436 0.439938 0.0556463 0.0497466 0.048267 0.0396576 0.0205507 0.00376542
threshold=29082.620000000003 2.5000000000000004 25664.665000000001 46075.000000000007 35849.350000000013 10173.825000000003 39497.500000000007 18512.470000000005 9006.3350000000009 93.500000000000014 41308.150000000009 90.500000000000014 36568.900000000009 2.5000000000000004 94.500000000000014 34518.900000000001 47072.500000000007 9767.1450000000023 9361.0050000000028 9461.0250000000015 8583.1650000000027
decision_type=2 2 2 2 2 2 2 2 2 2 2 2 2 2 2 2 2 2 2 2 2
left_child=1 3 6 4 8 -6 7 -3 -1 -8 11 15 13 -13 16 -2 -5 -14 -17 20 -4
right_child=10 2 19 14 5 -7 9 -9 -10 -11 -12 12 17 -15 -16 18 -18 -19 -20 -21 -22
leaf_value=0.010275704236214015 -0.060863894186927829 0.0067985191349424949 -0.04289066974262299 0.040465438841744784 0.024108696800676493 -0.040486355791566647 0.0050815837706103548 -0.043376168902361643 0.046258642318692936 0.036508679013893257 -0.0041434377113597131 0.040156909319406173 -0.042826612136047389 -0.042810803501470561 0.075298539962256286 -0.043220345899169794 0.051501466688396925 -0.057422095026689761 -0.055473931952603528 -0.052011003408252501 -0.045898401126865489
leaf_weight=4.3124036993831414 1.2323419339954838 6.8176418468356186 4.641803457401692 2.2817337401211253 2.0395232886075965 2.63402259349823 4.8316791206598264 4.075395692139864 5.3412278890609741 3.8784199617803097 1.1813918482512225 1.1916840113699438 2.8256494486704473 1.7331801531836388 1.753133703023195 1.6635038889944556 1.8482546545565126 0.70846003293991078 1.094900384545326 0.81876425445079792 1.3412553053349254
leaf_count=34 14 39 175 25 14 27 24 143 68 21 28 15 101 67 20 64 19 3 5 5 17
internal_value=-0.0019682 0.00613391 -0.0101312 0.0273844 0.016327 -0.0122972 0.00182233 -0.0119733 0.0301846 0.0190754 -0.0344399 -0.0378651 -0.0291128 -0.00900708 0.0543126 -0.0520306 0.0454043 -0.0457525 -0.0480842 -0.0445816 -0.0435649
internal_weight=58.2464 46.6153 26.405 20.2103 14.3272 4.67355 19.6031 10.893 9.65363 8.7101 11.6311 10.4497 6.45897 2.92486 5.88312 3.99075 4.12999 3.53411 2.7584 6.80182 5.98306
internal_count=928 631 424 207 143 41 227 182 102 45 297 269 186 82 64 83 44 104 69 197 192
is_linear=0
shrinkage=0.05


Tree=265
num_leaves=13
num_cat=0
split_feature=1 2 1 4 8 5 2 0 6 2 6 4
split_gain=3.14901 1.59117 1.53315 5.75902 3.96396 5.67283 3.09268 1.68625 0.435979 0.00165027 0.000296774 2.95494e-05
threshold=34926.080000000009 3044.9200000000005 29082.620000000003 46075.000000000007 2.5000000000000004 22.500000000000004 4839.4500000000007 39565.80000000001 94.500000000000014 5133.2650000000003 93.500000000000014 48055.000000000007
decision_type=2 2 2 2 2 2 2 2 2 2 2 2
left_child=1 -1 3 6 7 -6 -3 -4 -5 10 11 -2
right_child=9 2 4 8 5 -7 -8 -9 -10 -11 -12 -13
leaf_value=-0.045035896109761164 -0.043134936059881668 -0.04664587068078354 0.042713297061487902 -0.042686513223307909 -0.033454421537497191 0.041983846708592787 0.0050717892985499766 0.0078288872970702431 -0.074272460891118205 -0.046082541273725491 -0.044375845103550395 -0.043523170585340151
leaf_weight=1.7988089229911555 1.0397027693688867 3.0346107110381118 9.3320261687040347 3.5843942128121844 7.8074446935206634 3.6604120992124081 60.936672890558839 5.5093044266104689 1.5714566297829149 0.93594637513160694 1.0000049285590646 0.9272018540650605
leaf_count=30 30 39 62 44 65 30 528 29 20 10 19 22
internal_value=-0.000214731 0.00155285 0.00243097 -0.00147866 0.0127035 -0.00937537 0.00261845 0.0297637 -0.0523136 -0.044252 -0.0436745 -0.043318
internal_weight=101.138 97.2351 95.4363 69.1271 26.3092 11.4679 63.9713 14.8413 5.15585 3.90286 2.96691 1.9669
internal_count=928 847 817 631 186 95 567 91 64 81 71 52
is_linear=0
shrinkage=0.05


Tree=266
num_leaves=18
num_cat=0
split_feature=2 2 4 4 7 1 0 0 6 4 0 0 2 7 3 2 4
split_gain=3.38015 1.88519 2.92023 1.85761 1.36693 4.30616 2.36308 2.36272 1.98571 0.912121 2.55999 0.0160117 0.0142728 0.00128468 0.000329491 0.000278938 1.20373e-05
threshold=8347.8000000000011 14639.925000000001 43067.500000000007 35217.000000000007 2.5000000000000004 28180.78000000001 39457.000000000007 40488.350000000013 95.500000000000014 33235.000000000007 34518.900000000001 33804.650000000001 5810.6800000000012 1.0000000180025095e-35 0.57928555021344741 9006.3350000000009 38272.500000000007
decision_type=2 2 2 2 2 2 2 2 2 2 2 2 2 2 2 2 2
left_child=3 9 14 -1 7 12 -7 8 -5 10 11 -2 -6 -11 16 -15 -3
right_child=1 2 -4 4 5 6 -8 -9 -10 13 -12 -13 -14 15 -16 -17 -18
leaf_value=0.038608655125484774 -0.042711560488449117 -0.04258144531999896 0.054447738149633246 0.018191476092473628 -0.049240082018469383 -0.0055804522224485176 0.031692827787979959 -0.026325846165900859 -0.013667450297285087 -0.044601583038284348 0.048486192721801796 -0.052519911091468655 -0.043969823232465829 -0.043728181510750079 -0.043994588473342283 -0.042782932411952357 -0.042215309186361225
leaf_weight=3.7353863194584838 1.3345492510125025 0.39906841143965632 1.7231971174478531 28.894615486264229 2.0852131545543697 17.484364395961169 5.6188190300017586 4.3403320237994185 5.8875446766614905 1.4564346764236686 1.146178066730499 0.60458886250853527 3.3461386915296316 0.93325346335768689 0.4793364517390728 4.7673476915806532 0.51312977634370327
leaf_count=22 53 17 8 196 14 135 41 21 31 30 8 8 72 21 8 209 34
internal_value=-3.54557e-05 -0.023121 0.0109419 0.0042837 0.0023886 -0.00593315 0.00348461 0.00845818 0.0127987 -0.0334796 -0.0107541 -0.0457696 -0.0459932 -0.0432763 -0.0429332 -0.0429377 -0.0423755
internal_weight=84.7495 13.3571 3.11473 71.3924 67.657 28.5345 23.1032 39.1225 34.7822 10.2424 3.08532 1.93914 5.43135 7.15704 1.39153 5.7006 0.912198
internal_count=928 396 67 532 510 262 176 248 227 329 69 61 86 260 59 230 51
is_linear=0
shrinkage=0.05


Tree=267
num_leaves=16
num_cat=0
split_feature=3 4 3 3 2 0 1 2 7 1 8 7 3 7 3
split_gain=1.66624 0.888086 1.96469 0.877948 0.196084 0.16747 0.000175401 3.00509e-05 2.22247e-05 1.11201e-07 9.04417e-08 8.96224e-08 4.41941e-08 1.91729e-08 1.81369e-08
threshold=0.8246692060773978 35555.000000000007 0.90292046884602162 0.92314693386777191 3200.8400000000006 40285.55000000001 36429.710000000006 5961.6050000000005 1.0000000180025095e-35 27246.760000000006 2.5000000000000004 1.5000000000000002 0.75922120594378872 1.0000000180025095e-35 0.79402141189428022
decision_type=2 2 2 2 2 2 2 2 2 2 2 2 2 2 2
left_child=7 -2 6 4 -4 -5 8 -1 -3 10 12 -12 -9 -11 -15
right_child=1 2 3 5 -6 -7 -8 9 -10 13 11 -13 -14 14 -16
leaf_value=-0.042412872571921029 0.038260793722278592 -0.042447062137871583 0.050667840929772529 -0.010275356191296587 0.025336903852287179 0.013937254582923046 -0.043370250513488584 -0.041719414751309337 -0.041971719599955666 -0.041808728170454751 -0.041803646791170337 -0.04175752310769168 -0.041772784117358283 -0.041791295379086921 -0.041767418970983745
leaf_weight=0.20749646122567433 2.6872082799673063 0.31919190473854531 1.4220076203346255 1.8493238827213647 1.6509550195187328 1.1634517535567281 0.32552027329802502 0.18840821168851085 1.070954881608486 0.087346862885169685 0.12967761000618339 0.56069848494371399 0.048846736550331116 0.21534676261944696 0.12611632363405079
leaf_count=17 15 23 13 43 27 7 11 140 189 27 35 238 20 69 54
internal_value=0.00629216 0.0134709 0.004932 0.0182546 0.0370587 -0.000925106 -0.0423255 -0.0418525 -0.0420809 -0.0417668 -0.041757 -0.0417662 -0.0417304 -0.0417878 -0.0417825
internal_weight=12.0526 10.4886 7.80141 6.08574 3.07296 3.01278 1.71567 1.56394 1.39015 1.35644 0.927631 0.690376 0.237255 0.42881 0.341463
internal_count=928 328 313 90 40 50 223 600 212 583 433 273 160 150 123
is_linear=0
shrinkage=0.05


Tree=268
num_leaves=14
num_cat=0
split_feature=3 4 1 0 0 0 1 8 7 2 6 4 4
split_gain=1.02353 0.403252 1.04551 1.10677 0.923751 6.14665e-08 1.01408e-08 7.48018e-09 8.3055e-09 4.33661e-09 2.91411e-09 7.16077e-09 2.16717e-09
threshold=0.90541730792825437 36767.500000000007 34471.635000000009 36389.650000000009 41521.600000000006 42288.750000000007 26956.060000000009 2.5000000000000004 1.5000000000000002 9006.3350000000009 95.500000000000014 39715.000000000007 42782.500000000007
decision_type=2 2 2 2 2 2 2 2 2 2 2 2 2
left_child=5 -2 -3 -4 -5 6 7 9 -9 -1 11 -8 -12
right_child=1 2 3 4 -6 -7 10 8 -10 -11 12 -13 -14
leaf_value=-0.041714054879520693 0.03970400807600144 -0.046430258608423168 0.080520980511278747 -0.042994941023956137 0.045428549038878441 -0.041787242717733555 -0.041706024634976004 -0.041727889312380299 -0.041707806306422859 -0.041690857382550975 -0.041736804942227347 -0.041720728647915872 -0.041719219380428711
leaf_weight=0.026787557930219807 1.2214078828692438 0.7153426667209718 0.59901705384254444 0.64970200718380489 0.5415745060890913 0.029239912400953472 0.11176335034542717 0.064287814544513822 0.25842874922091141 0.081269720598356798 0.034639319987036288 0.31950104943825863 0.035447881033178419
leaf_count=24 8 28 2 37 8 11 117 39 240 132 18 238 26
internal_value=0.00428281 0.0161478 0.00466506 0.0250811 -0.00279612 -0.0417159 -0.0417136 -0.041708 -0.0417118 -0.0416966 -0.0417185 -0.0417169 -0.0417279
internal_weight=4.68841 3.72704 2.50564 1.79029 1.19128 0.961365 0.932125 0.430774 0.322717 0.108057 0.501352 0.431264 0.0700872
internal_count=928 83 75 47 45 845 834 435 279 156 399 355 44
is_linear=0
shrinkage=0.05


Tree=269
num_leaves=8
num_cat=0
split_feature=3 0 4 1 4 3 3
split_gain=2.44697 2.34051 1.05007 2.41001 0.591619 0.00722687 7.37169e-05
threshold=0.96140633523142494 42288.750000000007 44810.000000000007 31667.355 48480.000000000007 0.95033484724358985 0.90292046884602162
decision_type=2 2 2 2 2 2 2
left_child=1 2 3 6 5 -4 -1
right_child=-2 -3 4 -5 -6 -7 -8
leaf_value=-0.041772369344684084 0.062102375617864303 0.059809621314280081 -0.044196683227819139 0.032042773144513398 0.00748999433453115 -0.049629698624445336 -0.042582196096563281
leaf_weight=1.5822260559070835 1.552469655871392 1.1842845631763337 1.9503880165866583 2.5766837946139276 0.63469641446135927 0.89201709628105152 0.34169774502515782
leaf_count=624 6 15 187 39 35 6 16
internal_value=0.00405497 -0.00578097 -0.0155178 0.000426725 -0.0361558 -0.0459017 -0.0419162
internal_weight=10.7145 9.16199 7.97771 4.50061 3.4771 2.84241 1.92392
internal_count=928 922 907 679 228 193 640
is_linear=0
shrinkage=0.05


Tree=270
num_leaves=21
num_cat=0
split_feature=1 8 1 4 1 4 1 2 6 4 0 6 0 8 0 2 2 2 1 2
split_gain=5.59869 5.7888 4.19733 2.34221 6.69415 1.75859 2.4688 1.02382 0.788525 0.631024 0.469345 0.500414 0.855989 1.84564 0.0443669 0.0387739 0.0336369 0.0179034 0.00737461 0.00329094
threshold=29082.620000000003 2.5000000000000004 25664.665000000001 39905.000000000007 22542.815000000006 39497.500000000007 18512.470000000005 7936.4500000000007 93.500000000000014 46075.000000000007 41308.150000000009 90.500000000000014 36568.900000000009 2.5000000000000004 34518.900000000001 9767.1450000000023 9361.0050000000028 9461.0250000000015 18743.280000000002 8583.1650000000027
decision_type=2 2 2 2 2 2 2 2 2 2 2 2 2 2 2 2 2 2 2 2
left_child=1 3 5 4 18 6 -3 -5 -7 -9 11 14 13 -13 -2 -14 -16 19 -1 -4
right_child=10 2 17 7 -6 8 -8 9 -10 -11 -12 12 15 -15 16 -17 -18 -19 -20 -21
leaf_value=0.044205289096670111 -0.059377007335837478 0.0065744423651118936 -0.042840649546355095 0.013296354797568506 -0.0638445746566869 0.005235092792352198 -0.0433080754524717 0.032560065982618382 0.035671939574301079 0.056903255404446476 -0.0036894752380138909 0.038772496473531995 -0.042763212135017131 -0.042741824674064517 -0.043143635475879932 -0.056126287996250294 -0.054653312881585293 -0.051510649711044514 0.049022358325792458 -0.045711434583506363
leaf_weight=1.6177061647176771 1.1883830185979589 6.8169215321540886 4.4334843456745139 3.4085841849446288 2.4157851058989763 4.7879895493388158 3.8992375507950783 5.3028729818761331 3.830160528421402 5.345861405134201 1.1701019350439299 1.2053824216127398 2.6737452810630207 1.6381359668448565 1.5872973715886476 0.68111693859100331 1.0578410178422926 0.79140850156545628 1.5614313930273054 1.2884093709290025
leaf_count=33 14 39 175 21 20 24 143 59 21 63 28 15 101 67 64 3 5 5 11 17
internal_value=-0.00199239 0.00580335 -0.00974754 0.0262566 -0.00110431 0.001947 -0.0115761 0.0371465 0.0187621 0.0447808 -0.0336568 -0.0371521 -0.0283699 -0.00818747 -0.051352 -0.0454762 -0.0477466 -0.044462 0.0465712 -0.0434871
internal_weight=56.7019 45.4999 25.8476 19.6522 5.59492 19.3343 10.7162 14.0573 8.61815 10.6487 11.202 10.0319 6.19838 2.84352 3.83352 3.35486 2.64514 6.5133 3.17914 5.72189
internal_count=928 631 424 207 64 227 182 143 45 122 297 269 186 82 83 104 69 197 44 192
is_linear=0
shrinkage=0.05


Tree=271
num_leaves=10
num_cat=0
split_feature=1 1 1 2 2 2 2 6 4
split_gain=2.96935 1.51692 2.18008 2.5054 1.59233 1.03641 0.00132458 0.000272083 2.32025e-05
threshold=34926.080000000009 16951.125000000004 17756.630000000005 13489.085000000001 12921.220000000003 14303.640000000001 5133.2650000000003 93.500000000000014 48055.000000000007
decision_type=2 2 2 2 2 2 2 2 2
left_child=1 -1 -3 4 -4 -5 7 8 -2
right_child=6 2 3 5 -6 -7 -8 -9 -10
leaf_value=-0.042477629349915329 -0.043065385206371293 0.041338161001865964 0.0019930083416049649 -0.055579524812769066 0.044446645795398185 -0.013548322289236525 -0.045795398012776073 -0.044269662438428399 -0.043418576745753057
leaf_weight=1.9238777179270972 0.98552946001291253 3.4572823233902445 81.589763384312391 2.3961855322122565 2.270186372101306 3.7808188758790493 0.89033292979001988 0.95516110025346268 0.88039917498826981
leaf_count=33 30 22 703 24 20 45 10 19 22
internal_value=-0.000236268 0.00147042 0.00237476 0.000878624 0.00314228 -0.0298531 -0.044114 -0.0435834 -0.043232
internal_weight=99.1295 95.4181 93.4942 90.037 83.8599 6.177 3.71142 2.82109 1.86593
internal_count=928 847 814 792 723 69 81 71 52
is_linear=0
shrinkage=0.05


Tree=272
num_leaves=19
num_cat=0
split_feature=2 2 4 4 7 1 3 4 0 5 4 0 0 2 7 3 2 4
split_gain=3.13272 1.84754 2.77191 1.75098 1.26029 4.10265 2.27178 2.32744 2.13311 1.89626 0.877341 2.43938 0.01395 0.0122965 0.00111921 0.000278058 0.000237673 1.11477e-05
threshold=8347.8000000000011 14639.925000000001 43067.500000000007 35217.000000000007 2.5000000000000004 28180.78000000001 0.82836939476201243 36349.500000000007 39457.000000000007 22.500000000000004 33235.000000000007 34518.900000000001 33804.650000000001 5810.6800000000012 1.0000000180025095e-35 0.57928555021344741 9006.3350000000009 38272.500000000007
decision_type=2 2 2 2 2 2 2 2 2 2 2 2 2 2 2 2 2 2
left_child=3 10 15 -1 6 13 9 -8 -7 -5 11 12 -2 -6 -12 17 -16 -3
right_child=1 2 -4 4 5 8 7 -9 -10 -11 14 -13 -14 -15 16 -17 -18 -19
leaf_value=0.037697570411890202 -0.042663237520404754 -0.042538959145038163 0.053956659572393352 0.044220890120782778 -0.048854476926418033 -0.005264914761761494 -0.041441388088883202 0.0046543743132663349 0.030530689992982502 0.0081961308171541077 -0.044473977956241945 0.048164915375682439 -0.05199275094163102 -0.04386585516912811 -0.043630123932886317 -0.04386554026557913 -0.042736400411282835 -0.042176745165643105
leaf_weight=3.6863482668995848 1.2757999291643485 0.38126017898321063 1.6870808601379395 6.3145965412259075 2.0095323324203518 17.217127107083801 3.1602604836225536 20.513947449624538 5.4887240529060355 8.6660462953150272 1.3902652431279419 1.1064507365226743 0.58412944898009289 3.2059777230024338 0.89043065533041943 0.45477822050452232 4.5204103887081146 0.47966719791293144
leaf_count=22 53 17 8 45 14 135 16 140 41 47 30 8 8 72 21 8 209 34
internal_value=1.35155e-05 -0.0227672 0.0115329 0.00415393 0.00229661 -0.0057977 0.00814333 -0.00149893 0.00338802 0.0233812 -0.033312 -0.0106217 -0.0455933 -0.045788 -0.0432086 -0.0428654 -0.0428835 -0.0423372
internal_weight=83.0328 12.7703 3.00279 70.2626 66.5762 27.9214 38.6549 23.6742 22.7059 14.9806 9.76749 2.96638 1.85993 5.21551 6.80111 1.31571 5.41084 0.860927
internal_count=928 396 67 532 510 262 248 156 176 92 329 69 61 86 260 59 230 51
is_linear=0
shrinkage=0.05


Tree=273
num_leaves=16
num_cat=0
split_feature=3 4 3 3 2 0 1 2 7 1 8 7 2 7 3
split_gain=1.56998 0.848619 1.82737 0.796204 0.191468 0.140351 0.000157739 2.62965e-05 1.90619e-05 9.47785e-08 7.97849e-08 7.7746e-08 3.98411e-08 1.40391e-08 1.80336e-08
threshold=0.8246692060773978 35555.000000000007 0.90292046884602162 0.92314693386777191 3200.8400000000006 40285.55000000001 36429.710000000006 5961.6050000000005 1.0000000180025095e-35 27246.760000000006 2.5000000000000004 1.5000000000000002 9006.3350000000009 1.0000000180025095e-35 0.79402141189428022
decision_type=2 2 2 2 2 2 2 2 2 2 2 2 2 2 2
left_child=7 -2 6 4 -4 -5 8 -1 -3 10 12 -12 -9 -11 -15
right_child=1 2 3 5 -6 -7 -8 9 -10 13 11 -13 -14 14 -16
leaf_value=-0.042381479214736943 0.037273075577667215 -0.042409347885454682 0.048757017735797027 -0.0096459841520441531 0.023689207836315566 0.01259947712332061 -0.043313190731918416 -0.041768299216851296 -0.041958030197704159 -0.041800592207006562 -0.041797554370491923 -0.041753569971205301 -0.041716310881186013 -0.041786518751531165 -0.041762119222564016
leaf_weight=0.19778286991641003 2.6865891814231855 0.30367927998304356 1.4065691689029338 1.8384444648399951 1.6615685382857917 1.1541890129446981 0.31093949661590148 0.046617679763585107 1.0190755306975914 0.082889048033393919 0.12369865993969142 0.53492635954171419 0.17591521807480603 0.20589365850901231 0.11978652223479003
leaf_count=17 15 23 13 43 27 7 11 20 189 27 35 238 140 69 54
internal_value=0.00619603 0.0130798 0.00463254 0.0172833 0.0351814 -0.00106643 -0.0422998 -0.0418446 -0.0420616 -0.0417623 -0.0417531 -0.0417618 -0.0417272 -0.0417822 -0.0417775
internal_weight=11.8686 10.3811 7.69447 6.06077 3.06814 2.99263 1.63369 1.48751 1.32275 1.28973 0.881158 0.658625 0.222533 0.408569 0.32568
internal_count=928 328 313 90 40 50 223 600 212 583 433 273 160 150 123
is_linear=0
shrinkage=0.05


Tree=274
num_leaves=14
num_cat=0
split_feature=3 4 1 0 3 0 1 8 7 2 6 4 4
split_gain=0.96585 0.377385 0.990545 0.754814 1.13461 4.9771e-08 8.62712e-09 6.58051e-09 7.12356e-09 3.91338e-09 2.71311e-09 6.07584e-09 2.06274e-09
threshold=0.90541730792825437 36767.500000000007 34471.635000000009 36500.100000000006 0.91434156948823631 42288.750000000007 26956.060000000009 2.5000000000000004 1.5000000000000002 9006.3350000000009 95.500000000000014 39715.000000000007 42782.500000000007
decision_type=2 2 2 2 2 2 2 2 2 2 2 2 2
left_child=5 -2 -3 -4 -5 6 7 9 -9 -1 11 -8 -12
right_child=1 2 3 4 -6 -7 10 8 -10 -11 12 -13 -14
leaf_value=-0.041712041761011329 0.038800948259963504 -0.046317061135796797 0.067456505079548049 0.058646659192833087 -0.043247128031602536 -0.041779591883327763 -0.041704245136269691 -0.041725083722723745 -0.04170602692682137 -0.041689422506799356 -0.041734203181974003 -0.041718147704524061 -0.041716655681139775
leaf_weight=0.025573250139132031 1.1961063519120219 0.68860931717790697 0.64539905264973629 0.47132568247616269 0.64995677163824439 0.027676970174070448 0.106035227276152 0.061207861988805234 0.24664814455900341 0.07580292719649151 0.033394375292118639 0.3036047266505193 0.033596956345718354
leaf_count=24 8 28 3 9 35 11 117 39 240 132 18 238 26
internal_value=0.00426686 0.0157707 0.00455136 0.0243786 -0.000416565 -0.0417136 -0.0417115 -0.0417062 -0.0417098 -0.0416951 -0.0417161 -0.0417145 -0.0417254
internal_weight=4.56494 3.6514 2.45529 1.76668 1.12128 0.91354 0.885863 0.409232 0.307856 0.101376 0.476631 0.40964 0.0669913
internal_count=928 83 75 47 44 845 834 435 279 156 399 355 44
is_linear=0
shrinkage=0.05


Tree=275
num_leaves=11
num_cat=0
split_feature=3 2 2 4 6 0 4 1 8 4
split_gain=2.29958 0.836247 1.12129 2.27393 0.259652 1.14044e-06 2.83219e-07 1.34799e-07 8.13571e-08 4.05825e-08
threshold=0.90222567120622355 1556.0350000000001 3545.2000000000003 44810.000000000007 90.500000000000014 42288.750000000007 48480.000000000007 26956.060000000009 2.5000000000000004 39715.000000000007
decision_type=2 2 2 2 2 2 2 2 2 2
left_child=5 -2 3 4 -3 6 7 8 -1 -9
right_child=1 2 -4 -5 -6 -7 -8 9 -10 -11
leaf_value=-0.041732458490293008 0.046959686569951628 0.040140218665792732 0.042025547237195066 -0.046463334186261293 0.0098316888457919711 -0.041962796686492915 -0.041847057815815394 -0.041768855368103236 -0.041766474913373812 -0.041790864623163698
leaf_weight=0.23358214116888287 1.7315790355205516 1.3089627549052241 1.7581387124955652 1.9366157054901121 1.5356960166245697 0.085467695957049616 0.13293437426909793 0.29727340332465224 0.71026191581040621 0.70890241838060319
leaf_count=156 8 17 10 32 26 11 31 127 279 231
internal_value=0.00404766 0.0160634 0.00788231 -0.00467262 0.0237781 -0.0417838 -0.0417764 -0.0417716 -0.0417581 -0.0417844
internal_weight=10.4394 8.27099 6.53941 4.78127 2.84466 2.16842 2.08295 1.95002 0.943844 1.00618
internal_count=928 93 85 75 43 835 824 793 435 358
is_linear=0
shrinkage=0.05


end of trees

feature_importances:
net_load=675
renewable_power=660
thermal_space_load_ratio=586
thermal_on_capacity=566
total_load=509
weekday=408
month=244
period=241
hour=47

parameters:
[boosting: gbdt]
[objective: multiclass]
[metric: multi_logloss]
[tree_learner: serial]
[device_type: cpu]
[data_sample_strategy: bagging]
[data: ]
[valid: ]
[num_iterations: 400]
[learning_rate: 0.05]
[num_leaves: 31]
[num_threads: 0]
[seed: 42]
[deterministic: 0]
[force_col_wise: 0]
[force_row_wise: 0]
[histogram_pool_size: -1]
[max_depth: 5]
[min_data_in_leaf: 20]
[min_sum_hessian_in_leaf: 0.001]
[bagging_fraction: 1]
[pos_bagging_fraction: 1]
[neg_bagging_fraction: 1]
[bagging_freq: 0]
[bagging_seed: 400]
[bagging_by_query: 0]
[feature_fraction: 1]
[feature_fraction_bynode: 1]
[feature_fraction_seed: 30056]
[extra_trees: 0]
[extra_seed: 12879]
[early_stopping_round: 0]
[early_stopping_min_delta: 0]
[first_metric_only: 0]
[max_delta_step: 0]
[lambda_l1: 0]
[lambda_l2: 0]
[linear_lambda: 0]
[min_gain_to_split: 0]
[drop_rate: 0.1]
[max_drop: 50]
[skip_drop: 0.5]
[xgboost_dart_mode: 0]
[uniform_drop: 0]
[drop_seed: 17869]
[top_rate: 0.2]
[other_rate: 0.1]
[min_data_per_group: 100]
[max_cat_threshold: 32]
[cat_l2: 10]
[cat_smooth: 10]
[max_cat_to_onehot: 4]
[top_k: 20]
[monotone_constraints: ]
[monotone_constraints_method: basic]
[monotone_penalty: 0]
[feature_contri: ]
[forcedsplits_filename: ]
[refit_decay_rate: 0.9]
[cegb_tradeoff: 1]
[cegb_penalty_split: 0]
[cegb_penalty_feature_lazy: ]
[cegb_penalty_feature_coupled: ]
[path_smooth: 0]
[interaction_constraints: ]
[verbosity: -1]
[saved_feature_importance_type: 0]
[use_quantized_grad: 0]
[num_grad_quant_bins: 4]
[quant_train_renew_leaf: 0]
[stochastic_rounding: 1]
[linear_tree: 0]
[max_bin: 255]
[max_bin_by_feature: ]
[min_data_in_bin: 3]
[bin_construct_sample_cnt: 200000]
[data_random_seed: 175]
[is_enable_sparse: 1]
[enable_bundle: 1]
[use_missing: 1]
[zero_as_missing: 0]
[feature_pre_filter: 1]
[pre_partition: 0]
[two_round: 0]
[header: 0]
[label_column: ]
[weight_column: ]
[group_column: ]
[ignore_column: ]
[categorical_feature: ]
[forcedbins_filename: ]
[precise_float_parser: 0]
[parser_config_file: ]
[objective_seed: 16083]
[num_class: 6]
[is_unbalance: 0]
[scale_pos_weight: 1]
[sigmoid: 1]
[boost_from_average: 1]
[reg_sqrt: 0]
[alpha: 0.9]
[fair_c: 1]
[poisson_max_delta_step: 0.7]
[tweedie_variance_power: 1.5]
[lambdarank_truncation_level: 30]
[lambdarank_norm: 1]
[label_gain: ]
[lambdarank_position_bias_regularization: 0]
[eval_at: ]
[multi_error_top_k: 1]
[auc_mu_weights: ]
[num_machines: 1]
[local_listen_port: 12400]
[time_out: 120]
[machine_list_filename: ]
[machines: ]
[gpu_platform_id: -1]
[gpu_device_id: -1]
[gpu_use_dp: 0]
[num_gpu: 1]

end of parameters

pandas_categorical:[]
