tree
version=v4
num_class=1
num_tree_per_iteration=1
label_index=0
max_feature_idx=18
objective=regression
feature_names=total_load net_load renewable_power thermal_space_load_ratio thermal_on_capacity hour period weekday month is_weekend is_holiday price_lag_1d price_lag_2d price_lag_3d price_lag_7d price_ma_3d price_ma_7d price_std_7d net_load_lag_1d
feature_infos=[25677.759999999998:30932.759999999998] [15730.01:39034.07] [2005.0699999999999:17034.369999999999] [0.54778104113990234:1.2967902706372267] [29205:38255] [22:23] [89:96] [0:6] [4:5] [0:1] none [233.88999999999999:666.66999999999996] [233.88999999999999:666.66999999999996] [233.88999999999999:1500] [166.66999999999999:1500] [258.55666666666667:759] [280.76142857142855:494.74857142857138] [17.378284361436393:421.41890460099455] [15730.01:39034.07]
tree_sizes=2310 2293 2222 2169 2109 2135 2304 2464 2114 2131 1986 2285 2107 2230 2294 2512 2224 2072 2237 2347 1974 2183 1863 2419 2022 2046 1723 2467 1993 2332 2264 2034 1948 2362 2167 2092 1744 1972 2187 2288 2025 1867 1761 1777 1936 1969 1815 2179 1888 1868 1907 1321 2260 1701 1872 1644 1639 1805 2089 2040 2035 2184 1680 1948 1653 1794 1785 1164 1260 1597 1859 1175 1833 1603 1258 1872 2156 1900 1985 1365 2100 1714 1083 1466 1559 1782 1670 1467 1485 1342 1512 1786 1323 1347 1994 1613 1603 1349 2006 1754 1943 1520 1662 1565 1269 1609 1302 1565 1547 1515 2347 1567 1948 1611 1555 804 1791 2010 1922 952 1319 1622 1489 1588 1502 2372 1678 1083 1496

Tree=0
num_leaves=25
num_cat=0
split_feature=3 7 1 0 17 16 2 1 0 3 0 2 7 2 13 2 2 14 14 0 8 1 2 7
split_gain=642791 132767 121547 36889.4 23904.9 19138 14651.9 11620.9 9387.86 5853.54 5316.25 4493.76 2520.11 2435.69 1808.35 1356.47 1486.79 1337.57 1113.28 595.41 563.618 446.81 393.491 282.251
threshold=1.1631953438288856 5.5000000000000009 26035.400000000005 29021.345000000005 46.42082580934926 303.19214285714293 6484.9600000000009 21904.045000000002 29292.095000000005 1.2576818031202941 29460.545000000002 3860.1250000000005 4.5000000000000009 3345.7100000000005 288.50000000000006 13632.790000000003 13923.590000000002 317.50000000000006 304.4550000000001 28852.115000000005 4.5000000000000009 28218.825000000004 2771.5550000000003 5.5000000000000009
decision_type=2 2 2 2 2 2 2 2 2 2 2 2 2 2 2 2 2 2 2 2 2 2 2 2
left_child=2 4 7 5 9 -3 8 15 13 19 22 -10 18 -4 21 20 -17 -16 -9 -2 -1 -8 -6 -14
right_child=1 3 6 -5 10 -7 14 12 11 -11 -12 -13 23 -15 17 16 -18 -19 -20 -21 -22 -23 -24 -25
leaf_value=304.07338392166861 307.56702737921756 316.79542670840306 308.2614271699814 319.86802665347142 311.652026973906 312.42072715395972 306.59545518273399 305.24662046248 310.07552678698585 310.3047271310715 313.45302684420631 308.06136024111788 305.02858952397389 307.1104830665397 305.82744789613514 302.99915182704012 304.05093171710058 306.59815193546842 305.82970887210973 308.45802690142676 304.62987304030753 307.26786050910039 311.05144393557589 304.67455330134032
leaf_weight=7.0000000000000009 3.0000000000000018 4.9999999999999982 4.9999999999999991 4.9999999999999991 4.9999999999999982 5 14.000000000000002 32 3.9999999999999991 4.9999999999999991 3.9999999999999991 8.9999999999999982 8.0000000000000018 57 19.000000000000004 4.0000000000000027 21 7.9999999999999991 10.999999999999998 5 13 2.9999999999999991 6 19
leaf_count=7 3 5 5 5 5 5 14 32 4 5 4 9 8 57 19 4 21 8 11 5 13 3 6 19
internal_value=306.947 312.566 305.914 316.361 310.532 314.608 307.035 304.755 307.459 308.963 311.892 308.681 305.158 307.203 306.31 304.128 303.883 306.056 305.396 308.124 304.435 306.714 311.324 304.779
internal_weight=277 43 234 15 28 10 119 115 75 13 15 13 70 62 44 45 25 27 43 8 20 17 11 27
internal_count=277 43 234 15 28 10 119 115 75 13 15 13 70 62 44 45 25 27 43 8 20 17 11 27
is_linear=0
shrinkage=1


Tree=1
num_leaves=25
num_cat=0
split_feature=1 7 1 8 0 1 2 16 0 2 0 13 7 1 14 18 0 13 4 1 2 14 0 11
split_gain=469513 113725 94472 31511.2 17811.4 10547.1 9854.58 9562.96 4656.63 4524.29 2059.21 2058.14 1939.63 1559.02 1556.66 1205.82 1156.45 898.034 701.329 468.735 314.042 278.635 226.002 74.3566
threshold=32951.505000000012 5.5000000000000009 26035.400000000005 4.5000000000000009 29021.345000000005 21904.045000000002 6484.9600000000009 303.19214285714293 29460.545000000002 3204.8900000000008 28455.780000000002 285.21500000000009 3.5000000000000004 34192.045000000006 311.33500000000009 22877.885000000006 28852.115000000005 285.21500000000009 33797.500000000007 28803.455000000005 2771.5550000000003 271.66500000000002 29283.190000000006 253.97000000000006
decision_type=2 2 2 2 2 2 2 2 2 2 2 2 2 2 2 2 2 2 2 2 2 2 2 2
left_child=2 3 5 13 7 15 9 -3 20 -4 -11 19 18 22 -13 23 -15 -14 -7 -8 -5 -17 -2 -1
right_child=1 4 6 8 -6 12 11 -9 -10 10 -12 14 17 16 -16 21 -18 -19 -20 -21 -22 -23 -24 -25
leaf_value=-2.9359214782714851 1.024280166625976 9.2458948771158891 1.8021878814697267 4.5040654500325532 11.019223709106443 -1.004337750871976 -0.25795649360207945 5.5114635467529283 6.2523486137390138 0.049471430253723393 0.62079826990763354 -1.08842504400956 -2.0811912335847551 2.8140140533447275 -0.36101256012916566 -2.5622956980829654 1.7164530436197916 -1.5883531729380289 -1.4978120697869195 0.41994031071662907 3.9675281524658197 -2.2853016916910809 1.5285146713256834 -3.225146522521972
leaf_weight=3.9999999999999982 5.0000000000000018 2.9999999999999982 4.9999999999999991 5.9999999999999982 5 12.000000000000002 17.000000000000004 4 3.9999999999999991 46 24 19.000000000000004 19 3.9999999999999982 11.999999999999998 23 6 18 18 2.9999999999999991 5 14.999999999999998 4 5
leaf_count=4 5 3 5 6 5 12 17 4 4 46 24 19 19 4 12 23 6 18 18 3 5 15 4 5
internal_value=-0.0721607 4.55525 -0.95908 3.07828 8.73997 -2.00199 -0.0154911 7.11193 4.79143 0.349144 0.245355 -0.551719 -1.59919 1.7258 -0.806846 -2.57621 2.15548 -1.84143 -1.30042 -0.156272 4.26018 -2.45296 1.24838 -3.0966
internal_weight=286 46 240 34 12 114 126 7 15 75 70 51 67 19 31 47 10 37 30 20 11 38 9 9
internal_count=286 46 240 34 12 114 126 7 15 75 70 51 67 19 31 47 10 37 30 20 11 38 9 9
is_linear=0
shrinkage=0.05


Tree=2
num_leaves=24
num_cat=0
split_feature=3 9 1 2 17 1 17 1 2 3 9 2 6 3 14 6 12 1 14 1 1 2 2
split_gain=401706 120870 96528.3 26628.8 22841.4 22715.1 20478.3 13397.6 10066.9 6534.77 3034.77 2935.81 3057.59 1794.87 1701.79 1543.22 1643.09 974.957 911.891 881.332 871.847 320.132 97.6744
threshold=1.1541960548705552 1.0000000180025095e-35 26962.370000000006 2174.2000000000003 32.032423962408267 36728.905000000006 46.42082580934926 21904.045000000002 3345.7100000000005 1.2576818031202941 1.0000000180025095e-35 6484.9600000000009 90.500000000000014 1.1735435594662136 319.66500000000002 93.500000000000014 385.33500000000009 31785.325000000004 317.50000000000006 34762.390000000007 16669.590000000004 9139.4550000000017 2771.5550000000003
decision_type=2 2 2 2 2 2 2 2 2 2 2 2 2 2 2 2 2 2 2 2 2 2 2
left_child=2 6 7 -3 -5 -6 9 15 17 13 14 12 -10 -2 -9 20 -17 -4 -13 22 -1 -12 -8
right_child=1 3 8 4 5 -7 19 10 11 -11 21 18 -14 -15 -16 16 -18 -19 -20 -21 -22 -23 -24
leaf_value=-2.877769851684568 0.11984064579009988 4.0122997283935549 1.2358196735382077 13.047334798177085 4.4918478647867826 9.99518829345703 4.1300291697184255 -1.3310071475651801 0.93050477345784499 3.1207630538940432 -1.3824913978576645 -0.44708736467620602 0.12516051915558901 1.3730398559570314 -0.61527422785758978 -2.6265353707706223 -3.8957355499267581 2.3759699249267574 0.076823307803043958 4.8134632110595694 -2.0616851038402983 -1.9330869761380283 3.7691516876220699
leaf_weight=4.0000000000000027 4.0000000000000062 2.9999999999999991 3 2.9999999999999991 3 5 2.9999999999999982 49 14.999999999999998 4.9999999999999991 3.0000000000000027 23 55 9.9999999999999982 9.9999999999999982 17.000000000000004 2.9999999999999991 5 12.999999999999998 4 18 22 5
leaf_count=4 4 3 3 3 3 5 3 49 15 5 3 23 55 10 10 17 3 5 13 4 18 22 5
internal_value=-0.00326012 4.33186 -0.816095 8.18788 9.32668 7.93144 2.59043 -1.7699 0.238109 1.56914 -1.40533 0.109029 0.297734 1.01498 -1.2097 -2.49904 -2.81692 1.94841 -0.257897 4.20747 -2.21006 -1.86702 3.90448
internal_weight=285 45 240 14 11 8 31 126 114 19 84 106 70 14 59 42 20 8 36 12 22 25 8
internal_count=285 45 240 14 11 8 31 126 114 19 84 106 70 14 59 42 20 8 36 12 22 25 8
is_linear=0
shrinkage=0.05


Tree=3
num_leaves=24
num_cat=0
split_feature=3 7 1 11 11 1 16 1 2 2 3 14 2 0 7 12 6 16 16 6 0 4 12
split_gain=394916 123615 85860 24934.8 36519.9 19475.1 13361.1 11640.4 9781.07 5950.83 5319.56 3077.43 2841.68 2735 1650.45 1620.37 1604.45 1193.42 1143.3 995.681 766.479 239.645 46.3149
threshold=1.1541960548705552 5.5000000000000009 26817.120000000006 266.50000000000006 269.91500000000002 36728.905000000006 309.84285714285721 21904.045000000002 2859.0650000000005 3345.7100000000005 1.2576818031202941 319.66500000000002 6484.9600000000009 28876.440000000002 5.5000000000000009 319.66500000000002 90.500000000000014 315.27285714285722 296.37642857142868 91.500000000000014 28118.730000000003 33797.500000000007 286.16500000000002
decision_type=2 2 2 2 2 2 2 2 2 2 2 2 2 2 2 2 2 2 2 2 2 2 2
left_child=2 6 7 -3 -5 -6 8 15 -2 17 -10 14 13 -11 -9 19 -8 -4 -14 -1 -17 -13 -18
right_child=1 3 9 4 5 -7 16 11 10 12 -12 21 18 -15 -16 20 22 -19 -20 -21 -22 -23 -24
leaf_value=-1.7912467903561062 3.9461192321777321 4.0024562835693365 1.0109318415323894 12.956186676025395 3.9219142913818348 9.2511917114257809 5.118558375040692 -1.3429413217968413 1.0201020896434783 0.079503617763519288 2.765858332316081 -0.41761262587138592 -0.9951707553863518 0.78421535240976437 -1.921219489153694 -3.7009487152099609 3.5634606679280587 2.4212649663289381 -0.16959187789605215 -2.3845496437766336 -2.5706989924112951 -0.90275782346725453 3.8412942250569651
leaf_weight=8.9999999999999982 5.0000000000000027 2.9999999999999991 2.9999999999999991 3.9999999999999982 3 4 2.9999999999999982 45 16.000000000000004 50 5.9999999999999991 6.9999999999999982 5.0000000000000027 19 17 2.9999999999999991 3 3 26 33 3 4 3
leaf_count=9 5 3 3 4 3 4 3 45 16 50 6 7 5 19 17 3 3 3 26 33 3 4 3
internal_value=0.0337648 4.0564 -0.852278 8.04304 9.14502 6.96722 2.50604 -1.76243 1.9499 0.186666 1.49622 -1.36476 0.0949003 0.273555 -1.5015 -2.36721 4.17444 1.7161 -0.30275 -2.25741 -3.13582 -0.594029 3.70238
internal_weight=277 50 227 14 11 7 36 121 27 106 22 73 100 69 62 48 9 6 31 42 6 11 6
internal_count=277 50 227 14 11 7 36 121 27 106 22 73 100 69 62 48 9 6 31 42 6 11 6
is_linear=0
shrinkage=0.05


Tree=4
num_leaves=24
num_cat=0
split_feature=2 7 1 0 1 14 8 1 0 0 1 2 7 18 0 11 12 4 14 0 2 2 2
split_gain=394317 96133.7 89099.8 26766.8 18959.3 14991 14739 10592.4 3928.55 3667.19 3365.34 2707.43 2604.94 2143.66 1961.08 1806.9 1532.83 1497.16 1330.77 666.249 284.544 156.134 60.7368
threshold=3204.8900000000008 5.5000000000000009 26962.370000000006 29021.345000000005 34035.005000000012 262.5750000000001 4.5000000000000009 22719.200000000004 29292.095000000005 28689.77 29362.300000000007 3345.7100000000005 4.5000000000000009 32077.865000000002 28259.450000000001 321.83500000000009 385.33500000000009 35865.000000000007 319.66500000000002 27471.635000000006 9709.260000000002 3137.5400000000004 2404.3850000000007
decision_type=2 2 2 2 2 2 2 2 2 2 2 2 2 2 2 2 2 2 2 2 2 2 2
left_child=1 6 7 5 10 -3 13 16 22 -7 17 -6 18 21 -12 -15 19 -4 -9 -2 -14 -1 -8
right_child=2 3 4 -5 11 9 8 12 -10 -11 14 -13 20 15 -16 -17 -18 -19 -20 -21 -22 -23 -24
leaf_value=1.0114254832267759 -2.2831440238952641 8.6562113761901873 0.097471020151587096 10.765746765136718 1.9967038154602053 3.4684345881144196 3.7368137359619116 -1.1724759687076916 5.7718660990397126 5.9406777699788398 0.091338434002616195 3.9837443033854161 -1.4487403035163873 3.1412418365478509 0.63241545575506553 1.6383692264556882 -3.2694555282592774 -0.55682912104659621 -0.53348935365676886 -1.9102590084075928 -1.8179880905151369 1.4532025337219237 3.439199066162109
leaf_weight=4 25 3.9999999999999982 17 4.9999999999999991 3.9999999999999991 3 4.0000000000000018 44 3 3 33 3 8.0000000000000018 4 34 4 2.9999999999999991 18 9.9999999999999982 23 14.999999999999998 4 3
leaf_count=4 25 4 17 5 4 3 4 44 3 3 33 3 8 4 34 4 3 18 10 23 15 4 3
internal_value=0.0637419 4.59118 -0.719486 7.77873 0.331086 6.28522 2.75221 -1.61411 4.25805 4.70456 0.158337 2.84829 -1.24394 1.81106 0.365915 2.38981 -2.173 -0.239026 -1.05415 -2.10447 -1.68955 1.23231 3.60926
internal_weight=278 41 237 15 109 10 26 128 10 6 102 7 77 16 67 8 51 35 54 48 23 8 7
internal_count=278 41 237 15 109 10 26 128 10 6 102 7 77 16 67 8 51 35 54 48 23 8 7
is_linear=0
shrinkage=0.05


Tree=5
num_leaves=23
num_cat=0
split_feature=3 7 1 2 17 17 1 0 2 0 0 2 7 0 3 17 12 4 13 2 0 2
split_gain=376383 82736.5 75470 24427 15391 13696.5 10620.8 8350.06 7988.3 3953.98 3218.15 2698.87 2452.79 2306.01 1331.06 1242.26 1180.79 1120.01 586.82 549.694 231.482 203.925
threshold=1.1631953438288856 5.5000000000000009 26962.370000000006 2174.2000000000003 46.42082580934926 30.794604757504533 22719.200000000004 29767.365000000002 3466.2550000000006 29460.545000000002 28965.120000000006 6657.7900000000009 3.5000000000000004 29240.435000000001 1.2576818031202941 33.197543461327932 385.33500000000009 34732.500000000007 285.21500000000009 12023.040000000003 29155.415000000005 2771.5550000000003
decision_type=2 2 2 2 2 2 2 2 2 2 2 2 2 2 2 2 2 2 2 2 2 2
left_child=2 4 6 -3 14 -5 16 -7 10 21 -4 13 17 -10 20 -13 19 -8 -14 -1 -2 -6
right_child=1 3 8 5 9 7 12 -9 11 -11 -12 15 18 -15 -16 -17 -18 -19 -20 -21 -22 -23
leaf_value=-1.7375555117925008 0.95542425155639599 3.3543620427449548 0.66943402290344256 11.324447886149089 3.6664070765177414 6.346474711100262 -0.60187075196041007 9.5771977742512995 0.11316221869520603 5.5177127838134767 2.4633539962768554 -0.81075073613060822 -1.6865015029907227 0.82363492761339474 2.2784277915954592 -0.10339344657957555 -2.9247683048248292 -1.1455223679542541 -1.2885383616794241 -2.1283145977391138 1.4657354831695555 3.2340518951416009
leaf_weight=11.999999999999998 5.0000000000000018 2.9999999999999991 4.9999999999999982 2.9999999999999991 5.9999999999999982 5.9999999999999982 18 3 62 2.9999999999999991 5 9.0000000000000018 15.999999999999998 13.999999999999998 3.9999999999999991 20 3.9999999999999991 20 22 36 4 5
leaf_count=12 5 3 5 3 6 6 18 3 62 3 5 9 16 14 4 20 4 20 22 36 4 5
internal_value=0.0418375 4.41244 -0.713575 7.38979 2.75836 8.39865 -1.54879 7.42338 0.216054 3.9087 1.56639 0.0874507 -1.17205 0.244039 1.51952 -0.322918 -2.09941 -0.888003 -1.4561 -2.03062 1.18223 3.46988
internal_weight=285 42 243 15 27 12 128 9 115 14 10 105 76 76 13 29 52 38 38 48 9 11
internal_count=285 42 243 15 27 12 128 9 115 14 10 105 76 76 13 29 52 38 38 48 9 11
is_linear=0
shrinkage=0.05


Tree=6
num_leaves=25
num_cat=0
split_feature=3 7 3 2 3 6 5 0 17 2 0 3 7 15 0 4 12 0 13 12 0 7 0 2
split_gain=301807 93141.2 71564.7 29935.8 10083.4 9899.07 12331.2 8730.4 7994.78 5750.21 2677.78 2550.45 2330.11 1799.98 1614.95 1302.75 1230.24 816.648 605.422 526.719 304.431 302.405 266.307 122.623
threshold=1.1735435594662136 5.5000000000000009 0.96004864666025502 2174.2000000000003 0.80837215548301622 90.500000000000014 22.500000000000004 29240.435000000001 46.42082580934926 3831.4450000000002 27213.890000000003 1.2576818031202941 4.5000000000000009 274.72500000000008 27598.790000000005 34732.500000000007 385.33500000000009 29767.365000000002 300.16500000000002 263.00000000000006 29155.415000000005 5.5000000000000009 29062.290000000005 2771.5550000000003
decision_type=2 2 2 2 2 2 2 2 2 2 2 2 2 2 2 2 2 2 2 2 2 2 2 2
left_child=2 8 4 -3 14 -5 -7 10 11 17 -4 20 15 -12 16 -6 -1 -9 -16 -11 -2 -14 23 -10
right_child=1 3 7 5 12 6 -8 9 22 19 13 -13 21 -15 18 -17 -18 -19 -20 -21 -22 -23 -24 -25
leaf_value=-2.1346362380981443 0.92003424962361613 3.1866439183553061 -1.4095797538757324 11.284431457519535 -0.55010556773179109 6.0341449737548816 10.274779129028317 1.8692295789718611 3.3599436950683597 1.2685204823811835 0.4946597689932043 2.6391555547714236 -1.2723615646362303 -0.041880211703203343 -1.3915116000175471 -1.0789064960046248 -3.2061901092529297 2.9605340321858717 -1.9089889526367188 0.54655631231144075 1.4831640243530271 -1.6438484191894529 3.7388332366943362 2.9885267734527581
leaf_weight=25.000000000000004 6.0000000000000018 2.9999999999999991 2.9999999999999991 2.9999999999999982 18 4 3 4.0000000000000027 4.9999999999999982 3.0000000000000027 22 3.9999999999999991 9 54 10.000000000000002 33 2.9999999999999991 3 12.999999999999998 15.999999999999998 4 14 2.9999999999999991 4
leaf_count=25 6 3 3 3 18 4 3 4 5 3 22 4 9 54 10 33 3 3 13 16 4 14 3 4
internal_value=0.0444899 4.11164 -0.645157 7.56724 -1.4535 8.88142 7.85156 0.317155 2.38384 1.11188 0.055598 1.57211 -1.08069 0.113434 -1.99444 -0.892271 -2.24945 2.33693 -1.684 0.660551 1.14529 -1.49848 3.33086 3.19487
internal_weight=269 39 230 13 125 10 7 105 26 26 79 14 74 76 51 51 28 7 23 19 10 23 12 9
internal_count=269 39 230 13 125 10 7 105 26 26 79 14 74 76 51 51 28 7 23 19 10 23 12 9
is_linear=0
shrinkage=0.05


Tree=7
num_leaves=26
num_cat=0
split_feature=1 7 1 17 8 12 3 1 1 3 6 15 17 7 6 12 1 4 7 15 1 4 3 1 6
split_gain=267872 79415.5 54490.1 21535.5 15521.7 11183.8 22281.4 6222.27 4205.19 3313.03 2548.56 1865.56 1534.33 1380.25 954.708 1073.25 727.135 504.791 495.527 478.72 430.036 324.974 311.588 182.609 180.082
threshold=32951.505000000012 5.5000000000000009 26035.400000000005 30.794604757504533 4.5000000000000009 255.19500000000002 1.2161727873615413 21904.045000000002 27448.025000000005 1.2576818031202941 90.500000000000014 277.61000000000007 115.16890141427639 3.5000000000000004 93.500000000000014 385.33500000000009 28803.455000000005 33797.500000000007 3.5000000000000004 308.95833333333343 16669.590000000004 35865.000000000007 0.90632292622110888 34567.805000000008 93.500000000000014
decision_type=2 2 2 2 2 2 2 2 2 2 2 2 2 2 2 2 2 2 2 2 2 2 2 2 2
left_child=2 4 7 -3 9 -5 -7 14 18 19 -6 12 -10 17 20 -16 -13 -9 21 -2 -1 -4 -15 -12 -20
right_child=1 3 8 5 10 6 -8 13 11 -11 23 16 -14 22 15 -17 -18 -19 24 -21 -22 -23 -24 -25 -26
leaf_value=-2.2538403193155898 0.82605845133463507 10.298336029052734 -0.26437240138649931 2.9156738281250001 4.7643258412679037 3.0888504664103182 8.539409866333008 -0.70832462353365744 0.41554442799609631 2.4632619094848636 2.9628411701747357 -0.18768220643202466 1.6177870750427248 -1.4726864673473219 -2.034868285769508 -3.0458806355794272 0.16291801418364049 -1.1257847817738851 -1.1515851497650147 1.3730503082275392 -1.6072410530514187 -0.79761966466903689 -1.1329761187235514 3.429093424479166 -0.63912129004796325
leaf_weight=3.0000000000000027 12.000000000000005 2.9999999999999991 10.000000000000002 2.9999999999999991 2.9999999999999991 3 5 14.000000000000002 23.000000000000004 4.9999999999999991 6.9999999999999982 21 2.9999999999999991 27 21.000000000000004 2.9999999999999991 50 14.999999999999998 3.9999999999999991 5.9999999999999991 18 3.9999999999999991 8.9999999999999982 3 3
leaf_count=3 12 3 10 3 3 3 5 14 23 5 7 21 3 27 21 3 50 15 4 6 18 4 9 3 3
internal_value=0.0335477 3.34786 -0.693276 6.54326 2.10521 5.51915 6.49545 -1.49386 0.0530301 1.32467 3.48617 0.191912 0.554265 -1.18096 -1.94582 -2.16124 0.0592194 -0.924252 -0.588472 1.00839 -1.69961 -0.416729 -1.38776 3.10272 -0.931958
internal_weight=278 50 228 14 36 11 8 110 118 23 13 97 26 65 45 24 71 29 21 18 21 14 36 10 7
internal_count=278 50 228 14 36 11 8 110 118 23 13 97 26 65 45 24 71 29 21 18 21 14 36 10 7
is_linear=0
shrinkage=0.05


Tree=8
num_leaves=22
num_cat=0
split_feature=1 7 1 17 6 14 2 1 1 1 5 7 12 4 1 14 1 2 4 16 2
split_gain=231293 91773.6 47609.8 16625.2 15229.7 14515.7 5693.97 5225.83 3673.7 3530.17 2836.5 1503.16 1156.47 958.618 957.124 929.021 809.362 554.501 483.772 469.488 238.192
threshold=32559.720000000005 5.5000000000000009 26035.400000000005 46.42082580934926 90.500000000000014 262.5750000000001 3204.8900000000008 21364.440000000002 35167.31500000001 27626.075000000001 22.500000000000004 4.5000000000000009 319.66500000000002 37487.500000000007 31785.325000000004 319.66500000000002 33878.240000000013 3946.1100000000006 33317.500000000007 305.59571428571434 9709.260000000002
decision_type=2 2 2 2 2 2 2 2 2 2 2 2 2 2 2 2 2 2 2 2 2
left_child=2 3 7 10 -3 -6 14 12 16 15 17 18 19 -11 -4 -8 -5 -2 -9 -1 -13
right_child=1 4 6 8 5 -7 9 11 -10 13 -12 20 -14 -15 -16 -17 -18 -19 -20 -21 -22
leaf_value=-2.0668155670166009 1.1151286542415615 10.263924153645837 0.89021488825480144 2.0737767537434872 8.6350388844807924 4.034089136123657 -0.77716418189160952 -0.72914269837466161 4.5268534660339359 0.16487482906998815 2.2807198333740235 -1.2017195565359933 -2.7557637929916385 -0.35669995963573459 2.1532296816507972 -0.18745072660121054 3.0101576423645025 0.55149478912353522 -1.1092786625453406 -1.6562863159179688 -1.5303099742302528
leaf_weight=13.000000000000002 16.000000000000007 2.9999999999999982 2.9999999999999991 3.0000000000000027 3 4 17.000000000000004 10.999999999999998 3.9999999999999991 74 4.9999999999999991 6.9999999999999991 3.9999999999999991 9.9999999999999982 3 10.999999999999998 9.9999999999999982 5.9999999999999991 35 14.999999999999998 26
leaf_count=13 16 3 3 3 3 4 17 11 4 74 5 7 4 10 3 11 10 6 35 15 26
internal_value=0.015997 2.9596 -0.678127 1.97693 7.28332 6.00592 0.0211044 -1.42145 3.20178 -0.0592858 1.20573 -1.20311 -1.9605 0.102783 1.52172 -0.545491 2.79407 0.96141 -1.01838 -1.84689 -1.46061
internal_weight=283 54 229 44 10 7 118 111 17 112 27 79 32 84 6 28 13 22 46 28 33
internal_count=283 54 229 44 10 7 118 111 17 112 27 79 32 84 6 28 13 22 46 28 33
is_linear=0
shrinkage=0.05


Tree=9
num_leaves=23
num_cat=0
split_feature=3 7 1 6 11 12 1 8 1 2 14 7 4 1 3 13 1 12 13 6 2 11
split_gain=227546 58756.7 57457.6 21155.5 10401.5 20057 8033.84 7662.11 6135.73 4643.9 2664.24 1974.99 1797.46 1723.75 1573.81 748.475 591.62 617.859 424.219 266.671 79.0542 30.0459
threshold=1.1735435594662136 5.5000000000000009 27448.025000000005 90.500000000000014 266.50000000000006 255.19500000000002 34035.005000000012 4.5000000000000009 22719.200000000004 3137.5400000000004 331.17000000000007 3.5000000000000004 37487.500000000007 34762.390000000007 1.2576818031202941 302.81500000000005 16669.590000000004 306.50000000000006 288.50000000000006 90.500000000000014 2771.5550000000003 253.97000000000006
decision_type=2 2 2 2 2 2 2 2 2 2 2 2 2 2 2 2 2 2 2 2 2 2
left_child=2 7 8 -3 -5 -6 9 14 16 -4 -8 15 -11 20 19 -10 21 -18 -13 -2 -9 -1
right_child=1 3 6 4 5 -7 10 13 11 12 -12 18 -14 -15 -16 -17 17 -19 -20 -21 -22 -23
leaf_value=-2.0016337076822919 1.2845968246459964 9.7507275899251304 1.8759446620941163 2.506677881876628 2.568185742696127 7.5753070195515946 3.1398174285888674 2.8874961853027337 -0.52022481042405833 0.20074776300499517 1.0325906435648597 -1.4334840365818569 -0.58029218763113022 4.089974912007647 2.0548096466064449 -0.96553951203823096 -1.6538287584171738 -1.1121986423929533 -1.0781594866798039 0.75754664738972977 2.5628338241577144 -2.2254116058349602
leaf_weight=2.9999999999999991 3.9999999999999982 2.9999999999999991 3.9999999999999991 2.9999999999999991 2.9999999999999982 6 2.9999999999999991 3 23 93 3 13.999999999999998 7.9999999999999991 3.0000000000000009 5.0000000000000009 15.999999999999998 43 5.9999999999999991 21 6 5 3
leaf_count=3 4 3 4 3 3 6 3 3 23 93 3 14 8 3 5 16 43 6 21 6 5 3
internal_value=0.0608122 3.50324 -0.52727 5.99524 5.05637 5.90627 0.306741 2.06555 -1.24491 0.205057 2.0862 -0.947621 0.138883 3.06787 1.33051 -0.702918 -1.64489 -1.58751 -1.22029 0.968367 2.68458 -2.11352
internal_weight=281 41 240 15 12 9 111 26 129 105 6 74 101 11 15 39 55 49 35 10 8 6
internal_count=281 41 240 15 12 9 111 26 129 105 6 74 101 11 15 39 55 49 35 10 8 6
is_linear=0
shrinkage=0.05


Tree=10
num_leaves=22
num_cat=0
split_feature=3 1 7 11 12 1 1 4 0 2 0 2 7 12 4 3 0 1 2 0 2
split_gain=226514 58104.1 44509.9 19543.8 22297.9 10471.6 6332.63 5656.66 3559.29 3215.95 2802 2777.91 1493.54 1480.42 1406.02 1396.15 626.845 559.501 198.108 170.763 64.8083
threshold=1.1757363698743504 26962.370000000006 5.5000000000000009 266.50000000000006 266.16500000000002 34035.005000000012 22719.200000000004 38137.000000000007 29767.365000000002 3204.8900000000008 29292.095000000005 3345.7100000000005 4.5000000000000009 385.33500000000009 37487.500000000007 1.2576818031202941 27852.985000000004 16669.590000000004 9709.260000000002 29155.415000000005 2771.5550000000003
decision_type=2 2 2 2 2 2 2 2 2 2 2 2 2 2 2 2 2 2 2 2 2
left_child=1 6 7 -4 -5 9 13 10 -6 -3 20 -7 16 17 -11 19 -8 -1 -14 -9 -2
right_child=2 5 3 4 8 11 12 15 -10 14 -12 -13 18 -15 -16 -17 -18 -19 -20 -21 -22
leaf_value=-2.0628728103637695 2.7229093551635741 1.5667046964168549 2.3813439051310223 3.9561788558959972 9.6123027801513654 1.0170193990071617 -0.96300256538391116 0.70913271903991681 7.3340059916178362 0.18335624250336266 4.4044965108235656 3.029759550094604 -1.0510918670230438 -2.7001884460449221 -0.4128131654452194 2.1818281412124629 -0.62135536250626222 -1.5076283373394792 -1.3412011595333324 1.2426171620686848 2.4289516448974604
leaf_weight=4.9999999999999991 5 3.9999999999999991 2.9999999999999991 3.9999999999999982 4 2.9999999999999991 25 3 3 98 3.0000000000000009 4 9.0000000000000018 2.9999999999999991 10.999999999999998 4 29 49 17 3 3
leaf_count=5 5 4 3 4 4 3 25 3 3 98 3 4 9 3 11 4 29 49 17 3 3
internal_value=0.00116088 -0.512757 3.77478 5.95857 6.93418 0.290541 -1.21637 2.31893 8.63589 0.17429 3.10135 2.16716 -0.929433 -1.6191 0.123192 1.45826 -0.779525 -1.55904 -1.24078 0.975875 2.61268
internal_weight=292 257 35 14 11 120 137 21 7 113 11 7 80 57 109 10 54 54 26 6 8
internal_count=292 257 35 14 11 120 137 21 7 113 11 7 80 57 109 10 54 54 26 6 8
is_linear=0
shrinkage=0.05


Tree=11
num_leaves=25
num_cat=0
split_feature=3 7 1 6 17 14 0 2 1 1 14 11 0 0 12 7 0 6 12 0 14 3 2 1
split_gain=192887 46835.5 40908.6 18394.8 10088 8444.66 6066.39 4333.53 4203.71 2700.1 2495.77 2012.69 1365.47 1045.41 1003.94 963.354 897.909 676.758 482.709 480.926 382.556 288.892 226.45 152.016
threshold=1.1631953438288856 5.5000000000000009 26035.400000000005 90.500000000000014 46.42082580934926 262.5750000000001 28806.110000000004 3466.2550000000006 21904.045000000002 27448.025000000005 311.33500000000009 310.50000000000006 28294.380000000005 29155.415000000005 319.66500000000002 3.5000000000000004 28259.450000000001 91.500000000000014 303.16500000000002 29660.385000000006 321.83500000000009 1.1757363698743504 9139.4550000000017 34035.005000000012
decision_type=2 2 2 2 2 2 2 2 2 2 2 2 2 2 2 2 2 2 2 2 2 2 2 2
left_child=2 4 8 -3 11 -5 -7 16 14 18 21 23 -11 -13 17 20 -4 -1 -9 -18 -10 -6 -17 -2
right_child=1 3 7 5 10 6 -8 9 15 12 -12 13 -14 -15 -16 22 19 -19 -20 -21 -22 -23 -24 -25
leaf_value=-1.1112486084302267 0.42702590227127052 8.858519236246746 0.43972053527832045 6.274219751358034 2.9968154907226565 2.1195865154266356 5.0939476013183587 -0.27622426492827273 -0.8283613147406742 -0.09932583417647925 4.1842716852823889 2.3013731002807614 0.28601583342866171 1.1582361221313475 -2.2447500801086426 -0.8950284183025361 1.9467927932739251 -1.602023681998253 -0.73105962514877332 1.0515032132466631 -0.30675169229507449 2.4302550209893123 -1.1934035501172466 0.82495834032694493
leaf_weight=8.9999999999999982 4.0000000000000018 2.9999999999999991 2.9999999999999982 3.9999999999999982 2.9999999999999991 4 3 14.000000000000002 29 39 2.9999999999999991 4 56 4 4.9999999999999991 7.9999999999999991 3 32 9.9999999999999982 3 3.9999999999999991 8.9999999999999982 31 6
leaf_count=9 4 3 3 4 3 4 3 14 29 39 3 4 56 4 5 8 3 32 10 3 4 9 31 6
internal_value=0.0297918 2.96478 -0.530957 5.38804 1.93672 4.44155 3.39431 0.088121 -1.2025 0.00811297 2.89437 1.13868 0.127823 1.7298 -1.57586 -0.963961 1.14601 -1.49429 -0.465739 1.49915 -0.765136 2.5719 -1.1322 0.665785
internal_weight=293 47 246 14 33 11 7 128 118 119 15 18 95 8 46 72 9 41 24 6 33 12 39 10
internal_count=293 47 246 14 33 11 7 128 118 119 15 18 95 8 46 72 9 41 24 6 33 12 39 10
is_linear=0
shrinkage=0.05


Tree=12
num_leaves=22
num_cat=0
split_feature=3 8 3 0 12 12 3 2 0 3 0 14 6 12 6 15 0 0 2 12 0
split_gain=149287 33077.9 31776.6 10451.3 10134.3 14150.1 5889.96 3416.71 2658.43 2102.15 1624.22 1492.28 1321.72 1761.26 1288.87 883.396 823.034 594.663 365.988 181.746 149.717
threshold=1.1541960548705552 4.5000000000000009 0.96004864666025502 30201.515000000003 270.96000000000009 266.16500000000002 0.82309505431377483 3345.7100000000005 27213.890000000003 1.2576818031202941 29657.435000000001 319.66500000000002 93.500000000000014 288.50000000000006 91.500000000000014 312.20333333333343 28965.120000000006 28718.920000000002 11676.425000000001 334.33500000000009 29292.095000000005
decision_type=2 2 2 2 2 2 2 2 2 2 2 2 2 2 2 2 2 2 2 2 2
left_child=2 9 6 4 5 -3 12 16 -9 17 -10 15 18 -14 -6 -8 -4 -2 -1 -19 -13
right_child=1 3 7 -5 14 -7 11 8 10 -11 -12 20 13 -15 -16 -17 -18 19 -20 -21 -22
leaf_value=-0.95093423366546637 0.11792051792144764 2.6611233234405476 0.71041630804538736 6.4196919759114586 3.1262371335710784 6.8667913436889636 -1.0404099102677971 -1.0863622093200684 0.038517234637663607 1.751767635345459 0.82953209877014167 -0.33127960761388148 -1.526263718171553 -2.8177209854125977 2.2416320419311524 -0.66476320720770787 1.8059793154398596 0.66521643400192276 -1.3068668296703927 1.1003243446350097 0.076583636303742736
leaf_weight=9.9999999999999982 4.0000000000000027 4.0000000000000053 3.9999999999999991 2.9999999999999991 7.0000000000000027 4 29 4.9999999999999991 89 5.9999999999999991 6.9999999999999991 8.9999999999999982 22.000000000000004 2.9999999999999991 9.9999999999999982 34 3 5.9999999999999982 26 4 2.9999999999999991
leaf_count=10 4 4 4 3 7 4 29 5 89 6 7 9 22 3 10 34 3 6 26 4 3
internal_value=-0.0271791 2.52178 -0.528614 3.6311 3.29647 4.76396 -1.03709 0.11169 0.0376529 0.968744 0.0961954 -0.740341 -1.40195 -1.68124 2.60588 -0.83768 1.17994 0.633163 -1.208 0.83926 -0.229314
internal_weight=292 48 244 28 25 8 136 108 101 20 96 75 61 25 17 63 7 14 36 10 12
internal_count=292 48 244 28 25 8 136 108 101 20 96 75 61 25 17 63 7 14 36 10 12
is_linear=0
shrinkage=0.05


Tree=13
num_leaves=25
num_cat=0
split_feature=3 3 7 6 2 3 13 3 8 2 2 17 16 11 3 2 4 6 18 6 4 13 2 6
split_gain=141363 34046.1 31283.1 18457 6623.14 11662.2 4627.88 4561.86 4008 3516.24 2858.64 2100.14 1790.38 1278.32 1027.8 793.399 776.337 690.006 516.085 484.788 405.962 372.315 78.2154 11.4566
threshold=1.1735435594662136 0.95727931353258533 5.5000000000000009 90.500000000000014 2339.7600000000007 1.2161727873615413 338.83000000000004 0.82309505431377483 4.5000000000000009 6350.5950000000012 3882.5400000000004 36.12522189943342 299.14357142857153 310.50000000000006 0.90632292622110888 3185.0950000000007 35134.500000000007 93.500000000000014 26367.045000000002 91.500000000000014 34905.000000000007 280.16500000000002 2771.5550000000003 91.500000000000014
decision_type=2 2 2 2 2 2 2 2 2 2 2 2 2 2 2 2 2 2 2 2 2 2 2 2
left_child=1 7 8 -4 -5 -6 9 17 13 12 -8 -11 -3 23 20 -15 -16 21 -19 -10 -9 -1 -21 -2
right_child=2 6 3 4 5 -7 10 14 19 11 -12 -13 -14 15 16 -17 -18 18 -20 22 -22 -23 -24 -25
leaf_value=-0.91246727307637543 0.60830440521240225 0.071040766617410225 8.1494996388753247 2.3810796928405766 2.6406934738159173 7.0494299570719381 2.5426863352457678 -0.74776878207921982 2.9773779551188135 -0.7553267627954483 0.59037612438201892 0.013219521827995779 0.57196423153082532 1.0230580012003578 -0.22478766671071448 2.0987160682678221 -0.7140426692962647 -1.7891423052007498 -1.3238044445331281 2.3531695175170895 -1.0895984975915207 -1.2838087611728246 2.0302342096964514 0.73756184577941886
leaf_weight=8.9999999999999982 3 44 2.9999999999999991 4.9999999999999982 3 3 3 15.999999999999998 3.0000000000000009 15.999999999999998 5 20 30 3 11.999999999999998 4 25 11.000000000000002 12.999999999999998 5 19 27 3 4
leaf_count=9 3 44 3 5 3 3 3 16 3 16 5 20 30 3 12 4 25 11 13 5 19 27 3 4
internal_value=-0.0189768 -0.455746 2.78082 4.67316 3.72507 4.84506 0.161388 -1.00743 1.72112 0.0769444 1.32249 -0.328357 0.274118 1.15994 -0.7391 1.63772 -0.555365 -1.32942 -1.53708 2.43533 -0.933333 -1.19097 2.23207 0.682166
internal_weight=289 250 39 14 11 6 118 132 25 110 8 36 74 14 72 7 37 60 24 11 35 36 8 7
internal_count=289 250 39 14 11 6 118 132 25 110 8 36 74 14 72 7 37 60 24 11 35 36 8 7
is_linear=0
shrinkage=0.05


Tree=14
num_leaves=25
num_cat=0
split_feature=3 3 7 6 11 12 0 3 4 0 3 12 13 15 11 4 0 6 15 4 17 3 12 4
split_gain=123095 27794.7 26002.7 16657.4 5573.39 10550.4 4625.87 3596.34 2481.64 1976.1 1450.73 1439.34 1108.35 996.977 953.349 882.428 655.037 575.124 482.864 261.243 217.778 203.738 144.422 120.783
threshold=1.1757363698743504 0.96004864666025502 5.5000000000000009 90.500000000000014 269.00000000000006 255.19500000000002 28876.440000000002 0.90632292622110888 38137.000000000007 27213.890000000003 1.0395607538977247 398.20000000000005 338.83000000000004 274.72500000000008 310.50000000000006 35865.000000000007 29155.415000000005 91.500000000000014 285.38833333333343 37657.000000000007 60.611148511723229 0.92381621865917996 283.90000000000003 33317.500000000007
decision_type=2 2 2 2 2 2 2 2 2 2 2 2 2 2 2 2 2 2 2 2 2 2 2 2
left_child=1 7 8 -4 -5 -6 9 11 19 -3 18 17 -12 -11 -10 21 -16 -1 -8 -2 -17 -9 -21 -13
right_child=2 6 3 4 5 -7 10 15 14 13 12 23 -14 -15 16 20 -18 -19 -20 22 -22 -23 -24 -25
leaf_value=-0.94604561152281585 1.9517550945281981 -0.99427774429321303 7.742024739583333 1.7009342829386396 1.8838780403137201 5.6345087432861325 0.88722209930419815 -0.37918583080172541 0.67093849182128906 0.30786081159730322 0.78199822157621368 -0.38281185797282635 1.8292816480000813 -0.083131458304290265 1.9937802791595456 -0.81922914064847496 1.0164053281148273 -1.2304790790264424 0.18821405888135945 2.2281063715616858 -0.50886653423309325 -0.022343662171624604 2.7187218983968093 -0.76200717290242492
leaf_weight=27 4 4.9999999999999991 2.9999999999999991 2.9999999999999991 3 5 3.0000000000000027 7.9999999999999991 5 23 16.000000000000004 6.9999999999999982 2.9999999999999991 56 4 13.000000000000002 3 52 13.999999999999998 3 9.9999999999999982 7.9999999999999991 3 3
leaf_count=27 4 5 3 3 3 5 3 8 5 23 16 7 3 56 4 13 3 52 14 3 10 8 3 3
internal_value=0.0228359 -0.373767 2.75499 4.4395 3.53882 4.22802 0.172921 -0.886287 1.68302 -0.0303089 0.647124 -1.06173 0.947359 0.0307017 1.19825 -0.48592 1.57491 -1.13327 0.311568 2.26475 -0.684289 -0.200765 2.47341 -0.49657
internal_weight=284 248 36 14 11 8 120 128 22 84 36 89 19 79 12 39 7 79 17 10 23 16 6 10
internal_count=284 248 36 14 11 8 120 128 22 84 36 89 19 79 12 39 7 79 17 10 23 16 6 10
is_linear=0
shrinkage=0.05


Tree=15
num_leaves=26
num_cat=0
split_feature=1 7 1 17 8 12 12 1 1 0 14 2 0 12 7 4 4 13 4 0 12 17 0 1 11
split_gain=135364 42719.8 22643 13193.8 8602.17 6285.78 6184.74 2558.77 2396.65 1758.07 1206.92 2041.51 1078.18 923.851 921.894 880.397 516.607 471.244 389.724 307.449 280.397 166.096 139.376 70.0869 55.6671
threshold=32559.720000000005 5.5000000000000009 25793.060000000001 30.794604757504533 4.5000000000000009 255.19500000000002 270.96000000000009 27626.075000000001 21364.440000000002 29460.545000000002 306.01000000000005 3221.8000000000006 28294.380000000005 319.66500000000002 2.5000000000000004 37487.500000000007 35012.500000000007 319.66500000000002 34905.000000000007 27471.635000000006 286.16500000000002 33.197543461327932 28914.935000000001 34329.730000000003 322.50000000000006
decision_type=2 2 2 2 2 2 2 2 2 2 2 2 2 2 2 2 2 2 2 2 2 2 2 2 2
left_child=2 4 8 -3 10 -5 -7 16 13 23 11 -2 17 19 22 -14 24 -9 -16 -1 -12 -18 -10 -6 -4
right_child=1 3 7 5 9 6 -8 12 14 -11 20 -13 15 -15 18 -17 21 -19 -20 -21 -22 -23 -24 -25 -26
leaf_value=-1.4006614404566147 2.419136937459307 7.4789862314860036 0.0023549169301986697 1.7896840731302899 1.9299210739135746 5.6047906494140634 2.967020678520202 -0.024419426790305548 -0.5683591365814209 3.3025757789611818 0.32006904125213603 0.88968210220336919 0.33646635243838485 -1.9901806831359865 -0.75736740137401393 -0.30917662580808009 -0.72938231945037824 -0.54334362030029293 -1.0323896461725235 -1.0842524869101389 0.76573128700256354 -0.42372030913829806 -0.17978434960047407 2.1946603012084958 -0.24062837687405675
leaf_weight=17.000000000000004 3.0000000000000027 2.9999999999999991 2.9999999999999991 2.9999999999999991 4.9999999999999982 4.9999999999999982 4 35 9.9999999999999982 3.9999999999999991 5.0000000000000027 7.9999999999999991 44 4.9999999999999991 19 5.9999999999999991 10.000000000000002 4.9999999999999991 40 13.999999999999998 11.999999999999998 7.9999999999999991 2.9999999999999991 5 10.999999999999998
leaf_count=17 3 3 3 3 5 5 4 35 10 4 5 8 44 5 19 6 10 5 40 14 12 8 3 5 11
internal_value=0.0414623 2.22272 -0.499111 4.5132 1.4047 3.77176 4.43245 -0.0323391 -1.02639 2.41666 0.898714 1.30681 0.104201 -1.35949 -0.85984 0.258989 -0.416357 -0.089285 -0.943823 -1.25777 0.634654 -0.593533 -0.478688 2.06229 -0.188561
internal_weight=287 57 230 15 42 12 9 122 108 14 28 11 90 36 72 50 32 40 59 31 17 18 13 10 14
internal_count=287 57 230 15 42 12 9 122 108 14 28 11 90 36 72 50 32 40 59 31 17 18 13 10 14
is_linear=0
shrinkage=0.05


Tree=16
num_leaves=24
num_cat=0
split_feature=1 8 1 17 1 12 15 1 1 14 2 14 4 0 0 12 13 14 4 12 1 12 0
split_gain=113121 33079.8 21739 19297.2 6558.56 5314.14 2889.89 2283.73 1473.01 1135.47 1805.28 1118.64 904.645 651.662 613.721 590.075 1758.46 488.251 375.357 353.148 343.413 220.873 57.0362
threshold=32559.720000000005 4.5000000000000009 25793.060000000001 30.794604757504533 36728.905000000006 270.96000000000009 277.61000000000007 21904.045000000002 28626.780000000002 306.01000000000005 3221.8000000000006 273.66500000000002 35865.000000000007 28516.795000000002 28455.780000000002 319.66500000000002 282.51000000000005 319.66500000000002 34905.000000000007 300.16500000000002 33644.595000000008 286.16500000000002 29155.415000000005
decision_type=2 2 2 2 2 2 2 2 2 2 2 2 2 2 2 2 2 2 2 2 2 2 2
left_child=2 9 7 -3 5 -5 11 15 12 10 -2 -4 -8 -10 -13 19 -17 18 -9 -1 -12 -11 -23
right_child=1 3 6 4 -6 -7 8 17 13 21 20 14 -14 -15 -16 16 -18 -19 -20 -21 -22 22 -24
leaf_value=-1.2407410789938536 2.298180071512856 7.1050367991129484 1.1327388668060294 4.4221789042154844 4.699893283843994 2.1396495819091799 -0.13908556385172741 -0.65328367891765782 -0.12687871803343295 0.2756243675947187 0.52889502048492421 0.14947694963775573 -0.57664619400387718 0.23064897589457153 0.78410639286041262 -0.84907398223876962 -2.5610226313273108 -0.30207503318786622 -0.92369339755087199 -0.8507526670183454 1.2365743954976398 0.58738018671671566 0.7974639211382184
leaf_weight=34 3.0000000000000018 3.0000000000000027 5.0000000000000027 3.0000000000000062 3.9999999999999991 17 27 21 25 4.0000000000000027 4 16.000000000000004 21 26 4.9999999999999991 2.9999999999999991 3 4.9999999999999991 33 6.9999999999999991 3 5.9999999999999982 7
leaf_count=34 3 3 5 3 4 17 27 21 25 4 4 16 21 26 5 3 3 5 33 7 3 6 7
internal_value=0.0264493 2.08674 -0.455178 3.32427 2.85167 2.48203 -0.00851294 -0.981905 -0.131717 0.849217 1.27198 0.46061 -0.330518 0.0553903 0.300579 -1.24193 -1.70505 -0.774766 -0.818534 -1.17416 0.832186 0.600531 0.700502
internal_weight=285 54 231 27 24 20 125 106 99 27 10 26 48 51 21 47 6 59 54 41 7 17 13
internal_count=285 54 231 27 24 20 125 106 99 27 10 26 48 51 21 47 6 59 54 41 7 17 13
is_linear=0
shrinkage=0.05


Tree=17
num_leaves=23
num_cat=0
split_feature=3 2 7 3 3 3 8 8 2 2 6 2 2 4 11 16 16 11 12 3 13 2
split_gain=93894 24339.7 17913.9 9178.74 15115.5 5616.18 3961.73 2883.08 2802.42 1795.15 1311.73 1273.38 1237.34 1030.26 969.356 802.83 613.029 592.7 488.787 73.1169 52.226 0.845803
threshold=1.1735435594662136 6657.7900000000009 5.5000000000000009 1.2105657811018575 1.266954620217835 0.90632292622110888 4.5000000000000009 4.5000000000000009 2339.7600000000007 3204.8900000000008 91.500000000000014 13632.790000000003 13955.565000000001 35012.500000000007 310.50000000000006 299.14357142857153 317.01642857142861 499.83500000000009 398.20000000000005 0.92381621865917996 398.20000000000005 3221.8000000000006
decision_type=2 2 2 2 2 2 2 2 2 2 2 2 2 2 2 2 2 2 2 2 2 2
left_child=1 6 7 -4 -5 11 9 14 -6 16 -9 18 -13 19 21 -11 -1 -15 -3 -7 -12 -2
right_child=2 5 3 4 8 13 -8 10 -10 15 20 12 -14 17 -16 -17 -18 -19 -20 -21 -22 -23
leaf_value=0.60561739861965169 0.51951160430908183 -0.92701718312389447 1.8419756174087525 7.6184190114339216 2.1910695393880206 -0.28482441306114181 2.0760344823201495 2.9794003804524722 4.3522491455078116 0.020929956468551059 1.8806220372517908 -2.0009684181213365 -1.1257705370585123 -0.60973497424806877 1.4370596806208291 0.33378340227378384 1.5097040176391596 0.032739085704088212 -0.48246940289224893 -0.08460950137753237 1.6473795890808103 0.55705720583597806
leaf_weight=5 3 53 3.9999999999999991 2.9999999999999982 3 6.0000000000000027 2.9999999999999991 3.0000000000000009 3 46 5.9999999999999982 5.0000000000000027 21 35 6 37 3 3.9999999999999991 6.9999999999999991 19 4 3
leaf_count=5 3 53 4 3 3 6 3 3 3 46 6 5 21 35 6 37 3 4 7 19 4 3
internal_value=0.0174936 -0.342555 2.32939 3.83486 4.72058 -0.737877 0.288277 1.54654 3.27166 0.22934 2.06242 -1.0018 -1.29408 -0.383223 0.987672 0.160395 0.94465 -0.54384 -0.875153 -0.132661 1.78733 0.538284
internal_weight=282 244 38 13 9 150 94 25 6 91 13 86 26 64 12 83 8 39 60 25 10 6
internal_count=282 244 38 13 9 150 94 25 6 91 13 86 26 64 12 83 8 39 60 25 10 6
is_linear=0
shrinkage=0.05


Tree=18
num_leaves=24
num_cat=0
split_feature=1 7 1 17 17 0 1 15 14 0 3 0 4 14 14 0 2 1 1 7 0 0 17
split_gain=88316.8 26039.1 18264 9667.06 5480.47 4612.03 1899.87 1868.49 1584.06 1202.36 837.41 765.492 754.653 703.696 674.837 787.991 609.826 472.626 321.977 240.715 208.909 152.242 143.381
threshold=32951.505000000012 5.5000000000000009 26035.400000000005 41.427063059387919 46.42082580934926 28965.120000000006 21364.440000000002 277.61000000000007 311.33500000000009 28516.795000000002 1.2576818031202941 28965.120000000006 33155.000000000007 262.5750000000001 251.22000000000006 27423.740000000002 6484.9600000000009 31377.680000000004 16669.590000000004 2.5000000000000004 27992.845000000005 29155.415000000005 100.32192719246832
decision_type=2 2 2 2 2 2 2 2 2 2 2 2 2 2 2 2 2 2 2 2 2 2 2
left_child=2 4 6 -3 10 -5 14 11 22 17 21 13 20 -4 15 -1 -11 -9 -16 -14 -8 -2 -6
right_child=1 3 7 5 8 -7 12 9 -10 16 -12 -13 19 -15 18 -17 -18 -19 -20 -21 -22 -23 -24
leaf_value=-1.0713136990865073 0.46533793210983232 5.6375352287292495 1.0111703236897762 1.2770248095194496 1.6697184920310979 3.8704539299011227 -0.53091985285282151 -0.37910841914915272 3.0764343897501631 0.29103109112807685 1.3111157099405926 1.1419938246409098 -0.51444000516619004 0.19252126128191041 -1.3910425980885817 -2.2173146247863764 -0.060276593516270321 -0.029090441710182598 -0.98153527379035954 -0.82543184501784195 -0.11892689913511274 0.7651133749220107 2.0750470479329421
leaf_weight=2.9999999999999991 8.0000000000000053 4.9999999999999982 3.0000000000000062 3 7.9999999999999982 4 7.9999999999999982 31 2.9999999999999991 21 5.9999999999999991 2.9999999999999991 6.9999999999999991 21 6.0000000000000027 3 30 13.999999999999998 24 56 5 8.9999999999999982 3
leaf_count=3 8 5 3 3 8 4 8 31 3 21 6 3 7 21 6 3 30 14 24 56 5 9 3
internal_value=0.00351444 1.93445 -0.399107 3.95838 1.27804 2.75898 -0.861038 0.0215136 2.05801 -0.0818362 0.803279 0.388979 -0.719306 0.294852 -1.16025 -1.64431 0.0843795 -0.270214 -1.06344 -0.790877 -0.372461 0.624043 1.78026
internal_weight=284 49 235 12 37 7 112 123 14 96 23 27 76 24 36 6 51 45 30 63 13 17 11
internal_count=284 49 235 12 37 7 112 123 14 96 23 27 76 24 36 6 51 45 30 63 13 17 11
is_linear=0
shrinkage=0.05


Tree=19
num_leaves=25
num_cat=0
split_feature=1 8 1 17 0 1 15 0 14 4 14 0 14 4 0 14 0 1 4 16 1 13 11 1
split_gain=71428.4 17768.1 15672.7 11502.7 7928.17 2111.87 1361.68 1311.4 1015.69 762.747 699.38 697.537 702.05 675.775 598.355 468.338 1031.96 291.963 290.808 271.532 131.392 76.6864 33.1801 7.07674
threshold=32559.720000000005 4.5000000000000009 26817.120000000006 32.032423962408267 30201.515000000003 21904.045000000002 277.61000000000007 28965.120000000006 306.01000000000005 37487.500000000007 319.66500000000002 28965.120000000006 263.80500000000001 36890.000000000007 28781.310000000005 253.00000000000003 27575.925000000003 16669.590000000004 33155.000000000007 298.04857142857151 34035.005000000012 285.21500000000009 321.83500000000009 33774.56500000001
decision_type=2 2 2 2 2 2 2 2 2 2 2 2 2 2 2 2 2 2 2 2 2 2 2 2
left_child=2 8 5 -3 7 15 11 -5 14 13 18 12 -4 -8 -2 16 -1 -17 -7 -11 23 -12 -22 -10
right_child=1 3 6 4 -6 10 9 -9 20 19 21 -13 -14 -15 -16 17 -18 -19 -20 -21 22 -23 -24 -25
leaf_value=-1.0463453412055972 0.72085762023925692 5.6047503471374451 0.96061180432637316 1.4989896869659414 4.654367828369141 -0.45898639546199282 -0.056616425441176288 2.3912928444998607 0.29325533310572305 -0.62381674902779727 -0.075386083126068149 0.97872022390365609 0.13098296320394559 0.41332128130727352 1.6549885869026182 -1.3284882736206054 -2.1337545394897455 -0.91848847793810295 -0.74060893275521023 -0.14138340726494789 0.56915642420450863 -0.35801960428555801 0.7550665616989134 0.4018581628799438
leaf_weight=7.9999999999999982 3.0000000000000027 3.0000000000000027 3.0000000000000062 10.000000000000005 2.9999999999999991 10.999999999999998 51 6.9999999999999991 2.9999999999999991 6.9999999999999982 3.9999999999999982 3.9999999999999991 17 8.9999999999999982 4 4.9999999999999991 3 33 55 5 5.9999999999999982 6 4 3
leaf_count=8 3 3 3 10 3 11 51 7 3 7 4 4 17 9 4 5 3 33 55 5 6 6 4 3
internal_value=-0.0575467 1.73499 -0.430653 2.71767 2.2846 -0.799653 0.0498151 1.86641 0.752307 -0.0589053 -0.634632 0.375976 0.255427 0.0138742 1.25465 -1.0556 -1.34291 -0.972436 -0.693672 -0.422803 0.532534 -0.244966 0.64352 0.347557
internal_weight=267 46 221 23 20 125 96 17 23 72 76 24 20 60 7 49 11 38 66 12 16 10 10 6
internal_count=267 46 221 23 20 125 96 17 23 72 76 24 20 60 7 49 11 38 66 12 16 10 10 6
is_linear=0
shrinkage=0.05


Tree=20
num_leaves=22
num_cat=0
split_feature=2 1 13 17 0 1 2 1 14 2 0 12 0 16 4 16 14 15 0 6 13
split_gain=80939.1 19801.3 16145.5 20090.6 7346.94 6595.08 2558.48 2296.38 1406.49 1041.03 1037.44 810.715 779.103 706.62 664.76 510.94 448.596 306.873 152.448 71.176 68.6756
threshold=3137.5400000000004 26035.400000000005 306.50000000000006 41.427063059387919 28965.120000000006 33925.42500000001 2493.6900000000005 22243.890000000003 306.01000000000005 6657.7900000000009 29292.095000000005 385.33500000000009 28259.450000000001 315.27285714285722 35865.000000000007 305.59571428571434 319.66500000000002 296.33333333333343 29380.625000000004 90.500000000000014 398.20000000000005
decision_type=2 2 2 2 2 2 2 2 2 2 2 2 2 2 2 2 2 2 2 2 2
left_child=2 7 6 -4 20 9 10 11 18 12 -1 15 -3 19 -11 -2 17 -9 -7 -8 -5
right_child=1 5 3 4 -6 8 13 16 -10 14 -12 -13 -14 -15 -16 -17 -18 -19 -20 -21 -22
leaf_value=1.5892149925231926 -1.1470744544809515 -0.032486722393091333 6.6194016933441162 1.4710032463073734 3.896972923278808 1.4249060440063479 0.73956335385640493 -0.7853010738597197 0.58127288818359368 -0.023124496698379515 2.7653301239013666 -1.826195764541626 0.27028691229366125 1.4726395289103187 -0.42838330062873226 -0.80630673928694296 -0.11340657651424409 -0.53171087048947807 1.8757542928059892 0.41738586425781243 1.1326849778493242
leaf_weight=5.0000000000000018 22 43 3.9999999999999991 2.9999999999999982 5 4.9999999999999982 2.9999999999999982 17 6 25 3 2.9999999999999991 42 3 17 22 4.9999999999999991 40 3 4 3
leaf_count=5 22 43 4 3 5 5 3 17 6 25 3 3 42 3 17 22 5 40 3 4 3
internal_value=0.0459969 -0.261219 2.37339 3.5849 2.48145 0.130028 1.36379 -0.767326 1.15996 0.0164921 2.03026 -1.03091 0.117119 0.830615 -0.187158 -0.976691 -0.567509 -0.607343 1.59397 0.555462 1.30184
internal_weight=283 250 33 15 11 141 18 109 14 127 8 47 85 10 42 44 62 57 8 7 6
internal_count=283 250 33 15 11 141 18 109 14 127 8 47 85 10 42 44 62 57 8 7 6
is_linear=0
shrinkage=0.05


Tree=21
num_leaves=23
num_cat=0
split_feature=1 9 1 17 0 17 2 1 0 2 3 0 17 12 4 4 1 1 4 6 2 0
split_gain=56236.6 14680.1 12207.9 10658.6 7813.05 4283.27 1652.69 1489.87 1484.77 1119.16 792.082 724.724 698.771 553.808 479.381 311.659 260.14 225.26 206.799 185.601 130.569 44.6029
threshold=32559.720000000005 1.0000000180025095e-35 26035.400000000005 30.794604757504533 29767.365000000002 46.42082580934926 6484.9600000000009 21904.045000000002 29460.545000000002 3137.5400000000004 1.2576818031202941 28017.880000000005 27.319274849066346 385.33500000000009 34905.000000000007 35865.000000000007 33925.42500000001 24222.715000000004 37487.500000000007 91.500000000000014 3946.1100000000006 28017.880000000005
decision_type=2 2 2 2 2 2 2 2 2 2 2 2 2 2 2 2 2 2 2 2 2 2
left_child=2 5 7 -3 -5 10 9 13 16 -4 20 -11 21 19 17 -14 -7 -9 -16 -1 -2 -8
right_child=1 3 6 4 -6 8 12 14 -10 11 -12 -13 15 -15 18 -17 -18 -19 -20 -21 -22 -23
leaf_value=-0.67843834459781649 0.55944808813241786 5.6683277765909832 0.97353117465972905 0.96327817916870107 4.19087791442871 0.97611340284347536 -0.76701240539550808 -0.50300886879364648 2.4123300170898441 -0.084589379706553058 1.1392918109893799 0.24081027153879406 0.0050421545451337646 -1.598141638437907 -0.72591775041638007 -0.2714061763725783 1.5220782279968263 -0.19664584928088719 -0.42671321289879938 -0.94856457864084553 0.25879257202148437 -0.53089039325714105
leaf_weight=7.9999999999999991 13.000000000000005 2.9999999999999991 3.9999999999999991 5 3 2.9999999999999991 2.9999999999999982 18.000000000000004 4.9999999999999991 28 5.9999999999999991 44 22 2.9999999999999991 33 19 7.9999999999999991 8.9999999999999982 6.9999999999999991 31 4.9999999999999991 6
leaf_count=8 13 3 4 5 3 3 3 18 5 28 6 44 22 3 33 19 8 9 7 31 5 6
internal_value=0.00405099 1.50908 -0.322573 3.12673 2.17363 1.06423 0.0126119 -0.710034 1.69791 0.15949 0.641772 0.114266 -0.210643 -0.94351 -0.563675 -0.123068 1.37318 -0.400888 -0.673557 -0.893154 0.475933 -0.609598
internal_weight=286 51 235 11 8 40 126 109 16 76 24 72 50 42 67 41 11 27 40 39 18 9
internal_count=286 51 235 11 8 40 126 109 16 76 24 72 50 42 67 41 11 27 40 39 18 9
is_linear=0
shrinkage=0.05


Tree=22
num_leaves=19
num_cat=0
split_feature=3 4 1 0 1 1 14 17 12 6 6 18 13 11 14 7 12 14
split_gain=58236.8 23674 13821.7 9633.06 2413.79 1896.02 1780.95 1580.49 1388.29 710.032 600.955 587.873 761.82 569.265 501.838 304.339 106.591 87.1253
threshold=1.1735435594662136 36220.000000000007 26817.120000000006 30201.515000000003 32559.720000000005 22719.200000000004 277.60000000000008 46.42082580934926 319.66500000000002 92.500000000000014 91.500000000000014 20553.140000000003 302.00000000000006 310.50000000000006 319.66500000000002 5.5000000000000009 292.33000000000004 326.00000000000006
decision_type=2 2 2 2 2 2 2 2 2 2 2 2 2 2 2 2 2 2
left_child=2 -2 5 7 11 8 -6 13 10 -9 -1 -4 -13 -3 15 -7 -8 -16
right_child=1 3 4 -5 6 14 16 9 -10 -11 -12 12 -14 -15 17 -17 -18 -19
leaf_value=-0.48072742356194392 5.0940204620361333 0.40775747299194293 0.54703384399414057 4.0657600402832035 1.7851121266682943 -0.49056123408178492 0.21232738047838212 2.1730676968892415 -1.9559352238972982 1.2848537709977892 -0.94320085644721985 0.09826585993407265 -0.18519601945422198 1.0251748800277711 0.050966483013083555 -0.73674560715170478 0.52844347953796389 -0.27109033380235942
leaf_weight=8.9999999999999982 4.9999999999999991 7.0000000000000062 4.9999999999999991 2.9999999999999991 2.9999999999999991 48 3.9999999999999991 2.9999999999999991 2.9999999999999991 8.9999999999999982 32 63 38 7.9999999999999991 2.9999999999999982 17 7.9999999999999991 7
leaf_count=9 5 7 5 3 3 48 4 3 3 9 32 63 38 8 3 17 8 7
internal_value=0.00339457 1.90874 -0.274469 1.37786 0.101824 -0.657085 0.69548 1.07921 -0.917654 1.50691 -0.841682 0.0178158 -0.00838316 0.737047 -0.504218 -0.554948 0.423071 -0.174473
internal_weight=275 35 240 30 121 119 15 27 44 12 41 106 101 15 75 65 12 10
internal_count=275 35 240 30 121 119 15 27 44 12 41 106 101 15 75 65 12 10
is_linear=0
shrinkage=0.05


Tree=23
num_leaves=26
num_cat=0
split_feature=1 7 1 12 5 1 8 1 4 2 0 14 2 18 14 2 13 4 7 4 1 14 12 1 14
split_gain=56342 19620.6 10149.4 7489.32 3876.66 10727.2 3626.79 2003.5 1062.22 945.107 930.301 813.049 1086.95 685.349 644.66 440.825 615.258 341.065 269.709 249.621 241.126 143.085 135.472 94.8015 34.126
threshold=32559.720000000005 5.5000000000000009 27200.805000000004 255.19500000000002 22.500000000000004 34567.805000000008 4.5000000000000009 22719.200000000004 37487.500000000007 3345.7100000000005 29460.545000000002 306.01000000000005 3221.8000000000006 20914.145000000004 319.66500000000002 13562.005000000003 282.51000000000005 38215.000000000007 3.5000000000000004 34732.500000000007 31785.325000000004 326.00000000000006 286.16500000000002 29196.075000000004 307.50000000000006
decision_type=2 2 2 2 2 2 2 2 2 2 2 2 2 2 2 2 2 2 2 2 2 2 2 2 2
left_child=2 6 7 -3 5 -5 11 15 9 20 24 12 -2 -11 18 19 -17 23 -9 -1 -4 -16 -13 -10 -8
right_child=1 3 8 4 -6 -7 10 14 17 13 -12 22 -14 -15 21 16 -18 -19 -20 -21 -22 -23 -24 -25 -26
leaf_value=-0.55996576207024695 1.7647563934326158 0.96560144424438477 0.42924110293388362 0.90939701398213735 5.317800521850585 4.8646281242370595 1.2485206604003909 -0.41735307363902829 -0.59150293668111176 0.45699491471052173 2.2520403146743777 0.18499749422073353 0.62722050121852324 0.013249474630427006 0.10606976966373623 -0.62355660498142218 -1.14626414399398 0.14508342643578848 -0.61372360719574826 -0.87825394543734481 0.99625237782796194 -0.24776556789875032 0.49124649121211128 -0.31043126384417213 1.4444587230682371
leaf_weight=14.000000000000002 3.0000000000000018 2.9999999999999991 5 2.9999999999999982 3 4 4.9999999999999982 34 5.9999999999999982 9.9999999999999982 3.9999999999999991 5.0000000000000027 7 67 3.9999999999999991 8.0000000000000018 19 2.9999999999999991 36 10.999999999999998 3 9.9999999999999982 12.999999999999998 6 4
leaf_count=14 3 3 5 3 3 4 5 34 6 10 4 5 7 67 4 8 19 3 36 11 3 10 13 6 4
internal_value=0.00714679 1.4641 -0.326224 3.15669 3.81401 3.16953 0.927429 -0.607391 0.0561627 0.124619 1.61758 0.607 0.968481 0.0708788 -0.456398 -0.851304 -0.991388 -0.331757 -0.518344 -0.700013 0.64187 -0.14667 0.406177 -0.450967 1.3356
internal_weight=290 54 236 13 10 7 41 136 100 85 13 28 10 77 84 52 27 15 70 25 8 14 18 12 9
internal_count=290 54 236 13 10 7 41 136 100 85 13 28 10 77 84 52 27 15 70 25 8 14 18 12 9
is_linear=0
shrinkage=0.05


Tree=24
num_leaves=21
num_cat=0
split_feature=3 4 1 0 0 1 17 14 0 15 4 4 14 11 13 13 0 15 14 0
split_gain=54213.6 18990.2 13798.8 8553.08 2002.67 1772.74 1530.75 899.267 851.065 767.19 716.105 817.96 631.862 459.484 361.205 1346.83 389.024 277.175 89.4883 26.7839
threshold=1.1757363698743504 37217.000000000007 27200.805000000004 29767.365000000002 29283.190000000006 22719.200000000004 46.42082580934926 272.66500000000002 28965.120000000006 285.065 37487.500000000007 36890.000000000007 319.66500000000002 310.50000000000006 282.51000000000005 285.21500000000009 27598.790000000005 312.20333333333343 326.00000000000006 28835.380000000005
decision_type=2 2 2 2 2 2 2 2 2 2 2 2 2 2 2 2 2 2 2 2
left_child=2 -2 5 6 10 14 13 -6 -8 -9 11 -4 17 -3 16 -16 -1 -7 -14 -12
right_child=1 3 4 -5 7 12 8 9 -10 -11 19 -13 18 -15 15 -17 -18 -19 -20 -21
leaf_value=-0.74621066749095899 4.6652606773376464 0.35290823777516667 0.025510340407490728 3.5260573387145997 1.3656398773193343 -0.60067607616556107 1.1443165278434753 0.99852672576904222 1.9432524299621585 0.30243688421814063 -0.46469859123229978 0.4351280715068182 0.13671067357063293 0.93173522949218757 -1.9012457211812337 -0.79175389312928734 -0.24094129562377931 -0.39869774492775523 -0.17465023696422577 -0.27572266658147171
leaf_weight=16.000000000000004 4.9999999999999991 6.0000000000000027 65 3.9999999999999991 3.0000000000000027 29 9.9999999999999982 5.0000000000000027 4.9999999999999991 19 5 14.999999999999998 2.9999999999999991 7.9999999999999991 2.9999999999999991 31 4.9999999999999991 41 9.9999999999999982 3
leaf_count=16 5 6 65 4 3 29 10 5 5 19 5 15 3 8 3 31 5 41 10 3
internal_value=0.0327725 1.79372 -0.231717 1.35864 0.172785 -0.568803 1.05968 0.549476 1.41063 0.447456 0.0572095 0.102314 -0.422923 0.683667 -0.788949 -0.88965 -0.625908 -0.482374 -0.102798 -0.393833
internal_weight=291 38 253 33 115 138 29 27 15 24 88 80 83 14 55 34 21 70 13 8
internal_count=291 38 253 33 115 138 29 27 15 24 88 80 83 14 55 34 21 70 13 8
is_linear=0
shrinkage=0.05


Tree=25
num_leaves=22
num_cat=0
split_feature=2 1 15 13 0 1 1 1 14 14 12 11 0 7 13 7 12 7 12 14 3
split_gain=41183.1 14175.2 5006.94 7375.75 4382.72 3201.2 1835.97 1766.33 1065.93 924.507 648.31 527.69 509.37 469.144 394.202 337.982 278.392 234.494 222.385 146.241 36.8184
threshold=2859.0650000000005 27626.075000000001 281.66500000000008 310.50000000000006 29342.195000000003 33925.42500000001 33925.42500000001 22719.200000000004 306.01000000000005 319.66500000000002 385.33500000000009 255.19500000000002 28455.780000000002 4.5000000000000009 319.66500000000002 3.5000000000000004 316.50000000000006 1.5000000000000002 263.00000000000006 322.50000000000006 1.2534414910769658
decision_type=2 2 2 2 2 2 2 2 2 2 2 2 2 2 2 2 2 2 2 2 2
left_child=2 7 6 -4 18 12 -1 10 16 15 17 -8 14 -14 -3 -9 -7 -2 -5 -11 -10
right_child=1 5 3 4 -6 8 11 9 20 19 -12 -13 13 -15 -16 -17 -18 -19 -20 -21 -22
leaf_value=0.41570016622543315 -0.46545258909463882 0.035900995394457944 4.7368896484374998 0.86010552247365346 3.2602441310882564 1.0197999000549312 1.2942072868347165 -0.35590921263945735 0.51841181914011647 0.21636430323123934 -1.4702124118804933 2.171445814768473 0.2767507906749167 -0.1945588047305743 -0.48159325718879703 -0.56413876593112944 1.6097071965535479 -0.76199144959449772 1.4295893192291258 -0.13273154099782308 0.30388218561808261
leaf_weight=5.0000000000000018 7.9999999999999991 46 2.9999999999999991 2.9999999999999982 4 6.0000000000000018 4 38 5.9999999999999982 3.9999999999999991 2.9999999999999991 3 44 5.9999999999999991 3.9999999999999991 40 3 40 4 11.999999999999998 3
leaf_count=5 8 46 3 3 4 6 4 38 6 4 3 3 44 6 4 40 3 40 4 12 3
internal_value=-0.00140678 -0.189074 1.89692 2.53931 1.93997 0.217837 1.14747 -0.520216 0.831669 -0.391675 -0.757136 1.67017 0.107348 0.220194 -0.00549854 -0.462694 1.21644 -0.712568 1.18552 -0.0454576 0.446902
internal_weight=289 263 26 14 11 118 12 145 18 94 51 7 100 50 50 78 9 48 7 16 9
internal_count=289 263 26 14 11 118 12 145 18 94 51 7 100 50 50 78 9 48 7 16 9
is_linear=0
shrinkage=0.05


Tree=26
num_leaves=18
num_cat=0
split_feature=3 4 1 0 0 1 1 8 7 0 12 5 0 14 14 6 13
split_gain=42707 20647.6 9565.25 7056.39 2087.85 1257.6 1067.28 737.422 675.537 605.907 483.409 431.113 388.877 229.89 217.56 215.993 212.717
threshold=1.1831993375978549 37217.000000000007 27448.025000000005 29767.365000000002 29921.455000000005 21364.440000000002 33925.42500000001 4.5000000000000009 3.5000000000000004 28455.780000000002 385.33500000000009 22.500000000000004 28965.120000000006 331.17000000000007 319.66500000000002 91.500000000000014 302.81500000000005
decision_type=2 2 2 2 2 2 2 2 2 2 2 2 2 2 2 2 2
left_child=2 -2 5 7 6 10 9 11 16 -4 15 -3 -9 -8 -10 -1 -7
right_child=1 3 4 -5 -6 8 13 12 14 -11 -12 -13 -14 -15 -16 -17 -18
leaf_value=-0.45659913122653961 5.082558584213257 0.4025907244001114 -0.058381584052946058 3.2003522872924806 1.4416212399800621 -0.17352616604546023 1.0333411852518717 1.049637749195099 -0.54563405439257628 0.18303470132204724 -1.3453782081604004 1.0104764127731323 1.6987015406290682 0.45432848930358882 -0.10673590699831646 -0.75659434596697495 -0.37970583005384967
leaf_weight=7.9999999999999991 3.9999999999999991 7.0000000000000036 51 3.9999999999999991 2.9999999999999991 29 2.9999999999999991 9.9999999999999982 48 53 2.9999999999999991 5 3.0000000000000009 4 2.9999999999999991 24 22
leaf_count=8 4 7 51 4 3 29 3 10 48 53 3 5 3 4 3 24 22
internal_value=0.0240021 1.71499 -0.198319 1.2505 0.140049 -0.47988 0.104871 0.93852 -0.391141 0.0646479 -0.738491 0.655876 1.19942 0.702477 -0.519817 -0.681596 -0.262466
internal_weight=284 33 251 29 114 137 111 25 102 104 35 12 13 7 51 32 51
internal_count=284 33 251 29 114 137 111 25 102 104 35 12 13 7 51 32 51
is_linear=0
shrinkage=0.05


Tree=27
num_leaves=27
num_cat=0
split_feature=2 13 3 3 12 17 0 11 12 12 13 2 2 12 2 4 6 11 0 0 0 16 13 11 11 11
split_gain=27949.4 7369.57 5652.62 5287.22 5897.12 1579.79 1462.48 993.419 753.166 748.026 721.186 549.05 541.034 460.704 384.2 353.513 337.92 278.387 261.828 253.67 141.407 106.923 104.927 69.1186 63.5601 49.8854
threshold=3771.8850000000007 308.50000000000006 0.91109878197426253 1.2161727873615413 267.33500000000009 46.42082580934926 28455.780000000002 310.50000000000006 389.90000000000003 385.33500000000009 302.81500000000005 6484.9600000000009 2648.9600000000005 264.64000000000004 6703.6200000000008 35865.000000000007 91.500000000000014 259.8250000000001 29155.415000000005 27824.730000000007 29380.625000000004 322.1242857142858 288.50000000000006 272.66500000000002 255.19500000000002 277.00000000000006
decision_type=2 2 2 2 2 2 2 2 2 2 2 2 2 2 2 2 2 2 2 2 2 2 2 2 2 2
left_child=1 5 8 20 -5 7 10 19 9 16 13 17 24 -4 -12 -13 -2 -8 -9 -1 25 -14 23 -10 -7 -3
right_child=2 3 6 4 -6 12 11 18 22 -11 14 15 21 -15 -16 -17 -18 -19 -20 -21 -22 -23 -24 -25 -26 -27
leaf_value=-0.13939967155456523 -0.46308695908748743 0.72578840255737243 0.17463209697833429 1.6760219168663022 4.4800961176554344 1.1539332008361818 0.67333164215087837 1.1240806341171266 -0.27124384045600897 -1.391873335838318 -0.1480918975038962 0.13875668016927581 0.42393382390340162 -0.18172302494446438 -0.51286088029543564 -0.23107570906480157 -0.6668995654807901 0.22278693690896034 0.5061548074086506 0.26860883235931399 1.2902091979980466 0.84607685407002742 -0.4330728721618653 -0.019532318804413078 1.445046265920003 0.99550969600677475
leaf_weight=5.0000000000000062 33 3.0000000000000018 12.999999999999998 5 3 4.9999999999999982 4.0000000000000027 3.9999999999999991 5.9999999999999982 2.9999999999999991 10.999999999999998 14.000000000000002 3 30 21 11.999999999999998 53 24 3 15.999999999999998 3 3 4.9999999999999991 5 3 4
leaf_count=5 33 3 13 5 3 5 4 4 6 3 11 14 3 30 21 12 53 24 3 16 3 3 5 5 3 4
internal_value=-0.0397399 0.923013 -0.2866 1.76947 2.72755 0.560247 -0.0648889 0.343412 -0.558987 -0.615766 -0.207741 0.133517 0.993917 -0.0739878 -0.387472 -0.0319352 -0.588692 0.28715 0.859255 0.171464 1.003 0.635005 -0.243156 -0.15683 1.2631 0.879915
internal_weight=294 60 234 18 8 42 129 28 105 89 75 54 14 43 32 26 86 28 7 21 10 6 16 11 8 7
internal_count=294 60 234 18 8 42 129 28 105 89 75 54 14 43 32 26 86 28 7 21 10 6 16 11 8 7
is_linear=0
shrinkage=0.05


Tree=28
num_leaves=21
num_cat=0
split_feature=1 4 1 1 2 15 1 14 0 12 4 12 4 18 4 13 16 12 18 1
split_gain=35191.2 11227.1 8401.66 5175.92 1266.43 1235.34 1222.24 947.995 867.587 745.493 640.222 361.335 337.641 289.413 284.758 325.328 279.158 209.442 178.165 139.152
threshold=33925.42500000001 36220.000000000007 25793.060000000001 36728.905000000006 6350.5950000000012 285.065 21209.785000000003 306.01000000000005 29460.545000000002 326.00000000000006 36890.000000000007 286.16500000000002 34905.000000000007 22877.885000000006 35865.000000000007 298.83500000000009 306.19928571428574 260.16500000000002 35456.600000000013 24222.715000000004
decision_type=2 2 2 2 2 2 2 2 2 2 2 2 2 2 2 2 2 2 2 2
left_child=2 -2 6 5 8 11 9 -7 10 13 -4 -3 19 -1 16 -16 -6 -10 -14 -8
right_child=1 3 4 -5 14 7 12 -9 17 -11 -12 -13 18 -15 15 -17 -18 -19 -20 -21
leaf_value=-0.97128977775573699 3.9355845212936402 1.114002736409504 0.014977682446656022 2.6125245666503911 0.1994726101557413 1.1268226683139797 -0.36271497297286986 0.44452268864427302 0.89892873764038106 -1.5376978476842247 0.34816163210641771 1.8900345166524248 -0.54688171297311783 -0.62214872474255767 0.08944044589996332 -0.3664632340272268 -0.13857372528628301 0.43184301853179924 -0.23114792943000795 -0.12313127499073745
leaf_weight=8.0000000000000018 3.9999999999999991 3.0000000000000027 46 4.9999999999999991 9.0000000000000018 8.0000000000000018 25 13.999999999999998 3.9999999999999982 2.9999999999999991 21 3 42 23 5.0000000000000027 18 19 6 4.9999999999999991 7.9999999999999991
leaf_count=8 4 3 46 5 9 8 25 14 4 3 21 3 42 23 5 18 19 6 5 8
internal_value=-0.00220502 1.43392 -0.221778 1.13069 0.0562528 0.866072 -0.533952 0.692632 0.184249 -0.785083 0.119408 1.50202 -0.427221 -0.71225 -0.136996 -0.267354 -0.029916 0.618677 -0.513293 -0.304634
internal_weight=279 37 242 33 128 28 114 22 77 34 67 6 80 31 51 23 28 10 47 33
internal_count=279 37 242 33 128 28 114 22 77 34 67 6 80 31 51 23 28 10 47 33
is_linear=0
shrinkage=0.05


Tree=29
num_leaves=25
num_cat=0
split_feature=1 1 18 17 3 1 1 14 15 13 12 12 14 4 4 3 13 13 11 14 1 1 1 11
split_gain=24743.4 5042.27 4256.21 8993.87 1703.41 944.017 853.868 821.585 745.991 591.167 957.455 617.544 441.401 425.282 406.705 356.493 344.309 324.407 295.855 274.651 260.171 212.302 179.881 120.811
threshold=32559.720000000005 25936.675000000007 23496.630000000005 30.794604757504533 1.266954620217835 35167.31500000001 21209.785000000003 277.60000000000008 277.61000000000007 282.51000000000005 319.66500000000002 314.16500000000002 303.16500000000002 34905.000000000007 37487.500000000007 1.1065856174701221 261.83500000000009 261.83500000000009 318.50000000000006 280.16500000000002 31897.100000000002 24222.715000000004 24744.770000000004 280.16500000000002
decision_type=2 2 2 2 2 2 2 2 2 2 2 2 2 2 2 2 2 2 2 2 2 2 2 2
left_child=1 6 3 -2 7 16 9 23 15 11 -11 -1 19 21 -14 18 -5 -9 -3 -10 -17 -8 -15 -4
right_child=2 8 4 5 -6 -7 13 17 12 10 -12 -13 14 22 -16 20 -18 -19 -20 -21 -22 -23 -24 -25
leaf_value=-0.66990501880645748 4.1848788738250731 0.49766303951090018 0.79690529108047437 1.049096751213074 1.851610851287842 1.8055188496907548 -0.33768795099523335 0.78227604866027778 -0.1067180288895484 -0.7091807148673317 -1.6613784154256184 0.23750456174214674 0.061263035644184463 -0.60081130732660715 -0.41461598396301275 -0.19307499613080709 0.34049487908681225 0.32087345719337468 -0.062502620617548618 -0.34814600348472596 0.25561536351839698 -0.044427200965583329 -0.40306264622055965 1.165567760467529
leaf_weight=5 2.9999999999999991 11.000000000000002 4.0000000000000018 3.9999999999999982 2.9999999999999991 3 27 5.0000000000000027 31 22.000000000000004 2.9999999999999991 3 44 23 4.9999999999999991 6.9999999999999982 3 15.999999999999998 2.9999999999999991 19 6 7.9999999999999991 23 5
leaf_count=5 3 11 4 4 3 3 27 5 31 22 3 3 44 23 5 7 3 16 3 19 6 8 23 5
internal_value=-0.0447975 -0.248403 1.01749 1.78377 0.715626 1.06344 -0.489344 0.602027 -0.0304094 -0.703731 -0.823444 -0.329626 -0.0939448 -0.402001 0.012704 0.202554 0.74541 0.430731 0.377628 -0.198461 0.0140129 -0.270657 -0.501937 1.00172
internal_weight=286 240 46 13 33 10 114 30 126 33 25 8 99 81 49 27 7 21 14 50 13 35 46 9
internal_count=286 240 46 13 33 10 114 30 126 33 25 8 99 81 49 27 7 21 14 50 13 35 46 9
is_linear=0
shrinkage=0.05


Tree=30
num_leaves=24
num_cat=0
split_feature=3 7 1 17 1 1 4 1 12 17 4 1 12 3 11 18 1 11 13 12 14 2 2
split_gain=28249.8 10878.3 5904.43 5118.16 3330.06 1428.91 760.984 648.088 1086.94 631.631 623.059 603.11 368.428 366.395 343.275 339.675 233.526 192.504 121.946 113.862 44.717 8.13953 2.49193
threshold=1.1735435594662136 5.5000000000000009 25936.675000000007 41.427063059387919 36728.905000000006 32559.720000000005 36890.000000000007 20264.345000000005 319.66500000000002 46.42082580934926 34905.000000000007 29362.300000000007 300.16500000000002 1.0241378235287251 310.50000000000006 20553.140000000003 22243.890000000003 321.83500000000009 292.33000000000004 266.50000000000006 308.50000000000006 2859.0650000000005 3221.8000000000006
decision_type=2 2 2 2 2 2 2 2 2 2 2 2 2 2 2 2 2 2 2 2 2 2 2
left_child=2 9 7 -3 -5 11 19 8 12 14 18 15 -1 -13 22 -4 -12 -16 -9 -7 21 -11 -2
right_child=1 3 5 4 -6 6 -8 10 -10 20 16 13 -14 -15 17 -17 -18 -19 -20 -21 -22 -23 -24
leaf_value=-0.64506889644422005 0.23799072504043561 3.7480775976181038 0.30055363178253175 0.39430021941661825 2.598009538650512 0.029411605000495878 1.1799757321675619 -0.10925124998276051 -1.5783095200856527 0.98012468814849873 -0.6978334426879883 0.45027849674224857 -0.048829968770345053 0.038420185915849829 0.97242169380187993 -0.17637483098577444 -0.44705358472902601 0.44257725079854321 -0.30410614875810493 0.37692067406394264 1.1641577402750647 0.87117444674173972 0.29380215406417842
leaf_weight=19.000000000000007 4.0000000000000018 4.9999999999999982 3.9999999999999991 3 4 3.0000000000000027 2.9999999999999991 12.999999999999998 2.9999999999999991 3.9999999999999982 11.999999999999998 5.9999999999999991 2.9999999999999991 54 3.9999999999999991 56 41 3 21 10.999999999999998 3 3 4
leaf_count=19 4 5 4 3 4 3 3 13 3 4 12 6 3 54 4 56 41 3 21 11 3 3 4
internal_value=-0.000297673 1.28882 -0.191854 2.52628 1.65356 0.0282911 0.457311 -0.461138 -0.685509 0.694843 -0.396663 -0.0324868 -0.563764 0.079606 0.489639 -0.14458 -0.503834 0.745346 -0.229603 0.302454 1.00265 0.933432 0.265896
internal_weight=286 37 249 12 7 137 17 112 25 25 87 120 22 60 15 60 53 7 34 14 10 7 8
internal_count=286 37 249 12 7 137 17 112 25 25 87 120 22 60 15 60 53 7 34 14 10 7 8
is_linear=0
shrinkage=0.05


Tree=31
num_leaves=21
num_cat=0
split_feature=3 3 0 12 0 3 15 13 17 0 6 0 7 3 11 0 17 13 4 16
split_gain=18248.3 5588.23 4008.2 2631.23 1249.22 897.752 721.048 688.078 497.286 459.393 420.965 401.85 309.604 285.807 248.86 189.093 187.185 170.886 44.5136 35.193
threshold=1.193270756777264 0.96004864666025502 29767.365000000002 270.96000000000009 28718.920000000002 0.82309505431377483 274.72500000000008 432.17000000000007 46.42082580934926 29767.365000000002 93.500000000000014 27575.925000000003 5.5000000000000009 0.96825566075020986 310.50000000000006 27852.985000000004 33.197543461327932 294.66500000000002 37332.500000000007 317.95214285714292
decision_type=2 2 2 2 2 2 2 2 2 2 2 2 2 2 2 2 2 2 2 2
left_child=1 5 3 -2 6 10 16 9 14 -6 17 -12 15 -8 -5 -7 -3 -1 -14 -10
right_child=2 4 -4 8 7 12 13 -9 19 -11 11 -13 18 -15 -16 -17 -18 -19 -20 -21
leaf_value=-0.29133492191632587 1.930395584106444 0.10796516577402748 2.582876253128052 0.23501784205436693 0.16505626459968173 -0.3253538043596424 0.33019827604293828 0.91445617675781254 0.88490045070648216 0.67652377605438241 -0.59022921350869262 -1.0868070888519288 -0.59055572237287257 -0.17225897189229727 0.66099944710731506 -0.14381904620677233 0.4384057362874349 -0.51984119415283203 -0.38146555423736567 1.0946414629618324
leaf_weight=14.999999999999998 5.0000000000000027 15.000000000000002 3.9999999999999991 6.0000000000000027 36 26 2.9999999999999991 3.9999999999999991 5.9999999999999982 4.9999999999999991 22.000000000000004 4.9999999999999991 6.9999999999999982 50 7.9999999999999991 32 5.9999999999999991 18 4 3
leaf_count=15 5 15 4 6 36 26 3 4 6 5 22 5 7 50 8 32 6 18 4 3
internal_value=-0.0213659 -0.16636 1.10234 0.890836 0.0807565 -0.394321 -0.0455735 0.288499 0.664845 0.22743 -0.535771 -0.682188 -0.271321 -0.143818 0.478436 -0.225197 0.202377 -0.415975 -0.514523 0.954814
internal_weight=280 248 32 28 119 129 74 45 23 41 60 27 69 53 14 58 21 33 11 9
internal_count=280 248 32 28 119 129 74 45 23 41 60 27 69 53 14 58 21 33 11 9
is_linear=0
shrinkage=0.05


Tree=32
num_leaves=20
num_cat=0
split_feature=1 4 1 1 0 1 18 1 13 12 13 13 12 13 3 4 1 1 1
split_gain=23614.9 9268.31 4538.25 3797.73 961.126 644.288 616.115 542.596 582.842 741.696 562.401 404.014 387.292 377.928 329.035 257.738 98.3015 88.6302 83.4731
threshold=33925.42500000001 36220.000000000007 25793.060000000001 36728.905000000006 29921.455000000005 31751.505000000001 20914.145000000004 21209.785000000003 282.51000000000005 319.66500000000002 273.66500000000002 261.50000000000006 243.92500000000004 343.66500000000002 1.0989132917716289 34905.000000000007 22243.890000000003 29890.585000000003 24222.715000000004
decision_type=2 2 2 2 2 2 2 2 2 2 2 2 2 2 2 2 2 2 2
left_child=2 -2 7 4 11 6 17 8 10 -10 -1 -3 -8 14 -7 18 -17 -4 -9
right_child=1 3 5 -5 -6 13 12 15 9 -11 -12 -13 -14 -15 -16 16 -18 -19 -20
leaf_value=-0.56238962922777458 3.4443818330764771 1.0183529281616197 0.24190679073333735 2.3471212387084961 1.5560075759887697 0.64362359841664629 0.47433389027913408 -0.28392115345126701 -0.62467605590820308 -1.4677609602610271 0.18081863522529598 0.5204398526386782 -0.10248934240608486 0.73204803466796875 0.093568363014993994 -0.61339572270711262 -0.39388037683332672 0.58567068576812731 -0.091389002278447151
leaf_weight=6.9999999999999982 3.9999999999999991 5.0000000000000062 5 3.9999999999999991 2.9999999999999991 2.9999999999999991 2.9999999999999991 19.000000000000004 20.000000000000004 2.9999999999999991 4 22 97 2.9999999999999991 29 5.9999999999999991 34 3 7.9999999999999991
leaf_count=7 4 5 5 4 3 3 3 19 20 3 4 22 97 3 29 6 34 3 8
internal_value=0.00835418 1.16778 -0.172211 0.89994 0.706982 0.00901104 -0.0514067 -0.428794 -0.591478 -0.734644 -0.292132 0.612646 -0.0851846 0.195443 0.145136 -0.346238 -0.426808 0.370818 -0.226875
internal_weight=282 38 244 34 30 143 108 101 34 23 11 27 100 35 32 67 40 8 27
internal_count=282 38 244 34 30 143 108 101 34 23 11 27 100 35 32 67 40 8 27
is_linear=0
shrinkage=0.05


Tree=33
num_leaves=25
num_cat=0
split_feature=1 7 14 1 0 8 1 0 12 15 0 2 14 2 14 7 18 7 4 2 12 11 2 2
split_gain=20097.7 7704.28 4359.03 3456.25 1913.79 1396.62 632.551 577.641 534.412 523.702 511.985 318.09 285.661 554.683 283.96 267.964 255.769 169.025 132.375 118.226 75.1032 75.0474 51.601 13.2895
threshold=32559.720000000005 5.5000000000000009 268.50000000000006 25475.860000000004 29342.195000000003 4.5000000000000009 21209.785000000003 29240.435000000001 319.66500000000002 274.72500000000008 29460.545000000002 7117.0700000000006 306.01000000000005 3221.8000000000006 303.16500000000002 2.5000000000000004 22911.765000000003 3.5000000000000004 34905.000000000007 3987.8800000000006 266.50000000000006 406.90000000000003 10528.955000000002 2859.0650000000005
decision_type=2 2 2 2 2 2 2 2 2 2 2 2 2 2 2 2 2 2 2 2 2 2 2 2
left_child=3 5 -3 6 -4 12 8 9 16 19 23 17 13 -2 -11 22 -1 -9 -17 -5 -14 -13 -8 -7
right_child=1 2 4 7 -6 10 15 11 -10 14 -12 21 20 -15 -16 18 -18 -19 -20 -21 -22 -23 -24 -25
leaf_value=-0.80965369769505013 1.1488444964090971 3.7155219157536834 0.72153832912445059 0.060510957241058344 2.3921482086181634 0.83000628948211697 -0.01382709195216497 0.48201766461133944 -1.256077806154887 -0.21230917838858626 1.4459877252578737 -0.28257434368133544 0.015009793639183028 0.35161561965942384 -0.039986200796233287 -0.29276748558749327 -0.45610026434848189 0.14558574642453875 -0.44632972718940844 0.31538196631840298 0.29068583505494255 0.071090780889304955 -0.24566989541053769 0.71838693618774396
leaf_weight=7.0000000000000062 3.0000000000000027 2.9999999999999982 4 13.000000000000002 3 7.9999999999999982 5.9999999999999982 8.0000000000000018 2.9999999999999991 51 3.9999999999999991 2.9999999999999991 3.0000000000000027 7.9999999999999991 45 23 19 6.9999999999999991 36 6.9999999999999991 13.999999999999998 3 4 4
leaf_count=7 3 3 4 13 3 8 6 8 3 51 4 3 3 8 45 23 19 7 36 7 14 3 4 4
internal_value=-0.0016613 0.868163 2.12092 -0.201536 1.43751 0.583446 -0.428254 -0.039358 -0.624197 -0.0830416 0.956097 0.201942 0.370503 0.569042 -0.131533 -0.345901 -0.551288 0.325016 -0.386466 0.149716 0.242037 -0.105742 -0.106564 0.7928
internal_weight=289 54 10 235 7 44 98 137 29 116 16 21 28 11 96 69 26 15 59 20 17 6 10 12
internal_count=289 54 10 235 7 44 98 137 29 116 16 21 28 11 96 69 26 15 59 20 17 6 10 12
is_linear=0
shrinkage=0.05


Tree=34
num_leaves=23
num_cat=0
split_feature=3 7 1 17 0 1 0 14 13 13 12 14 1 14 8 12 14 11 7 0 14 1
split_gain=18699.7 8642.68 4617.42 3808.02 1406.98 863.276 652.823 460.094 444.781 627.083 601.874 433.433 394.101 468.538 367.901 360.582 241.677 210.985 196.887 192.219 121.626 23.6396
threshold=1.1831993375978549 5.5000000000000009 27626.075000000001 41.427063059387919 29767.365000000002 21209.785000000003 28718.920000000002 319.66500000000002 282.51000000000005 285.21500000000009 314.16500000000002 399.07000000000011 31785.325000000004 277.16500000000002 4.5000000000000009 267.33500000000009 273.66500000000002 310.50000000000006 3.5000000000000004 29155.415000000005 322.50000000000006 34567.805000000008
decision_type=2 2 2 2 2 2 2 2 2 2 2 2 2 2 2 2 2 2 2 2 2 2
left_child=2 14 5 -3 -5 8 11 18 10 -10 -1 15 16 -14 17 -4 -8 -2 -7 -19 -9 -16
right_child=1 3 6 4 -6 7 12 20 9 -11 -12 -13 13 -15 21 -17 -18 19 -20 -21 -22 -23
leaf_value=-0.49234937032063802 0.17745196024576815 3.2987266469001777 0.22615076434962891 0.66472478111584965 2.1960544586181636 -0.21117728874087335 -0.15857687331736081 0.26177868843078583 -1.3369269847869858 -0.56412544136955622 0.32542161544164028 -0.45106522560119633 0.74159049647194963 0.23420642121480062 0.76595668792724614 -0.052040475526371525 0.19620962478220463 0.81476929187774649 -0.36270248811199979 0.32459201812744132 -0.085149454406928282 0.95162960688273091
leaf_weight=8.9999999999999982 6.0000000000000027 4.9999999999999982 17 3 3 36 6.0000000000000027 3.0000000000000027 3.0000000000000027 21 2.9999999999999991 4.9999999999999991 7.0000000000000027 12.999999999999998 3.9999999999999991 37 24 4 53 4 15.999999999999998 3
leaf_count=9 6 5 17 3 3 36 6 3 3 21 3 5 7 13 4 37 24 4 53 4 16 3
internal_value=0.00547019 1.14428 -0.138569 2.27963 1.43039 -0.324409 0.106946 -0.253728 -0.536453 -0.660726 -0.287907 -0.00569933 0.239868 0.411791 0.549565 0.0355382 0.125252 0.401583 -0.301411 0.569681 -0.0303713 0.845531
internal_weight=285 32 253 11 6 144 109 108 36 24 12 59 50 20 21 54 30 14 89 8 19 7
internal_count=285 32 253 11 6 144 109 108 36 24 12 59 50 20 21 54 30 14 89 8 19 7
is_linear=0
shrinkage=0.05


Tree=35
num_leaves=21
num_cat=0
split_feature=1 0 1 1 4 1 14 17 1 14 12 4 8 4 12 11 18 1 12 7
split_gain=13663.2 4929.68 3788.26 3071.31 795.441 437.462 442.488 528.792 406.469 384.193 381.617 328.504 293.773 239.283 218.514 203.45 143.645 104.148 93.7922 52.7367
threshold=32559.720000000005 27886.255000000001 36728.905000000006 26035.400000000005 36890.000000000007 29362.300000000007 399.07000000000011 44.893186948126967 21904.045000000002 306.01000000000005 385.33500000000009 35865.000000000007 4.5000000000000009 34905.000000000007 286.16500000000002 253.97000000000006 36067.810000000005 24222.715000000004 255.19500000000002 2.5000000000000004
decision_type=2 2 2 2 2 2 2 2 2 2 2 2 2 2 2 2 2 2 2 2
left_child=3 -2 4 8 14 11 7 -7 10 -6 15 12 -5 17 -3 -1 -15 -10 -8 -13
right_child=1 2 -4 5 9 6 18 -9 13 -11 -12 19 -14 16 -16 -17 -18 -19 -20 -21
leaf_value=-0.045709657669067386 2.2063002634048465 -0.066715469637087382 1.8591969871520995 0.14445664864033461 0.76132669108254558 0.036031930624170504 -0.45698647499084477 0.36882451362907887 -0.24165280811488624 0.36645628538998692 -1.0263088206450144 -0.19498077206886727 -0.14999875484241382 -0.39205153098231871 0.29064036932858556 -0.47340893008207019 -0.032670466353495915 -0.036839316288630172 -0.087148229281107562 -0.35243155823813543
leaf_weight=2.9999999999999991 4.9999999999999991 7.0000000000000027 4.9999999999999991 15.999999999999998 14.000000000000002 47 3.9999999999999991 15.999999999999998 20.000000000000004 10.999999999999998 2.9999999999999991 13.000000000000002 18 38 10.999999999999998 38 2.9999999999999991 8.9999999999999982 3 8.9999999999999982
leaf_count=3 5 7 5 16 14 47 4 16 20 11 3 13 18 38 11 38 3 9 3 9
internal_value=-0.0143654 0.71221 0.556575 -0.174817 0.405108 -0.00468256 0.0786472 0.120551 -0.362861 0.587584 -0.481945 -0.108845 -0.0114315 -0.288008 0.151669 -0.442114 -0.365755 -0.17809 -0.298484 -0.259392
internal_weight=293 53 48 240 43 126 70 63 114 25 44 56 34 70 18 41 41 29 7 22
internal_count=293 53 48 240 43 126 70 63 114 25 44 56 34 70 18 41 41 29 7 22
is_linear=0
shrinkage=0.05


Tree=36
num_leaves=18
num_cat=0
split_feature=1 4 1 0 1 3 14 0 6 13 13 14 0 4 15 17 14
split_gain=16476.4 6850.31 3547.06 2825.8 1027.88 553.099 377.344 353.724 320.181 428.309 279.198 273.195 267.283 194.123 191.33 160.167 131.277
threshold=33925.42500000001 36220.000000000007 27626.075000000001 30201.515000000003 36728.905000000006 0.82309505431377483 319.66500000000002 29767.365000000002 91.500000000000014 288.50000000000006 261.50000000000006 257.18000000000001 28455.780000000002 34905.000000000007 331.12000000000006 53.997133217218639 326.00000000000006
decision_type=2 2 2 2 2 2 2 2 2 2 2 2 2 2 2 2 2
left_child=2 -2 5 4 10 8 13 11 9 -1 -3 -4 -13 -7 -9 -10 -8
right_child=1 3 7 -5 -6 6 16 14 15 -11 -12 12 -14 -15 -16 -17 -18
leaf_value=0.15193483650684358 2.9568286046385768 0.84569753646850465 0.45775195509195332 2.2229934692382813 1.4873591740926109 -0.14748167498480708 0.20051535844802842 0.72160129547119145 -0.58733788241039631 -0.40618440021168106 0.42996123120898294 -0.047042006041322443 0.11647874695413254 -0.3297463619383052 0.19337468743324276 -0.38915760595547527 -0.10095448127159706
leaf_weight=4.9999999999999991 3.9999999999999991 5.0000000000000062 3.9999999999999991 2.9999999999999991 2.9999999999999991 21 5.0000000000000027 2.9999999999999991 22 10.999999999999998 21 49 51 48 4 19 12.999999999999998
leaf_count=5 4 5 4 3 3 21 5 3 22 11 21 49 51 48 4 19 13
internal_value=0.00468096 1.006 -0.136682 0.762148 0.611026 -0.300407 -0.221089 0.0757177 -0.42147 -0.231772 0.509911 0.0525612 0.0363536 -0.274275 0.419758 -0.495498 -0.0172129
internal_weight=291 36 255 32 29 144 87 111 57 16 26 104 100 69 7 41 18
internal_count=291 36 255 32 29 144 87 111 57 16 26 104 100 69 7 41 18
is_linear=0
shrinkage=0.05


Tree=37
num_leaves=21
num_cat=0
split_feature=3 1 17 4 5 13 1 17 0 6 13 12 4 4 12 12 1 12 6 1
split_gain=12841.7 3741.61 3542.74 4968.62 2161.51 726.035 624.802 465.772 341.82 274.686 351.524 257.337 242.667 225.911 222.32 220.259 188.658 130.293 86.7378 28.6409
threshold=1.1831993375978549 27626.075000000001 27.148135128812545 37217.000000000007 22.500000000000004 432.17000000000007 24008.805000000004 86.092579108208014 29657.435000000001 91.500000000000014 283.90000000000003 389.90000000000003 37487.500000000007 34905.000000000007 306.50000000000006 294.66500000000002 36207.970000000008 263.00000000000006 90.500000000000014 36067.810000000005
decision_type=2 2 2 2 2 2 2 2 2 2 2 2 2 2 2 2 2 2 2 2
left_child=1 6 16 -4 7 8 9 -5 12 10 -1 -11 -3 18 -15 -10 19 -6 -8 -2
right_child=2 5 3 4 17 -7 13 -9 15 11 -12 -13 -14 14 -16 -17 -18 -19 -20 -21
leaf_value=0.25705417195955882 -0.0070153847336769069 0.061350045613944526 3.2527144432378274 2.226112810770672 0.30946801503499344 0.68769056320190436 0.16245326399803151 1.3450411160786944 0.68552126884460451 -0.48320956534268905 -0.31990528066049922 -0.066118221264332533 -0.2274697150103748 -0.14655120624945714 -0.36828757077455521 0.19704058066010477 0.55448495546976717 0.7033090046473911 -0.094953154358598926 0.19735675255457555
leaf_weight=3.0000000000000027 4.0000000000000018 80 3.0000000000000027 2.9999999999999973 3 4.9999999999999991 4.0000000000000027 3 2.9999999999999991 49 22 3.9999999999999991 7.9999999999999991 26 20 9.9999999999999982 3 7 18 3
leaf_count=3 4 80 3 3 3 5 4 3 3 49 22 4 8 26 20 10 3 7 18 3
internal_value=-0.0118848 -0.126549 0.984505 1.38543 1.03531 0.0995629 -0.290712 1.78558 0.0704477 -0.387288 -0.25067 -0.451731 0.0350937 -0.179933 -0.242958 0.309767 0.222746 0.585157 -0.048152 0.0805727
internal_weight=281 252 29 19 16 106 146 6 101 78 25 53 88 68 46 13 10 10 22 7
internal_count=281 252 29 19 16 106 146 6 101 78 25 53 88 68 46 13 10 10 22 7
is_linear=0
shrinkage=0.05


Tree=38
num_leaves=23
num_cat=0
split_feature=3 7 14 2 0 0 3 2 14 13 13 12 14 17 2 14 17 0 15 3 15 12
split_gain=14677.1 6626.63 6719.75 3053.21 1402.33 758.918 516.429 457.297 345.454 281.62 530.698 317.828 269.862 392.541 204.853 206.396 191.232 107.665 94.9913 84.6273 54.6209 50.3656
threshold=1.1831993375978549 5.5000000000000009 268.50000000000006 6657.7900000000009 29342.195000000003 29380.625000000004 0.82309505431377483 2859.0650000000005 319.66500000000002 282.51000000000005 286.16500000000002 314.16500000000002 399.07000000000011 88.644233600486629 6350.5950000000012 277.16500000000002 59.539653599542945 28533.035000000007 288.66500000000002 1.2576818031202941 311.05833333333334 255.19500000000002
decision_type=2 2 2 2 2 2 2 2 2 2 2 2 2 2 2 2 2 2 2 2 2 2
left_child=3 7 -3 5 -4 12 9 16 18 11 -11 -5 13 -1 15 -7 -2 -10 -8 20 -9 -14
right_child=1 2 4 6 -6 14 8 19 17 10 -12 -13 21 -15 -16 -17 -18 -19 -20 -21 -22 -23
leaf_value=0.029319198672292813 1.1096010526021312 3.6638731069862822 0.48199293017387385 -0.36804918169975276 1.9120506922403966 0.79501749277114797 -0.34479170952524463 0.11088439822196963 -0.083466207832097988 -1.1036896010239921 -0.40512062054255921 0.039972379590783806 -0.42410570780436202 0.40018020942807198 0.036177487174669905 0.37005096197128301 0.6046502017974853 0.17220546262604852 -0.20120811985805631 0.49375458657741539 0.38075086275736481 -0.13437703649202978
leaf_weight=66 3.0000000000000018 4.0000000000000018 4 15.000000000000002 3 4.0000000000000027 13.999999999999998 4.9999999999999982 10.000000000000002 2.9999999999999991 29 6.9999999999999991 2.9999999999999991 7.9999999999999991 2.9999999999999991 9.9999999999999982 5 6.9999999999999991 65 4 3 3
leaf_count=66 3 4 4 15 3 4 14 5 10 3 29 7 3 8 3 10 5 7 65 4 3 3
internal_value=0.0178353 1.04333 2.02906 -0.110871 1.09487 0.107734 -0.252236 0.501187 -0.182655 -0.375935 -0.470611 -0.238224 0.0432633 0.0694123 0.411124 0.49147 0.794007 0.0218104 -0.226653 0.305974 0.212084 -0.279241
internal_weight=278 31 11 247 7 97 150 20 96 54 32 22 80 74 17 14 8 17 79 12 8 6
internal_count=278 31 11 247 7 97 150 20 96 54 32 22 80 74 17 14 8 17 79 12 8 6
is_linear=0
shrinkage=0.05


Tree=39
num_leaves=24
num_cat=0
split_feature=3 17 17 2 0 0 3 14 15 0 0 7 6 13 3 0 5 4 4 17 12 6 0
split_gain=12430.4 5201.26 14798.7 2433.55 2199.38 838.105 611.38 400.887 397.871 371.982 343.211 277.436 264.935 277.929 257.877 235.728 190.764 168.264 112.34 108.658 105.512 69.3735 1.3003
threshold=1.1831993375978549 27.148135128812545 41.427063059387919 6484.9600000000009 28965.120000000006 28455.780000000002 0.82309505431377483 317.50000000000006 274.72500000000008 29801.000000000004 30201.515000000003 5.5000000000000009 91.500000000000014 283.90000000000003 1.2576818031202941 27575.925000000003 22.500000000000004 35987.500000000007 34905.000000000007 33.197543461327932 300.16500000000002 90.500000000000014 28806.110000000004
decision_type=2 2 2 2 2 2 2 2 2 2 2 2 2 2 2 2 2 2 2 2 2 2 2
left_child=3 14 -3 5 11 8 12 18 19 16 -6 -4 13 -5 21 -14 -7 -10 -8 -1 -9 -2 -23
right_child=1 2 4 6 10 9 7 20 17 -11 -12 -13 15 -15 -16 -17 -18 -19 -20 -21 -22 22 -24
leaf_value=0.083753627936045308 0.23745462298393255 4.6908337910969999 0.54331531524658216 0.24900321761767041 1.2255222082138062 0.16620232235760457 -0.1160090324868049 -0.055560249090194691 -0.38374607960383078 0.6756327247619629 1.9329943021138505 -0.045577470461527492 -0.34059456277352118 -0.28131567112037115 0.51594417095184331 -0.60850546360015878 0.47421092589696245 -0.087709322571754456 -0.23904054327444599 0.37704713046550753 0.16046919286251071 -0.008088648319244383 -0.054641568660736078
leaf_weight=15.000000000000002 3.9999999999999982 3.0000000000000027 5.9999999999999982 3.0000000000000027 3.9999999999999991 31 28 13.000000000000002 6.0000000000000027 4.9999999999999991 3 3 26 13.999999999999998 4.9999999999999991 11.999999999999998 5.9999999999999991 24 55 3.9999999999999991 9.9999999999999982 3 3
leaf_count=15 4 3 6 3 4 31 28 13 6 5 3 3 26 14 5 12 6 24 55 4 10 3 3
internal_value=0.0213593 0.918767 1.46825 -0.0997195 0.864014 0.106953 -0.216534 -0.14635 -0.0335308 0.27085 1.52872 0.347018 -0.351799 -0.18773 0.222757 -0.425198 0.21615 -0.146917 -0.197536 0.1455 0.0383656 0.0761628 -0.0313651
internal_weight=286 34 19 252 16 91 161 106 49 42 7 9 55 17 15 38 37 30 83 19 23 10 6
internal_count=286 34 19 252 16 91 161 106 49 42 7 9 55 17 15 38 37 30 83 19 23 10 6
is_linear=0
shrinkage=0.05


Tree=40
num_leaves=21
num_cat=0
split_feature=1 8 17 1 1 12 0 12 12 12 11 11 14 0 17 6 1 1 0 15
split_gain=8337.16 2239.33 4924.82 1789.75 1608.53 567.507 380.902 370.718 616.692 280.555 230.05 167.423 95.2535 72.2597 45.9388 44.8278 27.778 24.2098 19.1987 8.50229
threshold=32559.720000000005 4.5000000000000009 30.794604757504533 25356.815000000006 36728.905000000006 279.16500000000002 27213.890000000003 389.90000000000003 359.50000000000006 243.92500000000004 246.16500000000005 456.50000000000006 306.01000000000005 28781.310000000005 58.300507648035101 94.500000000000014 33644.595000000008 23141.435000000001 29534.960000000003 301.21666666666675
decision_type=2 2 2 2 2 2 2 2 2 2 2 2 2 2 2 2 2 2 2 2
left_child=3 12 -3 7 5 -4 15 8 11 -8 -11 -1 13 -2 -9 -5 -15 -16 19 -14
right_child=1 2 4 6 -6 -7 9 14 -10 10 -12 -13 18 16 17 -17 -18 -19 -20 -21
leaf_value=-0.33620166466704438 0.16382249593734727 2.7927575429280567 -0.023205318450927701 -0.46775448322296137 1.4419728088378907 0.59735388415200374 0.41841180920600896 0.14176649848620099 -1.0377354065577189 0.27127374889595168 -0.023884765704258765 -0.12636806788769636 0.16551156230270858 0.35677980581919344 -0.15503830552101133 -0.23103798329830166 0.57194627126057929 0.024627193311850225 0.25880893468856814 0.08239654266275466
leaf_weight=70 3.0000000000000018 3.0000000000000027 5.0000000000000062 4 4.9999999999999991 13.999999999999998 3.9999999999999991 2.9999999999999991 2.9999999999999991 6.9999999999999991 116 10.999999999999998 8.0000000000000018 3 5 4 3 3 3.9999999999999991 4.9999999999999991
leaf_count=70 3 3 5 4 5 14 4 3 3 7 116 11 8 3 5 4 3 3 4 5
internal_value=-0.00149329 0.563849 0.88278 -0.131768 0.644033 0.434049 -0.0147647 -0.298036 -0.333778 0.00631441 -0.00708713 -0.307706 0.232652 0.364183 -0.0250919 -0.349396 0.464363 -0.0876637 0.163018 0.133544
internal_weight=283 53 27 230 24 19 135 95 84 127 123 81 26 9 11 8 6 8 17 13
internal_count=283 53 27 230 24 19 135 95 84 127 123 81 26 9 11 8 6 8 17 13
is_linear=0
shrinkage=0.05


Tree=41
num_leaves=20
num_cat=0
split_feature=2 1 15 12 13 1 3 0 7 6 6 13 12 4 12 1 13 12 0
split_gain=8541.43 2984.62 2127.27 4484 679.688 655.182 408.803 393.183 331.439 310.77 228.584 280.804 201.336 195.981 249.518 187.631 145.671 84.6864 25.7317
threshold=2771.5550000000003 27626.075000000001 281.66500000000008 267.33500000000009 388.66500000000002 35167.31500000001 0.82309505431377483 28017.880000000005 2.5000000000000004 93.500000000000014 91.500000000000014 288.50000000000006 389.90000000000003 34905.000000000007 306.50000000000006 33925.42500000001 319.66500000000002 345.83500000000009 29380.625000000004
decision_type=2 2 2 2 2 2 2 2 2 2 2 2 2 2 2 2 2 2 2
left_child=2 6 5 9 7 15 10 16 -9 -4 11 -2 -12 17 -15 -1 -3 -8 -6
right_child=1 4 3 -5 18 -7 13 8 -10 -11 12 -13 -14 14 -16 -17 -18 -19 -20
leaf_value=0.011597275733947747 0.27219025045633316 -0.036121161175625666 0.99302107493082714 2.7943892955780023 0.4796256923675537 1.1201894760131836 -0.11252411042984863 0.20700489589228083 0.00045342553527124473 0.27333410580952955 -0.41620298781920051 -0.27354047190059316 0.0077829529841740921 -0.11945712467034658 -0.3410311276714007 0.49588932991027823 -0.35869044065475464 0.073506592772901058 0.66485253969828273
leaf_weight=4.0000000000000018 2.9999999999999991 28 2.9999999999999982 4 5 2.9999999999999991 26 52 31 3 42 10.999999999999998 2.9999999999999991 27 24 4 3.9999999999999991 7.9999999999999991 3
leaf_count=4 3 28 3 4 5 3 26 52 31 3 42 11 3 27 24 4 4 8 3
internal_value=-0.00105984 -0.0774246 0.969864 1.49766 0.103454 0.490047 -0.231925 0.0724535 0.129859 0.633178 -0.333043 -0.156598 -0.387937 -0.161737 -0.223727 0.253743 -0.0764423 -0.0687522 0.549086
internal_weight=288 267 21 10 123 11 144 115 83 6 59 14 45 85 51 8 32 34 8
internal_count=288 267 21 10 123 11 144 115 83 6 59 14 45 85 51 8 32 34 8
is_linear=0
shrinkage=0.05


Tree=42
num_leaves=18
num_cat=0
split_feature=3 14 17 1 1 13 16 2 7 15 13 11 1 1 17 18 1
split_gain=9084.56 4234.26 5983.66 2117.29 1550.15 429.648 236.565 249.042 200.221 237.105 140.99 185.666 115.793 76.3403 33.2214 41.5178 17.0861
threshold=1.1831993375978549 268.50000000000006 41.427063059387919 27626.075000000001 36728.905000000006 343.66500000000002 283.09500000000008 3345.7100000000005 1.5000000000000002 275.10833333333341 261.50000000000006 269.00000000000006 25475.860000000004 34329.730000000003 44.893186948126967 34567.805000000008 21604.255000000005
decision_type=2 2 2 2 2 2 2 2 2 2 2 2 2 2 2 2 2
left_child=3 2 -2 8 10 6 -5 -8 14 16 -3 -12 -11 -7 -1 -16 -10
right_child=1 4 -4 5 -6 13 7 -9 9 12 11 -13 -14 -15 15 -17 -18
leaf_value=0.035750727951526617 3.1682230591773961 0.55484180927276527 0.21421287059783933 -0.32509429454803468 1.4031497240066528 0.31256900548934929 0.26260243313653125 0.035201029228263125 -0.58495148420333865 -0.25021982124393305 0.6000782012939454 0.16030358312030635 -0.14158667845385417 0.63160991668701161 -0.14993637581666308 0.016432302594184874 -0.42709938685099269
leaf_weight=5.0000000000000027 4.0000000000000027 5.0000000000000062 3 3.9999999999999991 3.9999999999999991 5 13.999999999999998 86 3.9999999999999991 82 2.9999999999999991 11.999999999999998 35 3 15.000000000000002 4.9999999999999991 3
leaf_count=5 4 5 3 4 4 5 14 86 4 82 3 12 35 3 15 5 3
internal_value=0.0109741 0.820201 1.90222 -0.0851409 0.504612 0.0791163 0.0519552 0.0670372 -0.208609 -0.234634 0.324904 0.248259 -0.217723 0.432209 -0.0795252 -0.108344 -0.517301
internal_weight=292 31 7 261 24 112 104 100 149 124 20 15 117 8 25 20 7
internal_count=292 31 7 261 24 112 104 100 149 124 20 15 117 8 25 20 7
is_linear=0
shrinkage=0.05


Tree=43
num_leaves=18
num_cat=0
split_feature=2 4 11 1 0 2 0 0 12 3 0 17 14 11 0 7 12
split_gain=7919.84 2339.44 7973.25 1878.04 718.004 467.101 319.536 822.242 285.244 258.08 250.984 201.266 173.788 161.555 124.086 132.251 76.8446
threshold=3137.5400000000004 36890.000000000007 266.50000000000006 25936.675000000007 29767.365000000002 3620.9800000000005 27598.790000000005 27575.925000000003 243.92500000000004 0.69835236638919096 28455.780000000002 49.542441709771261 262.5750000000001 310.50000000000006 27622.435000000001 4.5000000000000009 259.8250000000001
decision_type=2 2 2 2 2 2 2 2 2 2 2 2 2 2 2 2 2
left_child=1 2 -1 6 11 12 7 9 -7 -2 -10 -3 -5 -14 -8 -16 -13
right_child=3 4 -4 5 -6 8 14 -9 10 -11 -12 16 13 -15 15 -17 -18
leaf_value=-0.41734883785247806 -0.56496227383613584 0.13534809499979003 2.9925869882106775 0.59707722663879326 1.1110036492347717 0.39145907759666443 0.12444731394449871 -1.1611811717351279 -0.10634520259355346 -0.25250579821632096 0.041841126851878074 0.25165222485860189 0.098152837405602142 0.50838027000427244 -0.13484561354853214 -0.28226722571356544 0.53457704087098434
leaf_weight=2.9999999999999991 7.9999999999999991 6.0000000000000062 4 3.0000000000000027 3.9999999999999991 3.9999999999999991 2.9999999999999991 2.9999999999999991 62 38 53 2.9999999999999991 11.999999999999998 2.9999999999999991 32 29 11.999999999999998
leaf_count=3 8 6 4 3 4 4 3 3 62 38 53 3 12 3 32 29 12
internal_value=-0.0173667 0.723259 1.53119 -0.112167 0.497039 0.0122936 -0.263061 -0.359152 -0.0236133 -0.306846 -0.0380506 0.380094 0.249678 0.180198 -0.189492 -0.204931 0.477992
internal_weight=282 32 7 250 25 137 113 49 119 46 115 21 18 15 64 61 15
internal_count=282 32 7 250 25 137 113 49 119 46 115 21 18 15 64 61 15
is_linear=0
shrinkage=0.05


Tree=44
num_leaves=20
num_cat=0
split_feature=1 4 1 0 0 15 3 16 13 7 0 0 13 7 0 1 1 13 0
split_gain=7010.59 7007.17 1436.13 587.855 335.195 327.301 258.261 253.78 246.217 239.922 254.197 716.529 188.596 129.248 117.479 58.2299 24.5985 13.5663 3.59142
threshold=33925.42500000001 36220.000000000007 25793.060000000001 29767.365000000002 29657.435000000001 274.72500000000008 1.266954620217835 314.14071428571435 261.50000000000006 1.5000000000000002 27598.790000000005 27575.925000000003 302.81500000000005 1.5000000000000002 27676.500000000004 30452.140000000003 23141.435000000001 272.16500000000002 27622.435000000001
decision_type=2 2 2 2 2 2 2 2 2 2 2 2 2 2 2 2 2 2 2
left_child=2 -2 9 6 5 7 8 -4 -3 16 11 -11 -7 -6 -12 -15 17 -1 -18
right_child=1 3 4 -5 13 12 -8 -9 -10 10 14 -13 -14 15 -16 -17 18 -19 -20
leaf_value=-0.14831322524696583 2.9517683823903402 0.56902087529500267 0.086142367751974799 0.99607267379760744 0.49179493784904493 0.0038703943956001057 0.72250348329544067 0.58099087675412497 0.2016146218502208 -0.30262328760653007 0.10876959959665936 -1.103122099240621 -0.12794032318919313 0.010618695616722105 -0.21319000162914692 0.30202677647272735 -0.025412623087565107 -0.035537246614694595 0.051954718430836981
leaf_weight=8.0000000000000018 2.9999999999999991 6.0000000000000062 19.000000000000004 3.9999999999999991 3.9999999999999982 58 3.9999999999999991 2.9999999999999991 19 41 2.9999999999999991 2.9999999999999991 51 4 51 3 2.9999999999999991 3.9999999999999991 3
leaf_count=8 3 6 19 4 4 58 4 3 19 41 3 3 51 4 51 3 3 4 3
internal_value=-0.0154523 0.638178 -0.106657 0.427852 -3.56417e-05 -0.0222962 0.349476 0.153622 0.289792 -0.237175 -0.267993 -0.357203 -0.0578025 0.265067 -0.195303 0.135508 -0.0693905 -0.110721 0.013271
internal_weight=294 36 258 33 142 131 29 22 25 116 98 44 109 11 54 7 18 12 6
internal_count=294 36 258 33 142 131 29 22 25 116 98 44 109 11 54 7 18 12 6
is_linear=0
shrinkage=0.05


Tree=45
num_leaves=20
num_cat=0
split_feature=3 4 2 1 3 4 13 4 5 12 13 17 3 2 13 3 15 11 12
split_gain=7786.02 5065.19 1458.85 1028.22 338.182 274.426 242.194 303.422 224.91 311.596 236.791 197.068 195.556 184.007 179.771 166.001 147.663 133.812 37.6925
threshold=1.1831993375978549 37217.000000000007 6484.9600000000009 36728.905000000006 0.82309505431377483 37941.500000000007 247.50000000000003 36890.000000000007 22.500000000000004 359.50000000000006 280.16500000000002 33.197543461327932 1.0334613948726397 2339.7600000000007 253.00000000000003 0.97386632138337681 291.66500000000008 310.50000000000006 323.17000000000007
decision_type=2 2 2 2 2 2 2 2 2 2 2 2 2 2 2 2 2 2 2
left_child=2 -2 6 5 8 13 18 12 10 -10 -4 15 -8 -3 -9 -6 -13 -7 -1
right_child=1 3 4 -5 11 17 7 14 9 -11 -12 16 -14 -15 -16 -17 -18 -19 -20
leaf_value=-0.29789397120475769 2.1993848276138306 0.39370403289794875 0.15221098124980917 1.1285136413574219 -0.13372717645357957 0.09326734095811845 0.28088404983282089 0.034422789017359394 -0.30454597474474987 -0.84072194894154872 -0.23065270071937924 -0.34460564851760866 0.015341402189089701 0.88902478218078596 0.35534945551771674 -0.35088930527369183 -0.029558611942349738 0.38474612576620926 -0.063440855344136543
leaf_weight=3.9999999999999991 4.9999999999999991 5.0000000000000053 5.0000000000000027 4.9999999999999991 33 8.9999999999999982 7.9999999999999991 6.0000000000000027 28.000000000000004 2.9999999999999991 21 3.9999999999999991 52 3 15.999999999999998 11.999999999999998 53 6.9999999999999991 3
leaf_count=4 5 5 5 5 33 9 8 6 28 3 21 4 52 3 16 12 53 7 3
internal_value=0.0200779 0.729639 -0.0772006 0.476234 -0.16793 0.340343 0.0848883 0.108987 -0.265476 -0.356434 -0.157025 -0.113419 0.0507471 0.579449 0.267824 -0.191637 -0.0516672 0.220789 -0.197414
internal_weight=282 34 248 29 159 24 89 82 57 31 26 102 60 8 22 45 57 16 7
internal_count=282 34 248 29 159 24 89 82 57 31 26 102 60 8 22 45 57 16 7
is_linear=0
shrinkage=0.05


Tree=46
num_leaves=18
num_cat=0
split_feature=3 4 0 1 13 3 4 7 0 1 15 12 13 1 13 6 0
split_gain=5175.98 2627.13 1413.27 1326.22 509.88 409.662 307.14 266.302 224.594 184.751 523.451 82.3372 78.2923 41.4659 29.5114 20.5193 8.10172
threshold=1.193270756777264 37217.000000000007 29767.365000000002 26367.045000000002 343.66500000000002 1.1757363698743504 37487.500000000007 1.5000000000000002 29342.195000000003 20264.345000000005 323.11166666666674 326.00000000000006 270.96000000000009 34329.730000000003 292.33000000000004 90.500000000000014 29657.435000000001
decision_type=2 2 2 2 2 2 2 2 2 2 2 2 2 2 2 2 2
left_child=3 -2 8 7 5 6 -5 14 11 10 -9 -3 -11 16 15 -1 -6
right_child=1 2 -4 4 13 -7 -8 9 -10 12 -12 -13 -14 -15 -16 -17 -18
leaf_value=0.12331993182500189 2.0153529802958148 0.30367722642772321 1.328604829311371 0.041977793364120386 0.36503144900004081 -0.57838504314422612 -0.19221525676548482 -0.25053719325977208 0.71814519564310719 -0.36116907255990166 -0.88625305891036987 0.051547913253307348 -0.18490683884611206 0.52509935696919752 -0.13430534124374391 -0.025774834752082827 0.25633458495140071
leaf_weight=3.0000000000000027 3.0000000000000027 17.000000000000011 3.9999999999999991 112 2.9999999999999982 2.9999999999999991 15.999999999999998 17.000000000000004 2.9999999999999991 6.9999999999999991 3.9999999999999991 3.9999999999999991 63 3 4.9999999999999991 9.9999999999999982 4
leaf_count=3 3 17 4 112 3 3 16 17 3 7 4 4 63 3 5 10 4
internal_value=-0.00025093 0.609149 0.458484 -0.0758165 0.0254372 -0.00083272 0.0127037 -0.206796 0.313464 -0.241554 -0.371626 0.255653 -0.202533 0.369573 -0.0310731 0.00863165 0.302919
internal_weight=281 31 28 250 141 131 128 109 24 91 21 21 70 10 18 13 7
internal_count=281 31 28 250 141 131 128 109 24 91 21 21 70 10 18 13 7
is_linear=0
shrinkage=0.05


Tree=47
num_leaves=23
num_cat=0
split_feature=3 17 17 1 0 0 13 5 11 1 12 12 13 0 0 0 15 13 3 1 17 11
split_gain=5484.55 3028 10308.8 1328.52 1224.16 380.918 320.252 259.928 254.694 234.3 363.322 182.94 153.437 152.93 149.793 142.128 97.4821 67.5735 64.2148 57.0198 42.1334 19.3785
threshold=1.1831993375978549 27.148135128812545 41.427063059387919 26367.045000000002 29767.365000000002 28672.645000000004 302.81500000000005 22.500000000000004 308.50000000000006 21209.785000000003 326.00000000000006 385.33500000000009 247.50000000000003 26718.260000000006 28224.215000000004 29380.625000000004 312.20333333333343 283.90000000000003 0.96354787030448763 36207.970000000008 63.475727772273117 310.50000000000006
decision_type=2 2 2 2 2 2 2 2 2 2 2 2 2 2 2 2 2 2 2 2 2 2
left_child=3 8 -3 9 14 6 12 -8 -2 10 13 15 -5 -1 -4 -7 20 -18 -13 21 -11 -10
right_child=1 2 4 5 -6 11 7 -9 19 16 -12 18 -14 -15 -16 -17 17 -19 -20 -21 -22 -23
leaf_value=-0.44099733895725657 -0.28300368711352347 3.6986248652140254 0.4014564854758127 -0.20269446074962616 1.2621746301651002 0.098771507066229114 -0.35467817385991407 -0.054257171683841282 0.035373117215931421 -0.19235777362034873 -0.84362100760142011 -0.17964456677436832 0.067611194189105717 -0.19633673141625796 0.043135595321655271 0.28942803836920683 -0.024788628997547288 -0.15424632907961497 0.054964232019015714 0.36879954338073723 -0.31312465667724609 0.19101085066795345
leaf_weight=9.0000000000000018 3.9999999999999991 3.0000000000000027 6.9999999999999982 5.9999999999999991 3.9999999999999991 23 12.000000000000002 18 3.9999999999999982 26 2.9999999999999991 4.9999999999999982 42 22 5 17 13.999999999999998 36 7 3 9.9999999999999982 4
leaf_count=9 4 3 7 6 4 23 12 18 4 26 3 5 42 22 5 17 14 36 7 3 10 4
internal_value=-0.00609878 0.589717 1.00897 -0.0871297 0.504661 0.0236099 -0.0462726 -0.174426 0.0586613 -0.207098 -0.318213 0.128434 0.033823 -0.267367 0.252156 0.179801 -0.163168 -0.117998 -0.0427894 0.182903 -0.225904 0.113192
internal_weight=284 34 19 250 16 130 78 30 15 120 34 52 48 31 12 40 86 50 12 11 36 8
internal_count=284 34 19 250 16 130 78 30 15 120 34 52 48 31 12 40 86 50 12 11 36 8
is_linear=0
shrinkage=0.05


Tree=48
num_leaves=20
num_cat=0
split_feature=1 4 16 0 3 0 18 13 12 12 16 14 0 11 14 4 14 17 1
split_gain=5349.4 1908.53 1822.34 1158.58 632.047 284.501 219.217 207.377 169.35 392.519 149.231 110.957 97.8337 73.8713 54.0844 30.3947 23.8086 20.4025 3.64345
threshold=32559.720000000005 35692.500000000007 300.66714285714289 30201.515000000003 0.91109878197426253 27385.655000000002 20553.140000000003 398.73500000000007 389.90000000000003 385.33500000000009 287.04714285714289 311.33500000000009 27187.100000000002 294.66500000000002 277.60000000000008 37487.500000000007 307.50000000000006 34.909604943010045 25793.060000000001
decision_type=2 2 2 2 2 2 2 2 2 2 2 2 2 2 2 2 2 2 2
left_child=4 2 -2 7 8 15 17 11 9 12 -8 -3 -1 -9 -10 18 -16 -7 -6
right_child=1 3 -4 -5 5 6 10 13 14 -11 -12 -13 -14 -15 16 -17 -18 -19 -20
leaf_value=-0.29038719047199596 0.28931198120117191 0.29955851460496585 1.9195216387510297 1.1498433470726013 -0.26097963651021328 0.19299128949642183 -0.15331736496753165 0.36854178905487062 0.16061627666155498 -0.78095223903656008 0.004104580464722265 0.12399814210625158 -0.16840235491211597 0.69676267306009909 -0.17592985033988959 -0.12219867904980977 -0.018447557588418324 0.36548391580581657 -0.32846526702245077
leaf_weight=22 2.9999999999999991 18 4 3.9999999999999991 2.9999999999999982 3.9999999999999991 18 3.9999999999999991 2.9999999999999991 2.9999999999999991 92 18 65 3 3.9999999999999982 2.9999999999999991 6 3 6
leaf_count=22 3 18 4 4 3 4 18 4 3 3 92 18 65 3 4 3 6 3 6
internal_value=0.00241184 0.450627 1.22086 0.335912 -0.101914 -0.0281705 -0.00439038 0.260197 -0.194273 -0.218639 -0.0216554 0.211778 -0.199249 0.509208 -0.0255812 -0.260027 -0.0814405 0.266917 -0.30597
internal_weight=286 54 7 47 232 129 117 43 103 90 110 36 87 7 13 12 10 7 9
internal_count=286 54 7 47 232 129 117 43 103 90 110 36 87 7 13 12 10 7 9
is_linear=0
shrinkage=0.05


Tree=49
num_leaves=19
num_cat=0
split_feature=2 4 16 3 1 2 12 1 6 11 16 12 12 2 4 13 11 1
split_gain=5098.07 2129.68 2856.51 1058.17 694.294 299.198 255.628 213.65 184.505 181.047 177.7 150.385 394.3 133.967 76.9636 42.8019 72.2696 28.7939
threshold=3137.5400000000004 36890.000000000007 300.66714285714289 0.91109878197426253 36728.905000000006 3620.9800000000005 243.92500000000004 36143.100000000006 90.500000000000014 249.00000000000003 287.28571428571433 389.90000000000003 359.50000000000006 16299.285000000002 36890.000000000007 288.50000000000006 272.66500000000002 36285.325000000004
decision_type=2 2 2 2 2 2 2 2 2 2 2 2 2 2 2 2 2 2
left_child=1 2 -1 11 7 10 -7 8 -3 -8 -5 12 13 -2 -12 16 -13 -9
right_child=3 4 -4 5 -6 6 9 17 -10 -11 14 15 -14 -15 -16 -17 -18 -19
leaf_value=0.34728894233703617 -0.20714001629171494 0.75065383911132555 2.5292247772216792 -0.19213706950346607 0.93938387870788587 0.4432758728663127 0.18005287230014802 -0.041717008749643951 0.31564186903146596 -0.041909109065886095 0.13365910970247705 -0.10962696770826977 -0.77829965750376395 0.13326984246571857 0.3133600397543474 -0.18362813591957095 0.1477582639455795 0.15422154754400252
leaf_weight=2.9999999999999991 79 3.0000000000000098 3 3.0000000000000027 4.9999999999999991 2.9999999999999991 9.9999999999999982 3 12.999999999999998 113 13.000000000000002 5.9999999999999982 2.9999999999999991 2.9999999999999991 10.999999999999998 3.9999999999999991 5 5
leaf_count=3 79 3 3 3 5 3 10 3 13 113 13 6 3 3 11 4 5 5
internal_value=0.0152008 0.580792 1.43826 -0.063043 0.403386 0.0196258 -0.0127411 0.291719 0.397207 -0.0238634 0.170671 -0.189526 -0.215284 -0.194686 0.216022 -0.0435655 0.00736632 0.0807446
internal_weight=288 35 6 253 29 153 126 24 16 123 27 100 85 82 24 15 11 8
internal_count=288 35 6 253 29 153 126 24 16 123 27 100 85 82 24 15 11 8
is_linear=0
shrinkage=0.05


Tree=50
num_leaves=20
num_cat=0
split_feature=3 14 1 0 1 1 0 13 12 0 0 12 12 16 4 11 7 16 3
split_gain=4865.38 2426.05 3950.7 1055.1 733.329 320.747 272.008 292.726 220.589 180.438 683.597 155.146 130.623 119.46 111.538 95.2444 148.389 24.5202 12.9954
threshold=1.1831993375978549 268.50000000000006 33925.42500000001 29767.365000000002 27626.075000000001 34329.730000000003 28672.645000000004 317.50000000000006 267.33500000000009 27598.790000000005 27575.925000000003 326.00000000000006 331.17000000000007 305.59571428571434 37487.500000000007 253.97000000000006 4.5000000000000009 359.42857142857144 1.0879263279786182
decision_type=2 2 2 2 2 2 2 2 2 2 2 2 2 2 2 2 2 2 2
left_child=4 2 -2 5 9 -3 7 8 -6 10 13 -7 14 -1 -8 -11 -17 -14 -9
right_child=1 3 -4 -5 6 11 12 18 -10 15 -12 -13 17 -15 -16 16 -18 -19 -20
leaf_value=-0.23325188655187104 0.35168129205703735 -0.25592314017315648 2.7519814252853387 1.1026271641254426 0.12491382300853729 0.37091008600066688 0.18380662781851634 -0.40875799655914308 -0.086763066332787284 0.17964863379796348 -0.94595582882563267 0.07517448912064234 -0.096300370352608841 -0.089273582845926291 -0.09490157440304757 -0.055962623685014014 -0.19761768795292955 0.058884379267692556 -0.27109318574269609
leaf_weight=34 3.9999999999999991 3.0000000000000062 3 3.9999999999999991 20 17.000000000000004 35 3.9999999999999991 32 2.9999999999999991 2.9999999999999991 5.9999999999999991 6.9999999999999982 25 3.9999999999999991 51 29 4 3
leaf_count=34 4 3 3 4 20 17 35 4 32 3 3 6 7 25 4 51 29 4 3
internal_value=0.00654365 0.542214 1.38038 0.346642 -0.0714871 0.230336 0.026501 -0.0462111 -0.00534888 -0.145147 -0.209682 0.293762 0.112301 -0.172244 0.155221 -0.0969405 -0.107313 -0.0398696 -0.349759
internal_weight=291 37 7 30 254 26 109 59 52 145 62 23 50 59 39 83 80 11 7
internal_count=291 37 7 30 254 26 109 59 52 145 62 23 50 59 39 83 80 11 7
is_linear=0
shrinkage=0.05


Tree=51
num_leaves=13
num_cat=0
split_feature=1 3 3 1 7 2 0 13 17 18 0 1
split_gain=3667.45 1895.7 1134.09 646.343 536.505 309.064 269.82 184.221 166.251 231.946 97.5622 70.9743
threshold=34329.730000000003 1.2039040295233432 1.2105657811018575 36728.905000000006 1.5000000000000002 3204.8900000000008 27385.655000000002 261.50000000000006 49.542441709771261 30488.475000000002 29460.545000000002 36067.810000000005
decision_type=2 2 2 2 2 2 2 2 2 2 2 2
left_child=2 -2 4 7 8 -6 -7 -3 10 -10 -1 -9
right_child=1 3 -4 -5 5 6 -8 11 9 -11 -12 -13
leaf_value=0.070064227743760532 1.4232087993621816 0.46723505020141537 0.77298751473426819 0.85191766738891594 -0.62956125736236579 -0.23850599755015642 -0.083694674498437691 0.2578890180587769 -0.15729935424668451 0.091140473765485439 0.30501027822494509 0.017750211432576182
leaf_weight=38 5.0000000000000027 5.0000000000000062 3.9999999999999991 4.9999999999999991 2.9999999999999991 36 129 4.9999999999999991 21 17 4.9999999999999991 7.9999999999999991
leaf_count=38 5 5 4 5 3 36 129 5 21 17 5 8
internal_value=-0.00214489 0.540831 -0.062237 0.349009 -0.0756543 -0.126616 -0.117472 0.209312 0.0300444 -0.0461552 0.0973835 0.110111
internal_weight=281 28 253 23 249 168 165 18 81 38 43 13
internal_count=281 28 253 23 249 168 165 18 81 38 43 13
is_linear=0
shrinkage=0.05


Tree=52
num_leaves=23
num_cat=0
split_feature=2 17 17 0 1 17 2 0 2 14 15 6 2 2 17 0 11 8 11 2 1 11
split_gain=3831.95 1225.26 4843.05 956.197 715.198 412.877 289.741 230.22 177.275 155.825 151.959 146.911 194.983 482.832 141.957 137.537 109.675 100.945 82.8479 82.6548 75.0596 23.2417
threshold=3204.8900000000008 27.148135128812545 41.427063059387919 29342.195000000003 25140.980000000003 77.054853296002463 3185.0950000000007 29380.625000000004 5012.420000000001 269.76500000000004 274.72500000000008 93.500000000000014 13632.790000000003 13979.495000000001 21.354243794525253 28125.760000000006 308.50000000000006 4.5000000000000009 378.17000000000007 16299.285000000002 18234.625000000004 294.66500000000002
decision_type=2 2 2 2 2 2 2 2 2 2 2 2 2 2 2 2 2 2 2 2 2 2
left_child=1 6 -3 9 11 -5 16 10 21 -4 15 19 17 -14 -12 -6 -1 -13 -10 20 -2 -9
right_child=4 2 3 5 7 -7 -8 8 18 -11 14 12 13 -15 -16 -17 -18 -19 -20 -21 -22 -23
leaf_value=-0.27178286761045461 -0.34039679169654846 2.2744093775749188 -0.065160992145538291 1.324361038208008 -0.027476277811960732 0.49482616583506256 0.49075532754262285 0.28200041502714129 -0.037927410668796964 0.27669922590255736 0.12437535172159023 -0.23927014678716663 -0.86142115965485577 -0.18862510025501253 -0.064771900388716483 0.22255776687101886 0.079478480815887445 -0.044707873240113244 0.21591746509075166 0.13755826950073244 -0.11458358851301929 0.46610384782155345
leaf_weight=3.9999999999999982 3.9999999999999991 4.0000000000000027 5.0000000000000027 2.9999999999999991 11.000000000000002 3 2.9999999999999991 4.0000000000000027 8.9999999999999982 9.9999999999999982 10.999999999999998 20 3.9999999999999991 7.9999999999999991 101 10.999999999999998 5 10.000000000000002 4.9999999999999991 2.9999999999999991 46 3
leaf_count=4 4 4 5 3 11 3 3 4 9 10 11 20 4 8 101 11 5 10 5 3 46 3
internal_value=0.0056049 0.480511 0.679855 0.376131 -0.0646812 0.909594 0.0652106 0.00152656 0.155455 0.162746 -0.0225965 -0.172704 -0.242552 -0.41289 -0.0461949 0.0975407 -0.0766377 -0.174416 0.0527315 -0.117354 -0.132649 0.360902
internal_weight=287 37 25 21 250 6 12 155 21 15 134 95 42 12 112 22 9 30 14 53 50 7
internal_count=287 37 25 21 250 6 12 155 21 15 134 95 42 12 112 22 9 30 14 53 50 7
is_linear=0
shrinkage=0.05


Tree=53
num_leaves=17
num_cat=0
split_feature=3 4 0 2 4 0 1 17 17 17 3 13 13 2 17 2
split_gain=2963.07 1417.6 686.031 543.874 479.214 277.358 186.716 179.282 152.336 130.759 128.769 97.7062 95.807 69.6654 59.743 48.36
threshold=1.193270756777264 37217.000000000007 30201.515000000003 6350.5950000000012 35134.500000000007 28125.760000000006 36728.905000000006 28.879193850206736 123.75580384751238 29.891628290510475 0.68499863471468403 261.50000000000006 323.17000000000007 4238.5850000000009 21.605683285884723 11621.905000000001
decision_type=2 2 2 2 2 2 2 2 2 2 2 2 2 2 2 2
left_child=3 -2 6 4 -1 13 11 12 -7 -9 -11 -3 14 -6 -5 -14
right_child=1 2 -4 7 5 8 -8 9 -10 10 -12 -13 15 -15 -16 -17
leaf_value=-0.49036602377891542 1.4840870539347331 0.41461976528167632 1.0614497343699136 -0.036893977224826811 -0.15855585661801419 0.15922734281596018 0.63634441693623867 0.17292406767606738 -0.12997103214263916 -0.31373639802138009 -0.075452331506626835 0.16620648291550186 0.13540984590848287 0.00490141548216343 -0.24030511266476401 -0.14849142233530677
leaf_weight=3.9999999999999991 2.9999999999999991 5.0000000000000098 2.9999999999999991 3.9999999999999991 11.000000000000002 51 2.9999999999999991 4.9999999999999991 4.9999999999999991 5.9999999999999991 103 19 2.9999999999999991 15.999999999999998 37 3
leaf_count=4 3 5 3 4 11 51 3 5 5 6 103 19 3 16 37 3
internal_value=0.00267883 0.447778 0.344147 -0.056548 0.0441791 0.0699403 0.264446 -0.110978 0.133406 -0.0770999 -0.0885689 0.217959 -0.193151 -0.0616923 -0.22046 -0.00654079
internal_weight=281 33 30 248 87 83 27 161 56 114 109 24 47 27 41 6
internal_count=281 33 30 248 87 83 27 161 56 114 109 24 47 27 41 6
is_linear=0
shrinkage=0.05


Tree=54
num_leaves=19
num_cat=0
split_feature=3 7 1 1 16 13 13 11 13 1 3 13 12 12 16 17 16 3
split_gain=4116.9 2157.57 2564.45 694.784 407.959 223.184 206.118 193.934 184.213 178.072 321.33 207.358 138.81 89.0498 84.5646 63.673 90.505 5.60782
threshold=1.1831993375978549 5.5000000000000009 36207.970000000008 26367.045000000002 333.81000000000006 359.50000000000006 302.81500000000005 257.44000000000005 272.66500000000002 20264.345000000005 0.71327349194757395 398.20000000000005 243.92500000000004 253.00000000000003 289.30500000000006 20.279337632471773 294.64214285714291 0.79458455177795961
decision_type=2 2 2 2 2 2 2 2 2 2 2 2 2 2 2 2 2 2
left_child=3 8 -3 9 -4 6 12 -8 15 10 11 -1 -5 17 -15 -2 -17 -11
right_child=1 2 4 5 -6 -7 7 -9 -10 13 -12 -13 -14 14 -16 16 -18 -19
leaf_value=-0.13311518225818869 0.032301885411143254 2.1196997284889227 0.86324076652526838 0.3995204528172811 0.091916998227437319 0.35053447723388675 0.27268319725990298 -0.08886266001591496 0.55906082391738898 -0.34829110304514566 -0.75045615037282309 -0.58211165269215903 0.051878615085091166 -0.20879749953746796 -0.078297024040431207 0.40913362026214606 0.13795970175415279 -0.25161445935567212
leaf_weight=18.000000000000007 5.0000000000000062 3.9999999999999982 4 2.9999999999999991 3 4.9999999999999991 3.9999999999999991 51 3.9999999999999991 2.9999999999999991 2.9999999999999991 2.9999999999999991 67 14.999999999999998 72 4.9999999999999991 7.9999999999999991 3
leaf_count=18 5 4 4 3 3 5 4 51 4 3 3 3 67 15 72 5 8 3
internal_value=0.0134915 0.538019 1.10977 -0.0565871 0.532673 0.022968 0.00986533 -0.0625684 0.252141 -0.144982 -0.266407 -0.197258 0.0667776 -0.113646 -0.100797 0.183936 0.242257 -0.299953
internal_weight=280 33 11 247 7 130 125 55 22 117 24 21 70 93 87 18 13 6
internal_count=280 33 11 247 7 130 125 55 22 117 24 21 70 93 87 18 13 6
is_linear=0
shrinkage=0.05


Tree=55
num_leaves=16
num_cat=0
split_feature=1 3 3 3 7 0 0 1 12 18 13 12 3 13 13
split_gain=2713.83 2186.19 810.024 551.931 509.876 452.427 316.599 189.769 210.076 177.518 140.37 89.7958 75.7126 52.6519 39.837
threshold=34567.805000000008 1.2039040295233432 0.91109878197426253 1.2105657811018575 5.5000000000000009 29342.195000000003 28672.645000000004 20264.345000000005 326.00000000000006 22877.885000000006 261.50000000000006 389.90000000000003 1.266954620217835 270.96000000000009 288.50000000000006
decision_type=2 2 2 2 2 2 2 2 2 2 2 2 2 2 2
left_child=2 -2 7 4 6 10 -4 8 9 -1 -3 13 -12 -9 -13
right_child=1 5 3 -5 -6 -7 -8 11 -10 -11 12 14 -14 -15 -16
leaf_value=-0.43326934065137551 1.5724946141242968 0.44354192018508831 -0.029187041836492018 0.53964140415191653 -0.55122595429420473 0.77554385662078862 0.12143845424915736 -0.25750760104921133 -0.67138102054595949 -0.12833378066619236 0.038739328812807804 0.048204030692577365 0.32513407866160077 -0.12549936371815806 -0.13849729448556899
leaf_weight=7.0000000000000062 4.0000000000000027 4.0000000000000062 106 4.9999999999999991 3.9999999999999991 3.9999999999999991 52 8.9999999999999982 2.9999999999999991 14.999999999999998 9.9999999999999982 9.9999999999999982 2.9999999999999991 47 3.9999999999999991
leaf_count=7 4 4 106 5 4 4 52 9 3 15 10 10 3 47 4
internal_value=0.00342638 0.501165 -0.0440677 0.0222412 0.00627203 0.297102 0.0203859 -0.160632 -0.278881 -0.225359 0.184527 -0.1184 0.10483 -0.146715 -0.00513921
internal_weight=287 25 262 167 162 21 158 95 25 22 17 70 13 56 14
internal_count=287 25 262 167 162 21 158 95 25 22 17 70 13 56 14
is_linear=0
shrinkage=0.05


Tree=56
num_leaves=17
num_cat=0
split_feature=1 4 0 1 14 6 14 14 18 0 1 1 4 7 13 13
split_gain=2650.68 3607.76 596.008 578.237 336.663 450.413 425.14 252.426 139.66 264.894 160.074 227.693 117.768 83.9131 82.1685 84.5239
threshold=33925.42500000001 36220.000000000007 30201.515000000003 29362.300000000007 259.8250000000001 95.500000000000014 268.50000000000006 399.07000000000011 18234.625000000004 27471.635000000006 20264.345000000005 19560.820000000003 34905.000000000007 4.5000000000000009 261.50000000000006 398.73500000000007
decision_type=2 2 2 2 2 2 2 2 2 2 2 2 2 2 2 2
left_child=3 -2 14 8 5 -5 13 -8 9 -1 11 -10 -12 -6 -3 -16
right_child=1 2 -4 4 6 -7 7 -9 10 -11 12 -13 -14 -15 15 -17
leaf_value=-0.2692073186238606 2.077177445093791 0.43679536978403627 0.93108058770497648 0.85229821205139167 -0.18952260851860045 -0.014124078551928199 0.098168478665443579 -0.24078047424554827 -0.17335081042514905 0.32509201049804681 -0.035456141140735288 -0.64384888807932539 -0.12913957436157519 -0.52401350935300184 0.10820060109621599 0.32346757849057517
leaf_weight=3 2.9999999999999991 3.0000000000000062 2.9999999999999991 2.9999999999999991 5 3 65 5.9999999999999991 18.000000000000004 5 55 2.9999999999999991 86 3 19.000000000000004 5.9999999999999991
leaf_count=3 3 3 3 3 5 3 65 6 18 5 55 3 86 3 19 6
internal_value=0.0068263 0.421523 0.261298 -0.0484666 0.0580134 0.419087 0.0305901 0.0695249 -0.101707 0.10223 -0.111777 -0.240565 -0.0925964 -0.314957 0.189536 0.159865
internal_weight=289 34 31 255 85 6 79 71 170 8 162 21 141 8 28 25
internal_count=289 34 31 255 85 6 79 71 170 8 162 21 141 8 28 25
is_linear=0
shrinkage=0.05


Tree=57
num_leaves=18
num_cat=0
split_feature=1 4 1 1 0 0 2 2 1 12 18 4 13 1 12 18 0
split_gain=2192.76 1915.86 544.128 378.835 219.161 255.859 439.044 251.841 152.482 459.881 132.262 77.2048 76.5855 53.7815 48.7654 45.5903 34.6925
threshold=33925.42500000001 36220.000000000007 25475.860000000004 36728.905000000006 27111.600000000002 27414.055000000004 4348.3850000000011 2771.5550000000003 21209.785000000003 319.66500000000002 22877.885000000006 34905.000000000007 261.50000000000006 36067.810000000005 311.33500000000009 19257.695000000003 28057.095000000005
decision_type=2 2 2 2 2 2 2 2 2 2 2 2 2 2 2 2 2
left_child=2 -2 8 12 -4 6 -6 -7 9 10 -1 16 15 -14 -13 -3 -10
right_child=1 3 4 -5 5 7 -8 -9 11 -11 -12 14 13 -15 -16 -17 -18
leaf_value=-0.38432651559511777 1.3926693439483644 0.17771124839782695 -0.32207527160644533 0.63180418252944959 0.76670114199320483 -0.45357769330342612 -0.033468924462795251 0.0097509562720381124 -0.096295037821811771 -0.83223330179850263 -0.11666614186018705 -0.12179146990753138 0.18227936228116348 0.020588944852352145 -0.25171575307846072 0.45336292584737131 0.012210641686732953
leaf_weight=6.0000000000000062 3.9999999999999991 3.0000000000000027 4.9999999999999991 4.9999999999999991 2.9999999999999991 2.9999999999999991 4 131 17.000000000000004 2.9999999999999991 20 26 12.000000000000002 8.9999999999999982 9.9999999999999982 3 12.999999999999998
leaf_count=6 4 3 5 5 3 3 4 131 17 3 20 26 12 9 10 3 13
internal_value=-0.00299613 0.360988 -0.0573672 0.232028 0.00323626 0.0147721 0.309461 -0.000622073 -0.150505 -0.246068 -0.178434 -0.108515 0.157995 0.112983 -0.157882 0.315537 -0.0492759
internal_weight=277 36 241 32 146 141 7 134 95 29 26 66 27 21 36 6 30
internal_count=277 36 241 32 146 141 7 134 95 29 26 66 27 21 36 6 30
is_linear=0
shrinkage=0.05


Tree=58
num_leaves=22
num_cat=0
split_feature=1 2 17 1 3 2 2 16 11 14 1 16 2 2 2 16 2 7 6 8 13
split_gain=1362.05 799.077 1038.59 267.497 312.806 255.268 239.424 202.793 169.158 116.801 189.754 365.389 95.6605 94.6979 94.4726 91.7057 61.749 59.6577 38.2815 28.511 10.387
threshold=33774.56500000001 2771.5550000000003 49.542441709771261 24008.805000000004 1.1687815739731457 2339.7600000000007 3542.9350000000004 317.01642857142861 331.17000000000007 259.37500000000006 20264.345000000005 296.37642857142868 3204.8900000000008 3185.0950000000007 13332.705000000002 300.80928571428575 16299.285000000002 5.5000000000000009 93.500000000000014 4.5000000000000009 302.81500000000005
decision_type=2 2 2 2 2 2 2 2 2 2 2 2 2 2 2 2 2 2 2 2 2
left_child=3 2 -2 9 6 18 7 -5 -8 10 11 -1 -6 15 -12 -3 17 -11 -4 20 -15
right_child=1 13 5 4 12 -7 8 -9 -10 16 14 -13 -14 19 -16 -17 -18 -19 -20 -21 -22
leaf_value=-0.13285539746284475 1.3613967100779201 -0.20115393817424765 0.29903135299682621 0.058705904334783565 -0.57822343508402507 0.67381275892257697 -0.058809517775459785 0.49473157972097392 0.059477662486478504 -0.087377430862042971 -0.20013246578829624 -0.86282681624094626 -0.17893126805623369 0.15930219411849977 0.075395195931196216 0.0887832482655843 0.095713365077972415 -0.25618216991424564 0.10337487459182737 0.29591647783915193 0.041619198520978284
leaf_weight=4.0000000000000027 3.0000000000000027 5.0000000000000018 4.9999999999999982 7.9999999999999982 2.9999999999999991 3.9999999999999991 115 4 41 41 14.000000000000002 3 3 4.9999999999999982 3.9999999999999991 6 3.9999999999999991 5.9999999999999991 5 3 3
leaf_count=4 3 5 5 8 3 4 115 4 41 41 14 3 3 5 4 6 4 6 5 3 3
internal_value=-0.0151445 0.25968 0.517145 -0.0580172 -0.0238356 0.336234 -0.0111663 0.204048 -0.0277212 -0.136275 -0.224807 -0.4457 -0.378577 0.0607294 -0.138904 -0.0430064 -0.0928767 -0.108927 0.201203 0.164465 0.115171
internal_weight=289 39 17 250 174 14 168 12 156 76 25 7 6 22 18 11 51 47 10 11 8
internal_count=289 39 17 250 174 14 168 12 156 76 25 7 6 22 18 11 51 47 10 11 8
is_linear=0
shrinkage=0.05


Tree=59
num_leaves=21
num_cat=0
split_feature=3 14 17 1 1 7 0 0 18 15 14 1 15 4 17 14 17 1 11 6
split_gain=1875.45 2476.47 5173.74 473.062 258.838 168.867 215.813 158.014 168.79 133.426 116.724 122.301 862.533 100.379 83.3564 73.9526 52.2423 43.9704 45.1076 7.10535
threshold=1.1831993375978549 268.50000000000006 41.427063059387919 26817.120000000006 34329.730000000003 4.5000000000000009 28421.790000000005 29342.195000000003 27959.010000000006 274.72500000000008 312.17000000000007 20264.345000000005 313.43166666666679 35692.500000000007 36.12522189943342 306.01000000000005 100.32192719246832 18818.650000000005 323.17000000000007 90.500000000000014
decision_type=2 2 2 2 2 2 2 2 2 2 2 2 2 2 2 2 2 2 2 2
left_child=3 2 -2 10 -3 6 9 15 -9 -5 11 12 -1 -8 -7 -6 -13 -12 -19 -16
right_child=1 4 -4 5 7 14 13 8 -10 -11 17 16 -14 -15 19 -17 -18 18 -20 -21
leaf_value=-0.090685852191277894 2.7453355153401695 -0.21230071745812876 -0.19114263852437333 0.077267511636018749 0.31531770706176715 -0.33456922173500064 0.22669771803276884 0.7097814400990804 0.17938924133777615 -0.083803900165690323 -0.17387660956010204 -0.081982137161519447 -1.0249240398406982 0.074888140531446865 -0.12307624022165937 0.091303990861134873 -0.16992093523343405 0.15924157261848451 -0.021881288984282453 -0.028833506753047307
leaf_weight=14.000000000000002 2.9999999999999991 4.0000000000000027 3 20 5.0000000000000062 3.9999999999999991 13.999999999999998 2.9999999999999991 3 36 3.0000000000000027 57 2.9999999999999991 49 2.9999999999999982 13.999999999999998 24 4.9999999999999991 10.999999999999998 6
leaf_count=14 3 4 3 20 5 4 14 3 3 36 3 57 3 49 3 14 24 5 11 6
internal_value=0.00973714 0.352449 1.2771 -0.0384353 0.161143 0.0264484 0.0451403 0.220894 0.444585 -0.0262784 -0.111637 -0.133627 -0.255551 0.108624 -0.144654 0.150255 -0.108038 0.00178336 0.0347196 -0.0602478
internal_weight=284 35 6 249 29 132 119 25 6 56 117 98 17 63 13 19 81 19 16 9
internal_count=284 35 6 249 29 132 119 25 6 56 117 98 17 63 13 19 81 19 16 9
is_linear=0
shrinkage=0.05


Tree=60
num_leaves=21
num_cat=0
split_feature=2 17 17 6 1 2 13 14 13 18 6 6 15 17 17 2 11 11 11 11
split_gain=2150.29 820.157 3306.55 617.251 382.451 242.377 208.432 186.639 150.325 184.398 134.773 84.6811 218.458 118.261 505.173 180.82 73.5849 33.7241 8.35855 14.5453
threshold=3204.8900000000008 27.148135128812545 41.427063059387919 89.500000000000014 25793.060000000001 3069.0300000000002 343.66500000000002 269.76500000000004 302.00000000000006 23496.630000000005 89.500000000000014 91.500000000000014 283.77833333333342 53.997133217218639 49.542441709771261 13923.590000000002 312.17000000000007 319.66500000000002 288.50000000000006 300.16500000000002
decision_type=2 2 2 2 2 2 2 2 2 2 2 2 2 2 2 2 2 2 2 2
left_child=1 5 -3 -4 11 -1 8 -5 10 -10 -6 12 -2 14 -13 -15 -7 -14 -8 -20
right_child=4 2 3 7 6 16 18 -9 9 -11 -12 13 17 15 -16 -17 -18 -19 19 -21
leaf_value=-0.31387790143489847 0.34954115947087611 1.8340075969696028 0.93771815299987693 -0.19593303799629191 0.283242119550705 0.033631508704274886 0.16788868308067328 0.23382858280092478 0.2145086097717285 -0.10367085266054846 0.014910687423272902 -0.15897118608511329 -0.13233340274203906 -0.11898523343593946 -0.83359002272288008 0.28946044047673547 0.36121565302213021 -0.02813098104670644 0.33904847304026275 0.18334959149360652
leaf_weight=3.9999999999999982 2.9999999999999991 4.0000000000000027 3.0000000000000027 3.0000000000000027 4.9999999999999991 4 3.9999999999999982 15.999999999999998 4.9999999999999991 51 73 37 22 28.000000000000004 2.9999999999999991 2.9999999999999991 3 11.999999999999998 3 3
leaf_count=4 3 4 3 3 5 4 4 16 5 51 73 37 22 28 3 3 3 12 3 3
internal_value=0.00258782 0.358522 0.51164 0.27121 -0.0496723 -0.00339442 0.00367201 0.165971 -0.012761 -0.075262 0.0321114 -0.120798 -0.0594671 -0.152759 -0.209568 -0.0794582 0.174025 -0.0955561 0.223875 0.261199
internal_weight=289 37 26 22 252 11 144 19 134 56 78 108 37 71 40 31 7 34 10 6
internal_count=289 37 26 22 252 11 144 19 134 56 78 108 37 71 40 31 7 34 10 6
is_linear=0
shrinkage=0.05


Tree=61
num_leaves=23
num_cat=0
split_feature=2 13 6 2 18 2 13 0 14 13 15 2 13 0 13 18 18 11 0 12 14 14
split_gain=1418.63 827.947 1745.74 250.062 313.108 237.505 154.833 133.582 124.867 120.343 194.592 470.441 151.869 266.967 115.947 105.299 92.6211 60.788 28.6011 25.2977 12.0278 3.43913
threshold=3542.9350000000004 323.17000000000007 90.500000000000014 2404.3850000000007 22796.595000000005 6350.5950000000012 272.66500000000002 29460.545000000002 399.07000000000011 281.00000000000006 281.66500000000008 13979.495000000001 283.90000000000003 27946.595000000005 254.87500000000003 22877.885000000006 20914.145000000004 304.30000000000001 26878.825000000001 269.53000000000003 319.66500000000002 250.67000000000002
decision_type=2 2 2 2 2 2 2 2 2 2 2 2 2 2 2 2 2 2 2 2 2 2
left_child=1 3 -3 6 -5 7 -1 8 16 10 18 -12 13 -11 -6 -14 -2 21 -7 -9 -21 -4
right_child=5 2 17 4 14 9 -8 19 -10 12 11 -13 15 -15 -16 -17 -18 -19 -20 20 -22 -23
leaf_value=0.16928932070732119 0.1930843906743186 1.6342907239993414 0.24392079512278247 -0.42958447933197025 -0.11364393829368047 -0.33615496158599856 0.5866463661193847 0.32628575563430795 -0.23790098369121551 -0.69434903264045722 -0.018602046483131345 0.62899775505065925 -0.28375745160239085 -0.070388455316424361 0.15011335986852647 -0.082590896162487895 -0.00064716527525048994 0.46551645596822094 -0.15788831421070629 0.21925224860509229 0.077667113145192451 0.17620443582534787
leaf_weight=4.9999999999999982 6.9999999999999991 2.9999999999999991 2.9999999999999982 2.9999999999999991 5.0000000000000027 2.9999999999999991 4 2.9999999999999982 4.9999999999999991 2.9999999999999991 43 2.9999999999999991 6.9999999999999991 4 25 92 52 3 8.9999999999999982 3 3 5
leaf_count=5 7 3 3 3 5 3 4 3 5 3 43 3 7 4 25 92 52 3 9 3 3 5
internal_value=0.00582774 0.232162 0.565158 0.121164 0.0574503 -0.0476522 0.354781 0.0273705 0.00200677 -0.0810465 -0.023144 0.0236327 -0.112729 -0.3378 0.106154 -0.0968148 0.0223379 0.273576 -0.202455 0.207735 0.14846 0.201598
internal_weight=293 56 14 42 33 237 9 73 64 164 58 46 106 7 30 99 59 11 12 9 6 8
internal_count=293 56 14 42 33 237 9 73 64 164 58 46 106 7 30 99 59 11 12 9 6 8
is_linear=0
shrinkage=0.05


Tree=62
num_leaves=17
num_cat=0
split_feature=3 4 7 2 3 0 0 18 18 11 16 11 12 15 0 1
split_gain=1180.64 1095.91 254.603 420.28 216.089 184.008 175.018 166.877 307.207 169.015 92.339 64.3227 52.912 50.6771 108.458 16.6006
threshold=1.193270756777264 37657.000000000007 3.5000000000000004 4655.5900000000011 0.70665523057576651 29767.365000000002 29283.190000000006 25936.675000000007 26271.675000000007 279.16500000000002 287.04714285714289 294.66500000000002 338.83000000000004 301.21666666666675 28781.310000000005 36285.325000000004
decision_type=2 2 2 2 2 2 2 2 2 2 2 2 2 2 2 2
left_child=2 -2 4 -4 11 13 10 9 -9 -5 -6 -1 -8 14 -3 -15
right_child=1 5 3 7 6 -7 12 8 -10 -11 -12 -13 -14 15 -16 -17
leaf_value=-0.46172382036844895 1.0593080997467033 0.087198773548006953 -0.60745936632156372 -0.061280945967882874 -0.11436376526951791 0.53528324365615843 0.16478053923696279 -0.5639459222555161 -0.10982356747004413 0.18097049527698095 0.0031334119337592644 -0.13430283168951668 -0.034427936375141147 -0.075522116820017471 0.39525821506977082 0.073253445625305155
leaf_weight=2.9999999999999991 4.0000000000000027 10.000000000000005 3.9999999999999991 36 20 2.9999999999999991 20.000000000000004 3.9999999999999991 54 8.9999999999999982 102 3 3.9999999999999991 3 3.9999999999999991 5
leaf_count=3 4 10 4 36 20 3 20 4 54 9 102 3 4 3 4 5
internal_value=-0.0116511 0.29089 -0.0455263 -0.104612 -0.00393321 0.167943 0.00815227 -0.0850838 -0.141142 -0.0128307 -0.0161284 -0.298013 0.131579 0.117851 0.175216 0.0174626
internal_weight=288 29 259 107 152 25 146 103 58 45 122 6 24 22 14 8
internal_count=288 29 259 107 152 25 146 103 58 45 122 6 24 22 14 8
is_linear=0
shrinkage=0.05


Tree=63
num_leaves=20
num_cat=0
split_feature=3 4 16 0 2 4 16 18 16 3 12 18 4 12 3 0 18 12 0
split_gain=1514.25 873.501 1740.73 507.777 291.892 180.103 212.65 128.413 123.927 98.5495 137.698 131.349 104.816 115.995 91.5538 72.7086 54.3777 34.7048 122.388
threshold=1.1831993375978549 37217.000000000007 300.66714285714289 29767.365000000002 6350.5950000000012 36890.000000000007 311.35714285714289 31493.565000000002 287.04714285714289 0.74578262097945813 326.00000000000006 22877.885000000006 34230.000000000007 306.50000000000006 1.0489039824538435 29292.095000000005 24096.850000000002 326.00000000000006 28781.310000000005
decision_type=2 2 2 2 2 2 2 2 2 2 2 2 2 2 2 2 2 2 2
left_child=4 2 -2 17 5 6 8 14 -1 10 11 -6 15 -14 -7 -11 -8 18 -3
right_child=1 3 -4 -5 9 7 16 -9 -10 12 -12 -13 13 -15 -16 -17 -18 -19 -20
leaf_value=-0.12469133761796086 0.012603600819905601 0.093271859834591492 1.7158979733784989 0.81412045955657963 -0.30750364405768232 0.070388811619745306 -0.38220806717872613 -0.11500135958194733 0.063834449294067563 -0.016150401385599061 -0.48451114892959596 -0.050158400132375602 -0.045022570669394114 -0.15741027968102381 0.27784508352096265 0.20796195119619371 -0.12149344235658643 0.020865460236867271 0.40454487800598149
leaf_weight=10.999999999999998 2.9999999999999991 15.000000000000009 3 2.9999999999999991 7.0000000000000062 9.0000000000000053 4 3.9999999999999991 42 38 2.9999999999999991 17 58 38 12.999999999999998 3.9999999999999991 4 5.9999999999999991 3.9999999999999991
leaf_count=11 3 15 3 3 7 9 4 4 42 38 3 17 58 38 13 4 4 6 4
internal_value=0.00355564 0.316774 0.864251 0.199458 -0.038704 0.0354036 -0.0115633 0.145595 0.0247065 -0.0777789 -0.165139 -0.125217 -0.0606867 -0.0895094 0.192977 0.00519363 -0.251851 0.125698 0.158803
internal_weight=286 34 6 28 252 87 61 26 53 165 27 24 138 96 22 42 8 25 19
internal_count=286 34 6 28 252 87 61 26 53 165 27 24 138 96 22 42 8 25 19
is_linear=0
shrinkage=0.05


Tree=64
num_leaves=17
num_cat=0
split_feature=1 4 0 0 13 13 13 12 11 5 12 4 16 1 13 11
split_gain=1458.68 1197.19 232.953 200.741 153.813 374.841 171.219 270.405 152.288 132.17 114.221 101.726 125.235 58.1114 32.0078 30.5413
threshold=33925.42500000001 36220.000000000007 30201.515000000003 28455.780000000002 282.51000000000005 283.90000000000003 276.83500000000009 314.16500000000002 255.19500000000002 22.500000000000004 266.50000000000006 37487.500000000007 333.81000000000006 36728.905000000006 261.50000000000006 293.50000000000006
decision_type=2 2 2 2 2 2 2 2 2 2 2 2 2 2 2 2
left_child=3 -2 13 4 6 -6 10 -8 -5 -7 -1 12 -10 14 -3 -13
right_child=1 2 -4 8 5 9 7 -9 11 -11 -12 15 -14 -15 -16 -17
leaf_value=0.074962195639426896 1.1224899172782898 0.2512686181068417 0.62444528738657645 0.3795411745707194 -0.65696773380041129 -0.17075257487595083 0.022145559638738627 0.48176908642053606 0.083456296869553637 -0.044553682801582048 -0.09329726875604441 -0.25025964081287383 -0.051148497009718866 0.36998363335927331 0.11050508760270619 -0.054871208686381567
leaf_weight=12.999999999999998 3.9999999999999991 5.0000000000000062 2.9999999999999991 2.9999999999999991 2.9999999999999991 32 16.000000000000004 3.9999999999999991 48 59 45 4 27 2.9999999999999991 21 4
leaf_count=13 4 5 3 3 3 32 16 4 48 59 45 4 27 3 21 4
internal_value=0.00879957 0.30695 0.205007 -0.0328028 -0.063989 -0.10706 -0.0120829 0.11407 0.0295697 -0.0889313 -0.0555839 0.0169201 0.0349986 0.161617 0.137575 -0.152565
internal_weight=294 36 32 258 172 94 78 20 86 91 58 83 75 29 26 8
internal_count=294 36 32 258 172 94 78 20 86 91 58 83 75 29 26 8
is_linear=0
shrinkage=0.05


Tree=65
num_leaves=18
num_cat=0
split_feature=1 4 0 0 11 13 7 1 2 11 1 2 4 3 14 17 17
split_gain=1427.9 1418.46 274.226 270.096 149.075 157.91 133.616 121.826 500.792 98.2798 90.8875 86.2423 84.2597 73.9469 98.2101 44.1761 36.8502
threshold=32559.720000000005 35692.500000000007 27824.730000000007 30201.515000000003 250.18000000000004 281.00000000000006 1.5000000000000002 20264.345000000005 13979.495000000001 279.16500000000002 31785.325000000004 4135.9350000000004 34732.500000000007 1.273502074400062 331.83500000000009 53.997133217218639 37.563983016957302
decision_type=2 2 2 2 2 2 2 2 2 2 2 2 2 2 2 2 2
left_child=2 -2 6 13 16 10 11 8 -8 -7 -6 -1 -9 14 -3 -13 -4
right_child=1 3 4 -5 5 9 7 12 -10 -11 -12 15 -14 -15 -16 -17 -18
leaf_value=-0.20420410633087147 1.0416320610046388 0.12353975462782033 0.11273941695690155 0.54747934341430671 0.01676999304671677 -0.1914114240874859 -0.75817875862121586 -0.01978133661406381 -0.072983476519584659 -0.039992073153863189 0.18963888949818083 0.1095462310645315 -0.1632726909298646 0.32198182940483094 -0.1383813064545393 -0.04314672123640776 0.36056411266326899
leaf_weight=5.0000000000000027 4.9999999999999991 34 2.9999999999999991 3.9999999999999991 49 12.999999999999998 3.9999999999999991 13.999999999999998 7.9999999999999991 61 8.9999999999999982 9.0000000000000018 38 3.9999999999999991 3.9999999999999991 9.9999999999999982 3
leaf_count=5 5 34 3 4 49 13 4 14 8 61 9 9 38 4 4 10 3
internal_value=0.00284802 0.24182 -0.0510793 0.154884 -0.00709764 -0.0181772 -0.120051 -0.157779 -0.301382 -0.0665928 0.0435945 -0.0194405 -0.12464 0.117494 0.0959691 0.0291815 0.236652
internal_weight=277 51 226 46 138 132 88 64 12 74 58 24 52 42 38 19 6
internal_count=277 51 226 46 138 132 88 64 12 74 58 24 52 42 38 19 6
is_linear=0
shrinkage=0.05


Tree=66
num_leaves=18
num_cat=0
split_feature=3 4 0 7 1 1 13 17 13 15 6 4 11 13 4 12 8
split_gain=1065.97 894.834 395.605 252.212 615.806 171.241 145.394 140.888 214.936 131.173 88.6995 88.4134 56.7627 47.9657 47.9259 44.3731 20.2532
threshold=1.2105657811018575 37657.000000000007 29380.625000000004 5.5000000000000009 32229.330000000005 31377.680000000004 282.51000000000005 121.59333830283204 398.20000000000005 289.55500000000012 91.500000000000014 37162.000000000007 345.83500000000009 261.50000000000006 38137.000000000007 320.50000000000006 4.5000000000000009
decision_type=2 2 2 2 2 2 2 2 2 2 2 2 2 2 2 2 2
left_child=2 -2 3 5 10 6 -1 8 13 11 -5 -4 15 -3 -7 -11 -14
right_child=1 7 9 4 -6 14 -8 -9 -10 12 -12 -13 16 -15 -16 -17 -18
leaf_value=-0.0014811578346416356 0.99244732558727178 0.23249090194702121 0.17699413523077956 0.042585509642958604 -0.70331078529357915 0.072018490518842432 -0.099394860350101907 -0.1426797350247701 0.50439925193786628 0.094899491965770688 -0.16132109090685845 0.52033730347951246 0.28509443600972495 0.029726271544184002 -0.11067519057542086 -0.077478337181465962 0.11323440130800007
leaf_weight=60 4.0000000000000027 5.0000000000000053 5.0000000000000018 8.0000000000000053 4.9999999999999991 35 103 2.9999999999999991 4.9999999999999991 8.0000000000000018 15.999999999999998 3 2.9999999999999991 7 3.9999999999999991 6.9999999999999991 4
leaf_count=60 4 5 5 8 5 35 103 3 5 8 16 3 3 7 4 7 4
internal_value=-0.00912374 0.309762 -0.0384466 -0.0606303 -0.198517 -0.0408346 -0.063353 0.173225 0.228973 0.132368 -0.0933522 0.305748 0.0693213 0.114212 0.0532807 0.0144565 0.186889
internal_weight=285 24 261 231 29 202 163 20 17 30 24 8 22 12 39 15 7
internal_count=285 24 261 231 29 202 163 20 17 30 24 8 22 12 39 15 7
is_linear=0
shrinkage=0.05


Tree=67
num_leaves=11
num_cat=0
split_feature=1 4 3 2 1 1 13 6 3 1
split_gain=916.246 1134.46 348.103 416.709 278.895 140.416 106.64 104.98 65.3703 38.9322
threshold=33925.42500000001 36220.000000000007 1.2105657811018575 2648.9600000000005 24850.090000000004 36728.905000000006 343.66500000000002 91.500000000000014 1.2608720450016777 36285.325000000004
decision_type=2 2 2 2 2 2 2 2 2 2
left_child=2 -2 3 -1 7 8 -6 -5 9 -3
right_child=1 5 -4 4 6 -7 -8 -9 -10 -11
leaf_value=-0.62600749333699546 1.0282524704933167 0.15271957166492933 0.50154079397519424 -0.02980033909901977 -0.00057255773898214101 0.38070510864257812 0.23415587186813355 -0.14570931385138206 -0.094085103273391729 -0.018158036470413207
leaf_weight=2.9999999999999991 3.9999999999999991 20.000000000000007 2.9999999999999991 30 150 4.9999999999999991 4.9999999999999991 56 3.9999999999999991 3.9999999999999991
leaf_count=3 4 20 3 30 150 5 5 56 4 4
internal_value=0.000984923 0.233026 -0.0337742 -0.040356 -0.0330657 0.136635 0.00699933 -0.105276 0.0930507 0.12424
internal_weight=284 37 247 244 241 33 155 86 28 24
internal_count=284 37 247 244 241 33 155 86 28 24
is_linear=0
shrinkage=0.05


Tree=68
num_leaves=12
num_cat=0
split_feature=1 3 3 2 1 6 1 16 7 13 2
split_gain=1016.59 1119.52 1050.58 411.825 300.203 242.5 175.395 86.9833 84.7959 58.4409 69.8072
threshold=34567.805000000008 1.2105657811018575 1.193270756777264 2859.0650000000005 33290.040000000008 89.500000000000014 29362.300000000007 287.04714285714289 1.0000000180025095e-35 261.50000000000006 2493.6900000000005
decision_type=2 2 2 2 2 2 2 2 2 2 2
left_child=1 3 -2 4 -1 -4 8 -8 -5 -7 -11
right_child=2 -3 5 6 -6 9 7 -9 -10 10 -12
leaf_value=-0.094322064518928536 1.1873333182185875 0.71680321931838997 0.60766473909219032 0.052603691571857784 -0.80166810353596984 0.32645047903060875 -0.10431204098276795 0.053623849580831384 -0.068260966775974694 0.20438928433826994 -0.0061386644840240485
leaf_weight=2.9999999999999991 3.0000000000000027 4.9999999999999991 3.0000000000000027 15.999999999999998 3 3.0000000000000027 9.9999999999999982 68 156 6.9999999999999991 8.9999999999999982
leaf_count=3 3 5 3 16 3 3 10 68 156 7 9
internal_value=0.0050074 -0.0241675 0.309593 -0.0386395 -0.447995 0.189901 -0.028815 0.0333757 -0.0570177 0.123938 0.0859673
internal_weight=286 261 25 256 6 22 250 78 172 19 16
internal_count=286 261 25 256 6 22 250 78 172 19 16
is_linear=0
shrinkage=0.05


Tree=69
num_leaves=16
num_cat=0
split_feature=1 1 0 7 1 0 13 15 14 3 15 0 3 15 15
split_gain=939.468 981.001 312.945 230.952 376.199 167.376 161.434 119.653 96.8614 92.225 56.5661 69.3982 53.8531 93.2174 48.6456
threshold=34567.805000000008 34762.390000000007 30041.080000000005 4.5000000000000009 32229.330000000005 28421.790000000005 304.30000000000001 277.16833333333341 258.78000000000003 0.69835236638919096 274.44666666666677 27607.155000000002 1.266954620217835 301.21666666666675 279.16500000000013
decision_type=2 2 2 2 2 2 2 2 2 2 2 2 2 2 2
left_child=3 -2 12 5 10 6 8 -7 -1 -8 -5 -12 13 -3 -9
right_child=1 2 -4 4 -6 7 9 14 -10 -11 11 -13 -14 -15 -16
leaf_value=0.18321411502547563 1.1564714193344103 0.18140992351940685 0.6626781622568767 -0.22819354534149172 -0.56759985089302067 0.33561212867498402 -0.36947183609008794 -0.14249205092589062 -0.00086038966677082121 -0.082282625374997531 0.028202829675541986 -0.090979039316114632 0.25054010629653928 -0.087164975951115276 0.063241919238284677
leaf_weight=7.9999999999999991 3.0000000000000027 7.0000000000000053 2.9999999999999991 4.9999999999999991 3.9999999999999991 3.9999999999999991 2.9999999999999991 2.9999999999999991 67 41 18 38 4.9999999999999991 6 68
leaf_count=8 3 7 3 5 4 4 3 3 67 41 18 38 5 6 68
internal_value=0.0114403 0.31071 0.189886 -0.0162912 -0.0978603 0.0110386 -0.0258314 0.069539 0.0187742 -0.101864 -0.0670577 -0.0526706 0.111088 0.0574523 0.0545489
internal_weight=283 24 21 259 65 194 119 75 75 44 61 56 18 13 71
internal_count=283 24 21 259 65 194 119 75 75 44 61 56 18 13 71
is_linear=0
shrinkage=0.05


Tree=70
num_leaves=19
num_cat=0
split_feature=2 2 3 17 0 1 0 7 6 13 13 2 3 18 7 18 3 6
split_gain=724.349 653.519 553.809 736.037 666.918 149.213 129.981 197.557 151.883 125.689 309.67 142.62 91.4614 78.4591 51.777 35.5484 52.6163 8.11882
threshold=3137.5400000000004 3069.0300000000002 1.2039040295233432 46.42082580934926 29240.435000000001 36285.325000000004 27927.695000000003 4.5000000000000009 94.500000000000014 282.51000000000005 286.16500000000002 13979.495000000001 1.1285841106189751 28384.120000000003 1.5000000000000002 29196.075000000004 0.97386632138337681 89.500000000000014
decision_type=2 2 2 2 2 2 2 2 2 2 2 2 2 2 2 2 2 2
left_child=1 2 4 -4 -1 -5 9 8 12 11 -11 14 -8 -12 -2 16 -9 -17
right_child=6 -3 3 5 -6 -7 7 15 -10 10 13 -13 -14 -15 -16 17 -18 -19
leaf_value=-0.57975011348724337 0.0060074462244908014 0.74989116087555896 0.8841622412204736 0.0075814629811793571 0.28643845617771146 0.32297905683517458 -0.0006265254153145685 -0.11404333561658855 0.38503532409667973 -0.6180774788061778 -0.031666012946516275 0.23911968708038331 0.098955157495314083 -0.16400344684010459 -0.096081295026385266 0.0085137802362442033 -0.34222798347473149 -0.074906755025897706
leaf_weight=5.0000000000000018 27 4.9999999999999991 4.0000000000000027 9.9999999999999982 4 5.9999999999999991 90 16.000000000000007 2.9999999999999991 2.9999999999999991 24 4.9999999999999991 31 21 23 4.9999999999999982 2.9999999999999991 7
leaf_count=5 27 5 4 10 4 6 90 16 3 3 24 5 31 21 23 5 3 7
internal_value=0.00503291 0.221965 0.130943 0.277517 -0.194777 0.125856 -0.023555 0.00537531 0.0335994 -0.0670909 -0.126214 -0.0154922 0.0248861 -0.0934235 -0.0409534 -0.107521 -0.150072 -0.0401482
internal_weight=292 34 29 20 9 16 258 155 124 103 48 55 121 45 50 31 19 12
internal_count=292 34 29 20 9 16 258 155 124 103 48 55 121 45 50 31 19 12
is_linear=0
shrinkage=0.05


Tree=71
num_leaves=11
num_cat=0
split_feature=1 4 3 3 1 0 3 18 12 1
split_gain=885.565 1894.91 254.324 155.168 147.128 147.05 119.819 89.8883 59.4049 67.3519
threshold=33925.42500000001 36220.000000000007 1.2105657811018575 1.1757363698743504 31377.680000000004 30201.515000000003 1.0989132917716289 18234.625000000004 326.00000000000006 36207.970000000008
decision_type=2 2 2 2 2 2 2 2 2 2
left_child=2 -2 3 4 7 8 -6 -1 9 -3
right_child=1 5 -4 -5 6 -7 -8 -9 -10 -11
leaf_value=0.10970948696136476 1.4556456565856934 0.09290001743938768 0.43783759257445737 -0.3010211211442948 0.37298853993415837 0.46708558400472006 0.044096548234423001 -0.043973967587879421 -0.040603710711002355 0.32228758931159973
leaf_weight=9.9999999999999982 2.9999999999999991 16.000000000000011 2.9999999999999991 4.9999999999999991 2.9999999999999991 2.9999999999999991 36 196 5.9999999999999991 3.9999999999999991
leaf_count=10 3 16 3 5 3 3 36 196 6 4
internal_value=0.011555 0.259379 -0.0197903 -0.0252819 -0.0196545 0.135627 0.0693959 -0.0365136 0.0973819 0.138778
internal_weight=285 32 253 250 245 29 39 206 26 20
internal_count=285 32 253 250 245 29 39 206 26 20
is_linear=0
shrinkage=0.05


Tree=72
num_leaves=19
num_cat=0
split_feature=1 14 17 0 14 17 2 0 6 0 2 2 12 5 0 16 2 1
split_gain=624.345 832.895 3933.07 187.641 110.957 139.335 140.119 107.974 102.265 95.9248 95.6787 385.253 261.717 79.7926 74.2014 56.7218 55.896 29.525
threshold=32559.720000000005 268.50000000000006 41.427063059387919 27927.695000000003 609.38000000000011 27.944139832917294 3069.0300000000002 28770.045000000002 94.500000000000014 29292.095000000005 13979.495000000001 13748.000000000002 314.16500000000002 22.500000000000004 29342.195000000003 306.19928571428574 4044.2700000000004 16669.590000000004
decision_type=2 2 2 2 2 2 2 2 2 2 2 2 2 2 2 2 2 2
left_child=3 2 -2 10 5 6 -3 -4 9 13 11 16 17 -5 -7 -11 -1 -12
right_child=1 4 7 8 -6 14 -8 -9 -10 15 12 -13 -14 -15 -16 -17 -18 -19
leaf_value=-0.21027220146996634 2.092407544453939 -0.3167480796575543 -0.26762143820524209 -0.044315597218902492 -0.23523800025383632 0.094411485156160796 0.05095038445372331 0.11180629253387449 0.29806519945462545 -0.042046722173690765 -0.24301033814748135 -0.57607072591781616 0.3825567781925201 0.045217342352544938 0.31732046093259536 0.15241284461071095 -0.063144862705684576 -0.035507878661155699
leaf_weight=6.9999999999999991 2.9999999999999991 3.0000000000000027 3 76 2.9999999999999991 7.9999999999999982 19 5 2.9999999999999991 5.0000000000000027 2.9999999999999982 3.9999999999999991 4 37 7 14.999999999999998 83 4
leaf_count=7 3 3 3 76 3 8 19 5 3 5 3 4 4 37 7 15 83 4
internal_value=0.00424379 0.163177 0.54849 -0.0293894 0.0572159 0.0809283 0.000809685 -0.0304791 0.00937655 0.00286478 -0.0796005 -0.0959278 0.0599241 -0.0149995 0.198436 0.103798 -0.0745881 -0.124438
internal_weight=292 51 11 241 40 37 22 8 136 133 105 94 11 113 15 20 90 7
internal_count=292 51 11 241 40 37 22 8 136 133 105 94 11 113 15 20 90 7
is_linear=0
shrinkage=0.05


Tree=73
num_leaves=16
num_cat=0
split_feature=3 4 13 7 1 1 13 0 3 14 13 14 6 0 13
split_gain=540.343 617.88 276.465 342.996 390.36 239.634 216.491 181.461 145.187 120.98 103.319 60.1664 51.7852 29.8523 8.12711
threshold=1.2105657811018575 37657.000000000007 281.00000000000006 5.5000000000000009 33290.040000000008 36728.905000000006 283.90000000000003 29872.000000000004 1.1285841106189751 316.50000000000006 276.83500000000009 306.01000000000005 89.500000000000014 28516.795000000002 286.50000000000006
decision_type=2 2 2 2 2 2 2 2 2 2 2 2 2 2 2
left_child=2 -2 7 6 14 11 -4 9 -8 10 -1 -3 -11 -13 -5
right_child=1 5 3 4 -6 -7 8 -9 -10 12 -12 13 -14 -15 -16
leaf_value=-0.048268953743472433 0.78904319312423399 0.20517197586595978 -0.41200986430048947 -0.067609808593988435 -0.73345146179199205 0.52029714981714892 -0.060249955421474224 0.41565864086151127 0.085617817342281355 0.23916169762611392 0.10332736330372948 0.097071199398487809 0.067990716653385838 -0.067093405458662256 -0.17647687991460159
leaf_weight=57 4.0000000000000027 4.0000000000000062 3.9999999999999991 3.9999999999999982 4 2.9999999999999991 116 2.9999999999999991 20 4.9999999999999991 13.999999999999998 3.9999999999999991 38 8.9999999999999982 3
leaf_count=57 4 4 4 4 4 3 116 3 20 5 14 4 38 9 3
internal_value=-0.00552902 0.221758 -0.0258831 -0.0705851 -0.339425 0.108301 -0.049462 0.0318093 -0.0387988 0.021708 -0.0183767 0.035596 0.0878943 -0.0165812 -0.114267
internal_weight=292 24 268 151 11 20 140 117 136 114 71 17 43 13 7
internal_count=292 24 268 151 11 20 140 117 136 114 71 17 43 13 7
is_linear=0
shrinkage=0.05


Tree=74
num_leaves=12
num_cat=0
split_feature=2 1 3 3 7 1 2 3 1 18 1
split_gain=527.079 524.55 164.154 229.501 213.798 565.598 98.505 96.5351 77.3903 59.3497 23.3748
threshold=2404.3850000000007 34329.730000000003 1.2587684748604402 1.2649773123195582 5.5000000000000009 33290.040000000008 16299.285000000002 0.70665523057576651 20553.140000000003 23827.545000000002 35456.600000000013
decision_type=2 2 2 2 2 2 2 2 2 2 2
left_child=1 -1 4 -4 7 6 -6 9 -9 -2 -3
right_child=2 10 3 -5 5 -7 -8 8 -10 -11 -12
leaf_value=0.89307560125986729 -0.32394897937774658 0.062799872010946292 0.5552500247955322 -0.063216624657313022 -0.093465768794218682 -0.69677890539169318 0.21042307217915857 0.20050554089248182 0.0015413539338221748 -0.075307525399451458 0.21568803787231441
leaf_weight=2.9999999999999991 2.9999999999999991 4.9999999999999982 2.9999999999999991 3 24.000000000000007 3.9999999999999991 2.9999999999999991 4.9999999999999991 217 11.999999999999998 5
leaf_count=3 3 5 3 3 24 4 3 5 217 12 5
internal_value=0.00212615 0.313205 -0.0126331 0.246017 -0.0184237 -0.141904 -0.0597003 -0.0022723 0.00602253 -0.125036 0.139244
internal_weight=287 13 274 6 268 31 27 237 222 15 10
internal_count=287 13 274 6 268 31 27 237 222 15 10
is_linear=0
shrinkage=0.05


Tree=75
num_leaves=19
num_cat=0
split_feature=1 4 0 7 15 15 0 2 14 14 12 16 15 14 15 0 13 0
split_gain=606.421 1686.59 125.154 103.71 123.857 293.775 142.419 139.664 123.555 122.486 89.1103 124.442 47.7459 36.3544 26.3997 25.0158 33.5034 31.2999
threshold=33925.42500000001 36220.000000000007 30201.515000000003 1.5000000000000002 281.66500000000008 283.77833333333342 28017.880000000005 9709.260000000002 403.66500000000002 317.50000000000006 261.83500000000009 317.01642857142861 278.72166666666675 318.50000000000006 275.10833333333341 28770.045000000002 266.16500000000002 28516.795000000002
decision_type=2 2 2 2 2 2 2 2 2 2 2 2 2 2 2 2 2 2
left_child=3 -2 15 8 7 6 -6 -5 10 -7 11 -1 -10 -12 -9 17 -17 -3
right_child=1 2 -4 4 5 9 -8 14 12 -11 13 -13 -14 -15 -16 16 -18 -19
leaf_value=0.070884805463254444 1.3380345980326336 0.066304881764309695 0.40100835959116621 -0.48517177899678549 0.55705656607945764 -0.068275207638806484 0.069855962196985852 -0.23220084110895792 -0.33299390077590946 0.041219492301796425 -0.035097260068037678 0.37125212496612225 -0.050900796055793757 0.057596656176097251 -0.060931938555505542 0.25111172993977865 0.065740649058268624 -0.10902604162693022
leaf_weight=25.000000000000004 2.9999999999999991 7.0000000000000053 2.9999999999999991 2.9999999999999991 2.9999999999999991 113 3 2.9999999999999991 2.9999999999999991 33 28 3.9999999999999991 3 17 8.9999999999999982 2.9999999999999991 12.999999999999998 4
leaf_count=25 3 7 3 3 3 113 3 3 3 33 28 4 3 17 9 3 13 4
internal_value=0.00635844 0.20767 0.094634 -0.0205375 -0.0429618 -0.029435 0.313456 -0.180034 0.0262733 -0.0435264 0.0439669 0.112315 -0.191947 -7.95584e-05 -0.103749 0.0605924 0.100498 0.00254818
internal_weight=280 33 30 247 167 152 6 15 80 146 74 29 6 45 12 27 16 11
internal_count=280 33 30 247 167 152 6 15 80 146 74 29 6 45 12 27 16 11
is_linear=0
shrinkage=0.05


Tree=76
num_leaves=22
num_cat=0
split_feature=2 4 1 0 16 7 12 12 12 6 18 6 4 16 2 2 0 1 0 15 14
split_gain=584.013 642.888 853.69 170.835 160.193 136.308 107.419 166.462 270.052 72.855 69.7612 64.0703 75.4685 57.6282 53.024 48.8465 49.3492 47.1668 34.8445 19.3538 8.11069
threshold=3137.5400000000004 36890.000000000007 33925.42500000001 27927.695000000003 327.90857142857152 4.5000000000000009 316.50000000000006 389.90000000000003 345.83500000000009 94.500000000000014 28082.900000000005 95.500000000000014 33155.000000000007 337.18000000000001 7331.1750000000002 2859.0650000000005 29342.195000000003 16669.590000000004 27484.720000000005 308.95833333333343 262.5750000000001
decision_type=2 2 2 2 2 2 2 2 2 2 2 2 2 2 2 2 2 2 2 2 2
left_child=1 2 -1 6 15 9 11 8 -8 13 14 17 -13 -5 -7 16 -3 -2 -9 -17 -12
right_child=3 4 -4 5 -6 10 7 18 -10 -11 20 12 -14 -15 -16 19 -18 -19 -20 -21 -22
leaf_value=0.078313787778218596 -0.20152870814005533 0.044878383556550175 1.2711328506469723 0.053105601035924849 0.35488887310028078 -0.34085668722788415 -0.15276288134711125 0.17350698461135228 -0.67551267941792803 0.2487657092511654 -0.022616938501596451 -0.34026069243748946 -0.073627051338553434 -0.025491126708220693 -0.10765373282707656 -0.16386232376098633 0.27365781466166178 0.0024755143222636453 -0.051914464682340615 0.0041383255273103707 0.061625906825065614
leaf_weight=2.9999999999999991 2.9999999999999991 11.000000000000005 3 86 4.9999999999999991 3.0000000000000062 14.000000000000005 2.9999999999999991 2.9999999999999991 3.9999999999999991 9.9999999999999982 3.0000000000000027 23 32 12.999999999999998 2.9999999999999991 2.9999999999999991 51 4 4 3.9999999999999991
leaf_count=3 3 11 3 86 5 3 14 3 3 4 10 3 23 32 13 3 3 51 4 4 4
internal_value=0.00681315 0.2082 0.674723 -0.0183602 0.10054 0.0154256 -0.0677394 -0.160515 -0.245013 0.0389052 -0.0800578 -0.0399067 -0.104392 0.0317912 -0.151379 0.039981 0.0939025 -0.00885805 0.0446947 -0.067862 0.00145245
internal_weight=288 32 6 256 26 152 104 24 17 122 30 80 26 118 16 21 14 54 7 7 14
internal_count=288 32 6 256 26 152 104 24 17 122 30 80 26 118 16 21 14 54 7 7 14
is_linear=0
shrinkage=0.05


Tree=77
num_leaves=20
num_cat=0
split_feature=3 3 0 0 7 17 1 13 4 13 13 13 0 11 14 12 11 17 11
split_gain=266.189 315.787 178.393 177.615 142.808 101.066 108.284 96.411 118.576 92.9989 218.38 160.082 79.5729 50.0818 49.6306 47.1039 42.9825 9.77496 1.69527
threshold=1.2132796024973711 1.2374403834416443 28294.380000000005 28224.215000000004 4.5000000000000009 115.16890141427639 36207.970000000008 288.50000000000006 35397.500000000007 282.51000000000005 285.21500000000009 276.83500000000009 29872.000000000004 305.83500000000009 266.16500000000002 319.66500000000002 280.16500000000002 29.484119605251561 310.50000000000006
decision_type=2 2 2 2 2 2 2 2 2 2 2 2 2 2 2 2 2 2 2
left_child=2 -2 3 9 7 6 18 12 -9 11 -11 -1 -4 -8 17 -16 -5 -6 -3
right_child=1 5 4 16 14 -7 13 8 -10 10 -12 -13 -14 -15 15 -17 -18 -19 -20
leaf_value=-0.047500027092743896 0.64098998705545984 -0.01013517472892999 0.10016895336409411 -0.4561209519704183 -0.12063430423537863 -0.13475060686469079 0.44371479948361703 0.11373828386887908 -0.038878006860613823 -0.50156422356764485 -0.065660758437040986 0.13056992192013081 0.37024639447530117 0.17346313446760175 -0.34799992640813193 -0.067809691031773867 -0.18846925695737199 -0.020506372646643567 0.03958669702212015
leaf_weight=49 3.0000000000000027 4.0000000000000018 30 2.9999999999999991 3.0000000000000062 3.9999999999999991 3 20 35 2.9999999999999991 68 17 2.9999999999999991 4 2.9999999999999991 3 3 12.999999999999998 3
leaf_count=49 3 4 30 3 3 4 3 20 35 3 68 17 3 4 3 3 3 13 3
internal_value=-0.00500035 0.166056 -0.0191987 -0.0560224 0.0286721 0.0869008 0.15023 0.0571573 0.0166188 -0.0443609 -0.0840792 -0.00163353 0.124721 0.289285 -0.0852688 -0.207905 -0.322295 -0.0392804 0.0111742
internal_weight=274 21 253 143 110 18 14 88 55 137 71 66 33 7 22 6 6 16 7
internal_count=274 21 253 143 110 18 14 88 55 137 71 66 33 7 22 6 6 16 7
is_linear=0
shrinkage=0.05


Tree=78
num_leaves=20
num_cat=0
split_feature=3 14 17 6 14 1 7 3 16 1 12 7 14 15 1 5 15 3 12
split_gain=547.875 951.052 2777.61 211.783 137.38 135.254 108.277 106.071 104.806 73.5046 67.3815 98.1149 61.2013 60.7449 58.3642 46.8021 51.7544 48.2131 21.1703
threshold=1.1831993375978549 268.50000000000006 41.427063059387919 89.500000000000014 316.50000000000006 34329.730000000003 3.5000000000000004 1.0489039824538435 287.04714285714289 31377.680000000004 257.44000000000005 1.0000000180025095e-35 533.16500000000008 321.37500000000017 29362.300000000007 22.500000000000004 319.6666666666668 0.71327349194757395 305.16500000000002
decision_type=2 2 2 2 2 2 2 2 2 2 2 2 2 2 2 2 2 2 2
left_child=4 2 -2 -3 6 -5 8 13 18 -10 11 -6 -7 -8 -13 17 -17 -12 -1
right_child=1 3 -4 5 10 12 7 -9 9 -11 15 14 -14 -15 -16 16 -18 -19 -20
leaf_value=-0.065913655076708114 1.8542031288146974 0.4388503809769943 -0.15842813961207863 -0.32097679004073104 -0.25015323400497447 0.079140089591965057 -0.061368198836079017 -0.38692710002263392 -0.02282920166249007 0.088977714397367985 -0.17383161783218384 -0.17110233704249056 -0.16695705254872639 -0.16300037879692883 0.087500886060297489 0.057831043119613929 0.2353616386651993 0.03417841020899897 -0.18185094330045914
leaf_weight=6.9999999999999991 2.9999999999999991 3.0000000000000027 4 3.0000000000000027 4.9999999999999973 16.000000000000004 65 2.9999999999999991 49 21 2.9999999999999991 3.0000000000000009 2.9999999999999991 19 7.9999999999999991 13.000000000000002 5.9999999999999991 39 8.9999999999999982
leaf_count=7 3 3 4 3 5 16 65 3 49 21 3 3 3 19 8 13 6 39 9
internal_value=-0.00580006 0.188996 0.704128 0.0447596 -0.030734 -0.00898 -0.0554617 -0.0947899 -0.0156762 0.0107129 0.024823 -0.0665041 0.0402826 -0.0843564 0.0169727 0.0487776 0.113893 0.0193206 -0.131128
internal_weight=282 32 7 25 250 22 173 87 86 70 77 16 19 84 11 61 19 42 16
internal_count=282 32 7 25 250 22 173 87 86 70 77 16 19 84 11 61 19 42 16
is_linear=0
shrinkage=0.05


Tree=79
num_leaves=13
num_cat=0
split_feature=1 4 2 0 7 1 0 4 13 2 13 2
split_gain=570.307 723.808 466.135 167.062 144.253 533.731 98.968 116.441 65.4197 57.6788 28.8751 48.5067
threshold=34567.805000000008 37657.000000000007 2404.3850000000007 29767.365000000002 5.5000000000000009 33644.595000000008 28057.095000000005 37487.500000000007 282.51000000000005 16299.285000000002 272.66500000000002 3185.0950000000007
decision_type=2 2 2 2 2 2 2 2 2 2 2 2
left_child=2 -2 -1 10 6 9 8 -8 -4 -6 11 -3
right_child=1 3 4 -5 5 -7 7 -9 -10 -11 -12 -13
leaf_value=0.52115735635161398 0.96667644182840873 -0.013337779641151418 -0.0019562600510771916 0.4818525274594625 -0.086717412320219636 -0.75930369695027666 0.036165001083026525 -0.12177782104565547 -0.082429494843485634 0.11968920528888703 0.18095023632049562 0.21589776674906414
leaf_weight=3.9999999999999991 3.0000000000000027 10.000000000000005 46 2.9999999999999991 22.000000000000007 2.9999999999999991 114 12.999999999999998 56 3.9999999999999991 4.9999999999999991 2.9999999999999991
leaf_count=4 3 10 46 3 22 3 114 13 56 4 5 3
internal_value=0.00690911 0.240194 -0.0144605 0.136411 -0.0227646 -0.127825 -0.00946001 0.0199976 -0.0461376 -0.0549625 0.078837 0.0395627
internal_weight=286 24 262 21 258 29 229 127 102 26 18 13
internal_count=286 24 262 21 258 29 229 127 102 26 18 13
is_linear=0
shrinkage=0.05


Tree=80
num_leaves=21
num_cat=0
split_feature=3 14 17 6 14 12 7 0 3 17 12 7 14 14 14 15 15 13 3 11
split_gain=468.273 1005.22 2212.08 111.565 92.7692 102.441 79.1054 107.564 107.091 74.9578 71.2219 62.5196 57.3079 56.922 105.082 53.4538 45.0593 43.9554 35.28 9.51593
threshold=1.1831993375978549 299.50000000000006 41.427063059387919 89.500000000000014 316.50000000000006 280.16500000000002 3.5000000000000004 27552.025000000005 1.0285640755954495 121.59333830283204 303.16500000000002 1.5000000000000002 249.59000000000003 399.07000000000011 361.51500000000004 308.44333333333333 278.72166666666675 263.00000000000006 1.0418800830218891 310.50000000000006
decision_type=2 2 2 2 2 2 2 2 2 2 2 2 2 2 2 2 2 2 2 2
left_child=4 2 -2 -3 6 13 7 11 12 19 -9 -1 -8 14 -6 18 -15 -17 -7 -5
right_child=1 3 -4 9 5 15 8 10 -10 -11 -12 -13 -14 16 -16 17 -18 -19 -20 -21
leaf_value=-0.034307952233523654 1.728009796142576 0.28125106692314122 -0.19209443926811212 0.011462164918581638 -0.033505355295809829 -0.06575128521238055 0.029912304771798001 0.093870386360989266 -0.32715563289821148 -0.23862983485062919 -0.014103404516797691 -0.20321852829721243 -0.081175317744012265 -0.30051106214523327 0.28194649219512941 0.28929756581783267 -0.063184136152267451 0.10398658877238631 0.083915098673767521 0.10051238425076009
leaf_weight=14.000000000000002 3.0000000000000027 4.0000000000000027 3 12.000000000000005 22.000000000000004 6.9999999999999991 13.999999999999998 24 3.9999999999999991 2.9999999999999991 42 8.9999999999999982 68 2.9999999999999982 2.9999999999999991 4.0000000000000027 6 15.999999999999998 8.9999999999999982 3.9999999999999991
leaf_count=14 3 4 3 12 22 7 14 24 4 3 42 9 68 3 3 4 6 16 9 4
internal_value=0.0016131 0.191602 0.767958 0.0412483 -0.0208754 0.0277719 -0.0403343 -0.00728912 -0.0745322 -0.00927863 0.0251598 -0.100403 -0.0622091 -0.0344681 0.00434887 0.0865542 -0.142293 0.141049 0.0184361 0.0337247
internal_weight=274 29 6 23 245 70 175 89 86 19 66 23 82 34 25 36 9 20 16 16
internal_count=274 29 6 23 245 70 175 89 86 19 66 23 82 34 25 36 9 20 16 16
is_linear=0
shrinkage=0.05


Tree=81
num_leaves=18
num_cat=0
split_feature=4 2 16 3 12 0 4 4 4 3 0 15 14 15 15 0 12
split_gain=244.434 254.108 295.885 143.174 297.933 129.039 107.429 91.9572 105.126 83.599 70.5359 48.6781 37.8487 28.9019 27.5423 13.666 11.5657
threshold=35134.500000000007 6657.7900000000009 298.57071428571436 0.74578262097945813 309.83500000000009 30201.515000000003 34732.500000000007 35397.500000000007 35987.500000000007 1.0395607538977247 27078.765000000003 278.72166666666675 261.83500000000009 318.71166666666676 301.83833333333342 29180.670000000002 253.00000000000003
decision_type=2 2 2 2 2 2 2 2 2 2 2 2 2 2 2 2 2
left_child=1 2 -1 4 10 7 13 14 11 -10 -3 -9 -8 -5 16 -16 -2
right_child=5 3 -4 6 -6 -7 12 8 9 -11 -12 -13 -14 -15 15 -17 -18
leaf_value=-0.039243531227111821 0.15041344165802006 -0.25949496865272487 -0.74148448308308901 -0.009441572815800707 -0.62557437817255668 0.30280147790908818 -0.0209290182031691 -0.28548550605773892 -0.030407277156836263 0.049559398503093932 -0.045857655695256072 -0.067940317039998865 -0.14351842315757976 0.070878459158397855 0.29764861663182568 0.14672918816407518 0.020541531592607493
leaf_weight=2.9999999999999991 2.9999999999999982 5.0000000000000062 3 24 2.9999999999999991 3.9999999999999991 10.000000000000002 3.0000000000000027 51 91 17 18 17 21 3 3 4
leaf_count=3 3 5 3 24 3 4 10 3 51 91 17 18 17 21 3 3 4
internal_value=-0.0131651 -0.0745943 -0.390364 -0.0550622 -0.158151 0.0219861 -0.0192674 0.0156039 0.00539725 0.020839 -0.0944116 -0.0990182 -0.0981149 0.0280411 0.14358 0.222189 0.0762009
internal_weight=283 103 6 97 25 180 72 176 163 142 22 21 27 45 13 6 7
internal_count=283 103 6 97 25 180 72 176 163 142 22 21 27 45 13 6 7
is_linear=0
shrinkage=0.05


Tree=82
num_leaves=10
num_cat=0
split_feature=0 3 3 2 2 2 0 12 1
split_gain=312.413 94.8261 271.241 89.7859 55.7283 48.3889 39.9783 51.9233 32.4063
threshold=30201.515000000003 1.193270756777264 1.1757363698743504 2274.1150000000002 3137.5400000000004 16299.285000000002 28781.310000000005 326.00000000000006 36067.810000000005
decision_type=2 2 2 2 2 2 2 2 2
left_child=1 2 4 -3 -1 -6 8 -8 -5
right_child=-2 3 -4 6 5 -7 7 -9 -10
leaf_value=0.19331224461396534 0.49444467226664229 0.33243059515953027 -0.43587572276592257 0.026785424537956706 -0.026265543086976491 0.14904222190380098 0.18695095820086347 -0.06167216499646503 -0.16591177980105085
leaf_weight=2.9999999999999991 2.9999999999999991 3.0000000000000027 3.9999999999999991 8.0000000000000018 247 3.9999999999999991 6.9999999999999982 3 2.9999999999999991
leaf_count=3 3 3 4 8 247 4 7 3 3
internal_value=-0.0131024 -0.0185018 -0.0273449 0.0765617 -0.0209114 -0.0234718 0.040009 0.112364 -0.0257684
internal_weight=285 282 258 24 254 251 21 10 11
internal_count=285 282 258 24 254 251 21 10 11
is_linear=0
shrinkage=0.05


Tree=83
num_leaves=14
num_cat=0
split_feature=2 4 6 13 13 2 18 2 14 16 11 18 2
split_gain=364.975 791.703 136.254 67.5581 264.469 104.933 71.3384 59.8263 53.1154 97.4819 46.687 85.7329 37.4248
threshold=3137.5400000000004 36890.000000000007 89.500000000000014 282.51000000000005 283.90000000000003 13979.495000000001 31897.100000000002 10528.955000000002 533.16500000000008 327.0428571428572 249.00000000000003 24343.620000000006 7117.0700000000006
decision_type=2 2 2 2 2 2 2 2 2 2 2 2 2
left_child=1 -1 -3 5 -5 6 7 -2 9 -4 -6 -12 -8
right_child=3 2 8 4 10 -7 12 -9 -10 -11 11 -13 -14
leaf_value=0.7422414350509644 0.0044865393014231194 0.32937736362218828 -0.001688856196900208 -0.50034310420354211 0.14234463050961496 0.23939545154571534 0.17185318153351539 -0.10253877555951477 -0.18262319564819338 0.30616513490676883 -0.1268947522342205 -0.015337180624068894 0.036286746993261787
leaf_weight=4.9999999999999991 71 4.0000000000000027 18.000000000000007 2.9999999999999991 3.9999999999999991 4.9999999999999991 8.0000000000000018 15.999999999999998 2.9999999999999991 2.9999999999999991 20 124 13.999999999999998
leaf_count=5 71 4 18 3 4 5 8 16 3 3 20 124 14
internal_value=0.00589036 0.162695 0.0592049 -0.0136363 -0.0355719 0.0154188 0.00514462 -0.0151963 0.0141761 0.0422903 -0.0261509 -0.0308313 0.0855836
internal_weight=298 33 28 265 151 114 109 87 24 21 148 144 22
internal_count=298 33 28 265 151 114 109 87 24 21 148 144 22
is_linear=0
shrinkage=0.05


Tree=84
num_leaves=15
num_cat=0
split_feature=3 4 6 13 13 2 7 12 16 3 16 13 15 14
split_gain=431.462 1435.59 108.927 70.7835 240.416 88.6108 78.2629 71.3872 148.749 69.3565 64.6829 42.9595 17.0572 26.6436
threshold=1.1831993375978549 37217.000000000007 89.500000000000014 282.51000000000005 283.90000000000003 13979.495000000001 5.5000000000000009 261.83500000000009 317.01642857142861 1.1285841106189751 285.64214285714291 300.16500000000002 321.37500000000017 322.50000000000006
decision_type=2 2 2 2 2 2 2 2 2 2 2 2 2 2
left_child=3 -2 -3 5 -5 7 9 8 -1 -6 -9 -8 13 -4
right_child=1 2 12 4 6 -7 11 10 -10 -11 -12 -13 -14 -15
leaf_value=0.039023105717367591 1.0721079111099243 0.34416400194168051 0.018700559594129255 -0.47532594501972203 -0.028348564486460465 0.22742568492889403 -0.065577910343805945 -0.15556859288896835 0.41930832068125412 0.082817688025534159 0.0038400871635946849 -0.33315797845522555 -0.086528218289216363 0.17903993241488936
leaf_weight=18.000000000000004 3.9999999999999991 3.0000000000000027 19.000000000000007 2.9999999999999991 114 4.9999999999999991 2.9999999999999991 6.9999999999999991 2.9999999999999991 15.999999999999998 70 3 2.9999999999999991 2.9999999999999991
leaf_count=18 4 3 19 3 114 5 3 7 3 16 70 3 3 3
internal_value=0.0135118 0.186055 0.0594763 -0.0093039 -0.0325816 0.0221097 -0.0228152 0.0116344 0.0933496 -0.0146666 -0.0106516 -0.199368 0.0253138 0.040565
internal_weight=274 32 28 242 139 103 136 98 21 130 77 6 25 22
internal_count=274 32 28 242 139 103 136 98 21 130 77 6 25 22
is_linear=0
shrinkage=0.05


Tree=85
num_leaves=18
num_cat=0
split_feature=3 14 7 0 1 13 14 12 2 0 14 4 3 14 0 2 14
split_gain=321.92 1224.15 1445.81 212.2 107.413 77.9285 120.935 238.982 80.2192 70.5882 69.9524 67.3893 105.04 66.8356 63.2261 56.4725 27.4495
threshold=1.1831993375978549 268.50000000000006 5.5000000000000009 29767.365000000002 34329.730000000003 281.00000000000006 268.50000000000006 326.00000000000006 13979.495000000001 28118.730000000003 262.5750000000001 35692.500000000007 1.1285841106189751 361.51500000000004 28294.380000000005 4044.2700000000004 306.01000000000005
decision_type=2 2 2 2 2 2 2 2 2 2 2 2 2 2 2 2 2
left_child=5 2 -2 4 -3 8 7 10 9 15 -7 14 -13 -11 -8 -1 -6
right_child=1 3 -4 -5 16 6 11 -9 -10 13 -12 12 -14 -15 -16 -17 -18
leaf_value=-0.1432621286975013 0.025225443641344675 -0.33522119373083037 1.5775397459665932 0.39156512816747036 0.10382810384035102 -0.038936654621114342 -0.016257039686808219 -0.53751405278841657 0.2160544013977051 0.02675764849950928 -0.20533824227750302 -0.098875060526188469 0.061477049787839258 0.17659500290950139 0.098913357880982489 -0.0060609498123327899 -0.045953897673350119
leaf_weight=8.9999999999999982 3.0000000000000027 3.0000000000000062 3 2.9999999999999991 4.0000000000000027 30 26 2.9999999999999991 4.9999999999999991 43 7.9999999999999991 32 14.999999999999998 8.9999999999999982 22 45 12.999999999999998
leaf_count=9 3 3 3 3 4 30 26 3 5 43 8 32 15 9 22 45 13
internal_value=0.00775928 0.165353 0.801383 -0.000567672 -0.0593876 -0.0107436 -0.0361161 -0.107887 0.0203433 0.0111116 -0.0739686 -0.00514142 -0.0476989 0.052691 0.0365294 -0.0289278 -0.0107111
internal_weight=276 29 6 23 20 247 136 41 111 106 38 95 47 52 48 54 17
internal_count=276 29 6 23 20 247 136 41 111 106 38 95 47 52 48 54 17
is_linear=0
shrinkage=0.05


Tree=86
num_leaves=16
num_cat=0
split_feature=1 4 7 1 1 14 0 16 14 0 4 1 13 0 12
split_gain=287.038 650.327 105.329 480.549 169.411 196.821 152.791 110.83 86.5875 100.789 65.3012 56.2049 47.5574 47.2717 40.4646
threshold=34567.805000000008 37657.000000000007 5.5000000000000009 33290.040000000008 20264.345000000005 255.19500000000002 27078.765000000003 295.64285714285728 533.16500000000008 29767.365000000002 31965.000000000004 18234.625000000004 272.66500000000002 29801.000000000004 326.00000000000006
decision_type=2 2 2 2 2 2 2 2 2 2 2 2 2 2 2
left_child=2 -2 4 6 5 -1 12 -8 9 14 -6 -7 -4 -12 -3
right_child=1 8 3 -5 10 11 7 -9 -10 -11 13 -13 -14 -15 -16
leaf_value=-0.46159015148878058 0.85137585004170635 0.10978004226291711 -0.11976979970931978 -0.70506464640299482 0.20764735117554667 -0.25573279062906901 0.18800482004880897 -0.055661602610988285 -0.18301218350728354 0.3719868878523509 -0.00047611996065825227 -0.011578711325472052 -0.40130538940429683 0.14195781350135803 -0.061768223643302922
leaf_weight=4.0000000000000027 3.0000000000000027 11.000000000000009 3.0000000000000062 2.9999999999999991 3.9999999999999991 2.9999999999999991 7.0000000000000027 13.999999999999998 2.9999999999999991 2.9999999999999991 200 10.999999999999998 3 5.9999999999999991 4.9999999999999991
leaf_count=4 3 11 3 3 4 3 7 14 3 3 200 11 3 6 5
internal_value=-0.000974098 0.160792 -0.0166491 -0.104722 -0.00506058 -0.152274 -0.0380168 0.0255605 0.0666211 0.106037 0.00755768 -0.0638974 -0.260538 0.00367244 0.0561712
internal_weight=283 25 258 30 228 18 27 21 22 19 210 14 6 206 16
internal_count=283 25 258 30 228 18 27 21 22 19 210 14 6 206 16
is_linear=0
shrinkage=0.05


Tree=87
num_leaves=15
num_cat=0
split_feature=2 17 1 18 2 4 0 1 18 1 5 1 18 13
split_gain=215.537 488.374 212.605 922.75 146.844 377.93 56.2232 85.2879 63.8536 44.2566 35.8446 26.4005 23.5338 8.45509
threshold=2404.3850000000007 51.474999364573662 34567.805000000008 28218.825000000004 3069.0300000000002 36890.000000000007 27031.600000000002 18682.660000000003 18234.625000000004 36285.325000000004 22.500000000000004 32559.720000000005 27764.495000000003 261.83500000000009
decision_type=2 2 2 2 2 2 2 2 2 2 2 2 2 2
left_child=1 -1 4 -4 5 -2 7 -6 -8 13 -3 -7 -12 -5
right_child=2 10 3 9 6 11 8 -9 -10 -11 12 -13 -14 -15
leaf_value=0.76637765566507987 -0.66981140772501635 0.18360498646895096 0.83303200751543049 0.10073507428169254 -0.32480566501617392 -0.12901142916331684 0.12109935690056195 -0.041356021943299667 -0.0024819748952064576 -0.15748454332351683 -0.10236314348876474 0.058607001304626455 0.082893902560075103 -0.010306971520185469
leaf_weight=2.9999999999999991 2.9999999999999991 2.9999999999999982 3.9999999999999991 2.9999999999999982 3.0000000000000027 3 10.999999999999998 23 210 5 4 5 3 4
leaf_count=3 3 3 4 3 3 3 11 23 210 5 4 5 3 4
internal_value=0.00793275 0.20686 -0.00150539 0.175355 -0.0124735 -0.191221 -0.00451307 -0.0740617 0.00366913 -0.0438704 0.0390044 -0.0117499 -0.0229673 0.0372825
internal_weight=287 13 274 16 258 11 247 26 221 12 10 8 7 7
internal_count=287 13 274 16 258 11 247 26 221 12 10 8 7 7
is_linear=0
shrinkage=0.05


Tree=88
num_leaves=15
num_cat=0
split_feature=1 7 16 3 3 1 2 1 11 11 12 1 17 15
split_gain=211.655 375.447 596.793 1650.72 118.337 97.3313 67.2739 62.7789 60.7298 75.3741 41.6827 27.4875 13.461 13.1113
threshold=32559.720000000005 5.5000000000000009 300.66714285714289 1.266954620217835 1.1687815739731457 24850.090000000004 16299.285000000002 21209.785000000003 337.17000000000007 318.50000000000006 273.66500000000002 36285.325000000004 100.32192719246832 337.03000000000003
decision_type=2 2 2 2 2 2 2 2 2 2 2 2 2 2
left_child=4 11 -3 -4 5 6 7 -1 9 -7 -10 12 13 -2
right_child=1 2 3 -5 -6 8 -8 -9 10 -11 -12 -13 -14 -15
leaf_value=-0.13273868151009083 0.036703617354998219 -0.24610721270243327 1.5080566247304277 0.024493770301342005 -0.32826368014017743 0.013723608469823376 0.14503497062250972 -0.036084188970562536 0.2547854224840797 -0.097420328689946073 0.0575447258502245 -0.10038626492023468 -0.04797805324196816 0.13394197821617126
leaf_weight=24 26.000000000000004 2.9999999999999991 3 5 2.9999999999999991 100 3.9999999999999991 56 3.0000000000000027 18 25 3.9999999999999991 3.9999999999999991 3.9999999999999991
leaf_count=24 26 3 3 5 3 100 4 56 3 18 25 4 4 4
internal_value=0.00360141 0.0980596 0.355302 0.58083 -0.0162632 -0.0121936 -0.055075 -0.0650805 0.0124779 -0.00323055 0.0786777 0.0235949 0.0381809 0.0496687
internal_weight=282 49 11 8 233 230 84 80 146 118 28 38 34 30
internal_count=282 49 11 8 233 230 84 80 146 118 28 38 34 30
is_linear=0
shrinkage=0.05


Tree=89
num_leaves=13
num_cat=0
split_feature=1 1 3 2 3 16 16 14 2 17 14 2
split_gain=171.777 635.895 245.621 383.025 340.433 235.606 88.1922 100.364 56.3656 85.6687 41.3037 30.555
threshold=34567.805000000008 34762.390000000007 1.2105657811018575 2859.0650000000005 1.1831993375978549 305.59571428571434 337.18000000000001 337.17000000000007 3345.7100000000005 115.16890141427639 316.50000000000006 3185.0950000000007
decision_type=2 2 2 2 2 2 2 2 2 2 2 2
left_child=2 -2 3 4 -1 -4 7 11 9 -5 -10 -3
right_child=1 6 5 8 -6 -7 -8 -9 10 -11 -12 -13
leaf_value=-0.034158210953076681 0.81085471262534359 -0.035838661260075011 0.62095079620679217 0.026364409923553468 -0.78741014798482245 -0.005688318610191344 -0.14888524413108825 0.27886091947555541 -0.025967634959061715 0.3277955286204815 0.019868415619047092 0.13024686127901078
leaf_weight=2.9999999999999991 3.0000000000000027 9.0000000000000053 2.9999999999999991 10.999999999999998 3 3 4.9999999999999991 4.9999999999999991 165 2.9999999999999991 70 3.9999999999999991
leaf_count=3 3 9 3 11 3 3 5 5 165 3 70 4
internal_value=0.00362888 0.126188 -0.00858005 -0.0160203 -0.410784 0.307631 0.0368834 0.0884858 -0.00650793 0.0909568 -0.0123143 0.0152646
internal_weight=287 26 261 255 6 6 23 18 249 14 235 13
internal_count=287 26 261 255 6 6 23 18 249 14 235 13
is_linear=0
shrinkage=0.05


Tree=90
num_leaves=15
num_cat=0
split_feature=1 14 1 14 14 15 2 15 4 12 13 2 1 1
split_gain=126.961 466.533 185.149 102.979 64.227 131.856 193.911 185.965 38.402 51.9301 23.4713 28.1318 22.0735 8.18113
threshold=34192.045000000006 299.50000000000006 34035.005000000012 496.00000000000006 268.50000000000006 281.66500000000008 3137.5400000000004 285.065 31965.000000000004 311.33500000000009 272.66500000000002 3185.0950000000007 25793.060000000001 36067.810000000005
decision_type=2 2 2 2 2 2 2 2 2 2 2 2 2 2
left_child=2 -2 4 10 5 6 -1 -7 12 -10 11 -3 -6 -12
right_child=1 3 -4 -5 8 7 -8 -9 9 -11 13 -13 -14 -15
leaf_value=-0.47632132768630941 0.53212805569171873 -0.029376992831627504 -0.35487926453351976 -0.27175168097019198 0.031970196962356569 0.2492896984020869 -0.081579575155462547 -0.045300610151141889 0.020424785879731646 -0.034473297585666716 0.066477545474966371 0.12373451143503189 0.22377518415451048 0.18324749320745465
leaf_weight=4.0000000000000027 5.0000000000000027 12.000000000000009 3.9999999999999991 2.9999999999999991 2.9999999999999991 5.9999999999999991 13.999999999999998 50 112 70 2.9999999999999991 3.9999999999999991 3 3
leaf_count=4 5 12 4 3 3 6 14 50 112 70 3 4 3 3
internal_value=-0.00627552 0.0912325 -0.0172727 0.00305337 -0.0121184 -0.0515769 -0.1693 -0.0137374 0.0034132 -0.000689862 0.0405268 0.00890088 0.127873 0.124863
internal_weight=296 30 266 25 262 74 18 56 188 182 22 16 6 6
internal_count=296 30 266 25 262 74 18 56 188 182 22 16 6 6
is_linear=0
shrinkage=0.05


Tree=91
num_leaves=18
num_cat=0
split_feature=0 4 2 3 1 2 2 13 0 1 17 0 0 0 14 2 13
split_gain=196.465 755.834 104.083 446.427 78.6079 63.1153 87.0827 58.3997 38.9755 36.6525 35.2331 104.905 45.6514 52.8575 43.6387 24.5907 3.45135
threshold=29021.345000000005 33317.500000000007 3069.0300000000002 1.2074654098038773 18234.625000000004 13979.495000000001 13748.000000000002 573.16500000000008 27078.765000000003 33925.42500000001 100.32192719246832 29801.000000000004 29921.455000000005 29460.545000000002 385.24500000000006 2292.2850000000003 294.66500000000002
decision_type=2 2 2 2 2 2 2 2 2 2 2 2 2 2 2 2 2
left_child=2 -2 3 -1 8 6 -6 -7 -4 -5 11 14 13 -12 -3 -11 -10
right_child=1 10 4 9 5 7 -8 -9 16 15 12 -13 -14 -15 -16 -17 -18
leaf_value=-0.54348448276519734 0.73846962153911599 0.0044593265700724818 -0.29825114409128822 0.17020220557848614 -0.0098673483660633877 0.30529865423838298 -0.22130428552627565 -0.0066834780077139515 -0.046361659374088066 0.026839098458488787 -0.092051650832096765 0.29480852484703063 -0.18215948492288592 0.11782431701819102 0.17993983738124372 -0.1484845211108525 -0.11204417844613393
leaf_weight=5.0000000000000027 3.9999999999999991 31 2.9999999999999991 2.9999999999999991 187 2.9999999999999991 4.9999999999999991 3 2.9999999999999982 5.9999999999999982 5.9999999999999982 3.9999999999999991 3.9999999999999991 6 3.9999999999999991 3 6
leaf_count=5 4 31 3 3 187 3 5 3 3 6 6 4 4 6 4 3 6
internal_value=-0.00641993 0.0748663 -0.0275472 -0.146543 -0.0179142 -0.0103832 -0.0153735 0.149308 -0.142175 0.018849 0.0266042 0.0522367 -0.0358751 0.0128863 0.0245142 -0.0316021 -0.09015
internal_weight=286 59 227 17 210 198 192 6 12 12 55 39 16 12 35 9 9
internal_count=286 59 227 17 210 198 192 6 12 12 55 39 16 12 35 9 9
is_linear=0
shrinkage=0.05


Tree=92
num_leaves=13
num_cat=0
split_feature=1 3 3 2 3 7 1 1 3 14 0 0
split_gain=155.122 867.738 247.701 283.157 275.771 56.1541 57.824 49.7099 32.2784 36.978 9.98948 7.85843
threshold=34567.805000000008 1.2039040295233432 1.2105657811018575 2859.0650000000005 1.1831993375978549 5.5000000000000009 24973.535000000003 31377.680000000004 1.273502074400062 316.50000000000006 28965.120000000006 28781.310000000005
decision_type=2 2 2 2 2 2 2 2 2 2 2 2
left_child=2 -2 3 4 -1 7 -7 -5 9 11 -11 -3
right_child=1 8 -4 5 -6 6 -8 -9 -10 10 -12 -13
leaf_value=-0.021122161547342935 0.9133363246917714 -0.0040412358939647657 0.43629671633243561 -0.015729882181675613 -0.69907337824503557 -0.054180298544466488 -0.28649264574050903 0.044306235838421554 0.14455898205439252 -0.195767076810201 -0.066735527664422964 0.095069972177346529
leaf_weight=2.9999999999999991 3.0000000000000027 6.0000000000000018 2.9999999999999991 174 3 25.000000000000004 2.9999999999999991 43 2.9999999999999991 2.9999999999999991 3 3
leaf_count=3 3 6 3 174 3 25 3 43 3 3 3 3
internal_value=-0.00454681 0.126054 -0.0153445 -0.0207426 -0.360098 -0.0124319 -0.0790709 -0.00383332 -0.00515935 -0.035103 -0.131251 0.0289958
internal_weight=275 21 254 251 6 245 28 217 18 15 6 9
internal_count=275 21 254 251 6 245 28 217 18 15 6 9
is_linear=0
shrinkage=0.05


Tree=93
num_leaves=13
num_cat=0
split_feature=1 1 3 3 3 13 13 13 2 18 2 0
split_gain=113.532 550.885 197.568 244.283 263.033 58.701 46.4807 191.778 96.5567 33.1126 31.2544 8.55675
threshold=34567.805000000008 34762.390000000007 1.2161727873615413 1.1831993375978549 1.2039040295233432 432.17000000000007 282.51000000000005 283.90000000000003 13979.495000000001 27959.010000000006 3185.0950000000007 29342.195000000003
decision_type=2 2 2 2 2 2 2 2 2 2 2 2
left_child=2 -2 3 6 -5 9 8 -8 -1 11 -11 -3
right_child=1 5 -4 4 -6 -7 7 -9 -10 10 -12 -13
leaf_value=0.004162611627914742 0.73413237432638723 0.081766980638106473 0.39033405383427944 -0.66411970456441249 -0.0020106461714021855 -0.19367675992349787 -0.42448339226345227 -0.02042335218770041 0.22920686721801761 -0.052210043205155265 0.11576543413102627 0.20118742783864332
leaf_weight=102 3.0000000000000027 3.0000000000000062 2.9999999999999991 2.9999999999999991 3 2.9999999999999991 2.9999999999999991 139 4.9999999999999991 8.9999999999999982 3.9999999999999991 3
leaf_count=102 3 3 3 3 3 3 3 139 5 9 4 3
internal_value=-0.00320022 0.0985361 -0.0130584 -0.0178042 -0.333065 0.0118638 -0.0102075 -0.0289598 0.0146787 0.0443176 -0.000525281 0.141477
internal_weight=283 25 258 255 6 22 249 142 107 19 13 6
internal_count=283 25 258 255 6 22 249 142 107 19 13 6
is_linear=0
shrinkage=0.05


Tree=94
num_leaves=20
num_cat=0
split_feature=18 11 2 7 12 18 12 12 16 16 16 13 0 0 17 16 12 17 0
split_gain=124.93 678.759 1234.44 86.4874 171.468 77.2677 95.6411 144.587 60.1714 54.7104 54.2426 50.6919 66.162 39.0438 27.4524 21.8628 15.9026 14.5263 4.28857
threshold=23141.435000000001 266.50000000000006 5100.3100000000004 5.5000000000000009 298.83500000000009 23894.200000000001 385.33500000000009 394.83500000000009 298.04857142857151 283.3578571428572 333.81000000000006 310.50000000000006 28359.710000000003 28158.670000000002 27.560904997739389 306.19928571428574 430.50000000000006 26.484285734124104 28914.935000000001
decision_type=2 2 2 2 2 2 2 2 2 2 2 2 2 2 2 2 2 2 2
left_child=1 3 -3 13 -5 11 9 -8 -6 14 -11 -2 -13 17 -7 -15 -9 -1 -4
right_child=5 2 18 4 8 6 7 16 -10 10 -12 12 -14 15 -16 -17 -18 -19 -20
leaf_value=-0.11903904875119527 -0.012446221709251408 1.2949602603912358 0.010492734114329017 -0.34404335737228398 0.20005599310000741 -0.14534100724591151 -0.43541173934936472 0.0078872902939716976 -0.062520572077482947 0.020920813464493093 -0.049718050094264929 -0.076202995578447952 -0.40827227433522534 0.045860822905193666 0.029309068620204926 0.15889597918306078 -0.097200535403357616 0.0050846909426830039 0.095036311944325741
leaf_weight=2.9999999999999991 3.9999999999999982 2.9999999999999982 3 4.9999999999999991 2.9999999999999991 8.9999999999999982 3.0000000000000027 5.9999999999999991 7.9999999999999991 154 33 3 3 11.000000000000002 2.9999999999999991 6.9999999999999991 8.9999999999999982 10.999999999999998 3
leaf_count=3 4 3 3 5 3 9 3 6 8 154 33 3 3 11 3 7 9 11 3
internal_value=0.00218609 0.0683651 0.46683 -0.00634704 -0.101263 -0.0144315 -0.00816935 -0.11854 0.00909122 0.00181391 0.00845513 -0.150321 -0.242238 0.0411111 -0.101678 0.0898189 -0.0551654 -0.0215133 0.0527645
internal_weight=284 57 9 48 16 227 217 18 11 199 187 10 6 32 12 18 15 14 6
internal_count=284 57 9 48 16 227 217 18 11 199 187 10 6 32 12 18 15 14 6
is_linear=0
shrinkage=0.05


Tree=95
num_leaves=17
num_cat=0
split_feature=0 18 13 2 0 7 12 11 13 2 13 0 14 18 4 18
split_gain=145.255 368.623 383.709 123.045 148.989 123.173 89.4814 74.2323 64.3851 171.646 156.553 71.6601 57.5519 54.3837 43.3183 23.795
threshold=28852.115000000005 23496.630000000005 314.16500000000002 3137.5400000000004 28224.215000000004 5.5000000000000009 260.16500000000002 266.50000000000006 282.51000000000005 13979.495000000001 283.90000000000003 28118.730000000003 403.66500000000002 23693.435000000001 33317.500000000007 30205.190000000006
decision_type=2 2 2 2 2 2 2 2 2 2 2 2 2 2 2 2
left_child=3 2 -2 4 7 -6 15 -1 9 11 -10 -5 -12 -8 -15 -3
right_child=1 6 -4 8 5 -7 13 -9 10 -11 12 -13 -14 14 -16 -17
leaf_value=-0.16571109741926199 0.11069087892770767 0.065418232480684901 0.82596180637677485 -0.030862550368826642 -0.087080638265858074 -0.51090511381626125 -0.20885637402534485 0.13890396207571029 -0.39530905385812126 0.33806072473526005 -0.021254945652825492 0.060855000093579296 -0.21474428772926332 0.16821214109659197 -0.0025407279268480267 0.24353794962167738
leaf_weight=3.9999999999999982 5 3 3 57 3 4 2.9999999999999991 4 2.9999999999999991 3.9999999999999991 98 34 3.9999999999999991 3.9999999999999991 52 5
leaf_count=4 5 3 3 57 3 4 3 4 3 4 98 34 4 4 52 5
internal_value=-0.00178754 0.0581259 0.378917 -0.0226876 -0.160806 -0.329266 0.0198225 -0.0134036 -0.0123287 0.0174963 -0.0393132 0.00340555 -0.0288428 -0.00145489 0.00965591 0.176743
internal_weight=290 75 8 215 15 7 67 8 200 95 105 91 102 59 56 8
internal_count=290 75 8 215 15 7 67 8 200 95 105 91 102 59 56 8
is_linear=0
shrinkage=0.05


Tree=96
num_leaves=16
num_cat=0
split_feature=0 18 11 12 13 13 3 3 1 2 0 18 2 12 2
split_gain=68.2676 357.741 366.999 86.5183 56.921 199.212 57.7341 53.8891 188.07 184.616 50.2676 45.0856 38.571 26.0816 8.23579
threshold=28965.120000000006 23496.630000000005 259.8250000000001 260.16500000000002 310.50000000000006 312.17000000000007 0.69835236638919096 1.2039040295233432 34329.730000000003 3137.5400000000004 28770.045000000002 23693.435000000001 15807.925000000001 334.33500000000009 3137.5400000000004
decision_type=2 2 2 2 2 2 2 2 2 2 2 2 2 2 2
left_child=4 2 -2 -3 7 -6 -7 9 -9 -1 -8 -5 -11 -13 -10
right_child=1 3 -4 11 5 6 10 8 14 12 -12 13 -14 -15 -16
leaf_value=-0.38866976896921795 0.074682357534766194 0.2075777799636126 0.80626072883605948 -0.19841355085372925 -0.4458534081776937 -0.24187406301498415 -0.028002083006332508 0.39102309569716454 -0.06380764961242677 0.0038629779302411615 0.18238034447034202 0.028678678426771395 0.1851273501912753 -0.048385552010115462 0.032448562653735274
leaf_weight=2.9999999999999991 3.9999999999999991 4.9999999999999991 3 2.9999999999999991 2.9999999999999991 2.9999999999999991 53 3.9999999999999991 4.9999999999999982 135 2.9999999999999991 31 2.9999999999999991 17 4
leaf_count=3 4 5 3 3 3 3 53 4 5 135 3 31 3 17 4
internal_value=0.00542013 0.0512166 0.388216 0.00909166 -0.00793717 -0.0483895 -0.0281795 0.00834885 0.105758 -0.000632094 -0.0167316 -0.0103678 0.00780351 0.0013851 -0.0210271
internal_weight=279 63 7 56 216 62 59 154 13 141 56 51 138 48 9
internal_count=279 63 7 56 216 62 59 154 13 141 56 51 138 48 9
is_linear=0
shrinkage=0.05


Tree=97
num_leaves=13
num_cat=0
split_feature=1 1 3 2 3 3 16 18 13 13 2 13
split_gain=100.53 499.012 149.934 89.4215 125.487 219.309 89.3148 74.2715 46.5918 149.421 80.1795 24.9577
threshold=34567.805000000008 35167.31500000001 1.2161727873615413 3069.0300000000002 1.2074654098038773 1.1831993375978549 337.18000000000001 27959.010000000006 282.51000000000005 283.90000000000003 13979.495000000001 261.83500000000009
decision_type=2 2 2 2 2 2 2 2 2 2 2 2
left_child=2 -2 3 4 5 -1 7 -3 10 -10 -5 -9
right_child=1 6 -4 8 -6 -7 -8 11 9 -11 -12 -13
leaf_value=-0.060098624527454396 0.69820684989293336 0.22320732206106153 0.34030318458875025 0.0071578333943093922 0.080112821608781803 -0.60084969202677396 -0.20216035246849062 0.10426595062017441 -0.37573673327763879 -0.019377879641135996 0.21242623805999755 -0.043510815501213079
leaf_weight=4.9999999999999982 3.0000000000000027 5.0000000000000062 2.9999999999999991 98 4 3 3.9999999999999991 3.9999999999999991 2.9999999999999991 151 4.9999999999999991 9.9999999999999982
leaf_count=5 3 5 3 98 4 3 4 4 3 151 5 10
internal_value=-0.00223953 0.0916912 -0.0112182 -0.0151385 -0.148549 -0.26288 0.0125805 0.0577891 -0.00890923 -0.0263199 0.0171223 -0.00128888
internal_weight=298 26 272 269 12 8 23 19 257 154 103 14
internal_count=298 26 272 269 12 8 23 19 257 154 103 14
is_linear=0
shrinkage=0.05


Tree=98
num_leaves=20
num_cat=0
split_feature=0 0 13 13 13 7 6 4 13 13 13 14 11 18 1 17 16 15 1
split_gain=59.7476 143.165 81.9407 617.71 141.603 169.832 88.5181 71.7784 41.0804 158.461 113.173 211.61 87.5349 63.6661 42.0391 31.2736 38.4183 24.7643 19.7062
threshold=27824.730000000007 27852.985000000004 323.17000000000007 331.17000000000007 300.16500000000002 5.5000000000000009 94.500000000000014 34732.500000000007 282.51000000000005 286.16500000000002 276.83500000000009 260.16500000000002 283.90000000000003 22877.885000000006 22243.890000000003 33.197543461327932 317.01642857142861 274.05666666666679 22243.890000000003
decision_type=2 2 2 2 2 2 2 2 2 2 2 2 2 2 2 2 2 2 2
left_child=8 -2 4 -4 6 -6 -3 -5 10 -10 15 -12 13 -11 -13 17 -17 -1 -14
right_child=1 2 3 7 5 -7 -8 -9 9 12 11 14 18 -15 -16 16 -18 -19 -20
leaf_value=-0.15744204670190806 0.27124323606491091 0.0077112059301251302 0.65244682580232627 -0.23606913685798647 -0.065284837769078355 -0.4546890834967296 0.28370124499003091 0.019064502124948538 -0.42539255420366928 -0.14536079466342913 0.49109338124593099 -0.14928987262149648 -0.18040482486997322 0.079143772547443703 0.087463451027870176 0.10494006176789597 -0.048016589650740994 -0.048509749074776974 -0.082930795028805737
leaf_weight=8.0000000000000018 4.9999999999999991 92 3.9999999999999991 2.9999999999999991 42 2.9999999999999991 2.9999999999999991 34 2.9999999999999991 4.0000000000000027 2.9999999999999991 3 7.0000000000000027 14.999999999999998 5 6.0000000000000027 12.999999999999998 14.999999999999998 20
leaf_count=8 5 92 4 3 42 3 3 34 3 4 3 3 7 15 5 6 13 15 20
internal_value=-0.00955018 0.00731448 2.3631e-05 0.0621896 -0.0181821 -0.0912451 0.0164267 -0.00162201 -0.0403034 -0.0733044 -0.00979302 0.132975 -0.0503421 0.0318797 -0.00131905 -0.0471847 0.000285511 -0.0863992 -0.108202
internal_weight=288 186 181 41 140 45 95 37 102 49 53 11 46 19 8 42 19 23 27
internal_count=288 186 181 41 140 45 95 37 102 49 53 11 46 19 8 42 19 23 27
is_linear=0
shrinkage=0.05


Tree=99
num_leaves=18
num_cat=0
split_feature=2 14 14 17 3 14 17 11 11 1 2 14 11 14 14 15 17
split_gain=78.4118 216.199 795.893 70.4763 58.2663 146.796 51.292 44.9033 54.272 46.9288 30.7424 47.5175 30.5018 35.5738 23.7986 22.2358 30.7061
threshold=3345.7100000000005 268.50000000000006 261.14500000000004 61.417495363668387 1.1498342325018724 299.50000000000006 121.59333830283204 331.17000000000007 320.50000000000006 24008.805000000004 16299.285000000002 268.50000000000006 398.50000000000006 312.17000000000007 361.51500000000004 386.70333333333338 81.305592345213569
decision_type=2 2 2 2 2 2 2 2 2 2 2 2 2 2 2 2 2
left_child=1 2 3 -1 -3 -6 -7 8 10 12 11 -2 -9 -14 -10 16 -11
right_child=7 4 -4 -5 5 6 -8 9 14 15 -12 -13 13 -15 -16 -17 -18
leaf_value=-0.1203518953197636 -0.058567589083862198 0.2157668227950732 0.94956775506337454 0.18619082371393836 -0.34845081965128583 0.040010035455483817 -0.15098522901535036 0.097807890176773077 -0.21605851173400878 0.067395035433582967 0.12094425779359881 -0.0014999127954754055 -0.14445359036326411 0.025557277314364909 -0.037925219535827628 0.16632308363914491 -0.033366160765290261
leaf_weight=4.9999999999999982 53 2.9999999999999991 3 3 2.9999999999999991 29 3.9999999999999991 2.9999999999999991 5 31 3.9999999999999991 117 7.9999999999999982 5 3 3.9999999999999991 9.9999999999999982
leaf_count=5 53 3 3 3 3 29 4 3 5 31 4 117 8 5 3 4 10
internal_value=0.00225396 0.0592763 0.255047 -0.00539838 0.00405893 -0.0135834 0.0168591 -0.00947903 -0.0219223 0.0276469 -0.0160678 -0.0192916 -0.0459012 -0.0790648 -0.149259 0.0537973 0.0428191
internal_weight=293 50 11 8 39 36 33 243 182 61 174 170 16 13 8 45 41
internal_count=293 50 11 8 39 36 33 243 182 61 174 170 16 13 8 45 41
is_linear=0
shrinkage=0.05


Tree=100
num_leaves=20
num_cat=0
split_feature=0 18 15 0 1 18 18 13 1 12 17 17 15 17 13 17 18 14 14
split_gain=96.6862 197.23 317.3 97.9469 119.25 64.9453 141.402 115.699 209.886 61.3702 53.2796 77.7469 42.3584 40.4301 39.9575 37.5629 40.9682 20.6764 6.74552
threshold=28852.115000000005 23496.630000000005 292.75833333333338 28806.110000000004 29890.585000000003 25936.675000000007 26271.675000000007 306.50000000000006 32951.505000000012 292.33000000000004 32.032423962408267 32.672342427257377 282.61000000000007 27.944139832917294 302.00000000000006 46.42082580934926 27819.955000000005 320.50000000000006 331.83500000000009
decision_type=2 2 2 2 2 2 2 2 2 2 2 2 2 2 2 2 2 2 2
left_child=3 2 17 5 -5 7 -7 12 -9 15 13 -12 -1 -11 -8 18 -17 -2 -3
right_child=1 9 -4 4 -6 6 14 8 -10 10 11 -13 -14 -15 -16 16 -18 -19 -20
leaf_value=-0.052368168739808929 -0.025800239170591044 0.045797664920488944 0.69679965774218222 0.014331185817718507 -0.43148264884948723 -0.28593866825103759 0.0098777773127641903 0.067932287781011486 0.51502417723337812 0.0054903340008523732 -0.29156460364659592 -0.020936019329921063 0.037046564628298466 0.18281946629285814 -0.04719091771791379 0.027557624280452733 0.20606306559509702 0.15983538627624508 -0.060233145952224711
leaf_weight=27 2.9999999999999982 3.0000000000000027 3 2.9999999999999991 3 4.9999999999999991 71 21.000000000000004 2.9999999999999991 8.9999999999999982 3.0000000000000027 23 26 4.9999999999999991 54 4.9999999999999991 8.9999999999999982 3 3
leaf_count=27 3 3 3 3 3 5 71 21 3 9 3 23 26 5 54 5 9 3 3
internal_value=0.00723981 0.0586789 0.276945 -0.00942354 -0.208576 -0.00365101 -0.0252052 0.0327392 0.123819 0.025939 -0.0098178 -0.0521624 -0.00850434 0.0688222 -0.0147759 0.0974525 0.142311 0.0670176 -0.00721774
internal_weight=282 69 9 213 6 207 130 77 24 60 40 26 53 14 125 20 14 6 6
internal_count=282 69 9 213 6 207 130 77 24 60 40 26 53 14 125 20 14 6 6
is_linear=0
shrinkage=0.05


Tree=101
num_leaves=15
num_cat=0
split_feature=2 4 1 2 1 0 0 0 16 16 2 1 13 1
split_gain=60.0621 215.584 397.113 50.2385 49.1813 85.1911 190.003 117.191 44.73 184.072 47.5196 32.6454 49.3722 29.5461
threshold=3345.7100000000005 36220.000000000007 33925.42500000001 16299.285000000002 21209.785000000003 27423.740000000002 27753.910000000003 26718.260000000006 337.18000000000001 327.90857142857152 3286.0750000000003 33878.240000000013 338.83000000000004 34192.045000000006
decision_type=2 2 2 2 2 2 2 2 2 2 2 2 2 2
left_child=1 2 -1 4 5 7 -7 -2 9 10 -3 12 -6 -13
right_child=3 8 -4 -5 11 6 -8 -9 -10 -11 -12 13 -14 -15
leaf_value=-0.074895739555358887 -0.11709126234054557 -0.01883064019493759 0.73864927291870108 0.19398054853081703 -0.0080579720769125458 -0.51957363684972124 -0.06010188100238642 0.1396573692560196 -0.17371058066685996 0.4035409688949585 0.18829156557718915 -0.22808554967244468 0.072933297604322433 -0.020508876442909236
leaf_weight=2.9999999999999991 10.000000000000005 36 3 2.9999999999999991 181 2.9999999999999991 8.9999999999999982 7.9999999999999991 2.9999999999999991 2.9999999999999991 2.9999999999999991 2.9999999999999991 21 4
leaf_count=3 10 36 3 3 181 3 9 8 3 3 3 3 21 4
internal_value=0.00103477 0.0503475 0.331877 -0.00935759 -0.0119099 -0.0717764 -0.17497 -0.00298076 0.0128103 0.0261332 -0.00289816 -0.00331668 0.000361912 -0.10947
internal_weight=293 51 6 242 239 30 12 18 45 42 39 209 202 7
internal_count=293 51 6 242 239 30 12 18 45 42 39 209 202 7
is_linear=0
shrinkage=0.05


Tree=102
num_leaves=17
num_cat=0
split_feature=0 0 18 12 12 6 4 11 12 14 3 15 4 18 0 16
split_gain=41.0355 252.326 96.3714 59.4978 70.4341 61.1805 90.5417 74.6448 44.8423 45.9929 36.2395 31.7311 40.7099 33.659 23.1702 19.2034
threshold=27598.790000000005 27575.925000000003 18234.625000000004 255.19500000000002 247.50000000000003 93.500000000000014 34732.500000000007 286.16500000000002 261.83500000000009 340.50000000000006 0.99999975062236146 278.14833333333337 34905.000000000007 26510.265000000003 28359.710000000003 325.92928571428575
decision_type=2 2 2 2 2 2 2 2 2 2 2 2 2 2 2 2
left_child=1 8 10 4 -4 7 -7 -5 9 15 -2 12 -10 -13 -6 -1
right_child=2 -3 3 5 14 6 -8 -9 11 -11 -12 13 -14 -15 -16 -17
leaf_value=0.063404329972607754 0.31837192773818973 -0.49403837405455608 0.035906184911727909 -0.064436279524816203 -0.1374049174785614 0.32154463641345504 0.034273076360113917 0.010262343388899128 -0.27551760673522951 0.22433399756749473 0.072609590490659057 0.020584219745138573 -0.06772649017247287 -0.064524384917548069 -0.31317048072814935 -0.058496432658284893
leaf_weight=6.9999999999999982 2.9999999999999991 2.9999999999999991 4.9999999999999991 50 5 2.9999999999999991 32 101 2.9999999999999991 2.9999999999999991 3 21 10.999999999999998 26 3 6
leaf_count=7 3 3 5 50 5 3 32 101 3 3 3 21 11 26 3 6
internal_value=-0.0137936 -0.0441646 -0.00194149 -0.00789422 -0.111308 -0.000666371 0.0588964 -0.0144723 -0.0266371 0.0478659 0.195491 -0.0461788 -0.112253 -0.0264971 -0.203317 0.00714244
internal_weight=285 80 205 199 13 186 35 151 77 16 6 61 14 47 8 13
internal_count=285 80 205 199 13 186 35 151 77 16 6 61 14 47 8 13
is_linear=0
shrinkage=0.05


Tree=103
num_leaves=16
num_cat=0
split_feature=0 18 11 12 3 2 4 11 5 11 2 3 13 4 18
split_gain=93.6346 245.818 267.194 73.3583 47.6569 228.365 131.841 38.4243 40.8359 36.2776 35.9054 60.1188 35.4563 29.0516 15.5979
threshold=28965.120000000006 23496.630000000005 259.8250000000001 263.00000000000006 1.2105657811018575 2859.0650000000005 37657.000000000007 304.30000000000001 22.500000000000004 345.83500000000009 16299.285000000002 0.74578262097945813 317.50000000000006 33317.500000000007 31897.100000000002
decision_type=2 2 2 2 2 2 2 2 2 2 2 2 2 2 2
left_child=4 2 -2 14 5 -1 -6 -8 -9 13 11 -7 -11 -5 -3
right_child=1 3 -4 9 6 10 7 8 -10 12 -12 -13 -14 -15 -16
leaf_value=-0.35685992494225505 0.064114984660409394 0.23341554589569569 0.68834095398584982 -0.17175832291444143 0.31505217961966991 -0.099568803273141382 -0.14377749562263492 -0.054100243747234336 0.18993318478266394 0.23106034199396769 0.15690751224756241 -0.0081400447786691473 0.0036684766411781305 -0.010290155177697158 0.082594756285349513
leaf_weight=4.9999999999999991 3.9999999999999991 3.9999999999999991 3 2.9999999999999991 3.9999999999999991 20 3.9999999999999982 4 3 2.9999999999999991 2.9999999999999991 178 4 39 3
leaf_count=5 4 4 3 3 4 20 4 4 3 3 3 178 4 39 3
internal_value=-0.00148307 0.0522888 0.33164 0.0173698 -0.0168117 -0.0230771 0.0692332 -0.0201556 0.0504855 -0.00425992 -0.014774 -0.0173753 0.101122 -0.0218236 0.168778
internal_weight=284 63 7 56 221 206 15 11 7 49 201 198 7 42 7
internal_count=284 63 7 56 221 206 15 11 7 49 201 198 7 42 7
is_linear=0
shrinkage=0.05


Tree=104
num_leaves=12
num_cat=0
split_feature=1 1 2 2 4 16 12 16 1 2 16
split_gain=54.0144 336.996 205.967 101.639 137.943 58.2742 43.3586 38.9416 33.699 16.6121 11.8696
threshold=34567.805000000008 34762.390000000007 2404.3850000000007 3137.5400000000004 36890.000000000007 337.18000000000001 243.92500000000004 327.0428571428572 16669.590000000004 3185.0950000000007 309.84285714285721
decision_type=2 2 2 2 2 2 2 2 2 2 2
left_child=2 -2 -1 4 -4 7 -5 9 -8 -3 -6
right_child=1 5 3 6 10 -7 8 -9 -10 -11 -12
leaf_value=0.40550223986307787 0.56745841304461098 -0.0073909694594996266 -0.44903690814971925 0.14119225740432739 -0.11237281328067182 -0.14604603022336959 -0.12457783197363217 0.21088110506534577 -0.0045724256337285997 0.12226206908623378 0.0094343481585383391
leaf_weight=2.9999999999999991 3.0000000000000027 14.000000000000009 2.9999999999999991 4.9999999999999991 4 4.9999999999999991 5.9999999999999991 2.9999999999999991 234 2.9999999999999991 4
leaf_count=3 3 14 3 5 4 5 6 3 234 3 4
internal_value=0.000746655 0.0667179 -0.00638537 -0.0112122 -0.159897 0.00662903 -0.00453654 0.0447978 -0.00757256 0.015489 -0.0514692
internal_weight=287 28 259 256 11 25 245 20 240 17 8
internal_count=287 28 259 256 11 25 245 20 240 17 8
is_linear=0
shrinkage=0.05


Tree=105
num_leaves=16
num_cat=0
split_feature=1 3 17 3 3 3 3 13 7 6 13 17 0 1 1
split_gain=66.5038 455.371 76.347 74.4213 247.225 38.3765 61.7791 33.402 44.7303 48.3741 43.219 44.7171 26.5261 19.3055 3.91758
threshold=34567.805000000008 1.2074654098038773 121.59333830283204 1.1831993375978549 1.2039040295233432 1.2587684748604402 1.2649773123195582 300.16500000000002 5.5000000000000009 95.500000000000014 250.18000000000004 136.90452392178557 27484.720000000005 33774.56500000001 36285.325000000004
decision_type=2 2 2 2 2 2 2 2 2 2 2 2 2 2 2
left_child=3 -2 5 7 -5 14 -7 10 9 -9 12 -12 -1 -6 -3
right_child=1 2 -4 4 13 6 -8 8 -10 -11 11 -13 -14 -15 -16
leaf_value=0.048501668928656733 0.65664615103353985 -0.014595367262760783 -0.23443639278411865 -0.52095047632853198 0.11156323452790576 0.29423231283823659 0.023037558155400411 -0.0050198637790256941 -0.21258052786191306 -0.11590041760031122 0.031075840400971052 -0.098844496692929953 -0.10017601152261098 -0.048875608444213861 -0.084573771556218438
leaf_weight=3.9999999999999991 3.0000000000000027 6.0000000000000053 2.9999999999999991 2.9999999999999991 3 2.9999999999999982 7 93 2.9999999999999991 10.999999999999998 123 6.9999999999999991 11.999999999999998 5 3
leaf_count=4 3 6 3 3 3 3 7 93 3 11 123 7 12 5 3
internal_value=0.000828975 0.0787718 -2.92205e-05 -0.00655198 -0.133867 0.0369824 0.104396 -0.00101653 -0.0222383 -0.0167476 0.0145364 0.0240801 -0.0630066 0.011289 -0.0379215
internal_weight=289 25 22 264 11 19 10 253 107 104 146 130 16 8 9
internal_count=289 25 22 264 11 19 10 253 107 104 146 130 16 8 9
is_linear=0
shrinkage=0.05


Tree=106
num_leaves=13
num_cat=0
split_feature=13 13 2 3 2 3 17 14 13 2 6 3
split_gain=62.9449 490.876 72.5378 123.998 114.461 66.9135 66.6462 56.1315 43.6694 38.9356 34.9727 30.9099
threshold=323.17000000000007 326.00000000000006 2404.3850000000007 1.2105657811018575 2859.0650000000005 0.71327349194757395 125.71377453998755 317.50000000000006 283.90000000000003 13979.495000000001 93.500000000000014 0.86191705322068868
decision_type=2 2 2 2 2 2 2 2 2 2 2 2
left_child=2 -2 3 -1 -4 -3 7 -7 9 -6 -10 -8
right_child=1 5 4 -5 8 6 11 -9 10 -11 -12 -13
leaf_value=-0.069604653616746268 0.66782031456629443 -0.18624600023031235 -0.25499307274818422 0.38499692678451525 0.0023577616630314755 0.0077603850513696671 -0.029442156404256816 0.12922031164169312 -0.060145580125672206 0.18480076392491659 0.0071801770145871815 -0.23245243628819778
leaf_weight=2.9999999999999991 2.9999999999999991 3.9999999999999991 4.9999999999999991 3 116 26 5 14.999999999999998 62 2.9999999999999991 28 3
leaf_count=3 3 4 5 3 116 26 5 15 62 3 28 3
internal_value=-0.00172059 0.0456068 -0.0137676 0.157696 -0.018575 0.0103872 0.0264389 0.0521969 -0.012919 0.00695717 -0.0391998 -0.105571
internal_weight=276 56 220 6 214 53 49 41 209 119 90 8
internal_count=276 56 220 6 214 53 49 41 209 119 90 8
is_linear=0
shrinkage=0.05


Tree=107
num_leaves=16
num_cat=0
split_feature=0 18 0 0 2 14 14 3 12 4 11 18 12 16 17
split_gain=46.1421 175.871 220.649 74.4151 99.9778 55.3664 59.5512 52.5032 49.8002 49.8382 33.3968 31.704 28.9206 8.28933 7.59892
threshold=28852.115000000005 23496.630000000005 29292.095000000005 28806.110000000004 7073.3000000000011 399.07000000000011 318.50000000000006 1.2161727873615413 260.16500000000002 33155.000000000007 304.30000000000001 36143.100000000006 280.16500000000002 317.01642857142861 116.95735177302345
decision_type=2 2 2 2 2 2 2 2 2 2 2 2 2 2 2
left_child=3 2 -2 5 -5 6 7 -1 13 -10 -7 -11 -8 -3 -12
right_child=1 8 -4 4 -6 10 12 -9 9 11 14 -13 -14 -15 -16
leaf_value=-0.02151105889143088 0.59138640115658425 0.068609446287155151 0.0489854747056961 -0.39232439200083413 0.015878667434056595 -0.21089507102966309 0.021762429746902651 0.10268883572684394 0.14232383072376251 -0.034754652472642748 -0.08391480207443236 0.086630067477623626 0.12197154313325882 0.17855765447020527 0.01674248377482096
leaf_weight=156 3 2.9999999999999991 5 2.9999999999999991 3 4.9999999999999991 18.000000000000004 8.9999999999999982 4.9999999999999991 52 5 5.9999999999999991 11.999999999999998 4 3
leaf_count=156 3 3 5 3 3 5 18 9 5 52 5 6 12 4 3
internal_value=-0.00262329 0.0302988 0.252386 -0.0146229 -0.188223 -0.00961522 -0.00295458 -0.0147365 0.00491738 -0.00914036 -0.109525 -0.0221976 0.0618461 0.131437 -0.0461683
internal_weight=292 78 8 214 6 208 195 165 70 63 13 58 30 7 8
internal_count=292 78 8 214 6 208 195 165 70 63 13 58 30 7 8
is_linear=0
shrinkage=0.05


Tree=108
num_leaves=15
num_cat=0
split_feature=14 14 6 13 11 2 11 17 7 17 17 14 17 2
split_gain=41.2517 57.4024 37.487 51.0439 464.081 53.4294 45.6204 33.6452 22.3098 17.9707 36.6855 14.3211 7.78486 3.30991
threshold=399.07000000000011 361.51500000000004 95.500000000000014 323.17000000000007 269.91500000000002 2404.3850000000007 310.50000000000006 75.665075776286102 5.5000000000000009 356.84157541578344 123.75580384751238 398.13500000000005 116.95735177302345 4655.5900000000011
decision_type=2 2 2 2 2 2 2 2 2 2 2 2 2 2
left_child=1 2 3 5 -5 -1 8 -2 -4 10 12 13 -9 -3
right_child=7 11 6 4 -6 -7 -8 9 -10 -11 -12 -13 -14 -15
leaf_value=0.11625814835230511 0.068256348744034717 0.21211254795392362 -0.051862262140797526 0.65799610217412319 0.013217809740453959 -0.0087507312942077132 0.091289985775947574 -0.097111870348453436 -0.16839504957199097 0.021008196473121646 -0.24348149895668031 0.041179793079694105 -0.011681732721626759 0.13783932725588477
leaf_weight=8.9999999999999982 4.0000000000000027 2.9999999999999982 23.000000000000004 2.9999999999999991 40 170 4.9999999999999991 8.0000000000000053 4.9999999999999991 2.9999999999999991 3.9999999999999991 3 3.9999999999999991 3
leaf_count=9 4 3 23 3 40 170 5 8 5 3 4 3 4 3
internal_value=0.000679232 0.00627438 0.00189428 0.00928558 0.0582023 -0.00246537 -0.047829 -0.0635434 -0.0726717 -0.0912907 -0.112347 0.130377 -0.0686352 0.174976
internal_weight=287 264 255 222 43 179 33 23 28 19 16 9 12 6
internal_count=287 264 255 222 43 179 33 23 28 19 16 9 12 6
is_linear=0
shrinkage=0.05


Tree=109
num_leaves=15
num_cat=0
split_feature=17 1 11 3 3 3 13 7 0 1 16 1 7 3
split_gain=47.1227 62.734 233.422 95.2503 118.467 142.408 57.0731 28.0963 25.989 15.3394 13.3107 13.5749 9.51524 3.41804
threshold=123.75580384751238 34567.805000000008 285.21500000000009 1.2105657811018575 1.1831993375978549 1.2039040295233432 282.51000000000005 5.5000000000000009 29534.960000000003 36143.100000000006 354.55285714285719 28218.825000000004 1.0000000180025095e-35 0.82991790396711052
decision_type=2 2 2 2 2 2 2 2 2 2 2 2 2 2
left_child=1 3 -3 4 6 -6 -1 10 9 -4 11 -2 -12 -14
right_child=7 2 8 -5 5 -7 -8 -9 -10 -11 12 -13 13 -15
leaf_value=0.022852190703720087 -0.040235469769686394 0.4264380697160956 -0.038688615560531617 0.20856043279170988 -0.47488907178243001 0.012293436378240583 -0.027745628133700552 -0.17895207643508912 -0.1332522948582967 0.072950480878353124 0.049187526106834412 -0.1809364815553029 -0.087453862031300844 -0.019945416003465652
leaf_weight=97 4.0000000000000062 4.0000000000000027 4.9999999999999991 4.9999999999999991 2.9999999999999991 3 131 4.9999999999999991 2.9999999999999991 7.9999999999999991 3.9999999999999991 3 3 5
leaf_count=97 4 4 5 5 3 3 131 5 3 8 4 3 3 5
internal_value=-0.00646888 -0.000258082 0.0848078 -0.00737657 -0.0119906 -0.231298 -0.00621936 -0.0734938 -0.000599757 0.0300124 -0.0457416 -0.100536 -0.0137782 -0.0452611
internal_weight=283 259 20 239 234 6 228 24 16 13 19 7 12 8
internal_count=283 259 20 239 234 6 228 24 16 13 19 7 12 8
is_linear=0
shrinkage=0.05


Tree=110
num_leaves=24
num_cat=0
split_feature=14 12 1 18 11 12 15 12 1 17 6 6 14 1 13 3 16 13 17 11 15 15 11
split_gain=36.2318 64.6913 210.888 70.7573 195.979 117.126 51.1965 59.0433 49.74 43.2708 42.1447 53.0689 63.9966 42.1198 41.1543 50.0617 45.1748 33.892 30.5372 20.74 20.0478 15.9808 16.852
threshold=316.50000000000006 270.16500000000002 31785.325000000004 26367.045000000002 291.50000000000006 275.35000000000008 316.50666666666683 243.92500000000004 24441.330000000005 31.336186711146507 92.500000000000014 89.500000000000014 347.11500000000007 31324.075000000004 302.00000000000006 1.1151306524926441 289.30500000000006 334.33500000000009 133.16407172406829 304.30000000000001 313.43166666666679 372.92500000000013 378.17000000000007
decision_type=2 2 2 2 2 2 2 2 2 2 2 2 2 2 2 2 2 2 2 2 2 2 2
left_child=1 2 8 4 5 -3 7 -2 20 17 11 12 -8 -10 16 -16 -5 -9 -11 -13 -1 22 -12
right_child=6 3 -4 14 -6 -7 10 9 13 18 21 19 -14 -15 15 -17 -18 -19 -20 -21 -22 -23 -24
leaf_value=0.0052597089981039373 0.17172908484935762 -0.25018344351223537 0.43925185004870104 -0.03485979090134303 -0.4720619082450867 -0.032570527754021139 0.0043285019695758747 -0.0047814948173860701 0.12523060008883471 -0.10473731732682177 0.28491862614949554 -0.093973126368863263 0.30982533693313591 -0.034684167270149502 -0.06875816551792259 0.052733455191959037 0.068183917731333241 0.17347037394841514 0.047262078151106834 0.032710917294025414 -0.11273227499590979 0.080089876055717463 0.11732796331246692
leaf_weight=5.9999999999999991 3.9999999999999991 6.9999999999999991 2.9999999999999991 18 2.9999999999999991 53 4.0000000000000062 24.000000000000004 10.000000000000002 19.000000000000004 2.9999999999999982 6.9999999999999982 3 6.9999999999999991 37 10.999999999999998 26 2.9999999999999991 3.9999999999999991 6 8.9999999999999982 5 3
leaf_count=6 4 7 3 18 3 53 4 24 10 19 3 7 3 7 37 11 26 3 4 6 9 5 3
internal_value=-0.0108513 -0.0229902 0.0384069 -0.0368541 -0.0776779 -0.0579587 0.0162829 -0.0131183 0.000827644 -0.0279061 0.0674978 0.0242622 0.135256 0.0593833 -0.00889868 -0.0409163 0.0260297 0.0150243 -0.0783026 -0.0355036 -0.0655355 0.146108 0.201123
internal_weight=275 190 35 155 63 60 85 54 32 50 31 20 7 17 92 48 44 27 23 13 15 11 6
internal_count=275 190 35 155 63 60 85 54 32 50 31 20 7 17 92 48 44 27 23 13 15 11 6
is_linear=0
shrinkage=0.05


Tree=111
num_leaves=16
num_cat=0
split_feature=2 0 7 12 11 2 4 1 4 15 14 15 11 1 1
split_gain=38.3996 143.409 43.6912 84.3709 46.4518 57.2255 39.7673 37.1857 55.6457 51.91 43.2083 38.9965 34.1909 25.0888 0.230138
threshold=2404.3850000000007 28102.450000000004 5.5000000000000009 275.35000000000008 302.00000000000006 16299.285000000002 37332.500000000007 29362.300000000007 35397.500000000007 322.59000000000009 301.77000000000004 354.83166666666671 261.50000000000006 36285.325000000004 30205.190000000006
decision_type=2 2 2 2 2 2 2 2 2 2 2 2 2 2 2
left_child=1 -1 7 6 5 -5 -4 8 9 -2 -10 12 -9 -3 -13
right_child=2 13 3 4 -6 -7 -8 11 10 -11 -12 14 -14 -15 -16
leaf_value=0.37987136443456015 0.032800641320324668 -0.09408279895782469 -0.35643283128738362 -0.081525080319907905 0.1625037377079328 0.15434758539001148 -0.11561341658234595 -0.069001035934144805 -0.04388435353328915 -0.039694378304100317 -0.17906633445194789 0.13536896705627441 0.025393646125992139 0.088815448681513448 0.1549537320931752
leaf_weight=2.9999999999999991 58 5 3.0000000000000027 18.000000000000007 2.9999999999999991 2.9999999999999991 4 10.999999999999998 38 43 6.9999999999999991 2.9999999999999991 75 3 3
leaf_count=3 58 5 3 18 3 3 4 11 38 43 7 3 75 3 3
internal_value=-0.00650719 0.0850588 -0.0102515 -0.0660855 -0.0215374 -0.047829 -0.218822 -0.00297904 -0.0186677 0.00193643 -0.0649127 0.0219183 0.0133199 -0.025496 0.145161
internal_weight=280 11 269 31 24 21 7 238 146 101 45 92 86 8 6
internal_count=280 11 269 31 24 21 7 238 146 101 45 92 86 8 6
is_linear=0
shrinkage=0.05


Tree=112
num_leaves=20
num_cat=0
split_feature=0 18 12 11 2 3 4 3 3 15 2 12 2 18 2 13 11 18 12
split_gain=53.1299 253.407 53.9906 36.5992 32.084 148.806 112.4 55.2312 28.0758 35.1589 33.3805 115.138 45.3327 23.2277 20.4923 18.4279 17.48 10.8446 6.26141
threshold=28965.120000000006 23496.630000000005 260.16500000000002 345.83500000000009 3185.0950000000007 1.2074654098038773 37657.000000000007 1.1831993375978549 1.1285841106189751 296.33333333333343 13979.495000000001 314.16500000000002 12827.870000000001 23693.435000000001 7117.0700000000006 275.35000000000008 302.81500000000005 31897.100000000002 308.50000000000006
decision_type=2 2 2 2 2 2 2 2 2 2 2 2 2 2 2 2 2 2 2
left_child=4 -2 17 13 5 7 -7 -1 10 15 12 -12 -6 -4 -5 -10 -8 -3 -11
right_child=1 2 3 14 8 6 16 -9 9 18 11 -13 -14 -15 -16 -17 -18 -19 -20
leaf_value=-0.12968475321928646 0.38128629148006443 0.19663250520825387 -0.15428442756334942 0.1767623543739319 -0.010014905528627712 0.2071603687107563 -0.14779627501964573 -0.43308553695678703 -0.045852713584899868 0.062606930732727079 -0.046238251030445099 0.25301353812217714 -0.09235662759869899 -0.010785500891506672 0.0038908332586288438 0.046049985506882274 -0.021213138103485105 0.070874538024266548 0.1510758916536967
leaf_weight=3.0000000000000027 4.9999999999999991 3.9999999999999991 2.9999999999999991 3.9999999999999991 139 4.9999999999999991 4.9999999999999982 3 10.000000000000005 2.9999999999999982 8.9999999999999982 4.9999999999999991 19 47 3 11.999999999999998 6 3 6
leaf_count=3 5 4 3 4 139 5 5 3 10 3 9 5 19 47 3 12 6 3 6
internal_value=8.90831e-05 0.0384715 0.0116891 -0.00440438 -0.0116815 -0.069035 0.0105964 -0.281385 -0.00546589 0.0383338 -0.01336 0.0606374 -0.0199168 -0.0193954 0.102675 0.00427603 -0.0787509 0.142736 0.121586
internal_weight=294 69 64 57 225 22 16 6 203 31 172 14 158 50 7 22 11 7 9
internal_count=294 69 64 57 225 22 16 6 203 31 172 14 158 50 7 22 11 7 9
is_linear=0
shrinkage=0.05


Tree=113
num_leaves=16
num_cat=0
split_feature=0 0 2 3 14 17 4 13 11 16 16 12 0 16 3
split_gain=52.6355 349.777 50.6208 74.1633 34.7817 87.6748 33.5252 34.6676 25.8714 26.6482 117.754 47.9893 23.0686 21.4244 16.8468
threshold=29021.345000000005 29062.290000000005 2859.0650000000005 1.2074654098038773 385.24500000000006 86.092579108208014 33317.500000000007 338.83000000000004 621.31000000000006 314.14071428571435 315.27285714285722 345.83500000000009 29767.365000000002 294.21428571428578 1.266954620217835
decision_type=2 2 2 2 2 2 2 2 2 2 2 2 2 2 2
left_child=2 -2 3 -1 6 -6 -3 -8 9 11 -11 -4 -7 -5 -15
right_child=1 4 8 13 5 12 7 -9 -10 10 -12 -13 -14 14 -16
leaf_value=-0.32201358477274578 0.56797467370827992 -0.16567975034316382 -0.0028063876014060647 0.071647700667381284 0.28005782067775731 0.075893097122510259 -0.012234332070157335 0.10910695855106628 0.14116753339767457 -0.3387142062187195 -0.018312189130542372 0.1059248192066496 -0.12018753786881763 -0.1310123852764567 0.014102903008460994
leaf_weight=2.9999999999999991 2.9999999999999991 2.9999999999999991 131 2.9999999999999991 3.9999999999999982 3 37 6.9999999999999991 2.9999999999999991 2.9999999999999991 65 10.999999999999998 3 5.9999999999999982 3
leaf_count=3 3 3 131 3 4 3 37 7 3 3 65 11 3 6 3
internal_value=8.69855e-05 0.0417552 -0.0108783 -0.0996576 0.0140594 0.0987348 -0.00395661 0.00706996 -0.00462627 -0.00670904 -0.0324476 0.00561645 -0.0221472 -0.0440685 -0.0826406
internal_weight=288 60 228 15 57 10 47 44 213 210 68 142 6 12 9
internal_count=288 60 228 15 57 10 47 44 213 210 68 142 6 12 9
is_linear=0
shrinkage=0.05


Tree=114
num_leaves=16
num_cat=0
split_feature=16 1 3 3 3 3 12 15 3 3 0 0 17 12 17
split_gain=51.4415 80.3587 272.019 62.4825 64.4772 126.574 41.5566 40.251 38.5241 43.9231 38.2283 20.4841 11.6692 9.02273 2.95991
threshold=337.18000000000001 34567.805000000008 1.2132796024973711 1.2161727873615413 1.1831993375978549 1.2039040295233432 255.19500000000002 285.065 1.2587684748604402 1.2649773123195582 29921.455000000005 29460.545000000002 91.431021161008729 303.16500000000002 24.33552696815266
decision_type=2 2 2 2 2 2 2 2 2 2 2 2 2 2 2
left_child=1 3 -3 4 7 -6 -2 -1 14 -10 11 12 -8 -13 -4
right_child=6 2 8 -5 5 -7 10 -9 9 -11 -12 13 -14 -15 -16
leaf_value=0.042184280450097644 -0.18066839694976808 0.54716379543145433 -0.03148293755948544 0.22912018497784936 -0.39533058802286786 0.034305088594555853 -0.1119807243347168 -0.0094328510736965618 0.25296640396118175 0.018650611241658527 -0.17658884227275851 0.11026310026645658 -0.021064851755897205 0.0040632437914609907 -0.097183243433634423
leaf_weight=52 4.9999999999999991 3.0000000000000027 3.9999999999999991 2.9999999999999991 2.9999999999999991 4 3.9999999999999991 138 2.9999999999999982 6 3.9999999999999991 4 30 4 3
leaf_count=52 5 3 4 3 3 4 4 138 3 6 4 4 30 4 3
internal_value=0.00145552 0.0119874 0.110253 0.00265219 -0.00079656 -0.149824 -0.0437698 0.00469394 0.0283326 0.0967559 -0.0288895 -0.0148229 -0.0317608 0.0571632 -0.0596402
internal_weight=270 219 19 200 197 7 51 190 16 9 46 42 34 8 7
internal_count=270 219 19 200 197 7 51 190 16 9 46 42 34 8 7
is_linear=0
shrinkage=0.05


Tree=115
num_leaves=7
num_cat=0
split_feature=1 1 1 2 2 0
split_gain=36.6885 41.2035 35.0715 38.5315 107.196 54.0457
threshold=16669.590000000004 17208.630000000005 18234.625000000004 13923.590000000002 13748.000000000002 27111.600000000002
decision_type=2 2 2 2 2 2
left_child=-1 -2 -3 4 -4 -5
right_child=1 2 3 5 -6 -7
leaf_value=-0.15836072564125062 0.17844715121900664 -0.13908327817916871 -0.0055450979511563981 0.2332886159420014 -0.30608242750167847 -0.013290817737579345
leaf_weight=3.9999999999999991 2.9999999999999991 4.9999999999999991 270 3.9999999999999982 2.9999999999999991 5
leaf_count=4 3 5 270 4 3 5
internal_value=-0.00796681 -0.00589241 -0.0078193 -0.00549193 -0.00884771 0.0963
internal_weight=294 290 287 282 273 9
internal_count=294 290 287 282 273 9
is_linear=0
shrinkage=0.05


Tree=116
num_leaves=18
num_cat=0
split_feature=0 0 4 2 15 15 15 0 16 13 1 2 18 2 17 7 0
split_gain=30.4658 56.9684 76.7026 49.9169 61.5622 143.585 86.6677 47.7082 39.5952 75.1599 242.154 58.9763 40.7063 43.8653 21.6418 6.69234 14.2544
threshold=27824.730000000007 27852.985000000004 36489.500000000007 4044.2700000000004 321.37500000000017 326.16666666666674 316.50666666666683 27213.890000000003 337.18000000000001 323.17000000000007 34567.805000000008 3069.0300000000002 21868.685000000005 3620.9800000000005 111.33688528712851 1.0000000180025095e-35 27743.195000000003
decision_type=2 2 2 2 2 2 2 2 2 2 2 2 2 2 2 2 2
left_child=3 2 -2 15 6 -6 7 -5 9 11 -11 -3 -10 -14 -7 -1 -17
right_child=1 8 -4 4 5 14 -8 -9 12 10 -12 -13 13 -15 -16 16 -18
leaf_value=-0.082069945335388209 0.33896454423666 -0.10247922786153281 0.0045128144323825833 -0.055901194244091006 -0.41159471472104348 -0.085931700468063366 0.23330948054790498 0.030112499616255884 0.11312884064391256 0.010416477011694084 0.37059078117211663 0.010418058207169886 -0.23804272015889488 -0.039250631801582669 0.031289500636713846 -0.24263059298197423 -0.088496522108713768
leaf_weight=3.9999999999999982 2.9999999999999991 12.999999999999998 4 28 3.0000000000000027 8.9999999999999982 3.9999999999999991 38 3.9999999999999991 21.000000000000004 5.9999999999999991 105 2.9999999999999991 37 6.9999999999999991 3 3
leaf_count=4 3 13 4 28 3 9 4 38 4 21 6 105 3 37 7 3 3
internal_value=-0.00363901 0.00778069 0.147849 -0.0262477 -0.0143468 -0.0941654 0.00731828 -0.00637816 0.00259297 0.0151997 0.0904552 -0.00201978 -0.038952 -0.05416 -0.0346474 -0.132166 -0.165564
internal_weight=295 196 7 99 89 19 70 66 189 145 27 118 44 40 16 10 6
internal_count=295 196 7 99 89 19 70 66 189 145 27 118 44 40 16 10 6
is_linear=0
shrinkage=0.05


Tree=117
num_leaves=20
num_cat=0
split_feature=4 2 12 3 16 12 12 2 12 2 2 6 14 14 13 2 13 11 4
split_gain=53.1509 709.459 74.8501 82.7219 63.518 47.8106 43.777 76.397 38.6012 34.1289 45.4213 32.3296 36.7911 32.3036 30.9188 27.7434 19.4425 16.2767 9.46678
threshold=33317.500000000007 3345.7100000000005 306.50000000000006 0.92381621865917996 296.37642857142868 259.8250000000001 303.16500000000002 13435.825000000003 285.21500000000009 6657.7900000000009 6906.170000000001 89.500000000000014 385.24500000000006 268.50000000000006 338.83000000000004 3069.0300000000002 323.17000000000007 286.50000000000006 38215.000000000007
decision_type=2 2 2 2 2 2 2 2 2 2 2 2 2 2 2 2 2 2 2
left_child=1 -1 5 4 -4 -3 8 9 11 13 -11 12 -2 -8 -7 -13 18 -18 -10
right_child=6 2 3 -5 -6 14 7 -9 16 10 -12 15 -14 -15 -16 -17 17 -19 -20
leaf_value=0.79854965209960938 0.023276400353227346 0.13843289613723739 0.19206970155239078 0.31719738642374673 -0.012096202722750604 -0.036863651685416693 -0.11267969191074373 -0.27755602995554607 0.029812246247341745 -0.16949079292161126 -0.031166769590419835 -0.068460463220253592 0.23255825837453201 0.021436802805824717 -0.16172072482960564 0.0038974569433114746 0.072488158941268921 0.22655589580535881 0.12538740436236065
leaf_weight=2.9999999999999991 6.9999999999999982 3.0000000000000027 5.0000000000000062 2.9999999999999991 15.999999999999998 17.000000000000004 4.9999999999999991 2.9999999999999991 19.000000000000007 6.9999999999999991 39 15.999999999999998 3 44 6.9999999999999991 77 3.9999999999999991 3 2.9999999999999991
leaf_count=3 7 3 5 3 16 17 5 3 19 7 39 16 3 44 7 77 4 3 3
internal_value=0.00666689 0.0513078 0.00735241 0.0716001 0.0365147 -0.0497566 -0.00381402 -0.0291305 0.0149815 -0.0212855 -0.0522161 0.000634431 0.086061 0.00775145 -0.0732803 -0.00855122 0.0659385 0.138517 0.0428452
internal_weight=284 54 51 24 21 27 230 98 132 95 46 103 10 49 24 93 29 7 22
internal_count=284 54 51 24 21 27 230 98 132 95 46 103 10 49 24 93 29 7 22
is_linear=0
shrinkage=0.05


Tree=118
num_leaves=19
num_cat=0
split_feature=12 14 14 4 1 4 18 3 15 17 0 11 1 17 2 11 17 11
split_gain=34.2016 116.671 45.6404 40.6993 138.954 51.8303 33.2487 47.5297 26.0273 34.5016 19.9136 18.6877 18.6449 16.771 16.3143 10.704 5.86584 1.94675
threshold=317.50000000000006 255.19500000000002 399.07000000000011 35397.500000000007 33925.42500000001 35134.500000000007 27819.955000000005 1.0334613948726397 268.58833333333342 112.30068386618116 29240.435000000001 300.16500000000002 34762.390000000007 123.75580384751238 5527.3700000000017 317.50000000000006 116.95735177302345 250.18000000000004
decision_type=2 2 2 2 2 2 2 2 2 2 2 2 2 2 2 2 2 2
left_child=2 -2 3 4 5 -1 11 15 17 -10 13 14 -9 16 -3 -8 -4 -5
right_child=1 6 10 8 -6 -7 7 12 9 -11 -12 -13 -14 -15 -16 -17 -18 -19
leaf_value=0.00614546778877931 -0.33875984350840249 0.10958915290733179 -0.085292924940586046 -0.064335010498762155 0.3301430344581604 0.11696617494408901 -0.08625671353477693 0.094059261083602921 -0.0041769561819262335 0.1033349258825183 0.025700659751892091 0.11218138784170151 -0.042487191557884212 -0.19509506821632386 -0.012352469610050321 -0.17234082102775575 -0.013650662818690762 -0.11113343983888624
leaf_weight=56 2.9999999999999991 2.9999999999999991 10.000000000000005 4.9999999999999982 3.9999999999999991 12.999999999999998 13.000000000000005 4.9999999999999982 111 7.9999999999999991 4.9999999999999991 3.9999999999999991 5 2.9999999999999991 32 4.9999999999999991 3.9999999999999991 4
leaf_count=56 3 3 10 5 4 13 13 5 111 8 5 4 5 3 32 5 4 4
internal_value=-0.00321315 -0.0337035 0.00635782 0.0138413 0.043634 0.0270247 -0.0200443 -0.0616136 -0.00314978 0.00305073 -0.0620143 0.00980036 0.025786 -0.0878128 -0.00190033 -0.110169 -0.0648237 -0.0851343
internal_weight=293 70 223 201 73 69 67 28 128 119 22 39 10 17 35 18 14 9
internal_count=293 70 223 201 73 69 67 28 128 119 22 39 10 17 35 18 14 9
is_linear=0
shrinkage=0.05


Tree=119
num_leaves=9
num_cat=0
split_feature=12 1 2 11 2 16 6 1
split_gain=63.2428 48.5729 63.1178 73.6727 67.9474 39.1109 17.3546 0.795641
threshold=243.92500000000004 18234.625000000004 13955.565000000001 319.66500000000002 13748.000000000002 337.18000000000001 94.500000000000014 17208.630000000005
decision_type=2 2 2 2 2 2 2 2
left_child=-1 6 4 -4 5 -3 7 -2
right_child=1 2 3 -5 -6 -7 -8 -9
leaf_value=0.19495008289813998 -0.048947799429297459 0.0071887987359826062 0.33461577097574868 0.0068364378064870827 -0.20932502299547195 -0.045666059417029226 -0.18871536701917646 -0.081518568595250418
leaf_weight=3.9999999999999991 4.9999999999999982 210 2.9999999999999991 4 3.9999999999999991 42 4 3
leaf_count=4 5 210 3 4 4 42 4 3
internal_value=-0.00243294 -0.00530396 -0.000815338 0.147313 -0.00486573 -0.00162034 -0.10368 -0.0611618
internal_weight=279 275 263 7 256 252 12 8
internal_count=279 275 263 7 256 252 12 8
is_linear=0
shrinkage=0.05


Tree=120
num_leaves=13
num_cat=0
split_feature=12 12 18 16 4 12 3 0 1 4 1 17
split_gain=36.8965 40.0344 60.4197 44.3746 30.8635 30.6285 39.8463 15.9623 14.7882 8.59694 6.30469 3.62617
threshold=243.92500000000004 257.44000000000005 23141.435000000001 285.64214285714291 37487.500000000007 259.30000000000001 0.74578262097945813 28224.215000000004 27200.805000000004 35987.500000000007 30452.140000000003 29.484119605251561
decision_type=2 2 2 2 2 2 2 2 2 2 2 2
left_child=-1 2 11 4 9 -5 -7 10 -6 -3 -4 -2
right_child=1 3 7 5 8 6 -8 -9 -10 -11 -12 -13
leaf_value=0.13620611786842349 0.035929497579733488 -0.180439993739128 -0.11144811542970789 0.17000070412953694 0.049489519124229761 -0.049162147889057033 0.016455980354831333 -0.18433380842208863 -0.061521629989147175 -0.088551907879965641 -0.041600928703943885 0.11367020408312477
leaf_weight=4.9999999999999991 3.0000000000000027 4.0000000000000018 7.0000000000000018 2.9999999999999991 5.9999999999999982 26 210 4.9999999999999991 6 7 6 3
leaf_count=5 3 4 7 3 6 26 210 5 6 7 6 3
internal_value=0.00155376 -0.000800301 -0.0626088 0.00486155 -0.0614703 0.0112449 0.00922686 -0.108412 -0.00601606 -0.121966 -0.079211 0.0747999
internal_weight=291 286 24 262 23 239 236 18 12 11 13 6
internal_count=291 286 24 262 23 239 236 18 12 11 13 6
is_linear=0
shrinkage=0.05


Tree=121
num_leaves=16
num_cat=0
split_feature=0 4 1 0 12 12 14 11 2 16 1 18 3 4 0
split_gain=43.3968 234.124 320.555 60.1524 36.4859 32.4277 105.141 47.0768 100.349 56.7248 40.4324 30.3202 18.444 18.1509 15.4477
threshold=28852.115000000005 33317.500000000007 26817.120000000006 28806.110000000004 260.16500000000002 316.50000000000006 255.19500000000002 261.83500000000009 2771.5550000000003 298.04857142857151 29842.980000000003 30205.190000000006 0.96354787030448763 36489.500000000007 29496.290000000005
decision_type=2 2 2 2 2 2 2 2 2 2 2 2 2 2 2
left_child=3 2 -2 5 11 7 -7 9 -9 -1 -8 -3 14 -14 -6
right_child=1 4 -4 -5 12 6 10 8 -10 -11 -12 -13 13 -15 -16
leaf_value=-0.0059086234106317803 0.021099588274955752 0.021484772264957434 0.70482227802276598 -0.17685843586921693 -0.093753582487503692 -0.32375902334849038 -0.032722581954052053 0.2693462982773781 0.014934415248036384 -0.16047980934381487 0.1336413487792015 0.20617440938949583 0.058222899791352194 -0.011102262601770205 0.01585882991552353
leaf_weight=23.000000000000004 3.9999999999999991 4.9999999999999982 3 4.9999999999999991 8.9999999999999982 2.9999999999999991 42 3.9999999999999991 125 7.9999999999999991 3.9999999999999991 4 13.999999999999998 29 4.9999999999999991
leaf_count=23 4 5 3 5 9 3 42 4 125 8 4 4 14 29 5
internal_value=0.00588415 0.0391733 0.314124 -0.0054715 0.0100119 -0.00137134 -0.0369604 0.00952781 0.0228232 -0.045798 -0.0182562 0.103569 -0.00476023 0.0114687 -0.0546063
internal_weight=287 73 7 214 66 209 49 160 129 31 46 9 57 43 14
internal_count=287 73 7 214 66 209 49 160 129 31 46 9 57 43 14
is_linear=0
shrinkage=0.05


Tree=122
num_leaves=15
num_cat=0
split_feature=0 0 2 1 2 2 4 2 12 6 2 7 6 12
split_gain=38.5242 62.2262 61.0655 112.986 54.1786 211.728 93.6126 41.5893 273.38 40.0508 38.11 40.5314 33.1245 13.9273
threshold=27824.730000000007 27852.985000000004 13979.495000000001 16669.590000000004 3069.0300000000002 3137.5400000000004 36890.000000000007 13748.000000000002 259.8250000000001 92.500000000000014 4044.2700000000004 1.5000000000000002 90.500000000000014 270.96000000000009
decision_type=2 2 2 2 2 2 2 2 2 2 2 2 2 2
left_child=2 -2 7 -4 6 -6 -3 10 -9 -7 13 -12 -8 -1
right_child=1 4 3 -5 5 9 12 8 -10 -11 11 -13 -14 -15
leaf_value=-0.20968761245409648 0.18393897369503975 -0.32913326025009115 -0.13834449450174965 0.2497902170941233 0.33512870192527777 -0.0095877809359902338 0.057575923204421967 0.17044646739959718 -0.50455971558888746 0.045937791343947709 0.037112092957629454 -0.042601211074865065 -0.081558892757377849 -0.083361007645726209
leaf_weight=2.9999999999999991 4.9999999999999991 3.0000000000000027 3 5 4.9999999999999991 124 7.0000000000000027 2.9999999999999991 3 44 23 52 10.999999999999998 7.9999999999999991
leaf_count=3 5 3 3 5 5 124 7 3 3 44 23 52 11 8
internal_value=-0.00294267 0.0097799 -0.0282606 0.10424 0.00529126 0.0144972 -0.0705484 -0.0397823 -0.167057 0.00495463 -0.0309027 -0.0181558 -0.0274509 -0.117814
internal_weight=299 199 100 8 194 173 21 92 6 168 86 75 18 11
internal_count=299 199 100 8 194 173 21 92 6 168 86 75 18 11
is_linear=0
shrinkage=0.05


Tree=123
num_leaves=16
num_cat=0
split_feature=4 3 14 3 3 0 0 15 6 0 18 18 12 14 0
split_gain=45.186 154.712 124.454 58.8958 35.3769 22.0832 42.9257 25.9275 23.9357 24.8482 23.6371 30.876 15.8844 13.495 1.57955
threshold=34230.000000000007 1.1831993375978549 251.22000000000006 0.98874179128455708 0.70665523057576651 27927.695000000003 28627.980000000003 329.85666666666674 94.500000000000014 28546.485000000004 36499.475000000006 25571.950000000004 243.92500000000004 337.17000000000007 27676.500000000004
decision_type=2 2 2 2 2 2 2 2 2 2 2 2 2 2 2
left_child=1 2 -1 4 -4 7 8 12 9 -7 11 -8 -2 -14 -9
right_child=5 -3 3 -5 -6 6 10 14 -10 -11 -12 -13 13 -15 -16
leaf_value=0.33611969947814946 0.077891024947166446 0.30894465923309328 -0.03426768220961094 -0.20957694749037425 0.044000305474868849 0.019777018329168256 0.023053294092416764 -0.10162984927495321 0.14459340095520021 0.14959171889349818 0.12062592506408693 -0.044778381419532443 -0.018677342342146273 -0.11373962014913559 -0.15293850302696224
leaf_weight=2.9999999999999991 3.9999999999999991 4.9999999999999991 22 2.9999999999999991 42 47 25 2.9999999999999991 4.9999999999999991 3.9999999999999991 2.9999999999999991 51 56 3.9999999999999991 3
leaf_count=3 4 5 22 3 42 47 25 3 5 4 3 51 56 4 3
internal_value=0.00703861 0.0402463 0.0210536 0.00694616 0.0170957 -0.00511056 0.00670642 -0.0279004 0.0401938 0.0299586 -0.0170315 -0.0224653 -0.0185832 -0.0250148 -0.127284
internal_weight=280 75 70 67 64 205 135 70 56 51 79 76 64 60 6
internal_count=280 75 70 67 64 205 135 70 56 51 79 76 64 60 6
is_linear=0
shrinkage=0.05


Tree=124
num_leaves=15
num_cat=0
split_feature=13 2 13 3 7 13 11 14 18 12 12 13 13 0
split_gain=22.9425 119.891 110.368 70.901 112.443 136.347 110.489 27.5783 24.4305 32.2625 30.2816 22.6819 22.0623 11.029
threshold=282.51000000000005 13979.495000000001 285.21500000000009 1.2161727873615413 5.5000000000000009 308.50000000000006 303.16500000000002 399.07000000000011 32077.865000000002 243.92500000000004 498.00000000000006 263.00000000000006 266.50000000000006 28781.310000000005
decision_type=2 2 2 2 2 2 2 2 2 2 2 2 2 2
left_child=1 8 -2 4 7 -6 -5 -4 9 -1 -11 13 -13 -10
right_child=2 -3 3 6 5 -7 -8 -9 11 10 -12 12 -14 -15
leaf_value=0.12941277772188187 -0.27646256200969221 0.28058186471462249 -0.00052822683013241313 0.37440397143363946 -0.05936459366764342 -0.46225168704986558 -0.009417310357093811 -0.086696272939443597 0.055389396176906275 -0.023748827259987594 0.084395160419600351 -0.076542819738388015 0.042937801460571155 0.17280405759811399
leaf_weight=3.9999999999999991 3.9999999999999991 3.9999999999999991 130 3 6.9999999999999982 3 5 9.9999999999999982 4.0000000000000018 86 6.9999999999999991 5.0000000000000027 17 4
leaf_count=4 4 4 130 3 7 3 5 10 4 86 7 5 17 4
internal_value=-0.00450279 0.0110561 -0.0170843 -0.0105178 -0.0182529 -0.180231 0.134516 -0.00668309 0.00256709 -0.00962868 -0.015609 0.0420001 0.0157831 0.114097
internal_weight=293 131 162 158 150 10 8 140 127 97 93 30 22 8
internal_count=293 131 162 158 150 10 8 140 127 97 93 30 22 8
is_linear=0
shrinkage=0.05


Tree=125
num_leaves=25
num_cat=0
split_feature=5 15 4 0 0 18 13 3 2 0 0 18 14 17 18 16 13 11 16 8 2 11 0 15
split_gain=38.1734 52.788 66.0309 52.7866 43.332 34.3181 61.3539 81.6827 33.5889 77.5882 31.3573 30.6137 30.0998 40.808 35.57 32.5103 24.2944 22.7942 19.3582 19.1418 14.9036 8.43034 7.66566 4.5701
threshold=22.500000000000004 318.71166666666676 33797.500000000007 28781.310000000005 27840.690000000006 24850.090000000004 310.50000000000006 1.1065856174701221 2404.3850000000007 28102.450000000004 26802.985000000004 31897.100000000002 337.17000000000007 81.305592345213569 26510.265000000003 326.21500000000003 323.17000000000007 286.16500000000002 363.9121428571429 4.5000000000000009 10101.455000000002 277.00000000000006 27078.765000000003 285.94500000000011
decision_type=2 2 2 2 2 2 2 2 2 2 2 2 2 2 2 2 2 2 2 2 2 2 2 2
left_child=5 3 10 8 22 6 20 -8 9 -2 -3 -10 14 15 16 -14 -7 -16 -15 -6 21 -1 -4 -22
right_child=1 2 4 -5 19 12 7 -9 11 -11 -12 -13 13 18 17 -17 -18 -19 -20 -21 23 -23 -24 -25
leaf_value=0.033418996855616549 0.28986201882362367 0.082987836003303561 -0.1185089627901712 0.20755123297373454 0.11871519170024175 0.0040557990968227396 -0.060933825969696036 -0.39094933668772369 -0.023854514574846147 -0.069739985466003393 0.27080939769744872 0.047780684423115519 0.059398809671401945 -0.099714996665716205 -0.11343010099870819 0.26759832700093583 0.16937746256589886 -0.019242218869159191 0.047858684062957763 0.0076920125323037313 -0.12145804166793828 -0.062147017568349838 -0.022979999227183204 -0.047697685233184267
leaf_weight=10.000000000000005 2.9999999999999991 3.9999999999999982 3.0000000000000018 2.9999999999999991 11.000000000000002 4.9999999999999982 5 3 87 3 5 18 5.0000000000000018 3.9999999999999982 6.9999999999999991 3 4 78 5 5.9999999999999991 2.9999999999999982 2.9999999999999991 7 7
leaf_count=10 3 4 3 3 11 5 5 3 87 3 5 18 5 4 7 3 4 78 5 6 3 3 7 7
internal_value=-0.000327256 0.0172624 0.0700453 0.000594117 0.0309493 -0.0189079 -0.0654202 -0.18469 -0.00499932 0.110061 0.187333 -0.0115742 -0.00591795 0.0553072 -0.0169906 0.137474 0.0775321 -0.0269989 -0.0177296 0.0795305 -0.0239352 0.0113653 -0.0516387 -0.0698258
internal_weight=292 150 36 114 27 142 31 8 111 6 9 105 111 17 94 8 9 85 9 17 23 13 10 10
internal_count=292 150 36 114 27 142 31 8 111 6 9 105 111 17 94 8 9 85 9 17 23 13 10 10
is_linear=0
shrinkage=0.05


Tree=126
num_leaves=17
num_cat=0
split_feature=1 12 4 1 11 16 1 11 11 16 12 15 12 15 13 16
split_gain=51.0195 153.549 49.5211 312.057 87.8298 28.6299 23.3585 17.2162 26.1717 16.1058 18.268 48.9336 20.7932 13.1747 5.66704 4.54353
threshold=20264.345000000005 314.16500000000002 33565.000000000007 33925.42500000001 266.50000000000006 301.93642857142862 16669.590000000004 283.90000000000003 319.66500000000002 283.3578571428572 259.8250000000001 270.50000000000006 261.83500000000009 285.065 279.16500000000002 282.40428571428578
decision_type=2 2 2 2 2 2 2 2 2 2 2 2 2 2 2 2
left_child=1 6 3 4 -2 -6 -1 -8 -9 13 11 -11 -12 14 -4 -15
right_child=2 -3 9 -5 5 -7 7 8 -10 10 12 -13 -14 15 -16 -17
leaf_value=-0.14841449658075934 -0.17649573802947999 -0.40530113180478411 -0.044721691682934772 0.54931337038675954 0.12445664289924829 0.015236172576745352 0.09345574267208577 -0.10016305372118953 0.04751826723416646 0.1556716342767078 0.07084117109576861 -0.057596117773881329 0.002615086426553519 -0.067882850021123875 0.046187258760134367 -0.14928296804428096
leaf_weight=3.0000000000000062 4.9999999999999991 2.9999999999999991 3.9999999999999982 2.9999999999999991 9.0000000000000018 18 3.9999999999999991 5.9999999999999982 6 3.0000000000000027 11.999999999999998 26 161 4 3 3
leaf_count=3 5 3 4 3 9 18 4 6 6 3 12 26 161 4 3 3
internal_value=0.000137594 -0.0728724 0.00653688 0.0617092 0.0159963 0.051643 -0.0203836 0.00362214 -0.0263224 -0.00240309 0.00119128 -0.0355339 0.00734753 -0.0542647 -0.00576071 -0.102769
internal_weight=273 22 251 35 32 27 19 16 12 216 202 29 173 14 7 7
internal_count=273 22 251 35 32 27 19 16 12 216 202 29 173 14 7 7
is_linear=0
shrinkage=0.05


Tree=127
num_leaves=10
num_cat=0
split_feature=2 1 11 18 1 14 7 13 11
split_gain=28.7121 39.2253 23.6981 54.0596 34.7451 27.0377 21.6426 16.9537 16.1699
threshold=15807.925000000001 18234.625000000004 261.83500000000009 22179.905000000002 29890.585000000003 609.38000000000011 5.5000000000000009 282.51000000000005 288.50000000000006
decision_type=2 2 2 2 2 2 2 2 2
left_child=1 8 4 -4 7 -5 -6 -3 -1
right_child=-2 2 3 5 6 -7 -8 -9 -10
leaf_value=-0.20636999209721876 0.15002352123459181 -0.015943306711103233 0.16663812011480333 0.0027507914721404446 -0.060315518336076485 -0.12842547073960306 -0.20482563972473145 0.091314822435379028 -0.059537286162376392
leaf_weight=3 2.9999999999999991 14.000000000000002 4.9999999999999991 219 19.000000000000004 3.9999999999999991 2.9999999999999991 4.9999999999999991 5
leaf_count=3 3 14 5 219 19 4 3 5 5
internal_value=-0.00382828 -0.00549454 -0.00224978 0.00404347 -0.0372464 0.000397854 -0.0800214 0.0122825 -0.1146
internal_weight=280 277 269 228 41 223 22 19 8
internal_count=280 277 269 228 41 223 22 19 8
is_linear=0
shrinkage=0.05


Tree=128
num_leaves=15
num_cat=0
split_feature=13 11 6 16 13 2 2 14 6 6 2 16 1 16
split_gain=31.4699 258.392 35.8927 27.9973 53.0589 26.616 106.479 96.673 46.6416 26.0117 51.115 45.1264 10.2215 6.12696
threshold=323.17000000000007 269.91500000000002 95.500000000000014 297.32071428571436 343.66500000000002 13979.495000000001 13632.790000000003 254.68000000000004 91.500000000000014 93.500000000000014 2859.0650000000005 288.26142857142861 24973.535000000003 289.85714285714295
decision_type=2 2 2 2 2 2 2 2 2 2 2 2 2 2
left_child=5 -2 3 -3 -5 6 9 -7 -9 10 -1 -11 -4 -10
right_child=1 2 12 4 -6 7 -8 8 13 11 -12 -13 -14 -15
leaf_value=-0.15338563369587066 0.48486354351043703 0.13467376232147218 -0.17225274642308552 -0.11654072723218374 0.033260190331585414 0.30963167349497478 -0.26861176453530788 0.11454451918601989 -0.13661516507466631 -0.026718087111200606 -0.014323433922501122 0.050579544206763187 -0.041731613005201007 -0.046231093704700466
leaf_weight=6.9999999999999991 2.9999999999999991 4.9999999999999991 2.9999999999999991 6.9999999999999991 38 2.9999999999999991 3.9999999999999991 4.9999999999999991 3 35 118 41 3 5
leaf_count=7 3 5 3 7 38 3 4 5 3 35 118 41 3 5
internal_value=0.000339435 0.0327815 0.00856282 0.0224294 0.00995783 -0.00832157 -0.0131692 0.0537885 -0.00525218 -0.00808575 -0.0221109 0.014982 -0.106992 -0.0801251
internal_weight=280 59 56 50 45 221 205 16 13 201 125 76 6 8
internal_count=280 59 56 50 45 221 205 16 13 201 125 76 6 8
is_linear=0
shrinkage=0.05


end of trees

feature_importances:
net_load=318
total_load=274
renewable_power=224
thermal_space_load_ratio=191
price_lag_2d=171
price_lag_3d=170
price_lag_7d=154
thermal_on_capacity=141
price_std_7d=115
price_lag_1d=106
weekday=96
price_ma_7d=80
price_ma_3d=76
period=75
net_load_lag_1d=74
month=22
hour=14
is_weekend=3

parameters:
[boosting: gbdt]
[objective: regression]
[metric: rmse]
[tree_learner: serial]
[device_type: cpu]
[data_sample_strategy: bagging]
[data: ]
[valid: ]
[num_iterations: 400]
[learning_rate: 0.05]
[num_leaves: 31]
[num_threads: 0]
[seed: 42]
[deterministic: 0]
[force_col_wise: 0]
[force_row_wise: 0]
[histogram_pool_size: -1]
[max_depth: 5]
[min_data_in_leaf: 3]
[min_sum_hessian_in_leaf: 0.001]
[bagging_fraction: 0.85]
[pos_bagging_fraction: 1]
[neg_bagging_fraction: 1]
[bagging_freq: 1]
[bagging_seed: 400]
[bagging_by_query: 0]
[feature_fraction: 0.85]
[feature_fraction_bynode: 1]
[feature_fraction_seed: 30056]
[extra_trees: 0]
[extra_seed: 12879]
[early_stopping_round: 0]
[early_stopping_min_delta: 0]
[first_metric_only: 0]
[max_delta_step: 0]
[lambda_l1: 0]
[lambda_l2: 0]
[linear_lambda: 0]
[min_gain_to_split: 0]
[drop_rate: 0.1]
[max_drop: 50]
[skip_drop: 0.5]
[xgboost_dart_mode: 0]
[uniform_drop: 0]
[drop_seed: 17869]
[top_rate: 0.2]
[other_rate: 0.1]
[min_data_per_group: 100]
[max_cat_threshold: 32]
[cat_l2: 10]
[cat_smooth: 10]
[max_cat_to_onehot: 4]
[top_k: 20]
[monotone_constraints: ]
[monotone_constraints_method: basic]
[monotone_penalty: 0]
[feature_contri: ]
[forcedsplits_filename: ]
[refit_decay_rate: 0.9]
[cegb_tradeoff: 1]
[cegb_penalty_split: 0]
[cegb_penalty_feature_lazy: ]
[cegb_penalty_feature_coupled: ]
[path_smooth: 0]
[interaction_constraints: ]
[verbosity: -1]
[saved_feature_importance_type: 0]
[use_quantized_grad: 0]
[num_grad_quant_bins: 4]
[quant_train_renew_leaf: 0]
[stochastic_rounding: 1]
[linear_tree: 0]
[max_bin: 255]
[max_bin_by_feature: ]
[min_data_in_bin: 3]
[bin_construct_sample_cnt: 200000]
[data_random_seed: 175]
[is_enable_sparse: 1]
[enable_bundle: 1]
[use_missing: 1]
[zero_as_missing: 0]
[feature_pre_filter: 1]
[pre_partition: 0]
[two_round: 0]
[header: 0]
[label_column: ]
[weight_column: ]
[group_column: ]
[ignore_column: ]
[categorical_feature: ]
[forcedbins_filename: ]
[precise_float_parser: 0]
[parser_config_file: ]
[objective_seed: 16083]
[num_class: 1]
[is_unbalance: 0]
[scale_pos_weight: 1]
[sigmoid: 1]
[boost_from_average: 1]
[reg_sqrt: 0]
[alpha: 0.9]
[fair_c: 1]
[poisson_max_delta_step: 0.7]
[tweedie_variance_power: 1.5]
[lambdarank_truncation_level: 30]
[lambdarank_norm: 1]
[label_gain: ]
[lambdarank_position_bias_regularization: 0]
[eval_at: ]
[multi_error_top_k: 1]
[auc_mu_weights: ]
[num_machines: 1]
[local_listen_port: 12400]
[time_out: 120]
[machine_list_filename: ]
[machines: ]
[gpu_platform_id: -1]
[gpu_device_id: -1]
[gpu_use_dp: 0]
[num_gpu: 1]

end of parameters

pandas_categorical:[]
