tree
version=v4
num_class=1
num_tree_per_iteration=1
label_index=0
max_feature_idx=10
objective=regression
feature_names=total_load net_load renewable_power thermal_space_load_ratio thermal_on_capacity hour period weekday month is_weekend is_holiday
feature_infos=[27476.279999999999:32943.720000000001] [15779.59:41162.089999999997] [1666.29:19708.439999999999] [0.51804513388841089:1.2852111326921887] [29205:38255] [18:21] [73:88] [0:6] [4:5] [0:1] none
tree_sizes=1774 1733 1718 1647 1807 1695 1577 1937 1894 1775 1850 1971 1793 1714 2026 1852 2083 1749 2027 1699 2006 1712 1719 2001 1952 2135 1743 1964 2175 1625 2234 1968 1808 2196 1912 1602 2128 1859 1960 2075 2069 2143 1983 1744 1762 2427 2115 1497 2013 2064 2119 1985 1762 1432 2363 1855 1786 1590 1876 2049 2099 1648 1737 2030 1877 2233 1102 1815 1553 1760 1674 1600 2070 1666 1972 1909 1764 1243 1531 2031 1443 1258 1465 1383 2217 1857 1413 1720 1795 1324 1360 1239 2019 1690 1003 1967 1980 1533 2011 1683 1620 1054 1942 1393 1982 2288 1827 1392 2051 1838 1867 2271 1463 1480 1466 2328 2187 2404 1199 1308 1851 1366 1766 1353 874 2161 2158 1294 1571 1533 1293 1066 1864 1640 1260 2329 1751 1995 1215 1445 2132 1387 1912 1534 1127 1411 1582 872 1592 2401 2339 2541 1357 2257 2434 1429 2076 1440 1931 1562 1996 1617 1075 1542 1321 1210 1285 1734 1800 1411 1570 1559 980 1272 1312 1823 1011 1166 1239 2362 1567 1499 1566 1198 1729 913 1485 1955 1723 2011 1209 1063 1420 1666 1465 2085 1084 2368 1526 1204 1048 1504 1430 1538 1308 1334 1939 1246 2232 2055 1215 1070 1881 1485 992 1540 1578 2028 1431 1087 1589 1984 1370 1319 1330 1253 1582 2831 2119 1503 1315 2281 1405 1577 1461 2112 1406 2197 1068 2210 1125 1417 1312 1176 1306 1644 2388 2141 1312 1350 1630 1022 1339 1330 2180 1594 1318 950 1509 1158 2476 1063 1609 1299 1486 1554 1174 1507 1847 1398 1044 1196 1948 1374 1820 991 1236 1483 1232 1160 1821 1405 1240 1267 1966 1312 1270 1880 1485 1496 1631 1202 1174 2238 1849 2045 1520 961 1356 1050 2297 1052 1316 1804 1348 2009 1874 1526 1493 1736 2005 1551 1295 977 1091 1472 1768 1057 1500 1172 1088 1810 1137 2230 960 1363 1939 1233 1308 1822 1317 1479 1588 1172 2135 1057 1474 1718 1945 1575 1562 1426 1507 1079 1837 1174 1033 1882 1447 1306 1226 2072 983 1028 1475 1473 1252 1408 1862 1151 1246 1398 1576 2039 1586 1535 1526 1886 1097 1407 1482 1703 1059 1731 1229 1220 1786 2162 1534 1419 1121 1211 1668 1413 1944 1373 1240 906 1328 1258 1872 1771 1048 2026 1643 1397 1390 1646

Tree=0
num_leaves=19
num_cat=0
split_feature=1 1 4 1 6 6 2 4 5 1 1 2 1 2 2 1 1 1
split_gain=3.33397e+07 3.08952e+06 3.19153e+06 1.50751e+06 915148 874936 623165 563264 531740 397740 361249 164685 128442 70095.5 87229.8 58430.6 15589.1 12835.5
threshold=38003.990000000013 34412.015000000007 35692.500000000007 36110.165000000008 75.500000000000014 83.500000000000014 4074.8350000000005 38215.000000000007 20.500000000000004 37774.35500000001 29740.100000000002 1804.3950000000002 35917.480000000003 10647.320000000002 6007.3550000000005 23706.600000000002 26986.410000000003 18500.555000000004
decision_type=2 2 2 2 2 2 2 2 2 2 2 2 2 2 2 2 2 2
left_child=1 10 3 5 -2 -3 8 9 11 -4 15 -6 -9 14 -12 17 -17 -1
right_child=4 2 7 -5 6 -7 -8 12 -10 -11 13 -13 -14 -15 -16 16 -18 -19
leaf_value=419.6223284501296 450.71235771179198 433.61362543106077 428.75482263877745 476.9205820465088 469.75948219299312 465.88731524149574 457.249857711792 436.12923234303793 463.1273824310303 444.77785739898684 427.18467009408135 482.1573230133057 446.97998329162596 431.55108219146729 424.80409225060686 422.49129285523384 423.53236206634136 421.52348213195802
leaf_weight=12.999999999999998 3.9999999999999991 6.9999999999999982 122 4.9999999999999991 3.0000000000000027 3 3.9999999999999991 5.9999999999999982 4.9999999999999991 3.9999999999999991 56 25 5 4.9999999999999991 123 66 79 28
leaf_count=13 4 7 122 5 3 3 4 6 5 4 56 25 5 5 123 66 79 28
internal_value=430.017 426.607 432.608 454.504 473.432 443.296 475.888 430.211 478.147 429.263 424.141 480.829 441.061 425.712 425.549 422.587 423.058 420.921
internal_weight=563 522 152 15 41 10 37 137 33 126 370 28 11 184 179 186 145 41
internal_count=563 522 152 15 41 10 37 137 33 126 370 28 11 184 179 186 145 41
is_linear=0
shrinkage=1


Tree=1
num_leaves=18
num_cat=0
split_feature=1 0 7 1 6 8 1 1 2 5 2 3 1 3 1 1 3
split_gain=3.0096e+07 3.6706e+06 1.54871e+06 1.31251e+06 856992 516441 437649 366291 365648 344583 425962 238203 208121 198117 73557.9 55779.8 27358.7
threshold=38003.990000000013 31859.145000000004 3.5000000000000004 33479.775000000009 75.500000000000014 4.5000000000000009 35598.070000000007 37728.740000000013 4310.3750000000009 20.500000000000004 4074.8350000000005 1.1500765696821804 27751.255000000005 1.2166583009160299 39429.160000000011 30672.995000000006 0.74475989447490931
decision_type=2 2 2 2 2 2 2 2 2 2 2 2 2 2 2 2 2
left_child=1 3 6 12 -2 7 -3 -5 -8 10 13 -7 16 -6 -11 -14 -1
right_child=4 2 -4 5 9 11 8 -9 -10 14 -12 -13 15 -15 -16 -17 -18
leaf_value=-8.7358999169391147 20.072756767272949 -2.2747119069099386 51.153970336914064 -1.8713900224250908 36.527560933430905 1.5004878672269673 27.245024414062499 11.9082675075531 10.008759784698487 39.065963745117188 28.782006835937501 11.072138063724225 -5.4269788446334699 50.156028493245444 27.993629964192703 -3.7730882291793826 -6.8366704057764132
leaf_weight=23 3.9999999999999991 4.0000000000000062 2.9999999999999991 136 3.0000000000000062 13.000000000000002 4.9999999999999991 4.9999999999999991 7.9999999999999991 2.9999999999999991 2.9999999999999991 12.999999999999998 104 24 3 100 108
leaf_count=23 4 4 3 136 3 13 5 5 8 3 3 13 104 24 3 100 108
internal_value=0.230031 -2.97292 18.0329 -3.80981 42.0286 -0.188764 12.188 -1.38275 16.6381 44.4681 46.6558 6.28631 -5.61493 48.6418 33.5298 -4.61625 -7.17012
internal_weight=562 522 20 502 40 167 17 141 13 36 30 26 335 27 6 204 131
internal_count=562 522 20 502 40 167 17 141 13 36 30 26 335 27 6 204 131
is_linear=0
shrinkage=0.05


Tree=2
num_leaves=18
num_cat=0
split_feature=1 0 4 1 2 4 3 6 8 6 1 1 2 0 4 3 2
split_gain=2.14858e+07 3.25796e+06 2.05655e+06 1.49901e+06 988474 810080 1.1406e+06 527501 323173 266871 186844 174959 131661 128959 51183.9 35863.8 15048
threshold=38003.990000000013 31859.145000000004 35692.500000000007 33479.775000000009 4074.8350000000005 35865.000000000007 1.1496117951323483 75.500000000000014 4.5000000000000009 84.500000000000014 28252.010000000002 35548.040000000008 1804.3950000000002 32174.495000000006 37657.000000000007 0.74475989447490931 4866.4500000000007
decision_type=2 2 2 2 2 2 2 2 2 2 2 2 2 2 2 2 2
left_child=1 3 13 10 7 6 -5 -2 -7 12 15 -4 -9 -3 -12 -1 -13
right_child=4 2 11 5 -6 8 -8 9 -10 -11 14 16 -14 -15 -16 -17 -18
leaf_value=-8.5210100809733085 21.605243937174453 34.334186808268193 -2.1609763145446776 1.5982816325293645 15.03486614227295 -2.0410718496640525 24.288728570938112 36.341146850585851 4.5511155665598135 33.27847930908203 -4.3849187712526065 11.795605214436852 47.612411338404605 48.994756062825509 0.74257394790649423 -6.2964346163200613 7.8364396572113026
leaf_weight=21 3.0000000000000027 3.0000000000000027 3.9999999999999991 18.000000000000004 3.9999999999999991 120 7.9999999999999991 3.0000000000000062 22 4.9999999999999991 183 5.9999999999999982 19 3 4.9999999999999991 132 4
leaf_count=21 3 3 4 18 4 120 8 3 22 5 183 6 19 3 5 132 4
internal_value=-0.145744 -2.62204 17.1731 -3.39985 38.3826 0.465922 8.57996 41.4956 -1.01975 43.7056 -5.30439 6.67682 46.0754 41.6645 -4.24855 -6.60177 10.2119
internal_weight=563 529 20 509 34 168 26 30 142 27 341 14 22 6 188 153 10
internal_count=563 529 20 509 34 168 26 30 142 27 341 14 22 6 188 153 10
is_linear=0
shrinkage=0.05


Tree=3
num_leaves=17
num_cat=0
split_feature=1 0 4 1 4 1 6 5 2 4 1 1 2 1 2 1
split_gain=2.15256e+07 2.24888e+06 1.53576e+06 1.03091e+06 625882 1.20319e+06 599187 651615 556195 243218 173456 161237 126967 48833.2 22477.9 12101.2
threshold=38003.990000000013 31859.145000000004 35692.500000000007 33479.775000000009 35217.000000000007 34851.185000000005 75.500000000000014 20.500000000000004 4074.8350000000005 38215.000000000007 35548.040000000008 27751.255000000005 1804.3950000000002 31575.965000000004 17025.480000000003 36234.655000000006
decision_type=2 2 2 2 2 2 2 2 2 2 2 2 2 2 2 2
left_child=1 3 -3 11 5 -5 -2 8 12 -6 -4 14 -8 -13 -1 -12
right_child=6 2 10 4 9 -7 7 -9 -10 -11 15 13 -14 -15 -16 -17
leaf_value=-6.2277208198621441 18.070986557006837 38.029098815917941 -3.0525361061096192 1.1837114721536639 -1.4069513952957011 38.313929239908845 34.524090067545494 21.859301605224612 24.092538261413576 8.1160548618861608 6.6102307637532576 -4.7324332305908205 45.489230207963431 -3.0904398212970143 -8.363019398280553 10.40578406197684
leaf_weight=103 3.9999999999999991 5.0000000000000027 3.9999999999999991 7.9999999999999982 159 3 3.0000000000000062 4.9999999999999991 3.9999999999999991 6.9999999999999991 2.9999999999999982 125 22 71 13.999999999999998 7
leaf_count=103 4 5 4 8 159 3 3 5 4 7 3 125 22 71 14 7
internal_value=0.0747681 -2.63534 14.2424 -3.28978 -0.240008 11.3101 36.3759 38.5295 41.4036 -1.00538 5.74722 -5.01442 44.1734 -4.13763 -6.48323 9.26712
internal_weight=547 509 19 490 177 11 38 34 29 166 14 313 25 196 117 10
internal_count=547 509 19 490 177 11 38 34 29 166 14 313 25 196 117 10
is_linear=0
shrinkage=0.05


Tree=4
num_leaves=19
num_cat=0
split_feature=1 1 7 7 2 8 7 2 2 6 3 1 1 3 5 2 1 1
split_gain=2.02231e+07 2.59497e+06 1.56596e+06 689758 668414 556533 799968 532750 525464 549407 294515 191171 125393 106039 92980.1 47696.3 32712.2 21594.7
threshold=38003.990000000013 36041.67500000001 3.5000000000000004 1.0000000180025095e-35 6007.3550000000005 4.5000000000000009 5.5000000000000009 4497.3850000000011 4074.8350000000005 86.500000000000014 1.1500765696821804 37855.17500000001 27098.820000000003 1.2166583009160299 20.500000000000004 4737.3700000000008 30744.235000000004 21412.320000000003
decision_type=2 2 2 2 2 2 2 2 2 2 2 2 2 2 2 2 2 2
left_child=1 4 3 10 5 15 -7 -4 9 13 -3 -5 17 -2 -15 -1 -14 -6
right_child=8 2 7 11 12 6 -8 -9 -10 -11 -12 -13 16 14 -16 -17 -18 -19
leaf_value=-0.91156953050379175 30.787314860026004 25.811142539978029 45.780198160807295 0.93459116911888129 -7.6656647391941242 2.5571311334768936 31.424063618977865 15.982272688547766 20.271419677734375 17.263689041137695 9.5052534739176444 13.929493967692057 -4.8015581987671938 41.919737376337459 33.660251617431641 -2.9755350956049833 -3.5399156942472354 -5.9581731816342005
leaf_weight=57 3.0000000000000027 3.9999999999999991 2.9999999999999991 50 23 11.999999999999998 2.9999999999999991 3 4.9999999999999991 2.9999999999999991 8.9999999999999982 2.9999999999999991 118 23.000000000000004 3.9999999999999991 55 91 95
leaf_count=57 3 4 3 50 23 12 3 3 5 3 9 3 118 23 4 55 91 95
internal_value=0.151052 -2.39375 6.42496 4.20167 -3.79231 -0.713828 8.33052 30.8812 35.3764 37.6651 14.5225 1.67015 -4.98793 39.7052 40.6961 -1.92512 -4.25223 -6.29099
internal_weight=564 526 72 66 454 127 15 6 38 33 13 53 327 30 27 112 209 118
internal_count=564 526 72 66 454 127 15 6 38 33 13 53 327 30 27 112 209 118
is_linear=0
shrinkage=0.05


Tree=5
num_leaves=18
num_cat=0
split_feature=3 6 0 3 4 3 0 5 3 0 3 5 2 0 3 2 6
split_gain=1.27793e+07 4.29911e+06 3.07709e+06 2.12227e+06 1.40449e+06 1.57808e+06 627199 248586 188705 156614 142347 134821 57346.3 38956.1 28177.7 2189.98 1114.73
threshold=1.2166583009160299 75.500000000000014 32303.785000000003 1.1142590988537724 35692.500000000007 1.1460894958833892 31536.125000000004 20.500000000000004 0.94607222478758624 30105.155000000002 1.2458442924015294 18.500000000000004 5713.8200000000006 31558.700000000001 0.76415203985191671 3440.0800000000004 73.500000000000014
decision_type=2 2 2 2 2 2 2 2 2 2 2 2 2 2 2 2 2
left_child=2 9 3 8 5 -5 -6 11 14 16 -11 -3 -10 -9 -1 -13 -2
right_child=1 7 -4 4 6 -7 -8 13 12 10 -12 15 -14 -15 -16 -17 -18
leaf_value=-7.053484491201548 -2.0130001703898119 30.548331197102797 41.692118835449222 3.9345371799035491 -0.82600576806505888 34.303133937290738 7.5635855214936401 32.946041361490892 -1.7700916538847253 3.1174707055091853 17.525446065266923 41.633264160156244 -3.752483289665971 24.888322703043613 -5.2687230445243216 42.852304687500002 -0.73799147605895987
leaf_weight=26 2.9999999999999982 3.0000000000000062 3.9999999999999991 11.000000000000002 109 6.9999999999999991 28 2.9999999999999991 47 4 3 14.000000000000002 163 3 148 4.9999999999999991 4
leaf_count=26 3 3 4 11 109 7 28 3 47 4 3 14 163 3 148 5 4
internal_value=0.0551042 26.6269 -2.00017 -2.32442 2.61386 15.7445 0.888655 37.9384 -4.31774 4.00395 9.29232 40.3987 -3.30881 28.9172 -5.53541 41.9541 -1.28442
internal_weight=585 42 543 539 155 18 137 28 384 14 7 22 210 6 174 19 7
internal_count=585 42 543 539 155 18 137 28 384 14 7 22 210 6 174 19 7
is_linear=0
shrinkage=0.05


Tree=6
num_leaves=16
num_cat=0
split_feature=1 1 4 2 4 2 6 4 1 1 5 5 4 4 1
split_gain=1.54643e+07 2.07094e+06 2.38944e+06 471268 623841 453232 478128 239642 232882 108951 81864.3 84874.9 80285.8 39254.9 19602.9
threshold=38003.990000000013 36041.67500000001 35692.500000000007 6007.3550000000005 35134.500000000007 4074.8350000000005 86.500000000000014 38215.000000000007 37774.35500000001 27602.870000000006 18.500000000000004 20.500000000000004 35692.500000000007 37657.000000000007 21412.320000000003
decision_type=2 2 2 2 2 2 2 2 2 2 2 2 2 2 2
left_child=1 3 -3 4 -1 6 10 8 -4 14 -2 -12 -6 -11 -5
right_child=5 2 7 9 12 -7 -8 -9 -10 13 11 -13 -14 -15 -16
leaf_value=16.345416263937949 30.092077636718706 39.105559082031249 1.5354753662432943 -7.0373201560974126 1.8166857031484445 17.635620880126954 14.887497901916504 15.091795921325684 12.79769989013672 -3.8556934157117682 38.544778603001646 30.531379318237306 -2.0596751318542199 0.24850374857584634 -5.3306566310378747
leaf_weight=4.9999999999999991 5.0000000000000062 4.9999999999999991 56 20 14.999999999999998 4.9999999999999991 2.9999999999999991 3.9999999999999991 4.9999999999999991 201 19.000000000000004 3.9999999999999991 122 5.9999999999999991 106
leaf_count=5 5 5 56 20 15 5 3 4 5 201 19 4 122 6 106
internal_value=-0.134174 -2.2307 5.79814 -3.4139 -1.00213 31.6049 33.858 3.23604 2.45861 -4.44234 35.8906 37.1511 -1.63526 -3.73673 -5.60156
internal_weight=581 545 70 475 142 36 31 65 61 333 28 23 137 207 126
internal_count=581 545 70 475 142 36 31 65 61 333 28 23 137 207 126
is_linear=0
shrinkage=0.05


Tree=7
num_leaves=21
num_cat=0
split_feature=1 1 0 2 8 6 6 0 1 5 1 2 2 1 1 8 2 7 0 1
split_gain=1.50279e+07 1.82181e+06 1.14538e+06 543324 429820 428020 378449 260866 230034 212060 203892 193147 80583.3 63039.1 52677.5 27148.4 15038.1 10824.2 9768.16 5044.57
threshold=38003.990000000013 34851.185000000005 31859.145000000004 4310.3750000000009 4.5000000000000009 75.500000000000014 78.500000000000014 30627.275000000005 37774.35500000001 20.500000000000004 31575.965000000004 4548.0250000000005 9828.9250000000011 39429.160000000011 26234.060000000001 4.5000000000000009 17025.480000000003 3.5000000000000004 32457.300000000007 37053.225000000013
decision_type=2 2 2 2 2 2 2 2 2 2 2 2 2 2 2 2 2 2 2 2
left_child=1 10 4 6 8 -2 -4 -6 -3 11 14 18 15 -11 16 -12 -1 -16 -7 -5
right_child=5 2 3 19 7 9 -8 -9 -10 13 12 -13 -14 -15 17 -17 -18 -19 -20 -21
leaf_value=-5.2210813836736998 13.629288228352866 -0.59315166340933911 35.898361968994145 8.0938201904296889 19.163877487182599 37.365310990182962 12.405722554524736 4.9721967609489672 13.46044921875 30.032901000976565 -2.8187036919593815 23.403634897867839 5.8878110488255828 19.782773780822751 -3.5847609651261481 -1.0933646233876546 -6.8027757644653324 -4.4151537559844636 34.646784973144534 5.5827022552490222
leaf_weight=91 2.9999999999999991 99 3.9999999999999991 5.9999999999999982 4.0000000000000027 19.000000000000007 3 17 2.9999999999999991 2.9999999999999991 95 2.9999999999999991 2.9999999999999991 3 69 30 18 91 3.9999999999999991 3
leaf_count=91 3 99 4 6 4 19 3 17 3 3 95 3 3 3 69 30 18 91 4 3
internal_value=-0.0552934 -2.12807 2.7983 15.3826 1.16132 31.6878 25.8301 7.67537 -0.17981 33.3808 -3.85292 35.3361 -2.21027 24.9078 -4.63456 -2.40462 -5.48228 -4.05705 36.8925 7.25678
internal_weight=571 536 139 16 123 35 7 21 102 32 397 26 128 6 269 125 109 160 23 9
internal_count=571 536 139 16 123 35 7 21 102 32 397 26 128 6 269 125 109 160 23 9
is_linear=0
shrinkage=0.05


Tree=8
num_leaves=21
num_cat=0
split_feature=1 1 4 4 1 1 4 4 4 1 3 2 2 8 1 1 4 2 2 0
split_gain=1.13586e+07 1.80241e+06 2.25532e+06 665725 500128 369595 258178 224343 233856 182306 251094 154783 119650 100372 50399.6 38125.8 15287.2 14122.6 6003.36 903.164
threshold=38003.990000000013 36041.67500000001 35692.500000000007 37941.500000000007 39873.30000000001 31575.965000000004 35692.500000000007 38215.000000000007 37941.500000000007 39081.615000000013 1.234975698203449 4356.8350000000009 2410.9250000000006 4.5000000000000009 26234.060000000001 36785.750000000007 34230.000000000007 18532.700000000001 3247.2950000000005 31780.940000000006
decision_type=2 2 2 2 2 2 2 2 2 2 2 2 2 2 2 2 2 2 2 2
left_child=1 5 15 9 -5 14 11 8 -4 10 12 -7 -2 -8 17 -3 -16 -1 19 -11
right_child=3 2 7 4 -6 6 13 -9 -10 18 -12 -13 -14 -15 16 -17 -18 -19 -20 -21
leaf_value=-5.0961695787857995 23.843061319986958 30.662641398111983 4.5807067507191714 6.0093315744400018 31.832528686523428 13.635410563151027 -2.8220425720501665 16.037748209635417 -1.5052279366387262 35.467077636718756 15.293040974934897 1.6408955665735101 36.072661336263018 0.42440887751250433 -3.2343234905298206 38.634027099609369 -4.2058498187940954 -8.1271579742431648 38.328375244140624 36.503993733723945
leaf_weight=98 3.0000000000000018 2.9999999999999991 38 5 3 3.0000000000000027 133 2.9999999999999991 27 6.9999999999999982 2.9999999999999991 26 6 29 69 3 98 3.9999999999999991 2.9999999999999991 3
leaf_count=98 3 3 38 5 3 3 133 3 27 7 3 26 6 29 69 3 98 4 3 3
internal_value=-0.220714 -1.97996 5.26255 28.2471 15.693 -3.14506 -1.46311 2.66969 2.0527 32.2644 27.8204 2.88171 31.9961 -2.24089 -4.33931 34.6483 -3.80444 -5.21503 36.3667 35.7782
internal_weight=567 534 74 33 8 460 191 68 65 25 12 29 9 162 269 6 167 102 13 10
internal_count=567 534 74 33 8 460 191 68 65 25 12 29 9 162 269 6 167 102 13 10
is_linear=0
shrinkage=0.05


Tree=9
num_leaves=19
num_cat=0
split_feature=1 0 4 3 8 1 0 3 5 1 2 2 1 1 4 1 4 0
split_gain=1.0695e+07 1.4564e+06 1.07136e+06 629283 330868 308546 314828 271936 232782 228348 177965 83096.1 80254.7 78027.9 32497.4 18293.8 12525.5 1892.51
threshold=38095.650000000009 31873.325000000001 35692.500000000007 1.0730127683517734 4.5000000000000009 39081.615000000013 31578.590000000004 1.234975698203449 20.500000000000004 37774.35500000001 4625.3050000000012 3732.5650000000005 29740.100000000002 35548.040000000008 33797.500000000007 23706.600000000002 38215.000000000007 31244.760000000002
decision_type=2 2 2 2 2 2 2 2 2 2 2 2 2 2 2 2 2 2
left_child=1 3 -3 12 9 6 7 -2 11 -5 -6 17 15 -4 -14 -1 -15 -7
right_child=5 2 13 4 10 8 -8 -9 -10 -11 -12 -13 14 16 -16 -17 -18 -19
leaf_value=-5.4109045119512658 34.442549896240244 31.717443237304668 -1.3273854017257691 -1.36817371277855 12.228961181640626 32.971182250976476 6.5482719421386708 14.52838948567708 17.63239551583926 12.558391062418622 2.6757361414340828 24.89634475708008 -1.2423800530433655 4.9801194429397597 -3.2539075540853482 -4.2211190101078584 8.733945007324218 34.214873093825126
leaf_weight=42 3.9999999999999982 5.0000000000000027 3.9999999999999991 156 5.9999999999999991 4.0000000000000098 3 3 2.9999999999999991 2.9999999999999991 26 2.9999999999999991 25 3.9999999999999982 102 140 5 12.999999999999998
leaf_count=42 4 5 4 156 6 4 3 3 3 3 26 3 25 4 102 140 5 13
internal_value=-0.16671 -1.92495 12.0482 -2.42798 -0.171817 27.4323 20.1 25.9079 30.6202 -1.10541 4.46697 32.5684 -3.82257 4.48313 -2.85794 -4.49568 7.06558 33.9222
internal_weight=551 518 18 500 191 33 10 7 23 159 32 20 309 13 127 182 9 17
internal_count=551 518 18 500 191 33 10 7 23 159 32 20 309 13 127 182 9 17
is_linear=0
shrinkage=0.05


Tree=10
num_leaves=20
num_cat=0
split_feature=1 0 1 2 6 0 6 8 3 1 1 6 1 0 2 2 1 7 0
split_gain=1.01946e+07 1.64283e+06 594137 504930 365551 355182 318593 277797 299568 190699 163169 153153 112896 102442 97531.9 70456.1 36835.8 21393.9 0.088058
threshold=38003.990000000013 31859.145000000004 34660.280000000006 4548.0250000000005 75.500000000000014 32174.495000000006 86.500000000000014 4.5000000000000009 1.1623153717739958 37728.740000000013 39081.615000000013 78.500000000000014 31575.965000000004 31927.960000000003 6846.5950000000003 9828.9250000000011 26234.060000000001 5.5000000000000009 32120.640000000003
decision_type=2 2 2 2 2 2 2 2 2 2 2 2 2 2 2 2 2 2 2
left_child=1 2 12 5 -2 13 10 9 -9 -4 11 -6 16 -3 18 -14 -1 -12 -5
right_child=4 3 7 14 6 -7 -8 8 -10 -11 17 -13 15 -15 -16 -17 -18 -19 -20
leaf_value=-4.6899400359218566 8.8999829610188801 21.105327606201154 -0.9561252971490225 7.6518182118733753 14.202576573689763 34.683898925781243 11.593890794118245 2.4913472875952714 16.512459716796876 9.0521285057067882 33.080602416992186 27.449742984771731 -2.2969197599352618 8.882610702514647 -3.3957447052001948 5.4631658395131435 -3.4862674618341836 29.720361836751295 7.6397036234537739
leaf_weight=103 2.9999999999999991 3.0000000000000018 99 2.9999999999999982 3.0000000000000027 3 2.9999999999999991 16.000000000000004 4.9999999999999991 4.9999999999999991 10 7.9999999999999991 117 4 3 2.9999999999999991 166 9 3
leaf_count=103 3 3 99 3 3 3 3 16 5 5 10 8 117 4 3 3 166 9 3
internal_value=-0.141554 -1.8809 -2.4146 12.5571 25.6105 20.2898 27.1296 0.584225 5.82971 -0.474959 28.6832 23.8369 -3.37824 14.1209 3.96526 -2.10292 -3.94715 31.4889 7.64576
internal_weight=569 533 514 19 36 10 33 125 21 104 30 11 389 7 9 120 269 19 6
internal_count=569 533 514 19 36 10 33 125 21 104 30 11 389 7 9 120 269 19 6
is_linear=0
shrinkage=0.05


Tree=11
num_leaves=21
num_cat=0
split_feature=1 1 4 1 3 6 6 1 8 1 4 4 1 4 7 4 1 1 1 4
split_gain=9.92199e+06 1.10857e+06 1.84846e+06 760420 417529 298380 265411 302447 261191 141647 122758 106532 83206.2 47942.8 37434.7 33934.6 26326.3 14124.3 11467.5 9863.76
threshold=37855.17500000001 34370.405000000006 35692.500000000007 36110.165000000008 1.1532894769286688 75.500000000000014 86.500000000000014 38465.170000000006 4.5000000000000009 30672.995000000006 35987.500000000007 37941.500000000007 35548.040000000008 35865.000000000007 3.5000000000000004 35217.000000000007 27098.820000000003 31690.665000000005 18500.555000000004 34230.000000000007
decision_type=2 2 2 2 2 2 2 2 2 2 2 2 2 2 2 2 2 2 2 2
left_child=1 9 3 4 -3 -2 7 -7 10 16 -4 -9 -10 17 -15 -5 18 -11 -1 -18
right_child=5 2 8 15 -6 6 -8 11 12 13 -12 -13 -14 14 -16 -17 19 -19 -20 -21
leaf_value=-5.9681071194735438 10.895246505737305 4.307627465989853 3.5698443333307903 35.253092447916671 25.846451568603516 11.369246419270834 11.014195632934571 30.169188194274906 0.37477529578738733 -1.4174826822110587 -1.7940629862248898 24.043151959505941 6.2628366493516499 -1.767359778999364 -3.8226943135261537 27.732607014973951 -2.838330424308777 0.6755222474862087 -4.2712620744251071 -3.7634391111486099
leaf_weight=10.999999999999998 3.9999999999999991 9.0000000000000018 11.999999999999998 2.9999999999999991 2.9999999999999991 2.9999999999999991 2.9999999999999991 20 9.0000000000000018 13.999999999999998 96 11.000000000000002 18 72 32 3 50 19 105 68
leaf_count=11 4 9 12 3 3 3 3 20 9 14 96 11 18 72 32 3 50 19 105 68
internal_value=0.180564 -1.67285 1.90835 16.9592 9.69233 23.868 25.2705 26.5284 -0.0984287 -3.14973 -1.19807 27.9954 4.30015 -1.87289 -2.39977 31.4928 -3.89727 -0.212419 -4.43217 -3.37144
internal_weight=565 524 153 18 12 41 37 34 135 371 108 31 27 137 104 6 234 33 116 118
internal_count=565 524 153 18 12 41 37 34 135 371 108 31 27 137 104 6 234 33 116 118
is_linear=0
shrinkage=0.05


Tree=12
num_leaves=19
num_cat=0
split_feature=1 1 4 3 1 6 6 2 0 1 1 5 2 2 1 1 2 4
split_gain=8.76423e+06 992419 1.00722e+06 536219 466869 295040 266993 287226 199128 206917 90498.9 65887.3 59860.8 35400.3 20596.2 19930 10900.9 8815.97
threshold=38003.990000000013 34328.145000000011 35692.500000000007 1.1587804532921291 36110.165000000008 75.500000000000014 86.500000000000014 4074.8350000000005 31085.695000000003 37128.760000000002 29740.100000000002 20.500000000000004 10647.320000000002 5022.7350000000015 36041.67500000001 24333.055000000004 18532.700000000001 34732.500000000007
decision_type=2 2 2 2 2 2 2 2 2 2 2 2 2 2 2 2 2 2
left_child=1 10 3 4 -3 -2 7 11 14 -10 15 -7 13 -12 -4 16 -1 -17
right_child=5 2 8 -5 -6 6 -8 -9 9 -11 12 -13 -14 -15 -16 17 -18 -19
leaf_value=-4.4519247020374646 10.350483894348145 4.1970911026000968 -2.2471485036484742 32.25927734375 26.449376424153645 28.810548273722322 10.463486544291179 13.580700397491455 0.34046791856939146 5.9881447833517321 -1.0173215399185815 20.951201121012371 3.7700139105319979 -2.7753039822514571 -0.51434992154439285 -3.1889709359123595 -7.5470188140869148 -4.0223588756486484
leaf_weight=55 3.9999999999999991 11.000000000000002 47 2.9999999999999991 2.9999999999999991 24.000000000000007 2.9999999999999991 3.9999999999999991 55 23 36 2.9999999999999991 3.9999999999999991 140 27 84 2.9999999999999991 51
leaf_count=55 4 11 47 3 3 24 3 4 55 23 36 3 4 140 27 84 3 51
internal_value=-0.0171229 -1.64456 1.53399 13.0761 8.96544 23.1953 24.7065 26.0848 0.24309 2.00581 -3.08471 27.9373 -2.27826 -2.41572 -1.61491 -3.83684 -4.61202 -3.50381
internal_weight=580 542 169 17 14 38 34 31 152 78 373 27 180 176 74 193 58 135
internal_count=580 542 169 17 14 38 34 31 152 78 373 27 180 176 74 193 58 135
is_linear=0
shrinkage=0.05


Tree=13
num_leaves=18
num_cat=0
split_feature=3 6 0 2 4 0 4 0 5 3 2 3 2 0 6 6 6
split_gain=5.84631e+06 1.69383e+06 1.62982e+06 595767 613779 531390 387569 341360 291591 194230 181214 99628.8 81853.3 66805 34063.6 12010.6 496.618
threshold=1.2166583009160299 75.500000000000014 31859.145000000004 4737.3700000000008 35217.000000000007 32303.785000000003 35692.500000000007 31229.420000000002 20.500000000000004 1.188940285511052 4074.8350000000005 0.93242574133736011 6846.5950000000003 30105.155000000002 86.500000000000014 78.500000000000014 73.500000000000014
decision_type=2 2 2 2 2 2 2 2 2 2 2 2 2 2 2 2 2
left_child=2 13 3 4 -1 6 -4 -6 10 11 15 -5 -8 16 -10 -3 -2
right_child=1 8 5 9 7 -7 12 -9 14 -11 -12 -13 -14 -15 -16 -17 -18
leaf_value=23.813739395141603 -1.9019679069519047 25.879118537902812 22.081074142456018 -3.824919290784039 -1.3777321823059567 28.977653121948244 6.493768225775824 4.6729647198238888 17.475072987874352 7.0715574836730957 14.378107261657716 -2.2184546555963256 -3.0429017384847006 6.0298815155029288 9.9403118133544908 28.27809346516927 -1.050947872797648
leaf_weight=2.9999999999999991 3.9999999999999982 8.0000000000000053 4.0000000000000062 158 63 3.9999999999999991 8.9999999999999982 37 2.9999999999999991 4.9999999999999991 2.9999999999999991 248 2.9999999999999991 5 3 14.999999999999998 3
leaf_count=3 4 8 4 158 63 4 9 37 3 5 3 248 3 5 3 15 3
internal_value=0.117493 17.6358 -1.32596 -1.87084 1.52955 12.6775 8.60247 0.861026 23.6433 -2.72301 25.9361 -2.84363 4.1096 1.61572 13.7077 27.4437 -1.53725
internal_weight=578 44 534 514 103 20 16 100 32 411 26 406 12 12 6 23 7
internal_count=578 44 534 514 103 20 16 100 32 411 26 406 12 12 6 23 7
is_linear=0
shrinkage=0.05


Tree=14
num_leaves=22
num_cat=0
split_feature=1 1 4 2 0 2 7 2 4 3 4 3 4 2 1 4 4 1 3 2 0
split_gain=7.87043e+06 723583 1.14593e+06 207402 199303 449743 172105 166520 139158 125278 111466 87697.7 61983.7 60132.1 50508.7 38165.1 24171.2 26597.3 8260.59 7745.87 5496.74
threshold=37855.17500000001 36041.67500000001 35692.500000000007 5758.5200000000013 31683.300000000007 2595.7850000000003 1.0000000180025095e-35 2312.7900000000004 35692.500000000007 1.234975698203449 38215.000000000007 1.1412642362143854 38215.000000000007 1804.3950000000002 28252.010000000002 33797.500000000007 37941.500000000007 40539.980000000003 0.74475989447490931 3510.6750000000006 31244.760000000002
decision_type=2 2 2 2 2 2 2 2 2 2 2 2 2 2 2 2 2 2 2 2 2
left_child=1 3 -3 8 5 20 12 -8 11 -7 -10 -1 -4 -6 18 -16 19 -18 -5 -15 -2
right_child=4 2 6 14 13 9 7 -9 10 -11 -12 -13 -14 16 15 -17 17 -19 -20 -21 -22
leaf_value=1.9261626727440775 25.691769409179678 29.19951057434082 4.3854454387318009 -4.7146191660563153 18.486839167276997 16.397999114990238 10.002277183532716 -0.6337511145550272 -1.7012538221763807 5.2052470779418938 4.8389169692993166 11.198601786295574 11.653665256500245 26.860678100585933 -1.1982184384383407 -2.7989163837571076 21.201365280151364 26.967349243164058 -3.4763886769612635 29.897332763671866 28.398980712890619
leaf_weight=17.000000000000004 5.0000000000000018 3.9999999999999991 10.999999999999998 14.999999999999998 3.0000000000000027 4.9999999999999982 3.9999999999999991 46 94 5 6.9999999999999991 2.9999999999999991 3.9999999999999991 7 51 138 4 4 132 3 3
leaf_count=17 5 4 11 15 3 5 4 46 94 5 7 3 4 7 51 138 4 4 132 3 3
internal_value=0.0590553 -1.54783 3.22477 -2.26842 21.7314 17.8707 1.62632 0.217131 -0.493429 10.8016 -1.24797 3.31703 6.32364 25.0406 -2.90763 -2.36698 26.1329 24.0844 -3.60274 27.7717 26.707
internal_weight=565 526 69 457 39 18 65 50 121 10 101 20 15 21 336 189 18 8 147 10 8
internal_count=565 526 69 457 39 18 65 50 121 10 101 20 15 21 336 189 18 8 147 10 8
is_linear=0
shrinkage=0.05


Tree=15
num_leaves=20
num_cat=0
split_feature=1 0 4 1 4 6 2 1 6 1 2 0 1 0 4 0 6 1 2
split_gain=6.15324e+06 881369 657182 377865 400330 253906 372178 143296 77968.5 72523.7 72098.9 49195.7 44304.9 39851.9 26252.9 26044.2 9876.04 9151.35 8275.73
threshold=38003.990000000013 31859.145000000004 35692.500000000007 33479.775000000009 35134.500000000007 77.500000000000014 2629.0100000000007 36234.655000000006 84.500000000000014 35548.040000000008 2031.0550000000003 32174.495000000006 28252.010000000002 31578.590000000004 37657.000000000007 31558.700000000001 79.500000000000014 23706.600000000002 3510.6750000000006
decision_type=2 2 2 2 2 2 2 2 2 2 2 2 2 2 2 2 2 2 2
left_child=1 3 11 12 -5 6 -2 -6 10 -4 -7 -3 17 -8 -14 -10 -11 -1 -12
right_child=5 2 9 4 7 8 13 -9 15 16 18 -13 14 -15 -16 -17 -18 -19 -20
leaf_value=-4.0293045770554317 24.504255371093755 18.044182078043601 -1.8252001094818118 15.712634277343751 -1.2508384937097219 17.562496439615845 9.9106271743774386 1.8082191420452938 21.351139831542969 4.0696934302647918 25.466388829549157 27.099175008138015 -2.3395843455283081 2.2871493975321449 1.3363565063476563 14.762747319539384 7.0785201263427728 -3.1617166475816205 28.402467346191408
leaf_weight=42 4.9999999999999982 3.0000000000000027 4.9999999999999991 3.9999999999999991 121 3.0000000000000062 4 56 2.9999999999999991 5.9999999999999982 11.999999999999998 3 170 3 4.9999999999999991 3 5 110 2.9999999999999991
leaf_count=42 5 3 5 4 121 3 4 56 3 6 12 3 170 3 5 3 5 110 3
internal_value=0.0206103 -1.3381 8.45977 -1.76242 0.0704937 20.0238 14.0854 -0.283001 22.9931 3.1678 24.6384 22.5717 -2.77696 6.64342 -2.23456 18.0569 5.43734 -3.40144 26.0536
internal_weight=566 530 22 508 181 36 12 177 24 16 18 6 327 7 175 6 11 152 15
internal_count=566 530 22 508 181 36 12 177 24 16 18 6 327 7 175 6 11 152 15
is_linear=0
shrinkage=0.05


Tree=16
num_leaves=23
num_cat=0
split_feature=3 6 2 4 0 3 4 0 4 2 0 3 3 4 2 0 2 3 4 2 2 6
split_gain=3.82634e+06 1.22889e+06 907689 1.27266e+06 422940 215665 213427 441674 183693 172819 81723 66862.8 63692.3 50569.9 47007.3 43579.2 64751.9 39283.3 23984.9 12756.7 6588.37 825.4
threshold=1.2166583009160299 75.500000000000014 4737.3700000000008 35217.000000000007 31306.450000000004 1.2069286717289935 37941.500000000007 32317.205000000005 37657.000000000007 4356.8350000000009 30105.155000000002 1.0818691036941752 0.93242574133736011 35397.500000000007 4548.0250000000005 31347.380000000005 2410.9250000000006 1.2458442924015294 37941.500000000007 17025.480000000003 3510.6750000000006 73.500000000000014
decision_type=2 2 2 2 2 2 2 2 2 2 2 2 2 2 2 2 2 2 2 2 2 2
left_child=2 10 3 9 14 -6 15 -8 12 -1 21 -10 19 -14 -5 16 -3 -12 -13 -4 -17 -2
right_child=1 6 8 4 5 -7 7 -9 11 -11 17 18 13 -15 -16 20 -18 -19 -20 -21 -22 -23
leaf_value=16.635195255279541 -1.8655928611755375 23.291542561848949 -3.0799773031001472 -1.1779500331278101 4.5662758629662648 18.535005950927737 3.4186875534057601 24.434740600585936 -1.7970235490798949 32.510591634114576 2.3159762700398754 8.9889699618021659 -0.99952205101197422 -2.5074655043763041 5.2215272903442385 24.234768295288092 14.294884745279944 10.407460021972653 3.7465712651610374 -4.461262793289988 26.982343546549473 -0.84984182119369489
leaf_weight=3.9999999999999991 3.9999999999999982 6.0000000000000018 139 66 35 2.9999999999999991 5.0000000000000018 5 4.9999999999999991 3 3 2.9999999999999991 88 151 2.9999999999999991 7.9999999999999982 3 3 7.9999999999999991 19 3 4
leaf_count=4 4 6 139 66 35 3 5 5 5 3 3 3 88 151 3 8 3 3 8 19 3 4
internal_value=0.0174084 14.1826 -1.16526 2.78436 1.43313 5.66907 19.8909 13.9267 -2.25548 23.4389 1.95061 2.99715 -2.46717 -1.95224 -0.899712 22.873 20.2927 6.36172 5.17632 -3.24608 24.9841 -1.35772
internal_weight=571 44 527 114 107 38 30 10 413 7 14 16 397 239 69 20 9 6 11 158 11 8
internal_count=571 44 527 114 107 38 30 10 413 7 14 16 397 239 69 20 9 6 11 158 11 8
is_linear=0
shrinkage=0.05


Tree=17
num_leaves=19
num_cat=0
split_feature=1 1 4 2 2 4 4 6 1 2 4 0 2 1 2 3 1 1
split_gain=4.79291e+06 769706 1.34872e+06 378786 182938 345824 151226 147100 208567 97789 50074.2 45798.9 30374.1 28194.9 24740.2 22955 20238 14189.6
threshold=37774.35500000001 36041.67500000001 35692.500000000007 4074.8350000000005 5197.0250000000005 35134.500000000007 38215.000000000007 86.500000000000014 38465.170000000006 2312.7900000000004 37657.000000000007 30883.055000000004 1804.3950000000002 26267.390000000003 2687.8350000000005 1.0818691036941752 36693.465000000004 38898.225000000006
decision_type=2 2 2 2 2 2 2 2 2 2 2 2 2 2 2 2 2 2
left_child=1 4 16 7 5 -1 9 8 14 -4 13 -7 -10 -6 -2 -12 -3 -5
right_child=3 2 6 17 10 11 -8 -9 12 -11 15 -13 -14 -15 -16 -17 -18 -19
leaf_value=16.658473714192709 7.2611541748046875 21.312475585937502 9.5028120676676444 6.8833010355631519 -3.3071343021392821 -1.7351887902948591 10.736013984680177 7.3816931406656909 15.990434455871563 0.24506560646254441 -1.6414809793233875 0.48511370932683351 21.314826812744144 -2.318155325025089 13.682504272460935 3.4402914524078363 26.745130920410151 2.0202361106872551
leaf_weight=2.9999999999999991 2.9999999999999991 2.9999999999999991 2.9999999999999991 2.9999999999999991 100 45 3.9999999999999991 2.9999999999999991 3.0000000000000027 58 3.9999999999999982 48 25 258 3 5 4 3
leaf_count=3 3 3 3 3 100 45 4 3 3 58 4 48 25 258 3 5 4 3
internal_value=0.0452047 -1.24561 3.56367 16.1053 -1.99349 -0.0502356 1.31794 17.9951 18.9316 0.700365 -2.5018 -0.589226 20.7444 -2.59441 10.4718 1.18173 24.4169 4.45177
internal_weight=578 535 72 43 463 96 65 37 34 61 367 93 28 358 6 9 7 6
internal_count=578 535 72 43 463 96 65 37 34 61 367 93 28 358 6 9 7 6
is_linear=0
shrinkage=0.05


Tree=18
num_leaves=22
num_cat=0
split_feature=1 1 4 3 1 2 4 1 1 1 3 1 2 1 4 6 4 1 4 1 0
split_gain=4.4825e+06 643495 1.03323e+06 492461 265347 202071 177475 135779 100833 66030.1 84343.9 54577.2 68476.2 40206.6 38133.3 33593.2 32375.6 13736.7 9937.08 3621.33 2777.39
threshold=38003.990000000013 34370.405000000006 35692.500000000007 1.1587804532921291 36110.165000000008 3732.5650000000005 38215.000000000007 37128.760000000002 39257.420000000006 38993.790000000008 1.234975698203449 30672.995000000006 9828.9250000000011 35917.480000000003 35692.500000000007 83.500000000000014 37657.000000000007 24333.055000000004 34732.500000000007 16269.880000000003 32425.120000000003
decision_type=2 2 2 2 2 2 2 2 2 2 2 2 2 2 2 2 2 2 2 2 2
left_child=1 11 3 4 -3 9 7 -4 -7 10 16 17 14 -8 -13 20 -2 19 -19 -1 -11
right_child=5 2 6 -5 -6 8 13 -9 -10 15 -12 12 -14 -15 -16 -17 -18 18 -20 -21 -22
leaf_value=-5.1469072977701824 15.227272987365708 3.3480388747321221 -1.3820913162548096 26.317598571777342 20.518646748860679 2.4718177795410159 3.3614394950866706 2.1164351394543282 15.43540598551432 21.082859929402659 8.6322175343831358 -0.2033822341822088 4.9154195904731752 9.7023043060302712 -2.1685497812650825 15.756536165873209 22.572972615559891 -2.227074133747756 -2.9872147610313018 -3.3612446245157495 22.485472106933596
leaf_weight=2.9999999999999991 3.0000000000000018 9.0000000000000018 96 4.9999999999999991 2.9999999999999991 2.9999999999999991 4.9999999999999982 39 3 12.000000000000005 3 32 3.9999999999999991 5 108 2.9999999999999991 3 99 76 53 4.9999999999999991
leaf_count=3 3 9 96 5 3 3 5 39 3 12 3 32 4 5 108 3 3 99 76 53 5
internal_value=-0.0314331 -1.16143 1.47195 13.1339 7.64069 17.306 0.104682 -0.371406 8.95361 19.0341 15.4775 -2.29905 -1.53507 6.53187 -1.71937 20.6346 18.9001 -2.7753 -2.55719 -3.45691 21.4954
internal_weight=572 537 162 17 12 35 145 135 6 29 9 375 144 10 140 20 6 231 175 56 17
internal_count=572 537 162 17 12 35 145 135 6 29 9 375 144 10 140 20 6 231 175 56 17
is_linear=0
shrinkage=0.05


Tree=19
num_leaves=18
num_cat=0
split_feature=1 0 4 1 4 3 2 6 1 8 4 1 1 2 4 2 6
split_gain=4.33423e+06 586244 286890 274660 433971 329217 163585 144359 132699 101478 90639.4 34997.8 29035.1 28803.8 25633.8 11928.2 9496.58
threshold=37855.17500000001 31859.145000000004 35692.500000000007 33479.775000000009 35865.000000000007 1.1496117951323483 4074.8350000000005 86.500000000000014 38465.170000000006 4.5000000000000009 37941.500000000007 27751.255000000005 35548.040000000008 1804.3950000000002 37657.000000000007 18532.700000000001 78.500000000000014
decision_type=2 2 2 2 2 2 2 2 2 2 2 2 2 2 2 2 2
left_child=1 3 -3 11 5 -5 7 8 -2 -6 -8 15 -4 -10 -13 -1 -14
right_child=6 2 12 4 9 -7 10 -9 13 -11 -12 14 16 -15 -16 -17 -18
leaf_value=-2.8758967563754223 10.030136413574219 17.911635589599598 -0.49569091002146409 1.4954312849044802 -1.5956492678864915 11.97106724580129 13.870447794596354 6.1111740748087566 14.210985612869246 2.1743115930330186 1.5795736948649086 -1.979945281770692 2.7591061909993502 19.385227394104007 1.6443797487020495 -6.0672218322753908 6.1214647838047567
leaf_weight=122 4.9999999999999991 5.0000000000000027 2.9999999999999991 20 119 11.999999999999998 2.9999999999999991 2.9999999999999991 3.0000000000000027 21 3 201 2.9999999999999982 26 4.9999999999999991 2.9999999999999991 7
leaf_count=122 5 5 3 20 119 12 3 3 3 21 3 201 3 26 5 3 7
internal_value=0.126265 -1.13296 7.73326 -1.45024 0.17058 5.42379 15.3833 16.6252 17.5529 -1.03016 7.72501 -2.29247 3.8185 18.85 -1.89198 -2.95249 5.11276
internal_weight=564 521 18 503 172 32 43 37 34 140 6 331 13 29 206 125 10
internal_count=564 521 18 503 172 32 43 37 34 140 6 331 13 29 206 125 10
is_linear=0
shrinkage=0.05


Tree=20
num_leaves=22
num_cat=0
split_feature=3 0 0 4 2 4 4 0 5 3 0 2 3 3 0 2 2 2 2 0 0
split_gain=2.60067e+06 929324 669775 348722 279363 359946 181273 481568 161435 129983 79959.6 217026 77469 39041.9 32968.5 30110.3 28000.4 7669.78 4033.92 197.502 38.3296
threshold=1.2084574114048838 30525.060000000001 31859.145000000004 35692.500000000007 4737.3700000000008 35217.000000000007 37941.500000000007 32317.205000000005 18.500000000000004 1.188940285511052 31347.380000000005 2595.7850000000003 1.1153400216496447 0.89920049967375515 32174.495000000006 4548.0250000000005 3018.6550000000002 3510.6750000000006 6963.7600000000011 29717.425000000007 32457.300000000007
decision_type=2 2 2 2 2 2 2 2 2 2 2 2 2 2 2 2 2 2 2 2 2
left_child=2 16 4 14 5 -1 10 -8 -7 13 11 -3 18 -6 -4 -14 -2 -12 -5 -18 -9
right_child=1 6 3 12 9 8 7 20 -10 -11 17 -13 15 -15 -16 -17 19 -19 -20 -21 -22
leaf_value=18.062752024332681 2.9520466804504397 19.940795462472092 14.171478780110661 0.51085435549418134 -2.7898796316236258 7.2502917528152473 -0.90064247131347686 20.236142476399735 -0.18295067176222801 8.3787208557128903 20.442635938856338 3.8670631408691394 10.639087168375655 -1.7345919773679417 21.584138997395826 4.5041148185729973 -1.5692461967468259 23.361877950032554 -2.0820578734079991 -2.0661135792732237 19.983392333984369
leaf_weight=2.9999999999999991 4.9999999999999991 7.0000000000000018 3.0000000000000027 2.9999999999999991 128 7.9999999999999991 4.9999999999999982 3 84 2.9999999999999991 8.9999999999999982 3 2.9999999999999982 278 3 6 4 2.9999999999999991 3 4 3
leaf_count=3 5 7 3 3 128 8 5 3 84 3 9 3 3 278 3 6 4 3 3 4 3
internal_value=-0.0599593 11.3398 -1.05879 7.69025 -1.42334 1.01919 15.8003 10.5596 0.463418 -1.99067 18.4207 15.1187 3.61522 -2.06729 17.8778 6.54911 0.0168303 21.1724 -0.785602 -1.81768 20.1098
internal_weight=571 46 525 21 504 95 33 11 92 409 22 10 15 406 6 9 13 12 6 8 6
internal_count=571 46 525 21 504 95 33 11 92 409 22 10 15 406 6 9 13 12 6 8 6
is_linear=0
shrinkage=0.05


Tree=21
num_leaves=18
num_cat=0
split_feature=1 1 4 2 6 4 2 4 4 2 1 3 0 1 2 3 0
split_gain=3.3025e+06 507337 775211 166687 142115 129925 128787 219861 97911.6 86517.3 50341.9 78888.9 46367.5 25673.6 23722.4 20807.8 4718.51
threshold=38003.990000000013 36041.67500000001 35692.500000000007 4548.0250000000005 86.500000000000014 38215.000000000007 4737.3700000000008 35217.000000000007 37657.000000000007 6057.6200000000008 38993.790000000008 1.234975698203449 31026.525000000005 27751.255000000005 4356.8350000000009 1.0818691036941752 32028.415000000005
decision_type=2 2 2 2 2 2 2 2 2 2 2 2 2 2 2 2 2
left_child=1 6 14 4 10 9 7 -1 13 -4 11 -2 -9 -8 -3 -10 -12
right_child=3 2 5 -5 -6 -7 8 12 15 -11 16 -13 -14 -15 -16 -17 -18
leaf_value=13.682512664794922 17.139473064740493 16.989814758300781 0.3817419489224752 3.5372407277425135 5.5032901763916016 11.479593149820964 -2.6703951628633251 -1.4030107342145024 -1.1132499327262244 9.0933664162953693 17.564329757690427 7.2091602961222314 1.4019462502991351 -1.8108358464182768 23.277680969238276 3.6950576464335123 19.100316314697267
leaf_weight=2.9999999999999991 6.0000000000000018 2.9999999999999991 57 2.9999999999999991 2.9999999999999991 2.9999999999999991 129 34 2.9999999999999991 2.9999999999999991 10.000000000000002 3 26 266 3 8.9999999999999982 9.9999999999999982
leaf_count=3 6 3 57 3 3 3 129 34 3 3 10 3 26 266 3 9 10
internal_value=-0.0765483 -1.04299 2.96059 14.8066 15.8631 1.32505 -1.63075 0.472949 -1.95638 0.817323 16.9349 13.8294 -0.187529 -2.09155 20.1337 2.49298 18.3323
internal_weight=574 539 69 35 32 63 470 63 407 60 29 9 60 395 6 12 20
internal_count=574 539 69 35 32 63 470 63 407 60 29 9 60 395 6 12 20
is_linear=0
shrinkage=0.05


Tree=22
num_leaves=18
num_cat=0
split_feature=1 1 4 2 4 8 6 6 2 1 2 2 2 4 2 4 2
split_gain=3.37425e+06 365938 583487 282325 110249 123955 103290 125167 48831.8 37132.4 65714.6 28194.2 29605.2 24517.7 11460.5 7804.49 3097.17
threshold=38003.990000000013 34370.405000000006 35217.000000000007 4928.1750000000002 35987.500000000007 4.5000000000000009 86.500000000000014 75.500000000000014 4251.9350000000013 30672.995000000006 9361.5750000000025 3732.5650000000005 1804.3950000000002 35692.500000000007 17025.480000000003 34732.500000000007 18532.700000000001
decision_type=2 2 2 2 2 2 2 2 2 2 2 2 2 2 2 2 2
left_child=1 9 3 -3 8 -6 7 -2 -4 14 13 12 -9 -11 15 -1 -16
right_child=6 2 4 -5 5 -7 -8 11 -10 10 -12 -13 -14 -15 16 -17 -18
leaf_value=-1.9464344285084652 6.5457497119903572 23.78281936645508 7.5882521788279185 3.4918394088745113 -1.0669607960447973 2.7052424290350507 5.2281260808308927 11.882754071553535 2.1350608348846438 -0.24012816602533515 6.0419274648030603 12.478177413940429 17.151043883959453 -1.7940327204357496 -3.1564673287527896 -2.5501689151093201 -4.7340608119964598
leaf_weight=130 3.9999999999999991 3.9999999999999991 6.0000000000000027 3 98 28 2.9999999999999991 3.0000000000000027 12.999999999999998 33 2.9999999999999991 4.9999999999999991 24 110 14.000000000000002 91 3.9999999999999991
leaf_count=130 4 4 6 3 98 28 3 3 13 33 3 5 24 110 14 91 4
internal_value=-0.0586152 -1.08993 0.987347 15.0867 0.306689 -0.228693 14.1418 14.8846 3.85712 -1.91005 -1.28179 15.927 16.5657 -1.43544 -2.29384 -2.19503 -3.50704
internal_weight=576 537 152 7 145 126 39 36 19 385 146 32 27 143 239 221 18
internal_count=576 537 152 7 145 126 39 36 19 385 146 32 27 143 239 221 18
is_linear=0
shrinkage=0.05


Tree=23
num_leaves=22
num_cat=0
split_feature=3 0 0 4 2 4 3 0 2 4 3 6 2 0 3 3 0 0 2 6 0
split_gain=2.26671e+06 582529 485666 267311 197630 229467 252430 141998 358445 116629 112728 40228.4 37265.4 36867.1 34721.4 25502.1 24633.8 19438.8 17669.6 7424.85 19.3478
threshold=1.2084574114048838 30525.060000000001 31859.145000000004 35692.500000000007 4737.3700000000008 35692.500000000007 1.1496117951323483 31683.300000000007 2877.1500000000001 38215.000000000007 1.188940285511052 83.500000000000014 6846.5950000000003 32174.495000000006 1.234975698203449 0.88500393559201118 32174.495000000006 31800.090000000004 3018.6550000000002 79.500000000000014 29717.425000000007
decision_type=2 2 2 2 2 2 2 2 2 2 2 2 2 2 2 2 2 2 2 2 2
left_child=2 18 4 16 5 6 -1 8 14 -7 15 -10 13 -5 -3 -6 -4 -9 -2 -19 -20
right_child=1 7 3 12 10 9 -8 17 11 -11 -12 -13 -14 -15 -16 -17 -18 19 20 -21 -22
leaf_value=2.0782516479492186 2.5121807861328129 19.214365234374991 12.223889668782538 2.5864221360948352 -2.4922762913279017 -0.29053658827757228 20.424171956380206 19.401424865722646 5.1150131225585938 9.7558016459147154 6.6308160781860357 -2.2087724367777501 -2.0439267158508301 8.9866872151692707 13.758982930864605 -1.5744803284177717 18.631411743164058 13.536559041341148 -1.4226037025451657 16.408810424804688 -1.6021764119466142
leaf_weight=5 4.9999999999999982 5.0000000000000018 3.0000000000000027 8.9999999999999982 101 78 3 5.0000000000000027 5 2.9999999999999991 3.9999999999999991 3 2.9999999999999991 2.9999999999999991 7 302 3 2.9999999999999991 3 8.9999999999999982 3
leaf_count=5 5 5 3 9 101 78 3 5 5 3 4 3 3 3 7 302 3 3 3 9 3
internal_value=0.0254296 10.4191 -0.939552 6.50819 -1.25488 0.879431 8.95797 13.4224 10.5667 0.08155 -1.7216 2.36859 2.94041 4.18649 16.0321 -1.8045 15.4277 16.7821 0.31696 15.6907 -1.51239
internal_weight=565 48 517 21 496 89 8 37 20 81 407 8 15 12 12 403 6 17 11 12 6
internal_count=565 48 517 21 496 89 8 37 20 81 407 8 15 12 12 403 6 17 11 12 6
is_linear=0
shrinkage=0.05


Tree=24
num_leaves=21
num_cat=0
split_feature=1 1 4 6 6 4 7 1 4 3 1 4 1 8 5 1 3 4 6 6
split_gain=2.50099e+06 463781 679399 121090 142059 122142 105734 99935.2 174010 229763 60636.1 60406.2 52439.3 47480.8 25180 13134.2 11975.6 9464.69 9339.34 1701.2
threshold=38003.990000000013 36041.67500000001 35692.500000000007 77.500000000000014 86.500000000000014 37941.500000000007 1.5000000000000002 31575.965000000004 35692.500000000007 1.1532894769286688 37237.020000000011 37941.500000000007 39227.465000000004 4.5000000000000009 20.500000000000004 36693.465000000004 0.75965260794981937 34732.500000000007 78.500000000000014 75.500000000000014
decision_type=2 2 2 2 2 2 2 2 2 2 2 2 2 2 2 2 2 2 2 2
left_child=1 7 15 5 14 12 10 16 9 -9 -4 -8 -2 -10 18 -3 19 -18 -5 -1
right_child=3 2 6 4 -6 -7 11 8 13 -11 -12 -13 -14 -15 -16 -17 17 -19 -20 -21
leaf_value=-3.7061474391392282 7.0371116638183615 15.235402679443361 2.4556519483818722 19.662707010904882 4.7201058705647787 -0.024271456400553379 2.2024754524230956 1.4798734098672868 -1.5355216093039772 15.951189422607422 7.9849228995186952 -1.5368974942300055 15.782054519653318 0.72131831135068625 12.73027060031891 19.611941146850583 -1.5714135430579963 -2.2042677048149457 16.606673685709634 -2.7715981125831606
leaf_weight=7.0000000000000027 2.9999999999999982 2.9999999999999991 17.000000000000004 3.0000000000000098 2.9999999999999991 3 18 32 139 2.9999999999999991 6.9999999999999991 27 4 28 3.9999999999999991 4 129 109 14.999999999999998 15.999999999999998
leaf_count=7 3 3 17 3 3 3 18 32 139 3 7 27 4 28 4 4 129 109 15 16
internal_value=0.114951 -0.726075 2.89398 13.0668 14.9268 8.41667 1.38824 -1.3203 -0.485302 2.72027 4.06836 -0.0411483 12.0342 -1.15713 16.3186 17.7363 -1.96654 -1.86125 17.116 -3.05603
internal_weight=574 539 76 35 25 10 69 463 202 35 24 45 7 167 22 7 261 238 18 23
internal_count=574 539 76 35 25 10 69 463 202 35 24 45 7 167 22 7 261 238 18 23
is_linear=0
shrinkage=0.05


Tree=25
num_leaves=24
num_cat=0
split_feature=1 1 4 2 0 7 2 2 1 4 4 2 0 8 1 1 2 1 0 1 4 1 1
split_gain=1.94559e+06 413775 616345 146690 186157 83924.4 98103.5 70230.3 68530.9 87407.3 48803.3 61172.8 46441.3 42319.1 30909.3 15513.5 14304.8 12346.5 8337.3 7601.3 10088.3 2463.58 1323.57
threshold=37855.17500000001 36110.165000000008 35692.500000000007 2629.0100000000007 31780.940000000006 1.0000000180025095e-35 2312.7900000000004 2972.7550000000006 31059.805000000004 35692.500000000007 37941.500000000007 3440.0800000000004 31578.590000000004 4.5000000000000009 34087.070000000007 39227.465000000004 4356.8350000000009 39429.160000000011 31306.450000000004 24333.055000000004 34732.500000000007 16269.880000000003 39517.895000000011
decision_type=2 2 2 2 2 2 2 2 2 2 2 2 2 2 2 2 2 2 2 2 2 2 2
left_child=1 8 16 15 7 12 -7 18 19 14 -6 -12 -4 -11 -10 -2 -3 -9 -5 21 -21 -1 -17
right_child=3 2 5 4 10 6 -8 17 9 13 11 -13 -14 -15 -16 22 -18 -19 -20 20 -22 -23 -24
leaf_value=-3.8771964391072595 18.584268188476567 14.892010879516603 9.3313048362731941 6.6852561950683542 18.040522003173837 7.77092399597168 -0.40005374987920128 3.1670318603515617 0.47205416008278178 -1.5533029894828798 14.663147125244137 5.6318792978922509 2.7329173579812052 0.42440042441541498 3.5218743960062664 13.886982727050778 19.459409586588535 -1.3692082405090329 10.412922159830726 -1.4518072217401832 -2.1711623785396417 -2.4011630583782591 15.27630271911621
leaf_weight=2.9999999999999991 3.9999999999999982 3.9999999999999991 3.9999999999999991 3.0000000000000018 3.9999999999999973 3.9999999999999991 45 3 27 150 5 3 7.9999999999999991 33 11.999999999999998 3 3 3 3 99 96 49 4
leaf_count=3 4 4 4 3 4 4 45 3 27 150 5 3 8 33 12 3 3 3 3 99 96 49 4
internal_value=-0.103235 -0.847701 2.7973 11.319 9.12756 1.18475 0.266965 4.724 -1.37619 -0.738659 13.5311 11.2764 4.93238 -1.19667 1.41046 16.1003 16.8495 0.898912 8.54909 -1.94919 -1.80595 -2.48632 14.6809
internal_weight=572 537 68 35 24 61 49 12 469 222 12 8 12 183 39 11 7 6 6 247 195 52 7
internal_count=572 537 68 35 24 61 49 12 469 222 12 8 12 183 39 11 7 6 6 247 195 52 7
is_linear=0
shrinkage=0.05


Tree=26
num_leaves=18
num_cat=0
split_feature=1 1 4 7 1 4 4 6 5 8 4 1 4 6 7 0 0
split_gain=1.91507e+06 323579 582452 83393.5 76442.1 157864 63370.1 58180.2 74039.1 48735.5 44929.9 34576.1 23436.1 20577.8 16431.6 9919.25 4057.94
threshold=37855.17500000001 36041.67500000001 35692.500000000007 1.5000000000000002 33479.775000000009 33317.500000000007 36890.000000000007 75.500000000000014 20.500000000000004 4.5000000000000009 35692.500000000007 38660.595000000008 37657.000000000007 78.500000000000014 2.5000000000000004 31558.700000000001 32174.495000000006
decision_type=2 2 2 2 2 2 2 2 2 2 2 2 2 2 2 2 2
left_child=1 4 16 6 12 -6 -4 -2 11 -5 -7 -9 14 -13 -1 -10 -3
right_child=7 2 3 9 5 10 -8 8 15 -11 -12 13 -14 -15 -16 -17 -18
leaf_value=-1.1535745016078358 5.2944461822509767 18.572083028157554 1.2611887171864506 -1.2174644632772966 9.5765712022781369 2.1386632714952745 6.7191539406776428 8.5055286407470643 4.6226195017496741 2.7669999217987065 -0.87679009172178457 11.837018804550167 1.7477614998817446 14.853925616924579 -1.9270718898925374 8.6885859171549455 15.971462504069008
leaf_weight=97 3.9999999999999991 2.9999999999999991 13.000000000000002 33 3.9999999999999991 13.999999999999998 8.9999999999999982 4.0000000000000027 2.9999999999999991 9.9999999999999982 105 10.000000000000002 4.9999999999999991 12.999999999999998 235 3 3
leaf_count=97 4 3 13 33 4 14 9 4 3 10 105 10 5 13 235 3 3
internal_value=-0.00922239 -0.775599 2.36609 0.990177 -1.26051 -0.193621 3.49399 10.9893 11.6796 -0.290845 -0.522031 12.796 -1.64991 13.5422 -1.70108 6.6556 17.2718
internal_weight=568 531 71 65 460 123 22 37 33 43 119 27 337 23 332 6 6
internal_count=568 531 71 65 460 123 22 37 33 43 119 27 337 23 332 6 6
is_linear=0
shrinkage=0.05


Tree=27
num_leaves=21
num_cat=0
split_feature=1 1 4 1 0 8 2 6 6 1 1 2 2 1 4 4 1 4 2 4
split_gain=1.81031e+06 214543 470284 166733 136969 129182 104275 93385.3 72938.9 115339 38125.2 34246.3 31697.3 22506.8 45563.5 26723.8 10661.3 11413.1 4589.59 2198.44
threshold=37774.35500000001 34328.145000000011 35692.500000000007 36110.165000000008 30484.650000000005 4.5000000000000009 3732.5650000000005 77.500000000000014 86.500000000000014 38465.170000000006 35598.070000000007 1804.3950000000002 4689.3000000000002 31575.965000000004 35692.500000000007 37657.000000000007 24333.055000000004 34732.500000000007 18532.700000000001 33565.000000000007
decision_type=2 2 2 2 2 2 2 2 2 2 2 2 2 2 2 2 2 2 2 2
left_child=1 13 3 4 -3 12 8 -8 9 -2 -7 -11 -4 16 19 -16 18 -18 -1 -15
right_child=6 2 5 -5 -6 10 7 -9 -10 11 -12 -13 -14 14 15 -17 17 -19 -20 -21
leaf_value=-2.189394283294678 5.1655713653564419 14.387973594665532 -0.21093841152531759 16.631927490234375 1.6185456275939938 0.70839800563725541 0.80730022430419912 11.965872955322263 3.9211059252421059 8.4730332692464092 4.5322541177272795 14.167785332419655 -1.9235466631976044 0.67941151965748159 -1.5401194880063507 2.6396297872066499 -1.1559929045763881 -1.9114461643861074 -3.9458058357238772 1.6790566444396973
leaf_weight=53 5.0000000000000027 2.9999999999999982 70 4.9999999999999991 7 11.000000000000002 5 3 2.9999999999999991 3.0000000000000027 15.999999999999998 22 44 11.000000000000002 87 3.9999999999999991 99 101 3.9999999999999991 10.999999999999998
leaf_count=53 5 3 70 5 7 11 5 3 3 3 16 22 44 11 87 4 99 101 4 11
internal_value=-0.00637294 -0.79515 0.760001 9.17689 5.44937 -0.135413 10.1131 4.99176 11.3546 12.0979 2.97439 13.4844 -0.871945 -1.45084 -0.862732 -1.35639 -1.70942 -1.5375 -2.31265 1.17923
internal_weight=567 526 156 15 10 141 41 8 33 30 27 25 114 370 113 91 257 200 57 22
internal_count=567 526 156 15 10 141 41 8 33 30 27 25 114 370 113 91 257 200 57 22
is_linear=0
shrinkage=0.05


Tree=28
num_leaves=24
num_cat=0
split_feature=3 0 2 4 3 2 0 0 3 7 6 4 5 3 3 4 0 7 4 2 2 6 2
split_gain=1.43949e+06 368486 233602 251923 220098 128515 209316 107923 75797.1 66755.8 61841.3 48052 45209.3 30853.1 30715.8 22990.5 22452.5 20810 19168.9 17367.8 16490.6 7351.25 61.1209
threshold=1.2069286717289935 30525.060000000001 4737.3700000000008 35692.500000000007 1.1358994381720218 2877.1500000000001 31683.300000000007 31347.380000000005 1.188940285511052 1.5000000000000002 78.500000000000014 37657.000000000007 19.500000000000004 1.234975698203449 1.0818691036941752 36890.000000000007 31859.145000000004 4.5000000000000009 37941.500000000007 3967.5600000000009 3018.6550000000002 83.500000000000014 4149.2000000000007
decision_type=2 2 2 2 2 2 2 2 2 2 2 2 2 2 2 2 2 2 2 2 2 2 2
left_child=2 20 3 4 12 13 18 19 11 -9 -8 17 -1 21 -13 -15 -6 -4 -7 -5 -2 -3 -22
right_child=1 5 8 7 16 6 10 9 -10 -11 -12 14 -14 15 -16 -17 -18 -19 -20 -21 22 -23 -24
leaf_value=7.4485440889994328 2.5655388355255129 14.117083129882808 -1.1705196899825772 -1.4241367623209955 17.858639017740884 3.6571576754252102 5.8847475647926331 4.4786690776608884 6.6455526987711595 -0.7066699478361339 13.1446120522239 -1.4151943296194078 -0.068880637486775712 12.610018157958987 3.5804648160934449 7.4774468739827462 11.741376241048174 -1.9418807816776362 -0.81135010719299305 0.43898297018475002 -1.259321150779724 17.247844950358068 -1.5447935740152992
leaf_weight=2.9999999999999982 3.9999999999999991 5.0000000000000018 259 41 2.9999999999999991 6.0000000000000018 3.9999999999999991 20 2.9999999999999991 9.0000000000000018 10.999999999999998 4.9999999999999991 6 7.9999999999999982 7.9999999999999991 3 3 132 4 18 5 3 3
leaf_count=3 4 5 259 41 3 6 4 20 3 9 11 5 6 8 8 3 3 132 4 18 5 3 3
internal_value=0.101182 7.71071 -0.734374 1.39279 7.38216 9.82883 7.47309 0.37188 -1.2727 2.86943 11.2086 -1.3315 2.43693 12.9285 1.65906 11.2102 14.8 -1.43093 1.86975 -0.855727 -0.0557359 15.2911 -1.36637
internal_weight=566 56 510 103 15 44 25 88 407 29 15 404 9 19 13 11 6 391 10 59 12 8 8
internal_count=566 56 510 103 15 44 25 88 407 29 15 404 9 19 13 11 6 391 10 59 12 8 8
is_linear=0
shrinkage=0.05


Tree=29
num_leaves=17
num_cat=0
split_feature=1 0 4 2 4 2 6 7 3 6 2 6 1 7 4 0
split_gain=1.3012e+06 241289 156716 121039 200576 76869.2 82885.5 72265.3 71088.1 63446.8 65347.9 46487.8 23656.7 21310.4 18535.7 15760.8
threshold=37774.35500000001 31843.890000000003 35692.500000000007 4966.8700000000008 35217.000000000007 3732.5650000000005 77.500000000000014 1.5000000000000002 1.188940285511052 84.500000000000014 1804.3950000000002 81.500000000000014 38465.170000000006 1.0000000180025095e-35 37657.000000000007 32174.495000000006
decision_type=2 2 2 2 2 2 2 2 2 2 2 2 2 2 2 2
left_child=1 3 15 4 -1 9 -7 -6 14 10 -2 13 -12 -4 -5 -3
right_child=5 2 11 8 7 6 -8 -9 -10 -11 12 -13 -14 -15 -16 -17
leaf_value=10.251219329833985 4.0037396748860585 8.7005346934000549 2.343025830388068 -1.4670889215979805 1.4513749117944756 0.58421058177947993 11.09677670796712 -1.0384499539347256 6.3132754007975258 4.1801882743835455 7.7093785603841063 7.5122838338216145 12.470784950256348 -1.5989100178082785 0.82900636394818639 13.825771840413408
leaf_weight=4.9999999999999991 3.0000000000000062 3.0000000000000027 8.0000000000000018 376 51 5 3 68 2.9999999999999991 3.9999999999999991 3.0000000000000027 2.9999999999999991 20 5.9999999999999991 8.9999999999999982 3
leaf_count=5 3 3 8 376 51 5 3 68 3 4 3 3 20 6 9 3
internal_value=-0.0590039 -0.694012 4.31594 -0.919068 0.44082 8.88124 4.52642 0.0286178 -1.35367 10.0425 10.9444 1.86398 11.8497 0.653625 -1.41341 11.2632
internal_weight=573 535 23 512 124 38 8 119 388 30 26 17 23 14 385 6
internal_count=573 535 23 512 124 38 8 119 388 30 26 17 23 14 385 6
is_linear=0
shrinkage=0.05


Tree=30
num_leaves=25
num_cat=0
split_feature=1 0 1 4 1 8 0 4 1 1 6 1 4 5 7 7 1 1 3 3 1 7 3 1
split_gain=1.29208e+06 234935 146523 148974 87546.2 141615 83525.1 59679.9 167693 60014.9 68520 59535.3 46930.8 35662.4 27389.4 16272.7 15129.7 13171.4 12237.2 7160.27 7026.4 3847.5 3098.14 952.804
threshold=37855.17500000001 31683.300000000007 36312.155000000006 35692.500000000007 34174.720000000008 4.5000000000000009 30351.545000000002 37941.500000000007 39873.30000000001 39081.615000000013 81.500000000000014 38660.595000000008 35865.000000000007 19.500000000000004 1.0000000180025095e-35 4.5000000000000009 40539.980000000003 30672.995000000006 1.2423680512764912 1.1118529149582879 36785.750000000007 3.5000000000000004 1.2305877188387628 39517.895000000011
decision_type=2 2 2 2 2 2 2 2 2 2 2 2 2 2 2 2 2 2 2 2 2 2 2 2
left_child=1 4 14 20 15 12 -7 9 -9 10 11 -2 -6 -5 -3 17 -10 -1 -11 -17 -4 -16 -12 -20
right_child=7 2 3 13 5 6 -8 8 16 18 22 -13 -14 -15 21 19 -18 -19 23 -21 -22 -23 -24 -25
leaf_value=-1.3787786050814472 2.4387605667114247 3.5511923360824564 11.386248270670574 0.69356731176376352 1.8658650580574485 11.399640909830715 2.506061991236427 -2.3539274454116828 7.7954062143961567 15.075601387023926 13.348552958170572 11.065414683024086 -0.97171397203323895 6.7885111808776841 0.068967294692993175 -1.7159823888698513 12.492652130126951 -0.63826001070658955 10.984065246582029 -3.8685585975646974 14.808332570393876 -1.5888073240007672 11.0762061436971 12.111188049316404
leaf_weight=146 6.0000000000000018 5.0000000000000027 2.9999999999999991 5.9999999999999982 17 3.0000000000000027 22 3.9999999999999982 3 3.9999999999999991 2.9999999999999991 3 102 4 6.9999999999999982 113 4 102 3 3.9999999999999991 3 7 3 5
leaf_count=146 6 5 3 6 17 3 22 4 3 4 3 3 102 4 7 113 4 102 3 4 3 7 3 5
internal_value=0.00347722 -0.619175 3.34332 6.8687 -0.891645 0.152341 3.57329 8.91723 5.81283 10.182 8.07354 5.31431 -0.566346 3.13154 0.374583 -1.30352 10.4795 -1.07421 12.8175 -1.78957 13.0973 -0.75992 12.2124 11.6885
internal_weight=582 544 35 16 509 144 25 38 11 27 15 9 119 10 19 365 7 248 12 117 6 14 6 8
internal_count=582 544 35 16 509 144 25 38 11 27 15 9 119 10 19 365 7 248 12 117 6 14 6 8
is_linear=0
shrinkage=0.05


Tree=31
num_leaves=22
num_cat=0
split_feature=1 2 7 3 7 1 0 2 2 0 3 2 8 1 2 0 8 3 2 7 6
split_gain=1.21365e+06 199003 209650 222672 118899 147019 68829.5 134765 56133.9 53281.2 22556.7 41906.8 18216.6 17391.6 13554.2 9389.86 9170.01 7023.73 5531.95 5348.33 1598.39
threshold=37855.17500000001 4790.5100000000011 3.5000000000000004 1.1587804532921291 1.5000000000000002 36041.67500000001 31780.940000000006 2972.7550000000006 2595.7850000000003 31347.380000000005 1.0730127683517734 9285.9150000000027 4.5000000000000009 39744.43 2219.9600000000005 30655.355000000007 4.5000000000000009 1.2479847952484593 2471.6800000000007 2.5000000000000004 83.500000000000014
decision_type=2 2 2 2 2 2 2 2 2 2 2 2 2 2 2 2 2 2 2 2 2
left_child=1 2 4 -4 5 -1 7 8 14 -10 15 12 -12 -8 -2 19 -17 -15 -6 -3 -19
right_child=6 10 3 -5 18 -7 13 -9 9 -11 11 -13 -14 17 -16 16 -18 20 -20 -21 -22
leaf_value=0.44791809043218928 10.693314971923815 -1.1403013280000198 -0.35440702438354504 15.472984161376951 0.74051604270935067 5.7292201798213158 14.388869857788087 -0.09807185649871826 3.8109068552653 11.971883646647132 -1.0805373032887777 5.3128819624582926 0.53581150511036746 8.4637432734171565 14.944463348388666 -1.400902211368084 -0.55763475337514179 12.009709167480466 -1.1841739841036283 -1.7774434265801471 10.482950719197589
leaf_weight=43 5.0000000000000053 44 3.9999999999999982 5 3.9999999999999991 19 3.9999999999999991 4.9999999999999991 5.9999999999999982 3 72 2.9999999999999991 23 2.9999999999999982 3 80 54 4 56 131 3
leaf_count=43 5 44 4 5 4 19 4 5 6 3 72 3 23 3 3 80 54 4 56 131 3
internal_value=-0.0261373 -0.62087 1.07413 8.43859 0.530852 2.06638 8.86181 7.11776 9.24006 6.53123 -1.16644 -0.505473 -0.689211 11.6025 12.2875 -1.37606 -1.06108 10.4879 -1.05586 -1.61725 11.3554
internal_weight=574 538 131 9 122 62 36 22 17 9 407 98 95 14 8 309 134 10 60 175 7
internal_count=574 538 131 9 122 62 36 22 17 9 407 98 95 14 8 309 134 10 60 175 7
is_linear=0
shrinkage=0.05


Tree=32
num_leaves=19
num_cat=0
split_feature=1 2 4 7 1 3 6 2 3 4 2 3 3 6 6 2 1 2
split_gain=1.17915e+06 182206 441332 102966 122652 68620.8 81262.1 84875.5 57535.5 46873.6 35426.6 26061.6 19109.2 54467.4 13484.5 11629.7 10658.2 8729.56
threshold=37774.35500000001 4737.3700000000008 35217.000000000007 1.5000000000000002 36041.67500000001 1.2069286717289935 77.500000000000014 4074.8350000000005 1.188940285511052 37657.000000000007 4356.8350000000009 1.0818691036941752 1.234975698203449 84.500000000000014 83.500000000000014 14992.780000000001 39517.895000000011 2410.9250000000006
decision_type=2 2 2 2 2 2 2 2 2 2 2 2 2 2 2 2 2 2
left_child=1 2 10 4 -4 -2 7 16 9 15 -1 -11 14 -14 -8 -3 -7 -5
right_child=5 8 3 17 -6 6 12 -9 -10 11 -12 -13 13 -15 -16 -17 -18 -19
leaf_value=10.547857920328777 0.96095085144042969 -1.1250138541255301 0.5436209362906379 1.6656830151875814 5.9035938966274264 7.2766226768493674 10.897484350204465 0.43687681198120115 5.8455177307128912 -1.3080654311180115 18.231887817382809 3.1130471992492676 11.042698721452194 4.2293967008590698 14.828260040283205 -2.0923089083503275 11.219117736816404 -1.1027719052774567
leaf_weight=2.9999999999999991 2.9999999999999991 361 37 2.9999999999999991 14.999999999999998 3.9999999999999982 8.0000000000000018 5 2.9999999999999991 4.9999999999999991 3 9.9999999999999982 10.999999999999998 3.9999999999999991 2.9999999999999991 34 3 56
leaf_count=3 3 361 37 3 15 4 8 5 3 5 3 10 11 4 3 34 3 56
internal_value=0.0717866 -0.560175 1.18161 0.467655 2.08977 8.24105 8.81579 5.41235 -1.05361 -1.10409 14.3899 1.63934 10.3866 9.22582 11.9695 -1.20827 8.96626 -0.962003
internal_weight=571 530 117 111 52 41 38 12 413 410 6 15 26 15 11 395 7 59
internal_count=571 530 117 111 52 41 38 12 413 410 6 15 26 15 11 395 7 59
is_linear=0
shrinkage=0.05


Tree=33
num_leaves=24
num_cat=0
split_feature=1 1 4 3 4 2 1 6 6 3 1 2 5 1 2 4 3 3 3 1 6 4 3
split_gain=1.0371e+06 152958 253200 128193 74132.4 57583.7 48081.5 126505 83098.1 35516.4 33774.9 14062.5 13885.6 13321.8 48771.9 18219.2 9548.35 8110.69 7473.4 6135.03 3444.31 3374.19 2586.31
threshold=37855.17500000001 34660.280000000006 35692.500000000007 1.1623153717739958 38215.000000000007 2031.0550000000003 39081.615000000013 85.500000000000014 81.500000000000014 1.232422692668351 38003.990000000013 4356.8350000000009 18.500000000000004 29740.100000000002 10647.320000000002 35397.500000000007 1.2423680512764912 1.2479847952484593 1.2458442924015294 18500.555000000004 75.500000000000014 34732.500000000007 1.2305877188387628
decision_type=2 2 2 2 2 2 2 2 2 2 2 2 2 2 2 2 2 2 2 2 2 2 2
left_child=1 13 3 11 5 -4 8 16 9 10 -2 -3 -6 19 15 -15 -8 -18 -11 20 -1 -21 -10
right_child=6 2 4 -5 12 -7 7 -9 22 18 -12 -13 -14 14 -16 -17 17 -19 -20 21 -22 -23 -24
leaf_value=-3.943945725758871 4.2585937499999966 6.8412240982055685 5.7475507736206062 15.097600746154782 7.3384678522745794 -0.35685432880325657 12.327409973144514 -0.55618170102437336 11.472144063313802 7.7121552785237615 -3.2441696802775057 2.5110912704467769 3.1723000923792517 -0.13759824442413618 4.0779765892028808 -1.2293241972470808 7.8743475914001468 10.47413813273112 4.1828955332438147 -1.1547711377218366 -1.9876706229315866 -1.6090309250739314 9.3959664026896146
leaf_weight=2.9999999999999991 3.0000000000000018 2.9999999999999982 3.9999999999999991 4 2.9999999999999982 113 5.0000000000000062 2.9999999999999991 2.9999999999999991 3 3 5 6 53 4.9999999999999991 137 3.9999999999999991 11.999999999999998 3 120 8.9999999999999982 62 3
leaf_count=3 3 3 4 4 3 113 5 3 3 3 3 5 6 53 5 137 4 12 3 120 9 62 3
internal_value=0.0216154 -0.581004 0.849162 7.78913 0.188213 -0.148157 7.58305 9.04815 5.6296 3.22737 0.507212 4.13489 4.56102 -1.08836 -0.796514 -0.92479 10.4202 9.82419 5.94753 -1.38172 -2.47674 -1.30952 10.4341
internal_weight=569 527 138 12 126 117 42 24 18 12 6 8 9 389 195 190 21 16 6 194 12 182 6
internal_count=569 527 138 12 126 117 42 24 18 12 6 8 9 389 195 190 21 16 6 194 12 182 6
is_linear=0
shrinkage=0.05


Tree=34
num_leaves=21
num_cat=0
split_feature=1 2 4 3 7 5 6 1 4 4 2 2 1 2 3 4 1 3 2 1
split_gain=1.04715e+06 129485 180478 239546 59331.8 74228 40002.6 52499.9 38662.2 43979.4 26110.2 22268 18263.3 17368.7 28446.2 11642 16945.2 9127.17 5458.76 630.413
threshold=37855.17500000001 4737.3700000000008 35692.500000000007 1.1358994381720218 1.5000000000000002 18.500000000000004 86.500000000000014 38465.170000000006 37657.000000000007 37941.500000000007 4356.8350000000009 5758.5200000000013 35264.180000000008 1804.3950000000002 1.2423680512764912 37332.500000000007 29740.100000000002 1.2231501256029709 2471.6800000000007 34328.145000000011
decision_type=2 2 2 2 2 2 2 2 2 2 2 2 2 2 2 2 2 2 2 2
left_child=1 2 3 12 5 -4 7 17 15 -10 -5 -11 -1 -9 -15 16 -3 -2 -6 -17
right_child=6 8 4 10 18 -7 -8 13 9 11 -12 -13 -14 14 -16 19 -18 -19 -20 -21
leaf_value=-2.7895651340484626 6.0675100326538089 -1.2946336149626516 6.6784049034118658 10.47590866088867 1.1775206883748373 0.75001203146847817 2.3775000254313152 5.6316246032714785 6.9612827936808319 2.5959479141235349 17.072651163736975 -1.9220556418100991 2.3712508678436275 11.93705181545681 8.4942962318658832 -1.6856065750122071 -0.59010039185689889 2.1672604242960607 -1.013754263409862 -2.1118875330144706
leaf_weight=2.9999999999999982 2.9999999999999991 187 5.9999999999999991 3 2.9999999999999991 44 2.9999999999999991 3.0000000000000027 2.9999999999999973 5 3 6 4 9.0000000000000018 18 41 157 3 54 10.999999999999998
leaf_count=3 3 187 6 3 3 44 3 3 3 5 3 6 4 9 18 41 157 3 54 11
internal_value=0.0174581 -0.564394 0.88019 6.44323 0.204306 1.46142 7.92468 8.38694 -0.987199 1.59509 13.7743 0.131582 0.159473 9.24086 9.64188 -1.07849 -0.973088 4.11739 -0.898424 -1.77578
internal_weight=569 530 120 13 107 50 39 36 410 14 6 11 7 30 27 396 344 6 57 52
internal_count=569 530 120 13 107 50 39 36 410 14 6 11 7 30 27 396 344 6 57 52
is_linear=0
shrinkage=0.05


Tree=35
num_leaves=17
num_cat=0
split_feature=1 0 1 4 3 8 4 6 4 3 1 3 1 0 8 7
split_gain=716040 120611 73263.2 173963 186596 52877.6 45275.7 41373.2 60977.6 42474.7 19102.9 15677.1 22550.5 13065.2 8870.46 6271.51
threshold=37855.17500000001 32174.495000000006 33479.775000000009 35692.500000000007 1.1587804532921291 4.5000000000000009 35692.500000000007 77.500000000000014 37217.000000000007 1.2554011339549793 39227.465000000004 1.2166583009160299 38598.990000000005 30502.150000000005 4.5000000000000009 2.5000000000000004
decision_type=2 2 2 2 2 2 2 2 2 2 2 2 2 2 2 2
left_child=1 2 13 4 -4 -5 -3 8 10 11 -2 -9 -13 15 -15 -1
right_child=7 6 3 5 -6 -7 -8 9 -10 -11 -12 12 -14 14 -16 -17
leaf_value=-0.95981029705567789 3.7599372863769549 10.786400095621746 2.120909068319532 -0.83742864445178178 14.059855270385743 1.6221051798417019 2.099656987190246 6.1402378082275311 -0.12456630706787107 2.9623826384544376 8.8067657470703118 13.255246988932292 8.4460133809309745 -1.0497201625022803 -0.27319702847437427 -1.5989687512240074
leaf_weight=55 2.9999999999999982 2.9999999999999991 18.000000000000004 137 3.9999999999999991 26 3 5.0000000000000062 5 3.9999999999999991 5 2.9999999999999991 12.999999999999998 111 55 127
leaf_count=55 3 3 18 137 4 26 3 5 5 4 5 3 13 111 55 127
internal_value=-0.138782 -0.606461 -0.685817 0.118177 4.29163 -0.44511 6.44303 6.49488 4.20699 7.68459 6.91421 8.58405 9.34774 -1.11323 -0.792438 -1.40582
internal_weight=577 539 533 185 22 163 6 38 13 25 8 21 16 348 166 182
internal_count=577 539 533 185 22 163 6 38 13 25 8 21 16 348 166 182
is_linear=0
shrinkage=0.05


Tree=36
num_leaves=23
num_cat=0
split_feature=3 0 2 2 4 2 7 0 6 2 4 4 0 6 4 3 3 4 6 4 0 4
split_gain=632855 243093 127639 120949 186146 93220.1 64740.1 56737 50617.7 49336.4 31690.2 41158.5 19705 16914.9 9616.54 14056.2 8845.48 25209.4 5970.62 4835.09 4131.86 248.738
threshold=1.2069286717289935 31188.350000000002 2629.0100000000007 4790.5100000000011 35217.000000000007 4356.8350000000009 1.5000000000000002 31026.525000000005 77.500000000000014 4074.8350000000005 37657.000000000007 37941.500000000007 31085.695000000003 85.500000000000014 37332.500000000007 0.95973312857638216 1.2423680512764912 36890.000000000007 78.500000000000014 37941.500000000007 30351.545000000002 37487.500000000007
decision_type=2 2 2 2 2 2 2 2 2 2 2 2 2 2 2 2 2 2 2 2 2 2
left_child=3 2 -2 4 5 -1 7 -6 9 -3 14 -12 -13 19 15 -5 17 -10 -18 -4 -8 -16
right_child=1 8 13 10 6 -7 20 -9 16 -11 11 12 -14 -15 21 -17 18 -19 -20 -21 -22 -23
leaf_value=3.8585565567016604 8.3965737915039007 8.3397979736328125 0.93321335315704257 -1.1721181774139404 -0.51097068461504846 15.518144480387367 -1.8413865609602498 2.679653975838109 6.5202394485473576 -0.72813097635904933 6.6394826253255248 -2.2857664489746088 1.9642849564552305 -4.0272633870442709 -1.7024244384765623 -0.53425801593902311 6.0221199353535972 11.29082734849718 8.5653794074058549 -0.8051566481590271 -0.72654531668214239 -1.4888782469431561
leaf_weight=3.9999999999999991 5.0000000000000027 2.9999999999999991 8.0000000000000053 185 22 3 10.999999999999998 38 4.0000000000000027 3 2.9999999999999973 5 6 2.9999999999999991 25 162 2.9999999999999991 8.9999999999999982 9.9999999999999982 7.9999999999999991 34 30
leaf_count=4 5 3 8 185 22 3 11 38 4 3 3 5 6 3 25 162 3 9 10 8 34 30
internal_value=0.0384455 5.09248 1.28856 -0.497589 0.96086 8.85552 0.43455 1.50976 7.94542 3.80583 -0.890248 1.44824 0.0324434 -0.581965 -0.971688 -0.874328 8.90071 9.82295 7.97847 0.0640284 -0.999062 -1.58594
internal_weight=584 56 24 528 112 7 105 60 32 6 416 14 11 19 402 347 26 13 13 16 45 55
internal_count=584 56 24 528 112 7 105 60 32 6 416 14 11 19 402 347 26 13 13 16 45 55
is_linear=0
shrinkage=0.05


Tree=37
num_leaves=20
num_cat=0
split_feature=1 0 4 1 2 1 2 2 6 3 0 1 1 4 4 6 7 6 1
split_gain=616052 94847.7 88999.9 75819.7 69107 56143.3 42883.7 77916.3 54076.6 33561.3 28208.8 19763.5 27150 19083.5 14219.1 14135 7985.6 3536.85 3463.52
threshold=37855.17500000001 31836.315000000006 37941.500000000007 39873.30000000001 4310.3750000000009 38465.170000000006 4737.3700000000008 4225.4150000000009 85.500000000000014 1.188940285511052 30502.150000000005 36693.465000000004 37483.625000000007 37657.000000000007 38215.000000000007 80.500000000000014 4.5000000000000009 76.500000000000014 36204.250000000007
decision_type=2 2 2 2 2 2 2 2 2 2 2 2 2 2 2 2 2 2 2
left_child=1 6 5 -4 11 15 7 10 -9 16 -1 -3 -13 17 18 -2 -8 -7 -6
right_child=2 4 3 -5 14 13 9 8 -10 -11 -12 12 -14 -15 -16 -17 -18 -19 -20
leaf_value=-1.5350696164018969 2.0877308845520002 2.7514794349670386 -3.03834884017706 6.1972948396205894 -1.4960631394386295 6.8029558817545492 -0.74062143590977303 1.9348957827216697 9.1584085822105408 3.6999914646148682 0.30344752823864973 11.085237884521483 4.3584300994873031 11.923271636962891 2.7000952529907227 6.627952321370441 -1.2149237726132076 8.7397578846324588 0.36499098777770994
leaf_weight=34 4.0000000000000027 3.0000000000000018 3.9999999999999982 5 4.9999999999999982 3.0000000000000027 259 19.000000000000004 2.9999999999999991 3.9999999999999991 54 3 3 4.9999999999999991 4.9999999999999991 3 135 10.999999999999998 5
leaf_count=34 4 3 4 5 5 3 259 19 3 4 54 3 3 5 5 3 135 11 5
internal_value=-0.0475179 -0.47025 6.37801 2.09256 2.60127 7.86144 -0.615362 0.258473 2.91992 -0.856874 -0.406889 6.06505 7.72183 9.27171 0.523008 4.03354 -0.903136 8.32473 -0.565536
internal_weight=567 532 35 9 24 26 508 110 22 398 88 9 6 19 15 7 394 14 10
internal_count=567 532 35 9 24 26 508 110 22 398 88 9 6 19 15 7 394 14 10
is_linear=0
shrinkage=0.05


Tree=38
num_leaves=21
num_cat=0
split_feature=1 1 4 2 4 3 5 6 4 4 4 5 0 0 0 4 3 0 4 2
split_gain=570190 132520 148850 38164.2 58893.7 45602.3 36968.2 32724.5 30769.9 37337.7 35381.5 22968.2 20303.5 32035.9 18636.6 12560.1 14800.9 12152.3 8759.15 3667.87
threshold=38095.650000000009 36204.250000000007 35692.500000000007 4737.3700000000008 35692.500000000007 1.1228354990847276 20.500000000000004 75.500000000000014 37941.500000000007 38215.000000000007 36890.000000000007 18.500000000000004 31949.185000000001 32389.380000000001 31780.940000000006 37657.000000000007 1.0818691036941752 31558.700000000001 35397.500000000007 4225.4150000000009
decision_type=2 2 2 2 2 2 2 2 2 2 2 2 2 2 2 2 2 2 2 2
left_child=1 3 19 4 5 -1 7 -2 10 -10 -4 -6 14 -14 -9 18 -17 -8 -5 -3
right_child=6 2 8 15 11 -7 17 12 9 -11 -12 -13 13 -15 -16 16 -18 -19 -20 -21
leaf_value=1.5431617724895474 2.7715412378311135 7.9727205912272145 0.65745990616934646 -0.70405688655509835 4.1512401421864835 9.3407970110575338 0.4086948394775391 7.952746304598719 -0.90079539489746085 5.0024661064147953 3.9024860927036835 -0.34143614169887521 1.6285601298014325 7.6872604876756672 12.398650105794271 -1.4606174945831303 2.4659040609995522 4.9091119110584245 -1.1926745433822956 10.445191701253252
leaf_weight=5 4.0000000000000027 2.9999999999999991 21 229 2.9999999999999991 3 2.9999999999999991 11.000000000000002 25.000000000000004 2.9999999999999991 13.999999999999998 55 2.9999999999999991 7.9999999999999991 2.9999999999999991 3.9999999999999982 6 3 153 3
leaf_count=5 4 3 21 229 3 3 3 11 25 3 14 55 3 8 3 4 6 3 153 3
internal_value=0.0514944 -0.358937 1.68381 -0.666686 0.44565 4.46727 6.23141 6.97055 0.967127 -0.268303 1.95547 -0.109056 7.6424 6.03489 8.90544 -0.853968 0.895295 2.6589 -0.89976 9.20896
internal_weight=562 527 69 458 66 8 35 29 63 28 35 58 25 11 14 392 10 6 382 6
internal_count=562 527 69 458 66 8 35 29 63 28 35 58 25 11 14 392 10 6 382 6
is_linear=0
shrinkage=0.05


Tree=39
num_leaves=22
num_cat=0
split_feature=1 0 2 4 6 1 6 6 0 0 4 0 7 5 6 8 4 2 2 0 8
split_gain=407225 88880.1 114141 56449.3 50896.4 73584.7 41525.6 41291.7 29882.2 38209.8 20476.8 13034.5 13294.4 11086.5 10665.5 7711.56 7671.46 15160.4 8257.88 7604.46 4579.09
threshold=37855.17500000001 31347.380000000005 4689.3000000000002 35692.500000000007 85.500000000000014 39081.615000000013 81.500000000000014 78.500000000000014 31912.580000000005 31306.450000000004 38215.000000000007 30119.620000000003 4.5000000000000009 18.500000000000004 75.500000000000014 4.5000000000000009 37657.000000000007 3164.0600000000004 3795.4650000000006 32065.465000000004 4.5000000000000009
decision_type=2 2 2 2 2 2 2 2 2 2 2 2 2 2 2 2 2 2 2 2 2
left_child=1 11 3 7 5 8 -5 -3 9 -2 15 16 14 -7 -13 -4 18 -18 -1 -15 -14
right_child=4 2 10 6 -6 13 -8 -9 -10 -11 -12 12 20 19 -16 -17 17 -19 -20 -21 -22
leaf_value=-3.4536536693572999 -0.15648665428161623 8.9500487645467128 -0.85708212414566354 1.1055149827314459 -1.3795574347178141 4.6185220559438021 6.1330815887451173 1.7657170062263803 -1.6264940897623701 5.7167532708909778 2.7897794151306154 0.48263654997854522 -1.3579940963674475 9.0370090484619094 -0.49962603729437377 0.32956252098083499 -2.4324786504109692 2.0634977722167966 -1.1484204406208463 6.9183440526326496 -0.37048417091369634
leaf_weight=3.9999999999999991 3.9999999999999991 5.9999999999999982 49 23.000000000000004 2.9999999999999991 3.0000000000000027 4.9999999999999991 3 2.9999999999999991 8.9999999999999982 4.9999999999999991 33 54 8.0000000000000018 170 19 3 5 135 8.9999999999999982 14.999999999999998
leaf_count=4 4 6 49 23 3 3 5 3 3 9 5 33 54 8 170 19 3 5 135 9 15
internal_value=-0.0531743 -0.416685 0.848211 3.11053 4.87752 5.39895 2.00329 6.55527 2.87158 3.9096 -0.298444 -0.748758 -0.543744 7.42084 -0.339948 -0.52552 -1.1281 0.377507 -1.21476 7.91536 -1.14332
internal_weight=568 529 110 37 39 36 28 9 16 13 73 419 272 20 203 68 147 8 139 17 69
internal_count=568 529 110 37 39 36 28 9 16 13 73 419 272 20 203 68 147 8 139 17 69
is_linear=0
shrinkage=0.05


Tree=40
num_leaves=23
num_cat=0
split_feature=1 0 2 5 0 4 0 1 1 1 0 4 1 2 4 0 0 1 1 4 2 1
split_gain=434124 84136.1 81762.7 103664 52745.4 39714.6 112368 39151.3 23434.5 33297.6 22227.7 18085.2 10512.8 31952.5 30510.6 9881.99 5696.57 9866.86 5169.71 5766.82 2986.02 937.816
threshold=38095.650000000009 31229.420000000002 4689.3000000000002 18.500000000000004 31727.995000000006 37941.500000000007 32028.415000000005 37128.760000000002 38993.790000000008 38598.990000000005 31460.010000000006 38215.000000000007 31575.965000000004 9828.9250000000011 35692.500000000007 32457.300000000007 31780.940000000006 39429.160000000011 24144.750000000004 34732.500000000007 18532.700000000001 39517.895000000011
decision_type=2 2 2 2 2 2 2 2 2 2 2 2 2 2 2 2 2 2 2 2 2 2
left_child=1 12 3 10 -5 8 -7 11 9 -2 -3 -4 18 14 -14 -8 21 -18 20 -20 -1 -10
right_child=5 2 7 4 -6 6 15 -9 16 -11 -12 -13 13 -15 -16 -17 17 -19 19 -21 -22 -23
leaf_value=-1.3414974171182383 7.9769357681274364 5.5364529927571624 -0.50632661337202245 0.12765989104906719 4.1875799777607119 -2.7059208512306219 8.7350511550903303 5.4771251042683922 6.1700584411621122 1.8564969635009765 11.623005676269528 2.3307984908421835 1.2515187519788744 4.6341654539108275 -0.83715857644732916 4.9388383547464993 10.481197834014891 6.6878922780354806 -0.5853895823569859 -1.1661238601041395 -2.7657673597335819 7.3395236968994126
leaf_weight=46 4.0000000000000018 2.9999999999999991 88 24 11.999999999999998 4.9999999999999982 4 2.9999999999999991 2.9999999999999982 5 3 5.9999999999999991 20 2.9999999999999991 139 3 4 3 85 86 3.9999999999999991 4
leaf_count=46 4 3 88 24 12 5 4 3 3 5 3 6 20 3 139 3 4 3 85 86 4 4
internal_value=-0.0400758 -0.401525 0.652177 2.49508 1.48097 5.35069 3.01893 -0.145779 6.56726 4.57669 8.57973 -0.325234 -0.78394 -0.477976 -0.574432 7.1081 7.84691 8.8555 -1.00822 -0.877455 -1.45544 6.83832
internal_weight=557 522 139 42 36 35 12 97 23 9 6 94 383 162 159 7 14 7 221 171 50 7
internal_count=557 522 139 42 36 35 12 97 23 9 6 94 383 162 159 7 14 7 221 171 50 7
is_linear=0
shrinkage=0.05


Tree=41
num_leaves=23
num_cat=0
split_feature=1 1 0 7 6 2 0 6 5 2 2 0 0 1 2 0 0 1 8 1 7 3
split_gain=411791 86057.1 66343.1 64826.7 33428.9 30594.7 58315.1 49906.8 24627 23383.4 48858.5 94472.5 30938.5 21904.8 17727 13162.3 12305.7 18712.7 11522.3 23338.1 7973.93 7118.75
threshold=37855.17500000001 36234.655000000006 31254.450000000004 3.5000000000000004 82.500000000000014 2595.7850000000003 31306.450000000004 78.500000000000014 18.500000000000004 4737.3700000000008 4225.4150000000009 31227.860000000004 30195.450000000004 36785.750000000007 2219.9600000000005 31683.300000000007 32317.205000000005 39517.895000000011 4.5000000000000009 31575.965000000004 5.5000000000000009 1.1955500705760556
decision_type=2 2 2 2 2 2 2 2 2 2 2 2 2 2 2 2 2 2 2 2 2 2
left_child=1 9 13 4 -4 14 8 -8 -7 10 12 -12 -1 -3 16 -9 17 -2 20 -20 -11 -15
right_child=5 2 3 -5 -6 6 7 15 -10 18 11 -13 -14 21 -16 -17 -18 -19 19 -21 -22 -23
leaf_value=-2.1128260079552148 1.3846155802408859 3.7637639999389609 1.5479102982415092 8.8806100845336911 7.1114267985026052 2.7912708282470673 0.21287068128585798 4.3299500787258145 -3.6153703689575183 -0.78084459822256491 10.869622548421225 0.62416436672210696 0.42415572070493934 -3.0332158406575487 9.1974319458007816 7.4239069158380691 8.0989229838053358 6.9692273457845033 -0.73648128253909262 0.59574913951483643 -1.4829088348608752 -0.45558821678161626
leaf_weight=17 2.9999999999999982 3.0000000000000027 27.000000000000004 3.9999999999999991 2.9999999999999991 3.0000000000000027 4.0000000000000027 4.9999999999999991 3 182 2.9999999999999991 8.9999999999999982 41 3.0000000000000027 4.9999999999999991 10.999999999999998 3 3 130 44 52 25
leaf_count=17 3 3 27 4 3 3 4 5 3 182 3 9 41 3 5 11 3 3 130 44 52 25
internal_value=0.0299035 -0.330762 1.37619 2.90148 2.10426 4.92593 3.91123 5.20821 -0.41205 -0.562878 0.28141 3.18553 -0.319442 -0.296712 6.81039 6.45705 5.48426 4.17692 -0.707732 -0.399595 -0.936859 -0.731763
internal_weight=583 543 65 34 30 40 26 20 6 478 70 12 58 31 14 16 9 6 408 174 234 28
internal_count=583 543 65 34 30 40 26 20 6 478 70 12 58 31 14 16 9 6 408 174 234 28
is_linear=0
shrinkage=0.05


Tree=42
num_leaves=22
num_cat=0
split_feature=1 2 4 7 5 6 2 3 0 4 4 1 1 4 4 5 2 4 1 2 0
split_gain=306804 62714.7 87274.6 39082.4 44795.8 25794.9 34499.7 40444.9 31228.8 30083.6 22257.2 16915.5 15236.6 13419.9 36414.6 10247.5 7547.65 6401.48 36137.1 5981.24 2709.2
threshold=37855.17500000001 4966.8700000000008 35217.000000000007 1.5000000000000002 18.500000000000004 77.500000000000014 3207.5950000000007 1.234975698203449 32065.465000000004 37941.500000000007 37657.000000000007 39744.43 38898.225000000006 37657.000000000007 37941.500000000007 19.500000000000004 6234.6400000000003 35397.500000000007 31575.965000000004 4834.170000000001 31311.295000000002
decision_type=2 2 2 2 2 2 2 2 2 2 2 2 2 2 2 2 2 2 2 2 2
left_child=1 2 -1 4 -4 9 7 10 -8 12 -7 -9 -2 17 -15 -10 -16 18 -3 -5 -19
right_child=5 13 3 19 -6 6 8 11 15 -11 -12 -13 -14 14 16 -17 -18 20 -20 -21 -22
leaf_value=7.0124748611450203 1.3117504755655931 -0.82628318414532487 4.4181642638312448 -0.74925713765210122 0.61297499656677257 3.779490152994788 11.770120239257816 -2.1419415791829426 3.4637885411580394 -1.9791013081868485 8.5945249557495114 3.1677120804786671 6.0255696296691887 5.6849845886230472 0.61920392990112316 7.329575538635253 -2.2947465658187864 -1.1794071735097813 1.3071467627178539 1.0530837917327882 -0.69949080217175374
leaf_weight=4.9999999999999991 2.9999999999999982 203 8.9999999999999982 58 55 6.0000000000000053 2.9999999999999982 2.9999999999999991 3 3 4 3 4 2.9999999999999991 4.9999999999999982 4 4 104 22 4.9999999999999991 41
leaf_count=5 3 203 9 58 55 6 3 3 3 3 4 3 4 3 5 4 4 104 22 5 41
internal_value=-0.0940785 -0.406607 0.532939 0.277839 1.14808 4.36813 5.19817 3.75827 7.502 2.21002 5.7055 0.512885 4.00536 -0.731266 0.914332 5.67281 -0.675885 -0.784637 -0.617681 -0.606214 -1.04371
internal_weight=550 514 132 127 64 36 26 16 10 10 10 6 7 382 12 7 9 370 225 63 145
internal_count=550 514 132 127 64 36 26 16 10 10 10 6 7 382 12 7 9 370 225 63 145
is_linear=0
shrinkage=0.05


Tree=43
num_leaves=18
num_cat=0
split_feature=1 0 1 1 8 4 1 6 4 3 6 0 5 2 4 1 4
split_gain=276431 82512.9 39945.5 97566.3 45062.9 39855.5 28949.6 58874.2 29313.4 25314.6 31559.4 12210.6 11607.5 10246.3 10028.1 9611.33 6652.86
threshold=37728.740000000013 31873.325000000001 34851.185000000005 34939.42500000001 4.5000000000000009 35692.500000000007 39081.615000000013 85.500000000000014 37941.500000000007 1.234975698203449 81.500000000000014 29652.095000000005 18.500000000000004 5073.3900000000003 35397.500000000007 39429.160000000011 38215.000000000007
decision_type=2 2 2 2 2 2 2 2 2 2 2 2 2 2 2 2 2
left_child=1 2 11 -4 -5 -3 8 12 9 10 -2 13 -8 -1 -13 -14 -7
right_child=6 5 3 4 -6 16 7 -9 -10 -11 -12 14 15 -15 -16 -17 -18
leaf_value=-4.1386614799499517 2.736588382720945 7.0288044738769528 9.2579671223958329 -0.30093199965929746 2.3575045108795165 0.24525717020034798 3.3022721926371177 -1.3808163166046143 -2.056576442718506 0.31519410133361819 8.1759719848632812 -0.30043880069014534 8.8140276908874515 -1.1528144304366674 -0.86093618618707135 5.9839325825373333 2.9810326874256128
leaf_weight=2.9999999999999991 8.0000000000000053 4.9999999999999991 2.9999999999999991 99 19 4.9999999999999982 3.0000000000000062 2.9999999999999991 2.9999999999999991 4.9999999999999991 3.9999999999999991 176 3.9999999999999991 68 146 11.999999999999998 4
leaf_count=3 8 5 3 99 19 5 3 3 3 5 4 176 4 68 146 12 4
internal_value=-0.0271616 -0.337713 -0.44087 0.353506 0.127121 3.4496 3.87692 5.12853 2.50014 3.30427 4.54972 -0.685449 6.15632 -1.27898 -0.554577 6.69146 1.46116
internal_weight=570 528 514 121 118 14 42 22 20 17 12 393 19 71 322 16 9
internal_count=570 528 514 121 118 14 42 22 20 17 12 393 19 71 322 16 9
is_linear=0
shrinkage=0.05


Tree=44
num_leaves=18
num_cat=0
split_feature=1 2 4 3 3 3 2 0 5 1 2 1 4 4 3 4 1
split_gain=307427 49816.8 79498.5 69494.1 35745.5 26699.5 38372.2 55664.7 44377.1 27589.3 25852.3 20589.3 14075.4 12632 9841.19 5987.31 569.91
threshold=37774.35500000001 4966.8700000000008 35217.000000000007 1.1587804532921291 1.188940285511052 1.2084574114048838 2595.7850000000003 31780.940000000006 20.500000000000004 39257.420000000006 2031.0550000000003 39227.465000000004 35692.500000000007 37657.000000000007 1.0818691036941752 35397.500000000007 39517.895000000011
decision_type=2 2 2 2 2 2 2 2 2 2 2 2 2 2 2 2 2
left_child=1 2 3 -1 13 -2 11 8 -8 -9 -4 -7 -12 15 -15 -3 -13
right_child=5 4 10 -5 -6 6 7 9 -10 -11 12 16 -14 14 -16 -17 -18
leaf_value=-0.090860080718994152 -0.27902908325195314 -0.56737293471316141 4.780837186177572 9.9761917114257788 4.8024815877278648 10.526332855224609 2.8612827968597401 2.004892985026042 -4.0723446607589722 7.6274137973785407 1.7154288689295454 5.2984966278076193 -0.083386137118113463 -0.98027452945709226 1.7863582505120172 -0.97474276062273812 6.0992144775390615
leaf_weight=2.9999999999999991 2.9999999999999991 224 2.9999999999999991 4 2.9999999999999991 2.9999999999999991 10.000000000000002 2.9999999999999991 2.9999999999999991 7.9999999999999991 11.999999999999998 3.9999999999999982 116 4.9999999999999991 8.9999999999999982 151 5
leaf_count=3 3 224 3 4 3 3 10 3 3 8 12 4 116 5 9 151 5
internal_value=-0.0315388 -0.346806 0.470196 5.66174 -0.634424 4.25287 4.63052 3.47624 1.26121 6.094 0.192785 6.93909 0.0852528 -0.676354 0.798275 -0.731407 5.74334
internal_weight=569 530 138 7 392 39 36 24 13 11 131 12 128 389 14 375 9
internal_count=569 530 138 7 392 39 36 24 13 11 131 12 128 389 14 375 9
is_linear=0
shrinkage=0.05


Tree=45
num_leaves=26
num_cat=0
split_feature=3 4 0 6 2 0 2 0 5 0 2 3 4 4 0 4 4 5 7 7 3 0 3 2 3
split_gain=198765 115374 72974.2 34890.6 53277 34244.9 41884.5 34095.3 25554.1 18972.7 17699.3 6791.84 12013.2 23077.7 11909.9 6316.01 5314.28 3859.59 1882.15 959.489 812.551 470.03 466.554 294.356 44.1019
threshold=1.1623153717739958 38137.000000000007 31188.350000000002 75.500000000000014 4689.3000000000002 31291.855000000003 4625.3050000000012 31354.535000000003 18.500000000000004 32238.850000000002 4497.3850000000011 0.89487562035980306 35397.500000000007 35134.500000000007 29386.195000000003 37332.500000000007 35397.500000000007 19.500000000000004 2.5000000000000004 5.5000000000000009 0.81230364281544654 31479.720000000005 1.2075761408604913 2629.0100000000007 1.1984617718924895
decision_type=2 2 2 2 2 2 2 2 2 2 2 2 2 2 2 2 2 2 2 2 2 2 2 2 2
left_child=7 2 3 15 -5 -4 -7 11 10 16 -9 18 13 -13 -14 -2 -10 21 20 -20 -1 23 24 -3 -19
right_child=1 17 5 4 -6 6 -8 8 9 -11 -12 12 14 -15 -16 -17 -18 22 19 -21 -22 -23 -24 -25 -26
leaf_value=-0.84101595878601065 -0.15132298221190765 0.16499234437942495 8.104915542602539 1.3062585207132194 8.6983547846476252 4.4337373386962069 0.1969358307974679 6.2930159250895183 0.68809563318888356 4.1325620710849762 1.2125209569931028 -0.3698366396750013 1.9472620844841004 1.6812303990125657 -0.81473203378249404 -2.7163143157958984 -0.21704775774478913 -1.7534491777420049 -0.93562696216737518 -1.2978757696151735 -0.27045364746680628 -0.80611389875411987 -1.229757900238037 -0.4104647350311279 -2.0070537567138667
leaf_weight=12.000000000000002 12.000000000000002 4.0000000000000018 4.9999999999999991 12.999999999999998 2.9999999999999991 35 6.9999999999999991 2.9999999999999991 24 2.9999999999999991 4 96 3.9999999999999991 15.999999999999998 161 2.9999999999999991 50 3.9999999999999982 68 25 12.999999999999998 3.9999999999999991 5 5 3
leaf_count=12 12 4 5 13 3 35 7 3 24 3 4 96 4 16 161 3 50 4 68 25 13 4 5 5 3
internal_value=0.0112004 2.00383 2.95122 1.06812 2.69228 4.19328 3.7276 -0.417278 0.497485 0.23454 3.38988 -0.61181 -0.476489 -0.0768271 -0.747775 -0.664321 0.0765123 -0.952022 -0.929471 -1.03301 -0.544324 -0.355139 -1.59865 -0.154706 -1.86214
internal_weight=582 103 78 31 16 47 42 479 84 77 7 395 277 112 165 15 74 25 118 93 25 13 12 9 7
internal_count=582 103 78 31 16 47 42 479 84 77 7 395 277 112 165 15 74 25 118 93 25 13 12 9 7
is_linear=0
shrinkage=0.05


Tree=46
num_leaves=23
num_cat=0
split_feature=1 0 2 5 0 1 3 2 2 0 3 8 0 2 4 0 2 2 4 1 2 0
split_gain=265784 66706.5 66347.2 50418.2 31722.2 29766 18556.5 23232.7 60203.2 32421.5 10212.9 9256.54 6563.67 7951.02 7356 5708.38 5683.41 4504.02 10890.8 9616.04 1935.64 1005.78
threshold=38003.990000000013 31229.420000000002 4737.3700000000008 18.500000000000004 31727.995000000006 37128.760000000002 1.2263793748600189 3207.5950000000007 2595.7850000000003 31347.380000000005 1.2423680512764912 4.5000000000000009 30119.620000000003 14873.245000000001 35397.500000000007 32317.205000000005 4497.3850000000011 3822.4100000000003 37657.000000000007 34111.225000000013 18532.700000000001 31949.185000000001
decision_type=2 2 2 2 2 2 2 2 2 2 2 2 2 2 2 2 2 2 2 2 2 2
left_child=1 12 3 16 -5 11 21 8 10 -10 -8 -4 17 14 -14 -9 -3 19 -19 -1 -15 -2
right_child=6 2 5 4 -6 -7 7 15 9 -11 -12 -13 13 20 -16 -17 -18 18 -20 -21 -22 -23
leaf_value=-4.2652780532836916 2.4687362670898438 7.3139629364013672 -0.64946161349614462 0.38970568108558656 3.2981856187184655 4.7885261853535974 8.8318890889485484 8.8800638834635404 -2.5395823955535883 3.8264873027801509 5.4110211849212648 0.36469039254718361 0.015021916537692673 -1.1740124344825744 -0.60419936622564618 6.1212277221679683 4.4350203196207669 -0.88521504722097344 1.7618487834930421 -1.0376814842224122 -2.4037350177764893 1.1740152994791664
leaf_weight=2.9999999999999991 2.9999999999999991 3.9999999999999991 60 25 14.999999999999998 2.9999999999999991 3.0000000000000062 3 4 4 7.9999999999999991 36 76 16.000000000000004 130 5 3 136 3.9999999999999991 9.9999999999999982 3.9999999999999991 3
leaf_count=3 3 4 60 25 15 3 3 3 4 4 8 36 76 16 130 5 3 136 4 10 4 3
internal_value=-0.0159655 -0.289552 0.618514 2.16545 1.48039 -0.115892 4.33655 4.89547 3.94376 0.643452 6.34399 -0.269155 -0.639361 -0.468157 -0.375749 7.15579 6.08013 -0.892252 -0.809585 -1.78251 -1.41996 1.82138
internal_weight=558 525 146 47 40 99 33 27 19 8 11 96 379 226 206 8 7 153 140 13 20 6
internal_count=558 525 146 47 40 99 33 27 19 8 11 96 379 226 206 8 7 153 140 13 20 6
is_linear=0
shrinkage=0.05


Tree=47
num_leaves=16
num_cat=0
split_feature=1 0 2 7 7 0 7 0 1 3 8 1 7 1 1
split_gain=217577 68051.8 44736.1 57541.7 36439.1 20944.8 26282.4 31642.5 18645.4 15703.3 12823.6 21507 5041.14 359.773 45.412
threshold=38465.170000000006 32238.850000000002 4737.3700000000008 3.5000000000000004 1.5000000000000002 32317.205000000005 5.5000000000000009 31949.185000000001 39744.43 1.234975698203449 4.5000000000000009 31575.965000000004 5.5000000000000009 40059.10500000001 40693.320000000007
decision_type=2 2 2 2 2 2 2 2 2 2 2 2 2 2 2
left_child=1 2 3 4 -1 6 7 9 -8 -2 12 -12 -4 -7 -15
right_child=5 -3 10 -5 -6 13 8 -9 -10 -11 11 -13 -14 14 -16
leaf_value=1.2587940407650811 7.4520474243163966 7.269745381673177 -0.6437335202875345 5.8061487579345705 -0.4941296333358402 6.4948645273844425 -2.4296206474304203 -0.45315812428792318 3.1449321905771885 3.9572453392876521 -0.54535245910519736 0.69570132469137513 -1.1892944528839806 5.6866998036702459 5.9618119557698552
leaf_weight=56 5.0000000000000062 2.9999999999999991 184 4.9999999999999991 63 2.9999999999999982 2.9999999999999991 2.9999999999999991 3 8.9999999999999982 128 48 55 3 3
leaf_count=56 5 3 184 5 63 3 3 3 3 9 128 48 55 3 3
internal_value=-0.00344129 -0.239977 -0.281775 0.551557 0.330776 4.00288 3.20269 4.20682 0.357656 5.20539 -0.53077 -0.206883 -0.769281 6.04779 5.82426
internal_weight=574 542 539 124 119 32 23 17 6 14 415 176 239 9 6
internal_count=574 542 539 124 119 32 23 17 6 14 415 176 239 9 6
is_linear=0
shrinkage=0.05


Tree=48
num_leaves=22
num_cat=0
split_feature=1 1 4 7 0 2 2 0 4 4 1 0 2 1 4 3 2 3 2 4 1
split_gain=306143 55188.5 101790 25501.8 33304.4 21853.7 21054.8 56898.4 20570.3 16149.3 15065.4 13738.9 12486.3 11966 39283.1 63021.7 18945.2 9891.22 5484.24 2011.07 537.422
threshold=38003.990000000013 36110.165000000008 35692.500000000007 1.0000000180025095e-35 31578.590000000004 2312.7900000000004 2595.7850000000003 31347.380000000005 37657.000000000007 37941.500000000007 39227.465000000004 32028.415000000005 4356.8350000000009 29740.100000000002 35397.500000000007 1.1532894769286688 9902.7500000000018 1.232422692668351 18532.700000000001 34732.500000000007 39517.895000000011
decision_type=2 2 2 2 2 2 2 2 2 2 2 2 2 2 2 2 2 2 2 2 2
left_child=1 13 12 4 -4 -5 10 8 -8 17 -2 -11 -3 18 15 -15 -16 -9 19 -1 -12
right_child=6 2 3 5 -6 -7 7 9 -10 11 20 -13 -14 14 16 -17 -18 -19 -20 -21 -22
leaf_value=-0.56245459110037355 8.6764390945434577 4.9544942855834968 6.309367084503176 3.6158230781555178 0.59013196740831642 -0.21195450175892222 2.2961905161539686 5.3188124020894367 -3.5590464591979973 0.74940530459086063 4.3892059326171866 4.7170823097229002 9.2217241923014299 0.48401486050914716 -0.62571490100033733 7.8824712117513016 3.3779467900594078 8.8350634256998681 -2.8379299263159439 -0.90727362375992993 5.2357059478759762
leaf_weight=121 3.9999999999999991 3.9999999999999991 3.9999999999999982 3.9999999999999991 7 55 3.0000000000000027 6 3 3.0000000000000009 3 7.9999999999999991 3 71 196 2.9999999999999991 2.9999999999999991 3 2.9999999999999991 65 5
leaf_count=121 4 4 4 4 7 55 3 6 3 3 3 8 3 71 196 3 3 3 3 65 5
internal_value=0.101016 -0.204787 1.03451 0.459631 2.66985 0.0475558 4.43859 3.63901 -0.631428 4.92015 6.17099 3.63499 6.78331 -0.411336 -0.199611 0.783952 -0.565358 6.4909 -0.717162 -0.682956 4.91827
internal_weight=577 539 77 70 11 59 38 26 6 20 12 11 7 462 273 74 199 9 189 186 8
internal_count=577 539 77 70 11 59 38 26 6 20 12 11 7 462 273 74 199 9 189 186 8
is_linear=0
shrinkage=0.05


Tree=49
num_leaves=22
num_cat=0
split_feature=1 1 4 3 4 1 1 6 1 0 3 3 3 0 0 3 2 2 3 0 1
split_gain=220449 47442 114188 34701.9 31103.8 30037.1 29217 11268.3 10965.2 20293.1 35704.2 9069.17 8032.13 11470.1 8907.02 8570.81 21745.8 5420.95 4102.78 5660.17 1385.81
threshold=38095.650000000009 34660.280000000006 35692.500000000007 1.1623153717739958 38215.000000000007 36110.165000000008 37325.745000000003 76.500000000000014 39081.615000000013 31912.580000000005 1.2337958699915343 1.2423680512764912 1.1258545662546833 29646.715000000004 29703.035000000003 1.0730127683517734 9285.9150000000027 5566.2400000000007 1.2479847952484593 32028.415000000005 38598.990000000005
decision_type=2 2 2 2 2 2 2 2 2 2 2 2 2 2 2 2 2 2 2 2 2
left_child=1 12 3 5 6 -3 -4 -6 9 10 20 -10 15 -14 -15 17 -17 -1 -13 -20 -2
right_child=8 2 4 -5 7 -7 -8 -9 11 -11 -12 18 13 14 -16 16 -18 -19 19 -21 -22
leaf_value=0.2447450554684589 7.171119689941408 1.5116875039206605 -0.5923305015371304 8.4395704746246345 5.2710528055826842 6.7190658807754522 1.2370024246828897 1.6084473337445939 6.7164754390716501 -0.24200458526611329 0.31272437572479239 2.6700415611267068 -4.3736490885416615 1.4511828104654949 -1.5712997033045841 -0.13377112716436387 4.2627684434254967 -0.62564098753424646 3.5353082111903604 5.6281282424926751 5.6513557434082022
leaf_weight=19 2.9999999999999982 9.0000000000000018 99 3.9999999999999991 2.9999999999999982 3.9999999999999991 28 7 4.0000000000000027 3.9999999999999991 4 4.0000000000000027 3.0000000000000027 2.9999999999999991 12.999999999999998 45 2.9999999999999991 306 6.9999999999999982 6 3
leaf_count=19 3 9 99 4 3 4 28 7 4 4 4 4 3 3 13 45 3 306 7 6 3
internal_value=0.00498794 -0.241601 0.501996 4.36704 0.0223915 3.11396 -0.189013 2.70723 3.85178 2.76788 3.97183 4.57438 -0.533729 -1.53654 -1.00458 -0.482647 0.141013 -0.574757 4.07036 4.50123 6.41124
internal_weight=581 546 154 17 137 13 127 10 35 14 10 21 392 19 16 373 48 325 17 13 6
internal_count=581 546 154 17 137 13 127 10 35 14 10 21 392 19 16 373 48 325 17 13 6
is_linear=0
shrinkage=0.05


Tree=50
num_leaves=24
num_cat=0
split_feature=1 1 4 3 4 1 4 1 0 0 6 5 0 0 4 3 3 3 1 6 1 3 8
split_gain=210521 34416.1 77727 35816.9 34298.4 47596.2 33962.1 16724.1 16473.7 10016.9 20815 11401 8992.93 8292 7036.59 6414.45 6217.22 8423.64 5949.07 4916.37 4678.2 2997.7 2713.41
threshold=37855.17500000001 34851.185000000005 35692.500000000007 1.1623153717739958 37941.500000000007 39873.30000000001 38215.000000000007 37188.170000000006 31547.650000000005 31291.855000000003 77.500000000000014 19.500000000000004 30930.560000000001 31859.145000000004 32625.000000000004 1.1500765696821804 1.157556824312594 1.1292790347931108 28081.390000000003 78.500000000000014 40693.320000000007 1.2175773255298903 4.5000000000000009
decision_type=2 2 2 2 2 2 2 2 2 2 2 2 2 2 2 2 2 2 2 2 2 2 2
left_child=1 12 3 13 8 -6 7 -4 9 10 -2 -11 16 -3 18 -8 17 -1 -14 -10 -7 -21 -16
right_child=4 2 6 -5 5 20 15 -9 19 11 -12 -13 14 -15 22 -17 -18 -19 -20 21 -22 -23 -24
leaf_value=-0.62230283484990856 2.8881234850202264 1.2580726345380151 -0.53653401223461283 8.0175920963287357 -3.1832189321517954 2.5344921112060543 2.0830182647705078 0.79626438245177278 7.2944123268127443 3.9768718401590983 7.8660472869873024 -0.38222020467122386 -0.060094563166300456 4.4775456746419264 -0.42048466964562731 5.0075001398722314 1.5916109561920166 -1.7420576360490587 3.0887339274088532 6.1154062271118157 5.1464608510335275 4.1796555519103995 0.085380093208173427
leaf_weight=251 7.0000000000000053 5.9999999999999982 89 3.9999999999999991 3.9999999999999982 4 5 32 3.9999999999999991 2.9999999999999991 3 3 2.9999999999999991 3 75 3 2.9999999999999991 18 3 4 3 4 41
leaf_count=251 7 6 89 4 4 4 5 32 4 3 3 3 3 3 75 3 3 18 3 4 3 4 41
internal_value=-0.01341 -0.271478 0.395901 4.08088 3.53337 1.16768 0.0245467 -0.184058 4.46274 3.41244 4.3815 1.79733 -0.512005 2.33123 -0.155327 3.1797 -0.671986 -0.697231 1.51432 5.86316 3.65391 5.14753 -0.241688
internal_weight=575 536 142 13 39 11 129 121 28 16 10 6 394 9 122 8 272 269 6 12 7 8 116
internal_count=575 536 142 13 39 11 129 121 28 16 10 6 394 9 122 8 272 269 6 12 7 8 116
is_linear=0
shrinkage=0.05


Tree=51
num_leaves=21
num_cat=0
split_feature=1 2 4 1 7 5 0 1 4 1 2 0 6 4 7 4 5 1 4 0
split_gain=152600 44559.4 65607.6 78510 28079.4 34221 27094.9 20451.8 18160.4 61368.8 14208.7 8704.74 18970.5 17020.1 7777.74 9731.5 5270.52 4449.9 2757.08 59.0195
threshold=37855.17500000001 4737.3700000000008 35865.000000000007 34412.015000000007 1.5000000000000002 18.500000000000004 31476.445000000003 37128.760000000002 37941.500000000007 39873.30000000001 3922.6700000000005 31291.855000000003 79.500000000000014 36890.000000000007 4.5000000000000009 37657.000000000007 19.500000000000004 34504.125000000007 38137.000000000007 32389.380000000001
decision_type=2 2 2 2 2 2 2 2 2 2 2 2 2 2 2 2 2 2 2 2
left_child=1 2 3 -1 5 -4 -5 14 10 -10 11 13 -13 -2 15 -3 -11 -16 -6 -18
right_child=8 7 4 6 18 -7 -8 -9 9 16 -12 12 -14 -15 17 -17 19 -19 -20 -21
leaf_value=-3.4122528791427587 3.1303578240530805 -0.39179117099721306 4.6533698558807375 7.0724077542622839 -0.26949882760192406 0.46419219787304222 3.0564513836588181 3.6595492362976074 -3.6479907274246219 2.0841251373291025 7.030246798197429 4.9345775222778325 1.0085696220397951 7.6316940307617163 -0.69998531453311452 1.0648123274246852 4.4940476735432933 -1.7069478750228884 -0.94406394192150656 4.8076808929443349
leaf_weight=4.0000000000000027 7.0000000000000053 258 5.9999999999999991 6.0000000000000027 33 26 13.999999999999998 2.9999999999999991 3.9999999999999991 2.9999999999999982 2.9999999999999991 4.9999999999999991 7.9999999999999991 3 128 11.999999999999998 3 11.999999999999998 28 3
leaf_count=4 7 258 6 6 33 26 14 3 4 3 3 5 8 3 128 12 3 12 28 3
internal_value=0.0123653 -0.209754 0.651604 2.98232 0.0501287 1.24966 4.26124 -0.453771 3.03091 1.50505 3.79384 3.3717 2.51857 4.48076 -0.483868 -0.327053 3.79528 -0.786296 -0.579135 4.65086
internal_weight=569 530 117 24 93 32 20 413 39 13 26 23 13 10 410 270 9 140 61 6
internal_count=569 530 117 24 93 32 20 413 39 13 26 23 13 10 410 270 9 140 61 6
is_linear=0
shrinkage=0.05


Tree=52
num_leaves=19
num_cat=0
split_feature=1 0 3 4 4 4 0 1 3 3 7 5 0 3 3 0 1 1
split_gain=135008 35138.2 22888.1 87008.8 26365.2 19753.5 49063.1 21588.6 20964.7 21214.9 8814.64 7954.3 7602.71 7553.73 6675.42 2956.33 8949.14 171.477
threshold=37728.740000000013 32238.850000000002 1.157556824312594 35692.500000000007 37941.500000000007 37941.500000000007 32028.415000000005 38898.225000000006 1.234975698203449 1.2084574114048838 4.5000000000000009 18.500000000000004 30975.995000000006 1.2492364266900029 1.1248490258372097 31780.940000000006 39429.160000000011 39517.895000000011
decision_type=2 2 2 2 2 2 2 2 2 2 2 2 2 2 2 2 2 2
left_child=1 2 10 -4 -5 7 11 8 9 -2 12 -7 -1 -8 -12 17 -17 -9
right_child=5 -3 3 4 -6 6 13 15 -10 -11 14 -13 -14 -15 -16 16 -18 -19
leaf_value=-0.44877607890963556 0.29499662399291993 4.4277008295059206 6.9014770126342775 0.90157959490287609 -1.0489934508005778 -0.52937901814778665 1.915138753255208 3.7832638549804694 -1.7871349334716797 4.4467520236968996 -0.6629951019404513 -4.17041721343994 0.065750151174142957 5.2341541290283189 -2.2474530220031741 6.8967748641967779 3.284180959065754 4.2224813461303707
leaf_weight=200 4.9999999999999991 3.9999999999999991 4.9999999999999991 41 30 2.9999999999999982 3 4.9999999999999982 2.9999999999999991 7.9999999999999991 132 3 112 4 6.9999999999999991 3.9999999999999991 3 4
leaf_count=200 5 4 5 41 30 3 3 5 3 8 132 3 112 4 7 4 3 4
internal_value=-0.018072 -0.240914 -0.27635 0.526347 0.0773938 2.61147 0.967896 3.27917 1.98047 2.84992 -0.411616 -2.3499 -0.264074 3.81172 -0.742788 4.57787 5.34852 3.97847
internal_weight=576 531 527 76 71 45 13 32 16 13 451 6 312 7 139 16 7 9
internal_count=576 531 527 76 71 45 13 32 16 13 451 6 312 7 139 16 7 9
is_linear=0
shrinkage=0.05


Tree=53
num_leaves=15
num_cat=0
split_feature=1 0 4 1 2 2 4 1 2 2 3 1 3 0
split_gain=151620 31700.8 31507.8 42728 20114.4 15569 49353.7 12093.9 7178.75 6854.79 16393.9 6623.79 4906.38 3559.28
threshold=37728.740000000013 32238.850000000002 37941.500000000007 39873.30000000001 2031.0550000000003 6141.1450000000013 35692.500000000007 38003.990000000013 4548.0250000000005 2911.6300000000006 1.234975698203449 33962.010000000002 1.2492364266900029 31476.445000000003
decision_type=2 2 2 2 2 2 2 2 2 2 2 2 2 2
left_child=1 4 7 8 -1 6 -6 13 -4 10 -9 -7 -5 -2
right_child=2 -3 3 12 5 11 -8 9 -10 -11 -12 -13 -14 -15
leaf_value=3.820480092366537 0.65465938250223721 4.2063157796859745 -3.9618963400522866 1.750773747762044 2.0021716526576454 -0.47194516399050007 -0.254385815742943 5.6023804134792705 -0.50291004180908183 6.6260517120361335 2.6608920240402223 -1.9295413583517076 4.3084751129150387 3.0902571360270175
leaf_weight=2.9999999999999991 3.0000000000000027 3.9999999999999991 2.9999999999999991 3 28 303 180 9.0000000000000053 3 2.9999999999999991 9.9999999999999982 7.9999999999999991 5 3
leaf_count=3 3 4 3 3 28 303 180 9 3 3 10 8 5 3
internal_value=0.00293288 -0.227904 2.89389 0.957163 -0.261883 -0.28548 0.0493815 3.86226 -2.2324 4.40493 4.05423 -0.50944 3.34934 1.87246
internal_weight=568 526 42 14 522 519 208 28 6 22 19 311 8 6
internal_count=568 526 42 14 522 519 208 28 6 22 19 311 8 6
is_linear=0
shrinkage=0.05


Tree=54
num_leaves=26
num_cat=0
split_feature=1 4 0 4 4 1 1 1 4 3 2 2 6 2 1 2 3 1 6 1 4 1 3 3 2
split_gain=132517 43692.4 37327 26878.8 35381.3 52149.7 21816.3 12260.3 40767.3 22132.7 11958.8 11605.9 9748.8 8907.35 32684.2 8536.34 5586.95 4684.32 3893.37 3171.45 4095.91 1005.42 449.917 146.474 31.4283
threshold=36041.67500000001 37941.500000000007 32028.415000000005 37657.000000000007 35692.500000000007 37188.170000000006 36570.825000000004 31575.965000000004 35692.500000000007 1.1412642362143854 8452.465000000002 4356.8350000000009 79.500000000000014 3922.6700000000005 38714.475000000013 5197.0250000000005 1.0316030963644132 38993.790000000008 75.500000000000014 23706.600000000002 34732.500000000007 16269.880000000003 1.0563949164029467 1.0435736151199217 7248.6750000000011
decision_type=2 2 2 2 2 2 2 2 2 2 2 2 2 2 2 2 2 2 2 2 2 2 2 2 2
left_child=7 3 6 4 11 -6 -3 16 9 18 15 -2 -4 14 -5 -10 19 -8 -9 21 -21 -1 23 -18 -24
right_child=1 2 12 13 5 -7 17 8 10 -11 -12 -13 -14 -15 -16 -17 22 -19 -20 20 -22 -23 24 -25 -26
leaf_value=-1.7177963952223463 3.506237268447876 3.6382668177286783 1.1264330546061194 6.0329711914062516 -0.89786994755268101 2.5185644471967543 -0.55426618862152099 2.1574703231453887 0.0021849181254704796 5.7301403045654302 2.8089596748352053 7.6202747344970678 4.731761932373046 6.4471820279955852 -0.56845976511637353 -0.74490621783293021 -1.4453010320663457 -2.2307473909854889 0.86125453100318006 -0.16314224438355851 -0.60790639432127946 -0.77032839372044526 -1.6441726366678875 -1.054689598083496 -1.8730403900146477
leaf_weight=2.9999999999999991 3.9999999999999991 2.9999999999999991 3 4.9999999999999982 15.999999999999998 37 25.000000000000004 8.0000000000000018 75 2.9999999999999991 2.9999999999999991 3 5 4 3 78 3.9999999999999982 4.9999999999999991 21 111 97 42 2.9999999999999991 6 3
leaf_count=3 4 3 3 5 16 37 25 8 75 3 3 3 5 4 3 78 4 5 21 111 97 42 3 6 3
internal_value=0.0854003 1.61856 0.315671 2.36049 1.92845 1.48719 -0.427139 -0.293696 0.0160883 1.64177 -0.317384 5.2694 3.37976 4.52068 3.55743 -0.378685 -0.5102 -0.83368 1.21883 -0.452897 -0.370556 -0.833493 -1.41631 -1.21093 -1.75861
internal_weight=570 113 41 72 60 53 33 457 188 32 156 7 8 12 8 153 269 30 29 253 208 45 16 10 6
internal_count=570 113 41 72 60 53 33 457 188 32 156 7 8 12 8 153 269 30 29 253 208 45 16 10 6
is_linear=0
shrinkage=0.05


Tree=55
num_leaves=20
num_cat=0
split_feature=1 0 5 2 4 1 1 1 7 0 0 2 0 2 2 0 0 4 2
split_gain=97562 28006.7 35776.2 21195.8 19925.8 30455.7 16638.3 11968.2 31157.4 11000.3 7831.86 26679.7 7507.92 5917.44 4297.06 4142.92 3561.37 4760.8 3523.47
threshold=38003.990000000013 31229.420000000002 18.500000000000004 4790.5100000000011 37941.500000000007 39873.30000000001 37128.760000000002 37237.020000000011 1.5000000000000002 31949.185000000001 31347.380000000005 2595.7850000000003 32238.850000000002 18532.700000000001 2687.8350000000005 32457.300000000007 30119.620000000003 37217.000000000007 9332.0850000000009
decision_type=2 2 2 2 2 2 2 2 2 2 2 2 2 2 2 2 2 2 2
left_child=1 13 3 -3 9 -6 -5 12 -9 10 11 -2 -4 16 -12 -7 18 -18 -1
right_child=4 2 7 6 5 15 -8 8 -10 -11 14 -13 -14 -15 -16 -17 17 -19 -20
leaf_value=-0.8448147383682868 4.6585440635681108 5.5249960327148457 -0.060275875686485084 -0.84846739768981916 -2.1841614860296255 3.9785628318786617 4.0773971716562896 6.0822082519531255 0.2724046802520752 1.1772818374633791 3.8523399353027337 -0.34268155097961428 2.4758660316467287 -2.616764359129593 6.1699516296386712 1.5205631256103511 -0.14696213839158334 -0.68511113811214019 -0.34939297994500712
leaf_weight=68 8.0000000000000053 4.9999999999999982 107 4 4.9999999999999982 4 3 2.9999999999999991 9.9999999999999982 4.9999999999999991 4 3.9999999999999991 2.9999999999999991 2.9999999999999991 4 3 183 53 76
leaf_count=68 8 5 107 4 5 4 3 3 10 5 4 4 3 3 4 3 183 53 76
internal_value=-0.00939844 -0.186572 0.432682 3.03861 2.47104 0.796261 1.26262 0.178445 1.61313 3.27493 3.79934 2.99147 0.00889163 -0.404847 5.01115 2.92513 -0.387385 -0.267818 -0.583342
internal_weight=555 518 135 12 37 12 7 123 13 25 20 12 110 383 8 7 380 236 144
internal_count=555 518 135 12 37 12 7 123 13 25 20 12 110 383 8 7 380 236 144
is_linear=0
shrinkage=0.05


Tree=56
num_leaves=18
num_cat=0
split_feature=1 0 1 0 5 3 3 2 4 3 4 0 1 0 4 2 0
split_gain=71287.3 30205.7 26058.8 24924.5 17802.7 27842.1 14543.1 13996.6 22458.1 71192.2 20461 5540.17 5325.98 5204.47 4171.92 2456.15 2287.82
threshold=37237.020000000011 31188.350000000002 37366.465000000004 32238.850000000002 19.500000000000004 1.2305877188387628 1.2802309144937587 5136.0300000000007 35217.000000000007 1.1587804532921291 38215.000000000007 31024.405000000002 36570.825000000004 31476.445000000003 37657.000000000007 3247.2950000000005 30041.720000000005
decision_type=2 2 2 2 2 2 2 2 2 2 2 2 2 2 2 2 2
left_child=3 6 -3 7 5 -4 11 8 9 -1 -10 16 14 -6 -9 -13 -2
right_child=1 2 4 -5 13 -7 -8 12 10 -11 -12 15 -14 -15 -16 -17 -18
leaf_value=-2.2433843294779461 -0.94609901905059657 6.7332742055257162 -0.8421984694220801 3.7283562183380128 1.468189239501952 2.5192848478044785 3.2148539225260415 -0.39546992897412669 -0.062445666779906067 8.6494459788004541 3.203129653930664 -2.7995787302652997 -2.0078572940826418 3.498017515341441 0.55209610462188718 -0.77631717522939025 0.49104801813761401
leaf_weight=2.9999999999999991 4.0000000000000062 2.9999999999999991 11.000000000000002 3.9999999999999991 4.0000000000000027 13.999999999999998 2.9999999999999991 363 118 3 4.9999999999999991 2.9999999999999991 4.9999999999999991 14.999999999999998 11.999999999999998 3 8.9999999999999982
leaf_count=3 4 3 11 4 4 14 3 363 118 3 5 3 5 15 12 3 9
internal_value=-0.000155483 1.5087 2.22444 -0.203101 1.91702 1.04023 -0.0203677 -0.233997 0.21601 3.20303 0.0703013 -0.531192 -0.386762 3.07069 -0.365148 -1.78795 0.0488489
internal_weight=582 69 47 513 44 25 22 509 129 6 123 19 380 19 375 6 13
internal_count=582 69 47 513 44 25 22 509 129 6 123 19 380 19 375 6 13
is_linear=0
shrinkage=0.05


Tree=57
num_leaves=16
num_cat=0
split_feature=1 4 1 0 0 0 2 2 4 2 2 7 2 2 4
split_gain=97135.3 49825.5 27722.3 23133.9 17673.3 12301.9 11496.1 10141.1 73992.1 7575.61 9224.03 6565.68 5366.55 4290.96 3070.22
threshold=37325.745000000003 37941.500000000007 40539.980000000003 32238.850000000002 30525.060000000001 29777.980000000003 3885.3000000000006 4737.3700000000008 35217.000000000007 4598.8050000000012 2595.7850000000003 5.5000000000000009 3732.5650000000005 3164.0600000000004 34230.000000000007
decision_type=2 2 2 2 2 2 2 2 2 2 2 2 2 2 2
left_child=3 4 12 5 -2 6 -1 8 -7 10 -6 -9 13 -3 -8
right_child=1 2 -4 -5 9 7 14 11 -10 -11 -12 -13 -14 -15 -16
leaf_value=-3.118714828491211 -0.11994816064834596 -0.99709591865539471 3.838546371459961 3.541938304901123 3.9793783096472413 8.0470233917236325 -0.37521263652659481 -0.17822974714397821 0.048752945661544804 5.439058786630631 2.1948655741555352 -0.77409122160502841 -2.1473127174377442 0.77175228297710419 -0.95637905110012411
leaf_weight=4.9999999999999991 3.9999999999999991 8.0000000000000053 3.9999999999999991 3.9999999999999991 15.000000000000002 2.9999999999999991 47 265 80 3.9999999999999991 13.999999999999998 56 4.9999999999999991 5.9999999999999991 44
leaf_count=5 4 8 4 4 15 3 47 265 80 4 14 56 5 6 44
internal_value=-0.0189957 1.88278 0.0552769 -0.245397 3.01879 -0.275696 -0.784471 -0.154799 0.337847 3.39924 3.11789 -0.282181 -0.741201 -0.239018 -0.656216
internal_weight=564 60 23 504 37 500 96 404 83 33 29 321 19 14 91
internal_count=564 60 23 504 37 500 96 404 83 33 29 321 19 14 91
is_linear=0
shrinkage=0.05


Tree=58
num_leaves=20
num_cat=0
split_feature=1 0 1 3 2 5 3 4 1 4 4 0 0 0 2 3 2 2 1
split_gain=68531.2 25956.2 21770.6 19717.5 27478.2 22062.6 17706 14308 13083.5 7499.89 22535.4 10071.7 7130.4 3824.64 2056.68 2026.12 1331.14 568.81 500.006
threshold=37237.020000000011 31188.350000000002 37366.465000000004 1.2069286717289935 3732.5650000000005 19.500000000000004 1.2802309144937587 38215.000000000007 35598.070000000007 37941.500000000007 37657.000000000007 29777.980000000003 31873.325000000001 31024.405000000002 3247.2950000000005 1.1955500705760556 3175.1200000000003 5758.5200000000013 36881.680000000008
decision_type=2 2 2 2 2 2 2 2 2 2 2 2 2 2 2 2 2 2 2
left_child=7 6 -3 5 -5 -4 13 9 17 10 11 -1 -10 16 -15 -11 -2 -9 -17
right_child=1 2 3 4 -6 -7 -8 8 12 15 -12 -13 -14 14 -16 18 -18 -19 -20
leaf_value=-0.77365764735758991 0.45029782772064153 6.1710298538208015 -1.0498284435272216 3.125020503556287 -0.61576904257138576 3.3438887894153595 2.9895254135131837 0.3247398167848588 4.7057500203450511 -2.6431197166442875 3.0869216918945312 -0.17841596289432235 1.4810798645019529 -2.6446065902709961 -0.79317628542582175 -1.4760404968261722 -0.6178676060267857 -0.51847603321075431 -0.72603595256805409
leaf_weight=87 5.0000000000000053 2.9999999999999991 9.9999999999999982 27 5.9999999999999991 3.9999999999999991 3.9999999999999991 3.9999999999999982 3 2.9999999999999991 4.9999999999999991 388 4 2.9999999999999991 3 4.9999999999999982 7 4 4
leaf_count=87 5 3 10 27 6 4 4 4 3 3 5 388 4 3 3 5 7 4 4
internal_value=-0.0317852 1.4117 2.04143 1.77783 2.44488 0.205519 -0.0194923 -0.236777 1.28444 -0.283156 -0.25229 -0.287439 2.86308 -0.688163 -1.71889 -1.51781 -0.172799 -0.0968681 -1.14271
internal_weight=579 72 50 47 33 14 22 507 15 492 480 475 7 18 6 12 12 8 9
internal_count=579 72 50 47 33 14 22 507 15 492 480 475 7 18 6 12 12 8 9
is_linear=0
shrinkage=0.05


Tree=59
num_leaves=22
num_cat=0
split_feature=1 0 2 5 4 1 1 4 6 1 4 0 0 2 4 7 1 5 3 2 0
split_gain=80181.6 29675.8 25308.5 25974.8 15287.2 28016.7 15019.9 14284.7 14253.6 25639.2 5285.56 5070.16 16456 8724.56 7735.62 7399.79 4725.9 4203.9 4196.58 4057.27 77.7469
threshold=38003.990000000013 31229.420000000002 4737.3700000000008 18.500000000000004 37941.500000000007 39873.30000000001 37128.760000000002 38137.000000000007 83.500000000000014 38660.595000000008 32625.000000000004 30033.960000000003 30041.720000000005 3822.4100000000003 37657.000000000007 4.5000000000000009 35864.025000000009 19.500000000000004 1.2423680512764912 4497.3850000000011 32389.380000000001
decision_type=2 2 2 2 2 2 2 2 2 2 2 2 2 2 2 2 2 2 2 2 2
left_child=1 11 3 19 8 -6 10 -5 9 -2 -4 13 -13 16 -15 -14 -1 -7 -11 -3 -19
right_child=4 2 6 7 5 17 -8 -9 -10 18 -12 12 15 14 -16 -17 -18 20 -20 -21 -22
leaf_value=-3.3938576221466059 -0.54947609424590993 5.2945390701293951 1.9755250136057538 1.511532630302733 -2.0435597229003908 1.096262359619141 3.5084379514058437 -0.58572900078513412 6.2601979573567714 4.5978374799092618 -0.15907434396360112 3.4820868810017909 -0.073346465794132884 -0.54624662601947793 1.6874661922454834 -0.67564476712829846 -0.9633480072021483 3.2086294492085763 2.9251997375488283 2.8620807647705071 3.5685990651448556
leaf_weight=4 5.0000000000000062 3.9999999999999991 2.9999999999999991 31 4.9999999999999991 2.9999999999999982 2.9999999999999991 10.999999999999998 2.9999999999999991 5.9999999999999991 87 2.9999999999999991 181 125 3.9999999999999991 71 4 3 9.9999999999999982 3 3
leaf_count=4 5 4 3 31 5 3 3 11 3 6 87 3 181 125 4 71 4 3 10 3 3
internal_value=0.0512346 -0.106683 0.512615 1.43222 2.27039 0.957334 0.0280905 0.96225 3.03634 2.57579 -0.087921 -0.33102 -0.199217 -0.576349 -0.476984 -0.243042 -2.1786 2.6245 3.55244 4.25206 3.38861
internal_weight=572 534 142 49 38 14 93 42 24 21 90 392 255 137 129 252 8 9 16 7 6
internal_count=572 534 142 49 38 14 93 42 24 21 90 392 255 137 129 252 8 9 16 7 6
is_linear=0
shrinkage=0.05


Tree=60
num_leaves=22
num_cat=0
split_feature=1 1 4 8 4 1 0 6 2 3 2 0 6 3 3 1 2 0 1 8 3
split_gain=78919 23424.1 72327.4 20205.8 15470.5 21966.1 16049.2 14491.3 14063.8 13130.3 14487.1 11745.6 11457.8 6763.71 10082.2 8136.44 41483.5 7170.92 4931.68 3348.99 3126.74
threshold=38003.990000000013 34851.185000000005 35692.500000000007 4.5000000000000009 37941.500000000007 39744.43 31949.185000000001 77.500000000000014 2031.0550000000003 1.1242874489886032 4928.1750000000002 31780.940000000006 83.500000000000014 1.1292790347931108 1.1370363341123151 29938.350000000002 10647.320000000002 30351.545000000002 40539.980000000003 4.5000000000000009 1.157556824312594
decision_type=2 2 2 2 2 2 2 2 2 2 2 2 2 2 2 2 2 2 2 2 2
left_child=1 13 9 8 6 -6 11 -5 -4 -3 -11 12 -2 15 17 19 -17 -15 -7 -1 -16
right_child=4 2 3 7 5 18 -8 -9 -10 10 -12 -13 -14 14 20 16 -18 -19 -20 -21 -22
leaf_value=-0.62904982254883957 2.5421552760260426 1.1353726804256439 3.2014408747355141 2.9075303699821227 -2.8706560452779133 1.0227971076965334 0.4849233245849609 0.2776436816562306 -0.27295404726266864 6.1527795655386797 1.9998894691467279 6.5364646911621094 5.9471879323323575 -4.5450146357218371 -0.775365161895752 -0.089284042368621336 5.0614573001861576 -1.3111955523490904 3.3782462120056147 -0.2286368831864321 1.0885448455810547
leaf_weight=107 14.000000000000009 2.9999999999999991 2.9999999999999991 10.000000000000002 2.9999999999999991 4.9999999999999982 4.9999999999999991 10.999999999999998 100 6.9999999999999982 3 2.9999999999999991 2.9999999999999991 3.0000000000000027 8.9999999999999982 172 3.9999999999999991 4 4 102 2.9999999999999991
leaf_count=107 14 3 3 10 3 5 5 11 100 7 3 3 3 3 9 172 4 4 4 102 3
internal_value=0.076231 -0.0765605 0.48842 0.116438 2.31029 0.834584 3.01863 1.52997 -0.171758 4.03656 4.90691 3.65206 3.14304 -0.26815 -1.18908 -0.222702 0.0277783 -2.69712 2.06966 -0.433633 -0.309388
internal_weight=578 541 137 124 37 12 25 21 103 13 10 20 17 404 19 385 176 7 9 209 12
internal_count=578 541 137 124 37 12 25 21 103 13 10 20 17 404 19 385 176 7 9 209 12
is_linear=0
shrinkage=0.05


Tree=61
num_leaves=17
num_cat=0
split_feature=1 4 2 0 0 0 4 3 2 0 0 1 2 3 2 6
split_gain=59927.2 24822.6 26300.9 22582.9 18429.5 10827.7 12174.8 72345.4 11060 7016.39 6578.05 6506.95 6453.9 6083.61 2011.44 1189.97
threshold=37237.020000000011 37941.500000000007 4598.8050000000012 32028.415000000005 32238.850000000002 29777.980000000003 35397.500000000007 1.1496117951323483 3885.3000000000006 30525.060000000001 31949.185000000001 38993.790000000008 4206.545000000001 1.2492364266900029 10090.415000000003 77.500000000000014
decision_type=2 2 2 2 2 2 2 2 2 2 2 2 2 2 2 2
left_child=4 2 9 11 5 8 7 -7 -1 -2 -11 15 -8 -5 -10 -3
right_child=1 3 -4 13 -6 6 12 -9 14 10 -12 -13 -14 -15 -16 -17
leaf_value=-3.7291813850402833 -0.2698352813720703 0.32993309497833195 6.5679706811904914 0.74207681020100913 3.163033127784729 0.018843105162183446 0.1134884003836375 6.8174234151840212 -0.91905720401051882 2.2714328066507976 0.65779955387115485 -2.6937430679798129 -0.51851290907319736 3.7206555843353266 -0.43065886140173798 -0.70653992758856887
leaf_weight=2.9999999999999991 3.9999999999999991 4.0000000000000062 2.9999999999999991 2.9999999999999991 3.9999999999999991 180 52 3.9999999999999991 37 30 7.9999999999999991 3.9999999999999991 181 4 49 8.9999999999999982
leaf_count=3 4 4 3 3 4 180 52 4 37 30 8 4 181 4 49 9
internal_value=-0.0304078 1.35253 2.04511 0.0539481 -0.217511 -0.244235 -0.137381 0.166638 -0.744887 1.72205 1.93172 -0.930241 -0.377465 2.44412 -0.640784 -0.387625
internal_weight=579 69 45 24 510 506 417 184 89 42 38 17 233 7 86 13
internal_count=579 69 45 24 510 506 417 184 89 42 38 17 233 7 86 13
is_linear=0
shrinkage=0.05


Tree=62
num_leaves=19
num_cat=0
split_feature=1 0 4 1 3 8 0 4 0 3 1 6 0 7 1 4 1 0
split_gain=64671.4 25811.4 13373.7 17549.5 13109.6 35243.2 38895.4 16749.7 7251.78 8070.08 16630.5 5021.02 4999.11 3398.18 3277.14 2896.86 2884.41 1837.58
threshold=38003.990000000013 32238.850000000002 37941.500000000007 39744.43 1.0797786169374841 4.5000000000000009 30105.155000000002 35692.500000000007 31347.380000000005 1.234975698203449 38898.225000000006 79.500000000000014 30554.970000000005 2.5000000000000004 40539.980000000003 37332.500000000007 18500.555000000004 31712.170000000002
decision_type=2 2 2 2 2 2 2 2 2 2 2 2 2 2 2 2 2 2
left_child=1 4 8 -4 12 7 -7 -6 9 -2 -11 13 16 -10 -5 -14 -1 -13
right_child=2 -3 3 14 5 6 -8 -9 11 10 -12 17 15 -15 -16 -17 -18 -19
leaf_value=-1.2981284403800966 4.1477446556091264 4.5482119242350256 -2.6428306897481293 0.99106709659099568 1.4003764804671794 6.2820873975753786 1.052526806294918 -0.25397584724660016 3.4990570545196542 -1.9237011591593429 2.5258116313389367 3.3570139567057282 -0.00072170745800523208 5.725190989176431 3.1771959304809561 -0.60745678984600571 -0.42447383036041819 1.6069746653238928
leaf_weight=9.9999999999999982 3.0000000000000027 2.9999999999999991 2.9999999999999982 4 17 3.9999999999999991 32 153 3.9999999999999982 2.9999999999999982 7 3 136 3 3 23 171 3
leaf_count=10 3 3 3 4 17 4 32 153 4 3 7 3 136 3 3 23 171 3
internal_value=0.0576922 -0.076929 2.11067 0.556736 -0.102342 0.212414 1.63359 -0.0885406 2.70833 1.87329 1.19096 3.54337 -0.293047 4.45311 1.92798 -0.0884884 -0.472742 2.48199
internal_weight=585 549 36 10 546 206 36 170 26 13 10 13 340 7 7 159 181 6
internal_count=585 549 36 10 546 206 36 170 26 13 10 13 340 7 7 159 181 6
is_linear=0
shrinkage=0.05


Tree=63
num_leaves=22
num_cat=0
split_feature=1 0 1 4 4 4 1 1 0 0 0 3 1 1 4 4 3 6 0 5 0
split_gain=38640.7 14846.4 15421.6 17896.6 14939.8 11817.9 12594.6 10820.7 8795.37 20787.1 13387.1 14732.3 8023.5 7193.24 3715.35 18607.5 7396.65 3383.06 1785.77 875.589 465.533
threshold=38003.990000000013 31229.420000000002 36693.465000000004 38215.000000000007 38137.000000000007 37941.500000000007 39744.43 35917.480000000003 31949.185000000001 32317.205000000005 31780.940000000006 1.234975698203449 37483.625000000007 36570.825000000004 37941.500000000007 37657.000000000007 1.1623153717739958 73.500000000000014 32457.300000000007 19.500000000000004 31547.650000000005
decision_type=2 2 2 2 2 2 2 2 2 2 2 2 2 2 2 2 2 2 2 2 2
left_child=1 14 3 13 12 8 -7 -5 10 -10 11 -2 -4 -3 15 16 -1 -16 -8 -19 -6
right_child=5 2 4 7 20 6 18 -9 9 -11 -12 -13 -14 -15 17 -17 -18 19 -20 -21 -22
leaf_value=-0.32838827500966467 4.3859589004516506 0.022879319066561543 3.4230157487922241 0.95949369907379145 0.2036560535430908 -2.0215227484703067 2.1871531546115874 4.7578702290852855 -2.4286516507466636 3.4573651313781735 5.775303459167481 1.1126698970794677 0.92491657257080062 -1.919081382751465 -2.4295758565266898 2.7974839782714849 0.71245172421137504 -0.1250899732112884 0.57338676452636705 -0.82765104349921748 -0.55917830467224117
leaf_weight=330 5.0000000000000098 103 8.9999999999999982 5 4 3.9999999999999982 4 3 2.9999999999999991 3 2.9999999999999991 10.999999999999998 5.0000000000000009 4.9999999999999991 3.0000000000000027 4.9999999999999991 18 6.0000000000000027 3 17 4
leaf_count=330 5 103 9 5 4 4 4 3 3 3 3 11 5 5 3 5 18 6 3 17 4
internal_value=-0.00155541 -0.111845 0.332188 0.102002 1.54589 1.58233 0.216607 2.38388 2.18325 0.514357 2.71027 2.13557 2.53084 -0.0670263 -0.273525 -0.231038 -0.274552 -0.850359 1.49554 -0.644374 -0.177761
internal_weight=553 517 138 116 22 36 11 8 25 6 19 16 14 108 379 353 348 26 7 23 8
internal_count=553 517 138 116 22 36 11 8 25 6 19 16 14 108 379 353 348 26 7 23 8
is_linear=0
shrinkage=0.05


Tree=64
num_leaves=20
num_cat=0
split_feature=1 0 2 5 0 0 4 1 4 1 3 4 2 2 6 2 1 1 3
split_gain=54255.5 18610.7 19928.8 20881.5 11267.5 10616.4 8594.83 19739.6 13301.8 29016.5 9329.37 6911.91 3685.17 3603.86 3017.03 7770 3474.14 2329.29 419.288
threshold=38003.990000000013 31229.420000000002 4689.3000000000002 18.500000000000004 32174.495000000006 31261.905000000002 37941.500000000007 39873.30000000001 37657.000000000007 38660.595000000008 1.2305877188387628 38215.000000000007 4497.3850000000011 2471.6800000000007 87.500000000000014 3832.8450000000007 35864.025000000009 39227.465000000004 1.2492364266900029
decision_type=2 2 2 2 2 2 2 2 2 2 2 2 2 2 2 2 2 2 2
left_child=1 13 3 12 -5 -4 8 -8 9 -2 -10 -7 -3 -1 16 -16 -15 -11 -9
right_child=6 2 5 4 -6 11 7 18 10 17 -12 -13 -14 14 15 -17 -18 -19 -20
leaf_value=1.4144296010335289 -2.834288851420085 4.7100717544555666 2.1945379018783568 0.51738982055638283 3.7034410556157433 -0.25868758765550764 -1.5775412273406986 3.0942175547281892 2.3877332687377915 3.4676136398315429 5.8026580095291127 1.8649487584829332 2.3918376286824539 -0.23182151285101693 -2.8483566045761108 -0.49759585775178056 -0.76333701400195864 2.0919152736663817 2.258267386754353
leaf_weight=2.9999999999999991 2.9999999999999991 3.9999999999999991 4.9999999999999991 37 2.9999999999999991 91 4.9999999999999982 3 4.0000000000000018 4.9999999999999991 4 3.9999999999999991 3 321 3.9999999999999991 29 34 7.9999999999999991 3
leaf_count=3 3 4 5 37 3 91 5 3 4 5 4 4 3 321 4 29 34 8 3
internal_value=-0.00747868 -0.131575 0.348037 1.19722 0.756344 -0.0510809 1.90005 0.742704 2.4305 1.59816 4.0952 -0.169271 3.71654 -0.311889 -0.325237 -0.782537 -0.282727 2.62103 2.67624
internal_weight=573 538 147 47 40 100 35 11 24 16 8 95 7 391 388 33 355 13 6
internal_count=573 538 147 47 40 100 35 11 24 16 8 95 7 391 388 33 355 13 6
is_linear=0
shrinkage=0.05


Tree=65
num_leaves=24
num_cat=0
split_feature=1 4 1 1 1 6 2 2 1 4 3 6 7 4 2 8 4 2 3 2 2 2 2
split_gain=38842.7 22215.4 16884.3 8479.29 13112.6 8244.95 23139.8 7669.39 7003.41 28734 23044 5147.65 4946.91 10528.1 10001.2 2570.97 2478.93 2238.87 1772.15 1397.52 1300.38 1016.95 46.9682
threshold=36041.67500000001 35692.500000000007 38003.990000000013 38598.990000000005 39081.615000000013 73.500000000000014 6057.6200000000008 4356.8350000000009 30672.995000000006 35692.500000000007 1.1532894769286688 74.500000000000014 2.5000000000000004 36890.000000000007 8650.5750000000025 4.5000000000000009 37217.000000000007 8168.8350000000009 0.95973312857638216 18532.700000000001 9476.2950000000019 14510.365000000002 7059.9650000000011
decision_type=2 2 2 2 2 2 2 2 2 2 2 2 2 2 2 2 2 2 2 2 2 2 2
left_child=8 7 5 -4 -5 16 -7 -2 15 10 11 -10 13 -11 -14 18 -3 22 19 -1 -20 -19 -17
right_child=1 2 3 4 -6 6 -8 -9 9 12 -12 -13 14 -15 -16 17 -18 21 20 -21 -22 -23 -24
leaf_value=-0.57102289105003534 2.1700813062489033 -0.51166470845540368 3.4776547718048096 -0.35442511240641278 1.896724063417186 0.20164471345563093 4.697893047332764 5.5144083658854157 2.2064272662003837 -0.38653085915744306 5.3635446548461916 0.63589169755578046 -0.69635171013719899 0.62629376924954938 2.2535654226938884 -1.1462278683980303 -2.5442854245503739 -0.070293211153879459 -0.26748394072055814 -1.5266114115715028 0.84884964625040693 -0.55794743100802113 -0.89597944259643547
leaf_weight=88 3.9999999999999991 2.9999999999999991 4.9999999999999991 8.9999999999999982 23 62 2.9999999999999991 3 5.9999999999999991 75 2.9999999999999991 40 68 39 2.9999999999999991 3 3 98 20.000000000000004 3.9999999999999991 2.9999999999999991 11.999999999999998 5
leaf_count=88 4 3 5 9 23 62 3 3 6 75 3 40 68 39 3 3 3 98 20 4 3 12 5
internal_value=0.0505523 0.873691 0.696768 1.56279 1.26359 0.245462 0.409164 3.60336 -0.152148 0.0410653 1.11765 0.840744 -0.244084 -0.0400382 -0.571707 -0.34619 -1.52798 -0.182226 -0.514431 -0.61257 -0.121875 -0.123492 -0.989823
internal_weight=582 115 108 37 32 71 65 7 467 234 49 46 185 114 71 233 6 118 115 92 23 110 8
internal_count=582 115 108 37 32 71 65 7 467 234 49 46 185 114 71 233 6 118 115 92 23 110 8
is_linear=0
shrinkage=0.05


Tree=66
num_leaves=11
num_cat=0
split_feature=0 2 0 4 4 1 1 1 2 0
split_gain=44440.5 20469 18236.2 35881.2 17222.8 4900.3 4831.15 4191.98 3179.65 200.128
threshold=32303.785000000003 5136.0300000000007 29596.770000000004 35217.000000000007 38215.000000000007 37325.745000000003 36570.825000000004 39744.43 14510.365000000002 32425.120000000003
decision_type=2 2 2 2 2 2 2 2 2 2
left_child=1 2 -1 -4 -5 6 8 -2 -3 -9
right_child=7 5 3 4 -6 -7 -8 9 -10 -11
leaf_value=-2.9325063824653625 4.5736384391784677 -0.19422735817658998 4.6561734580993654 0.26839307268828522 3.2478553390502931 1.310584363937378 -1.8089297103881838 2.1952182769775384 -0.66041386476377162 2.7727536519368483
leaf_weight=3.9999999999999991 3.9999999999999982 339 4.9999999999999991 162 4.9999999999999991 4.9999999999999991 4.9999999999999991 3 41 3
leaf_count=4 4 339 5 162 5 5 5 3 41 3
internal_value=0.0157231 -0.0426537 0.404942 0.482557 0.357599 -0.244646 -0.264843 3.31985 -0.244526 2.48399
internal_weight=576 566 176 172 167 390 385 10 380 6
internal_count=576 566 176 172 167 390 385 10 380 6
is_linear=0
shrinkage=0.05


Tree=67
num_leaves=19
num_cat=0
split_feature=1 4 0 4 1 2 0 0 1 5 4 3 2 0 2 3 0 0
split_gain=33807.7 12898.6 16104.6 9250.49 14276.3 9215.48 6270.91 7373.9 5820.44 5543.97 4845.94 67920.6 12331.6 8304.29 5698.89 1802.48 1309.49 374.92
threshold=37237.020000000011 37941.500000000007 32028.415000000005 38215.000000000007 35598.070000000007 4598.8050000000012 30525.060000000001 32028.415000000005 38993.790000000008 19.500000000000004 35397.500000000007 1.1496117951323483 4310.3750000000009 29354.435000000005 4206.545000000001 1.2337958699915343 31873.325000000001 31085.695000000003
decision_type=2 2 2 2 2 2 2 2 2 2 2 2 2 2 2 2 2 2
left_child=3 5 8 10 17 6 -2 -8 15 -4 11 12 -1 -12 -15 -3 -6 -5
right_child=1 2 9 4 16 -7 7 -9 -10 -11 13 -13 -14 14 -16 -17 -18 -19
leaf_value=-3.3309257606665295 -0.34963101387023926 -0.56650827884674038 0.26399122873942055 -0.48489272117614757 3.6910756429036464 3.8237982749938966 1.906223120008196 0.091858897890363431 -2.4251098453998567 2.9828077316284176 1.9100452065467834 6.4251268863677984 -0.10441159672711207 0.011567405408078974 -0.53078728887037596 0.83087832927703864 2.2137537956237785 0.16455715671181675
leaf_weight=2.9999999999999991 4.9999999999999991 10.000000000000005 3 4.9999999999999982 2.9999999999999991 3.9999999999999991 28 6.9999999999999991 3.9999999999999991 5 3.9999999999999991 3.9999999999999991 230 66 182 2.9999999999999991 3 4
leaf_count=3 5 10 3 5 3 4 28 7 4 5 4 4 230 66 182 3 3 4
internal_value=-0.0177328 1.02025 0.113325 -0.159838 1.06322 1.53555 1.30673 1.54335 -0.757229 1.96325 -0.197355 -0.0350504 -0.145955 -0.349999 -0.386451 -0.244034 2.95241 -0.196248
internal_weight=573 69 25 504 15 44 40 35 17 8 489 237 233 252 248 13 6 9
internal_count=573 69 25 504 15 44 40 35 17 8 489 237 233 252 248 13 6 9
is_linear=0
shrinkage=0.05


Tree=68
num_leaves=16
num_cat=0
split_feature=1 2 0 3 6 2 0 3 1 0 0 2 4 7 0
split_gain=40617.5 22353.7 9929.07 7325.63 16578 12674.6 15181.6 7503.87 6128.72 4546.47 9970.22 7520.53 5718.93 5200.15 2487.95
threshold=37325.745000000003 4251.9350000000013 32238.850000000002 1.2037547151146779 81.500000000000014 2595.7850000000003 31306.450000000004 1.188940285511052 39227.465000000004 30033.960000000003 30041.720000000005 3822.4100000000003 37657.000000000007 4.5000000000000009 29708.200000000004
decision_type=2 2 2 2 2 2 2 2 2 2 2 2 2 2 2
left_child=2 3 9 4 7 8 -7 -2 -5 11 -11 14 -13 -12 -1
right_child=1 -3 -4 5 -6 6 -8 -9 -10 10 13 12 -14 -15 -16
leaf_value=-3.1662928263346357 -0.12496216297149661 5.4467033386230472 2.3376217365264895 3.9415487289428714 2.8997941335042312 -0.50063800982066564 1.6947140329413946 -3.4330051104227692 1.7582522816128201 2.7951539993286136 0.0073579345507277412 -0.39779536707968521 1.5243069887161256 -0.42536156002594078 -1.1299757957458494
leaf_weight=2.9999999999999991 3.9999999999999982 2.9999999999999991 3.9999999999999991 4.9999999999999991 3 13.999999999999998 18 3 8.9999999999999982 2.9999999999999991 283 119 3.9999999999999991 92 3
leaf_count=3 4 3 4 5 3 14 18 3 9 3 283 119 4 92 3
internal_value=-0.000308215 1.24184 -0.143727 1.01658 -0.209948 1.28322 0.734248 -1.54269 2.538 -0.163303 -0.0758347 -0.419606 -0.335288 -0.0988026 -2.14813
internal_weight=570 59 511 56 10 46 32 7 14 507 378 129 123 375 6
internal_count=570 59 511 56 10 46 32 7 14 507 378 129 123 375 6
is_linear=0
shrinkage=0.05


Tree=69
num_leaves=18
num_cat=0
split_feature=1 0 5 2 0 6 0 1 1 4 4 2 2 1 6 6 6
split_gain=26371.8 11235.6 11685.6 15811 10979.3 8305.52 8281.67 7506.88 6848.47 3320.13 15582.7 4169.26 3506.3 2403.19 4662.4 1500.97 96.2203
threshold=39081.615000000013 31229.420000000002 18.500000000000004 4497.3850000000011 31291.855000000003 81.500000000000014 32238.850000000002 37237.020000000011 39429.160000000011 37941.500000000007 37657.000000000007 4966.8700000000008 6337.2050000000008 39744.43 78.500000000000014 81.500000000000014 82.500000000000014
decision_type=2 2 2 2 2 2 2 2 2 2 2 2 2 2 2 2 2
left_child=1 9 3 -3 -5 6 -4 -7 -2 10 11 -1 15 -10 -15 -11 -16
right_child=8 2 5 4 -6 7 -8 -9 13 12 -12 -13 -14 14 16 -17 -18
leaf_value=0.19320137447021046 3.3803499603271465 4.9154476165771488 -0.092421968115700623 3.3999828974405926 -0.14690862298011781 0.38964501133090568 2.22441885471344 2.1426400926378038 0.1990058183670044 -0.007045000129275847 2.6277487564086917 -0.26089572202477418 -2.330571436882019 0.44802656173706068 2.6611666997273757 -0.8238053766886394 2.2865718364715573
leaf_weight=61 5.0000000000000027 2.9999999999999991 108 2.9999999999999991 7.9999999999999991 19.000000000000004 3.9999999999999991 8.9999999999999982 3.9999999999999991 9.0000000000000053 4.9999999999999991 295 2.9999999999999991 4.9999999999999982 3 14.999999999999998 4
leaf_count=61 5 3 108 3 8 19 4 9 4 9 5 295 3 5 3 15 4
internal_value=0.0266242 -0.0407348 0.320611 1.69793 0.820425 0.182879 -0.00967765 0.953108 1.76513 -0.184156 -0.144156 -0.183087 -0.71897 1.26037 1.61416 -0.51752 2.44711
internal_weight=563 542 154 14 11 140 112 28 21 388 361 356 27 16 12 24 7
internal_count=563 542 154 14 11 140 112 28 21 388 361 356 27 16 12 24 7
is_linear=0
shrinkage=0.05


Tree=70
num_leaves=17
num_cat=0
split_feature=1 1 1 0 6 7 0 1 2 0 8 3 6 3 2 1
split_gain=20384.2 13084.9 9365.14 12869.9 11835.8 10659.7 6689.27 8529.39 5047.18 4502.62 4192.61 20426.1 3512.87 2750.44 424.812 293.245
threshold=36312.155000000006 36528.460000000014 39227.465000000004 32238.850000000002 85.500000000000014 5.5000000000000009 29646.715000000004 33286.06500000001 18532.700000000001 32457.300000000007 4.5000000000000009 1.1545467218162948 74.500000000000014 1.0563949164029467 8541.9000000000033 31331.505000000001
decision_type=2 2 2 2 2 2 2 2 2 2 2 2 2 2 2 2
left_child=6 -2 3 5 9 -3 7 13 10 -4 12 -12 -8 14 -1 -15
right_child=1 2 4 -5 -6 -7 8 -9 -10 -11 11 -13 -14 15 -16 -17
leaf_value=-0.73186719076974061 3.8645731608072915 0.28831758980881678 2.535296742121377 3.4886822700500488 -1.3713268041610718 -2.3625967741012572 0.34980018351759234 -3.233553663889567 -2.1340564568837483 0.59824247360229499 0.050602026958147001 3.6846797943115237 -0.24053818929999596 -1.6010600805282598 -0.31492081778123976 -1.0483723560969034
leaf_weight=6.9999999999999991 2.9999999999999991 73 12.000000000000005 2.9999999999999991 2.9999999999999991 3.9999999999999991 28 2.9999999999999991 2.9999999999999991 3.9999999999999991 116 3.9999999999999991 252 3.9999999999999982 48 6
leaf_count=7 3 73 12 3 3 4 28 3 3 4 116 4 252 4 48 6
internal_value=-0.0294767 0.611364 0.512782 0.275786 1.51066 0.150608 -0.168257 -0.626977 -0.0908557 2.05103 -0.0755317 0.171738 -0.181504 -0.506673 -0.367987 -1.26945
internal_weight=573 102 99 80 19 77 471 68 403 16 400 120 280 65 55 10
internal_count=573 102 99 80 19 77 471 68 403 16 400 120 280 65 55 10
is_linear=0
shrinkage=0.05


Tree=71
num_leaves=17
num_cat=0
split_feature=1 2 0 0 2 4 3 4 3 4 0 2 2 3 1 0
split_gain=26334.8 8382.08 8771.18 13870 12549.3 5109.53 7551.87 6300.46 43693.3 15867.1 8667.32 4296.28 4094.13 3010.77 4120.35 127.719
threshold=37325.745000000003 4598.8050000000012 32317.205000000005 32065.465000000004 2471.6800000000007 38215.000000000007 1.1500765696821804 35397.500000000007 1.1496117951323483 35134.500000000007 29354.435000000005 4625.3050000000012 2471.6800000000007 1.1350595117197633 35598.070000000007 32425.120000000003
decision_type=2 2 2 2 2 2 2 2 2 2 2 2 2 2 2 2
left_child=5 2 3 4 -2 7 13 8 9 -1 -9 -10 -12 14 -7 -4
right_child=1 -3 15 -5 -6 6 -8 10 11 -11 12 -13 -14 -15 -16 -17
leaf_value=-0.24057754790410402 1.8675311386585236 2.8916926193237309 2.0989916324615474 -2.7801892916361495 0.1525271996855736 -0.18809117972850806 3.0144266923268637 1.955588698387146 2.8811209996541343 1.1434009269527767 1.0254241323471069 5.5570264259974147 -0.42009881702386986 -1.1665072441101072 2.1557951291402175 2.4985516548156732
leaf_weight=208 15.999999999999998 4.9999999999999991 4 2.9999999999999991 32 4.9999999999999982 2.9999999999999991 3.9999999999999991 2.9999999999999991 23 4.9999999999999991 3 241 3 3 4
leaf_count=208 16 5 4 3 32 5 3 4 3 23 5 3 241 3 3 4
internal_value=-0.0289941 0.926085 0.759508 0.518055 0.724195 -0.151 0.790763 -0.178074 0.00663516 -0.102779 -0.353177 4.21907 -0.390718 0.18431 0.690866 2.29877
internal_weight=565 64 59 51 48 501 14 487 237 231 250 6 246 11 8 8
internal_count=565 64 59 51 48 501 14 487 237 231 250 6 246 11 8 8
is_linear=0
shrinkage=0.05


Tree=72
num_leaves=22
num_cat=0
split_feature=1 1 0 7 7 1 1 3 3 0 2 6 4 3 6 1 3 4 0 4 0
split_gain=18218.4 42609.7 11744 10068.7 17318 8088.29 7378.81 6643.5 6640.42 7919.95 5270.42 4442.61 3547.79 11080.5 4070.54 3250.04 2067.47 2033.09 518.74 453.296 119.605
threshold=34851.185000000005 34939.42500000001 32303.785000000003 5.5000000000000009 2.5000000000000004 39744.43 40405.490000000013 1.1074259006034406 1.1370363341123151 30301.750000000004 4225.4150000000009 77.500000000000014 34732.500000000007 0.98111069275692853 73.500000000000014 40693.320000000007 1.058193019856128 36220.000000000007 30097.955000000005 35987.500000000007 30027.365000000002
decision_type=2 2 2 2 2 2 2 2 2 2 2 2 2 2 2 2 2 2 2 2 2
left_child=7 -2 3 4 -3 -5 -4 10 9 -9 11 -1 13 -12 -14 -8 -13 20 -19 -11 -10
right_child=1 2 6 5 -6 -7 15 8 17 19 12 16 14 -15 -16 -17 -18 18 -20 -21 -22
leaf_value=2.3962027231852185 6.3270617167154946 0.04335738364607096 3.6457218170166024 -1.3727631568908689 1.2910353718577205 1.4712286869684856 -0.29038181304931632 -3.5803597450256319 0.74194744825363168 -1.4620992024739587 -0.1670287174520208 -0.35995214155742083 0.49105555968625209 1.0946340791881084 -0.39593012474039024 2.0370060602823887 0.70586844040797314 -0.35147003332773852 -1.0865575313568114 -0.72749876976013184 0.29547034899393709
leaf_weight=3.0000000000000027 2.9999999999999991 112 3.9999999999999982 15.000000000000002 37 2.9999999999999991 3 4.0000000000000027 2.9999999999999991 2.9999999999999982 134 7.0000000000000027 13.999999999999998 20 170 3 12.999999999999998 5.9999999999999982 4 7 3
leaf_count=3 3 112 4 15 37 3 3 4 3 3 134 7 14 20 170 3 13 6 4 7 3
internal_value=0.00180423 0.418058 0.317906 0.218243 0.353183 -0.898765 1.98228 -0.189822 -0.904767 -1.70002 -0.130408 0.601967 -0.180244 -0.00317641 -0.328442 0.873312 0.332831 -0.208925 -0.645505 -0.947879 0.518709
internal_weight=571 180 177 167 149 18 10 391 30 14 361 23 338 154 184 6 20 16 10 10 6
internal_count=571 180 177 167 149 18 10 391 30 14 361 23 338 154 184 6 20 16 10 10 6
is_linear=0
shrinkage=0.05


Tree=73
num_leaves=17
num_cat=0
split_feature=1 2 1 4 3 0 1 2 6 1 3 3 4 0 1 0
split_gain=32899.5 11240.4 6652.63 42441.6 16957.1 10687.7 9644.13 7776.76 4367.93 4121.03 2968.38 1497.71 1338.76 1331.86 1405.12 963.123
threshold=38003.990000000013 3510.6750000000006 31575.965000000004 35692.500000000007 1.1623153717739958 29445.425000000003 35864.025000000009 2410.9250000000006 84.500000000000014 39429.160000000011 1.0563949164029467 0.58733520734090183 34230.000000000007 30942.645000000004 39081.615000000013 30634.310000000001
decision_type=2 2 2 2 2 2 2 2 2 2 2 2 2 2 2 2
left_child=2 8 10 4 6 -5 -4 -7 13 -3 11 15 -13 -2 -15 -1
right_child=1 9 3 5 -6 7 -8 -9 -10 -11 -12 12 -14 14 -16 -17
leaf_value=-1.1910358031590782 0.75402022202809471 0.92004601160685218 1.0171595118939878 2.8405321756998703 5.2081260681152344 1.2013226938247681 3.3646966272592547 -0.2238034854480897 3.524129182100296 -1.7007155100504552 -1.4225952148437502 -0.051395934919849777 -0.2880897225401664 2.4586729322160981 1.5910657916750228 -0.093810593585173269
leaf_weight=5.9999999999999982 3.0000000000000062 2.9999999999999991 35 2.9999999999999991 2.9999999999999991 9.9999999999999982 4.9999999999999991 224 3.9999999999999991 3 4.9999999999999991 121 118 7.0000000000000027 13.999999999999998 3
leaf_count=6 3 3 35 3 3 10 5 224 4 3 5 121 118 7 14 3
internal_value=0.0656074 1.57359 -0.0305869 0.137326 1.58252 -0.124883 1.3106 -0.162901 1.99444 -0.390335 -0.216419 -0.192101 -0.168257 1.73949 1.88027 -0.825294
internal_weight=567 34 533 280 43 237 40 234 28 6 253 248 239 24 21 9
internal_count=567 34 533 280 43 237 40 234 28 6 253 248 239 24 21 9
is_linear=0
shrinkage=0.05


Tree=74
num_leaves=21
num_cat=0
split_feature=1 4 0 1 6 2 2 8 0 2 4 1 3 2 6 4 8 4 3 3
split_gain=21562.9 15333.2 17842.2 11059.8 10124.1 9148.95 13791.2 6884.5 3461.54 6854.97 4669.83 26659.9 5946.48 3716.16 7758.2 3714.43 2548.53 1524.3 923.318 334.401
threshold=36041.67500000001 37941.500000000007 32028.415000000005 36785.750000000007 85.500000000000014 5535.8000000000011 4790.5100000000011 4.5000000000000009 29777.980000000003 3885.3000000000006 35397.500000000007 30672.995000000006 1.1358994381720218 5321.2400000000007 75.500000000000014 37487.500000000007 4.5000000000000009 34732.500000000007 0.99307988442681039 1.2492364266900029
decision_type=2 2 2 2 2 2 2 2 2 2 2 2 2 2 2 2 2 2 2 2
left_child=8 4 3 -3 5 6 -2 -5 9 -1 11 16 -13 14 -12 17 -10 -11 -15 -4
right_child=1 2 19 7 -6 -7 -8 -9 10 15 13 12 -14 18 -16 -17 -18 -19 -20 -21
leaf_value=-2.391467195749283 1.2997821439453896 2.3084993680318195 1.7226422309875487 -0.45768084733382514 3.9939446767171227 3.7177279154459635 -0.48803415298461916 -2.2485086338860647 -0.36199037831668796 -0.17070233155117961 1.8031359871228536 1.1476289109672819 3.4671430508295695 -0.16807351886622005 -0.071344865113496789 1.0482320737838744 0.092277164370394682 -0.59586474637727482 -0.47135529515261831 2.3691724538803096
leaf_weight=3.9999999999999991 47 2.9999999999999991 4 23.000000000000004 2.9999999999999991 2.9999999999999991 13.999999999999998 6.9999999999999991 76 49 5.9999999999999991 35 2.9999999999999991 37 69 4.9999999999999991 52 37 78 4
leaf_count=4 47 3 4 23 3 3 14 7 76 49 6 35 3 37 69 5 52 37 78 4
internal_value=0.0544721 0.689063 -0.0725235 -0.586082 1.15511 1.02204 0.889464 -0.875541 -0.0974921 -0.365643 -0.0259349 0.167805 1.33075 -0.195202 0.0786136 -0.276596 -0.177444 -0.353621 -0.373778 2.04591
internal_weight=559 108 41 33 67 64 61 30 451 95 356 166 38 190 75 91 128 86 115 8
internal_count=559 108 41 33 67 64 61 30 451 95 356 166 38 190 75 91 128 86 115 8
is_linear=0
shrinkage=0.05


Tree=75
num_leaves=20
num_cat=0
split_feature=0 2 1 5 0 0 6 0 0 2 0 2 8 3 8 1 2 0 3
split_gain=21074.2 16080.9 7841.8 6577.76 15155.2 7491.49 10159.1 4875.48 3857.09 3808.41 3731.74 8562.92 3415.45 2744.17 12882.9 6974.33 2582.79 2123.42 1974.66
threshold=31229.420000000002 4689.3000000000002 37325.745000000003 18.500000000000004 31754.040000000005 31683.300000000007 77.500000000000014 31291.855000000003 31460.010000000006 18532.700000000001 29646.715000000004 4251.9350000000013 4.5000000000000009 1.1914557283660754 4.5000000000000009 36312.155000000006 5263.3900000000003 32120.640000000003 1.0523011373168341
decision_type=2 2 2 2 2 2 2 2 2 2 2 2 2 2 2 2 2 2 2
left_child=9 3 12 4 8 7 -7 -5 -2 10 11 -1 16 15 -15 -12 -3 -14 -13
right_child=1 2 -4 5 -6 6 -8 -9 -10 -11 13 18 17 14 -16 -17 -18 -19 -20
leaf_value=-3.1279053688049316 2.4756554285685231 -0.87902227469852989 2.5499248822530109 1.5899189472198487 -0.60909123420715316 -0.48213580846786502 1.7924267612121725 0.0087021747460732084 5.0111020406087228 -1.9666031201680501 -0.090486241236404086 -0.26453743872215169 0.46773771864752622 -0.17596289166088763 -3.2029087066650392 2.0112913370132448 -0.092447412304761944 -0.92537385622660318 -0.97484200596809389
leaf_weight=2.9999999999999991 2.9999999999999982 13.999999999999998 2.9999999999999991 5.9999999999999991 3 5.9999999999999991 27 26 3 2.9999999999999991 298 53 31 29 3.9999999999999991 3.9999999999999991 41 2.9999999999999991 11.999999999999998
leaf_count=3 3 14 3 6 3 6 27 26 3 3 298 53 31 29 4 4 41 3 12
internal_value=0.00234604 0.476978 0.0356181 1.0257 2.29256 0.850284 1.37887 0.30518 3.74338 -0.191715 -0.178503 -0.51621 -0.0491338 -0.109953 -0.542865 -0.0626481 -0.292666 0.344816 -0.395671
internal_weight=572 166 92 74 9 65 33 32 6 406 403 68 89 335 33 302 55 34 65
internal_count=572 166 92 74 9 65 33 32 6 406 403 68 89 335 33 302 55 34 65
is_linear=0
shrinkage=0.05


Tree=76
num_leaves=18
num_cat=0
split_feature=1 4 6 1 0 0 1 0 5 3 3 3 4 3 3 1 0
split_gain=19030.5 13171.4 14824.3 13965.2 13775.6 6170.09 5964.78 5105.26 4896.94 3269.51 10619.6 3414.12 2553.84 2467.14 1405.33 1157.89 830.941
threshold=37325.745000000003 37941.500000000007 82.500000000000014 38660.595000000008 32028.415000000005 32028.415000000005 38993.790000000008 32174.495000000006 19.500000000000004 1.1914557283660754 1.187592086650729 1.157556824312594 37657.000000000007 1.1992726135275715 1.2337958699915343 36856.17500000001 31064.360000000004
decision_type=2 2 2 2 2 2 2 2 2 2 2 2 2 2 2 2 2
left_child=7 2 3 4 -2 6 14 9 -7 10 11 -1 -5 16 -3 -15 -11
right_child=1 5 -4 12 -6 8 -8 -9 -10 13 -12 -13 -14 15 -16 -17 -18
leaf_value=-0.15014589628167202 0.63303290526072176 -0.47928017245398591 3.9046716880798344 1.6656692913600375 -3.0785209834575653 -0.37001158396402994 -2.2952152788639069 1.9555465658505757 2.3023223400115964 -2.1495206832885745 2.2023610019683839 0.37686425298452381 3.0982168436050417 -1.0709515889485679 0.56620236396789547 0.13211142222086589 -1.0487075805664061
leaf_weight=447 15.000000000000002 9.0000000000000053 4.9999999999999991 14.000000000000002 2.9999999999999991 2.9999999999999991 3.9999999999999991 2.9999999999999991 4 2.9999999999999991 4.9999999999999991 33 3.9999999999999991 2.9999999999999982 4.9999999999999991 6 4
leaf_count=447 15 9 5 14 3 3 4 3 4 3 5 33 4 3 5 6 4
internal_value=0.00362734 0.801991 1.35355 0.999227 0.0144406 -0.102565 -0.592409 -0.10092 1.15704 -0.113234 -0.0900348 -0.113914 1.98401 -0.816474 -0.105894 -0.26891 -1.52048
internal_weight=570 66 41 36 18 25 18 504 7 501 485 480 18 16 14 9 7
internal_count=570 66 41 36 18 25 18 504 7 501 485 480 18 16 14 9 7
is_linear=0
shrinkage=0.05


Tree=77
num_leaves=13
num_cat=0
split_feature=0 0 2 0 1 1 4 3 6 1 4 1
split_gain=9923.05 7479.42 13109.3 6894.29 6832.87 6824.31 4690.85 4678.27 3602.44 6818.85 2363.13 1934.25
threshold=32303.785000000003 32101.795000000002 2471.6800000000007 31927.960000000003 39744.43 38714.475000000013 36890.000000000007 1.2479847952484593 82.500000000000014 37188.170000000006 37657.000000000007 39517.895000000011
decision_type=2 2 2 2 2 2 2 2 2 2 2 2
left_child=1 2 8 5 -2 -4 -3 -6 11 -10 -5 -1
right_child=4 6 3 10 7 -7 -8 -9 9 -11 -12 -13
leaf_value=0.32916313343577902 3.4820161183675133 -0.4271714568138123 -0.10169322341822713 0.25021758476893102 -0.87703887621561671 -1.9576878833770754 -3.223256572087605 1.6204977989196774 0.54598006407419841 3.9171439806620274 2.0252795219421382 1.5557107543945312
leaf_weight=9.0000000000000018 2.9999999999999991 2.9999999999999991 524 3 3 4.9999999999999991 3 5 2.9999999999999991 3 5 4.9999999999999991
leaf_count=9 3 3 524 3 3 5 3 5 3 3 5 5
internal_value=-0.0402476 -0.0693064 -0.0503918 -0.0972042 1.44704 -0.119236 -1.82521 0.683922 1.20652 2.23156 1.35963 0.767216
internal_weight=574 563 557 537 11 529 6 8 20 6 8 14
internal_count=574 563 557 537 11 529 6 8 20 6 8 14
is_linear=0
shrinkage=0.05


Tree=78
num_leaves=16
num_cat=0
split_feature=1 2 1 0 0 4 1 2 4 2 0 0 0 0 1
split_gain=11756.3 5043.49 12458.2 4533.38 3432.56 5804.95 23309.9 5042.98 6740.06 4922.18 3243.59 8530.54 4418.65 490.016 679.098
threshold=37728.740000000013 3510.6750000000006 38993.790000000008 32238.850000000002 29777.980000000003 35397.500000000007 30672.995000000006 3885.3000000000006 37657.000000000007 4449.7000000000007 31347.380000000005 31244.760000000002 30796.465000000004 31683.300000000007 40059.10500000001
decision_type=2 2 2 2 2 2 2 2 2 2 2 2 2 2 2
left_child=3 10 -3 4 7 6 -6 -1 -9 -7 11 12 -2 -12 -15
right_child=1 2 -4 -5 5 9 -8 8 -10 -11 13 -13 -14 14 -16
leaf_value=-1.9136666321754454 0.31341729164123516 1.4705715751647954 -2.2731461226940151 1.5903429746627809 -0.14253490373145702 0.1255269796576029 1.2260700748097606 -0.36173979596475542 2.0478334426879883 -0.35135102845225602 2.151772054036456 -1.7854190190633135 2.8518948237101229 1.1770694553852081 1.8637977600097657
leaf_weight=4.9999999999999991 4.0000000000000018 4.9999999999999982 4 3.9999999999999991 129 81 41 89 2.9999999999999991 163 3.0000000000000027 3 3 8.9999999999999982 5.9999999999999991
leaf_count=5 4 5 4 4 129 81 41 89 3 163 3 3 3 9 6
internal_value=-0.0245179 0.836354 -0.193303 -0.0863669 -0.0994919 -0.0367649 0.18754 -0.367213 -0.283167 -0.193043 1.16732 0.44531 1.40134 1.56843 1.45176
internal_weight=552 37 9 515 511 414 170 97 92 244 28 10 7 18 15
internal_count=552 37 9 515 511 414 170 97 92 244 28 10 7 18 15
is_linear=0
shrinkage=0.05


Tree=79
num_leaves=21
num_cat=0
split_feature=0 3 5 2 4 2 6 1 2 2 3 2 4 7 4 2 6 1 6 2
split_gain=16545.4 9828.81 10240.3 8160.3 6524.1 11611.1 5869.25 11783.6 8338.9 5667.11 4910.72 4369.14 3415.88 8042.41 4403.9 2117.93 1891.3 803.161 271.508 33.4131
threshold=31229.420000000002 1.2084574114048838 18.500000000000004 4497.3850000000011 37941.500000000007 3732.5650000000005 82.500000000000014 37188.170000000006 2312.7900000000004 3510.6750000000006 1.1545467218162948 2471.6800000000007 37941.500000000007 5.5000000000000009 37657.000000000007 14992.780000000001 81.500000000000014 37483.625000000007 82.500000000000014 2312.7900000000004
decision_type=2 2 2 2 2 2 2 2 2 2 2 2 2 2 2 2 2 2 2 2
left_child=11 2 3 -2 9 18 8 -8 -4 16 -5 19 14 17 15 -13 -3 -14 -6 -1
right_child=1 4 6 10 5 -7 7 -9 -10 -11 -12 12 13 -15 -16 -17 -18 -19 -20 -21
leaf_value=1.299120616912842 3.4464104890823366 1.1068069344758984 -2.6088829994201661 -0.13040117224057518 1.7122126817703238 -1.8324571162462235 0.31999636021527378 3.8552114963531494 0.063258526358035735 3.8690543731053673 2.1313089013099669 -0.11963357480538146 -0.57634248419811829 -3.1568379402160645 1.3360898208618164 -0.5398619401635546 2.393232297897339 0.087230618794759129 1.1595407199859618 1.0631363709767656
leaf_weight=2.9999999999999991 3.9999999999999991 10.000000000000002 2.9999999999999991 5.9999999999999982 4.0000000000000018 3.9999999999999991 10.999999999999998 2.9999999999999991 109 2.9999999999999991 4 328 19.000000000000007 2.9999999999999991 4.9999999999999991 33 3.9999999999999991 5.9999999999999991 5 3
leaf_count=3 4 10 3 6 4 4 11 3 109 3 4 328 19 3 5 33 4 6 5 3
internal_value=0.0176523 0.430868 0.254876 1.53775 1.25216 0.408979 0.112334 1.07754 -0.00831669 1.89695 0.774283 -0.157964 -0.178356 -0.71063 -0.137636 -0.158048 1.47436 -0.417085 1.40517 1.18113
internal_weight=570 170 140 14 30 13 126 14 112 17 10 400 394 28 366 361 14 25 9 6
internal_count=570 170 140 14 30 13 126 14 112 17 10 400 394 28 366 361 14 25 9 6
is_linear=0
shrinkage=0.05


Tree=80
num_leaves=15
num_cat=0
split_feature=1 0 0 2 1 2 3 3 1 0 2 1 0 1
split_gain=17801.3 4144.17 9471.4 8389.6 8239.61 4935.44 4337.29 9174.9 2777.65 3095.82 2452.71 1870.51 355.41 502.52
threshold=38898.225000000006 31347.380000000005 31352.625000000004 2471.6800000000007 37774.35500000001 2362.8400000000006 1.2166583009160299 1.1984617718924895 39429.160000000011 31780.940000000006 3822.4100000000003 39813.17500000001 32028.415000000005 40539.980000000003
decision_type=2 2 2 2 2 2 2 2 2 2 2 2 2 2
left_child=1 3 -3 5 10 -1 7 -4 9 -2 -5 -10 -13 -14
right_child=8 2 6 4 -6 -7 -8 -9 11 -11 -12 12 13 -15
leaf_value=0.42994289100170135 1.1936070760091133 2.9754820505777997 0.15415699930418106 -0.51863864243030544 -2.7767114619414013 3.1127624352773022 2.003644148508708 -2.6501607894897461 0.26682657942175869 3.4651052787279077 -0.10643524665355197 1.0861854851245882 2.1522255897521965 1.2370567003885902
leaf_weight=3.9999999999999991 3.0000000000000027 2.9999999999999991 105 40 2.9999999999999991 3 2.9999999999999991 2.9999999999999991 4.9999999999999991 3 369 3.9999999999999982 3 3
leaf_count=4 3 3 105 40 3 3 3 3 5 3 369 4 3 3
internal_value=-0.00775449 -0.0640128 0.203275 -0.136736 -0.165899 1.57972 0.128351 0.0762593 1.42014 2.32936 -0.146749 1.05645 1.45126 1.69464
internal_weight=554 533 114 419 412 7 111 108 21 6 409 15 10 6
internal_count=554 533 114 419 412 7 111 108 21 6 409 15 10 6
is_linear=0
shrinkage=0.05


Tree=81
num_leaves=13
num_cat=0
split_feature=0 1 0 2 7 0 2 0 3 6 1 1
split_gain=8525.07 6656.3 6373.61 7655.44 5302.26 4959.16 4130.42 3948.32 3760.96 3655.55 5535.76 2785.23
threshold=32303.785000000003 39744.43 32101.795000000002 2471.6800000000007 4.5000000000000009 32174.495000000006 4225.4150000000009 31347.380000000005 1.2479847952484593 82.500000000000014 37188.170000000006 39227.465000000004
decision_type=2 2 2 2 2 2 2 2 2 2 2 2
left_child=2 -2 3 9 7 -4 -6 -5 -3 11 -11 -1
right_child=1 8 5 4 6 -7 -8 -9 -10 10 -12 -13
leaf_value=-0.83079020182291574 2.9590260028839115 -0.93861298561096163 -3.089386049906413 -0.054079882746811997 -1.7359643554687503 -0.40012758970260615 -0.2736222241681518 0.34061258661526223 1.300721321105957 0.48397084871927903 3.5214473565419504 0.95566298961639407
leaf_weight=3.0000000000000027 3.9999999999999991 3 2.9999999999999991 291 4.9999999999999991 4 141 81 5 2.9999999999999991 3 7.9999999999999991
leaf_count=3 4 3 3 291 5 4 141 81 5 3 3 8
internal_value=-0.0245195 1.29366 -0.0537042 -0.0340916 -0.0683556 -1.55267 -0.323702 0.0318612 0.460971 1.00995 2.00271 0.468448
internal_weight=554 12 542 535 518 7 146 372 8 17 6 11
internal_count=554 12 542 535 518 7 146 372 8 17 6 11
is_linear=0
shrinkage=0.05


Tree=82
num_leaves=15
num_cat=0
split_feature=0 0 3 1 5 0 2 7 1 2 0 2 0 0
split_gain=13111.2 8290.55 7078.17 7702.42 21798.2 6470.02 7166.23 5882.88 2939.94 2296.35 2019.73 7319.87 2192.99 208.394
threshold=32303.785000000003 30502.150000000005 1.2305877188387628 38714.475000000013 20.500000000000004 32065.465000000004 4548.0250000000005 5.5000000000000009 39081.615000000013 18532.700000000001 29646.715000000004 3885.3000000000006 30458.055000000004 32425.120000000003
decision_type=2 2 2 2 2 2 2 2 2 2 2 2 2 2
left_child=1 9 5 -4 -5 7 -7 -3 -2 10 11 -1 -12 -10
right_child=8 2 3 4 -6 6 -8 -9 13 -11 12 -13 -14 -15
leaf_value=-2.9009278933207199 3.0846268335978202 0.17421815182928369 2.9852079391479469 1.5976601117600999 -2.6644008994102482 -3.2641356507937127 -0.27117918332417806 -0.50744698180092707 0.89880226453145318 -1.6524598439534506 -0.11604497783670301 -0.37644434605739008 -0.88045005559921263 1.450081133842468
leaf_weight=2.9999999999999991 2.9999999999999982 262 4.0000000000000027 11.999999999999998 3.9999999999999991 2.9999999999999982 6 36 3 2.9999999999999991 152 67 9.9999999999999982 4
leaf_count=3 3 262 4 12 4 3 6 36 3 3 152 67 10 4
internal_value=-0.0195139 -0.0514458 0.111354 1.02276 0.532145 0.0519791 -1.26883 0.0918693 1.77506 -0.27798 -0.260206 -0.484636 -0.16323 1.21382
internal_weight=572 562 327 20 16 307 9 298 10 235 232 70 162 7
internal_count=572 562 327 20 16 307 9 298 10 235 232 70 162 7
is_linear=0
shrinkage=0.05


Tree=83
num_leaves=14
num_cat=0
split_feature=0 3 4 0 4 4 3 3 1 0 1 2 0
split_gain=10071 5656.13 18438.5 9646.82 10230.6 3622.85 6414.3 3918.83 3108.79 3586.67 2902.4 1562.54 70.8376
threshold=32303.785000000003 1.1545467218162948 35692.500000000007 32065.465000000004 37941.500000000007 37657.000000000007 1.1500765696821804 1.1496117951323483 33109.115000000013 31085.695000000003 39744.43 5462.8450000000003 32425.120000000003
decision_type=2 2 2 2 2 2 2 2 2 2 2 2 2
left_child=1 5 -3 4 -4 6 7 -1 -7 -10 -2 -8 -12
right_child=10 2 3 -5 -6 8 11 -9 9 -11 12 -13 -14
leaf_value=-0.10480003212941878 2.9303954442342133 3.2675021839141851 0.59814872037280686 -2.6359608689943954 -0.49125201255083084 2.1019718964894611 -1.3991819381713868 1.7087199727694196 -1.1947817961374918 0.80151206917232942 0.85386213461558003 -0.12338922023773194 1.1974646568298337
leaf_weight=423 2.9999999999999982 4.9999999999999991 66 2.9999999999999991 32 2.9999999999999991 11.999999999999998 2.9999999999999991 2.9999999999999991 8.9999999999999982 3 2.9999999999999991 3
leaf_count=423 3 5 66 3 32 3 12 3 3 9 3 3 3
internal_value=0.00123138 -0.0253417 0.303655 0.156929 0.242426 -0.101819 -0.127811 -0.0920288 0.662345 0.302439 1.66057 -1.14402 1.02566
internal_weight=571 562 106 101 98 456 441 426 15 12 9 15 6
internal_count=571 562 106 101 98 456 441 426 15 12 9 15 6
is_linear=0
shrinkage=0.05


Tree=84
num_leaves=23
num_cat=0
split_feature=0 2 4 6 4 1 7 1 2 4 2 6 0 0 8 4 1 3 3 1 6 4
split_gain=6050.76 5506.08 13963.6 6734.72 6355.82 16933.3 5303.15 7245.56 5841.55 4453.23 3728.19 3542.76 3437.96 2294.32 2250.82 2075.27 2475.84 1149.89 549.476 816.987 432.051 384.293
threshold=29777.980000000003 5197.0250000000005 35217.000000000007 78.500000000000014 35397.500000000007 30672.995000000006 5.5000000000000009 38993.790000000008 3732.5650000000005 35134.500000000007 3885.3000000000006 73.500000000000014 29703.035000000003 30890.690000000002 4.5000000000000009 34905.000000000007 29759.615000000002 1.1757830903046622 1.0544751768589771 32152.810000000001 73.500000000000014 35397.500000000007
decision_type=2 2 2 2 2 2 2 2 2 2 2 2 2 2 2 2 2 2 2 2 2 2
left_child=10 2 3 -2 5 14 7 -4 -8 -7 12 13 -1 -6 -3 16 20 -13 21 -20 -12 -17
right_child=1 4 6 -5 11 9 8 -9 -10 -11 15 17 -14 -15 -16 18 -18 -19 19 -21 -22 -23
leaf_value=-2.7740732034047446 1.1251029692590238 -0.3014879688830443 0.17857542754688735 4.2590242067972808 -0.5376114288965862 0.77526337248938415 0.45953382764543788 1.4118388496912444 -1.4237223565578461 2.0572367572784422 0.23515503195424878 -0.31355815614431592 -0.38034467970331498 -2.493080870310465 0.12038244777073137 -0.58031186949123015 1.3203885465860368 0.27276598612467445 -1.055993580818176 -0.43155353611165825 -0.21911986148575457 -0.16236591013995083
leaf_weight=2.9999999999999991 3.9999999999999991 71 142 3 2.9999999999999991 21.000000000000004 7.0000000000000027 12.999999999999998 9.9999999999999982 9.9999999999999982 5.9999999999999991 118 3 3 57 11.000000000000002 2.9999999999999991 8.9999999999999982 10.000000000000002 10.999999999999998 41 10.999999999999998
leaf_count=3 4 71 142 3 3 21 7 13 10 10 6 118 3 3 57 11 3 9 10 11 41 11
internal_value=-0.0138788 0.0608081 0.279154 2.46821 -0.0730411 0.140309 0.190065 0.28201 -0.648264 1.1888 -0.369208 -0.328098 -1.57721 -1.51535 -0.113624 -0.291272 -0.0722364 -0.272008 -0.545965 -0.728906 -0.161127 -0.371339
internal_weight=570 471 179 7 292 159 172 155 17 31 99 133 6 6 128 93 50 127 43 21 47 22
internal_count=570 471 179 7 292 159 172 155 17 31 99 133 6 6 128 93 50 127 43 21 47 22
is_linear=0
shrinkage=0.05


Tree=85
num_leaves=20
num_cat=0
split_feature=1 4 3 3 8 2 4 2 2 0 0 1 3 4 3 2 4 0 3
split_gain=5791.9 18761 6978.37 6597.82 9176.96 6150.63 5101.46 5521.64 5058.71 12094 4591.28 3544.76 3505.93 2999.54 9660.88 2519.88 490.696 175.137 58.1366
threshold=34851.185000000005 35692.500000000007 1.1242874489886032 1.1292790347931108 4.5000000000000009 6057.6200000000008 38215.000000000007 4053.3300000000004 4928.1750000000002 31886.825000000001 31886.825000000001 34504.125000000007 1.1208058883715373 37657.000000000007 1.0818691036941752 18532.700000000001 36489.500000000007 30097.955000000005 1.1496117951323483
decision_type=2 2 2 2 2 2 2 2 2 2 2 2 2 2 2 2 2 2 2
left_child=3 2 -2 12 16 6 7 -3 9 -4 -8 -6 13 15 -15 -1 18 -18 -5
right_child=1 5 8 4 11 -7 10 -9 -10 -11 -12 -13 -14 14 -16 -17 17 -19 -20
leaf_value=-0.094257145277912402 0.21920003294944765 0.22023605366305607 5.8262537638346377 0.11925558242946854 -3.8540538469950358 1.8015229272842408 2.1852273607254031 -0.39946709256619217 0.97242483297983784 1.6266085237264631 -0.087477737665176372 -1.423429981867472 1.4020840883255006 -0.67002569139003754 3.0834771516422421 -1.5495224952697755 -0.30877345403035478 -0.81415216922759992 -0.1719187716643015
leaf_weight=352 3.9999999999999991 82 2.9999999999999982 4.0000000000000018 2.9999999999999991 4.9999999999999991 4.9999999999999982 64 3 4 4 3 3.9999999999999991 3.9999999999999991 3 2.9999999999999991 3 4 3
leaf_count=352 4 82 3 4 3 5 5 64 3 4 4 3 4 4 3 3 3 4 3
internal_value=-0.0104392 0.229061 1.98423 -0.1184 -1.00271 0.0754831 0.0198044 -0.0514146 2.69025 3.42646 1.17514 -2.63874 -0.0700776 -0.0863446 0.938618 -0.106555 -0.301547 -0.597561 -0.00553343
internal_weight=560 174 14 386 20 160 155 146 10 7 9 6 366 362 7 355 14 7 7
internal_count=560 174 14 386 20 160 155 146 10 7 9 6 366 362 7 355 14 7 7
is_linear=0
shrinkage=0.05


Tree=86
num_leaves=15
num_cat=0
split_feature=1 1 2 2 0 1 3 3 0 2 1 5 1 3
split_gain=8372.75 10753.5 10016.3 6599.27 5414.67 6999.69 4035.48 3233.99 3071.29 1791.33 3388.99 3410.3 1293.44 417.045
threshold=38898.225000000006 38598.990000000005 2471.6800000000007 4548.0250000000005 32001.495000000003 37053.225000000013 1.2140853558211844 1.1757830903046622 30502.150000000005 2972.7550000000006 39873.30000000001 19.500000000000004 39227.465000000004 1.2554011339549793
decision_type=2 2 2 2 2 2 2 2 2 2 2 2 2 2
left_child=1 2 6 9 8 -6 7 -1 -4 12 -11 -12 -2 -14
right_child=3 -3 4 -5 5 -7 -8 -9 -10 10 11 -13 13 -15
leaf_value=1.817673540115357 1.891342417399084 -2.6252466201782227 -0.21021723376194898 3.0707555751005811 2.7170562744140621 -0.24091915786266324 3.0787852605183912 -0.35401632388432813 0.034674147908154825 -1.3193284690380098 -0.68148167928059877 1.4509034538269041 0.21437940200169889 0.9189941678728375
leaf_weight=3.9999999999999982 3.0000000000000062 3.9999999999999991 228 2.9999999999999991 4 4 3 3 292 2.9999999999999991 3 5 2.9999999999999982 7
leaf_count=4 3 4 228 3 4 4 3 3 292 3 3 5 3 7
internal_value=0.000454065 -0.0423545 -0.0231508 0.859795 -0.0528412 1.23807 1.5445 0.886949 -0.0727013 0.583425 0.113826 0.651259 0.980779 0.70761
internal_weight=569 542 538 27 528 8 10 7 520 24 11 8 13 10
internal_count=569 542 538 27 528 8 10 7 520 24 11 8 13 10
is_linear=0
shrinkage=0.05


Tree=87
num_leaves=18
num_cat=0
split_feature=2 4 3 5 1 1 3 4 4 3 3 2 8 2 3 0 2
split_gain=7377.86 13751.6 4827.42 4624.65 11366.4 11077.5 7596.03 7697.28 4748.77 2914.21 7308.71 3652.7 2983.58 2601.77 1942.66 1335.02 644.796
threshold=4966.8700000000008 35217.000000000007 1.188940285511052 18.500000000000004 36648.630000000012 34851.185000000005 1.2107288239256495 35865.000000000007 37941.500000000007 1.1292790347931108 1.1153400216496447 5316.0850000000009 4.5000000000000009 4251.9350000000013 1.138378225421983 31048.860000000004 5410.2400000000007
decision_type=2 2 2 2 2 2 2 2 2 2 2 2 2 2 2 2 2
left_child=1 -1 9 4 5 -3 7 -5 -8 10 12 -12 -2 -6 16 -16 -11
right_child=2 3 -4 6 13 -7 8 -9 -10 14 11 -13 -14 -15 15 -17 -18
leaf_value=2.9022856330871587 -0.22378674470021995 0.81840644677480034 1.466933822631836 0.7836221638179961 0.39604806559426436 4.2153204441070553 1.375296214924139 -0.28413305733092997 0.076190279920895901 -0.81566807428995769 0.61568312883377063 2.8225516001383455 0.075097508935197718 -1.0498809427022935 -0.11552906036376953 -0.77663403401772191 -1.8523260116577143
leaf_weight=4.9999999999999991 181 6.0000000000000018 4.9999999999999991 21 14.000000000000002 4 17.000000000000004 86 11.999999999999998 2.9999999999999991 5 3 155 3.9999999999999991 21 11.999999999999998 3
leaf_count=5 181 6 5 21 14 4 17 86 12 3 5 3 155 4 21 12 3
internal_value=0.0434632 0.319191 -0.0766347 0.240438 0.825602 2.17717 0.119963 -0.0745736 0.837735 -0.0967857 -0.0503466 1.44326 -0.0859086 0.0747305 -0.506403 -0.355931 -1.334
internal_weight=557 169 388 164 28 10 136 107 29 383 344 8 336 18 39 33 6
internal_count=557 169 388 164 28 10 136 107 29 383 344 8 336 18 39 33 6
is_linear=0
shrinkage=0.05


Tree=88
num_leaves=19
num_cat=0
split_feature=2 6 3 3 0 3 4 2 2 4 3 3 4 2 8 2 2 3
split_gain=5259.94 7841.4 12003.6 7271.47 5048.94 7488.35 9998.6 10009.1 5208.8 4654.5 5039.58 3801.6 3371.16 2775.23 17275.9 4376.23 435.039 150.016
threshold=2471.6800000000007 82.500000000000014 1.2037547151146779 1.1710601444213546 31347.380000000005 1.1885024806116615 37941.500000000007 3732.5650000000005 2629.0100000000007 35397.500000000007 0.97091035483659704 1.232422692668351 36220.000000000007 3959.9850000000006 4.5000000000000009 4053.3300000000004 2031.0550000000003 1.2554011339549793
decision_type=2 2 2 2 2 2 2 2 2 2 2 2 2 2 2 2 2 2
left_child=1 2 -1 -3 8 9 11 -8 -2 10 -6 -7 -11 14 -10 -15 -4 -18
right_child=4 3 16 -5 5 6 7 -9 13 12 -12 -13 -14 15 -16 -17 17 -19
leaf_value=-2.7372415582338903 -2.20414350827535 0.25923425778746606 1.1373804479837417 3.51564667224884 -0.1408731884190014 1.6010620321546281 0.93226447370317256 -2.4025876045227039 -0.23021813776268038 -1.0783186554908752 1.1401573657989503 3.7284347534179676 -0.040582146843274436 1.2735547423362732 -4.1389262517293295 -0.087723873349204465 0.26332404613494864 0.71056147575378414
leaf_weight=3.0000000000000062 2.9999999999999991 2.9999999999999991 4.9999999999999991 4 14.000000000000002 7 8.9999999999999982 3.0000000000000009 49 8.9999999999999982 17 3 60 5.9999999999999991 2.9999999999999991 369 3 5
leaf_count=3 3 3 5 4 14 7 9 3 49 9 17 3 60 6 3 369 3 5
internal_value=-0.0165816 0.724272 0.113622 2.12004 -0.0474505 0.236443 1.07161 0.0985515 -0.127997 0.0527065 0.561627 2.23927 -0.175939 -0.11341 -0.455721 -0.0659434 0.771514 0.542847
internal_weight=575 23 16 7 552 122 22 12 430 100 31 10 69 427 52 375 13 8
internal_count=575 23 16 7 552 122 22 12 430 100 31 10 69 427 52 375 13 8
is_linear=0
shrinkage=0.05


Tree=89
num_leaves=13
num_cat=0
split_feature=2 1 2 4 1 6 4 3 4 2 4 1
split_gain=5103.91 5930.9 6293.69 5500.03 3135.06 2329.89 3015.2 2924.3 14227.9 2805.15 2095.9 1605.76
threshold=1804.3950000000002 35917.480000000003 6057.6200000000008 35692.500000000007 37728.740000000013 73.500000000000014 37487.500000000007 1.1587804532921291 36220.000000000007 18532.700000000001 35397.500000000007 36785.750000000007
decision_type=2 2 2 2 2 2 2 2 2 2 2 2
left_child=-1 5 3 11 -5 6 10 9 -9 -7 -2 -3
right_child=1 2 -4 4 -6 7 -8 8 -10 -11 -12 -13
leaf_value=-1.7523374378681185 0.55093764079113772 2.5814943472544356 2.3106223344802856 -0.028442668120066322 0.5272158213298429 -0.084669991190423996 1.6717696309089662 3.6969088792800906 -0.12313290765652291 -1.6192234675089521 -0.41421129438612198 0.94556404352188084
leaf_weight=3.9999999999999991 15.000000000000005 2.9999999999999991 3.9999999999999991 60 44 407 3.9999999999999991 2.9999999999999991 12.999999999999998 2.9999999999999991 8.9999999999999982 3
leaf_count=4 15 3 4 60 44 407 4 3 13 3 9 3
internal_value=0.0274478 0.0399815 0.362409 0.291565 0.206644 -0.0409804 0.40083 -0.0700196 0.593125 -0.0958984 0.189007 1.76353
internal_weight=572 568 114 110 104 454 28 426 16 410 24 6
internal_count=572 568 114 110 104 454 28 426 16 410 24 6
is_linear=0
shrinkage=0.05


Tree=90
num_leaves=14
num_cat=0
split_feature=1 2 4 2 2 1 0 8 3 2 1 1 2
split_gain=5368.87 9399.8 6900.51 5837.21 5143.84 4872.87 4594.31 3355.72 6888.86 3448.84 1671.07 622.435 461.261
threshold=38660.595000000008 1804.3950000000002 37941.500000000007 3732.5650000000005 3510.6750000000006 38465.170000000006 32028.415000000005 4.5000000000000009 1.1545467218162948 4149.2000000000007 39081.615000000013 40539.980000000003 2160.6250000000005
decision_type=2 2 2 2 2 2 2 2 2 2 2 2 2
left_child=1 -1 4 6 10 7 -4 9 -9 -3 -2 -8 -12
right_child=2 5 3 -5 -6 -7 11 8 -10 -11 12 -13 -14
leaf_value=-2.8350231726964314 1.763548851013184 0.14760502184785548 -1.0422435839970909 -1.7402053944766516 3.2840212663014712 1.981074635187785 1.8634521484374993 0.048716061081759326 1.2431564991290753 -0.22057021675162189 0.83394417017698275 0.84492774009704574 0.013778436183929441
leaf_weight=2.9999999999999991 3.9999999999999982 84 2.9999999999999982 4.0000000000000009 3.0000000000000009 2.9999999999999991 3 169 12.999999999999998 262 4 3 3
leaf_count=3 4 84 3 4 3 3 3 169 13 262 4 3 3
internal_value=-0.00933585 -0.0441168 0.678554 -0.150955 1.44881 -0.028349 0.555379 -0.0397661 0.134033 -0.131187 0.948301 1.35419 0.482445
internal_weight=561 534 27 13 14 531 9 528 182 346 11 6 7
internal_count=561 534 27 13 14 531 9 528 182 346 11 6 7
is_linear=0
shrinkage=0.05


Tree=91
num_leaves=12
num_cat=0
split_feature=1 0 2 0 2 0 4 3 0 3 3
split_gain=7586.79 4599.53 4533.53 4379.45 7286.06 4917.33 4500.34 3175.64 1699.78 722.747 564.919
threshold=38898.225000000006 32238.850000000002 3510.6750000000006 32101.795000000002 2471.6800000000007 31927.960000000003 36747.500000000007 1.2140853558211844 31188.350000000002 1.2441142558800566 1.2595035535373849
decision_type=2 2 2 2 2 2 2 2 2 2 2
left_child=1 3 8 4 7 -6 -5 -1 -2 -10 -11
right_child=2 -3 -4 6 5 -7 -8 -9 9 10 -12
leaf_value=0.7339430929720403 -0.25230238437652547 1.9408082326253255 2.7561261018117271 0.0035956660906473793 -0.049444833782434243 1.7102997034788132 -2.735121870040893 2.5887425104777022 0.34838601350784304 1.3896462440490724 0.56957159042358385
leaf_weight=9.9999999999999982 4.0000000000000062 2.9999999999999991 2.9999999999999991 2.9999999999999991 526 3.9999999999999991 3 2.9999999999999991 3.9999999999999991 6.9999999999999982 3
leaf_count=10 4 3 3 3 526 4 3 3 4 7 3
internal_value=0.0238319 -0.0116545 0.956617 -0.0223237 -0.00747905 -0.0361637 -1.36576 1.16197 0.656698 0.916413 1.14362
internal_weight=573 552 21 549 543 530 6 13 18 14 10
internal_count=573 552 21 549 543 530 6 13 18 14 10
is_linear=0
shrinkage=0.05


Tree=92
num_leaves=21
num_cat=0
split_feature=2 4 0 0 6 4 7 3 6 3 0 1 2 2 7 2 0 2 4 6
split_gain=4583.54 11143.1 10478.5 4542.43 11075.3 4107.67 3002.72 5851.39 2900.11 3220.99 2958.24 1320.39 3938.73 1161.12 1190.15 959.122 624.095 601.475 564.654 497.574
threshold=4737.3700000000008 35217.000000000007 31886.825000000001 30740.450000000004 75.500000000000014 37941.500000000007 5.5000000000000009 1.188940285511052 73.500000000000014 1.0730127683517734 31536.125000000004 34504.125000000007 6289.255000000001 3681.8400000000006 1.0000000180025095e-35 5430.8950000000013 30041.720000000005 11037.325000000003 34905.000000000007 75.500000000000014
decision_type=2 2 2 2 2 2 2 2 2 2 2 2 2 2 2 2 2 2 2 2
left_child=1 2 -1 13 -5 -6 7 8 9 -2 -10 17 15 16 -15 -13 -3 18 -8 -19
right_child=6 3 -4 4 5 -7 11 -9 10 -11 -12 12 -14 14 -16 -17 -18 19 -20 -21
leaf_value=4.4472520828247069 -0.040839810030800949 -0.38316384553909288 0.26823202768961585 2.9288887977600098 0.45928336247591911 -0.22302744574844838 0.443512266874313 1.8904930591583253 -0.12405806028414845 1.075500806172689 0.40600855679347597 -0.70224686861038221 -2.4117111523946129 -1.0774252732594802 -0.27451508462429047 0.24600257873535153 0.17322724726465014 -0.84306395351886698 -0.19631153582036498 -0.30914575289934876
leaf_weight=2.9999999999999991 14.000000000000002 7.0000000000000027 3 3.9999999999999991 71 32 4.0000000000000027 3.9999999999999991 285 11.999999999999998 29 7.9999999999999982 2.9999999999999991 6.0000000000000027 20 4 18 6.0000000000000027 25 15.999999999999998
leaf_count=3 14 7 3 4 71 32 4 4 285 12 29 8 3 6 20 4 18 6 25 16
internal_value=0.0193758 0.242776 2.35774 0.162461 0.347549 0.247303 -0.0699845 -0.0107153 -0.0330825 0.474394 -0.0751029 -0.378902 -0.791273 -0.225861 -0.459802 -0.386164 0.0174377 -0.257617 -0.10806 -0.45476
internal_weight=574 164 6 158 107 103 410 344 340 26 314 66 15 51 26 12 25 51 29 22
internal_count=574 164 6 158 107 103 410 344 340 26 314 66 15 51 26 12 25 51 29 22
is_linear=0
shrinkage=0.05


Tree=93
num_leaves=18
num_cat=0
split_feature=7 1 6 8 2 1 1 1 8 4 6 3 4 4 1 1 2
split_gain=4942.42 5820.71 4958.58 9654.94 4509.73 13171 3920.44 4901.38 7749.67 4139.39 2758.12 5967.28 1330.99 162.677 149.532 53.7852 47.0087
threshold=4.5000000000000009 38898.225000000006 87.500000000000014 4.5000000000000009 3732.5650000000005 36881.680000000008 38598.990000000005 37325.745000000003 4.5000000000000009 35397.500000000007 78.500000000000014 1.2554011339549793 34230.000000000007 37657.000000000007 40693.320000000007 25674.545000000002 2160.6250000000005
decision_type=2 2 2 2 2 2 2 2 2 2 2 2 2 2 2 2 2
left_child=1 6 4 15 14 12 7 9 -9 -1 11 -3 -6 -8 -2 -4 -13
right_child=2 10 3 -5 5 -7 13 8 -10 -11 -12 16 -14 -15 -16 -17 -18
leaf_value=0.24443364272303617 1.4265910704930624 3.4486445109049493 -0.36685666044553134 -3.6911544481913241 0.078822181723555748 -2.7411660170555119 -1.4614677429199219 0.34107248020172115 2.4974123764038088 -0.10547837088705521 0.16323733806610108 0.85746313730875634 -0.25714385954512137 -0.94076824188232389 0.92737140655517547 -0.067453850309054042 0.57755640347798642
leaf_weight=141 2.9999999999999991 2.9999999999999982 2.9999999999999982 3 49 4.9999999999999991 2.9999999999999991 25.000000000000004 4.9999999999999991 211 4.9999999999999991 3 74 3 3 3 3
leaf_count=141 3 3 3 3 49 5 3 25 5 211 5 3 74 3 3 3 3
internal_value=0.0133887 0.103193 -0.239068 -1.37515 -0.162763 -0.225564 0.0670525 0.0869714 0.700462 0.0346852 1.1048 1.62789 -0.123304 -1.20112 1.17698 -0.217155 0.71751
internal_weight=545 402 143 9 134 128 388 382 30 352 14 9 123 6 6 6 6
internal_count=545 402 143 9 134 128 388 382 30 352 14 9 123 6 6 6 6
is_linear=0
shrinkage=0.05


Tree=94
num_leaves=10
num_cat=0
split_feature=0 0 0 3 4 1 7 0 0
split_gain=4596.62 5372.03 6985.81 4321.73 19434.9 4251.85 3699.94 993.161 166.408
threshold=32303.785000000003 32065.465000000004 32001.495000000003 1.1623153717739958 37941.500000000007 36570.825000000004 1.0000000180025095e-35 32389.380000000001 32457.300000000007
decision_type=2 2 2 2 2 2 2 2 2
left_child=1 2 3 5 -5 -1 -3 -2 -9
right_child=7 6 -4 4 -6 -7 -8 8 -10
leaf_value=-0.027468038868526119 1.8965343316396084 -0.063589990139007582 2.4405216217041019 0.89788623367404119 -0.58108695464001758 -1.9157191594441731 -2.1037950706481929 0.51901162465413397 1.0456480662027994
leaf_weight=477 2.9999999999999982 3.9999999999999982 2.9999999999999991 58 36 2.9999999999999991 5 3 3
leaf_count=477 3 4 3 58 36 3 5 3 3
internal_value=0.0323373 0.0151145 0.0340215 0.021444 0.331471 -0.0392696 -1.19704 1.15373 0.78233
internal_weight=595 586 577 574 94 480 9 9 6
internal_count=595 586 577 574 94 480 9 9 6
is_linear=0
shrinkage=0.05


Tree=95
num_leaves=21
num_cat=0
split_feature=1 4 4 3 0 7 3 2 0 0 1 2 4 0 7 1 8 1 1 1
split_gain=3966.67 4477.21 7621.41 9326.32 5071.79 5417.47 4817.76 4766.73 3071.56 3041.29 3147.61 3088.06 3011.06 2907.57 2140.39 1858.52 1248.36 1042.58 540.493 226.088
threshold=37325.745000000003 37941.500000000007 37217.000000000007 1.2305877188387628 31927.960000000003 2.5000000000000004 1.2175773255298903 3732.5650000000005 32001.495000000003 31843.890000000003 36881.680000000008 4737.3700000000008 35692.500000000007 32028.415000000005 2.5000000000000004 36234.655000000006 4.5000000000000009 37698.220000000008 37053.225000000013 40693.320000000007
decision_type=2 2 2 2 2 2 2 2 2 2 2 2 2 2 2 2 2 2 2 2
left_child=8 2 4 6 5 -2 -4 13 9 10 11 -1 -10 17 -12 16 -11 -3 -14 -15
right_child=1 7 3 -5 -6 -7 -8 -9 12 15 14 -13 18 19 -16 -17 -18 -19 -20 -21
leaf_value=0.25309685346407768 2.2715278804302179 0.07879765748977656 2.0357966423034672 4.231888516743977 -1.1559769439697267 0.22638569824835836 -0.61484516461690253 -1.5254653263092042 2.1512780189514169 -0.98321156501770046 -0.47155716955661781 -0.091316346149256516 0.68577845891316713 1.42838986714681 -1.9943031946818035 -1.7560027346014975 0.36605921586354562 -0.87632586956024172 -0.26333816846211744 0.81453899542490626
leaf_weight=78 4.0000000000000062 10.000000000000005 3.9999999999999982 3 4.9999999999999991 17 3 4.9999999999999991 2.9999999999999982 3.9999999999999982 9.9999999999999982 393 3 2.9999999999999991 2.9999999999999991 4 3 3.9999999999999991 3 3
leaf_count=78 4 10 4 3 5 17 3 5 3 4 10 393 3 3 3 4 3 4 3 3
internal_value=-0.0114133 0.369397 0.726364 1.89943 0.275184 0.615937 0.899807 -0.144635 -0.0575035 -0.0741473 -0.0554633 -0.0342798 0.857906 0.200573 -0.82296 -0.896244 -0.404953 -0.194095 0.21122 1.12146
internal_weight=565 61 36 10 26 21 7 25 504 495 484 471 9 20 13 11 7 14 6 6
internal_count=565 61 36 10 26 21 7 25 504 495 484 471 9 20 13 11 7 14 6 6
is_linear=0
shrinkage=0.05


Tree=96
num_leaves=20
num_cat=0
split_feature=0 2 8 3 2 2 2 0 0 2 3 1 3 2 3 2 2 0 6
split_gain=5411.95 6113.27 4818.65 8571.01 10437 14646.6 5660.37 5282.34 7234.33 6086.72 2932.24 2456 2186.39 1034.36 462.993 943.602 388.481 424.806 143.744
threshold=29646.715000000004 3885.3000000000006 4.5000000000000009 1.1500765696821804 4225.4150000000009 4834.170000000001 2595.7850000000003 32303.785000000003 32101.795000000002 2031.0550000000003 1.1248490258372097 35278.660000000011 1.0563949164029467 4866.4500000000007 0.85670835127267708 12681.575000000003 8452.465000000002 29472.300000000007 86.500000000000014
decision_type=2 2 2 2 2 2 2 2 2 2 2 2 2 2 2 2 2 2 2
left_child=1 -1 7 10 6 -6 -5 8 9 -2 11 -4 14 -12 18 -16 17 -14 -3
right_child=2 12 3 4 5 -7 -8 -9 -10 -11 13 -13 16 -15 15 -17 -18 -19 -20
leaf_value=-2.6247398694356283 2.1857227325439452 -0.4331134425476193 0.096482037534988532 2.1694442113240533 3.8393320659796375 0.76825079701163557 -0.18626810522640455 2.0290891965230307 -2.5226493279139204 -0.076817679490034402 -0.33156121571858732 1.2297654914855958 -1.0111883799235029 -1.3695685505867001 -0.14683654652192041 0.7896812876065572 -1.4252847035725913 -0.28248548507690424 -0.20418809205293656
leaf_weight=2.9999999999999991 2.9999999999999991 16.000000000000004 109 3.0000000000000027 6.0000000000000027 10.999999999999998 17 2.9999999999999991 2.9999999999999991 325 5.9999999999999982 4.9999999999999991 5.9999999999999982 4 26.000000000000004 2.9999999999999991 2.9999999999999991 3 11.999999999999998
leaf_count=3 3 16 109 3 6 11 17 3 3 325 6 5 6 4 26 3 3 3 12
internal_value=-0.0101525 -0.415187 0.0487616 0.273455 0.941312 1.85216 0.167089 -0.0595487 -0.0784789 -0.0561237 0.0741752 0.146187 -0.319119 -0.746764 -0.189979 -0.0499554 -0.932537 -0.768287 -0.335003
internal_weight=567 72 495 161 37 17 20 334 331 328 124 114 69 10 57 29 12 9 28
internal_count=567 72 495 161 37 17 20 334 331 328 124 114 69 10 57 29 12 9 28
is_linear=0
shrinkage=0.05


Tree=97
num_leaves=16
num_cat=0
split_feature=7 6 0 2 1 1 0 0 2 0 6 1 6 1 1
split_gain=2972.17 5949.79 7571.87 5085.24 6793.22 4444.19 6024.25 5503.8 3699.53 3565.42 3397.42 1858.87 2694.1 1538.1 430.865
threshold=5.5000000000000009 87.500000000000014 29361.380000000005 3732.5650000000005 38993.790000000008 38898.225000000006 32065.465000000004 32174.495000000006 2471.6800000000007 31927.960000000003 82.500000000000014 39429.160000000011 78.500000000000014 34504.125000000007 40405.490000000013
decision_type=2 2 2 2 2 2 2 2 2 2 2 2 2 2 2
left_child=5 3 -3 14 13 6 8 -8 10 -10 -1 12 -7 -5 -2
right_child=1 2 -4 4 -6 11 7 -9 9 -11 -12 -13 -14 -15 -16
leaf_value=-0.14543442328770956 1.4714064121246335 -0.054618360598882046 -3.6070511182149243 -0.12374105287780023 -2.6600879694024724 2.3316436469554906 -3.0929775238037109 -0.25989146232604976 -0.035724005900873719 1.4638244450092317 1.3905733956231012 0.21988685607910155 0.34949789941310877 -0.74562197128931684 0.71345700979232785
leaf_weight=5.9999999999999991 3 2.9999999999999991 3 58 2.9999999999999991 3.9999999999999982 2.9999999999999991 4 440 3.9999999999999991 8.9999999999999982 5 3 11.999999999999998 5
leaf_count=6 3 3 3 58 3 4 3 4 440 4 9 5 3 12 5
internal_value=-0.0427839 -0.311589 -1.83083 -0.199052 -0.330201 0.00614078 -0.0183245 -1.47407 0.00387645 -0.0222146 0.77617 0.956209 1.48215 -0.230349 0.997688
internal_weight=565 87 6 81 73 478 466 7 459 444 15 12 7 70 8
internal_count=565 87 6 81 73 478 466 7 459 444 15 12 7 70 8
is_linear=0
shrinkage=0.05


Tree=98
num_leaves=21
num_cat=0
split_feature=0 6 0 5 1 2 0 7 2 1 8 8 2 1 1 8 0 2 2 2
split_gain=4272.6 7579.96 5869.57 6587.38 8143.64 5906.75 5093.82 5190.95 3604.56 9660.77 3297.51 2532.51 2081.48 6568.4 2995.19 1530.11 634.373 567.951 172.091 79.1127
threshold=31347.380000000005 81.500000000000014 31843.890000000003 18.500000000000004 37774.35500000001 5302.4050000000007 31927.960000000003 1.0000000180025095e-35 2595.7850000000003 38714.475000000013 4.5000000000000009 4.5000000000000009 3822.4100000000003 34111.225000000013 36881.680000000008 4.5000000000000009 31873.325000000001 3164.0600000000004 2160.6250000000005 2312.7900000000004
decision_type=2 2 2 2 2 2 2 2 2 2 2 2 2 2 2 2 2 2 2 2
left_child=8 2 3 5 -5 -2 15 -8 11 12 -3 18 13 -10 -14 -4 17 -12 -1 -20
right_child=1 10 6 4 -6 -7 7 -9 9 -11 16 -13 14 -15 -16 -17 -18 -19 19 -21
leaf_value=0.63501968383789065 2.3263778158596589 2.2819797444343561 -0.9985532488141744 0.016068403311629797 2.1078824660182001 -0.32538592020670565 1.0839041752474643 -0.54857772290706641 -2.6819257100423179 -2.9240212122599285 1.0969736735026046 1.9914433161417646 -0.02497499859447741 -0.23512817575247028 -1.2570448166131973 -2.3482055187225335 1.2376797556877133 0.25439503391583757 0.030364608764648429 0.35514698028564451
leaf_weight=3.9999999999999991 6.9999999999999982 5.0000000000000009 6.9999999999999982 67 4.9999999999999991 3 7.0000000000000027 15.999999999999998 2.9999999999999991 2.9999999999999991 2.9999999999999982 2.9999999999999991 367 32 4.9999999999999991 3 5.0000000000000009 6 3 5
leaf_count=4 7 5 7 67 5 3 7 16 3 3 3 3 367 32 5 3 5 6 3 5
internal_value=0.00841487 0.254595 0.10174 0.328347 0.161333 1.53085 -0.461346 -0.0517354 -0.0692041 -0.0970561 1.17977 0.692082 -0.0762185 -0.444854 -0.0415351 -1.40345 0.786121 0.535255 0.367242 0.233354
internal_weight=559 134 115 82 72 10 33 23 425 410 19 15 407 35 372 10 14 9 12 8
internal_count=559 134 115 82 72 10 33 23 425 410 19 15 407 35 372 10 14 9 12 8
is_linear=0
shrinkage=0.05


Tree=99
num_leaves=17
num_cat=0
split_feature=8 1 0 2 1 1 0 0 1 0 0 1 4 4 0 0
split_gain=2732.87 4412.71 14545.6 8560.34 5962.84 7033.24 7845.98 4812.8 4099.66 3223.42 4798.39 3086.25 2881.19 2435.81 880.43 828.265
threshold=4.5000000000000009 34851.185000000005 30627.275000000005 6337.2050000000008 33004.975000000006 31575.965000000004 30351.545000000002 31886.825000000001 33479.775000000009 32303.785000000003 32065.465000000004 37728.740000000013 35692.500000000007 35012.500000000007 30942.645000000004 30796.465000000004
decision_type=2 2 2 2 2 2 2 2 2 2 2 2 2 2 2 2
left_child=9 4 -3 7 5 13 -7 -4 -6 10 11 12 -1 -2 -13 -10
right_child=1 2 3 -5 8 6 -8 -9 15 -11 -12 14 -14 -15 -16 -17
leaf_value=0.076071551466375842 0.10304180162542678 3.4455460935831073 0.87507860293542894 -2.2818794250488281 -2.6352409044901535 3.3473440150419833 0.56090306565165526 -0.26731246539524628 -0.89934605757395447 1.5441341638565065 -1.823804670572281 0.014483161767323805 -0.22608984909274363 -0.38559805004857484 0.73840671607426245 0.029511046409606931
leaf_weight=123 94 3.9999999999999991 27 2.9999999999999991 2.9999999999999991 3.0000000000000027 15.999999999999998 13.999999999999998 5.9999999999999982 2.9999999999999991 3.9999999999999991 6.0000000000000027 220 35 13.999999999999998 4
leaf_count=123 94 4 27 3 3 3 16 14 6 3 4 6 220 35 14 4
internal_value=-0.00652361 0.13801 0.558777 0.296343 0.0125635 0.102746 1.00087 0.484994 -1.01413 -0.0881654 -0.101508 -0.08253 -0.117735 -0.0295349 0.52123 -0.527803
internal_weight=579 209 48 44 161 148 19 41 13 370 367 363 343 129 20 10
internal_count=579 209 48 44 161 148 19 41 13 370 367 363 343 129 20 10
is_linear=0
shrinkage=0.05


Tree=100
num_leaves=17
num_cat=0
split_feature=2 4 1 3 1 2 3 1 3 2 2 4 4 2 6 1
split_gain=2067.24 1972.55 13198.7 6012.91 5078.21 4843.35 2373.41 4475.54 2114.03 5762.12 8575.4 5974.69 3481.4 4884.57 2703.31 274.097
threshold=18532.700000000001 35397.500000000007 31575.965000000004 1.1496117951323483 36785.750000000007 5263.3900000000003 1.0332137552344822 30672.995000000006 1.1710601444213546 6057.6200000000008 6574.1850000000004 35987.500000000007 36349.500000000007 5197.0250000000005 77.500000000000014 30935.880000000005
decision_type=2 2 2 2 2 2 2 2 2 2 2 2 2 2 2 2
left_child=1 2 6 5 -5 -4 7 -1 12 11 -11 -10 14 -14 -3 -8
right_child=-2 8 3 4 -6 -7 15 -9 9 10 -12 -13 13 -15 -16 -17
leaf_value=-0.093446014157898438 -1.3360430081685386 -0.93044849173589184 -0.14791314899921418 3.8315610011418664 0.92232108563184712 1.1008507826111533 -0.56538856506347668 0.99284375905990607 1.6642232322692871 3.5019452412923182 -0.034406852722167966 -0.11802815915663033 0.32038789130093759 -0.2585255762137989 -0.26734310495210628 -1.0889309120178221
leaf_weight=183 2.9999999999999991 22 11.999999999999998 2.9999999999999991 3 22 4.9999999999999982 9.9999999999999982 4.9999999999999991 2.9999999999999991 4 79 57 101 51 5
leaf_count=183 3 22 12 3 3 22 5 10 5 3 4 79 57 101 51 5
internal_value=-0.0269978 -0.0200471 0.0874964 0.917635 2.37694 0.660111 -0.0760777 -0.0371616 -0.101206 0.102913 1.48117 -0.0119418 -0.181616 -0.049677 -0.467183 -0.82716
internal_weight=568 565 243 40 6 34 203 193 322 91 7 84 231 158 73 10
internal_count=568 565 243 40 6 34 203 193 322 91 7 84 231 158 73 10
is_linear=0
shrinkage=0.05


Tree=101
num_leaves=10
num_cat=0
split_feature=1 1 2 1 4 0 2 3 1
split_gain=2772.41 5413.98 8128.65 4145 2657.34 1721.1 3147.78 1588.85 205.164
threshold=39081.615000000013 38714.475000000013 1804.3950000000002 38465.170000000006 38215.000000000007 32065.465000000004 3207.5950000000007 1.2479847952484593 39517.895000000011
decision_type=2 2 2 2 2 2 2 2 2
left_child=1 2 -1 4 -4 6 8 -7 -2
right_child=5 -3 3 -5 -6 7 -8 -9 -10
leaf_value=-2.6113082567850752 0.047162906328837038 -1.8623339414596558 -0.032091522731742157 1.4315241909027101 0.72059497783581428 -0.571739320755005 2.0919123098254206 0.68875494360923761 0.57018470287322998
leaf_weight=2.9999999999999991 3.0000000000000018 3.9999999999999991 514 4.9999999999999991 11.999999999999998 4.9999999999999982 3.9999999999999991 5 5
leaf_count=3 3 4 514 5 12 5 4 5 5
internal_value=-0.00719358 -0.0296906 -0.0159629 -0.00129997 -0.01492 0.542961 0.946672 0.0585078 0.374052
internal_weight=560 538 534 531 526 22 12 10 8
internal_count=560 538 534 531 526 22 12 10 8
is_linear=0
shrinkage=0.05


Tree=102
num_leaves=20
num_cat=0
split_feature=6 7 8 2 1 3 2 2 1 1 1 2 1 3 2 1 7 8 1
split_gain=2736.78 5868.49 2703.55 5477.33 9337.9 9773.09 5506.35 14708.5 4125.44 2981.42 5190.65 2765.04 1480.54 345.485 428.852 248.138 334.306 131.165 103.2
threshold=87.500000000000014 5.5000000000000009 4.5000000000000009 6807.9800000000005 33962.010000000002 1.0730127683517734 4598.8050000000012 4768.7000000000007 38714.475000000013 38660.595000000008 38095.650000000009 1804.3950000000002 39227.465000000004 1.0332137552344822 6715.1550000000007 33585.335000000006 2.5000000000000004 4.5000000000000009 39517.895000000011
decision_type=2 2 2 2 2 2 2 2 2 2 2 2 2 2 2 2 2 2 2
left_child=2 13 9 6 5 -5 8 -8 -4 10 11 -1 -11 14 -2 -15 -17 -16 -14
right_child=1 -3 3 4 -6 -7 7 -9 -10 12 -12 -13 18 15 17 16 -18 -19 -20
leaf_value=1.4564327478408814 0.54494967063267896 -2.0042331528663637 0.86878030950372842 0.0087990366779859119 -2.7355105082194013 2.5191952824592594 4.4356900771458889 0.71334636237310334 -0.38907508775591854 1.3734300231933594 -2.14391348361969 -0.068691597415915795 0.044804755846659328 -0.66859634518623356 -0.28980669428904859 -0.41077508330345164 0.23566315968831375 0.028778630069323949 0.4157495498657226
leaf_weight=2.9999999999999991 3.0000000000000062 4.9999999999999991 11.000000000000002 126 2.9999999999999991 3.9999999999999991 3.0000000000000027 23 15.999999999999998 4.9999999999999991 2.9999999999999991 317 3 3.9999999999999991 5.9999999999999982 5.9999999999999982 3 7 5
leaf_count=3 3 5 11 126 3 4 3 23 16 5 3 317 3 4 6 6 3 7 5
internal_value=0.0124303 -0.422228 0.0407413 0.193679 0.022398 0.086042 0.623498 1.14285 0.123385 -0.0439207 -0.0738009 -0.0543936 0.698486 -0.149469 0.0060912 -0.340927 -0.195296 -0.118261 0.276645
internal_weight=556 34 522 186 133 130 53 26 27 336 323 320 13 29 16 13 9 13 8
internal_count=556 34 522 186 133 130 53 26 27 336 323 320 13 29 16 13 9 13 8
is_linear=0
shrinkage=0.05


Tree=103
num_leaves=14
num_cat=0
split_feature=1 2 2 0 2 0 0 1 2 1 1 6 1
split_gain=4165.84 7242.72 4411.66 3535.97 4377.76 2826 3275.78 1424.66 2559.49 1323.53 1182.27 958.126 201.024
threshold=38898.225000000006 1804.3950000000002 4548.0250000000005 31927.960000000003 4225.4150000000009 31843.890000000003 31347.380000000005 39873.30000000001 2972.7550000000006 36234.655000000006 39227.465000000004 78.500000000000014 40539.980000000003
decision_type=2 2 2 2 2 2 2 2 2 2 2 2 2
left_child=1 -1 7 5 -5 6 -3 8 10 -7 -2 -6 -9
right_child=2 3 -4 4 11 9 -8 12 -10 -11 -12 -13 -14
leaf_value=-2.4935587406158448 1.3335626920064243 -0.09242313570465964 2.4077375928560896 2.4597856839497885 -0.31737332195043577 -0.38623579978942879 0.24280309502924369 1.2734654267628989 -0.98649061322212228 -1.6064693331718443 0.18742291397518585 0.68165012200673414 0.73202307522296894
leaf_weight=2.9999999999999991 3.0000000000000098 424 2.9999999999999991 2.9999999999999991 3.9999999999999982 4.9999999999999982 88 2.9999999999999991 3.9999999999999991 4 8.9999999999999982 6 4
leaf_count=3 3 424 3 3 4 5 88 3 4 4 9 6 4
internal_value=-0.0137575 -0.0436847 0.604355 -0.0299214 0.784597 -0.0502453 -0.0348061 0.369131 0.108846 -0.928562 0.473958 0.282041 0.96407
internal_weight=563 537 26 534 13 521 512 23 16 9 12 10 7
internal_count=563 537 26 534 13 521 512 23 16 9 12 10 7
is_linear=0
shrinkage=0.05


Tree=104
num_leaves=21
num_cat=0
split_feature=0 4 1 2 2 2 8 0 6 4 4 1 0 3 0 4 1 0 1 1
split_gain=2600.24 6220.32 2519.22 8822.19 8112.31 2610.82 2903.04 2525.14 2362.43 2145.22 4383.75 3212.41 2204.65 7612.6 2088.57 1772.87 1086.19 498.244 237.286 209.357
threshold=31085.695000000003 32625.000000000004 36648.630000000012 3862.1250000000005 4096.1200000000008 4158.9450000000006 4.5000000000000009 31927.960000000003 77.500000000000014 37941.500000000007 37657.000000000007 36856.17500000001 29386.195000000003 1.0730127683517734 30912.530000000002 35397.500000000007 37053.225000000013 31035.250000000004 35864.025000000009 37483.625000000007
decision_type=2 2 2 2 2 2 2 2 2 2 2 2 2 2 2 2 2 2 2 2
left_child=9 -2 5 7 -5 8 -7 -4 -3 10 12 -12 13 -1 16 -14 18 -16 -11 -18
right_child=1 2 3 4 -6 6 -8 -9 -10 14 11 -13 15 -15 17 -17 19 -19 -20 -21
leaf_value=-0.22373285258100151 1.8854652202129367 1.8663198788960775 0.18820456770750194 3.2061950683593725 0.71683759258853064 -0.25331754156843178 0.24984421979549321 -0.68864975372950243 0.29760572959979376 -0.37170397639274561 2.1196073532104491 -0.044824711481730131 0.095945290885618983 -2.8308320363362629 -1.6276919364929201 -0.1559393065938583 0.0047014474868774421 -0.77528047561645486 -0.86886930465698231 0.55725165605545024
leaf_weight=42 4.9999999999999991 2.9999999999999991 26 4.0000000000000027 18 86 43 11.999999999999998 11.999999999999998 6.0000000000000053 3.9999999999999991 3 151 2.9999999999999991 3.9999999999999991 130 3.9999999999999991 3 4 3
leaf_count=42 5 3 26 4 18 86 43 12 12 6 4 3 151 3 4 130 4 3 4 3
internal_value=0.00305916 0.143124 0.10042 0.372623 1.16945 -0.0129985 -0.085597 -0.0886968 0.611349 -0.0789396 -0.0460351 1.19199 -0.0726185 -0.397539 -0.53549 -0.0205849 -0.236185 -1.26237 -0.57057 0.241509
internal_weight=566 209 204 60 22 144 129 38 15 357 333 7 326 45 24 281 17 7 10 7
internal_count=566 209 204 60 22 144 129 38 15 357 333 7 326 45 24 281 17 7 10 7
is_linear=0
shrinkage=0.05


Tree=105
num_leaves=24
num_cat=0
split_feature=3 4 1 6 0 6 3 1 4 1 3 7 7 0 2 1 3 2 1 3 2 6 3
split_gain=1801.32 3005.76 9881.73 7948.09 4775.59 3847.4 2703.95 2675.67 4642.98 4023.99 1900.53 406.777 425.588 407.679 777.117 555.516 383.208 630.668 300.067 184.527 111.256 46.0991 17.4647
threshold=0.88042614633328953 35397.500000000007 31575.965000000004 85.500000000000014 29386.195000000003 81.500000000000014 1.0316030963644132 37188.170000000006 35987.500000000007 36570.825000000004 1.025958813888977 2.5000000000000004 3.5000000000000004 30618.175000000007 18179.120000000006 27098.820000000003 0.81230364281544654 13853.060000000001 30935.880000000005 0.83356629570188001 13915.825000000003 85.500000000000014 0.77814394595906988
decision_type=2 2 2 2 2 2 2 2 2 2 2 2 2 2 2 2 2 2 2 2 2 2 2
left_child=11 2 6 5 -3 -4 10 9 -9 -6 -2 16 19 14 -14 -15 20 -18 -8 21 22 -13 -1
right_child=1 4 3 -5 7 -7 18 8 -10 -11 -12 12 13 15 -16 -17 17 -19 -20 -21 -22 -23 -24
leaf_value=-0.10302937726179751 0.043411700197673861 1.6806012928485872 1.0469462091922759 3.4125573476155604 -0.074854576926819003 -0.15865069693989226 -0.50583626429239925 2.1353615125020347 0.12542383469202942 -0.8004570126533509 1.3218187173207603 -0.40886350393295273 -0.1827111094476695 0.20162616234559275 -0.9086824163794518 -0.47218918800354004 -0.22301212151845298 0.73601021766662589 -1.0302990818023681 -0.74564166069030768 -0.32064253091812134 -0.18538944323857626 0.056561992317438116
leaf_weight=3.0000000000000018 94 3.9999999999999991 25 2.9999999999999991 212 8.9999999999999982 5.9999999999999982 2.9999999999999991 68 21 2.9999999999999991 10.000000000000002 47 13.000000000000002 3.9999999999999991 3.9999999999999991 2.9999999999999991 4 5 3.9999999999999991 5 2.9999999999999991 4
leaf_count=3 94 4 25 3 212 9 6 3 68 21 3 10 47 13 4 4 3 4 5 4 5 3 4
internal_value=0.00950354 0.0525864 0.240297 0.945499 -0.035784 0.727818 -0.0012996 -0.058368 0.210351 -0.140252 0.0829501 -0.178156 -0.224908 -0.168967 -0.23965 0.0430814 0.0309975 0.325001 -0.744228 -0.448669 -0.140504 -0.357293 -0.0118343
internal_weight=557 453 145 37 308 34 108 304 71 233 97 104 85 68 51 17 19 7 11 17 12 13 7
internal_count=557 453 145 37 308 34 108 304 71 233 97 104 85 68 51 17 19 7 11 17 12 13 7
is_linear=0
shrinkage=0.05


Tree=106
num_leaves=20
num_cat=0
split_feature=0 0 1 0 7 3 4 2 4 3 4 3 3 5 1 1 2 1 2
split_gain=3707.11 8619.92 5947.71 2530.23 2604.5 2350.15 1745.84 4318.19 2087.38 5411.02 12122.7 3144.13 1470.81 1581.01 780.413 580.17 291.159 273.491 151.83
threshold=31780.940000000006 31855.530000000002 37366.465000000004 31927.960000000003 1.0000000180025095e-35 1.2479847952484593 38215.000000000007 5136.0300000000007 37941.500000000007 1.1623153717739958 35987.500000000007 1.1228354990847276 1.1992726135275715 20.500000000000004 37237.020000000011 36234.655000000006 7521.5100000000011 33109.115000000013 4598.8050000000012
decision_type=2 2 2 2 2 2 2 2 2 2 2 2 2 2 2 2 2 2 2
left_child=6 2 16 15 18 -6 8 -8 9 11 -11 -1 14 -14 -10 -3 -2 -9 -5
right_child=1 3 -4 4 5 -7 7 17 12 10 -12 -13 13 -15 -16 -17 -18 -19 -20
leaf_value=-0.0047291082448671831 1.2821385383605961 -0.34523674011230465 3.6604881683985386 1.5069757978121423 -0.24523096402486161 1.0064758360385895 2.2255032857259121 -0.40268698533376046 -1.332088079452515 2.412876892089844 0.1794095303863287 -0.38435972724691969 0.17925005234204805 -0.71411672830581652 -0.51420968600681849 -1.2247590700785316 0.58552935123443584 0.22885201871395108 1.003935360908508
leaf_weight=369 2.9999999999999982 5 3 3.0000000000000027 15.000000000000002 4.9999999999999991 2.9999999999999982 3 4.9999999999999982 6.9999999999999991 46 64 13 8 7 3 3 4 3
leaf_count=369 3 5 3 3 15 5 3 3 5 7 46 64 13 8 7 3 3 4 3
internal_value=0.0202987 0.466759 1.84272 0.102535 0.341794 0.0676957 -0.0159921 0.638386 -0.0286005 -0.00247137 0.474396 -0.0608408 -0.413412 -0.16108 -0.854992 -0.675058 0.933834 -0.0418076 1.25546
internal_weight=572 43 9 34 26 20 529 10 519 486 53 433 33 21 12 8 6 7 6
internal_count=572 43 9 34 26 20 529 10 519 486 53 433 33 21 12 8 6 7 6
is_linear=0
shrinkage=0.05


Tree=107
num_leaves=14
num_cat=0
split_feature=2 4 4 5 0 2 4 1 2 4 2 4 1
split_gain=1755.47 1560.49 9367.75 8156.74 3732.04 3277.59 3164.61 3184.63 1857.85 3410.18 2921.51 1398.28 830.302
threshold=18532.700000000001 35397.500000000007 35134.500000000007 18.500000000000004 29354.435000000005 4966.8700000000008 34732.500000000007 29938.350000000002 4053.3300000000004 36349.500000000007 3922.6700000000005 35217.000000000007 30935.880000000005
decision_type=2 2 2 2 2 2 2 2 2 2 2 2 2
left_child=1 2 6 11 -3 -5 7 -1 10 -10 -6 -4 -8
right_child=-2 4 3 5 8 -7 12 -9 9 -11 -12 -13 -14
leaf_value=-0.016170198689828549 -1.2187071482340495 1.2775361036323012 1.6542378693819035 -0.1417741163210435 -0.035307991901493592 1.2422319889068605 -0.2999189203605056 0.55575971951087311 -0.51983676245436072 -0.063808394186929171 0.71722539504369109 2.9762996673583979 -1.0497080564498902
leaf_weight=129 2.9999999999999991 4.9999999999999991 4.0000000000000018 11.000000000000002 92 6.9999999999999991 48 30 56 153 14.999999999999998 4 3.9999999999999991
leaf_count=129 3 5 4 11 92 7 48 30 56 153 15 4 4
internal_value=-0.0124452 -0.00595997 0.0913509 0.986856 -0.0778063 0.39645 -0.0189958 0.0917411 -0.0992516 -0.185998 0.0701873 2.31527 -0.357595
internal_weight=561 558 237 26 321 18 211 159 316 209 107 8 52
internal_count=561 558 237 26 321 18 211 159 316 209 107 8 52
is_linear=0
shrinkage=0.05


Tree=108
num_leaves=21
num_cat=0
split_feature=3 4 3 4 6 0 4 6 0 3 7 7 6 6 3 3 6 3 6 6
split_gain=1446.71 4255.71 10544.3 4952.22 4915.37 3969.04 3304.29 2373.32 3320.96 2229.5 538.653 274.219 277.31 345.54 263.53 541.854 525.361 214.741 166.433 29.6351
threshold=0.88042614633328953 35397.500000000007 1.1496117951323483 35134.500000000007 74.500000000000014 29386.195000000003 34905.000000000007 73.500000000000014 30890.690000000002 1.1710601444213546 2.5000000000000004 3.5000000000000004 73.500000000000014 75.500000000000014 0.85670835127267708 0.82121428733359314 79.500000000000014 0.83356629570188001 82.500000000000014 85.500000000000014
decision_type=2 2 2 2 2 2 2 2 2 2 2 2 2 2 2 2 2 2 2 2
left_child=10 2 3 6 -5 -3 -2 8 -7 -9 14 17 -13 -14 15 18 -17 19 -1 -12
right_child=1 5 -4 4 -6 7 -8 9 -10 -11 11 12 13 -15 -16 16 -18 -19 -20 -21
leaf_value=-0.23624294002850821 0.23460770540031387 1.5329309761524201 2.8271773099899296 2.7544450759887664 0.59696869091554128 -0.30350874747548778 -0.40409139597581495 -0.10893641589507122 -2.1366729736328125 0.17900871113710798 -0.33817594376477317 0.2009908199310303 -0.4720351886418131 -0.13549347354471683 -0.37261025663465264 0.9978176434834799 0.062081641952196745 -0.76633709271748862 0.10372564958201513 -0.1608875632286072
leaf_weight=6.0000000000000062 81 3.9999999999999991 3.9999999999999991 3.0000000000000027 22 14.000000000000002 27 219 2.9999999999999991 97 11.000000000000002 4.9999999999999991 8.9999999999999982 50 2.9999999999999991 2.9999999999999991 3 2.9999999999999991 8.9999999999999982 2.9999999999999991
leaf_count=6 81 4 4 3 22 14 27 219 3 97 11 5 9 50 3 3 3 3 9 3
internal_value=0.0256231 0.0628217 0.297796 0.221725 0.855866 -0.0327022 0.0749329 -0.0515086 -0.627008 -0.0205482 -0.142302 -0.203946 -0.156532 -0.18683 0.0657475 0.12837 0.52995 -0.382448 -0.0322618 -0.300186
internal_weight=579 474 137 133 25 337 108 333 17 316 105 81 64 59 24 21 6 17 15 14
internal_count=579 474 137 133 25 337 108 333 17 316 105 81 64 59 24 21 6 17 15 14
is_linear=0
shrinkage=0.05


Tree=109
num_leaves=19
num_cat=0
split_feature=0 0 4 6 0 4 0 4 7 0 0 7 4 0 6 1 1 1
split_gain=3063.35 3926.76 2958.49 2727.52 2267.39 9673.15 3456.43 4367.77 1854.02 1829.27 1287.97 1151.95 4140.97 1396.33 752.253 470.253 281.051 118.525
threshold=31347.380000000005 31352.625000000004 33030.000000000007 81.500000000000014 31291.855000000003 37657.000000000007 31229.420000000002 37217.000000000007 4.5000000000000009 31843.890000000003 31261.905000000002 1.5000000000000002 36890.000000000007 31035.250000000004 78.500000000000014 35213.480000000003 31575.965000000004 36693.465000000004
decision_type=2 2 2 2 2 2 2 2 2 2 2 2 2 2 2 2 2 2
left_child=4 -2 -3 8 6 14 11 16 -4 -5 -9 12 -1 -13 15 -6 -8 -16
right_child=1 2 3 9 5 -7 7 10 -10 -11 -12 13 -14 -15 17 -17 -18 -19
leaf_value=-0.046979004433868751 2.0248573939005534 1.7458566347757978 0.17165306822862478 0.33281504412492108 -0.13827167749404876 -3.1729426701863606 -0.22877020388841607 2.498229112227758 -0.32941147124705217 1.3498738433633533 1.0330973148345943 -0.051049704924259309 0.81626046107095829 -0.37801052992408346 0.013219723105430604 -1.0235706011454262 0.28453834690153601 0.37155136366685237
leaf_weight=76 2.9999999999999991 2.9999999999999991 80 12.000000000000002 3.0000000000000062 2.9999999999999991 4.0000000000000027 2.9999999999999991 24 6.9999999999999991 3 278 17 37 9.9999999999999982 3 7.9999999999999991 2.9999999999999991
leaf_count=76 3 3 80 12 3 3 4 3 24 7 3 278 17 37 10 3 8 3
internal_value=0.022369 0.237065 0.194499 0.156661 -0.039452 -0.534432 -0.0138896 0.664178 0.0560228 0.707521 1.76566 -0.0438044 0.110817 -0.0894546 -0.117825 -0.580921 0.113435 0.0959116
internal_weight=577 129 126 123 448 22 426 18 104 19 6 408 93 315 19 6 12 13
internal_count=577 129 126 123 448 22 426 18 104 19 6 408 93 315 19 6 12 13
is_linear=0
shrinkage=0.05


Tree=110
num_leaves=20
num_cat=0
split_feature=0 2 2 5 1 1 3 2 2 0 2 1 6 1 7 2 3 7 0
split_gain=4075.4 2836.99 2520.13 9020.94 6071.52 3810.56 2942.27 4851.77 2887.53 3347.74 1536.04 1194.81 2117.26 1091.81 1078.1 543.859 425.95 255.23 202.434
threshold=29777.980000000003 3885.3000000000006 4737.3700000000008 18.500000000000004 37053.225000000013 34851.185000000005 1.187592086650729 6057.6200000000008 4689.3000000000002 31727.995000000006 9332.0850000000009 36041.67500000001 75.500000000000014 28043.420000000002 5.5000000000000009 8756.0850000000009 0.86076202698116477 2.5000000000000004 29557.145000000004
decision_type=2 2 2 2 2 2 2 2 2 2 2 2 2 2 2 2 2 2 2
left_child=1 -1 3 4 5 -2 11 -8 9 -5 15 14 -13 16 -4 18 -12 -6 -3
right_child=2 10 6 8 17 -7 7 -9 -10 -11 13 12 -14 -15 -16 -17 -18 -19 -20
leaf_value=-1.4627252435684204 0.90905593236287408 -0.54729696263869598 0.019716739989603049 -0.087076974848304137 0.58859679460525505 3.1631060600280758 -0.34908604621887207 2.4945526123046871 1.6188765803972882 0.53215177421058923 -0.20729006350040438 -1.668571949005127 -0.18348604763547582 0.85399794628222792 -0.21694509154027802 -1.1319089571634928 0.12215704244489854 0.0052391886711120597 -0.30670287013053898
leaf_weight=4.9999999999999991 3 18 261 99 5 5 2.9999999999999991 3 2.9999999999999991 28 40 2.9999999999999991 11.999999999999998 2.9999999999999991 59 2.9999999999999991 12.999999999999998 3 17
leaf_count=5 3 18 261 99 5 5 3 3 3 28 40 3 12 3 59 3 13 3 17
internal_value=-0.00973276 -0.302184 0.0497183 0.223546 1.34384 2.31784 -0.0247063 1.07273 0.0856635 0.0494459 -0.240453 -0.0443619 -0.480503 -0.0739566 -0.0239178 -0.485816 -0.126482 0.369838 -0.430437
internal_weight=586 99 487 146 16 8 341 6 130 127 94 335 15 56 320 38 53 8 35
internal_count=586 99 487 146 16 8 341 6 130 127 94 335 15 56 320 38 53 8 35
is_linear=0
shrinkage=0.05


Tree=111
num_leaves=23
num_cat=0
split_feature=0 2 3 6 0 2 3 8 2 2 0 0 6 8 3 6 6 7 4 3 2 0
split_gain=1583.56 3628.43 14623.5 2488.37 3868.78 2050.62 5177.79 1745.61 3014.21 5090.43 2755.34 4279.04 1417.75 1301.73 2259.99 480.541 385.484 510.56 320.649 181.366 375.985 262.208
threshold=29777.980000000003 9332.0850000000009 0.9734910278488359 74.500000000000014 31026.525000000005 7571.7450000000008 1.138378225421983 4.5000000000000009 2595.7850000000003 2911.6300000000006 32303.785000000003 32065.465000000004 73.500000000000014 4.5000000000000009 1.0730127683517734 74.500000000000014 73.500000000000014 2.5000000000000004 35987.500000000007 0.86076202698116477 12348.305000000002 29248.520000000004
decision_type=2 2 2 2 2 2 2 2 2 2 2 2 2 2 2 2 2 2 2 2 2 2
left_child=1 13 19 4 5 6 -2 10 -9 -10 11 -5 -7 16 15 -15 17 -1 -18 21 -21 -3
right_child=3 2 -4 7 -6 12 -8 8 9 -11 -12 -13 -14 14 -16 -17 18 -19 -20 20 -22 -23
leaf_value=-0.12304398417472831 2.0080428409576405 -0.25971909843777358 3.5243334770202637 -0.037159897102763427 1.9171175003051759 0.46624094645182307 0.13360866755247117 1.7403218905131024 -1.8987587074438732 0.18378599552131858 1.2614758253097536 -1.6838757738471033 -0.50595441460609425 -1.118450864156086 -2.0557727177937823 -0.4109458963076274 -0.46736533837392902 -0.8809227943420409 -0.0387569434940815 -0.057835361226038495 0.57364855209986376 0.019927717161675296
leaf_weight=4.0000000000000018 5.0000000000000027 19 2.9999999999999991 287 3.9999999999999991 5.9999999999999973 13.999999999999998 2.9999999999999991 2.9999999999999991 134 3.9999999999999991 3.9999999999999991 10 3.0000000000000027 2.9999999999999991 11.999999999999998 6.0000000000000027 5 15.999999999999998 10.999999999999998 2.9999999999999991 14.999999999999998
leaf_count=4 5 19 3 287 4 6 14 3 3 134 4 4 10 3 3 12 6 5 16 11 3 15
internal_value=0.0232779 -0.157531 0.137686 0.0614233 0.444028 0.275675 0.626881 0.0271207 0.172514 0.138183 -0.0418796 -0.0597952 -0.141381 -0.464798 -0.803001 -0.552447 -0.268422 -0.544088 -0.15565 -0.073979 0.0774826 -0.136346
internal_weight=574 100 51 474 39 35 19 435 140 137 295 291 16 49 18 15 31 9 22 48 14 34
internal_count=574 100 51 474 39 35 19 435 140 137 295 291 16 49 18 15 31 9 22 48 14 34
is_linear=0
shrinkage=0.05


Tree=112
num_leaves=15
num_cat=0
split_feature=2 6 7 0 8 3 0 4 2 4 4 0 3 2
split_gain=1939.81 1326.58 4014.09 6225.09 1863.8 3081.09 18995.2 2497.59 2173.35 5423.45 2855.97 228.62 522.985 122.816
threshold=18532.700000000001 87.500000000000014 5.5000000000000009 29361.380000000005 4.5000000000000009 1.0730127683517734 30351.545000000002 33797.500000000007 4149.2000000000007 35987.500000000007 35692.500000000007 29386.195000000003 1.0232520883625078 12070.640000000001
decision_type=2 2 2 2 2 2 2 2 2 2 2 2 2 2
left_child=1 4 11 -4 8 7 -7 -6 9 -1 -10 13 -13 -3
right_child=-2 2 3 -5 5 6 -8 -9 10 -11 -12 12 -14 -15
leaf_value=1.3962905269116164 -1.2812060356140138 -0.56377629439036059 0.13184300077458222 -3.0892051458358756 0.22295973148586146 3.7715901374816898 0.19594421568684853 -0.21207435300716987 0.057513239929851682 0.034548940518323114 -0.28069820360591019 0.30625941041443072 -0.17017522472888233 -0.14056648313999173
leaf_weight=7.9999999999999991 2.9999999999999991 2.9999999999999991 2.9999999999999991 3 67 3.9999999999999991 52 65 112 85 141 9.0000000000000018 15.999999999999998 4
leaf_count=8 3 3 3 3 67 4 52 65 112 85 141 9 16 4
internal_value=-0.0131075 -0.00645665 -0.291899 -1.47868 0.0138557 0.140579 0.451347 0.0087384 -0.0549999 0.151688 -0.130976 -0.069377 0.00134124 -0.321942
internal_weight=575 572 38 6 534 188 56 132 346 93 253 32 25 7
internal_count=575 572 38 6 534 188 56 132 346 93 253 32 25 7
is_linear=0
shrinkage=0.05


Tree=113
num_leaves=15
num_cat=0
split_feature=6 7 2 4 1 3 7 5 1 4 4 1 2 2
split_gain=1630.96 3468.36 1809.06 7606.51 2579.75 6599.39 2232.51 6080.6 2127.35 1980.26 1378.01 322.418 139.226 237.674
threshold=87.500000000000014 5.5000000000000009 5136.0300000000007 35217.000000000007 37774.35500000001 1.188940285511052 1.5000000000000002 18.500000000000004 37429.965000000004 35692.500000000007 37332.500000000007 34660.280000000006 3832.8450000000007 3922.6700000000005
decision_type=2 2 2 2 2 2 2 2 2 2 2 2 2 2
left_child=2 11 3 -1 5 9 7 -5 -8 -4 -3 12 -2 -14
right_child=1 10 4 6 -6 -7 8 -9 -10 -11 -12 -13 13 -15
leaf_value=2.0911400032043459 0.27882619698842331 -2.162487348324309 0.052716351418684304 1.4089049612933939 -1.2893226385116578 2.3227859497070313 -0.24346671184258806 0.12843330974801112 0.21822308169470894 -0.19642427491624492 -0.64700657526652006 -0.58819112777709959 -0.49948725899060514 -0.026311144880626514
leaf_weight=4.9999999999999991 3.0000000000000027 2.9999999999999991 234 10.999999999999998 3.9999999999999991 2.9999999999999991 56 59 45 121 3 2.9999999999999991 3.0000000000000027 23
leaf_count=5 3 3 234 11 4 3 56 59 45 121 3 3 3 23
internal_value=0.0149935 -0.301584 0.0373541 0.168847 -0.0265764 -0.0124675 0.11264 0.32965 -0.0377633 -0.032202 -1.40475 -0.094741 -0.0436945 -0.0809084
internal_weight=576 38 538 176 362 358 171 70 101 355 6 32 29 26
internal_count=576 38 538 176 362 358 171 70 101 355 6 32 29 26
is_linear=0
shrinkage=0.05


Tree=114
num_leaves=15
num_cat=0
split_feature=0 6 4 1 0 2 0 1 8 0 6 2 1 1
split_gain=2115.12 4379.42 3653.23 4412.61 2464.25 2154.38 2115.45 1340.8 11224 6441.37 2579.9 2883.1 2455.01 954.379
threshold=30930.560000000001 74.500000000000014 32625.000000000004 28081.390000000003 30942.645000000004 4689.3000000000002 30902.425000000003 34851.185000000005 4.5000000000000009 30627.275000000005 73.500000000000014 18407.930000000004 31575.965000000004 35278.660000000011
decision_type=2 2 2 2 2 2 2 2 2 2 2 2 2 2
left_child=6 -2 3 -3 -4 -6 7 10 13 -10 12 -12 -1 -9
right_child=1 2 4 -5 5 -7 -8 8 9 -11 11 -13 -14 -15
leaf_value=-0.029299695293108614 1.7752396583557131 0.24864841699600215 1.4958082834879558 2.6742374738057446 0.24381438862163943 -0.067393426236800752 -1.0803444695472717 0.6407598543912173 3.860729710261027 0.58420451482137026 -0.11798742145383963 -1.6776325662930807 0.95412601395086816 -0.17224177089897363
leaf_weight=15.000000000000002 3.9999999999999991 5 2.9999999999999991 3 91 143 4.9999999999999991 3.9999999999999991 2.9999999999999991 3 241 2.9999999999999991 10.999999999999998 37
leaf_count=15 4 5 3 3 91 143 5 4 3 3 241 3 11 37
internal_value=0.0247205 0.134153 0.10736 1.15824 0.0718872 0.0536318 -0.0599031 -0.0438078 0.202657 2.22247 -0.086711 -0.137163 0.386765 -0.0929245
internal_weight=571 249 245 8 237 234 322 317 47 6 270 244 26 41
internal_count=571 249 245 8 237 234 322 317 47 6 270 244 26 41
is_linear=0
shrinkage=0.05


Tree=115
num_leaves=24
num_cat=0
split_feature=0 3 1 3 2 4 4 6 5 4 3 0 2 2 6 2 6 4 3 6 4 1 0
split_gain=1932.24 2951.06 2713.81 3385.91 1734.51 5826.73 4625.76 4556.89 4323.96 6549.14 1791.99 1408.09 860.93 1095.77 436.421 428.142 277.391 252.235 670.57 711.471 160.438 165.491 146.729
threshold=29777.980000000003 1.0563949164029467 33585.335000000006 1.0926270949019907 6496.5500000000011 35217.000000000007 37657.000000000007 85.500000000000014 18.500000000000004 35692.500000000007 1.2479847952484593 30829.520000000004 14625.095000000001 14207.435000000003 75.500000000000014 7325.4100000000008 73.500000000000014 34230.000000000007 0.86076202698116477 77.500000000000014 37010.000000000007 28032.315000000006 28826.010000000006
decision_type=2 2 2 2 2 2 2 2 2 2 2 2 2 2 2 2 2 2 2 2 2 2 2
left_child=1 17 3 15 5 7 12 11 9 -7 -10 -2 13 -6 -14 -3 -4 18 22 -20 21 -19 -1
right_child=4 2 16 -5 6 8 -8 -9 10 -11 -12 -13 14 -15 -16 -17 -18 20 19 -21 -22 -23 -24
leaf_value=-0.28390788932641348 -0.39409464200337729 -0.40761651992797826 -0.44704936027526865 -2.7539589881896966 -0.034068023060882434 2.7291229883829757 -2.0326370914777119 2.4927135467529298 -0.088340373941188322 0.31956418803397646 0.59802049279212954 0.85672443177964963 -0.74218759059905959 0.92899141311645517 -0.22468977421522141 -1.1977898597717282 0.079630300998687731 -0.14263330819931888 0.62881433708327161 -0.043292429380946691 0.043930331468582155 -0.43173762957255052 -0.062752792295068513
leaf_weight=11.999999999999998 2.9999999999999991 4.0000000000000018 4.9999999999999982 3 191 2.9999999999999991 2.9999999999999991 3.9999999999999991 194 47 9.9999999999999982 8.9999999999999982 5.0000000000000027 2.9999999999999991 22 3 5 11.000000000000005 6.9999999999999991 8.9999999999999982 4.9999999999999991 8.9999999999999982 20
leaf_count=12 3 4 5 3 191 3 3 4 194 47 10 9 5 3 22 3 5 11 7 9 5 9 20
internal_value=-0.0189634 -0.228039 -0.76614 -1.34857 0.020397 0.105734 -0.0824645 1.03119 0.0474372 0.464138 -0.0546952 0.54402 -0.0559915 -0.0191754 -0.320523 -0.746262 -0.18371 -0.0806142 -0.0135392 0.250754 -0.209398 -0.27273 -0.145686
internal_weight=587 93 20 10 494 270 224 16 254 50 204 12 221 194 27 7 10 73 48 16 25 20 32
internal_count=587 93 20 10 494 270 224 16 254 50 204 12 221 194 27 7 10 73 48 16 25 20 32
is_linear=0
shrinkage=0.05


Tree=116
num_leaves=23
num_cat=0
split_feature=4 3 6 0 0 0 4 3 3 6 6 3 0 3 3 0 3 0 0 6 0 0
split_gain=2068.57 4838.4 7381.95 3573.01 5962.33 5474.61 3358.88 9507.85 3328.07 3055.45 3028.06 4423.52 2532.2 2504.42 1930.79 1740.78 1216.83 1045.48 920.064 677.686 454.778 243.599
threshold=37941.500000000007 1.1623153717739958 85.500000000000014 32065.465000000004 31780.940000000006 32317.205000000005 38137.000000000007 1.2479847952484593 1.1500765696821804 77.500000000000014 73.500000000000014 1.0818691036941752 30618.175000000007 1.157556824312594 1.2554011339549793 31229.420000000002 1.1358994381720218 31291.855000000003 31712.170000000002 78.500000000000014 31085.695000000003 30301.750000000004
decision_type=2 2 2 2 2 2 2 2 2 2 2 2 2 2 2 2 2 2 2 2 2 2
left_child=1 8 3 4 -3 -5 7 -2 10 15 11 -1 -12 17 -9 21 20 -10 -18 -15 -11 -8
right_child=6 2 -4 5 -6 -7 9 14 13 16 12 -13 -14 19 -16 -17 18 -19 -20 -21 -22 -23
leaf_value=0.077293743388727298 -3.0243168354034431 0.20409652579505488 2.2615351915359496 -2.4047911008199057 1.7567225251879013 0.61586416562398261 0.45720516840616876 0.75065830051898941 -0.69979768883098215 -0.36529082804918261 -0.17644612377096136 1.4120947652392919 0.081032529505855835 -0.59235960642496766 -0.9273574352264401 1.2529191970825195 -0.46577508730046885 -1.5717761039733888 -1.4155240694681803 0.30584369897842406 0.41340740680694577 -0.094609016180038447
leaf_weight=20.000000000000004 3.9999999999999982 53 4.9999999999999991 2.9999999999999991 6.9999999999999991 3 2.9999999999999982 4 11.000000000000005 3.0000000000000018 178 8.9999999999999982 206 2.9999999999999982 3 4.9999999999999991 17.000000000000004 4.9999999999999991 2.9999999999999991 7 5 6
leaf_count=20 4 53 5 3 7 3 3 4 11 3 178 9 206 3 3 5 17 5 3 7 5 6
internal_value=-0.00461718 0.0262789 0.409226 0.2689 0.385236 -0.894463 -0.301919 -1.0797 -0.0356556 -0.0982149 -0.00111376 0.491542 -0.0383196 -0.58434 0.0315087 0.504897 -0.399771 -0.972291 -0.608237 0.0363827 0.121396 0.089329
internal_weight=563 510 71 66 60 6 53 11 439 42 413 29 384 26 7 14 28 16 20 10 8 9
internal_count=563 510 71 66 60 6 53 11 439 42 413 29 384 26 7 14 28 16 20 10 8 9
is_linear=0
shrinkage=0.05


Tree=117
num_leaves=26
num_cat=0
split_feature=0 6 1 1 7 2 5 2 1 0 6 4 2 1 0 1 0 1 4 0 0 4 0 4 1
split_gain=2211.32 3003.19 2460.24 5289.1 5191.31 2170.97 1798.45 8300.69 5973.99 3522.28 2549.26 2353.34 8096.31 2347.83 2175.4 1916.71 4404.76 1640.54 1336.48 1223.88 775.674 399.512 366.424 277.48 193.995
threshold=30502.150000000005 73.500000000000014 34328.145000000011 31575.965000000004 3.5000000000000004 18332.850000000002 18.500000000000004 4790.5100000000011 37053.225000000013 30565.035000000003 73.500000000000014 35865.000000000007 4096.1200000000008 29938.350000000002 30525.060000000001 38993.790000000008 32101.795000000002 39429.160000000011 33565.000000000007 30441.155000000002 29646.715000000004 33797.500000000007 31460.010000000006 36890.000000000007 39227.465000000004
decision_type=2 2 2 2 2 2 2 2 2 2 2 2 2 2 2 2 2 2 2 2 2 2 2 2 2
left_child=1 2 3 18 -5 19 7 8 22 14 -11 12 -8 -14 -9 16 -13 -17 -1 20 -3 -21 -2 -4 -10
right_child=6 5 23 4 -6 -7 11 9 24 10 -12 15 13 -15 -16 17 -18 -19 -20 21 -22 -23 -24 -25 -26
leaf_value=0.89989931583404381 2.1478345870971682 -0.26842341652071039 -0.63352087736129747 3.4048719724019372 0.46341358820597317 -1.5001048803329469 2.1985804080963134 0.30729600489139558 0.59537808100382472 -1.5477961858113609 -0.030753260354201003 -0.070929485511703375 -0.04251810768336961 0.44680253015114713 2.0884360949198402 1.0929702758789055 -1.5785670137405396 0.10478465727397375 -0.19852835486332576 -1.095189412434896 -0.0427171795968284 -0.45008572253088164 2.8788394292195632 -0.04458144307136535 0.02676101922988891
leaf_weight=4.0000000000000062 3.9999999999999982 54 4 2.9999999999999991 3 2.9999999999999991 4.9999999999999991 3.9999999999999991 3 2.9999999999999991 36 156 66 39 3 6.0000000000000027 4.9999999999999991 13.999999999999998 8.9999999999999982 2.9999999999999991 129 11.999999999999998 3 4 3
leaf_count=4 4 54 4 3 3 3 5 4 3 3 36 156 66 39 3 6 5 14 9 3 129 12 3 4 3
internal_value=0.0225437 -0.0986272 0.396492 0.706195 1.93414 -0.165136 0.101478 0.353191 1.46879 0.0379127 -0.147449 0.0504432 0.232836 0.13923 1.07064 -0.0604035 -0.117751 0.40124 0.139449 -0.144909 -0.109319 -0.579106 2.46112 -0.339051 0.31107
internal_weight=578 228 27 19 6 201 350 59 13 46 39 291 110 105 7 181 161 20 13 198 183 15 7 8 6
internal_count=578 228 27 19 6 201 350 59 13 46 39 291 110 105 7 181 161 20 13 198 183 15 7 8 6
is_linear=0
shrinkage=0.05


Tree=118
num_leaves=12
num_cat=0
split_feature=1 0 2 0 2 1 0 1 5 1 1
split_gain=1847.43 2219.01 3278.95 2848.18 2096.3 4634.57 1984.2 1813.1 10017.6 3375.26 241.5
threshold=40059.10500000001 31859.145000000004 2160.6250000000005 31927.960000000003 3922.6700000000005 38993.790000000008 32065.465000000004 38714.475000000013 20.500000000000004 38003.990000000013 40693.320000000007
decision_type=2 2 2 2 2 2 2 2 2 2 2
left_child=1 2 -1 -3 5 -5 -6 9 -9 -4 -2
right_child=10 3 7 4 6 -7 -8 8 -10 -11 -12
leaf_value=1.2889278411865235 1.1929544687271119 -1.538606982231139 0.00023369230577870918 -2.3668935696283957 1.1388450980186464 0.1189515447616577 -0.25713765961783269 0.29122960716485985 -3.0967610041300446 1.0350333347916603 0.55852514902750638
leaf_weight=4.9999999999999991 2.9999999999999991 5.0000000000000027 526 3.0000000000000018 3.9999999999999982 5 7 7.9999999999999982 3 7.9999999999999991 3
leaf_count=5 3 5 526 3 4 5 7 8 3 8 3
internal_value=0.00292807 -0.0061954 0.0143407 -0.476814 -0.197395 -0.81324 0.250492 0.00264723 -0.632768 0.0157363 0.87574
internal_weight=580 574 550 24 19 8 11 545 11 534 6
internal_count=580 574 550 24 19 8 11 545 11 534 6
is_linear=0
shrinkage=0.05


Tree=119
num_leaves=13
num_cat=0
split_feature=2 4 0 7 2 4 3 4 3 4 7 1
split_gain=1723.61 1562.36 7712.29 4796.74 2575.49 2090.56 5034.38 3380.21 3033.26 5678.44 2080.55 1618.35
threshold=1804.3950000000002 36890.000000000007 29422.230000000003 1.5000000000000002 5430.8950000000013 35397.500000000007 1.1623153717739958 35134.500000000007 1.1757830903046622 35987.500000000007 1.0000000180025095e-35 39257.420000000006
decision_type=2 2 2 2 2 2 2 2 2 2 2 2
left_child=-1 5 -3 4 -4 6 7 -2 10 -10 -7 -5
right_child=1 2 3 11 -6 8 -8 -9 9 -11 -12 -13
leaf_value=-0.91481756210327159 -0.035399063647162381 2.6593997557957967 0.76938587827607996 -0.11232995455915279 -0.35947586931288245 -0.60167818842707455 1.8147496223449708 0.61573546142740687 2.0326946616172772 -0.0021336212754249572 -0.15405818691541409 0.49917372254033882
leaf_weight=4.9999999999999991 212 2.9999999999999991 32 110 5.9999999999999991 37 3.9999999999999991 22 4.0000000000000027 24 87 11.999999999999998
leaf_count=5 212 3 32 110 6 37 4 22 4 24 87 12
internal_value=0.00934836 0.0177043 0.147702 0.100608 0.591145 -0.0366282 0.0558848 0.0258187 -0.181484 0.288556 -0.287622 -0.0521821
internal_weight=558 553 163 160 38 390 238 234 152 28 124 122
internal_count=558 553 163 160 38 390 238 234 152 28 124 122
is_linear=0
shrinkage=0.05


Tree=120
num_leaves=20
num_cat=0
split_feature=0 6 4 4 0 0 8 3 0 3 4 3 4 6 0 7 1 0 6
split_gain=3184.1 4516.5 7976.35 3748.41 3581.81 2316.5 1902.68 4300.75 8800.8 1582.27 6783.97 1577.49 1568.21 2396.31 1144.68 920.314 796.915 802.648 342.116
threshold=31843.890000000003 78.500000000000014 37941.500000000007 37657.000000000007 31780.940000000006 31800.090000000004 4.5000000000000009 1.1545467218162948 30912.530000000002 0.9571606127421638 35692.500000000007 1.131489162422405 36890.000000000007 79.500000000000014 31886.825000000001 3.5000000000000004 39081.615000000013 32389.380000000001 77.500000000000014
decision_type=2 2 2 2 2 2 2 2 2 2 2 2 2 2 2 2 2 2 2
left_child=4 2 14 12 6 -6 9 11 -9 15 -11 -8 -3 -14 -2 -1 -5 -18 -16
right_child=1 3 -4 16 5 -7 7 8 -10 10 -12 -13 13 -15 18 -17 17 -19 -20
leaf_value=-0.46210791992730105 -1.3320079962412521 0.12688496112823475 -3.4544256210327151 1.0391875553131105 2.2102678616841636 0.37227176278829566 0.11080685520142902 2.6645309257507304 0.22076919823884966 0.66154641909258716 -0.087429859066331717 -0.50910889018665662 -0.4153282785415649 -2.2028080622355137 -0.56827769279479967 -0.11713520709168296 -0.4120469212532043 0.62245676636695857 0.13806414008140563
leaf_weight=29 2.9999999999999982 4.0000000000000027 2.9999999999999991 4.9999999999999991 2.9999999999999991 4 153 5.0000000000000027 13.999999999999998 35 222 10.999999999999998 5 3 3 58 3 5 4
leaf_count=29 3 4 3 5 3 4 153 5 14 35 222 11 5 3 3 58 3 5 4
internal_value=0.00492826 -0.437298 -1.19322 -0.0442178 0.0363975 1.15998 0.0214732 0.15173 0.863864 -0.0478206 0.0145708 0.0692271 -0.68146 -1.08563 -0.51486 -0.232126 0.544006 0.234518 -0.164654
internal_weight=572 38 13 25 534 7 527 183 19 344 257 164 12 8 10 87 13 8 7
internal_count=572 38 13 25 534 7 527 183 19 344 257 164 12 8 10 87 13 8 7
is_linear=0
shrinkage=0.05


Tree=121
num_leaves=14
num_cat=0
split_feature=4 1 4 2 2 0 2 3 3 0 0 0 0
split_gain=1679.43 3394.51 1936.07 3805.37 3415.83 1801.48 5257.04 2077.4 703.468 277.185 269.396 210.142 188.876
threshold=38215.000000000007 35598.070000000007 37941.500000000007 3732.5650000000005 3164.0600000000004 32303.785000000003 1804.3950000000002 1.1611281148768302 1.2084574114048838 32028.415000000005 31162.425000000007 31085.695000000003 31873.325000000001
decision_type=2 2 2 2 2 2 2 2 2 2 2 2 2
left_child=2 11 5 4 8 6 -1 -8 -4 -6 -5 -2 -3
right_child=1 12 3 10 9 -7 7 -9 -10 -11 -12 -13 -14
leaf_value=-2.0926677068074544 -0.34066774964332591 1.7116278489430741 -0.40348827719688407 -1.1816203117370605 0.24571556448936469 0.94797653675079341 -0.031885684892473808 0.26632440139108632 -1.2245586395263672 0.73314473714147299 -1.8516895771026605 0.1886619240045547 1.1505635023117062
leaf_weight=2.9999999999999991 4.9999999999999982 3 20.000000000000004 2.9999999999999991 4.9999999999999982 4.9999999999999991 455 67 2.9999999999999991 7 3 3 3
leaf_count=3 5 3 20 3 5 5 455 67 3 7 3 3 3
internal_value=-0.00895031 0.532087 -0.0222157 -0.353239 -0.153796 0.00339175 -0.00560429 0.00639032 -0.510584 0.530049 -1.51665 -0.142169 1.4311
internal_weight=585 14 571 41 35 530 525 522 23 12 6 8 6
internal_count=585 14 571 41 35 530 525 522 23 12 6 8 6
is_linear=0
shrinkage=0.05


Tree=122
num_leaves=18
num_cat=0
split_feature=0 0 4 2 0 3 7 4 4 0 0 2 6 2 2 8 3
split_gain=2233.72 3112.81 2597.39 6104.36 3778.38 5098.75 4969.66 2445.84 2219.27 1875.17 1446.54 4202.32 1934.89 4593.85 1103.1 1073.51 787.654
threshold=31347.380000000005 31352.625000000004 37657.000000000007 7248.6750000000011 31024.405000000002 1.2231501256029709 2.5000000000000004 33030.000000000007 38215.000000000007 31855.530000000002 29646.715000000004 4251.9350000000013 74.500000000000014 7059.9650000000011 5197.0250000000005 4.5000000000000009 1.0563949164029467
decision_type=2 2 2 2 2 2 2 2 2 2 2 2 2 2 2 2 2
left_child=2 -2 10 4 6 -6 -4 -3 9 -9 11 -1 13 -12 -10 -14 -13
right_child=1 7 3 -5 5 -7 -8 8 14 -11 12 16 15 -15 -16 -17 -18
leaf_value=-2.0595564365386965 1.766474469502767 1.5484927654266358 -0.16836311012506483 -2.616342862447103 -0.2900112466679679 -2.4354797363281251 2.013973480463028 0.17024097379004019 1.5130437433719637 -0.28130814312927183 1.0378130900859834 -0.068906959242780105 -0.083099032571456705 -0.096942293813282801 0.24470156828562414 0.13033723363046906 -0.53238809108734131
leaf_weight=2.9999999999999991 2.9999999999999991 2.9999999999999991 20.000000000000004 2.9999999999999991 8.9999999999999982 3.9999999999999991 2.9999999999999991 89 3.9999999999999991 31 14.999999999999998 55 203 22 3 83 10.999999999999998
leaf_count=3 3 3 20 3 9 4 3 89 4 31 15 55 203 22 3 83 11
internal_value=-0.00497479 0.174151 -0.0602503 -0.449395 -0.268816 -0.950155 0.116289 0.137405 0.104072 0.0535908 -0.0215344 -0.229345 0.0228587 0.363094 0.969469 -0.0211577 -0.146154
internal_weight=564 133 431 39 36 13 23 130 127 120 392 69 323 37 7 286 66
internal_count=564 133 431 39 36 13 23 130 127 120 392 69 323 37 7 286 66
is_linear=0
shrinkage=0.05


Tree=123
num_leaves=14
num_cat=0
split_feature=3 1 1 2 3 6 0 1 2 3 2 6 0
split_gain=2044.87 4952.54 8143.88 4021.37 2754.85 3878.16 2800.38 2493.93 2468.29 2125.89 1906.14 1583.83 309.364
threshold=1.1955500705760556 37237.020000000011 37429.965000000004 5302.4050000000007 1.2037547151146779 84.500000000000014 31291.855000000003 36881.680000000008 3510.6750000000006 1.187592086650729 3122.3400000000006 73.500000000000014 31727.995000000006
decision_type=2 2 2 2 2 2 2 2 2 2 2 2 2
left_child=1 7 -3 4 10 8 -7 9 -6 11 -2 -1 -4
right_child=3 2 12 -5 5 6 -8 -9 -10 -11 -12 -13 -14
leaf_value=0.3697547457146424 -1.6469794464111331 2.5642860078811651 -0.36563425064086907 -2.0783609390258788 0.39245374259249921 -0.31149019628763197 -2.2438054939111067 -1.1161559104919434 -0.59957724660634992 1.3331800381342571 -0.18260177075862882 -0.024667415936238363 0.30604694684346512
leaf_weight=27 4.9999999999999982 4.9999999999999982 4 2.9999999999999991 29 5 3 4.9999999999999991 7.9999999999999991 2.9999999999999991 4 444 3
leaf_count=27 5 5 4 3 29 5 3 5 8 3 4 444 3
internal_value=-0.0130983 0.0198103 1.02309 -0.296574 -0.197586 -0.0378739 -1.03611 -0.005324 0.177961 0.00639364 -0.996145 -0.00205723 -0.0777709
internal_weight=548 491 12 57 54 45 8 479 37 474 9 471 7
internal_count=548 491 12 57 54 45 8 479 37 474 9 471 7
is_linear=0
shrinkage=0.05


Tree=124
num_leaves=8
num_cat=0
split_feature=0 0 0 2 0 0 3
split_gain=1234.21 1593.15 1692.75 4484.16 3274.65 3211.05 1062.55
threshold=32457.300000000007 32303.785000000003 32065.465000000004 4598.8050000000012 32001.495000000003 31859.145000000004 1.2263793748600189
decision_type=2 2 2 2 2 2 2
left_child=1 2 4 -4 5 -1 -3
right_child=-2 6 3 -5 -6 -7 -8
leaf_value=0.0042768804634397382 -1.0178913434346517 1.2821377813816071 -2.2442962249120075 0.31292980611324306 1.4248519897460938 -0.94771783351898198 0.037325894832611076
leaf_weight=560 2.9999999999999991 3.9999999999999991 2.9999999999999991 4 3.9999999999999991 8.9999999999999982 3
leaf_count=560 3 4 3 4 4 9 3
internal_value=-0.00632087 -0.00115101 -0.0102003 -0.783024 -0.000759161 -0.010781 0.748647
internal_weight=590 587 580 7 573 569 7
internal_count=590 587 580 7 573 569 7
is_linear=0
shrinkage=0.05


Tree=125
num_leaves=23
num_cat=0
split_feature=0 6 4 0 0 0 1 1 1 3 8 3 3 4 4 1 1 6 7 1 6 6
split_gain=1208.46 3676.82 2874.01 2725.56 6863.83 3235.31 2589.07 2264.74 4608.55 1854.17 10048.3 18323.9 2603.07 3608.39 2875.08 1363.24 6508.68 1250.86 1214.6 271.484 177.834 76.41
threshold=31347.380000000005 81.500000000000014 35397.500000000007 31843.890000000003 31780.940000000006 31927.960000000003 30412.860000000004 38714.475000000013 39517.895000000011 1.1611281148768302 4.5000000000000009 1.2107288239256495 1.1292790347931108 35134.500000000007 37657.000000000007 35598.070000000007 37698.220000000008 79.500000000000014 1.0000000180025095e-35 38598.990000000005 79.500000000000014 82.500000000000014
decision_type=2 2 2 2 2 2 2 2 2 2 2 2 2 2 2 2 2 2 2 2 2 2
left_child=7 2 6 4 -4 -5 20 9 -9 12 18 -12 14 -14 -1 21 -17 -8 -11 -18 -2 -3
right_child=1 15 3 5 -6 -7 17 8 -10 10 11 -13 13 -15 -16 16 19 -19 -20 -21 -22 -23
leaf_value=-0.026323291343955186 0.0024671018123626699 0.43091216484705569 -0.10652816933843326 -1.7046738052368153 1.8314300251007081 -0.27521494940707558 1.2182785487174987 -2.0685614034533497 0.33158276677131648 0.79438700973987586 4.979340744018554 0.036482730931602418 -1.8515633583068849 -0.27651803255081181 1.3227085173130035 3.1035864512125655 0.050249768793582929 0.30509328842163086 -0.11941554628312588 0.61875226455075394 -0.44893958568573 0.11172572970390318
leaf_weight=313 8.0000000000000018 3.0000000000000018 53 5.0000000000000027 4.9999999999999991 19 9.9999999999999982 4 4 3.9999999999999991 3 5 3.9999999999999991 40 3.9999999999999991 2.9999999999999991 2.9999999999999982 5.9999999999999991 40 7 2.9999999999999991 5
leaf_count=313 8 3 53 5 5 19 10 4 4 4 3 5 4 40 4 3 3 6 40 7 3 5
internal_value=0.00589333 0.139147 0.0224309 -0.124894 0.0605372 -0.573019 0.469862 -0.0352539 -0.868489 -0.0191137 0.260026 1.89005 -0.0593222 -0.419704 -0.00930081 0.744959 1.06098 0.875834 -0.0363426 0.448202 -0.120644 0.231421
internal_weight=551 130 109 82 58 24 27 421 8 413 52 8 361 44 317 21 13 16 44 10 11 8
internal_count=551 130 109 82 58 24 27 421 8 413 52 8 361 44 317 21 13 16 44 10 11 8
is_linear=0
shrinkage=0.05


Tree=126
num_leaves=23
num_cat=0
split_feature=4 4 2 1 6 4 2 3 1 2 6 4 4 4 3 4 1 2 1 3 2 6
split_gain=1327.5 2324.2 4166.34 5563.26 2184.19 7406.83 3094.32 1242.21 1110.81 977.647 3910.67 6497.51 5819.98 2011.36 7969.42 2500.71 706.771 590.592 412.069 139.622 121.675 1.00875
threshold=37941.500000000007 37657.000000000007 3922.6700000000005 38598.990000000005 78.500000000000014 38137.000000000007 3207.5950000000007 1.1517931417688156 33109.115000000013 4158.9450000000006 85.500000000000014 35987.500000000007 35987.500000000007 35397.500000000007 1.1587804532921291 36349.500000000007 36312.155000000006 3122.3400000000006 40405.490000000013 1.1984617718924895 3164.0600000000004 85.500000000000014
decision_type=2 2 2 2 2 2 2 2 2 2 2 2 2 2 2 2 2 2 2 2 2 2
left_child=1 9 3 -3 5 -2 17 -7 -8 10 12 -12 -1 14 -11 -15 -4 19 -10 -6 -9 -19
right_child=4 2 16 -5 6 7 8 20 18 13 11 -13 -14 15 -16 -17 -18 21 -20 -21 -22 -23
leaf_value=1.8350066741307576 -2.6162065029144288 0.99242034056223949 0.91665980021158833 -1.8559291044871007 -0.6023942768573759 -1.0129096666971842 -0.3711925958593687 -0.0025106668472290043 0.95211766958236721 0.014152042030398986 -2.2496597290039042 -0.0099139341536690212 0.18698096889257432 -0.45505829881538046 2.6070597489674885 -0.053321850074469358 1.9318977355957028 -0.1459011395772298 0.35780948162078852 -1.0023735682169597 0.36746845394372935 -0.1075462353415787
leaf_weight=5.9999999999999991 3.9999999999999991 3.9999999999999982 3 3 8.0000000000000018 2.9999999999999991 2.9999999999999991 4.9999999999999982 6.9999999999999982 243 4.0000000000000027 17 50 55 2.9999999999999991 131 4 2.9999999999999991 5 2.9999999999999991 4 4
leaf_count=6 4 4 3 3 8 3 3 5 7 243 4 17 50 55 3 131 4 3 5 3 4 4
internal_value=-0.0246188 -0.00130376 0.634247 -0.228301 -0.273472 -0.75289 -0.0410264 -0.131784 0.489353 -0.0187845 0.14535 -0.436532 0.363555 -0.0480399 0.0457729 -0.172115 1.4968 -0.483009 0.704489 -0.71148 0.161924 -0.123984
internal_weight=572 523 14 7 49 16 33 12 15 509 77 21 56 432 246 186 7 18 12 11 9 7
internal_count=572 523 14 7 49 16 33 12 15 509 77 21 56 432 246 186 7 18 12 11 9 7
is_linear=0
shrinkage=0.05


Tree=127
num_leaves=13
num_cat=0
split_feature=2 7 6 6 2 1 4 0 7 4 1 2
split_gain=3393.52 910.84 4845.97 2057.13 4633.15 3743.34 1504.62 6771.41 2679.81 1991.03 4310.09 3506.22
threshold=1804.3950000000002 5.5000000000000009 87.500000000000014 78.500000000000014 5197.0250000000005 38993.790000000008 36890.000000000007 29513.995000000003 1.5000000000000002 35692.500000000007 30672.995000000006 4206.545000000001
decision_type=2 2 2 2 2 2 2 2 2 2 2 2
left_child=-1 6 3 5 -5 -3 9 -8 -9 10 -2 -11
right_child=1 2 -4 4 -6 -7 7 8 -10 11 -12 -13
leaf_value=1.3074270153045655 -0.040462080119975978 -0.21030415009569237 -1.8507205083966256 1.090287280920893 -0.11004453786626095 -2.0720391667525595 2.5179075161616011 0.49591138494091436 -0.021356273916991134 0.17270145663555633 0.5348233803920448 -0.36011789421240492
leaf_weight=4.9999999999999991 175 27.000000000000004 3.9999999999999991 9.9999999999999982 41 2.9999999999999991 2.9999999999999991 34 95 47 40 90
leaf_count=5 175 27 4 10 41 3 3 34 95 47 40 90
internal_value=0.0105144 -0.000882025 -0.151837 -0.0679418 0.125315 -0.396478 0.0256287 0.16959 0.114978 -0.0283567 0.0665678 -0.177326
internal_weight=574 569 85 81 51 30 484 132 129 352 215 137
internal_count=574 569 85 81 51 30 484 132 129 352 215 137
is_linear=0
shrinkage=0.05


Tree=128
num_leaves=16
num_cat=0
split_feature=4 5 6 0 0 1 0 0 4 3 4 1 1 0 0
split_gain=1081.87 1556.87 4531.15 3825.58 3293.85 1633.19 1286.16 2492.77 2919.03 2196.73 4376.57 3063.49 631.56 111.677 35.2988
threshold=37941.500000000007 18.500000000000004 78.500000000000014 31536.125000000004 32001.495000000003 37053.225000000013 32303.785000000003 32101.795000000002 36747.500000000007 1.1611281148768302 35987.500000000007 36570.825000000004 40405.490000000013 31024.405000000002 30301.750000000004
decision_type=2 2 2 2 2 2 2 2 2 2 2 2 2 2 2
left_child=6 3 -3 5 13 -2 7 9 -9 11 -11 -1 -6 -4 -7
right_child=1 2 4 -5 12 14 -8 8 -10 10 -12 -13 -14 -15 -16
leaf_value=0.0069504785189855867 -1.1794346054395042 -1.7735037374496461 -0.33784694770971924 1.8297670046488446 1.1283189922571184 0.29357293248176569 0.9216707825660706 0.26353855133056642 -1.7996927976608275 1.4072336435317994 0.15101292213568321 -1.5962934494018555 0.28540465354919425 -0.54571280607155392 0.083517050743103005
leaf_weight=438 2.9999999999999991 4.9999999999999991 12.000000000000002 2.9999999999999991 3.9999999999999982 4 3.9999999999999991 2.9999999999999991 4 7.9999999999999991 52 2.9999999999999991 5 13.999999999999998 4
leaf_count=438 3 5 12 3 4 4 4 3 4 8 52 3 5 14 4
internal_value=0.00615281 -0.206704 -0.365534 0.247097 -0.164396 -0.18454 0.0286025 0.0215705 -0.915451 0.0346626 0.318509 -0.00395594 0.660033 -0.449775 0.188545
internal_weight=566 54 40 14 35 11 512 508 7 501 60 441 9 26 8
internal_count=566 54 40 14 35 11 512 508 7 501 60 441 9 26 8
is_linear=0
shrinkage=0.05


Tree=129
num_leaves=16
num_cat=0
split_feature=0 0 0 7 1 6 1 4 2 6 7 8 1 2 6
split_gain=1392.24 4688.03 3348.86 2064.7 2584.13 2802 2149.5 1883.42 1177.92 942.751 4098.67 1614.12 764.699 530.703 178.691
threshold=31843.890000000003 31927.960000000003 31780.940000000006 1.0000000180025095e-35 38714.475000000013 78.500000000000014 37698.220000000008 37162.000000000007 14625.095000000001 87.500000000000014 5.5000000000000009 4.5000000000000009 36234.655000000006 18532.700000000001 81.500000000000014
decision_type=2 2 2 2 2 2 2 2 2 2 2 2 2 2 2
left_child=2 12 8 -3 6 -6 -5 -4 9 11 -11 -1 -2 14 -10
right_child=1 3 7 4 5 -7 -8 -9 13 10 -12 -13 -14 -15 -16
leaf_value=-0.043636677114086024 -0.75605804721514369 0.90615324974059996 0.02647391557693481 -0.32952197194099414 -1.1444615840911865 0.57943344874815506 -1.9686909675598139 1.6111576837301251 -0.3086898885343386 -0.040593693458608221 -1.7516236651688815 0.15605996928822538 -1.7658097076416013 -0.91711673736572275 -0.076770660739678601
leaf_weight=288 3 5.0000000000000027 3 6.0000000000000018 2.9999999999999991 10.999999999999998 3 5 23 28 3.9999999999999991 156 5 2.9999999999999991 12.999999999999998
leaf_count=288 3 5 3 6 3 11 3 5 23 28 4 156 5 3 13
internal_value=-0.0189417 -0.319702 0.0017607 -0.0147163 -0.214905 0.210027 -0.875912 1.0169 -0.0140085 0.00763629 -0.254472 0.026527 -1.38715 -0.278186 -0.224941
internal_weight=559 36 523 28 23 14 9 8 515 476 32 444 8 39 36
internal_count=559 36 523 28 23 14 9 8 515 476 32 444 8 39 36
is_linear=0
shrinkage=0.05


Tree=130
num_leaves=13
num_cat=0
split_feature=2 0 0 3 3 0 4 5 6 2 7 3
split_gain=1564.77 823.678 3674.47 4975.1 1946.4 1928.15 1799.51 2736.16 1163.95 939.417 6226.43 1581.87
threshold=18407.930000000004 31859.145000000004 31780.940000000006 1.1710601444213546 1.2492364266900029 31843.890000000003 36747.500000000007 19.500000000000004 77.500000000000014 3862.1250000000005 5.5000000000000009 1.2075761408604913
decision_type=2 2 2 2 2 2 2 2 2 2 2 2
left_child=1 2 9 5 6 -4 8 -8 -3 10 -1 -11
right_child=-2 4 3 -5 -6 -7 7 -9 -10 11 -12 -13
leaf_value=-0.070736867609158371 -0.98667830601334572 -0.50765193303426059 0.71649783849716198 2.3182994633913041 0.80295905470848083 -0.8359799409906068 -1.0262534882341112 0.1329065054655075 0.73811354160308829 0.038619966493402096 -2.3962332804997764 -0.7188366988407715
leaf_weight=71 3.9999999999999991 3.0000000000000018 5.9999999999999982 3.9999999999999991 3.9999999999999991 3 14 8 5 450 2.9999999999999991 6.9999999999999991
leaf_count=71 4 3 6 4 4 3 14 8 5 450 3 7
internal_value=-0.00115328 0.00566697 0.0205889 0.851096 -0.233084 0.199005 -0.371223 -0.604741 0.270951 0.000256329 -0.165014 0.0270178
internal_weight=582 578 544 13 34 9 30 22 8 531 74 457
internal_count=582 578 544 13 34 9 30 22 8 531 74 457
is_linear=0
shrinkage=0.05


Tree=131
num_leaves=10
num_cat=0
split_feature=2 0 0 0 0 1 0 7 0
split_gain=1011.39 1054.44 902.116 3012.33 3752.44 2371.49 1007.55 804.724 617.37
threshold=1804.3950000000002 32425.120000000003 31927.960000000003 31843.890000000003 31780.940000000006 36234.655000000006 32065.465000000004 1.0000000180025095e-35 32001.495000000003
decision_type=2 2 2 2 2 2 2 2 2
left_child=-1 2 3 4 -2 -5 8 -8 -4
right_child=1 -3 6 5 -6 -7 7 -9 -10
leaf_value=-0.72263581275939948 -0.014680351802521866 -0.94331247806549079 0.36401716868082645 -0.1640781104564667 1.0763759344816208 -1.6384813785552976 0.58549668669700627 -0.22310589849948884 1.3783891359965004
leaf_weight=4.9999999999999991 528 2.9999999999999991 3.0000000000000027 5.9999999999999982 7.9999999999999991 5 4.9999999999999991 7.9999999999999991 3
leaf_count=5 528 3 3 6 8 5 5 8 3
internal_value=-0.0146173 -0.00839574 -0.00344035 -0.0152049 0.00160407 -0.834261 0.335256 0.0878951 0.871203
internal_weight=574 569 566 547 536 11 19 13 6
internal_count=574 569 566 547 536 11 19 13 6
is_linear=0
shrinkage=0.05


Tree=132
num_leaves=19
num_cat=0
split_feature=0 0 8 6 0 1 0 3 0 0 0 8 3 3 2 7 1 1
split_gain=1322.71 2744.72 2901.66 2454.9 1995.69 2293.19 1701.67 1674.01 1643.55 3925.6 2587.99 3096.22 1235.03 5575.67 4750.65 778.052 265.128 737.665
threshold=31347.380000000005 31364.865000000002 4.5000000000000009 82.500000000000014 31912.580000000005 35264.180000000008 32303.785000000003 1.2492364266900029 31280.085000000003 31302.120000000006 31254.450000000004 4.5000000000000009 1.1292790347931108 1.1208058883715373 7059.9650000000011 1.5000000000000002 36693.465000000004 35213.480000000003
decision_type=2 2 2 2 2 2 2 2 2 2 2 2 2 2 2 2 2 2
left_child=8 15 3 6 5 -4 -3 -6 10 -10 12 -12 13 -1 -14 -2 17 -11
right_child=1 2 4 -5 7 -7 -8 -9 9 16 11 -13 14 -15 -16 -17 -18 -19
leaf_value=-0.0053203367983849564 1.7620441913604736 -0.18903888157896095 0.17315200842343839 1.3284835338592531 -0.45737945189078649 1.067193184234202 0.76402006149292001 0.77195289731025696 -1.6800486600399005 0.024183027039874669 -0.10259554088115691 1.8647045135498044 -0.11000764160714252 1.6779029560089112 -1.869411188364029 0.62329364915688812 0.2504094677511603 -0.70826729774475106
leaf_weight=307 2.9999999999999991 74 13.000000000000002 2.9999999999999991 8.9999999999999982 15.999999999999998 4.9999999999999991 3.9999999999999991 5.0000000000000027 11.000000000000005 4 4 94 4.9999999999999991 3.9999999999999991 3 3.9999999999999991 4.9999999999999991
leaf_count=307 3 74 13 3 9 16 5 4 5 11 4 4 94 5 4 3 4 5
internal_value=0.00799732 0.148232 0.0976947 -0.0754064 0.435654 0.666416 -0.128719 -0.0791233 -0.033155 -0.426957 -0.00960229 0.881054 -0.026981 0.0216544 -0.18182 1.19267 -0.113684 -0.204708
internal_weight=573 130 124 82 42 29 79 13 443 25 418 8 410 312 98 6 20 16
internal_count=573 130 124 82 42 29 79 13 443 25 418 8 410 312 98 6 20 16
is_linear=0
shrinkage=0.05


Tree=133
num_leaves=17
num_cat=0
split_feature=8 0 1 3 3 4 0 3 0 0 1 3 5 3 0 0
split_gain=1021.59 2607.82 4595.12 7737.28 6310.5 5842.67 3375.52 1499.83 1445.61 2070.71 2011.22 1837.03 1363.41 1710.61 1282.61 1250.09
threshold=4.5000000000000009 31494.620000000006 37774.35500000001 1.1623153717739958 1.1292790347931108 37657.000000000007 32120.640000000003 1.2479847952484593 32303.785000000003 32101.795000000002 37366.465000000004 1.1847922203310288 18.500000000000004 1.234975698203449 31514.185000000001 31271.585000000003
decision_type=2 2 2 2 2 2 2 2 2 2 2 2 2 2 2 2
left_child=8 2 3 4 -2 -5 12 -8 9 10 14 -12 -3 -14 -1 -4
right_child=1 6 15 5 -6 -7 7 -9 -10 -11 11 -13 13 -15 -16 -17
leaf_value=-0.054111691320856393 0.077251733578575246 1.7011674684782805 -0.6393843650817872 3.3700525899728144 -1.0743753185639016 0.24951122701168052 -0.9941441375017166 0.4199870785077412 0.89022206068038945 -1.1968828082084657 1.4945322513580324 0.19876645611178489 0.42005400856335956 1.5368880636990072 -0.35620199561119081 -2.082810274759928
leaf_weight=289 140 3.0000000000000027 2.9999999999999991 2.9999999999999991 12.999999999999998 3 5 3 3.9999999999999991 3.9999999999999991 2.9999999999999991 31 24.000000000000004 3.9999999999999991 40 3
leaf_count=289 140 3 3 3 13 3 5 3 4 4 3 31 24 4 40 3
internal_value=-0.00574884 0.0841278 -0.00278502 0.048472 -0.0205989 1.80978 0.451836 -0.463845 -0.0551689 -0.0654728 -0.0530055 0.313099 0.68814 0.579602 -0.09084 -1.3611
internal_weight=575 204 165 159 153 6 39 8 371 367 363 34 31 28 329 6
internal_count=575 204 165 159 153 6 39 8 371 367 363 34 31 28 329 6
is_linear=0
shrinkage=0.05


Tree=134
num_leaves=13
num_cat=0
split_feature=2 7 6 4 2 4 2 2 4 1 2 6
split_gain=3070.1 1104.5 3242.43 1369.96 6291.57 2962.72 1174.34 3376.87 978.418 2966.23 2088.24 68.7811
threshold=1804.3950000000002 5.5000000000000009 87.500000000000014 37010.000000000007 10647.320000000002 37217.000000000007 3732.5650000000005 4737.3700000000008 35692.500000000007 30672.995000000006 4053.3300000000004 82.500000000000014
decision_type=2 2 2 2 2 2 2 2 2 2 2 2
left_child=-1 3 6 8 5 -5 11 -8 9 -2 -10 -3
right_child=1 2 -4 4 -6 -7 7 -9 10 -11 -12 -13
leaf_value=1.3705075263977051 -0.062648342028054416 0.60142332315444935 -1.5787101864814759 0.59426413513720033 2.4126682291428252 -0.024350999757647516 -1.8257745842138928 -0.11055648494476565 0.12408865457773209 0.39933173479728923 -0.27232673174203048 0.30820597112178794
leaf_weight=3.9999999999999991 181 4 3.9999999999999991 24 2.9999999999999991 100 2.9999999999999991 66 50 43 99 4
leaf_count=4 181 4 4 24 3 100 3 66 50 43 99 4
internal_value=-0.00996086 -0.0194649 -0.190745 0.00828249 0.15012 0.095381 -0.118643 -0.185131 -0.0400107 0.0260353 -0.139301 0.454815
internal_weight=585 581 81 500 127 124 77 69 373 224 149 8
internal_count=585 581 81 500 127 124 77 69 373 224 149 8
is_linear=0
shrinkage=0.05


Tree=135
num_leaves=24
num_cat=0
split_feature=0 2 1 4 2 0 6 0 2 2 6 1 0 3 4 1 4 2 1 2 0 6 6
split_gain=706.608 2299.75 11119.9 1600.09 4576.84 3993.87 2621.06 2352.82 1309.35 2916.14 2816.39 2639.41 2225.01 1537.78 1176.09 1483.01 1132.73 910.914 550.302 690.577 245.214 114.83 101.797
threshold=29777.980000000003 10090.415000000003 28304.425000000007 35397.500000000007 7473.1050000000005 30359.030000000002 76.500000000000014 29926.410000000003 4625.3050000000012 4548.0250000000005 74.500000000000014 36881.680000000008 31404.930000000004 1.1757830903046622 33797.500000000007 30782.690000000006 33797.500000000007 8403.2300000000014 28032.315000000006 7140.0200000000013 29280.590000000004 87.500000000000014 82.500000000000014
decision_type=2 2 2 2 2 2 2 2 2 2 2 2 2 2 2 2 2 2 2 2 2 2 2
left_child=1 16 20 4 5 7 -7 -2 9 10 -5 13 -13 -10 15 -6 -1 -16 -18 -20 22 -22 -3
right_child=3 2 -4 8 14 6 -8 -9 11 -11 -12 12 -14 -15 17 -17 18 -19 19 -21 21 -23 -24
leaf_value=-1.1728636838495732 0.48776416182518018 -0.29710052663629694 3.0728264490763348 1.3487884342670442 0.059691571758261758 1.3231693148612969 0.036543253828820427 2.0078989301409038 -0.11624616439814217 1.4156070447526874 -6.6535869816772088e-05 -2.1173083782196045 -0.19160001277923577 0.69881537755330403 -0.99599316120147707 0.66129316240549096 0.36024814446767173 -0.10085789113029563 -0.17616905712056907 -0.60864010492960618 0.00021825681130091345 0.33091762065887453 -0.081992925026200036
leaf_weight=3.9999999999999991 3.9999999999999982 11.000000000000002 2.9999999999999991 3.9999999999999991 70 5.0000000000000027 19 7 163 3.9999999999999991 119 2.9999999999999991 3 5.9999999999999991 2.9999999999999991 11.999999999999998 2.9999999999999991 54 24 14.999999999999998 21.000000000000004 2.9999999999999991 10.999999999999998
leaf_count=4 4 11 3 4 70 5 19 7 163 4 119 3 3 6 3 12 3 54 24 15 21 3 11
internal_value=0.00952936 -0.114975 0.123383 0.0343778 0.15515 0.666186 0.30459 1.45512 -0.0352063 0.0870052 0.0437987 -0.123897 -1.15445 -0.0873091 0.0264721 0.147731 -0.368878 -0.14797 -0.292307 -0.342504 -0.0689716 0.0415557 -0.189547
internal_weight=571 95 49 476 174 35 24 11 302 127 123 175 6 169 139 82 46 57 42 39 46 24 22
internal_count=571 95 49 476 174 35 24 11 302 127 123 175 6 169 139 82 46 57 42 39 46 24 22
is_linear=0
shrinkage=0.05


Tree=136
num_leaves=18
num_cat=0
split_feature=0 2 4 4 2 2 4 6 0 4 3 5 0 0 7 0 0
split_gain=1473.36 4750.8 1366.65 1276.83 1805.3 2165.37 1411.81 2270.41 1730.95 1075.45 4978.71 1212.95 955.248 416.272 423.992 265.359 43.0052
threshold=29596.770000000004 5073.3900000000003 37487.500000000007 37332.500000000007 2471.6800000000007 2629.0100000000007 37162.000000000007 85.500000000000014 31302.120000000006 35397.500000000007 0.95973312857638216 19.500000000000004 31536.125000000004 29354.435000000005 5.5000000000000009 27825.690000000006 31271.585000000003
decision_type=2 2 2 2 2 2 2 2 2 2 2 2 2 2 2 2 2
left_child=1 -1 13 6 16 -6 9 8 -8 10 -2 -11 -7 15 -15 -3 -5
right_child=3 2 -4 4 5 12 7 -9 -10 11 -12 -13 -14 14 -16 -17 -18
leaf_value=-2.1852523803710939 -0.072624258426102734 0.26493953863779701 -1.1877952575683595 0.8494309743245444 -1.1917264366149902 -0.21729453750598579 1.181359362602233 -0.70581814050674441 0.28059128681197765 -0.19724054742385361 0.45147649530537315 0.069095634339853773 0.1129885737101237 -0.023423975954453145 0.55593825578689582 -0.22450913352270924 0.58170844713846825
leaf_weight=2.9999999999999991 132 2.9999999999999991 2.9999999999999991 2.9999999999999991 4.9999999999999991 81 8.0000000000000053 3.9999999999999991 15.999999999999998 85 69 86 30 15.000000000000002 3.9999999999999991 36 3
leaf_count=3 132 3 3 3 5 81 8 4 16 85 69 86 30 15 4 36 3
internal_value=-0.0162992 -0.242723 -0.147189 0.0114615 -0.130135 -0.173878 0.0546483 0.397038 0.580847 0.028877 0.107291 -0.0632937 -0.128029 -0.0933641 0.098547 -0.186859 0.71557
internal_weight=586 64 61 522 122 116 400 28 24 372 201 171 111 58 19 39 6
internal_count=586 64 61 522 122 116 400 28 24 372 201 171 111 58 19 39 6
is_linear=0
shrinkage=0.05


Tree=137
num_leaves=20
num_cat=0
split_feature=8 2 2 3 2 3 2 2 0 3 2 7 0 0 0 7 7 1 2
split_gain=849.846 1622.1 4764.1 2280.56 4547.98 3726.89 1571.38 2611.38 3697.9 2055.6 2004.21 1828.09 1968.2 1611.13 1329.13 1009.18 824.011 1433.58 404.247
threshold=4.5000000000000009 2595.7850000000003 3164.0600000000004 1.1500765696821804 4225.4150000000009 1.1248490258372097 4149.2000000000007 3967.5600000000009 32101.795000000002 1.1545467218162948 1804.3950000000002 3.5000000000000004 31514.185000000001 31413.460000000003 31626.660000000003 1.5000000000000002 5.5000000000000009 33286.06500000001 5022.7350000000015
decision_type=2 2 2 2 2 2 2 2 2 2 2 2 2 2 2 2 2 2 2
left_child=6 -2 -3 5 -5 -4 7 8 10 15 -1 12 13 -8 -14 -9 17 -13 -18
right_child=1 2 3 4 -6 -7 11 9 -10 -11 -12 16 14 -15 -16 -17 18 -19 -20
leaf_value=1.3478288491566977 1.2413566629091899 -1.6380167603492737 0.097057890519499784 -0.18068814827845645 1.0783728424459695 -0.85599980516867213 -0.20343077006270582 1.2781297763188681 -1.7077530384063722 -0.46756157875061038 0.031759876100185477 0.043410988716299045 -1.1821341931819911 0.53317141830921178 -0.37423770598002842 0.32363427281379703 -0.51128721237182617 0.65864920751615008 -0.07598205874674023
leaf_weight=2.9999999999999991 2.9999999999999991 3.9999999999999991 152 13.000000000000002 15.999999999999998 10.999999999999998 103 8.9999999999999982 2.9999999999999991 2.9999999999999991 81 68 8.0000000000000018 7.9999999999999991 13.999999999999998 3.9999999999999991 5.9999999999999991 10.999999999999998 48
leaf_count=3 3 4 152 13 16 11 103 9 3 3 81 68 8 8 14 4 6 11 48
internal_value=0.00422438 0.0875067 0.0698457 0.105426 0.513966 0.0327411 -0.0406894 0.125124 0.0171584 0.712189 0.0787623 -0.104895 -0.235973 -0.150342 -0.668018 0.984439 0.0261822 0.129077 -0.124349
internal_weight=568 199 196 192 29 163 369 103 87 16 84 266 133 111 22 13 133 79 54
internal_count=568 199 196 192 29 163 369 103 87 16 84 266 133 111 22 13 133 79 54
is_linear=0
shrinkage=0.05


Tree=138
num_leaves=12
num_cat=0
split_feature=2 3 2 0 4 0 2 6 7 7 0
split_gain=1960.61 1120.05 11982.3 1379.21 1830.71 993.075 851.744 398.879 314.61 244.961 201.301
threshold=1804.3950000000002 0.95973312857638216 10647.320000000002 29557.145000000004 35397.500000000007 31172.790000000005 18532.700000000001 82.500000000000014 1.5000000000000002 2.5000000000000004 30484.650000000005
decision_type=2 2 2 2 2 2 2 2 2 2 2
left_child=-1 6 3 9 -5 -4 7 10 -9 -3 -2
right_child=1 2 5 4 -6 -7 -8 8 -10 -11 -12
leaf_value=-1.0905443906784058 -0.068502439544625732 0.032753875851631128 2.9286050478617351 0.29548761787322853 0.0024447562947013494 1.6420884450276689 -0.91810878117879247 0.26317395784638148 -0.025042559754322558 -0.45959696769714359 -0.21209274040251647
leaf_weight=3.9999999999999991 52 3.0000000000000027 2.9999999999999991 65 296 3 2.9999999999999991 10.999999999999998 68 15.999999999999998 46
leaf_count=4 52 3 3 65 296 3 3 11 68 16 46
internal_value=0.0125338 0.0203294 0.0683604 0.0333554 0.0552087 2.28535 -0.0826706 -0.0685106 0.0150889 -0.381857 -0.135902
internal_weight=570 566 386 380 361 6 180 177 79 19 98
internal_count=570 566 386 380 361 6 180 177 79 19 98
is_linear=0
shrinkage=0.05


Tree=139
num_leaves=15
num_cat=0
split_feature=2 5 3 3 0 3 0 0 1 4 1 0 0 7
split_gain=2813.13 983.494 3971.42 3539.81 3858.99 912.417 902.556 816.478 3614.93 1825.64 2857.72 773.303 438.169 176.626
threshold=1804.3950000000002 18.500000000000004 1.0810020388213359 1.0879439336825663 31026.525000000005 1.058193019856128 30401.690000000006 29386.195000000003 30579.380000000005 33797.500000000007 30672.995000000006 30655.355000000007 30324.985000000004 5.5000000000000009
decision_type=2 2 2 2 2 2 2 2 2 2 2 2 2 2
left_child=-1 2 5 -4 -5 12 -7 8 13 10 -9 -11 -2 -3
right_child=1 7 3 4 -6 6 -8 9 -10 11 -12 -13 -14 -15
leaf_value=1.2067622661590578 -0.15416419128464029 -0.14345703838126997 1.8449290096759796 0.10142397725582122 1.015817120075226 -1.3200047810872393 -0.22300528407096862 0.043671802195409934 -1.9222825209299725 -0.1733027896277376 0.7472965535364654 -0.0057090007456388906 0.13315061211193865 0.21905958652496338
leaf_weight=4.9999999999999991 44 21.000000000000007 3.9999999999999991 50 14.999999999999998 3 5 60 2.9999999999999991 97 19 237 19 3.9999999999999991
leaf_count=5 44 21 4 50 15 3 5 60 3 97 19 237 19 4
internal_value=0.0258463 0.0156835 0.131141 0.401278 0.312438 -0.131386 -0.63438 -0.0209698 -0.282257 -0.00325535 0.212898 -0.0543814 -0.0675137 -0.0854544
internal_weight=586 581 140 69 65 71 8 441 28 413 79 334 63 25
internal_count=586 581 140 69 65 71 8 441 28 413 79 334 63 25
is_linear=0
shrinkage=0.05


Tree=140
num_leaves=22
num_cat=0
split_feature=8 2 3 4 3 3 3 2 4 3 1 2 2 3 4 1 6 3 3 3 1
split_gain=761.13 2811.44 4000.22 6908.3 3681.46 3517.49 1875.99 1741.19 1917.93 7093.71 1810.14 2132.11 1542.7 1317.7 844.561 2155.77 884.354 826.441 1325.51 1037.5 793.101
threshold=4.5000000000000009 2687.8350000000005 1.1500765696821804 37941.500000000007 1.1248490258372097 1.0818691036941752 1.1623153717739958 4149.2000000000007 35987.500000000007 1.1358994381720218 35213.480000000003 4497.3850000000011 4737.3700000000008 1.1370363341123151 36220.000000000007 37188.170000000006 81.500000000000014 1.1242874489886032 1.2037547151146779 1.0549729481239807 38993.790000000008
decision_type=2 2 2 2 2 2 2 2 2 2 2 2 2 2 2 2 2 2 2 2 2
left_child=7 -2 4 6 5 -3 -4 8 9 -1 11 -9 -13 -6 15 -12 -16 19 -19 -10 -5
right_child=1 2 3 20 13 -7 -8 10 17 -11 14 12 -14 -15 16 -17 -18 18 -20 -21 -22
leaf_value=-0.60606898069381698 -1.4356806238492332 0.0011184845692836323 0.46926404237747149 0.3932140445709229 -1.493657550811768 0.89235683043176928 1.7337240568616175 1.2835407773653666 -0.16045375083174018 2.3717043399810787 -0.99535528238003046 -1.0314300864934922 -0.040012370228419282 -0.34574767589569089 -0.087484555111991047 0.15042463143666585 -0.71813925334385464 -0.21355989897573316 0.22589110694825651 0.57673825462659201 -0.3780352902412415
leaf_weight=4 2.9999999999999991 143 4.0000000000000027 4.9999999999999991 4.9999999999999982 11.999999999999998 10.999999999999998 2.9999999999999991 7.0000000000000027 4 13.000000000000002 3.9999999999999991 206 5 27 5.9999999999999991 6.9999999999999991 37 32 14.999999999999998 9.9999999999999982
leaf_count=4 3 143 4 5 5 12 11 3 7 4 13 4 206 5 27 6 7 37 32 15 10
internal_value=0.00438962 0.0833227 0.106692 0.637791 0.0101285 0.0701176 1.39653 -0.0384289 0.140578 0.882818 -0.105052 -0.0399889 -0.0588965 -0.919703 -0.366531 -0.63353 -0.217325 0.0753263 -0.00975653 0.342177 -0.120952
internal_weight=563 198 195 30 165 155 15 365 99 8 266 213 210 10 53 19 34 91 69 22 15
internal_count=563 198 195 30 165 155 15 365 99 8 266 213 210 10 53 19 34 91 69 22 15
is_linear=0
shrinkage=0.05


Tree=141
num_leaves=14
num_cat=0
split_feature=3 4 2 2 4 0 3 5 1 0 2 3 0
split_gain=887.311 5264.69 2630.55 2258.23 1791.04 3136.47 1364.69 7583.25 1337.68 891.399 599.249 150.064 6.71025
threshold=1.1292790347931108 35134.500000000007 7248.6750000000011 6057.6200000000008 37657.000000000007 30839.915000000005 1.1208058883715373 18.500000000000004 37366.465000000004 31859.145000000004 4225.4150000000009 1.1248490258372097 31514.185000000001
decision_type=2 2 2 2 2 2 2 2 2 2 2 2 2
left_child=4 -2 3 8 6 -6 9 -8 -3 10 -1 -9 -7
right_child=1 2 -4 -5 5 12 7 11 -10 -11 -12 -13 -14
leaf_value=0.23957070185989143 -1.9022172570228577 -0.17351363657736313 -1.3334415316581727 1.1377727746963502 2.0434530362486849 0.010529732704162596 2.7125775655110678 -0.0075383150577545176 0.1289042914122866 -0.66910221576690676 -0.013514149263911668 -0.4184182167053222 0.11628299554189044
leaf_weight=25 3.9999999999999991 102 3.9999999999999991 3.9999999999999991 2.9999999999999982 3 2.9999999999999991 4.9999999999999982 57 4.9999999999999991 363 4 3
leaf_count=25 4 102 4 4 3 3 3 5 57 5 363 4 3
internal_value=-0.0137899 -0.109605 -0.0666678 -0.0355813 0.0257857 0.723422 0.0102827 0.535531 -0.0650997 -0.00575542 0.00279286 -0.190152 0.0634064
internal_weight=585 171 167 163 414 9 405 12 159 393 388 9 6
internal_count=585 171 167 163 414 9 405 12 159 393 388 9 6
is_linear=0
shrinkage=0.05


Tree=142
num_leaves=20
num_cat=0
split_feature=6 0 0 0 1 0 2 0 0 0 0 1 2 1 1 7 0 0 3
split_gain=1181.3 3288.04 1523.8 1499.83 1432.57 695.448 2533.31 1014.34 631.632 2879.44 2740.57 6400.87 1735.17 839.656 421.066 393.515 342.623 87.3454 60.0365
threshold=73.500000000000014 29280.590000000004 29881.155000000002 30581.470000000005 34328.145000000011 29632.210000000003 5073.3900000000003 29557.145000000004 31859.145000000004 31927.960000000003 31780.940000000006 37366.465000000004 3207.5950000000007 38714.475000000013 36234.655000000006 5.5000000000000009 29557.145000000004 29717.425000000007 1.0926270949019907
decision_type=2 2 2 2 2 2 2 2 2 2 2 2 2 2 2 2 2 2 2
left_child=1 -1 16 4 -4 6 -2 15 10 14 13 -12 -11 -7 -10 -8 18 -18 -3
right_child=5 2 3 -5 -6 8 7 -9 9 12 11 -13 -14 -15 -16 -17 17 -19 -20
leaf_value=1.4643038702011109 -1.6081579009691875 -0.40556402901808375 1.1544779436928887 -0.51198249657948813 -0.15144623915354408 0.0038950493898695319 -0.1208735191430419 -1.0036299467086793 -0.78906820615132656 -0.74686771233876503 -0.16888233780860898 2.7525037686030061 0.21726630117212023 -0.43852491920644587 -1.6267891883850094 0.26409261971712111 0.14434161980946864 -0.18608493606249488 -0.72188806533813465
leaf_weight=4.9999999999999991 2.9999999999999991 3.0000000000000027 6.9999999999999982 2.9999999999999991 3 428 39 2.9999999999999991 2.9999999999999991 6.0000000000000027 5 3 21 10.999999999999998 3 7.9999999999999991 2.9999999999999982 6 3
leaf_count=5 3 3 7 3 3 428 39 3 3 6 5 3 21 11 3 8 3 6 3
internal_value=-0.00706666 0.283234 0.0723292 0.468543 0.762701 -0.0250403 -0.196919 -0.112244 -0.00606204 -0.217157 0.00952216 0.926637 0.0030143 -0.00719064 -1.20793 -0.0553474 -0.271056 -0.0759428 -0.563726
internal_weight=566 33 28 13 10 533 53 50 480 33 447 8 27 439 6 47 15 9 6
internal_count=566 33 28 13 10 533 53 50 480 33 447 8 27 439 6 47 15 9 6
is_linear=0
shrinkage=0.05


Tree=143
num_leaves=16
num_cat=0
split_feature=4 0 4 2 0 0 6 0 1 4 2 1 1 0 1
split_gain=1281.53 2805.39 985.136 1587.85 1368.59 1058.57 945.103 943.915 4098.04 968.886 3071.31 766.876 258.404 150.106 95.4773
threshold=38215.000000000007 31536.125000000004 37941.500000000007 3732.5650000000005 31754.040000000005 32028.415000000005 77.500000000000014 29386.195000000003 30935.880000000005 33797.500000000007 5713.8200000000006 38993.790000000008 33109.115000000013 29354.435000000005 40693.320000000007
decision_type=2 2 2 2 2 2 2 2 2 2 2 2 2 2 2
left_child=2 12 7 5 -5 6 -4 8 13 10 -9 -11 -2 -1 -7
right_child=1 -3 3 4 -6 14 -8 9 -10 11 -12 -13 -14 -15 -16
leaf_value=-0.13588941602134391 -0.42239831884702062 1.5662029504775998 0.24670033454895007 -0.39843663692474363 -1.749281299114227 0.6803541421890259 -0.42833630118519067 1.7090967496236165 -2.0234055836995442 -0.052547948326386464 0.087409924353481439 0.33879385819801922 0.16457546710968016 0.23148413797219597 0.28144451777140289
leaf_weight=38 2.9999999999999982 4 7.0000000000000027 5 3 2.9999999999999991 20 2.9999999999999991 2.9999999999999991 338 109 12.999999999999998 5 2.9999999999999991 3
leaf_count=38 3 4 7 5 3 3 20 3 3 338 109 13 5 3 3
internal_value=-0.026099 0.485041 -0.0372918 -0.273035 -0.905003 -0.119831 -0.253327 -0.0182278 -0.239536 0.00280364 0.130848 -0.0380538 -0.0555397 -0.109008 0.480899
internal_weight=560 12 548 41 8 33 27 507 44 463 112 351 8 41 6
internal_count=560 12 548 41 8 33 27 507 44 463 112 351 8 41 6
is_linear=0
shrinkage=0.05


Tree=144
num_leaves=11
num_cat=0
split_feature=2 0 4 1 0 6 0 6 4 3
split_gain=2564.56 598.552 4780.23 1967.64 1849 1601.69 1044.24 1228.5 2809.85 1627.91
threshold=1804.3950000000002 30930.560000000001 32625.000000000004 28081.390000000003 30942.645000000004 84.500000000000014 30912.530000000002 73.500000000000014 37657.000000000007 1.1587804532921291
decision_type=2 2 2 2 2 2 2 2 2 2
left_child=-1 6 3 -3 -4 -6 7 8 -2 -9
right_child=1 2 4 -5 5 -7 -8 9 -10 -11
leaf_value=1.1390181636810304 0.082831939952126871 0.54923132260640461 1.2588402032852173 2.3601428349812816 0.038848013299352988 -0.57932613004337663 -0.97178109486897801 -0.11175390265733004 1.49647373855114 0.26188462882330926
leaf_weight=4.9999999999999991 29 2.9999999999999991 2.9999999999999991 3 221 10.999999999999998 2.9999999999999991 250 3.9999999999999991 33
leaf_count=5 29 3 3 3 221 11 3 250 4 33
internal_value=0.0116619 0.00159618 0.0610683 1.45469 0.0254866 0.00953803 -0.0433342 -0.0345198 0.254182 -0.0681847
internal_weight=565 560 241 6 235 232 319 316 33 283
internal_count=565 560 241 6 235 232 319 316 33 283
is_linear=0
shrinkage=0.05


Tree=145
num_leaves=14
num_cat=0
split_feature=2 7 2 2 2 1 1 1 2 2 3 1 3
split_gain=1300.97 524.578 1496.94 10331.2 1712.91 1210.96 842.267 2769 2187.49 1832.07 774.731 452.079 214.48
threshold=18407.930000000004 4.5000000000000009 4548.0250000000005 3732.5650000000005 4790.5100000000011 40059.10500000001 38898.225000000006 38598.990000000005 2687.8350000000005 2471.6800000000007 1.1040998788478005 39257.420000000006 1.232422692668351
decision_type=2 2 2 2 2 2 2 2 2 2 2 2 2
left_child=1 6 3 5 -4 -3 7 9 11 -1 -6 -8 -9
right_child=-2 2 4 -5 10 -7 8 12 -10 -11 -12 -13 -14
leaf_value=0.65024562776088723 -0.89433543384075165 -0.57957388361295081 0.99565680027008063 -3.1474424362182618 -0.012418088906219808 0.65074941118558238 0.49113833010196695 -0.74146795272827148 1.6188076178232831 0.023221283647136059 -0.4061713005815234 -0.19509462515513099 -1.3393533706665037
leaf_weight=11.999999999999998 3.9999999999999991 2.9999999999999982 3.9999999999999991 2.9999999999999991 116 6 3.9999999999999982 2.9999999999999991 2.9999999999999991 399 13.999999999999998 6 3
leaf_count=12 4 3 4 3 116 6 4 3 3 399 14 6 3
internal_value=0.00427245 0.0105128 -0.0713755 -0.606379 -0.0234647 0.240642 0.0383167 0.0259611 0.434647 0.0415286 -0.0548223 0.0793986 -1.04041
internal_weight=580 576 146 12 134 9 430 417 13 411 130 10 6
internal_count=580 576 146 12 134 9 430 417 13 411 130 10 6
is_linear=0
shrinkage=0.05


Tree=146
num_leaves=16
num_cat=0
split_feature=0 0 1 2 6 4 1 3 5 3 2 0 2 0 3
split_gain=2437.1 5443.07 3341.73 2520.12 2125.41 3736 910.068 899.287 5370.95 4276.97 833.806 700.439 244.994 167.066 133.884
threshold=31859.145000000004 31780.940000000006 37366.465000000004 1804.3950000000002 78.500000000000014 37941.500000000007 35598.070000000007 1.234975698203449 20.500000000000004 1.2305877188387628 3440.0800000000004 31558.700000000001 4149.2000000000007 31836.315000000006 1.1545467218162948
decision_type=2 2 2 2 2 2 2 2 2 2 2 2 2 2 2
left_child=1 7 13 -2 5 14 -6 9 12 11 -8 -1 -9 -3 -5
right_child=3 2 -4 4 6 -7 10 8 -10 -11 -12 -13 -14 -15 -16
leaf_value=0.0089206135352530216 -1.8213848114013651 0.85576127370198596 2.5682605902353917 -0.050178906321525545 -0.61309897899627641 -2.3484889666239415 -0.48174587090810139 0.099067113229206583 -2.2846488729119301 1.4630665969848633 0.46866950213909153 -0.22922147828521153 -0.34463306069374089 0.36216489076614372 -0.49204645156860338
leaf_weight=480 3.0000000000000027 2.9999999999999982 3 4.0000000000000018 4.0000000000000027 3 2.9999999999999991 14.000000000000005 2.9999999999999991 4.9999999999999991 9.9999999999999982 33 3.9999999999999991 4 3
leaf_count=480 3 3 3 4 4 3 3 14 3 5 10 33 4 4 3
internal_value=-0.00775356 0.0162261 1.17207 -0.44658 -0.293824 -0.872232 0.0464154 -0.00521822 -0.325978 0.00778556 0.249343 -0.00639847 0.000467075 0.573706 -0.239551
internal_weight=579 549 10 30 27 10 17 539 21 518 13 513 18 7 7
internal_count=579 549 10 30 27 10 17 539 21 518 13 513 18 7 7
is_linear=0
shrinkage=0.05


Tree=147
num_leaves=8
num_cat=0
split_feature=2 3 4 3 0 4 6
split_gain=2463.3 1133.36 634.981 6330.81 2925.99 2497.45 1400.38
threshold=1804.3950000000002 0.56448626136144153 35397.500000000007 1.1496117951323483 29354.435000000005 35134.500000000007 73.500000000000014
decision_type=2 2 2 2 2 2 2
left_child=-1 -2 3 5 -4 -3 -6
right_child=1 2 4 -5 6 -7 -8
leaf_value=1.0999098777770997 -0.98402362664540621 -0.04033539728840925 1.2875894624739885 1.8116276741027832 -0.50151382552252877 0.48741223740577699 -0.047327318170455976
leaf_weight=4.9999999999999991 2.9999999999999991 217 3.9999999999999991 4.9999999999999991 18 25 297
leaf_count=5 3 217 4 5 18 25 297
internal_value=-0.00504349 -0.0147531 -0.00961562 0.0505695 -0.0562166 0.014184 -0.0732808
internal_weight=574 569 566 247 319 242 315
internal_count=574 569 566 247 319 242 315
is_linear=0
shrinkage=0.05


Tree=148
num_leaves=16
num_cat=0
split_feature=2 1 2 2 1 3 6 2 3 0 0 1 0 8 6
split_gain=674.211 3248.74 2980.56 4140.28 2794.11 2545.34 11614.8 1413.32 942.067 4821.69 2681.55 1048.29 2472.52 1567.67 27.6228
threshold=3832.8450000000007 38714.475000000013 3732.5650000000005 3795.4650000000006 37774.35500000001 1.1885024806116615 73.500000000000014 4149.2000000000007 1.2037547151146779 31873.325000000001 31712.170000000002 38714.475000000013 32028.415000000005 4.5000000000000009 86.500000000000014
decision_type=2 2 2 2 2 2 2 2 2 2 2 2 2 2 2
left_child=2 4 8 -4 5 7 -7 -2 9 10 -1 13 -13 -10 -5
right_child=1 -3 3 14 -6 6 -8 -9 11 -11 -12 12 -14 -15 -16
leaf_value=-0.20912169394669708 0.34947386230031652 1.4544888496398927 -2.4936896165212001 -0.32603140672047926 -1.4975064118703207 -0.74044681549072289 2.8743422031402583 -0.0051170110683636492 0.15180104609676881 -2.1293975075085956 1.1780542373657228 -0.55022975664872376 0.56697515547275545 1.1468412232398986 -0.1114668806393941
leaf_weight=27.000000000000004 30 3.9999999999999991 2.9999999999999982 3 2.9999999999999991 4.9999999999999982 4 444 19.000000000000004 2.9999999999999991 3.9999999999999991 13.000000000000002 7.9999999999999991 4.9999999999999991 3
leaf_count=27 30 4 3 3 3 5 4 444 19 3 4 13 8 5 3
internal_value=0.0124883 0.0353731 -0.114938 -0.977063 0.0236932 0.0331416 0.866126 0.0173254 -0.0167218 -0.215361 -0.0301313 0.133361 -0.124628 0.359101 -0.218749
internal_weight=578 490 88 9 486 483 9 474 79 34 31 45 21 24 6
internal_count=578 490 88 9 486 483 9 474 79 34 31 45 21 24 6
is_linear=0
shrinkage=0.05


Tree=149
num_leaves=25
num_cat=0
split_feature=7 3 2 2 2 6 3 3 3 3 0 3 0 0 2 8 7 2 6 2 0 3 6 1
split_gain=866.206 1993.69 2846.53 5889.09 1487.29 964.868 1851.35 3456.57 3377.97 1907.43 834.356 803.805 701.301 2136.53 1666 685.444 560.471 370.775 359.744 277.767 253.836 180.502 168.556 104.325
threshold=5.5000000000000009 1.1040998788478005 3732.5650000000005 4548.0250000000005 6289.255000000001 74.500000000000014 1.0818691036941752 1.138378225421983 1.1040998788478005 1.187592086650729 30502.150000000005 1.0316030963644132 31859.145000000004 31780.940000000006 3510.6750000000006 4.5000000000000009 2.5000000000000004 3940.3250000000003 74.500000000000014 10002.670000000002 28826.010000000006 1.0544751768589771 87.500000000000014 40539.980000000003
decision_type=2 2 2 2 2 2 2 2 2 2 2 2 2 2 2 2 2 2 2 2 2 2 2 2
left_child=5 15 23 -4 -5 6 20 8 -8 -9 11 16 13 -12 -14 18 -7 -13 -2 -17 -1 -22 -20 -3
right_child=1 2 3 4 -6 10 7 9 -10 -11 12 17 14 -15 -16 19 -18 -19 22 -21 21 -23 -24 -25
leaf_value=0.34264930089314743 -0.57396907011667897 0.58446029027302993 -2.8508046785990366 -0.2051548155454489 -1.4402352015177409 0.15524263872365868 0.58009905263781525 -0.70673804481824209 2.2993204832077025 0.4015343815765598 0.054994420634749332 -0.10666497479314391 -0.91986963748931838 0.79992165565490725 0.030086923092603687 0.74613580703735372 -0.099815442798925305 -0.38226067715396106 -0.041831791050957912 0.18712972402572631 -0.080117674006356124 -0.45144445896148683 0.30184982717037201 0.19440738856792447
leaf_weight=3.0000000000000027 2.9999999999999991 3.0000000000000027 3.0000000000000027 12.999999999999998 2.9999999999999991 35 10.000000000000002 6.0000000000000027 3.9999999999999991 10.999999999999998 257 23 6.0000000000000027 9.9999999999999982 20 3.9999999999999982 56 26 33 5 18.000000000000004 3.9999999999999991 3.9999999999999991 4
leaf_count=3 3 3 3 13 3 35 10 6 4 11 257 23 6 10 20 4 56 26 33 5 18 4 4 4
internal_value=0.0117694 -0.146452 -0.500351 -0.817902 -0.436732 0.0360365 0.231335 0.489507 1.07131 0.0103794 0.0107784 -0.0896303 0.0587553 0.0828943 -0.189134 0.0413313 -0.00171618 -0.252899 -0.0473739 0.435577 -0.0887979 -0.147632 -0.00467702 0.361573
internal_weight=564 75 26 19 16 489 56 31 14 17 433 140 293 267 26 49 91 49 40 9 25 22 37 7
internal_count=564 75 26 19 16 489 56 31 14 17 433 140 293 267 26 49 91 49 40 9 25 22 37 7
is_linear=0
shrinkage=0.05


Tree=150
num_leaves=25
num_cat=0
split_feature=0 3 8 4 2 0 0 2 2 2 2 2 2 6 3 2 7 3 3 7 0 2 2 0
split_gain=1200.22 1644.69 1504.03 1215.45 4164.43 2813.66 2070.29 1439.99 1339.12 959.136 2954.54 1911.93 1431.62 1336.97 767.643 358.177 303.362 302.632 278.101 170.751 119.574 114.523 62.0781 48.7043
threshold=29646.715000000004 1.058193019856128 4.5000000000000009 35397.500000000007 7473.1050000000005 30359.030000000002 29926.410000000003 4966.8700000000008 7898.4650000000011 4625.3050000000012 4548.0250000000005 4737.3700000000008 4356.8350000000009 79.500000000000014 0.95973312857638216 7140.0200000000013 5.5000000000000009 1.0662327356161481 0.87854187790740246 2.5000000000000004 29008.035000000003 5073.3900000000003 10090.415000000003 28738.675000000003
decision_type=2 2 2 2 2 2 2 2 2 2 2 2 2 2 2 2 2 2 2 2 2 2 2 2
left_child=1 16 15 4 5 6 -2 -7 -6 10 12 -11 -5 -13 -10 21 19 -4 23 22 -21 -3 -1 -18
right_child=3 2 17 9 8 7 -8 -9 14 11 -12 13 -14 -15 -16 -17 18 -19 -20 20 -22 -23 -24 -25
leaf_value=0.19095449745655066 0.52670388221740694 -0.32269296050071727 -0.93130575021107997 0.040345636643762665 -1.0425350189208984 -0.10121823495084586 1.904298663139343 0.75158171421951714 -0.031470118930866556 -1.3826037724812827 1.3838649153709413 -0.25178786135771697 -0.75002745389938363 0.024727727548840145 0.23877350701527164 -0.74215985933939599 -0.15587987502415979 -1.641507315635681 0.57617398897806793 -0.3280783748084849 -0.12458154566231228 0.085979728400707223 -0.055965579620429445 0.12903022368748981
leaf_weight=3.9999999999999982 5.0000000000000018 2.9999999999999982 2.9999999999999991 127 2.9999999999999991 11.000000000000002 6 8.9999999999999982 129 2.9999999999999991 3.9999999999999991 85 5.9999999999999991 90 33 3 2.9999999999999982 3 3 10.999999999999998 21 4 7 3
leaf_count=4 5 3 3 127 3 11 6 9 129 3 4 85 6 90 33 3 3 3 3 11 21 4 7 3
internal_value=-0.0199254 -0.217266 -0.660567 0.00633528 0.104094 0.635811 1.27812 0.282542 0.00419561 -0.0544924 0.0449576 -0.131035 0.00468971 -0.10958 0.0235795 -0.285064 -0.0808662 -1.28641 0.183108 -0.136117 -0.194534 -0.0891657 0.0338235 -0.0134248
internal_weight=579 68 16 511 196 31 11 20 165 315 137 178 133 175 162 10 52 6 9 43 32 7 11 6
internal_count=579 68 16 511 196 31 11 20 165 315 137 178 133 175 162 10 52 6 9 43 32 7 11 6
is_linear=0
shrinkage=0.05


Tree=151
num_leaves=27
num_cat=0
split_feature=4 1 6 6 7 0 6 0 1 0 0 6 0 0 7 2 8 7 1 0 0 6 4 2 2 2
split_gain=989.771 3877.99 2104.1 2208.97 2190.02 2163.81 1045.96 2218.43 666.727 559.32 534.538 1280.84 1701.25 959.015 716.119 2443.48 388.31 607.709 1377.92 1159.18 411.445 386.833 290.303 217.876 157.744 28.0058
threshold=35397.500000000007 30672.995000000006 85.500000000000014 81.500000000000014 3.5000000000000004 30152.245000000003 73.500000000000014 30890.690000000002 34370.405000000006 29557.145000000004 30502.150000000005 75.500000000000014 31188.350000000002 30565.035000000003 3.5000000000000004 7571.7450000000008 4.5000000000000009 2.5000000000000004 29938.350000000002 30377.610000000004 30324.985000000004 82.500000000000014 34230.000000000007 6141.1450000000013 6789.6000000000013 8452.465000000002
decision_type=2 2 2 2 2 2 2 2 2 2 2 2 2 2 2 2 2 2 2 2 2 2 2 2 2 2
left_child=1 16 3 4 -3 -4 7 9 -5 25 14 12 -12 -13 15 -8 17 19 -19 -1 22 -22 -18 -11 -16 -2
right_child=6 2 5 8 -6 -7 10 -9 -10 23 11 13 -14 -15 24 -17 20 18 -20 -21 21 -23 -24 -25 -26 -27
leaf_value=0.47345092296600344 -0.62418508529662942 1.0785490691661834 2.2695256868998204 0.0096727296710014364 0.23883499150926416 0.57097434520721435 -0.14376659491714441 -1.6551577091217042 -0.78093243241310106 0.36226756572723401 -0.0083269298076629646 0.66621339559555059 1.0309801561491829 -0.034727582661205618 -0.11256216021720317 -1.4253408908843994 0.029615861283881325 -0.088840574036176151 0.86391975898295648 -0.63534789627248589 0.042102672457695008 0.37799901167551675 -0.22855309801442281 -0.13281842947006225 0.15014087177813054 -0.42209142744541162
leaf_weight=2.9999999999999991 3.0000000000000062 11.999999999999998 3 7.9999999999999982 22 5 53 2.9999999999999991 4 3.9999999999999982 8.9999999999999982 4.9999999999999991 6.9999999999999991 203 8.0000000000000018 3.9999999999999991 49 74 3.9999999999999991 10.999999999999998 20 14.999999999999998 13.999999999999998 5 20 4
leaf_count=3 3 12 3 8 22 5 53 3 4 4 9 5 7 203 8 4 49 74 4 11 20 15 14 5 20 4
internal_value=0.00935967 0.0856169 0.45952 0.329361 0.535205 1.20793 -0.0473683 -0.407443 -0.253862 -0.173496 -0.0252278 0.0152825 0.44637 -0.017878 -0.131984 -0.233702 -0.0206501 -0.0944239 -0.0399811 -0.397748 0.0486069 0.186058 -0.027755 0.0872198 0.0750829 -0.508703
internal_weight=572 244 54 46 34 8 328 19 12 16 309 224 16 208 85 57 190 92 78 14 98 35 63 9 28 7
internal_count=572 244 54 46 34 8 328 19 12 16 309 224 16 208 85 57 190 92 78 14 98 35 63 9 28 7
is_linear=0
shrinkage=0.05


Tree=152
num_leaves=14
num_cat=0
split_feature=2 4 0 6 0 6 4 6 0 3 2 3 2
split_gain=2321.62 879.301 1150.94 3752.11 1215.04 1911.5 1548.07 1043.96 4256.07 1456.65 1082.11 2241.75 1681.02
threshold=1804.3950000000002 37941.500000000007 31912.580000000005 78.500000000000014 31536.125000000004 78.500000000000014 38137.000000000007 74.500000000000014 31026.525000000005 1.0730127683517734 4158.9450000000006 1.234975698203449 4548.0250000000005
decision_type=2 2 2 2 2 2 2 2 2 2 2 2 2
left_child=-1 7 4 -4 6 -6 -3 8 9 -2 11 -9 -12
right_child=1 2 3 -5 5 -7 -8 10 -10 -11 12 -13 -14
leaf_value=1.0928969383239746 -0.1033063310198486 -1.322280502319336 -2.1170484224955244 0.22214524745941158 1.2381244897842412 -0.13204610432897296 -0.13442645277827978 0.32063067447055471 2.0583212534586592 0.3859519859711672 -0.45328950881958008 -0.46128131042827258 -0.002811566310757956
leaf_weight=4.9999999999999991 32 2.9999999999999991 2.9999999999999991 4 3.9999999999999982 7 32 55 2.9999999999999991 29 22 10.999999999999998 353
leaf_count=5 32 3 3 4 4 7 32 55 3 29 22 11 353
internal_value=0.0202826 0.0106714 -0.183073 -0.780366 -0.0921807 0.366198 -0.236243 0.031005 0.219715 0.129292 0.00361846 0.190312 -0.0292396
internal_weight=563 558 53 7 46 11 35 505 64 61 441 66 375
internal_count=563 558 53 7 46 11 35 505 64 61 441 66 375
is_linear=0
shrinkage=0.05


Tree=153
num_leaves=24
num_cat=0
split_feature=0 1 8 3 4 2 2 3 0 0 2 0 8 7 4 2 4 2 3 2 5 1 5
split_gain=939.234 2784.61 2715.84 540.304 2384.57 1702.91 5557.04 1264.04 763.864 1142.23 522.398 1870.46 513.916 400.178 354.377 242.94 142.948 141.915 109.592 292.53 96.2129 32.0933 35.6384
threshold=29596.770000000004 31244.920000000002 4.5000000000000009 0.95327796571409429 35397.500000000007 4625.3050000000012 4866.4500000000007 1.1358994381720218 30502.150000000005 30565.035000000003 18332.850000000002 30393.590000000004 4.5000000000000009 3.5000000000000004 35865.000000000007 14625.095000000001 36349.500000000007 8541.9000000000033 0.86076202698116477 12455.875000000002 18.500000000000004 29759.615000000002 20.500000000000004
decision_type=2 2 2 2 2 2 2 2 2 2 2 2 2 2 2 2 2 2 2 2 2 2 2
left_child=1 17 16 10 5 7 -7 -5 14 -10 12 -12 13 -2 -6 -14 -3 21 20 -20 -19 -1 -23
right_child=3 2 -4 4 8 6 -8 -9 9 -11 11 -13 15 -15 -16 -17 -18 18 19 -21 -22 22 -24
leaf_value=-0.32569961945215864 -0.30021748440019014 -0.61227347056070991 -2.2107183138529454 -0.64474049976893844 -0.67897135814030962 2.5404291788736981 0.33057489869269463 0.34426367680231729 0.63531139492988586 0.026693167266840082 -0.47180972099304203 1.2938137690226235 0.078984725033795389 -0.06097821362993934 -0.12212353058780233 -0.20160518338282907 -0.12416827479998267 -0.19869194775819771 0.012828929509435379 0.55689962903658552 0.011582794829326518 -0.27757243315378832 -0.066508552432060233
leaf_weight=2.9999999999999991 29 2.9999999999999982 3 6.9999999999999982 2.9999999999999991 2.9999999999999991 55 6 7.9999999999999991 212 2.9999999999999991 3 54 44 60 8.9999999999999982 3 8.0000000000000018 14.000000000000002 2.9999999999999991 17 2.9999999999999982 6
leaf_count=3 29 3 3 7 3 3 55 6 8 212 3 3 54 44 60 9 3 8 14 3 17 3 6
internal_value=0.0137158 -0.168138 -0.982387 0.0368141 0.0698656 0.328948 0.444878 -0.188277 0.00486614 0.0488247 -0.0455817 0.411002 -0.0657251 -0.156018 -0.14864 0.0389005 -0.368221 -0.0324295 0.010897 0.108841 -0.0557051 -0.184072 -0.136863
internal_weight=559 63 9 496 354 71 58 13 283 220 142 6 136 73 63 63 6 54 42 17 25 12 9
internal_count=559 63 9 496 354 71 58 13 283 220 142 6 136 73 63 63 6 54 42 17 25 12 9
is_linear=0
shrinkage=0.05


Tree=154
num_leaves=25
num_cat=0
split_feature=7 3 2 2 2 6 3 2 0 3 0 2 1 8 0 0 8 8 2 0 0 5 7 5
split_gain=610.401 1538.43 1876.76 5259.04 1306.28 652.219 2287.62 3680.56 2338.54 1156.06 639.171 1157.44 3910.98 923.76 2731.03 2194.84 770.986 595.766 437.628 201.939 1027.84 340.374 199.21 90.7411
threshold=5.5000000000000009 1.1040998788478005 3732.5650000000005 4225.4150000000009 6289.255000000001 74.500000000000014 1.0730127683517734 9285.9150000000027 29926.410000000003 1.058193019856128 31347.380000000005 2595.7850000000003 38003.990000000013 4.5000000000000009 31364.865000000002 31494.620000000006 4.5000000000000009 4.5000000000000009 12769.800000000001 30634.310000000001 30431.860000000004 18.500000000000004 4.5000000000000009 20.500000000000004
decision_type=2 2 2 2 2 2 2 2 2 2 2 2 2 2 2 2 2 2 2 2 2 2 2 2
left_child=5 17 23 -4 -5 6 9 8 -8 22 11 16 -13 14 -12 -15 -7 19 -19 20 -2 -21 -1 -3
right_child=1 2 3 4 -6 10 7 -9 -10 -11 13 12 -14 15 -16 -17 -18 18 -20 21 -22 -23 -24 -25
leaf_value=-0.15743187665939326 0.011332454963734273 0.088025410175323449 -2.6177388191223114 -0.14418375406946451 -1.2938931147257486 0.21000843892494836 -0.26306361903746917 2.1174906492233276 0.62850710318276759 -1.0966336250305175 1.1307191658020022 -0.037355887176267602 -1.4475059771537782 -0.44231071919202808 -0.076156352957089751 0.48660844410619425 1.1061725854873659 0.800648033618927 0.0017687797546386713 0.48634150624275163 -0.87050859928131108 -0.018911267146468166 0.14814865514636041 0.43585899670918771
leaf_weight=16.000000000000007 19.000000000000004 5.0000000000000018 3.0000000000000027 14.000000000000002 2.9999999999999991 11.999999999999998 12.000000000000002 2.9999999999999991 19 2.9999999999999991 4.9999999999999991 296 4.9999999999999991 7.9999999999999991 75 31 2.9999999999999991 3.9999999999999991 3 4.0000000000000027 3.9999999999999991 20 7.9999999999999991 3
leaf_count=16 19 5 3 14 3 12 12 3 19 3 5 296 5 8 75 31 3 4 3 4 4 20 8 3
internal_value=-0.00164659 -0.128018 -0.428777 -0.687673 -0.347074 0.0192454 0.172356 0.445216 0.283383 -0.171245 -0.00222531 -0.0394185 -0.0607803 0.0965399 -0.000726633 0.296061 0.389241 0.0279319 0.458271 -0.0361612 -0.142031 0.0652975 -0.0555717 0.218463
internal_weight=578 82 28 20 17 496 61 34 31 27 435 316 301 119 80 39 15 54 7 47 23 24 24 8
internal_count=578 82 28 20 17 496 61 34 31 27 435 316 301 119 80 39 15 54 7 47 23 24 24 8
is_linear=0
shrinkage=0.05


Tree=155
num_leaves=15
num_cat=0
split_feature=3 2 2 0 3 5 0 2 4 3 0 7 2 2
split_gain=948.04 2663.69 2822.16 3875.6 2180.52 3204.09 1979.64 1173.25 1084.53 4217.22 688.27 668.537 755.906 714.428
threshold=1.1242874489886032 7059.9650000000011 5915.1200000000008 30540.680000000004 1.1208058883715373 19.500000000000004 29596.770000000004 4625.3050000000012 37657.000000000007 1.0818691036941752 30385.870000000003 1.0000000180025095e-35 6289.255000000001 4096.1200000000008
decision_type=2 2 2 2 2 2 2 2 2 2 2 2 2 2
left_child=4 2 6 10 8 -6 -2 -8 11 -10 -4 13 -13 -1
right_child=1 -3 3 -5 5 -7 7 -9 9 -11 -12 12 -14 -15
leaf_value=-0.94781007766723635 -1.4058547496795655 -1.2549081087112428 0.51638581752777113 2.2349956353505447 2.1218962987263996 -0.18898147741953528 -0.030109732208879497 -0.32848402592870923 -0.56599076986312857 1.7299899160861967 -0.48547593752543117 0.17671403244137765 -0.018788498385521019 -0.14289520913187195
leaf_weight=2.9999999999999991 2.9999999999999991 4.9999999999999991 3.9999999999999982 3 2.9999999999999991 3 123 45 4 4 3 60 281 34
leaf_count=3 3 5 4 3 3 3 123 45 4 4 3 60 281 34
internal_value=-0.0235072 -0.116469 -0.0850207 0.73141 0.0206024 0.966457 -0.132765 -0.110031 0.00590001 0.582 0.0870165 -0.00629258 0.0156108 -0.208159
internal_weight=578 186 181 10 392 6 171 168 386 8 7 378 341 37
internal_count=578 186 181 10 392 6 171 168 386 8 7 378 341 37
is_linear=0
shrinkage=0.05


Tree=156
num_leaves=22
num_cat=0
split_feature=0 1 8 3 4 3 0 1 1 1 6 0 1 0 1 7 6 7 6 4 7
split_gain=1342.73 1637.01 1563.91 724.328 1192.56 2083.02 1790.81 930.722 4308.43 1647.5 915.736 964.888 466.264 340.578 246.344 237.643 127.12 108.621 81.3262 20.3126 3.67329
threshold=29596.770000000004 31244.920000000002 4.5000000000000009 0.81230364281544654 33797.500000000007 1.1532894769286688 31536.125000000004 37325.745000000003 37429.965000000004 36528.460000000014 75.500000000000014 29975.040000000005 16960.850000000002 29354.435000000005 32152.810000000001 5.5000000000000009 82.500000000000014 2.5000000000000004 73.500000000000014 33317.500000000007 1.0000000180025095e-35
decision_type=2 2 2 2 2 2 2 2 2 2 2 2 2 2 2 2 2 2 2 2 2
left_child=1 13 14 10 5 6 -5 9 -9 -6 11 -2 -12 17 -3 19 -14 20 -19 -15 -1
right_child=3 2 -4 4 7 -7 -8 8 -10 -11 12 -13 16 15 -16 -17 -18 18 -20 -21 -22
leaf_value=0.062657095243533453 -0.1912573413923383 -0.67144055366516131 -1.5682882964611051 0.09667380591364283 0.005102940921125741 1.5037268161773683 0.993934694925944 1.7685328483581544 0.069971694331616166 -0.38411991797387601 0.52356475591659546 -1.3774814685185746 -0.23381216198205942 0.095042248566945431 -0.072064417600631703 0.52858366966247539 -0.031205959338694814 -0.37422305345535278 -0.17000315057543608 -0.077069898135960088 -0.015587103366851802
leaf_weight=2.9999999999999991 3.9999999999999991 2.9999999999999982 4 76 290 2.9999999999999991 5.9999999999999991 3.9999999999999991 56 30 2.9999999999999991 3 15.000000000000002 2.9999999999999982 4 3 15.999999999999998 5.9999999999999991 26 4 3
leaf_count=3 4 3 4 76 290 3 6 4 56 30 3 3 15 3 4 3 16 6 26 4 3
internal_value=-0.00371646 -0.229447 -0.779612 0.0226038 0.0403673 0.209671 0.162327 0.00249685 0.183209 -0.0313867 -0.17886 -0.699639 -0.0716407 -0.103367 -0.32894 0.15626 -0.129241 -0.17169 -0.208294 -0.00330755 0.023535
internal_weight=565 59 11 506 465 85 82 380 60 320 41 7 34 48 7 10 31 38 32 7 6
internal_count=565 59 11 506 465 85 82 380 60 320 41 7 34 48 7 10 31 38 32 7 6
is_linear=0
shrinkage=0.05


Tree=157
num_leaves=15
num_cat=0
split_feature=0 0 1 2 2 1 8 2 0 1 2 1 1 2
split_gain=1498.9 3268.57 2211.93 4203 1441.31 1256.84 1242.13 1026.13 995.659 2020.26 711.108 631.529 492.191 313.407
threshold=32065.465000000004 32120.640000000003 38095.650000000009 3922.6700000000005 1804.3950000000002 39081.615000000013 4.5000000000000009 3732.5650000000005 31843.890000000003 36234.655000000006 4737.3700000000008 37483.625000000007 39517.895000000011 2629.0100000000007
decision_type=2 2 2 2 2 2 2 2 2 2 2 2 2 2
left_child=2 -2 4 5 -1 13 11 -8 10 -10 -6 -3 -7 -4
right_child=1 6 3 -5 8 12 7 -9 9 -11 -12 -13 -14 -15
leaf_value=1.1198779900868734 -1.9261825323104838 0.94925952752431297 1.131528790791827 2.2683213869730632 0.14476385621883728 -0.44626979976892484 0.050871932506561274 -1.0816754400730131 0.029316373169422157 -1.3469070613384244 0.0010772182848325805 -0.076677958170572894 0.20325169137545995 0.50562284390131629
leaf_weight=2.9999999999999991 3.0000000000000027 2.9999999999999973 3.0000000000000053 2.9999999999999991 109 4.9999999999999982 4 4 7.9999999999999982 4 410 3 7 6
leaf_count=3 3 3 3 3 109 5 4 4 8 4 410 3 7 6
internal_value=0.0340315 -0.428472 0.0481221 0.517696 0.0270177 0.267606 -0.107534 -0.515402 0.0208434 -0.429425 0.0312542 0.436291 -0.0673823 0.714258
internal_weight=575 17 558 24 534 21 14 8 531 12 519 6 12 9
internal_count=575 17 558 24 534 21 14 8 531 12 519 6 12 9
is_linear=0
shrinkage=0.05


Tree=158
num_leaves=20
num_cat=0
split_feature=1 5 0 0 0 1 7 0 6 8 0 6 6 4 3 1 3 0 1
split_gain=1516.23 3722.91 1775.53 1509.64 2236.47 898.046 4372.86 4357.29 1761.31 1173.2 1017.45 750.258 673.848 3477.96 674.312 2899.41 1169.37 624.148 497.042
threshold=38598.990000000005 20.500000000000004 31754.040000000005 32317.205000000005 31949.185000000001 36110.165000000008 1.0000000180025095e-35 31578.590000000004 73.500000000000014 4.5000000000000009 32120.640000000003 78.500000000000014 73.500000000000014 37487.500000000007 1.1587804532921291 35504.880000000005 1.1500765696821804 30135.455000000005 39227.465000000004
decision_type=2 2 2 2 2 2 2 2 2 2 2 2 2 2 2 2 2 2 2
left_child=5 2 18 4 -4 12 7 -7 -8 -10 -9 -5 13 17 16 -16 -14 -1 -2
right_child=1 -3 3 11 -6 6 8 10 9 -11 -12 -13 14 -15 15 -17 -18 -19 -20
leaf_value=-0.072992494973269359 0.89304733276367054 -1.7582118928432466 -0.19354835152626021 -0.67171099980672233 -1.9995156764984126 2.2018352890014654 -0.87347116708755501 -0.4478129824002583 -0.013973230214380636 0.56755237145857373 0.85439569950103744 0.27336260250636507 -0.0076232584771108308 1.8461822986602785 1.7067209551731726 -0.0061488066400800442 -0.4312295591129976 0.46907374858856205 0.10482028350234029
leaf_weight=22.000000000000004 4.0000000000000053 3.9999999999999991 4.0000000000000027 2.9999999999999982 3 4.9999999999999982 4.9999999999999991 3 41 10.999999999999998 3 7 391 2.9999999999999991 3.0000000000000027 13.999999999999998 17 6.9999999999999991 4
leaf_count=22 4 4 4 3 3 5 5 3 41 11 3 7 391 3 3 14 17 7 4
internal_value=0.0100266 -0.341921 -0.115315 -0.404373 -0.967534 0.0294675 0.198996 1.11172 0.0228565 0.109042 0.203291 -0.0101595 0.00424226 0.225507 -0.0124177 0.296122 -0.0252735 0.0578511 0.498934
internal_weight=554 29 25 17 7 525 68 11 57 52 6 10 457 32 425 17 408 29 8
internal_count=554 29 25 17 7 525 68 11 57 52 6 10 457 32 425 17 408 29 8
is_linear=0
shrinkage=0.05


Tree=159
num_leaves=16
num_cat=0
split_feature=4 4 0 0 0 0 0 0 1 0 0 6 6 3 7
split_gain=1043.66 3534.73 1243.81 863.919 754.651 1577.73 1375.24 726.9 2735.5 630.449 1590.27 426.413 1001.97 183.599 63.5809
threshold=37941.500000000007 37657.000000000007 31712.170000000002 30540.680000000004 32001.495000000003 32425.120000000003 31800.090000000004 29386.195000000003 30935.880000000005 32303.785000000003 31859.145000000004 77.500000000000014 73.500000000000014 1.0704900495505625 4.5000000000000009
decision_type=2 2 2 2 2 2 2 2 2 2 2 2 2 2 2
left_child=1 7 3 -3 6 -6 11 8 14 10 -9 12 -2 -13 -1
right_child=4 2 -4 -5 5 -7 -8 9 -10 -11 -12 13 -14 -15 -16
leaf_value=-0.13847638033679685 -0.68625160455703738 0.62703233957290672 0.11506753563880921 1.6128864479064937 1.1556322733561195 -0.29476233720779416 -1.3121180534362793 0.043155412912932699 -1.6367760419845583 0.59087138056755062 -0.49822709986141756 0.038901014626026111 0.22751756509145105 -0.37697814949180769 -0.01529878813096068
leaf_weight=20 3.9999999999999991 3.9999999999999982 3.9999999999999991 5 3 5 2.9999999999999991 436 2.9999999999999991 4.9999999999999991 13.999999999999998 3.0000000000000027 11.999999999999998 23 22
leaf_count=20 4 4 4 5 3 5 3 436 3 5 14 3 12 23 22
internal_value=0.0128966 0.03472 0.848679 1.17473 -0.198337 0.249136 -0.277888 0.013557 -0.178143 0.0325163 0.0263124 -0.204014 -0.000924727 -0.328992 -0.0739548
internal_weight=566 513 13 9 53 8 45 500 45 455 450 42 16 26 42
internal_count=566 513 13 9 53 8 45 500 45 455 450 42 16 26 42
is_linear=0
shrinkage=0.05


Tree=160
num_leaves=21
num_cat=0
split_feature=1 1 2 4 3 4 4 6 3 1 2 0 3 1 6 1 4 2 1 0
split_gain=1283.05 2224.4 1116.61 1073.52 1907.69 826.69 1604.96 2686.08 2060.56 811.166 835.448 726.9 609.761 1427.28 806.944 374.639 522.267 245.944 226.561 0.234902
threshold=38095.650000000009 39429.160000000011 3510.6750000000006 36890.000000000007 1.2305877188387628 37332.500000000007 37162.000000000007 74.500000000000014 1.1242874489886032 37728.740000000013 4625.3050000000012 31927.960000000003 1.2337958699915343 37698.220000000008 73.500000000000014 40059.10500000001 36890.000000000007 2595.7850000000003 40539.980000000003 30301.750000000004
decision_type=2 2 2 2 2 2 2 2 2 2 2 2 2 2 2 2 2 2 2 2
left_child=5 3 15 17 11 6 9 -8 -9 10 -1 -5 13 14 -7 16 -3 -2 -17 -14
right_child=1 2 -4 4 -6 12 7 8 -10 -11 -12 -13 19 -15 -16 18 -18 -19 -20 -21
leaf_value=-0.18808804410509766 -0.15615655779838544 0.30234726071357709 -0.97616682052612314 0.056394463777542127 1.8664537429809567 -0.70815651416778569 1.5855999946594226 0.56042384138474088 -0.45947051532566552 0.61861865043640141 0.0085175092091853664 1.0859880765279131 0.29266849664272743 -1.2561740001042685 -0.1081896580492749 0.69381553332010915 -0.46417101383209219 0.48408337831497178 0.079321920871734605 0.31117703119913731
leaf_weight=64 3.0000000000000027 4.0000000000000018 2.9999999999999991 3.9999999999999982 4 5.9999999999999991 4.0000000000000027 13.000000000000002 7.9999999999999991 4.9999999999999991 347 3 3.9999999999999991 2.9999999999999991 85 2.9999999999999991 5 3 3 3
leaf_count=64 3 4 3 4 4 6 4 13 8 5 347 3 4 3 85 3 5 3 3 3
internal_value=-0.00161805 0.291788 -0.0955863 0.701949 0.995396 -0.0205649 0.0089868 0.398086 0.171893 -0.0143966 -0.0220975 0.497649 -0.149598 -0.183123 -0.147748 0.0805298 -0.123496 0.163963 0.386569 0.300601
internal_weight=577 35 18 17 11 542 441 25 21 416 411 7 101 94 91 15 9 6 6 7
internal_count=577 35 18 17 11 542 441 25 21 416 411 7 101 94 91 15 9 6 6 7
is_linear=0
shrinkage=0.05


Tree=161
num_leaves=17
num_cat=0
split_feature=3 3 3 2 0 0 2 2 6 0 5 2 1 0 6 4
split_gain=630.305 3714.18 1576.04 1570.91 1179.11 1949.03 1693.44 1038.5 1239.49 1422 1199.37 392.382 293.944 263.373 193.695 93.1343
threshold=1.1955500705760556 1.188940285511052 1.2037547151146779 3122.3400000000006 32001.495000000003 31859.145000000004 2160.6250000000005 3732.5650000000005 82.500000000000014 31547.650000000005 18.500000000000004 4158.9450000000006 36110.165000000008 32174.495000000006 81.500000000000014 37941.500000000007
decision_type=2 2 2 2 2 2 2 2 2 2 2 2 2 2 2 2
left_child=1 4 3 -2 5 6 -1 8 14 -10 15 -7 -6 -14 -4 -9
right_child=2 -3 7 -5 12 11 -8 10 9 -11 -12 -13 13 -15 -16 -17
leaf_value=1.1866629759470622 -1.5016978263854985 1.3713251876831056 0.16706736763318381 -0.17230750977993009 0.97293968200683634 -0.49998564918835958 -0.0049899882292822164 -0.30694290002187108 -0.78475286364555374 0.23351745804150897 -1.1816855192184448 -1.3086699088414506 0.035511505603790273 0.69804865519205705 0.53747303485870368 0.061596003919839853
leaf_weight=2.9999999999999991 3.9999999999999982 4.9999999999999991 30 5 2.9999999999999982 2.9999999999999991 479 2.9999999999999982 7.9999999999999982 6 4 3 3 3 3.9999999999999991 4
leaf_count=3 4 5 30 5 3 3 479 3 8 6 4 3 3 3 4 4
internal_value=-0.00397294 0.0153784 -0.146831 -0.763148 0.00173706 -0.00872168 0.00242694 -0.0528168 0.0476041 -0.348351 -0.491017 -0.904328 0.568833 0.36678 0.210645 -0.0963492
internal_weight=570 502 68 9 497 488 482 59 48 14 11 6 9 6 34 7
internal_count=570 502 68 9 497 488 482 59 48 14 11 6 9 6 34 7
is_linear=0
shrinkage=0.05


Tree=162
num_leaves=10
num_cat=0
split_feature=2 3 2 3 2 2 2 3 3
split_gain=1078.57 613.005 444.091 1999.21 2889.83 1837.77 2797.52 1118.05 627.003
threshold=1804.3950000000002 0.56448626136144153 3862.1250000000005 1.1757830903046622 4074.8350000000005 3732.5650000000005 3795.4650000000006 1.1636411078018125 1.2441142558800566
decision_type=2 2 2 2 2 2 2 2 2
left_child=-1 -2 5 7 -5 8 -7 -4 -3
right_child=1 2 3 4 -6 6 -8 -9 -10
leaf_value=-0.73675265312194826 -0.61586932837963104 -0.10558393906872228 0.013982953445546651 1.9510464032491026 0.25997200598940257 -2.0045457839965821 -0.21415797360241415 -0.58244664222002029 0.20703112897665604
leaf_weight=4.9999999999999991 3.9999999999999991 53 441 3.0000000000000027 15.999999999999998 2.9999999999999991 7.9999999999999991 7.9999999999999991 23
leaf_count=5 4 53 441 3 16 3 8 8 23
internal_value=-0.00565385 0.000885491 0.00533057 0.0246145 0.526984 -0.0984038 -0.702446 0.00335615 -0.0109767
internal_weight=564 559 555 468 19 87 11 449 76
internal_count=564 559 555 468 19 87 11 449 76
is_linear=0
shrinkage=0.05


Tree=163
num_leaves=16
num_cat=0
split_feature=4 0 4 6 2 0 0 5 0 0 2 3 4 3 0
split_gain=1006.37 6045.53 2110.25 1736.08 6290.57 1230.71 1771.43 843.149 682.535 1310.13 2085.13 1221.66 2739.9 1457.97 610.441
threshold=37010.000000000007 29408.765000000003 37332.500000000007 75.500000000000014 7059.9650000000011 31536.125000000004 31800.090000000004 20.500000000000004 32303.785000000003 32101.795000000002 4598.8050000000012 1.1611281148768302 35987.500000000007 1.1500765696821804 30839.915000000005
decision_type=2 2 2 2 2 2 2 2 2 2 2 2 2 2 2
left_child=8 -2 3 4 -3 14 -7 -5 9 11 -11 13 -13 -1 -4
right_child=1 2 5 7 -6 6 -8 -9 -10 10 -12 12 -14 -15 -16
leaf_value=-0.040919281508615041 2.3338899771372481 2.3861508011817931 -0.01809924179512375 0.39476922157406813 -0.64266806046168001 0.71076485713322946 -0.073504997789859777 -0.11510412395000458 0.54454976797103882 -1.708638604482015 0.15555624961853023 1.2063676913579306 0.060562778338789938 -0.51577345553566434 -0.27872385764733337
leaf_weight=329 2.9999999999999991 3.9999999999999991 53 25 3 12.000000000000002 18 11.999999999999998 4.9999999999999991 2.9999999999999991 3 5.9999999999999991 40 17 39
leaf_count=329 3 4 53 25 3 12 18 12 5 3 3 6 40 17 39
internal_value=0.00695188 0.109366 0.0691637 0.366013 1.08809 -0.0378967 0.240203 0.229405 -0.035996 -0.0432893 -0.776541 -0.032066 0.210016 -0.0642503 -0.128581
internal_weight=572 169 166 44 7 122 30 37 403 398 6 392 46 346 92
internal_count=572 169 166 44 7 122 30 37 403 398 6 392 46 346 92
is_linear=0
shrinkage=0.05


Tree=164
num_leaves=13
num_cat=0
split_feature=1 1 2 2 1 1 6 3 2 6 6 3
split_gain=831.489 2024.87 1840.88 1679.51 940.548 816.896 984.962 607.52 3102.99 1313.27 421.596 265.782
threshold=38598.990000000005 38898.225000000006 3732.5650000000005 2031.0550000000003 40059.10500000001 38003.990000000013 83.500000000000014 1.1242874489886032 7059.9650000000011 73.500000000000014 78.500000000000014 1.232422692668351
decision_type=2 2 2 2 2 2 2 2 2 2 2 2
left_child=3 11 4 -1 10 7 -7 9 -9 -5 -3 -2
right_child=1 2 -4 5 -6 6 -8 8 -10 -11 -12 -13
leaf_value=1.1877735932668052 -0.75115232467651283 0.15453839093446717 -1.2155653794606529 0.37006537043131316 0.79836171865463257 -0.058963274955749517 1.2222873846689857 -0.054213077038088267 -1.4671559765934945 0.0025032489998666669 -0.35139569384711133 -1.4167124430338538
leaf_weight=2.9999999999999991 3.0000000000000027 10.000000000000009 2.9999999999999991 26 3.9999999999999991 2.9999999999999991 3 136 3.9999999999999991 372 6.9999999999999991 3
leaf_count=3 3 10 3 26 4 3 3 136 4 372 7 3
internal_value=-0.00607735 -0.262374 -0.0569848 0.00797916 0.108527 0.00147294 0.581662 -0.00499757 -0.0945829 0.0265148 -0.0537874 -1.08393
internal_weight=577 30 24 547 21 544 6 538 140 398 17 6
internal_count=577 30 24 547 21 544 6 538 140 398 17 6
is_linear=0
shrinkage=0.05


Tree=165
num_leaves=12
num_cat=0
split_feature=2 3 2 2 0 3 0 7 3 2 2
split_gain=632.341 661.643 2763.65 1853.1 3112.05 1221.86 1161.81 528.35 998.411 712.4 35.4547
threshold=18532.700000000001 1.1242874489886032 7059.9650000000011 5915.1200000000008 30540.680000000004 1.1208058883715373 29445.425000000003 1.0000000180025095e-35 1.0499045325223282 4096.1200000000008 5282.1100000000006
decision_type=2 2 2 2 2 2 2 2 2 2 2
left_child=1 5 3 6 -5 7 -3 9 -9 -1 -7
right_child=-2 2 -4 4 -6 10 -8 8 -10 -11 -12
leaf_value=-0.89881394704182949 -0.74429276784261067 -1.0811300198237102 -1.3937981966882944 0.048803448677062995 1.93716017405192 0.85137039820353189 -0.088320480699998788 -0.016729560183414174 0.1906081447475835 -0.099230649570624038 0.608283511797587
leaf_weight=2.9999999999999991 2.9999999999999991 2.9999999999999991 3.9999999999999991 7.9999999999999982 3 2.9999999999999991 166 246 76 39 3
leaf_count=3 3 3 4 8 3 3 166 246 76 39 3
internal_value=-0.0203366 -0.0164163 -0.0939015 -0.0650149 0.56381 0.022117 -0.105944 0.0104514 0.0322073 -0.156344 0.729827
internal_weight=557 554 184 180 11 370 169 364 322 42 6
internal_count=557 554 184 180 11 370 169 364 322 42 6
is_linear=0
shrinkage=0.05


Tree=166
num_leaves=13
num_cat=0
split_feature=2 4 3 3 2 6 0 3 1 2 3 2
split_gain=941.847 357.977 1308.83 1114.13 578.555 356.11 1835.8 1077.45 911.46 835.047 5587.53 1473.08
threshold=1804.3950000000002 38215.000000000007 1.1500765696821804 1.1350595117197633 5430.8950000000013 77.500000000000014 31618.515000000003 1.0818691036941752 36785.750000000007 3862.1250000000005 1.1779177146453097 3732.5650000000005
decision_type=2 2 2 2 2 2 2 2 2 2 2 2
left_child=-1 5 3 4 -3 6 7 -2 -8 11 -11 -7
right_child=1 2 -4 -5 -6 9 8 -9 -10 10 -12 -13
leaf_value=-0.7047902202606201 -0.1446140489436458 0.83941450119018579 1.1597853819529216 -0.83714162508646628 -0.079131436347961409 -0.060777855476533832 -1.1922055339813233 0.11013578083883557 -0.30832138742719373 0.013281756013459127 1.698517723083496 -0.75081160134739344
leaf_weight=4.9999999999999991 98 2.9999999999999982 2.9999999999999991 3 4 55 4.9999999999999982 72 7 302 4.9999999999999991 8.9999999999999982
leaf_count=5 98 3 3 3 4 55 5 72 7 302 5 9
internal_value=-0.0215629 -0.0155273 0.243819 -0.0309707 0.314531 -0.021624 -0.0789103 -0.03672 -0.676606 0.00647869 0.0407286 -0.157814
internal_weight=571 566 13 10 7 553 182 170 12 371 307 64
internal_count=571 566 13 10 7 553 182 170 12 371 307 64
is_linear=0
shrinkage=0.05


Tree=167
num_leaves=18
num_cat=0
split_feature=0 0 2 0 2 1 6 1 6 2 0 1 1 7 7 0 1
split_gain=1208.41 1472.47 1077.4 980.025 2088.39 1637.01 1064.22 1408.58 607.935 1568.9 4157.59 2610.68 478.24 4060.81 641.404 412.719 383.605
threshold=31843.890000000003 31780.940000000006 4598.8050000000012 32303.785000000003 3247.2950000000005 39744.43 78.500000000000014 35598.070000000007 74.500000000000014 6101.2450000000017 30627.275000000005 36234.655000000006 36041.67500000001 1.0000000180025095e-35 1.0000000180025095e-35 31949.185000000001 40539.980000000003
decision_type=2 2 2 2 2 2 2 2 2 2 2 2 2 2 2 2 2
left_child=1 8 -3 4 -2 -5 15 -8 9 10 -1 -11 14 -14 -10 -6 -7
right_child=3 2 -4 5 6 16 7 -9 12 11 -12 -13 13 -15 -16 -17 -18
leaf_value=0.20456465610436028 -1.6828064600626609 0.024913676579793296 1.2783908426761625 1.1170204480489097 -0.94380547702312434 -0.59878711104393001 -0.68036850452423092 0.36632214321030515 -0.18393317897771966 0.10046442210674288 2.255681610107422 -1.4181197802225749 1.1710812687873842 -0.030600254340418454 -0.0039586062096720618 -0.22554463346799208 0.093676729500293709
leaf_weight=14.000000000000002 3.0000000000000027 2.9999999999999991 4 2.9999999999999991 6.0000000000000018 4 4.9999999999999991 8.9999999999999982 58 50 2.9999999999999991 2.9999999999999991 7.9999999999999991 58 338 3 4
leaf_count=14 3 3 4 3 6 4 5 9 58 50 3 3 8 58 338 3 4
internal_value=0.00175974 0.0207344 0.741186 -0.274654 -0.442032 0.120965 -0.280192 -0.00749595 0.0112547 0.148569 0.566526 0.0145068 -0.00955043 0.115058 -0.0303185 -0.704385 -0.252555
internal_weight=576 539 7 37 26 11 23 14 532 70 17 53 462 66 396 9 8
internal_count=576 539 7 37 26 11 23 14 532 70 17 53 462 66 396 9 8
is_linear=0
shrinkage=0.05


Tree=168
num_leaves=19
num_cat=0
split_feature=4 1 4 3 4 0 2 1 2 2 2 3 6 5 6 1 1 0
split_gain=547.992 4119.79 512.087 583.466 484.061 1977.45 455.564 2439.08 1475.77 2221.37 969.047 597.903 438.965 272.924 183.425 111.118 32.0558 30.7327
threshold=33030.000000000007 29322.920000000002 32625.000000000004 0.83356629570188001 33155.000000000007 30377.610000000004 3832.8450000000007 38714.475000000013 3732.5650000000005 3795.4650000000006 4149.2000000000007 1.1757830903046622 73.500000000000014 19.500000000000004 77.500000000000014 26267.390000000003 29759.615000000002 30627.275000000005
decision_type=2 2 2 2 2 2 2 2 2 2 2 2 2 2 2 2 2 2
left_child=1 2 3 12 5 -2 8 10 11 -10 -8 -6 -1 -4 -7 -5 -16 -15
right_child=4 -3 13 15 6 14 7 -9 9 -11 -12 -13 -14 17 16 -17 -18 -19
leaf_value=0.66435907681783046 0.661959132552147 1.9549563894669217 0.032395645976066596 -0.58150741259256999 0.22899656970711316 -0.90634037256240862 0.28247252553701402 1.2495367288589478 -1.8204476614793148 -0.15410119891166685 -0.012675652565224356 -0.1015795543736645 0.031825827590364501 0.67110514640808094 -0.38923779726028435 -0.23013262550036112 -0.60545091629028303 0.45940142869949335
leaf_weight=2.9999999999999991 3.9999999999999991 2.9999999999999991 3.9999999999999982 2.9999999999999991 17 3.9999999999999982 30 3.9999999999999991 2.9999999999999982 6 381 70 32 3 4 8.9999999999999982 3 4
leaf_count=3 4 3 4 3 17 4 30 4 3 6 381 70 32 3 4 9 3 4
internal_value=0.00635375 0.148216 0.0547636 -0.0171109 -0.0100979 -0.290055 -0.00188 0.0208263 -0.100037 -0.70955 0.00886801 -0.0369842 0.086043 0.361864 -0.636242 -0.317976 -0.481901 0.550132
internal_weight=587 61 58 47 526 15 511 415 96 9 411 87 35 11 11 12 7 7
internal_count=587 61 58 47 526 15 511 415 96 9 411 87 35 11 11 12 7 7
is_linear=0
shrinkage=0.05


Tree=169
num_leaves=14
num_cat=0
split_feature=0 2 0 0 2 1 0 4 0 7 0 4 1
split_gain=557.478 1456.3 850.072 1767.13 892.096 589.363 530.408 439.18 5585.69 2594.76 1653.14 2110.69 834.124
threshold=31859.145000000004 2031.0550000000003 32001.495000000003 32065.465000000004 3357.6500000000005 36234.655000000006 32174.495000000006 37010.000000000007 29408.765000000003 1.5000000000000002 31514.185000000001 35217.000000000007 36648.630000000012
decision_type=2 2 2 2 2 2 2 2 2 2 2 2 2
left_child=1 -1 5 -4 -5 -2 -6 10 -9 -10 12 -12 -3
right_child=2 7 3 4 6 -7 -8 8 9 -11 11 -13 -14
leaf_value=0.95451536178588869 -0.20818675369024284 -0.017253990665602209 0.91602239608764569 -0.81360416412353465 0.45063884854316716 -0.9758868408203123 -0.22170935218984431 2.205138087272644 0.52692425201477655 -0.061584789938633401 0.13487100367035185 -0.6438021755736808 0.30782679056837448
leaf_weight=3.9999999999999991 4.9999999999999982 327 4.0000000000000027 5.0000000000000027 3.9999999999999991 5 10.999999999999998 2.9999999999999991 22 126 13.999999999999998 23 21
leaf_count=4 5 327 4 5 4 5 11 3 22 126 14 23 21
internal_value=-0.00834733 0.004017 -0.204722 -0.0433408 -0.235213 -0.592037 -0.0424165 -0.00307628 0.0691925 0.0258963 -0.0314206 -0.349169 0.00236295
internal_weight=574 540 34 24 20 10 15 536 151 148 385 37 348
internal_count=574 540 34 24 20 10 15 536 151 148 385 37 348
is_linear=0
shrinkage=0.05


Tree=170
num_leaves=16
num_cat=0
split_feature=2 8 0 0 6 2 2 0 3 4 3 4 6 6 0
split_gain=2099.63 617.493 1439.92 1585.49 1384.9 1826.17 1761.44 3006.81 2414.75 858.362 670.908 1961.92 663.26 459.965 12.2557
threshold=1804.3950000000002 4.5000000000000009 31514.185000000001 31626.660000000003 87.500000000000014 6496.5500000000011 5136.0300000000007 31800.090000000004 1.1292790347931108 36349.500000000007 0.95973312857638216 35692.500000000007 77.500000000000014 73.500000000000014 28953.150000000005
decision_type=2 2 2 2 2 2 2 2 2 2 2 2 2 2 2
left_child=-1 2 10 9 6 -6 7 -3 -8 -4 13 -12 -5 -2 -7
right_child=1 4 3 12 5 14 8 -9 -10 -11 11 -13 -14 -15 -16
leaf_value=1.0244578647613527 0.29481249650319419 0.80518175548474713 -1.1277483872004919 -0.4789420995447371 -1.3229538619518282 -0.12148198724413915 0.078102262069781631 -0.07548092603683472 -0.6916718022389845 -0.36959519386291506 0.44971696573954367 -0.012948965933656445 0.019067947279948455 -0.16014250428477925 0.0022905402816832065
leaf_weight=4.9999999999999991 5.9999999999999991 21 6.9999999999999991 8.9999999999999982 3.9999999999999991 2.9999999999999982 138 18 10.999999999999998 7.9999999999999991 26 193 26 75 6
leaf_count=5 6 21 7 9 4 3 138 18 11 8 26 193 26 75 6
internal_value=0.00447054 -0.00478525 -0.0448972 -0.293314 0.0650615 -0.43404 0.0995738 0.398722 0.0212733 -0.7234 -0.00349441 0.0419794 -0.108992 -0.126442 -0.038967
internal_weight=556 551 350 50 201 13 188 39 149 15 300 219 35 81 9
internal_count=556 551 350 50 201 13 188 39 149 15 300 219 35 81 9
is_linear=0
shrinkage=0.05


Tree=171
num_leaves=16
num_cat=0
split_feature=1 7 0 2 2 0 1 8 1 0 1 1 2 0 1
split_gain=950.277 1737.8 4782.15 1403.35 975.53 5478.99 1434.82 583.941 1949.43 4293.81 1684.01 594.234 1240.49 620.142 424.354
threshold=37855.17500000001 2.5000000000000004 32317.205000000005 1804.3950000000002 2595.7850000000003 31306.450000000004 38993.790000000008 4.5000000000000009 34851.185000000005 30729.595000000005 33631.93 35278.660000000011 4449.7000000000007 32001.495000000003 39257.420000000006
decision_type=2 2 2 2 2 2 2 2 2 2 2 2 2 2 2
left_child=3 2 -2 -1 14 -6 -7 11 10 -10 -9 12 -5 -13 -3
right_child=1 4 -4 7 5 6 -8 8 9 -11 -12 13 -14 -15 -16
leaf_value=1.0960461457570394 -2.4311815420786544 0.73359394185245064 0.39198249181111644 0.26804421616718177 -1.7377356672286977 0.68990275519234767 -0.19799401668401867 0.061144334120625581 2.2836186925570146 0.24814475915933909 -0.6836368590593338 -0.17626797895787694 -0.035086414171382786 0.31402380721909662 0.042654032707214351
leaf_weight=2.9999999999999991 2.9999999999999991 3.9999999999999982 3 40 5.0000000000000027 7.0000000000000027 12.999999999999998 148 3.0000000000000027 19 7.9999999999999991 82 216 6.9999999999999991 5
leaf_count=3 3 4 3 40 5 7 13 148 3 19 8 82 216 7 5
internal_value=-0.000144745 -0.235081 -1.0196 0.0177211 -0.0966363 -0.257331 0.11277 0.0115357 0.0850892 0.525709 0.0229504 -0.0264136 0.0122777 -0.137706 0.349738
internal_weight=566 40 6 526 34 25 20 523 178 22 156 345 256 89 9
internal_count=566 40 6 526 34 25 20 523 178 22 156 345 256 89 9
is_linear=0
shrinkage=0.05


Tree=172
num_leaves=9
num_cat=0
split_feature=2 0 0 0 0 2 1 0
split_gain=1476.03 512.61 483.564 1444 1346.71 755.418 741.265 588.724
threshold=1804.3950000000002 32317.205000000005 31927.960000000003 31843.890000000003 31780.940000000006 4096.1200000000008 36234.655000000006 32238.850000000002
decision_type=2 2 2 2 2 2 2 2
left_child=-1 2 3 4 -2 -4 -5 -7
right_child=1 -3 5 6 -6 7 -8 -9
leaf_value=0.96982346773147587 0.0038738851185810583 -0.49801431179046629 0.78953601121902417 -0.16248807549476629 0.65727575719356546 0.2602361480394999 -1.0234557211399078 -0.54855139454205826
leaf_weight=3.9999999999999991 553 4.9999999999999991 5.0000000000000027 4.9999999999999982 7.9999999999999991 8.9999999999999982 5 2.9999999999999991
leaf_count=4 553 5 5 5 8 9 5 3
internal_value=0.0125697 0.00611269 0.0103995 0.00257574 0.0131916 0.273185 -0.592972 0.0580393
internal_weight=597 593 588 571 561 17 10 12
internal_count=597 593 588 571 561 17 10 12
is_linear=0
shrinkage=0.05


Tree=173
num_leaves=13
num_cat=0
split_feature=0 0 1 0 1 4 0 4 0 7 3 5
split_gain=544.532 1653.04 1438.24 1078.82 990.998 687.701 5067.29 1267.19 973.858 2473.52 669.966 239.692
threshold=32065.465000000004 32303.785000000003 37483.625000000007 32001.495000000003 39744.43 36349.500000000007 29386.195000000003 37217.000000000007 31514.185000000001 2.5000000000000004 1.1651507279013369 19.500000000000004
decision_type=2 2 2 2 2 2 2 2 2 2 2 2
left_child=3 2 -2 5 -3 8 -7 -8 10 -10 -1 -6
right_child=1 4 -4 -5 11 6 7 -9 9 -11 -12 -13
leaf_value=-0.051747404422798543 -0.18657708168029763 0.69883514344692255 -1.7348243474960325 0.81231358647346497 -0.62556974887847883 2.0988743364810944 0.16938512027263641 -0.076818557804034765 -0.92235203439539104 0.039892793753567864 0.21790607976913454 -0.034341645240783689
leaf_weight=293 3.0000000000000027 3.9999999999999982 3 3.9999999999999991 3 2.9999999999999991 92 121 11.000000000000002 17 25 4
leaf_count=293 3 4 3 4 3 3 92 121 11 17 25 4
internal_value=-0.0142894 -0.293114 -0.960701 -0.00591479 0.0710241 -0.0117385 0.0582639 0.0295229 -0.0554394 -0.338132 -0.0305482 -0.287725
internal_weight=583 17 6 566 11 562 216 213 346 28 318 7
internal_count=583 17 6 566 11 562 216 213 346 28 318 7
is_linear=0
shrinkage=0.05


Tree=174
num_leaves=13
num_cat=0
split_feature=2 0 1 0 2 4 4 2 2 2 2 0
split_gain=1628.43 364.532 4303.12 801.334 1177.69 1036.84 599.49 2917.97 539.219 127.931 280.022 102.553
threshold=1804.3950000000002 29150.795000000002 30192.940000000002 29646.715000000004 3885.3000000000006 37487.500000000007 35397.500000000007 7473.1050000000005 4625.3050000000012 13915.825000000003 14510.365000000002 28738.675000000003
decision_type=2 2 2 2 2 2 2 2 2 2 2 2
left_child=-1 2 9 4 -3 -6 7 -5 -8 11 -11 -2
right_child=1 3 -4 6 5 -7 8 -9 -10 10 -12 -13
leaf_value=-1.0003417015075684 -0.21662105992436384 -1.1579477310180664 1.977316963672638 0.49614418662256665 -0.061033115477154135 -1.0265605449676514 0.051783228794233409 -0.0026618689781974392 -0.079964845788411121 0.51979626007378099 -0.11923847794532774 0.022070764998594922
leaf_weight=3.9999999999999991 9.0000000000000089 2.9999999999999991 2.9999999999999991 36 38 2.9999999999999991 139 158 176 2.9999999999999991 4 8.9999999999999982
leaf_count=4 9 3 3 36 38 3 139 158 176 3 4 9
internal_value=0.00504949 0.0119713 0.18798 0.00305947 -0.201654 -0.131681 0.0207557 0.0899001 -0.0218284 -0.0267407 0.154634 -0.0972751
internal_weight=585 581 28 553 44 41 509 194 315 25 7 18
internal_count=585 581 28 553 44 41 509 194 315 25 7 18
is_linear=0
shrinkage=0.05


Tree=175
num_leaves=19
num_cat=0
split_feature=4 4 6 1 2 3 2 0 3 3 3 3 0 6 6 2 6 2
split_gain=1058.28 1354.74 5130.99 5618.88 1490 1084.41 802.496 625.668 2047.88 571.701 4631.23 4256.49 447.446 1966.08 355.354 338.471 185.957 167.156
threshold=37941.500000000007 37657.000000000007 79.500000000000014 38714.475000000013 7659.0000000000009 1.2175773255298903 6234.6400000000003 29386.195000000003 1.0730127683517734 1.1955500705760556 1.2069286717289935 1.1885024806116615 31886.825000000001 79.500000000000014 77.500000000000014 3122.3400000000006 73.500000000000014 4548.0250000000005
decision_type=2 2 2 2 2 2 2 2 2 2 2 2 2 2 2 2 2 2
left_child=1 7 4 5 -3 -4 12 8 16 11 -11 -9 14 -14 17 -16 -1 -2
right_child=6 2 3 -5 -6 -7 -8 9 -10 10 -12 -13 13 -15 15 -17 -18 -19
leaf_value=-0.32010873896735059 0.22904802030987212 2.4051630020141603 -0.059195446968078637 -2.0372137347857153 0.82930221557617179 1.2851824124654132 -1.017260233561198 0.020066961437802424 -1.4387369155883789 -2.0560911814371723 0.032629139656605931 1.909845542907715 -1.5263521830240883 0.092736046314239484 -0.37766601187842225 -0.015787406762441 -0.03711329483810593 -0.15941616147756577
leaf_weight=6.9999999999999991 8.9999999999999982 2.9999999999999991 2.9999999999999982 3 3 3 2.9999999999999991 440 2.9999999999999991 3.0000000000000027 23 2.9999999999999991 3 5 14.000000000000002 11.999999999999998 34 3.9999999999999991
leaf_count=7 9 3 3 3 3 3 3 440 3 3 23 3 3 5 14 12 34 4
internal_value=-0.00454684 0.0162729 0.484648 -0.270409 1.61723 0.612993 -0.224403 0.00257772 -0.177701 0.0194908 -0.208377 0.0328646 -0.173795 -0.514422 -0.103923 -0.210645 -0.0854296 0.109521
internal_weight=578 528 15 9 6 6 50 513 44 469 26 443 47 8 39 26 41 13
internal_count=578 528 15 9 6 6 50 513 44 469 26 443 47 8 39 26 41 13
is_linear=0
shrinkage=0.05


Tree=176
num_leaves=10
num_cat=0
split_feature=0 0 4 2 4 2 3 7 0
split_gain=779.477 1170.97 1569.11 1235.34 667.331 4341.55 658.076 467.166 107.03
threshold=32303.785000000003 32101.795000000002 36890.000000000007 1804.3950000000002 37010.000000000007 10647.320000000002 1.1611281148768302 3.5000000000000004 32457.300000000007
decision_type=2 2 2 2 2 2 2 2 2
left_child=1 3 -3 -1 6 -6 -5 -2 -9
right_child=7 2 -4 4 5 -7 -8 8 -10
leaf_value=1.0225816408793131 0.98112201690673873 0.0082930207252502452 -1.5044133822123207 -0.051339741543100031 0.056509312625827368 1.9772809207439423 0.14390376100734789 0.005773806571960448 0.42812825043996167
leaf_weight=2.9999999999999991 2.9999999999999982 3.9999999999999991 3 362 152 2.9999999999999991 49 3 3
leaf_count=3 3 4 3 362 152 3 49 3 3
internal_value=0.00994924 0.00273478 -0.64001 0.010642 0.00527837 0.0936855 -0.0280625 0.471675 0.216951
internal_weight=585 576 7 569 566 155 411 9 6
internal_count=585 576 7 569 566 155 411 9 6
is_linear=0
shrinkage=0.05


Tree=177
num_leaves=11
num_cat=0
split_feature=3 3 3 1 1 2 3 2 6 2
split_gain=904.084 2983.94 1914.38 853.57 2291.65 1106.97 805.985 799.578 295.802 313.167
threshold=1.2305877188387628 1.2394422678917041 1.2175773255298903 38714.475000000013 38095.650000000009 1804.3950000000002 1.2337958699915343 3732.5650000000005 85.500000000000014 2687.8350000000005
decision_type=2 2 2 2 2 2 2 2 2 2
left_child=2 6 3 4 5 -1 -2 8 9 -3
right_child=1 7 -4 -5 -6 -7 -8 -9 -10 -11
leaf_value=0.97145253817240396 0.69922649661699943 0.033647242459383851 -0.97232829093933104 0.85164184570312507 -1.3721251964569092 0.0082284911496278198 1.8582379659016923 -0.6025944940745831 -0.30696658690770473 0.41093839732083409
leaf_weight=2.9999999999999991 2.9999999999999991 11.000000000000009 4.9999999999999991 2.9999999999999991 2.9999999999999991 520 3 3.9999999999999991 2.9999999999999991 10.999999999999998
leaf_count=3 3 11 5 3 3 520 3 4 3 11
internal_value=0.0175776 0.263759 0.0014421 0.010646 0.00584942 0.0137537 1.27873 0.0537643 0.158782 0.222293
internal_weight=569 35 534 529 526 523 6 29 25 22
internal_count=569 35 534 529 526 523 6 29 25 22
is_linear=0
shrinkage=0.05


Tree=178
num_leaves=12
num_cat=0
split_feature=1 1 2 2 2 3 3 1 2 1 1
split_gain=625.743 2474.45 1401.57 1032.86 559.99 421.751 312.143 256.08 191.597 184.291 158.186
threshold=38898.225000000006 38598.990000000005 4548.0250000000005 1804.3950000000002 18532.700000000001 1.2305877188387628 1.232422692668351 40059.10500000001 3164.0600000000004 39744.43 40539.980000000003
decision_type=2 2 2 2 2 2 2 2 2 2 2
left_child=1 3 7 -1 5 -5 -3 8 9 -2 -9
right_child=2 6 -4 4 -6 -7 -8 10 -10 -11 -12
leaf_value=0.92287994225819914 0.20134724825620634 -0.66271193822224939 1.2582335154215496 -0.0098414283510218133 -0.68867804209391281 0.31800166964530946 -1.3839869817097978 0.62426636219024667 -0.37476560274759929 -0.25818199117978419 0.14396699965000151
leaf_weight=2.9999999999999991 8.0000000000000053 2.9999999999999991 2.9999999999999991 516 2.9999999999999991 9.9999999999999982 3 2.9999999999999991 2.9999999999999991 2.9999999999999991 4
leaf_count=3 8 3 3 516 3 10 3 3 3 3 4
internal_value=-0.00249172 -0.013635 0.247304 -0.00224728 -0.00749375 -0.00360867 -1.02335 0.102886 -0.0205761 0.0760211 0.34981
internal_weight=562 538 24 532 529 526 6 21 14 11 7
internal_count=562 538 24 532 529 526 6 21 14 11 7
is_linear=0
shrinkage=0.05


Tree=179
num_leaves=25
num_cat=0
split_feature=6 1 2 3 3 4 6 1 5 2 4 1 3 7 4 2 8 3 2 2 1 6 5 3
split_gain=341.482 1413.73 1144.75 709.498 1087.64 5483.19 2346.86 813.403 580.453 1681.31 2714.38 2338.09 1530.22 1104.98 972.233 2158.16 929.62 643.981 541.611 533.369 497.642 359.843 414.81 236.47
threshold=81.500000000000014 37366.465000000004 2687.8350000000005 1.1017706329713068 1.1370363341123151 35987.500000000007 86.500000000000014 32823.610000000008 18.500000000000004 7059.9650000000011 35692.500000000007 33631.93 1.0818691036941752 3.5000000000000004 37657.000000000007 3732.5650000000005 4.5000000000000009 1.2037547151146779 6057.6200000000008 1804.3950000000002 35504.880000000005 82.500000000000014 20.500000000000004 1.0316030963644132
decision_type=2 2 2 2 2 2 2 2 2 2 2 2 2 2 2 2 2 2 2 2 2 2 2 2
left_child=8 3 -3 7 6 -6 -5 23 9 10 13 12 -11 -1 19 17 -12 -16 -9 -10 -21 -4 -23 -2
right_child=1 2 21 4 5 -7 -8 18 14 11 16 -13 -14 -15 15 -17 -18 -19 -20 20 -22 22 -24 -25
leaf_value=1.8817969640096028 0.058007205996027059 1.2236151456832887 0.57087169647216818 -0.21330657508224246 1.5807262325286866 -0.17310889414170894 -1.7040815512339276 0.65262601210011384 -0.63264718651771545 -0.11174548589693967 0.0050216062124385395 -1.1669118374586105 0.79501119554042821 0.61237552165985099 -0.43781179870877934 -1.3343412017822267 0.52011862668124109 0.26810502956310905 -0.12312544037898382 -0.097598336702376082 0.12035699328955483 -0.31783055514097208 0.45994290113449082 -0.11291690071423849
leaf_weight=2.9999999999999991 129 3.9999999999999991 4.9999999999999982 22.000000000000004 4.9999999999999991 41 2.9999999999999991 8.9999999999999982 3.9999999999999991 67 43 4.9999999999999991 4.9999999999999991 4 7.0000000000000018 4.9999999999999991 10.999999999999998 6 2.9999999999999991 114 34 4 3 24
leaf_count=3 129 4 5 22 5 41 3 9 4 67 43 5 5 4 7 5 11 6 3 114 34 4 3 24
internal_value=-0.00691261 0.0362527 0.491083 0.00541678 -0.126744 0.0175254 -0.3922 0.0622859 -0.0422297 0.0339542 0.230035 -0.121382 -0.0487763 1.15641 -0.104073 -0.451542 0.109949 -0.112004 0.458688 -0.0629254 -0.0475275 0.246905 0.0155009 0.0311956
internal_weight=560 252 16 236 71 46 25 165 308 138 61 77 72 7 170 18 54 13 12 152 148 12 7 153
internal_count=560 252 16 236 71 46 25 165 308 138 61 77 72 7 170 18 54 13 12 152 148 12 7 153
is_linear=0
shrinkage=0.05


Tree=180
num_leaves=16
num_cat=0
split_feature=2 1 1 3 6 2 2 4 3 3 2 3 3 1 1
split_gain=342.848 1302.78 2480.34 1536.22 5732.43 1057.81 1764.73 822.943 662.409 1740.58 1747.01 1396.76 935.521 303.56 20.7052
threshold=3862.1250000000005 38714.475000000013 37774.35500000001 1.1885024806116615 73.500000000000014 3732.5650000000005 3795.4650000000006 37657.000000000007 1.1757830903046622 1.2037547151146779 1804.3950000000002 1.1710601444213546 1.234975698203449 35835.69000000001 34763.410000000011
decision_type=2 2 2 2 2 2 2 2 2 2 2 2 2 2 2
left_child=5 2 3 7 -5 8 -7 -2 11 10 -10 13 -11 -1 -8
right_child=1 -3 -4 4 -6 6 14 -9 9 12 -12 -13 -14 -15 -16
leaf_value=0.17074667687217385 -0.010967103285595742 0.81686706542968757 -1.4276039203008017 -0.46699839174747482 2.0724873781204223 -1.5848568628231685 -0.22516361594200132 0.33376359782285164 -1.6161384264628074 0.31767909049987797 -0.30129508562386037 1.2206806580225626 -0.13005828048501697 -0.33221135437488558 -0.059010283152262359
leaf_weight=12.000000000000005 453 4.9999999999999991 2.9999999999999991 4.9999999999999982 4 2.9999999999999991 5 18 3.0000000000000027 20 15.999999999999998 2.9999999999999991 28 3.9999999999999991 3
leaf_count=12 453 5 3 5 4 3 5 18 3 20 16 3 28 4 3
internal_value=-0.00313901 0.0139265 0.00561448 0.0145721 0.661662 -0.0889943 -0.550675 0.00220732 -0.0299422 -0.103839 -0.508902 0.23064 0.056499 0.0450072 -0.162856
internal_weight=585 488 483 480 9 97 11 471 86 67 19 19 48 16 8
internal_count=585 488 483 480 9 97 11 471 86 67 19 19 48 16 8
is_linear=0
shrinkage=0.05


Tree=181
num_leaves=15
num_cat=0
split_feature=2 7 4 6 3 2 0 4 7 3 4 0 6 2
split_gain=1302.12 581.933 1549.54 2846.16 2207.55 1375.88 1094.17 1058.71 697.73 890.94 1967.45 748.505 641.451 421.659
threshold=1804.3950000000002 1.0000000180025095e-35 35692.500000000007 79.500000000000014 1.1258545662546833 4689.3000000000002 32001.495000000003 36220.000000000007 5.5000000000000009 1.1040998788478005 37332.500000000007 32120.640000000003 74.500000000000014 18095.640000000003
decision_type=2 2 2 2 2 2 2 2 2 2 2 2 2 2
left_child=-1 2 3 4 -2 -5 7 -4 11 13 -11 12 -3 -10
right_child=1 8 6 5 -6 -7 -8 -9 9 10 -12 -13 -14 -15
leaf_value=0.7873775482177735 0.22377905717917843 0.19249812358847032 -0.96714154652186812 -1.1114020228385926 1.6962359905242916 0.024328863807022573 0.37663267731666566 -0.29354339210050451 0.037757467250636917 -1.3924770355224598 -0.19472850244492293 -0.76424160003662112 0.0045328866865183299 -0.35492206513881686
leaf_weight=4.9999999999999991 7.0000000000000018 52 6.9999999999999991 3.9999999999999991 4 7.9999999999999991 4.9999999999999991 35 47 4.0000000000000027 24 2.9999999999999991 357 7.9999999999999991
leaf_count=5 7 52 7 4 4 8 5 35 47 4 24 3 357 8
internal_value=-0.0159584 -0.0230676 -0.158006 0.178279 0.759218 -0.354248 -0.322571 -0.40581 -0.00398535 -0.136243 -0.365835 0.0226588 0.0284307 -0.0193596
internal_weight=570 565 70 23 11 12 47 42 495 83 28 412 409 55
internal_count=570 565 70 23 11 12 47 42 495 83 28 412 409 55
is_linear=0
shrinkage=0.05


Tree=182
num_leaves=16
num_cat=0
split_feature=0 2 2 6 1 1 3 2 1 6 4 0 1 1 6
split_gain=656.98 1939.75 1042.85 1927.55 962.473 873.356 2171.21 878.503 660.753 474.181 373.642 1160.15 874.109 289.476 248.759
threshold=31859.145000000004 2031.0550000000003 1804.3950000000002 79.500000000000014 36312.155000000006 38095.650000000009 1.2423680512764912 2911.6300000000006 40405.490000000013 78.500000000000014 33797.500000000007 29150.795000000002 29938.350000000002 39227.465000000004 81.500000000000014
decision_type=2 2 2 2 2 2 2 2 2 2 2 2 2 2 2
left_child=1 -1 -2 4 -4 10 7 -7 14 -6 12 -12 -3 -8 -5
right_child=2 5 3 8 9 6 13 -9 -10 -11 11 -13 -14 -15 -16
leaf_value=1.2907248814900718 -0.96724183559417642 0.0071922436495807686 -1.0276590085029589 0.44214307367801675 -0.39204119443893437 0.57422134876251196 0.36392517089843751 1.6565046310424802 -0.10530216544866561 0.34507002830505362 0.53897803409232037 -0.035442089858348791 0.31258633732795715 -0.19607370138168334 1.0444499333699542
leaf_weight=2.9999999999999991 4.0000000000000027 107 5.0000000000000062 3.9999999999999982 7.9999999999999982 5.0000000000000018 2.9999999999999991 3 4 3 8.9999999999999982 377 30 9.9999999999999982 3
leaf_count=3 4 107 5 4 8 5 3 3 4 3 9 377 30 10 3
internal_value=0.0101254 0.0228156 -0.213796 -0.102174 -0.452463 0.0158234 0.331984 0.980078 0.407338 -0.191011 0.00312867 -0.0220489 0.0740669 -0.0668432 0.700275
internal_weight=578 547 31 27 16 544 21 8 11 11 523 386 137 13 7
internal_count=578 547 31 27 16 544 21 8 11 11 523 386 137 13 7
is_linear=0
shrinkage=0.05


Tree=183
num_leaves=12
num_cat=0
split_feature=0 6 2 1 1 5 2 1 2 2 0
split_gain=557.027 1394.76 891.107 629.759 1398.05 4695.19 980.522 641.319 510.598 428.142 120.646
threshold=32101.795000000002 79.500000000000014 1804.3950000000002 39257.420000000006 38714.475000000013 18.500000000000004 3207.5950000000007 38598.990000000005 3732.5650000000005 4548.0250000000005 31558.700000000001
decision_type=2 2 2 2 2 2 2 2 2 2 2
left_child=2 8 -1 4 7 -6 10 -4 -2 -10 -5
right_child=1 -3 3 6 5 -7 -8 -9 9 -11 -12
leaf_value=0.85137991905212407 0.42581956982612623 -1.116481775045395 -0.01531521213837969 0.18464301228523261 0.39900968223810196 -2.2176960786183666 0.98620899468660339 0.71783564885457363 -0.72584179242451974 0.11888882319132484 -0.23481092453002922
leaf_weight=2.9999999999999991 3.9999999999999982 3.9999999999999991 521 3.9999999999999982 3.9999999999999991 3 4 2.9999999999999991 3 3 3
leaf_count=3 4 4 521 4 4 3 4 3 3 3 3
internal_value=-0.0159806 -0.327393 -0.00798101 -0.0127376 -0.0204949 -0.722436 0.361725 -0.0111178 -0.0117581 -0.303476 0.00487704
internal_weight=559 14 545 542 531 7 11 524 10 6 7
internal_count=559 14 545 542 531 7 11 524 10 6 7
is_linear=0
shrinkage=0.05


Tree=184
num_leaves=18
num_cat=0
split_feature=4 1 4 1 7 1 0 0 0 1 2 4 7 1 6 2 0
split_gain=463.611 2007.88 517.125 1531.04 461.858 1624.78 935.883 492.127 1552.28 1165.55 373.877 538.825 749.414 433.48 364.627 142.102 120.975
threshold=33030.000000000007 29938.350000000002 38215.000000000007 35598.070000000007 1.0000000180025095e-35 37188.170000000006 30301.750000000004 32065.465000000004 31780.940000000006 38993.790000000008 18332.850000000002 31965.000000000004 4.5000000000000009 16960.850000000002 77.500000000000014 5837.795000000001 31873.325000000001
decision_type=2 2 2 2 2 2 2 2 2 2 2 2 2 2 2 2 2
left_child=1 10 4 15 5 6 -2 8 -6 -9 11 12 -1 -12 -13 -4 -5
right_child=2 -3 3 16 7 -7 -8 9 -10 -11 13 14 -14 -15 -16 -17 -18
leaf_value=-0.37844006291457588 0.084663289841264491 1.2202483892440796 -0.39184726476669324 1.1162170807520544 -0.0048873002802507816 0.84130438566207888 -0.32933813229549763 -0.89955404281616225 0.47005595763524372 0.02113581787456166 0.016283941268920899 -0.076357048111302478 0.089517830515449703 0.86626476446787493 0.36067256689071658 0.063380247354507424 0.66718997160593652
leaf_weight=13.999999999999998 20 3.9999999999999991 3.9999999999999982 3 389 3.9999999999999991 43 4.9999999999999991 18 10.999999999999998 2.9999999999999991 7.0000000000000027 22 3 14.999999999999998 3 3
leaf_count=14 20 4 4 3 389 4 43 5 18 11 3 7 22 3 15 3 3
internal_value=0.0109281 0.133463 -0.0056372 0.305613 -0.0138949 -0.135867 -0.197909 0.00542452 0.0161176 -0.26658 0.0655385 0.0266693 -0.0924658 0.441274 0.221618 -0.19675 0.891704
internal_weight=571 68 503 13 490 67 63 423 407 16 64 58 36 6 22 7 6
internal_count=571 68 503 13 490 67 63 423 407 16 64 58 36 6 22 7 6
is_linear=0
shrinkage=0.05


Tree=185
num_leaves=9
num_cat=0
split_feature=0 0 2 2 0 0 4 3
split_gain=638.944 651.742 1253.64 758.315 512.283 783.021 199.046 123.516
threshold=32303.785000000003 32101.795000000002 4598.8050000000012 1804.3950000000002 31927.960000000003 31843.890000000003 37657.000000000007 1.2263793748600189
decision_type=2 2 2 2 2 2 2 2
left_child=1 3 -3 -1 5 -5 -6 -2
right_child=7 2 -4 4 6 -7 -8 -9
leaf_value=0.78530816237131762 0.63293886184692372 -1.2656267881393433 0.086493945121765115 -0.0098511320626629255 0.063340304295221958 -0.48020690112478204 0.5785045528411864 0.24000678658485408
leaf_weight=2.9999999999999991 4 2.9999999999999991 4 525 3 8.9999999999999982 5 4
leaf_count=3 4 3 4 525 3 9 5 4
internal_value=-0.0071685 -0.0135981 -0.492986 -0.0074408 -0.0118287 -0.0177785 0.385318 0.436473
internal_weight=560 552 7 545 542 534 8 8
internal_count=560 552 7 545 542 534 8 8
is_linear=0
shrinkage=0.05


Tree=186
num_leaves=15
num_cat=0
split_feature=1 2 2 2 1 3 0 4 1 2 3 1 1 6
split_gain=402.067 1395.81 952.47 897.004 1078.41 1872.47 519.784 2482.06 2414.03 1478.97 828.323 1947.43 599.991 518.723
threshold=37657.400000000009 4548.0250000000005 2160.6250000000005 1804.3950000000002 38714.475000000013 1.2423680512764912 30930.560000000001 32625.000000000004 28081.390000000003 4206.545000000001 1.1623153717739958 35504.880000000005 35008.710000000006 79.500000000000014
decision_type=2 2 2 2 2 2 2 2 2 2 2 2 2 2
left_child=2 3 -1 -2 13 -6 10 8 -8 -9 12 -12 -4 -5
right_child=1 -3 6 4 5 -7 7 9 -10 -11 11 -13 -14 -15
leaf_value=0.90001238187154142 -0.68375597476959227 -0.92773407936096197 -0.044995396943368876 -0.079320132732391316 -1.059901275634765 0.027579939992804278 0.25821586608886715 0.31551135817640708 2.052291822433471 -0.029525339181589727 1.4279216527938825 0.082519502995105895 -0.43900365769863137 0.48271973958382247
leaf_weight=2.9999999999999991 4.9999999999999991 4.9999999999999991 286 6.0000000000000027 5.0000000000000027 19 5 38 3 170 3.0000000000000027 26 9.9999999999999982 12.999999999999998
leaf_count=3 5 5 286 6 5 19 5 38 3 170 3 26 10 13
internal_value=-0.00124763 -0.132708 0.0115601 -0.0498923 0.0238128 -0.198979 0.00663333 0.0667504 0.930994 0.0335102 -0.0333214 0.221699 -0.0583065 0.305233
internal_weight=597 53 544 48 43 24 541 216 8 208 325 29 296 19
internal_count=597 53 544 48 43 24 541 216 8 208 325 29 296 19
is_linear=0
shrinkage=0.05


Tree=187
num_leaves=20
num_cat=0
split_feature=4 3 2 2 0 2 6 2 4 2 1 3 1 1 0 1 1 2 1
split_gain=830.56 1689.56 1850.36 1064.04 2400.23 1708.99 1044.26 1043.6 753.753 2270.1 1172.49 674.389 587.833 1520.79 792.451 742.913 2807.96 285.03 44.2969
threshold=35692.500000000007 1.1496117951323483 4625.3050000000012 4737.3700000000008 31859.145000000004 6289.255000000001 73.500000000000014 5263.3900000000003 35987.500000000007 4449.7000000000007 34350.515000000007 1.1545467218162948 36570.825000000004 36312.155000000006 30975.995000000006 38898.225000000006 38598.990000000005 3732.5650000000005 33369.900000000009
decision_type=2 2 2 2 2 2 2 2 2 2 2 2 2 2 2 2 2 2 2
left_child=1 3 -3 4 -1 7 -7 -5 9 -2 18 -12 13 14 -10 16 -14 -17 -11
right_child=8 2 -4 5 -6 6 -8 -9 12 10 11 -13 15 -15 -16 17 -18 -19 -20
leaf_value=-1.2389169025421145 0.62233434677123978 -0.0038118362426757812 1.752299563090006 0.051016974449157718 0.404328429698944 0.42821521503584725 -0.017976199259648575 0.90232297182083132 -0.11978074503269527 -0.18410140540864728 -1.3816456508636479 -0.51061871945857995 -0.15897149632171709 1.1109188397725425 0.08424776637279946 0.098489326000213609 -1.4028532409667971 -0.41728951136271164 -0.4059544324874878
leaf_weight=4.9999999999999982 5.0000000000000027 2.9999999999999991 3 5.9999999999999991 4 13.999999999999998 207 8.9999999999999982 101 9.0000000000000018 4.9999999999999982 4 49 2.9999999999999991 90 25.000000000000004 4.9999999999999991 2.9999999999999991 2.9999999999999991
leaf_count=5 5 3 3 6 4 14 207 9 101 9 5 4 49 3 90 25 5 3 3
internal_value=-0.0219186 0.0452954 0.874244 0.0249946 -0.508586 0.045343 0.0102893 0.561801 -0.0777818 -0.335146 -0.563118 -0.994523 -0.0535373 -0.00609691 -0.0236417 -0.165774 -0.274146 0.0432273 -0.239565
internal_weight=553 251 6 245 9 236 221 15 302 26 21 9 276 194 191 82 54 28 12
internal_count=553 251 6 245 9 236 221 15 302 26 21 9 276 194 191 82 54 28 12
is_linear=0
shrinkage=0.05


Tree=188
num_leaves=18
num_cat=0
split_feature=0 0 1 5 1 0 7 0 2 0 0 1 0 7 7 0 3
split_gain=1343.66 1373.39 818.268 3373.61 1207.49 725.547 987.804 735.857 597.14 491.163 555.436 796.753 554.142 628.373 378.924 235.846 33.6828
threshold=31780.940000000006 31855.530000000002 38714.475000000013 20.500000000000004 38465.170000000006 31558.700000000001 3.5000000000000004 31530.555000000004 4834.170000000001 32001.495000000003 32120.640000000003 36648.630000000012 31886.825000000001 2.5000000000000004 1.0000000180025095e-35 31683.300000000007 1.2802309144937587
decision_type=2 2 2 2 2 2 2 2 2 2 2 2 2 2 2 2 2
left_child=2 8 4 15 5 7 -7 -1 -2 12 14 -12 -3 -14 -11 16 -4
right_child=1 9 3 -5 -6 6 -8 -9 -10 10 11 -13 13 -15 -16 -17 -18
leaf_value=0.0053583965708430001 1.215174741744995 0.34710721224546442 0.37264895836512263 -1.8628996968269349 0.87216579914093018 -0.52122440504531053 0.10258251916278492 0.4616799937354194 0.322881786028544 0.30010736385981207 -0.60156413714090917 0.29634352326393126 -0.93763841191927577 0.019637364149093624 1.0948021252950031 -0.28877987861633292 0.13571421702702838
leaf_weight=481 5 3.9999999999999982 2.9999999999999982 2.9999999999999991 3.9999999999999991 15.000000000000002 10.999999999999998 8.9999999999999982 3 3.0000000000000027 3.0000000000000027 13.999999999999998 3 4 3 3 3
leaf_count=481 5 4 3 3 4 15 11 9 3 3 3 14 3 4 3 3 3
internal_value=0.0188653 0.291129 -0.0026292 -0.410829 0.0067908 8.24619e-05 -0.257306 0.0137398 0.880565 0.152438 0.283863 0.137889 -0.122358 -0.390624 0.697455 0.0731944 0.254182
internal_weight=574 42 532 12 520 516 26 490 8 34 23 17 11 7 6 9 6
internal_count=574 42 532 12 520 516 26 490 8 34 23 17 11 7 6 9 6
is_linear=0
shrinkage=0.05


Tree=189
num_leaves=21
num_cat=0
split_feature=1 2 2 1 1 1 1 3 3 8 2 4 3 1 2 1 0 2 0 1
split_gain=602.778 1126.08 1115.94 2132.91 5699.89 1077.37 1942.21 576.175 984.184 3035.32 1623.76 526.111 3254.82 441.579 913.986 723.258 435.979 221.321 83.5375 107.849
threshold=37657.400000000009 5302.4050000000007 2629.0100000000007 38993.790000000008 38598.990000000005 37325.745000000003 37429.965000000004 1.1292790347931108 1.1611281148768302 4.5000000000000009 6289.255000000001 37657.000000000007 1.0818691036941752 38993.790000000008 3732.5650000000005 38598.990000000005 30303.150000000005 2160.6250000000005 31479.720000000005 37567.660000000011
decision_type=2 2 2 2 2 2 2 2 2 2 2 2 2 2 2 2 2 2 2 2
left_child=5 2 3 4 -2 7 -7 11 10 -10 -9 16 -13 15 -15 -4 -1 -5 19 -8
right_child=1 -3 13 17 -6 6 18 8 9 -11 -12 12 -14 14 -16 -17 -18 -19 -20 -21
leaf_value=-0.051109575711085764 0.018586111068725576 -0.97363247871398928 0.11552094519138333 0.22025958640234813 -2.7381964524586988 1.3729551076889039 0.35433621406555188 -0.18087057303298604 -0.056465865603902127 1.3821232914924622 -1.3754158020019531 -0.93952635924021433 1.0775334715843199 0.12608276497233997 -0.85848774909973147 1.0006926536560059 0.059251610262796656 -0.21529035329818724 -0.13863345781962075 -0.012830007076263425
leaf_weight=142 5.0000000000000018 3.9999999999999991 10.000000000000002 6.9999999999999982 3 3.9999999999999991 3.9999999999999982 55 44 3.9999999999999991 2.9999999999999991 2.9999999999999982 6 10.999999999999998 2.9999999999999991 2.9999999999999991 242 5 3 4
leaf_count=142 5 4 10 7 3 4 4 55 44 4 3 3 6 11 3 3 242 5 3 4
internal_value=-0.0043227 -0.168276 -0.0997353 -0.382815 -1.01521 0.0119451 0.429463 -0.000605575 -0.104058 0.0634166 -0.242657 0.0272976 0.40518 0.109953 -0.0848966 0.319791 0.018441 0.0387804 0.086375 0.170753
internal_weight=565 51 47 20 8 514 15 499 106 48 58 393 9 27 14 13 384 12 11 8
internal_count=565 51 47 20 8 514 15 499 106 48 58 393 9 27 14 13 384 12 11 8
is_linear=0
shrinkage=0.05


Tree=190
num_leaves=12
num_cat=0
split_feature=4 1 1 1 2 2 2 4 3 3 2
split_gain=430.707 1181.7 347.272 3178.62 1266.74 894.886 798.503 381.942 277.656 131.941 131.577
threshold=38215.000000000007 35598.070000000007 38898.225000000006 38598.990000000005 4548.0250000000005 3510.6750000000006 2160.6250000000005 37941.500000000007 1.2554011339549793 1.0704900495505625 4768.7000000000007
decision_type=2 2 2 2 2 2 2 2 2 2 2
left_child=2 9 3 6 5 8 -1 -8 -4 -2 -3
right_child=1 10 4 -5 -6 -7 7 -9 -10 -11 -12
leaf_value=0.82832455635070801 0.1119926989078522 1.0517275492350258 0.3520606810396365 -1.2516736030578615 1.1575879891713461 -0.74018201828002939 0.021190264069648808 -0.15444714360955089 -0.035071481019258499 -0.32665703147649761 0.58343888918558739
leaf_weight=2.9999999999999991 2.9999999999999982 3 11.000000000000009 4.9999999999999991 2.9999999999999991 2.9999999999999991 499 33 7.9999999999999991 4 3
leaf_count=3 3 3 11 5 3 3 499 33 8 4 3
internal_value=0.0181366 0.302681 0.0115896 0.00315517 0.193773 0.0623432 0.0148825 0.0102955 0.189058 -0.138664 0.817583
internal_weight=578 13 565 540 25 22 535 532 19 7 6
internal_count=578 13 565 540 25 22 535 532 19 7 6
is_linear=0
shrinkage=0.05


Tree=191
num_leaves=10
num_cat=0
split_feature=2 1 2 2 2 6 4 0 6
split_gain=413.696 319.907 1158.34 1422.65 1144.13 791.811 355.579 3988.39 546.177
threshold=18532.700000000001 37657.400000000009 5302.4050000000007 3922.6700000000005 2312.7900000000004 85.500000000000014 36747.500000000007 29408.765000000003 83.500000000000014
decision_type=2 2 2 2 2 2 2 2 2
left_child=1 4 3 5 -1 -3 8 -8 -6
right_child=-2 2 -4 -5 6 -7 7 -9 -10
leaf_value=0.98565759658813479 -0.58792470296223953 -0.23107127336894764 -0.93801988363265998 0.74438626289367682 -0.064367711819955667 0.51263799667358401 1.8751769463221235 0.034183820515969084 0.065119307341690108
leaf_weight=2.9999999999999991 2.9999999999999991 34 3.9999999999999991 4.9999999999999991 241 3.9999999999999991 2.9999999999999991 152 123
leaf_count=3 3 34 4 5 241 4 3 152 123
internal_value=-0.0023152 0.000772374 -0.124171 -0.0484637 0.012022 -0.152786 0.00639408 0.0698159 -0.0206125
internal_weight=572 569 47 43 522 38 519 155 364
internal_count=572 569 47 43 522 38 519 155 364
is_linear=0
shrinkage=0.05


Tree=192
num_leaves=14
num_cat=0
split_feature=2 4 2 4 1 0 0 4 1 4 2 1 0
split_gain=788.376 385.427 3702.29 1756.7 3004.07 1552.39 903.101 952.463 830.888 2981.57 695.755 613.934 568.408
threshold=1804.3950000000002 37010.000000000007 10647.320000000002 37217.000000000007 32823.610000000008 31522.390000000003 31479.720000000005 35692.500000000007 34660.280000000006 35987.500000000007 10437.750000000002 33004.975000000006 29386.195000000003
decision_type=2 2 2 2 2 2 2 2 2 2 2 2 2
left_child=-1 6 3 4 -3 -5 8 10 12 -10 -8 -9 -2
right_child=1 2 -4 5 -6 -7 7 11 9 -11 -12 -13 -14
leaf_value=-0.62970889568328858 -0.20524683132940949 0.058383012994339581 1.8061149994532268 -0.14903936210431551 1.2133909553289415 0.23272448745933741 0.21558324763408071 0.17926669518152852 0.87189106742540989 0.0060529468581080438 -0.40270692110061646 -0.5933137274450726 -0.0081502497492700211
leaf_weight=4.9999999999999991 43 19.000000000000004 2.9999999999999991 95 7.9999999999999991 37 13.000000000000002 3.0000000000000027 11.999999999999998 58 6.9999999999999991 18 245
leaf_count=5 43 19 3 95 8 37 13 3 12 58 7 18 245
internal_value=-0.00464417 0.000926813 0.065968 0.033135 0.400608 -0.0420298 -0.0254809 -0.247761 -2.41933e-05 0.154482 -0.000818311 -0.482945 -0.0375779
internal_weight=566 561 162 159 27 132 399 41 358 70 20 21 288
internal_count=566 561 162 159 27 132 399 41 358 70 20 21 288
is_linear=0
shrinkage=0.05


Tree=193
num_leaves=17
num_cat=0
split_feature=2 3 6 2 2 0 3 3 7 0 0 1 1 0 3 2
split_gain=328.653 1219 3513.87 1268.93 1509.42 1048.58 903.322 2803.66 1006.05 742.306 580.45 499.535 2208.05 1538.71 451.136 190.151
threshold=3862.1250000000005 1.1757830903046622 77.500000000000014 5430.8950000000013 7248.6750000000011 29703.035000000003 1.1636411078018125 1.1623153717739958 1.0000000180025095e-35 32001.495000000003 31354.535000000003 38598.990000000005 38993.790000000008 31812.365000000002 1.2305877188387628 2031.0550000000003
decision_type=2 2 2 2 2 2 2 2 2 2 2 2 2 2 2 2
left_child=5 6 3 10 -5 -1 7 9 -8 -2 -3 13 -13 14 -7 -14
right_child=1 2 -4 4 -6 11 8 -9 -10 -11 -12 12 15 -15 -16 -17
leaf_value=-0.99510807593663542 -0.0019276028964668513 -0.08540542602539053 1.5535622024536133 0.77097115218639389 -0.5441481252511341 -0.077706667866844395 -1.2418667157491046 1.5414292812347412 -0.083681000471115097 0.43374819070100784 -0.96514024734497039 -1.1721971511840812 0.29750656485557531 0.98357293605804452 0.38018272320429486 -0.080135020911693583
leaf_weight=2.9999999999999991 438 5.0000000000000053 4.9999999999999991 7.9999999999999982 3 52 3 2.9999999999999991 5 9.9999999999999982 3 5.0000000000000027 4.0000000000000027 3.9999999999999991 5.9999999999999991 20
leaf_count=3 438 5 5 8 3 52 3 3 5 10 3 5 4 4 6 20
internal_value=0.010173 0.0268202 0.374195 0.0638356 0.412302 -0.0753653 0.00865681 0.0179988 -0.518001 0.0077973 -0.415306 -0.0450442 -0.216333 0.0350749 -0.0303388 -0.0171948
internal_weight=577 483 24 19 11 94 459 451 8 448 8 91 29 62 58 24
internal_count=577 483 24 19 11 94 459 451 8 448 8 91 29 62 58 24
is_linear=0
shrinkage=0.05


Tree=194
num_leaves=15
num_cat=0
split_feature=1 2 1 1 2 3 3 2 2 6 6 4 3 3
split_gain=1107.39 2259.09 1039.77 991.222 506.263 1315.89 3591.09 693.248 515.423 464.838 334.725 446.075 299.929 213.166
threshold=38465.170000000006 3922.6700000000005 39081.615000000013 37855.17500000001 3822.4100000000003 1.1885024806116615 1.1984617718924895 3732.5650000000005 4149.2000000000007 77.500000000000014 78.500000000000014 36890.000000000007 1.2554011339549793 1.2305877188387628
decision_type=2 2 2 2 2 2 2 2 2 2 2 2 2 2
left_child=3 2 13 4 7 8 -7 9 -6 -1 11 -4 -12 -2
right_child=1 -3 10 -5 5 6 -8 -9 -10 -11 12 -13 -14 -15
leaf_value=0.23468442521989347 0.37499903043111082 1.6285874048868818 0.050817465782165484 -0.69114439249038695 0.21706145463451262 1.768499726057053 -0.10952031186648777 -0.68790141522884374 0.0060273073153347123 -0.14551735312405339 0.30732202976942069 -0.75573445955912255 -0.27891050179799393 0.93255405426025373
leaf_weight=9.9999999999999982 3.0000000000000062 2.9999999999999991 4.0000000000000027 4.9999999999999991 31 3.9999999999999982 7 4.9999999999999991 434 41 7.9999999999999982 3 3 4
leaf_count=10 3 3 4 5 31 4 7 5 434 41 8 3 3 4
internal_value=0.0255512 0.332103 0.176525 0.00956707 0.0161527 0.0328826 0.573396 -0.126051 0.0200963 -0.070968 -0.0245605 -0.294848 0.14744 0.693602
internal_weight=565 28 25 537 532 476 11 56 465 51 18 7 11 7
internal_count=565 28 25 537 532 476 11 56 465 51 18 7 11 7
is_linear=0
shrinkage=0.05


Tree=195
num_leaves=21
num_cat=0
split_feature=1 4 1 0 1 4 0 4 4 0 6 0 1 3 3 6 4 4 0 0
split_gain=423.731 770.678 2487.47 940.059 2533.65 820.586 953.088 561.568 548.94 631.553 286.634 1234.22 447.168 294.606 281.849 132.431 102.813 100.59 69.6261 1.23166
threshold=25043.055000000004 33030.000000000007 29938.350000000002 29150.795000000002 30155.145000000004 33155.000000000007 30377.610000000004 33797.500000000007 31965.000000000004 31026.525000000005 75.500000000000014 30174.650000000005 16960.850000000002 0.85670835127267708 0.90188139391050071 82.500000000000014 33155.000000000007 33155.000000000007 30810.475000000002 29008.035000000003
decision_type=2 2 2 2 2 2 2 2 2 2 2 2 2 2 2 2 2 2 2 2
left_child=10 2 8 4 19 6 -5 -7 9 -2 11 13 -12 17 -10 18 -17 -1 -14 -3
right_child=1 3 -4 5 -6 7 -8 -9 14 -11 12 -13 15 -15 -16 16 -18 -19 -20 -21
leaf_value=-0.36321021437644907 -0.32062022619777242 -0.042165040969848647 1.6550182819366457 0.44584250996510194 1.7148060838381445 0.21112775208579526 -0.55055083135763805 0.0072368756004005143 0.7097452044486996 0.51707065900166804 0.42186333060264591 -1.1850502431392671 -0.23479717906032285 0.36267830530802408 0.19570899233222008 0.098226939743527975 -0.088565080821075864 -0.088542056865990162 -0.031218907485405609 -0.087472510337829573
leaf_weight=5.0000000000000062 9.0000000000000018 2.9999999999999982 2.9999999999999991 2.9999999999999991 3 37 11.999999999999998 387 4.0000000000000009 3.0000000000000009 4.9999999999999991 2.9999999999999991 14.000000000000002 2.9999999999999991 7.9999999999999991 13.000000000000002 17 9.9999999999999982 5.9999999999999991 3
leaf_count=5 9 3 3 3 3 37 12 387 4 3 5 3 14 3 8 13 17 10 6 3
internal_value=0.0206384 0.0381772 0.297605 0.022542 0.52839 0.0121716 -0.351272 0.0250292 0.127928 -0.111198 -0.088979 -0.246123 -0.0289784 -0.0896354 0.367054 -0.0740626 -0.00762187 -0.180098 -0.173724 -0.0648188
internal_weight=551 475 27 448 9 439 15 424 24 12 76 21 55 18 12 50 30 15 20 6
internal_count=551 475 27 448 9 439 15 424 24 12 76 21 55 18 12 50 30 15 20 6
is_linear=0
shrinkage=0.05


Tree=196
num_leaves=10
num_cat=0
split_feature=2 3 3 3 0 3 1 0 0
split_gain=1711.14 385.443 2572.11 1218.26 528.941 482.929 398.987 198.029 366.909
threshold=18407.930000000004 1.2305877188387628 1.2394422678917041 1.2231501256029709 32303.785000000003 1.2337958699915343 38465.170000000006 32457.300000000007 31754.040000000005
decision_type=2 2 2 2 2 2 2 2 2
left_child=1 3 5 4 6 -3 -1 8 -4
right_child=-2 2 7 -5 -6 -7 -8 -9 -10
leaf_value=0.00024817479295131652 1.0423046827316285 0.66336018145084386 0.0024220483643668032 -0.87557489275932321 0.57310796976089484 1.5025694211324052 -0.44856146812438968 0.33979983528455104 -0.47416380882263187
leaf_weight=515 3.9999999999999991 3.9999999999999991 21.000000000000007 3.9999999999999991 3.9999999999999991 3 4.9999999999999991 2.9999999999999991 4.9999999999999991
leaf_count=515 4 4 21 4 4 3 5 3 5
internal_value=0.0118045 0.00449597 0.162794 -0.00629709 0.000338616 1.02302 -0.0040673 -0.0448468 -0.0892291
internal_weight=568 564 36 528 524 7 520 29 26
internal_count=568 564 36 528 524 7 520 29 26
is_linear=0
shrinkage=0.05


Tree=197
num_leaves=25
num_cat=0
split_feature=4 1 0 1 1 1 6 1 1 0 0 1 4 4 0 6 6 4 1 1 0 4 8 6
split_gain=1127.99 1604.78 1628.85 1428.63 2360.45 1824.22 578.825 1658.57 5996.46 1210.96 1080.9 710.28 599.551 1254.14 3503.17 693.763 709.435 488.913 320.575 291.919 201.689 1348.93 273.393 160.548
threshold=35397.500000000007 30672.995000000006 29777.980000000003 35008.710000000006 34660.280000000006 36110.165000000008 79.500000000000014 38598.990000000005 39081.615000000013 31836.315000000006 31886.825000000001 37728.740000000013 38137.000000000007 37657.000000000007 31162.425000000007 77.500000000000014 75.500000000000014 35987.500000000007 30483.560000000005 40059.10500000001 31085.695000000003 32625.000000000004 4.5000000000000009 78.500000000000014
decision_type=2 2 2 2 2 2 2 2 2 2 2 2 2 2 2 2 2 2 2 2 2 2 2 2
left_child=1 18 -3 4 -4 -5 12 9 -9 11 -11 -8 13 17 -15 16 -14 -2 20 -10 22 -22 -1 -17
right_child=6 2 3 5 -6 -7 7 8 19 10 -12 -13 15 14 -16 23 -18 -19 -20 -21 21 -23 -24 -25
leaf_value=-0.081993421534630101 -0.37712556139418951 -0.8193121870358786 0.42105130482338038 -0.7081382513046266 1.8859289646148683 0.47996958068438933 -0.027069649514364632 -2.5219810803731284 -0.28226109743118294 1.3873999754587809 0.13188722133636474 0.45662507712841038 0.061454482749104478 -1.8778805255889897 0.032389573256174718 -0.58382645448048909 0.87698808312416077 -0.097999137180546925 -0.39616212427616121 0.23503195146719613 1.1363679011662788 0.0061490389433774082 0.047416905162262393 -0.066545025507609032
leaf_weight=74 19 2.9999999999999991 33 5.9999999999999982 2.9999999999999991 7 148 2.9999999999999991 4.9999999999999982 2.9999999999999991 4 7.9999999999999991 8.0000000000000018 3.9999999999999982 6 2.9999999999999991 3.9999999999999991 90 4.9999999999999991 6 3.0000000000000027 22 91 3
leaf_count=74 19 3 33 6 3 7 148 3 5 3 4 8 8 4 6 3 4 90 5 6 3 22 91 3
internal_value=-0.0150947 0.0648441 0.311644 0.380886 0.543124 -0.0683879 -0.0779765 -0.0182521 -0.540504 0.0266039 0.669964 -0.00226479 -0.155139 -0.195819 -0.731718 0.113804 0.333299 -0.146654 -0.000969246 -0.000101253 0.00943057 0.141775 -0.0106217 -0.325186
internal_weight=561 247 52 49 36 13 314 177 14 163 7 156 137 119 10 18 12 109 195 11 190 25 165 6
internal_count=561 247 52 49 36 13 314 177 14 163 7 156 137 119 10 18 12 109 195 11 190 25 165 6
is_linear=0
shrinkage=0.05


Tree=198
num_leaves=15
num_cat=0
split_feature=0 3 3 3 3 2 8 6 0 3 0 6 2 0
split_gain=422.974 1549.56 356.528 3409.83 1693.47 503.205 371.465 1291.53 983.947 201.367 130.181 109.714 102.602 39.1045
threshold=29386.195000000003 1.0730127683517734 1.234975698203449 1.2423680512764912 1.2305877188387628 3732.5650000000005 4.5000000000000009 73.500000000000014 31522.390000000003 1.2554011339549793 27825.690000000006 73.500000000000014 7059.9650000000011 29039.620000000003
decision_type=2 2 2 2 2 2 2 2 2 2 2 2 2 2
left_child=1 10 4 -4 6 9 8 -8 -2 -5 -1 13 -13 -12
right_child=2 -3 3 5 -6 -7 7 -9 -10 -11 11 12 -14 -15
leaf_value=0.23188192049662271 0.0030847317564371801 -1.2588611523310345 -1.7709409554799376 0.25610025470907022 0.9214407920837403 -0.45186585187911987 -0.72551183938980113 0.092616158886302785 -0.24212457903971277 -0.040069515506426498 -0.42651056051254277 -0.35448984305063885 -0.049455999035169097 -0.18770639598369596
leaf_weight=2.9999999999999991 277 2.9999999999999991 3.0000000000000027 11.000000000000005 4.9999999999999991 4.9999999999999991 4.9999999999999991 137 48 11.999999999999998 2.9999999999999991 2.9999999999999991 34 4
leaf_count=3 277 3 3 11 5 5 5 137 48 12 3 3 34 4
internal_value=-0.0184297 -0.157125 -0.00464281 -0.168899 0.00614523 0.00274783 -0.00365451 0.0638088 -0.0331308 0.101577 -0.0868018 -0.10853 -0.0741885 -0.290051
internal_weight=553 50 503 31 472 28 467 142 325 23 47 44 37 7
internal_count=553 50 503 31 472 28 467 142 325 23 47 44 37 7
is_linear=0
shrinkage=0.05


Tree=199
num_leaves=12
num_cat=0
split_feature=2 4 1 4 2 4 1 2 1 3 2
split_gain=840.876 379.42 1015.94 388.926 753.55 752.698 4513.75 529.886 361.2 102.574 97.4404
threshold=18407.930000000004 38215.000000000007 35598.070000000007 37941.500000000007 3732.5650000000005 37657.000000000007 36856.17500000001 3122.3400000000006 32152.810000000001 1.2441142558800566 5837.795000000001
decision_type=2 2 2 2 2 2 2 2 2 2 2
left_child=1 3 10 5 7 8 -7 -5 -1 -6 -3
right_child=-2 2 -4 4 9 6 -8 -9 -10 -11 -12
leaf_value=-0.041557589976894904 -0.72395493388175969 -0.26868297010660175 0.82604050874710078 -0.2201626832547941 -0.845581603050232 2.0928090731302897 -0.075559794902801514 0.19411142422602728 0.044786716231548812 -0.4588173195719718 0.1082792818546295
leaf_weight=261 3.9999999999999991 3.9999999999999982 5 19 2.9999999999999991 2.9999999999999991 11.999999999999998 12.999999999999998 226 4 3
leaf_count=261 4 4 5 19 3 3 12 13 226 4 3
internal_value=-0.00161614 0.00360873 0.281692 -0.00255948 -0.154658 0.00925693 0.358114 -0.0518638 -0.00148816 -0.624573 -0.107128
internal_weight=557 553 12 541 39 502 15 32 487 7 7
internal_count=557 553 12 541 39 502 15 32 487 7 7
is_linear=0
shrinkage=0.05


Tree=200
num_leaves=10
num_cat=0
split_feature=2 3 0 0 0 1 0 1 2
split_gain=740.192 508.092 459.312 826.833 700.675 560.939 483.721 180.863 121.453
threshold=1804.3950000000002 0.56448626136144153 31927.960000000003 31843.890000000003 32317.205000000005 36234.655000000006 31780.940000000006 40539.980000000003 4096.1200000000008
decision_type=2 2 2 2 2 2 2 2 2
left_child=-1 -2 3 6 8 -5 -3 -6 -4
right_child=1 2 4 5 7 -7 -8 -9 -10
leaf_value=0.61653303623199474 0.65450853705406198 -0.0047357927887007756 0.63697037220001185 -0.15164093772570297 -0.38493446111679069 -0.91604331433773023 0.3649420155419244 0.090543498098850234 0.32962168554464977
leaf_weight=4.9999999999999991 2.9999999999999991 527 5.0000000000000027 5.9999999999999982 4 4 8.9999999999999982 4 8.9999999999999982
leaf_count=5 3 527 5 6 4 4 9 4 9
internal_value=0.0108243 0.00552032 0.00209257 -0.00693279 0.226086 -0.457402 0.00147148 -0.147195 0.439389
internal_weight=576 571 568 546 22 10 536 8 14
internal_count=576 571 568 546 22 10 536 8 14
is_linear=0
shrinkage=0.05


Tree=201
num_leaves=15
num_cat=0
split_feature=1 2 2 3 2 3 3 2 0 0 0 5 1 1
split_gain=320.823 1066.94 956.127 869.449 1557.38 1079.8 3032.99 533.937 372.459 1451.48 733.556 644.283 543.367 330.927
threshold=37567.660000000011 4548.0250000000005 2312.7900000000004 1.2037547151146779 2471.6800000000007 1.234975698203449 1.2423680512764912 3175.1200000000003 31547.650000000005 31536.125000000004 31618.515000000003 19.500000000000004 37325.745000000003 35663.375000000007
decision_type=2 2 2 2 2 2 2 2 2 2 2 2 2 2
left_child=2 3 -1 4 -2 7 -7 -5 9 12 13 -12 -4 -10
right_child=1 -3 8 5 -6 6 -8 -9 10 -11 11 -13 -14 -15
leaf_value=0.90912162462870283 -1.4094261089960733 -0.80385704517364509 0.013627238440912227 0.5002919013683611 0.20167122681935623 -1.6735590775807681 0.021182561259378088 -0.041346117428370882 -0.25129877805709844 1.1245396614074707 -0.094881100356578832 0.50712321281433104 0.40593785494565965 -0.86145687103271473
leaf_weight=2.9999999999999991 2.9999999999999991 4.9999999999999991 457 13.000000000000002 3 3.0000000000000027 22 6.9999999999999991 4.9999999999999982 2.9999999999999991 40 4.9999999999999991 8.9999999999999982 4
leaf_count=3 3 5 457 13 3 3 22 7 5 3 40 5 9 4
internal_value=0.00693691 -0.106836 0.0190497 -0.0385011 -0.603877 0.0368825 -0.182186 0.310719 0.0139441 0.0282616 -0.110406 -0.0279917 0.0212041 -0.52248
internal_weight=582 56 526 51 6 45 25 20 523 469 54 45 466 9
internal_count=582 56 526 51 6 45 25 20 523 469 54 45 466 9
is_linear=0
shrinkage=0.05


Tree=202
num_leaves=14
num_cat=0
split_feature=3 4 2 3 4 5 2 6 4 0 6 2 0
split_gain=443.321 1475 1502.21 1032.37 970.329 1141.45 951.733 797.384 1881.36 1169.13 576.068 623.662 567.18
threshold=1.1242874489886032 35134.500000000007 7059.9650000000011 1.1228354990847276 35692.500000000007 18.500000000000004 6057.6200000000008 73.500000000000014 37487.500000000007 29881.155000000002 79.500000000000014 4225.4150000000009 30930.560000000001
decision_type=2 2 2 2 2 2 2 2 2 2 2 2 2
left_child=3 -2 4 7 5 -3 -6 8 9 -1 11 -9 -12
right_child=1 2 -4 -5 6 -7 -8 10 -10 -11 12 -13 -14
leaf_value=-0.11691812995602098 -0.9227117824554445 0.89435671965281183 -0.90608344554901132 0.9426446119944254 -0.081604966049554292 -0.080940439303716027 0.61933490037918093 0.33716640882194043 1.4494222482045493 0.58784449232949154 -0.014957706519106235 -0.11810119052663343 0.15347317976411434
leaf_weight=17.000000000000007 4.9999999999999991 5.9999999999999982 4.9999999999999991 2.9999999999999991 154 6 4.9999999999999991 7.9999999999999991 2.9999999999999991 8.9999999999999982 154 126 74
leaf_count=17 5 6 5 3 154 6 5 8 3 9 154 126 74
internal_value=-0.0111038 -0.0758783 -0.0518205 0.0186531 -0.0268421 0.406708 -0.0595628 0.0115636 0.263837 0.127038 -0.00864611 -0.090921 0.0397085
internal_weight=575 181 176 394 171 12 159 391 29 26 362 134 228
internal_count=575 181 176 394 171 12 159 391 29 26 362 134 228
is_linear=0
shrinkage=0.05


Tree=203
num_leaves=16
num_cat=0
split_feature=2 2 1 1 3 6 2 2 6 1 0 0 2 2 2
split_gain=242.037 1204.71 1066.28 1596 1046.15 4045.1 808.31 514.395 513.054 957.76 3066.01 2286.53 239.014 90.8773 32.7027
threshold=3822.4100000000003 3732.5650000000005 38714.475000000013 37774.35500000001 1.1885024806116615 73.500000000000014 3795.4650000000006 4149.2000000000007 79.500000000000014 38714.475000000013 31949.185000000001 31927.960000000003 2687.8350000000005 2031.0550000000003 3288.1700000000005
decision_type=2 2 2 2 2 2 2 2 2 2 2 2 2 2 2
left_child=1 8 3 4 7 -6 -3 -2 12 11 -11 -10 13 -1 -14
right_child=2 6 -4 -5 5 -7 -8 -9 9 10 -12 -13 14 -15 -16
leaf_value=0.25777819633483851 0.20513920314384229 -1.331422323981921 0.74950798988342293 -0.97904440760612488 -0.5334493845701217 1.7151877760887144 -0.17073971033096311 0.00075966400857243796 0.097611679614354407 -1.8865316549936937 0.023970088788441247 -1.3348746299743652 0.53387095133463547 0.013568762689828873 0.31548735238611691
leaf_weight=5.0000000000000062 33 2.9999999999999991 4.9999999999999991 3.9999999999999991 4 4 3 459 39 2.9999999999999982 7 2.9999999999999991 2.9999999999999991 15.999999999999998 4
leaf_count=5 33 3 5 4 4 4 3 459 39 3 7 3 3 16 4
internal_value=0.00983208 -0.0677501 0.0229403 0.0157323 0.0236905 0.590869 -0.751081 0.014468 -0.0165002 -0.109415 -0.54918 -0.00470877 0.156055 0.0717139 0.40908
internal_weight=595 86 509 504 500 8 6 492 80 52 10 42 28 21 7
internal_count=595 86 509 504 500 8 6 492 80 52 10 42 28 21 7
is_linear=0
shrinkage=0.05


Tree=204
num_leaves=13
num_cat=0
split_feature=2 1 1 4 0 0 0 0 0 2 3 0
split_gain=455.196 448.243 8545.86 1177.84 2308.99 1044.2 1702.02 3142.78 1012.46 852.213 776.931 404.156
threshold=18532.700000000001 34939.42500000001 34851.185000000005 37657.000000000007 30685.635000000002 31347.380000000005 31291.855000000003 31306.450000000004 31352.625000000004 7059.9650000000011 1.1737211303783697 30930.560000000001
decision_type=2 2 2 2 2 2 2 2 2 2 2 2
left_child=1 2 3 11 -5 6 9 -8 -7 -3 -10 -1
right_child=-2 5 -4 4 -6 8 7 -9 10 -11 -12 -13
leaf_value=-0.029722485750257863 -0.61020132700602225 -0.065058287642896173 2.6952122688293461 1.7080993751684828 -0.12691309452056884 0.96993064880371094 -2.1380818525950116 -0.24042418599128723 0.17213544855299204 -0.92343438466389982 -0.13563049363123406 0.078629081288543276
leaf_weight=267 2.9999999999999991 80 2.9999999999999991 2.9999999999999991 4 2.9999999999999991 2.9999999999999991 7.9999999999999991 46 2.9999999999999991 37 127
leaf_count=267 3 80 3 3 4 3 3 8 46 3 37 127
internal_value=0.00412054 0.0072763 0.0365155 0.016625 0.659521 -0.0583495 -0.173538 -0.757967 0.0675546 -0.0960839 0.0349386 0.00520302
internal_weight=587 584 404 401 7 180 94 11 86 83 83 394
internal_count=587 584 404 401 7 180 94 11 86 83 83 394
is_linear=0
shrinkage=0.05


Tree=205
num_leaves=13
num_cat=0
split_feature=2 0 0 0 0 4 5 2 1 1 0 4
split_gain=438.311 433.772 1373.86 3313.56 873.285 583.162 610.591 439.725 554.212 346.104 308.029 298.161
threshold=18407.930000000004 31347.380000000005 31291.855000000003 31302.120000000006 31352.625000000004 38215.000000000007 19.500000000000004 2972.7550000000006 36785.750000000007 35917.480000000003 30740.450000000004 37332.500000000007
decision_type=2 2 2 2 2 2 2 2 2 2 2 2
left_child=1 2 7 -4 -3 6 -6 10 -9 -7 -1 -5
right_child=-2 4 3 11 5 9 -8 8 -10 -11 -12 -13
leaf_value=-0.0077013417147099947 0.46717289447784421 0.92143408457438147 -1.9594817273318743 -0.055848965474537431 -0.031273751714256372 0.159212068716685 0.23290144174263397 -0.0037289438939436918 -0.26179146780209112 0.91871151924133265 0.40005541823127055 -0.54533184766769416
leaf_weight=8.0000000000000018 4.9999999999999991 2.9999999999999991 3.0000000000000027 14.000000000000002 89 2.9999999999999991 29 383 22 3 10.999999999999998 3.9999999999999991
leaf_count=8 5 3 3 14 89 3 29 383 22 3 11 4
internal_value=0.00106492 -0.00300945 -0.0262702 -0.421031 0.0784949 0.0581012 0.0336507 -0.00671839 -0.0177472 0.538962 0.228368 -0.164623
internal_weight=577 572 445 21 127 124 118 424 405 6 19 18
internal_count=577 572 445 21 127 124 118 424 405 6 19 18
is_linear=0
shrinkage=0.05


Tree=206
num_leaves=20
num_cat=0
split_feature=2 1 8 0 3 2 7 2 0 7 2 6 8 0 1 1 0 3 1
split_gain=625.535 1625.11 1127.79 2042.87 520.206 1502.7 514.142 513.094 3376.08 1093.85 745.315 1378.02 452.414 307.364 303.166 154.445 410.343 92.6021 86.8792
threshold=3862.1250000000005 38714.475000000013 4.5000000000000009 31558.700000000001 1.2037547151146779 2031.0550000000003 1.5000000000000002 4149.2000000000007 30729.595000000005 1.0000000180025095e-35 4548.0250000000005 75.500000000000014 4.5000000000000009 31800.090000000004 33853.270000000011 39227.465000000004 31347.380000000005 1.2698507897981408 40539.980000000003
decision_type=2 2 2 2 2 2 2 2 2 2 2 2 2 2 2 2 2 2 2
left_child=2 7 4 -4 5 -1 -7 8 14 -10 11 -9 -12 -5 -2 16 -6 -17 -15
right_child=1 -3 3 13 15 6 -8 10 9 -11 12 -13 -14 18 -16 17 -18 -19 -20
leaf_value=-1.2390994787216187 -0.087247260411580332 1.0217133283615112 -1.3447151088714602 0.3057909488677979 0.079439502483920038 0.1934462757781148 -0.20470822612941264 0.47394477367401094 1.2713621187210076 0.3911292552947998 -0.02977275914731491 -0.45409690435975797 0.076620797700731158 -0.41529523849487299 -0.68800668716430657 -0.24728523492813115 0.6366263270378113 0.075479933023452753 -0.07494402825832365
leaf_weight=2.9999999999999991 3.0000000000000018 3.9999999999999991 4.9999999999999991 2.9999999999999991 19.000000000000004 11.999999999999998 25 5.0000000000000027 5.0000000000000027 11.999999999999998 251 20 166 5 7 3.9999999999999982 3.9999999999999991 5 3
leaf_count=3 3 4 5 3 19 12 25 5 5 12 251 20 166 5 7 4 4 5 3
internal_value=-0.0046056 0.0181677 -0.127012 -0.506719 -0.0426324 -0.162841 -0.075577 0.00960863 0.221206 0.650021 -0.00331702 -0.268489 0.0125806 -0.125812 -0.507779 0.107629 0.176342 -0.0679713 -0.287664
internal_weight=561 473 88 16 72 40 37 469 27 17 442 25 417 11 10 32 23 9 8
internal_count=561 473 88 16 72 40 37 469 27 17 442 25 417 11 10 32 23 9 8
is_linear=0
shrinkage=0.05


Tree=207
num_leaves=12
num_cat=0
split_feature=2 4 1 6 6 0 4 2 0 4 4
split_gain=882.891 419.592 1490.51 506.232 1173.56 334.921 1058.53 692.306 254.626 2451.6 829.88
threshold=1804.3950000000002 33030.000000000007 29938.350000000002 73.500000000000014 75.500000000000014 29646.715000000004 37487.500000000007 3885.3000000000006 30152.245000000003 33317.500000000007 33155.000000000007
decision_type=2 2 2 2 2 2 2 2 2 2 2
left_child=-1 2 3 -2 -5 6 7 -3 9 -7 -10
right_child=1 5 -4 4 -6 8 -8 -9 10 -11 -12
leaf_value=-0.77659964561462402 0.66042634646097831 -0.84826332628726964 1.0234116077423097 -0.61274659857153901 0.07765758728571967 1.1217656517028809 -1.074196481704712 -0.067106483676112619 -0.5525949269533158 -0.024253196705664906 -0.037762090403678991
leaf_weight=3.9999999999999991 2.9999999999999991 2.9999999999999991 3.9999999999999991 6.9999999999999991 51 4.9999999999999991 2.9999999999999991 52 7.9999999999999991 70 363
leaf_count=4 3 3 4 7 51 5 3 52 8 70 363
internal_value=-0.0363602 -0.0311564 0.0884036 0.0270916 -0.00566706 -0.0465758 -0.159602 -0.109715 -0.0318773 0.0521481 -0.0488636
internal_weight=573 569 65 61 58 504 58 55 446 75 371
internal_count=573 569 65 61 58 504 58 55 446 75 371
is_linear=0
shrinkage=0.05


Tree=208
num_leaves=24
num_cat=0
split_feature=6 4 7 3 1 0 1 1 4 1 6 1 0 6 0 4 2 3 3 1 0 2 3
split_gain=311.158 876.267 3499.23 5876.14 1869.6 559.724 529.444 948.252 403.704 1111.35 1892.74 1549.81 298.681 490.22 344.049 610.807 386.344 337.978 296.244 568.51 287.277 244.881 220.477
threshold=74.500000000000014 37162.000000000007 3.5000000000000004 1.138378225421983 37325.745000000003 30839.915000000005 32798.410000000011 34660.280000000006 33797.500000000007 30672.995000000006 85.500000000000014 33479.775000000009 30502.150000000005 86.500000000000014 30554.970000000005 36220.000000000007 4158.9450000000006 1.0129705308578492 0.99307988442681039 29759.615000000002 30393.590000000004 7248.6750000000011 1.0332137552344822
decision_type=2 2 2 2 2 2 2 2 2 2 2 2 2 2 2 2 2 2 2 2 2 2 2
left_child=1 5 3 -3 -5 6 20 -8 9 18 11 -11 13 17 15 -14 -16 -10 19 -2 -1 -4 -15
right_child=8 2 21 4 -6 -7 7 -9 12 10 -12 -13 14 22 16 -17 -18 -19 -20 -21 -22 -23 -24
leaf_value=-0.10363251703126092 0.023618079397989357 2.8563019911448126 -0.12853879407048224 -0.33058781802654263 1.2482710202534992 -0.57098585665225987 0.85473548173904423 0.024290975115515971 -0.081072030846889201 0.46852416315904011 1.5659239212671916 -0.65694085359573373 -0.12404096722602842 0.10933912047743798 0.063590621435514069 0.74974904060363756 -0.061111572285227601 -0.32933396512064439 0.49070100635290148 -0.39275701244672145 0.34365696907043458 -0.68180242031812655 -0.10064969407604077
leaf_weight=35 92 3.0000000000000027 4 5 3 3.9999999999999991 4.9999999999999991 10.999999999999998 26 13.000000000000005 2.9999999999999991 3.9999999999999991 4 25 93 4 187 29 2.9999999999999991 8.9999999999999982 3.9999999999999991 4 25
leaf_count=35 92 3 4 5 3 4 5 11 26 13 3 4 4 25 93 4 187 29 3 9 4 4 25
internal_value=0.00208805 0.0951774 0.390496 0.969162 0.261484 7.49913e-05 0.0416067 0.283805 -0.0119564 0.0667014 0.408041 0.203709 -0.0367746 -0.108965 -0.0104552 0.312854 -0.0196926 -0.211974 0.00105917 -0.0134847 -0.0577567 -0.405171 0.00434471
internal_weight=595 78 19 11 8 59 55 16 517 124 20 17 393 105 288 8 280 55 104 101 39 8 50
internal_count=595 78 19 11 8 59 55 16 517 124 20 17 393 105 288 8 280 55 104 101 39 8 50
is_linear=0
shrinkage=0.05


Tree=209
num_leaves=21
num_cat=0
split_feature=6 4 3 7 2 1 0 1 1 0 4 3 1 1 4 4 0 1 2 1
split_gain=273.174 912.021 2809.18 4782.39 1513.32 1353.23 1092.36 704.152 615.754 272.629 265.548 1090.46 1838.71 1205.7 442.577 788.147 720.243 485.563 394.717 81.5703
threshold=74.500000000000014 37162.000000000007 1.138378225421983 3.5000000000000004 6337.2050000000008 37325.745000000003 30796.465000000004 32798.410000000011 34660.280000000006 30393.590000000004 34732.500000000007 1.1532894769286688 33286.06500000001 30672.995000000006 35134.500000000007 35217.000000000007 31886.825000000001 30935.880000000005 4206.545000000001 30062.265000000003
decision_type=2 2 2 2 2 2 2 2 2 2 2 2 2 2 2 2 2 2 2 2
left_child=1 6 3 -3 5 -4 7 9 -9 -1 11 12 13 -2 17 16 -16 19 -17 -12
right_child=10 2 4 -5 -6 -7 -8 8 -10 -11 14 -13 -14 -15 15 18 -18 -19 -20 -21
leaf_value=-0.11481340461011445 0.022330573733585577 2.7134868144988982 -0.059365165233612072 -0.10974632898966469 -0.98666008313496922 1.1858575185139972 -0.7958025336265564 0.8119987022876739 0.10467953979969025 0.32647410035133362 -0.079647254111135712 1.0079932848612467 -1.1798458019892375 0.52926559425317332 0.62566591832372875 0.058434415170021597 -0.26891228357950847 -0.68878188133239748 -0.056365997474344953 -0.26707737616130284
leaf_weight=28 120 3.0000000000000027 7.9999999999999982 3 2.9999999999999991 3 3.9999999999999991 4.9999999999999991 7.9999999999999991 3.9999999999999991 34 2.9999999999999991 2.9999999999999991 12.999999999999998 8.9999999999999982 124 2.9999999999999991 3.9999999999999991 189 6.9999999999999991
leaf_count=28 120 3 8 3 3 3 4 5 8 4 34 3 3 13 9 124 3 4 189 7
internal_value=0.0188029 0.112163 0.396695 1.30187 0.00876221 0.280241 -0.00397264 0.0664122 0.376725 -0.0596525 0.00614703 0.0650688 0.044269 0.0718806 -0.0159884 0.00435985 0.402021 -0.162948 -0.010886 -0.111648
internal_weight=578 69 20 6 14 11 49 45 13 32 509 139 136 133 370 325 12 45 313 41
internal_count=578 69 20 6 14 11 49 45 13 32 509 139 136 133 370 325 12 45 313 41
is_linear=0
shrinkage=0.05


Tree=210
num_leaves=12
num_cat=0
split_feature=3 6 0 6 2 2 3 2 0 2 8
split_gain=403.972 303.399 837.517 720.508 553.324 505.758 2636.45 1064.62 455.144 892.7 427.97
threshold=0.56448626136144153 81.500000000000014 31843.890000000003 82.500000000000014 1804.3950000000002 4689.3000000000002 1.1914557283660754 4598.8050000000012 29386.195000000003 6963.7600000000011 4.5000000000000009
decision_type=2 2 2 2 2 2 2 2 2 2 2
left_child=-1 4 8 -4 -2 7 -7 -6 9 -3 -10
right_child=1 2 3 -5 5 6 -8 -9 10 -11 -12
leaf_value=-0.49481203556060793 -0.69839461644490564 -0.8495712250471108 0.087045049667358404 1.1828768094380695 0.054487424755864072 -0.02880615070615531 -1.322986400127411 0.89455348253250122 0.012300770750333524 -0.034579758026770185 0.16510069226262286
leaf_weight=3.9999999999999991 2.9999999999999991 4.0000000000000027 2.9999999999999991 3 66 243 3.9999999999999991 3.9999999999999991 145 21 67
leaf_count=4 3 4 3 3 66 243 4 4 145 21 67
internal_value=0.00588849 0.00944587 0.0515665 0.634961 -0.0225395 -0.0161434 -0.0497645 0.102491 0.036797 -0.164978 0.0605913
internal_weight=567 563 243 6 320 317 247 70 237 25 212
internal_count=567 563 243 6 320 317 247 70 237 25 212
is_linear=0
shrinkage=0.05


Tree=211
num_leaves=10
num_cat=0
split_feature=1 1 1 1 2 1 0 2 0
split_gain=207.238 463.584 860.136 796.529 697.911 522.562 400.177 183.319 47.4547
threshold=40405.490000000013 38660.595000000008 38465.170000000006 38993.790000000008 1804.3950000000002 36528.460000000014 32028.415000000005 2972.7550000000006 32389.380000000001
decision_type=2 2 2 2 2 2 2 2 2
left_child=1 2 4 -3 -1 -6 7 -5 -8
right_child=-2 3 -4 6 5 -7 8 -9 -10
leaf_value=0.75993943214416504 -0.31942787051200866 0.78363600730895944 -0.84953937530517587 0.011552564799785609 0.012610194491124466 -0.14516428742573548 0.53480495611826584 -0.44676280816396075 0.25357333024342849
leaf_weight=2.9999999999999991 4.9999999999999991 5.0000000000000027 2.9999999999999991 8.0000000000000018 475 59 2.9999999999999991 2.9999999999999991 3
leaf_count=3 5 5 3 8 475 59 3 3 3
internal_value=0.00104878 0.00389999 -0.00526602 0.228884 -0.000549408 -0.00482182 0.0657216 -0.113443 0.394189
internal_weight=567 562 540 22 537 534 17 11 6
internal_count=567 562 540 22 537 534 17 11 6
is_linear=0
shrinkage=0.05


Tree=212
num_leaves=20
num_cat=0
split_feature=4 2 7 1 1 6 3 4 5 0 3 6 3 2 4 2 6 3 0
split_gain=506.465 1044.72 1296.18 604.709 1450.49 727.297 615.454 586.526 568.102 705.811 541.598 413.977 1464.59 478.666 1649.33 1224.32 172.05 166.617 102.611
threshold=37332.500000000007 7659.0000000000009 4.5000000000000009 39257.420000000006 38714.475000000013 82.500000000000014 1.2305877188387628 37162.000000000007 20.500000000000004 31302.120000000006 1.1242874489886032 85.500000000000014 1.1623153717739958 4074.8350000000005 35987.500000000007 5282.1100000000006 81.500000000000014 1.0332137552344822 30729.595000000005
decision_type=2 2 2 2 2 2 2 2 2 2 2 2 2 2 2 2 2 2 2
left_child=7 3 -3 4 6 -5 -2 11 9 16 -11 13 17 14 -1 -15 -9 -13 -10
right_child=1 2 -4 5 -6 -7 -8 8 18 10 -12 12 -14 15 -16 -17 -18 -19 -20
leaf_value=1.2553818066914877 -0.099063595374345143 -1.4860372225443523 -0.11117157936096189 0.72428615093231219 -1.0385761082172393 -0.1802626550197601 0.42341456413269046 0.48523054520288994 0.018724843859672546 0.44750810861587537 -0.19986633658409117 0.10957337734384501 1.1809703230857849 -0.29584112614393238 0.041869025996753149 -0.010566604424368692 0.98613634109497061 -0.045114469693766701 -0.39481852849324534
leaf_weight=2.9999999999999991 93 2.9999999999999991 4 4.9999999999999982 3.9999999999999991 4 5.9999999999999991 3.0000000000000062 2.9999999999999991 6.9999999999999982 6 49 2.9999999999999991 44 42 259 4 27 3
leaf_count=3 93 3 4 5 4 4 6 3 3 7 6 49 3 44 42 259 4 27 3
internal_value=-0.0160123 -0.107808 -0.7004 -0.070771 -0.105114 0.322264 -0.0673983 0.0081018 0.238666 0.36668 0.14872 -0.00593724 0.0973913 -0.029394 0.12277 -0.0519926 0.771462 0.0546185 -0.188047
internal_weight=572 119 7 112 103 9 99 453 26 20 13 427 79 348 45 303 7 76 6
internal_count=572 119 7 112 103 9 99 453 26 20 13 427 79 348 45 303 7 76 6
is_linear=0
shrinkage=0.05


Tree=213
num_leaves=15
num_cat=0
split_feature=2 4 0 3 6 4 0 0 7 5 2 3 6 6
split_gain=833.978 318.5 1433.5 1252.57 352.602 343.491 283.645 685.818 468.433 305.165 1536.37 556.186 186.144 176.996
threshold=1804.3950000000002 33030.000000000007 31064.360000000004 0.95973312857638216 81.500000000000014 32625.000000000004 31780.940000000006 31800.090000000004 1.0000000180025095e-35 18.500000000000004 4497.3850000000011 1.234975698203449 73.500000000000014 79.500000000000014
decision_type=2 2 2 2 2 2 2 2 2 2 2 2 2 2
left_child=-1 2 4 13 12 -6 9 -8 -9 10 -3 -11 -2 -4
right_child=1 6 3 -5 5 -7 7 8 -10 11 -12 -13 -14 -15
leaf_value=-0.73241157531738288 0.17185024738311769 0.43513424336910256 0.57031373977661148 1.501128244400024 0.035627169907093047 0.46958289941151937 0.83775051434834813 0.35293822305070033 -0.072545931650244672 -0.047279848256237378 -0.044138282347543571 -0.44593289163377553 -0.15934758947363922 0.062260074913501731
leaf_weight=3.9999999999999991 4.9999999999999991 20 2.9999999999999982 3 19.000000000000004 5.9999999999999991 2.9999999999999991 8.9999999999999982 23 314 102 8.9999999999999982 28 4
leaf_count=4 5 20 3 3 19 6 3 9 23 314 102 9 28 4
internal_value=-0.013065 -0.00781433 0.0934603 0.646337 -0.00186324 0.139777 -0.0221616 0.11489 0.0471215 -0.0329409 0.034431 -0.0583878 -0.109166 0.279997
internal_weight=552 548 68 10 58 25 480 35 32 445 122 323 33 7
internal_count=552 548 68 10 58 25 480 35 32 445 122 323 33 7
is_linear=0
shrinkage=0.05


Tree=214
num_leaves=9
num_cat=0
split_feature=2 3 3 3 3 2 3 3
split_gain=721.898 275.198 1774.49 964.038 939.218 353.385 300.939 285.472
threshold=18407.930000000004 1.234975698203449 1.2458442924015294 1.2305877188387628 1.2231501256029709 3732.5650000000005 1.2037547151146779 1.2554011339549793
decision_type=2 2 2 2 2 2 2 2
left_child=1 3 -3 4 6 7 -1 -4
right_child=-2 2 5 -5 -6 -7 -8 -9
leaf_value=0.00038988835497780943 -0.67307379245758059 -1.1268132239580144 0.39910384329656717 0.63899142742156989 -0.7616303145885468 -0.35765134334564208 0.2083686720993784 -0.023293887668599689
leaf_weight=516 3.9999999999999991 4.0000000000000027 6.0000000000000062 5.9999999999999991 3.9999999999999991 4.9999999999999991 18 11.999999999999998
leaf_count=516 4 4 6 6 4 5 18 12
internal_value=-0.00371037 0.000978691 -0.15483 0.00871185 0.00168271 0.0142104 0.00740041 0.117505
internal_weight=575 571 27 544 538 23 534 18
internal_count=575 571 27 544 538 23 534 18
is_linear=0
shrinkage=0.05


Tree=215
num_leaves=15
num_cat=0
split_feature=2 7 1 2 1 3 2 3 4 3 1 2 2 6
split_gain=537.66 339.999 573.204 986.181 828.053 1780.44 670.233 540.464 784.579 398.69 255.572 174.655 146.155 119.775
threshold=18407.930000000004 5.5000000000000009 38660.595000000008 2595.7850000000003 38003.990000000013 1.2337958699915343 2031.0550000000003 1.1040998788478005 37332.500000000007 1.2492364266900029 26925.755000000001 10568.080000000004 2160.6250000000005 82.500000000000014
decision_type=2 2 2 2 2 2 2 2 2 2 2 2 2 2
left_child=1 2 4 12 6 -6 -1 10 -9 -10 13 -12 -4 -3
right_child=-2 7 3 -5 5 -7 -8 8 9 -11 11 -13 -14 -15
leaf_value=0.75645011266072593 0.51821088314056396 -0.32039874593416834 0.21869803269704186 0.99155268669128427 -1.2269626379013063 0.38439522584279368 0.0066702625440919526 -0.91794264316558749 -0.28458710485383082 0.15682912554059711 0.060272033450504137 0.46491935650507615 -0.17148690223693844 -0.046794179826974869
leaf_weight=2.9999999999999991 4.9999999999999991 6.0000000000000027 5.9999999999999982 3.9999999999999991 3.9999999999999991 3 460 4.0000000000000027 19.000000000000004 6.9999999999999991 24.000000000000004 2.9999999999999991 4 11.999999999999998
leaf_count=3 5 6 6 4 4 3 460 4 19 7 24 3 4 12
internal_value=0.00202616 -0.00259088 0.0127592 0.328032 0.0033681 -0.536381 0.0115284 -0.10165 -0.266037 -0.165744 0.00794143 0.105233 0.0626241 -0.137996
internal_weight=564 559 484 14 470 7 463 75 30 26 45 27 10 18
internal_count=564 559 484 14 470 7 463 75 30 26 45 27 10 18
is_linear=0
shrinkage=0.05


Tree=216
num_leaves=16
num_cat=0
split_feature=1 2 0 2 1 2 3 0 0 0 0 3 0 4 1
split_gain=673.964 1868.18 774.283 1950.39 3244.97 624.603 561.712 369.06 311.795 1292.45 582.848 1010.57 248.084 211.272 25.7736
threshold=37855.17500000001 3732.5650000000005 31291.855000000003 2687.8350000000005 39081.615000000013 1804.3950000000002 1.2698507897981408 31712.170000000002 31547.650000000005 31536.125000000004 32001.495000000003 1.1208058883715373 32174.495000000006 36349.500000000007 39517.895000000011
decision_type=2 2 2 2 2 2 2 2 2 2 2 2 2 2 2
left_child=5 2 6 4 -4 -1 -2 -5 9 13 11 -10 -12 -7 -8
right_child=1 -3 3 7 -6 8 14 -9 10 -11 12 -13 -14 -15 -16
leaf_value=0.71862758000691729 0.84081417719523022 -1.1211089992523193 -2.180865097045896 0.58379770914713547 -0.0054923295974731437 -0.023750530630350115 -0.030967235565185543 -0.048511612918227913 -0.01528524535673636 1.0424605687459312 0.46609738469123851 -0.51675642356276519 -0.010778058568636575 0.045044506471392444 0.15441026290257767
leaf_weight=2.9999999999999991 3.0000000000000027 4.9999999999999991 3.0000000000000027 2.9999999999999991 4 305 5 9.9999999999999982 27 2.9999999999999991 4.9999999999999982 15.999999999999998 6 176 3
leaf_count=3 3 5 3 3 4 305 5 10 27 3 5 16 6 176 3
internal_value=-0.0147674 -0.22425 -0.0795952 -0.264914 -0.937795 -0.000827727 0.257349 0.0974059 -0.00483956 0.00787459 -0.118796 -0.201879 0.205984 0.00142187 0.0385493
internal_weight=577 36 31 20 7 541 11 13 538 484 54 43 11 481 8
internal_count=577 36 31 20 7 541 11 13 538 484 54 43 11 481 8
is_linear=0
shrinkage=0.05


Tree=217
num_leaves=21
num_cat=0
split_feature=4 4 5 0 1 0 0 0 5 3 4 4 2 3 0 5 0 3 2 0
split_gain=390.402 977.533 1062.07 2112 1480.17 717.593 445.769 2504.69 803.942 550.963 395.171 1343.99 1631.37 1172.04 724.821 1134.9 609.799 393.417 338.839 56.0702
threshold=37332.500000000007 37162.000000000007 20.500000000000004 31302.120000000006 34851.185000000005 29669.260000000006 31364.865000000002 31291.855000000003 18.500000000000004 1.234975698203449 35397.500000000007 35134.500000000007 4966.8700000000008 1.1532894769286688 31522.390000000003 19.500000000000004 31306.450000000004 1.1242874489886032 2629.0100000000007 30565.035000000003
decision_type=2 2 2 2 2 2 2 2 2 2 2 2 2 2 2 2 2 2 2 2
left_child=1 10 3 4 -3 -2 7 18 -8 -10 11 13 -13 -1 16 -16 -12 -5 -7 -4
right_child=5 2 19 17 -6 6 8 -9 9 -11 14 12 -14 -15 15 -17 -18 -19 -20 -21
leaf_value=-0.015676514028759522 -0.67136144161224376 0.58863350152969296 -0.4308960109949112 0.30035149753093726 1.9934692064921056 0.34131966114044188 0.85688792864481611 -1.2154659557342531 -0.098894384205341343 0.32965469602495434 -0.055870435180098522 0.021826346218585965 0.77589986278460588 0.97938240369160978 -0.4121557918411714 0.30227192470005582 0.20579114225175649 -0.26502537131309506 -0.087093503565217056 -0.12519951264063514
leaf_weight=218 4.9999999999999991 5.0000000000000053 2.9999999999999991 7.9999999999999982 3 4.9999999999999991 2.9999999999999991 4.9999999999999991 30 9.9999999999999982 127 16.000000000000004 12.999999999999998 2.9999999999999991 27 6.9999999999999991 27 5 60 3
leaf_count=218 5 5 3 8 3 5 3 5 30 10 127 16 13 3 27 7 27 5 60 3
internal_value=-0.00397032 0.016641 0.308629 0.47625 1.11545 -0.085193 -0.0592563 -0.137091 0.0674507 0.00824289 -0.00135822 0.0398263 0.359859 -0.00216893 -0.0561249 -0.265068 -0.0099947 0.0828989 -0.0541386 -0.278048
internal_weight=583 465 27 21 8 118 113 70 43 40 438 250 29 221 188 34 154 13 65 6
internal_count=583 465 27 21 8 118 113 70 43 40 438 250 29 221 188 34 154 13 65 6
is_linear=0
shrinkage=0.05


Tree=218
num_leaves=14
num_cat=0
split_feature=1 2 2 6 2 1 0 0 3 0 1 3 2
split_gain=849.714 1110.55 568.642 422.993 605.8 402.49 313.901 1127.82 949.806 1649.77 517.54 315.874 210.974
threshold=37325.745000000003 5430.8950000000013 1804.3950000000002 79.500000000000014 2687.8350000000005 37268.445000000007 31547.650000000005 31536.125000000004 1.1208058883715373 32001.495000000003 30782.690000000006 1.1611281148768302 3822.4100000000003
decision_type=2 2 2 2 2 2 2 2 2 2 2 2 2
left_child=5 2 -2 12 -5 6 7 11 10 -10 -8 -1 -4
right_child=1 -3 3 4 -6 -7 8 -9 9 -11 -12 -13 -14
leaf_value=-0.0075076263325520622 0.6542863988876344 1.1319915453592937 0.025430922862142321 0.80817586183547907 0.13680135522569931 -0.58196686108907059 -0.30927026271820068 0.97796558141708378 -0.78724147623235508 0.2434621672766904 0.15510187620917959 0.13956839527934792 -0.33437671184539797
leaf_weight=418 4.9999999999999991 2.9999999999999991 22.000000000000004 4.0000000000000027 21 2.9999999999999991 7.9999999999999991 2.9999999999999991 11.000000000000002 5.9999999999999991 24 40 4.9999999999999991
leaf_count=418 5 3 22 4 21 3 8 3 11 6 24 40 5
internal_value=0.0163045 0.194342 0.144992 0.0960217 0.244221 -0.00451863 -0.00112187 0.0116669 -0.121441 -0.423464 0.0390088 0.00533744 -0.0412001
internal_weight=573 60 57 52 25 513 510 461 49 17 32 458 27
internal_count=573 60 57 52 25 513 510 461 49 17 32 458 27
is_linear=0
shrinkage=0.05


Tree=219
num_leaves=11
num_cat=0
split_feature=2 1 0 0 4 2 0 3 2 2
split_gain=455.502 1500.79 367.35 374.366 1877.8 1887.62 1518.11 395.472 1169.62 475.648
threshold=2031.0550000000003 38993.790000000008 32317.205000000005 30930.560000000001 32625.000000000004 12070.640000000001 30954.380000000005 1.0316030963644132 7473.1050000000005 6311.4700000000003
decision_type=2 2 2 2 2 2 2 2 2 2
left_child=1 -1 3 7 5 -5 -6 9 -9 -2
right_child=2 -3 -4 4 6 -7 -8 8 -10 -11
leaf_value=-1.070179146528244 0.44712658921877546 0.29948745667934412 -0.48292706012725833 1.7903542359669999 1.1369800090789794 0.20390139102935789 0.0048086985705627049 -0.04275643639507351 -0.46596434159498473 -0.0049935759173179569
leaf_weight=4 5.9999999999999991 4 3.9999999999999991 3 2.9999999999999991 5 227 116 19 191
leaf_count=4 6 4 4 3 3 5 227 116 19 191
internal_value=-0.0106623 -0.385346 -0.00544026 -0.00208947 0.0457693 0.798821 0.0195762 -0.0363978 -0.102319 0.00877658
internal_weight=582 8 574 570 238 8 230 332 135 197
internal_count=582 8 574 570 238 8 230 332 135 197
is_linear=0
shrinkage=0.05


Tree=220
num_leaves=16
num_cat=0
split_feature=2 1 4 0 4 0 4 4 6 4 2 7 2 0 0
split_gain=405.894 300.147 490.659 2137.12 588.005 711.223 663.15 462.249 243.862 125.126 68.4326 36.8853 50.9339 12.2942 4.62731
threshold=18407.930000000004 24240.450000000004 33030.000000000007 31172.790000000005 33155.000000000007 30377.610000000004 33797.500000000007 31965.000000000004 82.500000000000014 31965.000000000004 17201.380000000001 2.5000000000000004 17530.800000000003 30505.715000000004 29248.520000000004
decision_type=2 2 2 2 2 2 2 2 2 2 2 2 2 2 2
left_child=1 8 3 7 5 -4 -6 -3 9 13 -11 14 -13 -1 -10
right_child=-2 2 4 -5 6 -7 -8 -9 11 10 -12 12 -14 -15 -16
leaf_value=-0.49742539723714141 0.46232063770294191 -0.13442554465111564 0.38793659806251529 1.1570493125915529 0.20693404149441494 -0.47279416024684906 -0.0013084177109259816 0.23429600841858808 0.055008868748942945 -0.21780984923243524 0.020993728190660477 -0.067216589087287754 0.15302974383036297 -0.35428078969319654 0.14282787044843034
leaf_weight=3.0000000000000027 4.9999999999999991 17 2.9999999999999991 4.9999999999999991 42 11.999999999999998 426 17 3.0000000000000027 11.999999999999998 3.9999999999999991 21.000000000000004 2.9999999999999991 3 3
leaf_count=3 5 17 3 5 42 12 426 17 3 12 4 21 3 3 3
internal_value=0.0137737 0.00986648 0.0212781 0.191873 0.00750336 -0.300648 0.01738 0.0499352 -0.104689 -0.23113 -0.158109 -0.011965 -0.0396858 -0.425853 0.0989184
internal_weight=579 574 522 39 483 15 468 34 52 22 16 30 24 6 6
internal_count=579 574 522 39 483 15 468 34 52 22 16 30 24 6 6
is_linear=0
shrinkage=0.05


Tree=221
num_leaves=20
num_cat=0
split_feature=0 1 0 0 7 3 8 4 0 1 2 4 1 2 0 1 0 7 2
split_gain=228.897 3225.4 374.306 571.566 755.739 473.024 1351.32 438.139 1684.31 1215.71 504.919 350.829 582.125 357.751 264.337 210.336 138.633 161.841 79.101
threshold=29187.670000000002 30483.560000000005 30502.150000000005 30431.860000000004 5.5000000000000009 1.0316030963644132 4.5000000000000009 32625.000000000004 31064.360000000004 28081.390000000003 18179.120000000006 33155.000000000007 29257.855000000003 13637.450000000003 30308.840000000004 26234.060000000001 28085.230000000007 5.5000000000000009 14207.435000000003
decision_type=2 2 2 2 2 2 2 2 2 2 2 2 2 2 2 2 2 2 2
left_child=1 16 3 5 15 14 -7 8 10 -10 -4 12 -9 -13 -2 -5 -1 18 -18
right_child=2 -3 7 4 -6 6 -8 11 9 -11 -12 13 -14 -15 -16 -17 17 -19 -20
leaf_value=0.24051887169480302 -0.011403869537197138 1.6859705135226251 -0.21242778301239007 0.14090516418218599 -0.94669580459594727 -0.018812067539624448 -0.53112486530752745 0.11738325527736121 0.23394662539164224 1.6573862234751378 0.51936465899149586 0.024536253121840663 -0.49056651128662959 -0.2792204460501671 0.19868824390901463 -0.29485514561335247 -0.091189057654456063 0.21688519343733789 -0.36745985398689907
leaf_weight=4.0000000000000027 89 2.9999999999999991 11.000000000000002 4.0000000000000027 3.9999999999999991 53 17 6.9999999999999991 2.9999999999999991 3 2.9999999999999991 316 8.9999999999999982 9.9999999999999982 18 8.9999999999999982 19.000000000000007 3.9999999999999991 2.9999999999999991
leaf_count=4 89 3 11 4 4 53 17 7 3 3 3 316 9 10 18 9 19 4 3
internal_value=-0.00513718 0.122805 -0.0127309 -0.068771 -0.345698 -0.0421735 -0.143231 0.0173017 0.244769 0.945666 -0.0556151 0.00399952 -0.224588 0.0152186 0.0239387 -0.160775 -0.0335118 -0.0756704 -0.128862
internal_weight=589 33 556 194 17 177 70 362 20 6 14 342 16 326 107 13 30 26 22
internal_count=589 33 556 194 17 177 70 362 20 6 14 342 16 326 107 13 30 26 22
is_linear=0
shrinkage=0.05


Tree=222
num_leaves=14
num_cat=0
split_feature=1 2 1 1 5 2 2 1 0 6 0 1 1
split_gain=411.174 1228.65 509.515 364.915 3036.3 535.661 341.978 8002.32 1047.78 187.335 322.956 272.958 17.3916
threshold=38660.595000000008 3922.6700000000005 39081.615000000013 37855.17500000001 19.500000000000004 1804.3950000000002 10102.955000000002 30280.455000000005 29596.770000000004 78.500000000000014 31780.940000000006 40059.10500000001 38465.170000000006
decision_type=2 2 2 2 2 2 2 2 2 2 2 2 2
left_child=3 2 -2 5 -5 -1 8 -8 -7 10 -4 -11 -6
right_child=1 -3 9 4 12 6 7 -9 -10 11 -12 -13 -14
leaf_value=0.6872158527374268 0.59882552623748675 1.0210346281528473 0.038419306278228739 -1.179956502914429 0.40323204994201656 -0.33555426027463831 0.029106115343184857 2.6369962692260742 0.012802270973801742 -0.095550440251827254 -0.6177876869837442 0.35057970651735859 0.57348481814066554
leaf_weight=2.9999999999999991 4.0000000000000062 3.9999999999999991 5.0000000000000018 4.9999999999999982 3 23 151 2.9999999999999991 351 7.9999999999999982 3 6 3
leaf_count=3 4 4 5 5 3 23 151 3 351 8 3 6 3
internal_value=0.0250544 0.205242 0.079735 0.015081 -0.269967 0.0209859 0.0172005 0.0799092 -0.00862072 -0.0146451 -0.207658 0.0956482 0.488358
internal_weight=572 30 26 542 11 531 528 154 374 22 8 14 6
internal_count=572 30 26 542 11 531 528 154 374 22 8 14 6
is_linear=0
shrinkage=0.05


Tree=223
num_leaves=13
num_cat=0
split_feature=3 3 1 3 3 0 0 0 6 4 3 5
split_gain=258.405 230.145 1470.3 1058.83 968.559 494 1202.89 1106.04 394.885 233.634 605.745 495.025
threshold=0.56448626136144153 1.157556824312594 35131.325000000004 1.1500765696821804 1.1496117951323483 32065.465000000004 31780.940000000006 32317.205000000005 73.500000000000014 36489.500000000007 1.1532894769286688 18.500000000000004
decision_type=2 2 2 2 2 2 2 2 2 2 2 2
left_child=-1 3 -3 4 8 6 -4 -7 -2 10 -5 -11
right_child=1 2 5 9 -6 7 -8 -9 -10 11 -12 -13
leaf_value=-0.45932023922602339 0.17707199711224131 1.1611298004786172 0.022779098382362955 -1.024851989746093 0.90068333943684908 -1.0923503796259562 0.62873599264356828 0.0022788786888122562 -0.014169091934768053 0.20862545035779481 -0.19934400945901867 -0.53763415336608877
leaf_weight=2.9999999999999991 29 2.9999999999999991 91 4.0000000000000018 2.9999999999999991 2.9999999999999991 8.9999999999999982 9.9999999999999982 390 3.9999999999999982 5 5
leaf_count=3 29 3 91 4 3 3 9 10 390 4 5 5
internal_value=0.00347779 0.0059749 0.0686263 -0.0105423 0.00547676 0.0396218 0.0773152 -0.250328 -0.000932835 -0.3861 -0.566236 -0.205963
internal_weight=559 556 116 440 422 113 100 13 419 18 9 9
internal_count=559 556 116 440 422 113 100 13 419 18 9 9
is_linear=0
shrinkage=0.05


Tree=224
num_leaves=13
num_cat=0
split_feature=3 3 3 3 0 0 2 2 2 6 3 2
split_gain=424.952 1484.94 715.467 461.166 386.504 389.267 1146.21 519.845 377.027 102.629 104.113 0.00838203
threshold=1.2305877188387628 1.2423680512764912 1.2231501256029709 1.2337958699915343 32303.785000000003 31859.145000000004 3247.2950000000005 2160.6250000000005 3732.5650000000005 85.500000000000014 1.2595035535373849 4251.9350000000013
decision_type=2 2 2 2 2 2 2 2 2 2 2 2
left_child=2 3 4 -2 5 7 -7 -1 9 10 -3 -10
right_child=1 8 -4 -5 -6 6 -8 -9 11 -11 -12 -13
leaf_value=0.66718929608662925 0.48094396591186528 0.25675083358179418 -0.76870941321055097 1.301025295257568 0.49525465369224553 -1.1106820583343493 -0.06260960759595037 0.0070811010828037979 -0.33498979806900026 -0.15775139331817628 0.019690790493041278 -0.33125214576721185
leaf_weight=2.9999999999999991 3.9999999999999991 11.000000000000009 2.9999999999999991 3 3.9999999999999991 3.0000000000000027 20 512 2.9999999999999991 2.9999999999999991 7.9999999999999991 3
leaf_count=3 4 11 3 3 4 3 20 512 3 3 8 3
internal_value=0.0121628 0.181047 0.00131696 0.832407 0.0055791 0.00193839 -0.199315 0.0109264 0.0182073 0.114024 0.156936 -0.333121
internal_weight=580 35 545 7 542 538 23 515 28 22 19 6
internal_count=580 35 545 7 542 538 23 515 28 22 19 6
is_linear=0
shrinkage=0.05


Tree=225
num_leaves=12
num_cat=0
split_feature=3 2 2 1 1 8 2 1 0 0 1
split_gain=449.764 353.926 1538.15 860.631 969.39 467.179 1793.66 966.133 621.137 515.03 136.497
threshold=0.56448626136144153 3959.9850000000006 4007.9600000000005 38898.225000000006 37774.35500000001 4.5000000000000009 3732.5650000000005 38714.475000000013 32101.795000000002 31812.365000000002 33479.775000000009
decision_type=2 2 2 2 2 2 2 2 2 2 2
left_child=-1 5 10 4 -4 8 7 -7 9 -2 -3
right_child=1 2 3 -5 -6 6 -8 -9 -10 -11 -12
leaf_value=0.54195114225149155 -0.026554184192791583 0.5855990409851074 0.019692647006378804 0.86257607142130532 -0.7620454728603363 0.42348650296529089 -1.415102481842041 -0.35358058959245686 -0.72782537539800007 0.49652307033538823 1.0625632286071773
leaf_weight=3.9999999999999991 80 2.9999999999999991 462 2.9999999999999991 3.9999999999999991 6.0000000000000062 2.9999999999999991 11.999999999999998 2.9999999999999991 4.9999999999999991 3
leaf_count=4 80 3 462 3 4 6 3 12 3 5 3
internal_value=0.0135668 0.00994775 0.0285938 0.0184169 0.0129824 -0.0713078 -0.283207 -0.0945582 -0.0207409 0.00421507 0.824081
internal_weight=588 584 475 469 466 109 21 18 88 85 6
internal_count=588 584 475 469 466 109 21 18 88 85 6
is_linear=0
shrinkage=0.05


Tree=226
num_leaves=16
num_cat=0
split_feature=1 2 0 2 4 3 4 1 1 7 1 1 0 1 1
split_gain=457.612 934.137 314.945 799.692 690.009 977.817 633.216 400.362 733.729 214.187 129.402 140.999 163.105 102.137 30.5752
threshold=38660.595000000008 3922.6700000000005 31859.145000000004 2312.7900000000004 36890.000000000007 1.1358994381720218 38215.000000000007 38095.650000000009 37855.17500000001 1.0000000180025095e-35 39257.420000000006 40059.10500000001 31780.940000000006 40539.980000000003 38465.170000000006
decision_type=2 2 2 2 2 2 2 2 2 2 2 2 2 2 2
left_child=2 10 3 -1 9 6 -6 8 -5 -4 -2 12 -12 -13 -9
right_child=1 -3 4 7 5 -7 -8 14 -10 -11 11 13 -14 -15 -16
leaf_value=0.81405132611592623 0.33993424773216185 0.90932862758636479 0.45323285659154222 -0.0041092543563406381 -0.66409675280253122 -1.2560068209966022 0.36321008404095956 0.28850518067677816 -0.68397706747055054 -0.081166076660156239 0.053355915844440438 0.42591459751129152 -0.33768275976181034 0.039974567666649807 0.51424554189046212
leaf_weight=2.9999999999999991 4.0000000000000062 3.9999999999999991 3.0000000000000018 504 2.9999999999999982 3 3 2.9999999999999991 3.9999999999999991 5 8.0000000000000018 2.9999999999999991 3.9999999999999991 4 3
leaf_count=3 4 4 3 504 3 3 3 3 4 5 8 3 4 4 3
internal_value=0.00327528 0.204104 -0.00687899 8.4011e-05 -0.218636 -0.518964 -0.150443 -0.00466677 -0.00946254 0.119234 0.0814563 0.0270399 -0.0769903 0.205377 0.401375
internal_weight=561 27 534 517 17 9 6 514 508 8 23 19 12 7 6
internal_count=561 27 534 517 17 9 6 514 508 8 23 19 12 7 6
is_linear=0
shrinkage=0.05


Tree=227
num_leaves=30
num_cat=0
split_feature=8 0 0 5 3 0 0 4 2 2 2 2 3 0 0 3 0 5 1 0 2 0 0 4 0 4 7 0 7
split_gain=391.794 520.61 749.607 695.532 1453.2 736.463 523.879 464.244 436.459 1567.85 2327.84 1037.18 2458.06 897.889 1427.79 694.272 688.42 763.158 666.675 545.234 403.346 476.304 289.775 475.777 284.81 233.227 99.9599 72.1556 33.8269
threshold=4.5000000000000009 31494.620000000006 31618.515000000003 19.500000000000004 1.1757830903046622 32174.495000000006 31334.535000000003 36349.500000000007 5136.0300000000007 4598.8050000000012 4834.170000000001 7843.0250000000005 1.0730127683517734 31712.170000000002 31271.585000000003 1.0523011373168341 31254.450000000004 19.500000000000004 35598.070000000007 31927.960000000003 4149.2000000000007 31404.930000000004 29933.080000000005 36349.500000000007 29777.980000000003 35692.500000000007 1.0000000180025095e-35 31530.555000000004 1.5000000000000002
decision_type=2 2 2 2 2 2 2 2 2 2 2 2 2 2 2 2 2 2 2 2 2 2 2 2 2 2 2 2 2
left_child=1 6 7 5 -5 -4 22 25 9 13 -11 16 15 14 -2 -13 17 -10 -18 -15 21 -8 24 -24 -1 -3 -22 -12 -9
right_child=8 2 3 4 -6 -7 20 28 11 10 27 12 -14 19 -16 -17 18 -19 -20 -21 26 -23 23 -25 -26 -27 -28 -29 -30
leaf_value=0.011255819705683132 -0.14814225264957967 -0.50395404696464541 -0.25197118609212338 1.2228017290433248 -0.23296340107917782 0.31420774374689375 0.87234261035919192 -0.1108057002226512 -0.64392857104539858 1.8835060477256775 0.075033957759539305 0.067552051784806569 1.3082190781831742 -0.69377953529357916 0.95812247753143298 -0.70237463315327964 -0.11771730060378711 -0.11644891109317541 0.62764352560043335 -0.054306705445051201 0.2910505723953245 0.038910344243049615 -0.12762089759242118 0.020266412624802728 0.28674470111727718 -1.1274212916692095 0.043383336879990325 0.37535785833994545 -0.31643565495808917
leaf_weight=43 7.0000000000000018 2.9999999999999991 32 2.9999999999999991 4 6.9999999999999991 3.9999999999999991 2.9999999999999982 12.000000000000002 2.9999999999999991 2.9999999999999982 122 3.9999999999999991 4.9999999999999991 5 2.9999999999999991 11.999999999999998 15.999999999999998 3.9999999999999991 9.9999999999999982 5.0000000000000027 3 114 104 11.999999999999998 3 22 6 6
leaf_count=43 7 3 32 3 4 7 4 3 12 3 3 122 4 5 5 3 12 16 4 10 5 3 114 104 12 3 22 6 6
internal_value=-0.00346279 -0.0346538 -0.168069 -0.0679798 0.390936 -0.150349 -0.00814447 -0.47501 0.05068 0.20178 0.677314 0.016617 0.0881171 -0.00956845 0.312801 0.0490738 -0.193008 -0.342512 0.0686229 -0.267464 0.176935 0.515157 -0.0311946 -0.0570692 0.0713625 -0.815688 0.0892476 0.27525 -0.247892
internal_weight=580 368 61 46 7 39 307 15 212 39 12 173 129 27 12 125 44 28 16 15 34 7 273 218 55 6 27 9 9
internal_count=580 368 61 46 7 39 307 15 212 39 12 173 129 27 12 125 44 28 16 15 34 7 273 218 55 6 27 9 9
is_linear=0
shrinkage=0.05


Tree=228
num_leaves=22
num_cat=0
split_feature=4 0 2 8 4 0 0 3 0 5 3 3 4 0 3 4 0 2 1 3 5
split_gain=209.257 3415.76 1127.7 2177.66 649.019 539.597 1986.76 501.44 476.551 403.998 385.37 1340.68 1141.92 2132.69 878.272 367.345 323.817 241.168 235.255 240.331 92.6794
threshold=37217.000000000007 29513.995000000003 7059.9650000000011 4.5000000000000009 37010.000000000007 31421.935000000001 31291.855000000003 1.0549729481239807 30682.020000000004 18.500000000000004 1.157556824312594 1.1500765696821804 35987.500000000007 31476.445000000003 1.1496117951323483 36220.000000000007 31927.960000000003 3992.0100000000007 31059.805000000004 0.9734910278488359 19.500000000000004
decision_type=2 2 2 2 2 2 2 2 2 2 2 2 2 2 2 2 2 2 2 2 2
left_child=4 -2 5 20 10 6 -3 18 -9 -7 11 14 13 -12 -1 -13 -14 -10 19 -6 -4
right_child=1 2 3 -5 7 9 -8 8 17 -11 12 15 16 -15 -16 -17 -18 -19 -20 -21 -22
leaf_value=-0.0084642782969918309 1.609038333098094 -0.026261342671369356 -0.30251210704445852 -1.5116377115249631 -0.071793520450591938 0.65409396489461269 -0.78573592215776444 0.043977957963943493 0.49879024823506662 0.051396751188133895 1.4984557986259466 -0.90510028041899204 0.065852426229552785 0.0079688211282094301 0.85083142916361487 -0.33815509796142584 -0.32571159799893701 1.1327834765116369 -0.23835222944617274 0.37009861990809445 0.049016768336296077
leaf_weight=338 2.9999999999999991 62 2.9999999999999982 4 5.0000000000000062 2.9999999999999991 9.9999999999999982 2.9999999999999982 3 38 3.9999999999999982 3.9999999999999991 44 6 2.9999999999999991 9.9999999999999982 5.9999999999999991 3 3.9999999999999991 7.9999999999999991 5
leaf_count=338 3 62 3 4 5 3 10 3 3 38 4 4 44 6 3 10 6 3 4 8 5
internal_value=-0.00193767 -0.0582195 -0.0982337 -0.559084 0.0143981 -0.0492938 -0.131744 0.256733 0.558517 0.0954965 -0.000784363 -0.0205926 0.116415 0.604164 -0.000904492 -0.500139 0.0188647 0.815787 0.0969654 0.20014 -0.0828066
internal_weight=569 128 125 12 441 113 72 26 9 41 415 355 60 10 341 14 50 6 17 13 8
internal_count=569 128 125 12 441 113 72 26 9 41 415 355 60 10 341 14 50 6 17 13 8
is_linear=0
shrinkage=0.05


Tree=229
num_leaves=15
num_cat=0
split_feature=3 1 2 2 1 3 2 6 2 3 0 0 1 8
split_gain=241.857 1133.94 842.184 1907.4 578.786 555.706 555.569 495.597 662.331 459.829 397.011 289.392 982.136 465.843
threshold=1.1611281148768302 35350.715000000004 6057.6200000000008 6574.1850000000004 36693.465000000004 1.1532894769286688 5332.6750000000011 73.500000000000014 10647.320000000002 1.157556824312594 30868.970000000005 31683.300000000007 37483.625000000007 4.5000000000000009
decision_type=2 2 2 2 2 2 2 2 2 2 2 2 2 2
left_child=4 -2 11 -4 5 7 9 8 -1 -7 -9 13 -13 -3
right_child=1 2 3 -5 -6 6 -8 10 -10 -11 -12 12 -14 -15
leaf_value=-0.03991996441036462 1.0277145986755689 0.001308985994976075 1.5088235398133598 -0.27415060202280678 0.67872953414916992 -0.41014411449432386 -0.94311197598775243 -0.064448874065183043 0.42254901568094888 0.34800272583961478 0.033426061517678657 0.99563046296437463 0.042013610954637882 -0.38403863112131753
leaf_weight=16.000000000000004 2.9999999999999991 61 2.9999999999999991 3 2.9999999999999991 5.9999999999999982 2.9999999999999991 246 14.999999999999998 3 179 3.0000000000000027 27 8.9999999999999982
leaf_count=16 3 61 3 3 3 6 3 246 15 3 179 3 27 9
internal_value=0.00198323 0.0691002 0.0419696 0.617336 -0.0135491 -0.0179868 -0.353849 -0.00914834 0.183855 -0.157429 -0.0232263 0.00744759 0.137375 -0.0482357
internal_weight=580 109 106 6 471 468 12 456 31 9 425 100 30 70
internal_count=580 109 106 6 471 468 12 456 31 9 425 100 30 70
is_linear=0
shrinkage=0.05


Tree=230
num_leaves=13
num_cat=0
split_feature=2 2 3 4 1 1 4 2 4 4 3 1
split_gain=1107.7 397.9 5387.76 573.917 1229.27 531.565 442.2 2227.01 659.749 260.077 218.601 46.9893
threshold=1804.3950000000002 10102.955000000002 0.97091035483659704 33030.000000000007 28617.440000000006 29391.055000000004 37657.000000000007 7248.6750000000011 37941.500000000007 33030.000000000007 1.1779177146453097 29322.920000000002
decision_type=2 2 2 2 2 2 2 2 2 2 2 2
left_child=-1 6 3 4 -3 -5 9 8 -8 11 -11 -2
right_child=1 2 -4 5 -6 -7 7 -9 -10 10 -12 -13
leaf_value=-0.97061813672383634 -0.19131149681551118 0.081323052112732025 1.8719598740339281 -0.043458529461300778 1.1197368701299033 -0.72014353275299081 -0.51133382916450498 -1.4845604260762535 -0.023593726811500695 -0.015724498054084084 0.13023416197725707 -0.42782710790634149
leaf_weight=2.9999999999999991 6.9999999999999982 57 3.9999999999999991 89 2.9999999999999991 2.9999999999999991 7.9999999999999991 2.9999999999999991 52 306 28 3
leaf_count=3 7 57 4 89 3 3 8 3 52 306 28 3
internal_value=-0.0123969 -0.00729095 0.060604 0.0129367 0.133244 -0.0655243 -0.0333146 -0.155099 -0.0886257 -0.0110111 -0.00348844 -0.262266
internal_weight=566 563 156 152 60 92 407 63 60 344 334 10
internal_count=566 563 156 152 60 92 407 63 60 344 334 10
is_linear=0
shrinkage=0.05


Tree=231
num_leaves=24
num_cat=0
split_feature=5 3 3 4 4 4 4 0 0 4 1 6 3 0 3 6 0 7 3 7 0 1 1
split_gain=171.09 1241.32 2806.48 1358.81 1190.45 938.303 262.816 561.375 3053.85 673.539 920.408 672.984 425.934 319.963 629.781 287.744 599.512 384.951 247.611 402.068 97.0119 93.1518 64.6331
threshold=18.500000000000004 1.0810020388213359 1.0879439336825663 35692.500000000007 35987.500000000007 35217.000000000007 37487.500000000007 31364.865000000002 31291.855000000003 37941.500000000007 38598.990000000005 78.500000000000014 1.2305877188387628 29386.195000000003 1.058193019856128 81.500000000000014 30303.150000000005 3.5000000000000004 1.058193019856128 3.5000000000000004 27825.690000000006 31969.360000000004 23420.505000000001
decision_type=2 2 2 2 2 2 2 2 2 2 2 2 2 2 2 2 2 2 2 2 2 2 2
left_child=1 18 -3 5 -5 -4 13 8 12 10 -9 -11 -8 14 22 16 -15 -17 20 -20 -1 -22 -2
right_child=6 2 3 4 -6 -7 7 9 -10 11 -12 -13 -14 15 -16 17 -18 -19 19 -21 21 -23 -24
leaf_value=0.22792502244313562 0.070298739181210518 1.7044022242228192 0.21124552488327022 -0.55380897931754591 0.14073671009928848 1.2942408084869381 -0.14368718706071379 0.034846874645778118 -1.7517203330993654 -0.6085176137089725 0.98562128543853744 0.051376667443443748 0.47709351380666098 -0.3824933629144322 -0.84285705486933393 0.010713690542008566 0.00075902551386161903 0.16148621393506654 -0.62805149793624893 0.044501055963337414 -0.076058543785925845 0.20921789010365807 -0.12387288630008697
leaf_weight=2.9999999999999991 6.0000000000000062 2.9999999999999991 4 6.9999999999999991 52 4 35 6.9999999999999982 2.9999999999999991 5.0000000000000027 4 17 2.9999999999999991 10.999999999999998 2.9999999999999991 115 141 67 4.9999999999999982 4 62 2.9999999999999991 14.999999999999998
leaf_count=3 6 3 4 7 52 4 35 7 3 5 4 17 3 11 3 115 141 67 5 4 62 3 15
internal_value=0.00925909 0.0558527 0.20824 0.141248 0.058333 0.752743 -0.00659567 -0.0923744 -0.215925 0.0611281 0.380583 -0.0985993 -0.0946782 0.0111351 -0.165203 0.0238061 -0.0269763 0.0662179 -0.0826812 -0.329139 -0.0500618 -0.0628919 -0.0683953
internal_weight=579 147 70 67 59 8 432 74 41 33 11 22 38 358 24 334 152 182 77 9 68 65 21
internal_count=579 147 70 67 59 8 432 74 41 33 11 22 38 358 24 334 152 182 77 9 68 65 21
is_linear=0
shrinkage=0.05


Tree=232
num_leaves=14
num_cat=0
split_feature=2 0 0 0 0 2 0 1 4 1 4 2 0
split_gain=837.328 307.781 689.409 651.872 2819.02 409.76 392.313 1349.96 378.392 317.252 233.213 203.673 81.5098
threshold=1804.3950000000002 31347.380000000005 31364.865000000002 31291.855000000003 31302.120000000006 10679.925000000001 31254.450000000004 37325.745000000003 34905.000000000007 35008.710000000006 37162.000000000007 4941.2250000000013 31633.220000000005
decision_type=2 2 2 2 2 2 2 2 2 2 2 2 2
left_child=-1 3 11 6 -5 8 9 -8 -4 -2 -6 -3 -7
right_child=1 2 5 4 10 12 7 -9 -10 -11 -12 -13 -14
leaf_value=0.6526218605041505 0.0098085540511152342 0.78712248802185059 0.49130497455596922 -1.7057757377624492 0.049641902957643771 -0.18040301948785784 -0.047550121694803243 1.1961667418479915 0.046291787897576098 -0.10760503907288824 -0.32294037342071535 0.24212411741415654 -0.52517606417338036
leaf_weight=4.9999999999999991 323 3.9999999999999991 4.9999999999999991 3.0000000000000027 14.000000000000002 3.9999999999999991 7.9999999999999982 3 107 70 5.9999999999999991 3 3
leaf_count=5 323 4 5 3 14 4 8 3 107 70 6 3 3
internal_value=0.00848477 0.00266075 0.0713291 -0.017602 -0.276521 0.0429631 -0.00286161 0.291645 0.0661584 -0.0111048 -0.0621328 0.553552 -0.328163
internal_weight=558 553 126 427 23 119 404 11 112 393 20 7 7
internal_count=558 553 126 427 23 119 404 11 112 393 20 7 7
is_linear=0
shrinkage=0.05


Tree=233
num_leaves=16
num_cat=0
split_feature=3 3 6 2 5 0 3 0 4 2 3 0 3 6 3
split_gain=231.197 858.84 816.119 512.53 384.471 363.698 329.422 404.039 854.769 383.409 176.128 244.54 94.5122 57.8595 20.2757
threshold=1.2231501256029709 1.2486802851890075 82.500000000000014 3510.6750000000006 18.500000000000004 32303.785000000003 1.2166583009160299 31859.145000000004 36890.000000000007 2160.6250000000005 1.2554011339549793 32028.415000000005 1.2698507897981408 78.500000000000014 1.2757427202966236
decision_type=2 2 2 2 2 2 2 2 2 2 2 2 2 2 2
left_child=5 2 3 13 -5 6 7 9 -9 -1 11 -3 -12 -2 -14
right_child=1 10 -4 4 -6 -7 -8 8 -10 -11 12 -13 14 -15 -16
leaf_value=0.55498456557591758 -0.10511380235354095 0.046497261524200417 -1.15040811697642 -0.11630140940348305 -0.86509141921997057 0.46488553285598755 0.5086560567220052 0.16728369934218262 -0.55310993939638142 -0.012000442808493973 -0.23977668881416322 0.61750836372375473 -0.031580551690422003 0.18536574244499204 0.11944966554641721
leaf_weight=2.9999999999999991 3.0000000000000018 5.0000000000000018 2.9999999999999991 3 4 3.9999999999999991 2.9999999999999991 7.0000000000000027 9.9999999999999982 488 3.9999999999999991 3 3.9999999999999982 4 5
leaf_count=3 3 5 3 3 4 4 3 7 10 488 4 3 4 4 5
internal_value=-0.0188127 -0.13783 -0.402022 -0.241653 -0.544181 -0.0100308 -0.0137484 -0.0168334 -0.256477 -0.00853618 0.0760396 0.260626 -0.0375524 0.0608745 0.0523251
internal_weight=553 38 17 14 7 515 511 508 17 491 21 8 13 7 9
internal_count=553 38 17 14 7 515 511 508 17 491 21 8 13 7 9
is_linear=0
shrinkage=0.05


Tree=234
num_leaves=15
num_cat=0
split_feature=6 2 3 0 4 2 0 2 4 1 6 3 2 4
split_gain=455.727 1416.86 1323.85 709.693 513.918 378.765 252.275 809.883 269.8 1103.62 263.149 245.957 194.792 69.9041
threshold=73.500000000000014 10647.320000000002 0.86076202698116477 29596.770000000004 35692.500000000007 18532.700000000001 29386.195000000003 6963.7600000000011 33797.500000000007 30280.455000000005 74.500000000000014 1.187592086650729 7059.9650000000011 33155.000000000007
decision_type=2 2 2 2 2 2 2 2 2 2 2 2 2 2
left_child=1 4 3 -3 -1 6 7 -2 9 -8 -10 12 -6 -9
right_child=5 2 -4 -5 11 -7 8 13 10 -11 -12 -13 -14 -15
leaf_value=0.36586316302418659 -0.91121561129887807 -0.34062735239664726 1.3809733390808103 0.67670724391937243 -0.1290625095367432 -0.5555239677429199 0.0080950613014208958 0.078113902907352872 0.14897076686568284 0.43304916526141923 -0.012734192420493782 0.16645254492759706 -0.57041526585817326 -0.096766178142279391
leaf_weight=5.0000000000000062 3.0000000000000027 2.9999999999999982 4 4 4.9999999999999982 2.9999999999999991 78 8.0000000000000018 27 19 369 2.9999999999999991 5 20
leaf_count=5 3 3 4 4 5 3 78 8 27 19 369 3 5 20
internal_value=0.0153096 0.20828 0.655349 0.240707 -0.0649286 0.00469072 0.00789806 -0.130454 0.0165977 0.0913335 -0.00170885 -0.230618 -0.349739 -0.0468004
internal_weight=556 29 11 7 18 527 524 31 493 97 396 13 10 28
internal_count=556 29 11 7 18 527 524 31 493 97 396 13 10 28
is_linear=0
shrinkage=0.05


Tree=235
num_leaves=22
num_cat=0
split_feature=7 4 6 1 1 4 2 1 3 1 4 3 2 3 3 3 3 6 7 6 2
split_gain=509.751 646.318 1155.15 875.777 809.127 843.271 630.557 440.401 384.451 268.079 1262.44 1765.91 970.827 778.511 1195.27 330.074 991.82 543.37 213.227 140.052 78.2707
threshold=1.0000000180025095e-35 35692.500000000007 79.500000000000014 33042.395000000011 37237.020000000011 36220.000000000007 4449.7000000000007 36029.520000000011 1.1532894769286688 36528.460000000014 37657.000000000007 1.1955500705760556 5535.8000000000011 1.1611281148768302 1.1636411078018125 1.2037547151146779 1.1955500705760556 82.500000000000014 1.5000000000000002 85.500000000000014 8650.5750000000025
decision_type=2 2 2 2 2 2 2 2 2 2 2 2 2 2 2 2 2 2 2 2 2
left_child=1 2 3 20 5 8 -4 -7 -3 10 13 -12 15 18 -15 16 -11 -17 -2 -8 -1
right_child=9 4 6 -5 -6 7 19 -9 -10 12 11 -13 -14 14 -16 17 -18 -19 -20 -21 -22
leaf_value=-0.12642276734113683 0.088998406583612619 -1.0236525154113771 -0.87472672462463386 0.93304608583450299 0.54959829648335778 -0.12001603808133834 -0.20027738064527517 -0.62570056438446053 -0.36599958576261993 -0.037124831080436703 1.6049236297607423 0.00015565752983093259 -0.95887998342514047 1.2713081677754721 0.11888406938976713 0.10723055231977592 -0.82445414543151863 -0.26069278785815608 -0.017455058235675096 0.1370542562007904 0.21143049001693723
leaf_weight=3.0000000000000018 55 4.9999999999999982 2.9999999999999991 5 2.9999999999999991 31 7.9999999999999982 4.9999999999999991 4 20.000000000000004 2.9999999999999991 4 2.9999999999999991 2.9999999999999991 8.9999999999999982 44 4.9999999999999991 12.999999999999998 325 5 4
leaf_count=3 55 5 3 5 3 31 8 5 4 20 3 4 3 3 9 44 5 13 325 5 4
internal_value=-0.0137194 -0.134104 0.0568056 0.42764 -0.245468 -0.298472 -0.22132 -0.19025 -0.731362 0.00518393 0.0223591 0.687913 -0.0754385 0.0104742 0.40699 -0.0431174 -0.194591 0.0233182 -0.00204732 -0.0705344 0.0666362
internal_weight=560 76 28 12 48 45 16 36 9 484 399 7 85 392 12 82 25 57 380 13 7
internal_count=560 76 28 12 48 45 16 36 9 484 399 7 85 392 12 82 25 57 380 13 7
is_linear=0
shrinkage=0.05


Tree=236
num_leaves=14
num_cat=0
split_feature=2 3 3 4 3 2 3 3 1 4 1 4 2
split_gain=349.59 313.842 671.616 1299.13 1069.78 822.516 400.967 1043.42 378.104 546.714 298.67 265.491 232.87
threshold=18532.700000000001 1.187592086650729 1.1955500705760556 37941.500000000007 1.188940285511052 5302.4050000000007 1.1636411078018125 1.1623153717739958 37128.760000000002 36220.000000000007 37268.445000000007 37657.000000000007 4206.545000000001
decision_type=2 2 2 2 2 2 2 2 2 2 2 2 2
left_child=1 6 3 4 -3 12 7 11 9 -8 -10 -1 -4
right_child=-2 2 5 -5 -6 -7 8 -9 10 -11 -12 -13 -14
leaf_value=-0.0039127717492561742 -0.52687498728434246 0.32900783419609081 0.070567793478923183 -0.37930828531583138 1.5780465205510454 -0.64360858798027043 0.56081297397613394 0.81466709375381474 -0.85961443583170605 -0.17858837525049845 -0.24860074321428935 0.20350679310504349 0.46545990705490115
leaf_weight=431 2.9999999999999991 3.9999999999999982 56 3 3 3.9999999999999991 3.0000000000000062 3.9999999999999991 2.9999999999999982 14.999999999999998 6 15.999999999999998 3.9999999999999991
leaf_count=431 3 4 56 3 3 4 3 4 3 15 6 16 4
internal_value=0.0114097 0.0143351 0.110155 0.491225 0.86431 0.0506125 -0.000498875 0.0107059 -0.187661 -0.0553548 -0.452272 0.00351164 0.0968939
internal_weight=555 552 74 10 7 64 478 451 27 18 9 447 60
internal_count=555 552 74 10 7 64 478 451 27 18 9 447 60
is_linear=0
shrinkage=0.05


Tree=237
num_leaves=23
num_cat=0
split_feature=2 3 4 4 8 0 4 6 3 2 7 6 0 6 2 1 0 1 0 1 0 2
split_gain=287.929 878.592 1526.1 1431.22 553.057 1797.49 332.895 1103.2 305.075 766.674 252.09 765.23 453.734 222.305 201.557 176.514 128.223 177.892 117.375 64.2329 32.1998 0.275818
threshold=3862.1250000000005 1.1885024806116615 37941.500000000007 37217.000000000007 4.5000000000000009 31547.650000000005 37657.000000000007 76.500000000000014 1.2037547151146779 2031.0550000000003 1.0000000180025095e-35 79.500000000000014 32120.640000000003 84.500000000000014 5092.1150000000007 35864.025000000009 30634.310000000001 39257.420000000006 30301.750000000004 40539.980000000003 31162.425000000007 5758.5200000000013
decision_type=2 2 2 2 2 2 2 2 2 2 2 2 2 2 2 2 2 2 2 2 2 2
left_child=4 6 3 -3 8 -6 10 21 9 -1 11 -2 -12 19 -9 -11 18 -18 -10 -7 -4 -8
right_child=1 2 20 -5 5 13 7 14 16 15 12 -13 -14 -15 -16 -17 17 -19 -20 -21 -22 -23
leaf_value=-0.89185215632120762 0.066653640996552105 0.29199196100234992 -0.29137260119120273 1.7367027282714842 -1.1462903165817253 -0.23726392132895335 0.74463464866081797 -0.43700221773857878 0.11909479995568595 0.025435206326453581 0.0044735428945618513 -0.2846641686895201 -0.61285049915313727 0.33963976701100673 0.043570649251341825 -0.19503101944923401 0.25952602374766548 -0.049180069140025547 -0.18227861097880771 0.01390518397092819 -0.059712475538253762 0.76607519785563127
leaf_weight=2.9999999999999991 31 3.9999999999999982 3 3 5.0000000000000027 6.9999999999999982 3.0000000000000027 2.9999999999999991 5.9999999999999982 23 381 31 2.9999999999999991 2.9999999999999991 7.9999999999999991 14.999999999999998 14.000000000000002 6.9999999999999991 7 4 3 3
leaf_count=3 31 4 3 3 5 7 3 3 6 23 381 31 3 3 8 15 14 7 7 4 3 3
internal_value=-0.011586 0.00420599 0.409602 0.911154 -0.0915537 -0.332514 -0.00717661 0.209982 -0.0305105 -0.122342 -0.0154539 -0.109005 -0.000349301 -0.0418791 -0.0874947 -0.0615909 0.0802271 0.156624 -0.0431832 -0.14593 -0.175543 0.755355
internal_weight=570 476 13 7 94 19 463 17 75 41 446 62 384 14 11 38 34 21 13 11 6 6
internal_count=570 476 13 7 94 19 463 17 75 41 446 62 384 14 11 38 34 21 13 11 6 6
is_linear=0
shrinkage=0.05


Tree=238
num_leaves=10
num_cat=0
split_feature=2 3 3 3 3 3 0 1 7
split_gain=483.6 323.795 1813.13 602.737 553.153 474.901 288.519 253.768 57.6833
threshold=18407.930000000004 1.234975698203449 1.2423680512764912 1.2305877188387628 1.2231501256029709 1.1611281148768302 31754.040000000005 40693.320000000007 2.5000000000000004
decision_type=2 2 2 2 2 2 2 2 2
left_child=1 3 -3 4 5 -1 8 -8 -4
right_child=-2 2 6 -5 -6 -7 7 -9 -10
leaf_value=-0.031792341849107418 0.47379485368728641 -1.3472978274027492 0.20382187366485566 0.48697594006856282 -0.69403438766797387 0.11099484576218165 -0.57952643632888801 0.028813926378885898 0.0039854286954953124
leaf_weight=445 4.9999999999999991 3.0000000000000027 5.0000000000000062 5.9999999999999991 2.9999999999999991 67 3.9999999999999991 3 12.999999999999998
leaf_count=445 5 3 5 6 3 67 4 3 13
internal_value=-0.0157127 -0.0201709 -0.185808 -0.0112691 -0.0170739 -0.0131073 -0.0464298 -0.318809 0.0594956
internal_weight=554 549 28 521 515 512 25 7 18
internal_count=554 549 28 521 515 512 25 7 18
is_linear=0
shrinkage=0.05


Tree=239
num_leaves=23
num_cat=0
split_feature=7 3 4 3 4 0 4 0 6 6 0 4 4 0 1 6 1 8 1 6 1 0
split_gain=276.865 548.03 627.548 361.184 345.092 2031.29 764.519 887.78 477.778 298.118 607.953 711.253 289.351 1719.54 426.436 249.959 372.866 313.79 223.992 122.606 108.872 59.3596
threshold=5.5000000000000009 1.1040998788478005 37332.500000000007 1.2492364266900029 37010.000000000007 29669.260000000006 37487.500000000007 31859.145000000004 79.500000000000014 83.500000000000014 30700.500000000004 36489.500000000007 31965.000000000004 31064.360000000004 32249.800000000003 75.500000000000014 16960.850000000002 4.5000000000000009 33853.270000000011 75.500000000000014 20785.865000000002 32317.205000000005
decision_type=2 2 2 2 2 2 2 2 2 2 2 2 2 2 2 2 2 2 2 2 2 2
left_child=4 15 -3 19 9 -6 7 -7 -8 12 18 -12 13 -1 -14 20 -17 -18 -11 -4 -2 -5
right_child=1 2 3 21 5 6 8 -9 -10 10 11 -13 14 -15 -16 16 17 -19 -20 -21 -22 -23
leaf_value=-0.13908857683252007 -0.50123357772827148 -0.76717207431793166 -0.11141423135995857 0.34190892378489179 1.3708078563213348 0.3102243396001203 0.11634656398585348 -0.58600629965464279 -0.12877424383163452 0.038352441474456683 0.5086975387164524 -0.043410167992115029 -0.12177950436493656 0.94111028194427504 0.014975386022407318 0.51605368852615363 -0.036932526032129924 0.4298755466938019 -0.14255104606801813 -0.36866815195164904 -0.075259673595428456 0.02737324635187784
leaf_weight=14.000000000000002 2.9999999999999991 5.0000000000000027 8.0000000000000053 2.9999999999999991 2.9999999999999991 35 33 2.9999999999999991 50 77 14.000000000000002 9.9999999999999982 122 4.9999999999999991 107 3.9999999999999991 36 3.9999999999999991 22 10.999999999999998 3 3
leaf_count=14 3 5 8 3 3 35 33 3 50 77 14 10 122 5 107 4 36 4 22 11 3 3
internal_value=-0.000571779 -0.0868751 -0.255823 -0.153553 0.0133762 0.0855886 0.0537236 0.239469 -0.0313166 -0.0107594 0.0528836 0.278653 -0.0423243 0.145174 -0.0578809 0.0144933 0.055776 0.00974828 -0.00184833 -0.260351 -0.288247 0.184641
internal_weight=575 80 30 25 495 124 121 38 83 371 123 24 248 19 229 50 44 40 99 19 6 6
internal_count=575 80 30 25 495 124 121 38 83 371 123 24 248 19 229 50 44 40 99 19 6 6
is_linear=0
shrinkage=0.05


Tree=240
num_leaves=11
num_cat=0
split_feature=2 2 2 4 1 1 1 1 1 1
split_gain=553.175 255.338 1438.2 570.448 378.813 311.385 860.556 170.594 735.99 677.913
threshold=1804.3950000000002 3967.5600000000009 4074.8350000000005 35987.500000000007 34660.280000000006 38898.225000000006 37774.35500000001 38714.475000000013 37855.17500000001 39227.465000000004
decision_type=2 2 2 2 2 2 2 2 2 2
left_child=-1 3 4 -2 -3 6 -4 8 -5 -9
right_child=1 2 5 7 -6 -7 -8 9 -10 -11
leaf_value=0.70041486422220878 -0.57203683853149412 0.43354010581970209 0.026494062820136322 -0.051963841513035791 1.1442326227823889 0.46317524909973146 -0.71008251011371615 -0.73371725082397399 0.39129268039356579 -0.02609369924122637
leaf_weight=2.9999999999999991 4.9999999999999991 5 458 63 3 3.9999999999999991 3.9999999999999991 4.0000000000000027 10.999999999999998 22
leaf_count=3 5 5 458 63 3 4 4 4 11 22
internal_value=0.0232125 0.0197037 0.0353313 -0.050844 0.70005 0.0239199 0.0201168 -0.0247843 0.0139256 -0.134959
internal_weight=582 579 474 105 8 466 462 100 74 26
internal_count=582 579 474 105 8 466 462 100 74 26
is_linear=0
shrinkage=0.05


Tree=241
num_leaves=14
num_cat=0
split_feature=2 0 1 4 3 2 2 6 0 3 3 2 6
split_gain=386.605 200.622 2339.27 257.085 1011.35 936.445 827.94 465.256 673.147 260.124 93.3182 185.484 133.506
threshold=18407.930000000004 29150.795000000002 30155.145000000004 35397.500000000007 1.1496117951323483 4356.8350000000009 4737.3700000000008 73.500000000000014 30890.690000000002 0.99307988442681039 0.86076202698116477 11986.360000000002 74.500000000000014
decision_type=2 2 2 2 2 2 2 2 2 2 2 2 2
left_child=1 2 10 4 6 -6 -3 8 -5 -9 12 -12 -1
right_child=-2 3 -4 7 5 -7 -8 9 -10 -11 11 -13 -14
leaf_value=-0.35689319446682871 0.50002242326736457 -0.4211037576198578 1.4543759559591614 -0.1391663955317603 -0.033922978242238361 1.1346867322921752 0.044764029507037006 0.10417401989301045 -0.94814650217692054 -0.029455978092635528 -0.11206867545843124 0.4080251693725585 -0.015106778033077717
leaf_weight=4.0000000000000062 3.9999999999999991 9.9999999999999982 2.9999999999999991 18.000000000000004 2.9999999999999991 4 206 42 2.9999999999999991 274 3.9999999999999991 3 9.9999999999999982
leaf_count=4 4 10 3 18 3 4 206 42 3 274 4 3 10
internal_value=0.0101406 0.0067852 0.148345 0.000718333 0.0423647 0.633854 0.0231961 -0.02684 -0.254735 -0.011695 -0.0382305 0.110829 -0.11276
internal_weight=588 584 24 560 223 7 216 337 21 316 21 7 14
internal_count=588 584 24 560 223 7 216 337 21 316 21 7 14
is_linear=0
shrinkage=0.05


Tree=242
num_leaves=13
num_cat=0
split_feature=2 0 4 4 0 2 3 8 3 2 3 7
split_gain=348.281 305.261 588.963 526.271 460.311 365.489 2733.3 540.115 1134.57 515.32 281.491 216.689
threshold=18532.700000000001 31229.420000000002 32625.000000000004 33317.500000000007 31280.085000000003 10139.320000000002 0.9734910278488359 4.5000000000000009 1.0948500832827843 9068.9150000000027 0.94213038283408779 2.5000000000000004
decision_type=2 2 2 2 2 2 2 2 2 2 2 2
left_child=1 5 -3 10 -5 7 11 9 -9 -1 -4 -7
right_child=-2 2 3 4 -6 6 -8 8 -10 -11 -12 -13
leaf_value=-0.0044548276916425182 0.53204065958658864 0.74195577303568527 -0.11469871997833253 0.35151678696274757 0.029772676675524936 0.13067402432744321 1.5273533324400583 -0.054471003625541928 -0.49241714619454885 -0.37285572767257691 -0.75540773073832179 -0.030255606057661994
leaf_weight=187 2.9999999999999991 2.9999999999999991 3.9999999999999991 11.999999999999998 151 26 2.9999999999999991 50 21 9.9999999999999982 3 107
leaf_count=187 3 3 4 12 151 26 3 50 21 10 3 107
internal_value=-0.005298 -0.00809179 0.047484 0.0352286 0.0534594 -0.0318903 0.0348694 -0.0657684 -0.184004 -0.0231554 -0.389288 0.00120432
internal_weight=580 577 173 170 163 404 136 268 71 197 7 133
internal_count=580 577 173 170 163 404 136 268 71 197 7 133
is_linear=0
shrinkage=0.05


Tree=243
num_leaves=11
num_cat=0
split_feature=2 0 2 0 1 6 2 1 2 0
split_gain=393.193 388.333 909.026 689.479 522.772 1150.47 416.994 404.442 357.728 145.926
threshold=18532.700000000001 31859.145000000004 2031.0550000000003 31949.185000000001 38714.475000000013 84.500000000000014 4310.3750000000009 38095.650000000009 3357.6500000000005 32238.850000000002
decision_type=2 2 2 2 2 2 2 2 2 2
left_child=1 2 -1 6 7 -6 -3 -4 -5 -10
right_child=-2 3 4 8 5 -7 -8 -9 9 -11
leaf_value=0.88228794733683269 -0.5692656517028809 -0.28834151268005359 0.012161489346186652 -0.39768539428710908 0.0098669595188564732 -1.0092594861984254 -1.0339905341466264 0.39477308647973197 0.20599209617823355 -0.091661777028015687
leaf_weight=2.9999999999999991 2.9999999999999991 5.0000000000000018 519 5.0000000000000027 8.9999999999999982 3.9999999999999991 3 6.9999999999999991 10.000000000000002 6.9999999999999991
leaf_count=3 3 5 519 5 9 4 3 7 10 7
internal_value=0.00165607 0.00465041 0.0143429 -0.170461 0.00951204 -0.30371 -0.56796 0.0172533 -0.0259154 0.0834287
internal_weight=575 572 542 30 539 13 8 526 22 17
internal_count=575 572 542 30 539 13 8 526 22 17
is_linear=0
shrinkage=0.05


Tree=244
num_leaves=13
num_cat=0
split_feature=1 1 2 2 0 7 3 3 3 1 3 2
split_gain=322.972 787.979 559.221 497.536 364.188 218.774 193.815 920.097 461.695 166.932 104.241 25.6736
threshold=38898.225000000006 38598.990000000005 2031.0550000000003 4074.8350000000005 31683.300000000007 2.5000000000000004 1.1611281148768302 1.1636411078018125 1.1500765696821804 39517.895000000011 1.2595035535373849 2972.7550000000006
decision_type=2 2 2 2 2 2 2 2 2 2 2 2
left_child=1 2 -1 5 -3 -2 8 -8 -4 11 -11 -7
right_child=3 4 6 -5 -6 9 7 -9 -10 10 -12 -13
leaf_value=0.67626285552978516 0.48871437708536675 -0.97020587921142587 -0.0081922475676807771 0.77516564528147391 -0.19111639658610022 -0.083099064230918812 0.6601607710123063 0.014629432602205139 -0.22506783494295984 0.24876138903200631 -0.042263808250427241 -0.27659510374069207
leaf_weight=2.9999999999999991 3.0000000000000062 2.9999999999999991 437 2.9999999999999991 3 4.0000000000000027 5.9999999999999991 69 26 7.9999999999999982 5 3
leaf_count=3 3 3 437 3 3 4 6 69 26 8 5 3
internal_value=-0.00263234 -0.0108164 -0.00449647 0.169547 -0.580661 0.0905536 -0.00829253 0.0662719 -0.020371 0.0308295 0.136829 -0.166026
internal_weight=573 547 541 26 6 23 538 75 463 20 13 7
internal_count=573 547 541 26 6 23 538 75 463 20 13 7
is_linear=0
shrinkage=0.05


Tree=245
num_leaves=17
num_cat=0
split_feature=0 0 2 4 1 3 3 7 0 1 5 1 1 0 2 1
split_gain=185.549 729.792 569.567 393.712 596.914 1006.49 425.22 355.771 447.137 287.878 1248.46 415.903 353.081 338.588 104.89 74.381
threshold=31780.940000000006 31855.530000000002 4834.170000000001 36890.000000000007 38714.475000000013 1.1358994381720218 1.2231501256029709 3.5000000000000004 32101.795000000002 38714.475000000013 20.500000000000004 38095.650000000009 37855.17500000001 31514.185000000001 2629.0100000000007 39257.420000000006
decision_type=2 2 2 2 2 2 2 2 2 2 2 2 2 2 2 2
left_child=9 2 -2 7 5 -5 -6 8 -3 11 15 12 13 -1 -13 -11
right_child=1 3 -4 4 6 -7 -8 -9 -10 10 -12 14 -14 -15 -16 -17
leaf_value=0.0086568826039129989 0.85173599243164078 0.046796691417694103 0.097039098739624019 -0.059072069658173437 0.64579474131266279 -1.0122959971427918 -0.025763800604776906 -0.21787661314010617 0.79440667629241934 0.24724003076553355 -1.1338239789009095 0.5886815388997394 -0.47633224129676821 -0.13530680235889223 0.21471104145050046 -0.057679959138234455
leaf_weight=442 4.9999999999999982 3.9999999999999982 5 9.0000000000000018 2.9999999999999991 3.9999999999999991 10.999999999999998 3 4 2.9999999999999982 2.9999999999999991 3 3.9999999999999991 45 5 6
leaf_count=442 5 4 5 9 3 4 11 3 4 3 3 3 4 45 5 6
internal_value=0.000347378 0.0943377 0.474388 -0.00567544 -0.108402 -0.352372 0.118142 0.246471 0.420602 -0.00848146 -0.250486 -0.00266171 -0.00848838 -0.00464572 0.35495 0.04396
internal_weight=559 48 10 38 27 13 14 11 8 511 12 499 491 487 8 9
internal_count=559 48 10 38 27 13 14 11 8 511 12 499 491 487 8 9
is_linear=0
shrinkage=0.05


Tree=246
num_leaves=25
num_cat=0
split_feature=6 0 2 3 0 8 2 1 2 7 3 3 3 3 2 2 2 1 2 0 0 6 6 6
split_gain=404.434 734.791 676.617 1271.62 872.975 858.795 527.054 509.368 479.36 579.695 682.435 387.411 689.964 466.527 457.192 1078.02 824.516 787.421 723.595 350.555 259.909 108.074 73.4978 47.2899
threshold=77.500000000000014 31035.250000000004 7248.6750000000011 1.058193019856128 30960.670000000002 4.5000000000000009 6422.5850000000009 30280.455000000005 4074.8350000000005 3.5000000000000004 1.1587804532921291 1.2166583009160299 1.2423680512764912 1.232422692668351 4689.3000000000002 4768.7000000000007 4206.545000000001 37188.170000000006 3967.5600000000009 31167.250000000004 31618.515000000003 78.500000000000014 81.500000000000014 82.500000000000014
decision_type=2 2 2 2 2 2 2 2 2 2 2 2 2 2 2 2 2 2 2 2 2 2 2 2
left_child=1 2 4 7 6 -5 -1 -4 -3 10 -10 14 13 22 16 -16 18 -18 -2 -17 -11 -14 -13 -23
right_child=11 8 3 5 -6 -7 -8 -9 9 20 -12 12 21 -15 15 19 17 -19 -20 -21 -22 23 -24 -25
leaf_value=-0.014340687049552797 -0.088793139061068782 0.3211265643437704 -0.076837189534777084 -0.23481106257864412 0.94208958943684906 -1.0927798223495482 0.40915049612522125 0.40749450027942657 -0.36115921380619204 0.094151879561832186 -1.0961834967136384 0.069929957389831474 -0.29847113688786825 0.94203963279724112 0.97633210023244232 -0.012911411315692945 -0.55316812435785923 0.23637276887893677 0.3059424993182932 0.10789626258923564 -0.36538667201995845 0.15057108536362651 0.41992479960123685 -0.080082519352436043
leaf_weight=40 68 2.9999999999999991 57 6.9999999999999982 2.9999999999999991 5 8.9999999999999982 5.9999999999999991 15.000000000000002 7.9999999999999982 3.9999999999999991 3.0000000000000018 2.9999999999999991 4 2.9999999999999991 199 15.000000000000002 3.9999999999999991 13.999999999999998 86 5 4.9999999999999982 3 4
leaf_count=40 68 3 57 7 3 5 9 6 15 8 4 3 3 4 3 199 15 4 14 86 5 5 3 4
internal_value=-0.0134608 -0.0803691 -0.0244672 -0.120564 0.114135 -0.592298 0.0634434 -0.0307104 -0.283213 -0.33987 -0.515901 0.0129118 0.217038 0.523772 0.00136744 0.0334677 -0.090166 -0.386949 -0.0213992 0.0235428 -0.0825937 -0.038574 0.244927 0.0480584
internal_weight=573 162 127 75 52 12 49 63 35 32 19 411 22 10 389 288 101 19 82 285 13 12 6 9
internal_count=573 162 127 75 52 12 49 63 35 32 19 411 22 10 389 288 101 19 82 285 13 12 6 9
is_linear=0
shrinkage=0.05


Tree=247
num_leaves=23
num_cat=0
split_feature=5 3 0 0 3 2 2 3 1 2 2 0 5 4 0 2 0 3 0 0 0 2
split_gain=282.088 1480.05 1437.34 2655.67 835.039 795.431 378.779 1014.88 878.798 830.94 465.199 597.86 463.564 724.428 345.749 327.706 317.92 269.576 612.838 88.5486 81.5148 87.92
threshold=18.500000000000004 1.0818691036941752 31254.450000000004 31578.590000000004 1.0879439336825663 7059.9650000000011 4689.3000000000002 1.157556824312594 36528.460000000014 4251.9350000000013 4394.2450000000008 31626.660000000003 20.500000000000004 35987.500000000007 31873.325000000001 4768.7000000000007 32120.640000000003 1.058193019856128 30401.690000000006 31026.525000000005 27825.690000000006 11395.560000000003
decision_type=2 2 2 2 2 2 2 2 2 2 2 2 2 2 2 2 2 2 2 2 2 2
left_child=1 17 4 -4 -3 -6 9 15 -9 12 -11 -12 14 -14 -2 -8 -17 20 -19 -20 -1 -22
right_child=6 2 3 -5 5 -7 7 8 -10 10 11 -13 13 -15 -16 16 -18 18 19 -21 21 -23
leaf_value=0.21715466181437174 0.10536162775923621 0.85419286489486701 1.7868083953857419 -0.0351649522781372 0.18914328863800958 -0.3538282692432404 -0.39733356475830078 1.0983139276504517 -0.03375534216562906 -0.82763483047485353 -0.62356487035751362 0.14964890122413632 -0.73285404205322269 -0.09359545803700503 -0.14323868583397645 0.016250620325930262 -0.50114026367664344 -0.91371094385782881 0.053120748400688172 -0.29048476318518313 0.01789379162447793 -0.098871807293280184
leaf_weight=2.9999999999999991 53 3.9999999999999991 4 4 43 7.9999999999999991 4.9999999999999991 3.9999999999999991 3 4.9999999999999991 4.9999999999999982 5 4.9999999999999991 39 19 288 2.9999999999999991 2.9999999999999991 5 3 28 38
leaf_count=3 53 4 4 4 43 8 5 4 3 5 5 5 5 39 19 288 3 3 5 3 28 38
internal_value=0.00744666 0.0683515 0.249617 0.875822 0.158533 0.103971 -0.0126211 0.0180927 0.613141 -0.0836612 -0.43385 -0.236958 -0.0383781 -0.166238 0.0397588 0.00402057 0.0109167 -0.0743953 -0.304271 -0.0757313 -0.0377484 -0.0493349
internal_weight=577 143 63 8 55 51 434 303 7 131 15 10 116 44 72 296 291 80 11 8 69 66
internal_count=577 143 63 8 55 51 434 303 7 131 15 10 116 44 72 296 291 80 11 8 69 66
is_linear=0
shrinkage=0.05


Tree=248
num_leaves=13
num_cat=0
split_feature=3 3 3 3 4 0 4 2 3 5 3 2
split_gain=384.612 1088.05 620.399 421.649 313.408 2011.02 513.013 238.764 103.605 37.9159 34.1798 8.12388
threshold=1.234975698203449 1.2441142558800566 1.2305877188387628 1.2231501256029709 36747.500000000007 29408.765000000003 35692.500000000007 3732.5650000000005 1.2554011339549793 19.500000000000004 1.2698507897981408 4251.9350000000013
decision_type=2 2 2 2 2 2 2 2 2 2 2 2
left_child=2 -2 3 4 6 -6 -1 8 9 -3 -10 -9
right_child=1 7 -4 -5 5 -7 -8 11 10 -11 -12 -13
leaf_value=0.0079127129811365094 -0.95875668525695712 0.32853743632634402 0.55103210449218754 -0.5199424803256989 1.3355767091115318 0.02902431106831161 -0.12067942308431322 -0.27308435440063478 -0.20116824309031178 0.077154808243115727 0.00054987541266850052 -0.38944498697916657
leaf_weight=263 4.0000000000000027 3.0000000000000062 4.9999999999999991 3.9999999999999991 2.9999999999999991 161 110 2.9999999999999991 2.9999999999999982 3 7 3
leaf_count=263 4 3 5 4 3 161 110 3 3 3 7 3
internal_value=-0.0123144 -0.2002 -0.00336751 -0.00849135 -0.00468166 0.0529247 -0.0300099 -0.0622803 0.0385888 0.202846 -0.0599656 -0.331265
internal_weight=572 26 546 541 537 164 373 22 16 6 10 6
internal_count=572 26 546 541 537 164 373 22 16 6 10 6
is_linear=0
shrinkage=0.05


Tree=249
num_leaves=13
num_cat=0
split_feature=2 4 0 4 2 3 1 1 6 0 3 1
split_gain=467.859 163.489 1138.28 1121.19 883.285 770.912 1256.66 556.144 335.429 494.641 298.999 121.963
threshold=1804.3950000000002 35397.500000000007 29354.435000000005 35134.500000000007 4966.8700000000008 1.1532894769286688 33286.06500000001 36110.165000000008 73.500000000000014 30890.690000000002 1.1779177146453097 33853.270000000011
decision_type=2 2 2 2 2 2 2 2 2 2 2 2
left_child=-1 3 -3 5 7 6 -2 -5 9 -4 -10 -6
right_child=1 2 8 4 11 -7 -8 -9 10 -11 -12 -13
leaf_value=-0.54163534641265876 0.0027488663124949696 0.81584433689713487 -0.12414509994643073 -0.155997755130132 0.80832234110151036 0.79171918233235683 -0.7989212846755982 0.46546124021212265 -0.049559922384000143 -0.83162603378295907 0.06439724431506226 0.46222244054079048
leaf_weight=3.9999999999999991 219 3.9999999999999991 14.000000000000002 9.0000000000000018 6.9999999999999982 2.9999999999999991 4.9999999999999991 5.9999999999999991 228 2.9999999999999991 77 4
leaf_count=4 219 4 14 9 7 3 5 6 228 3 77 4
internal_value=-0.00274213 0.000980794 -0.0224252 0.0311403 0.342151 -0.00448215 -0.0151456 0.0925858 -0.0328385 -0.248995 -0.0207904 0.682468
internal_weight=583 579 326 253 26 227 224 15 322 17 305 11
internal_count=583 579 326 253 26 227 224 15 322 17 305 11
is_linear=0
shrinkage=0.05


Tree=250
num_leaves=17
num_cat=0
split_feature=0 6 4 2 9 0 4 6 0 2 2 3 0 0 6 6
split_gain=295.831 2187.25 278.245 953.383 849.399 428.315 421.836 1332.53 477.004 297.624 1528.02 135.91 64.8625 50.2958 16.7418 12.2518
threshold=29150.795000000002 73.500000000000014 37332.500000000007 7659.0000000000009 1.0000000180025095e-35 32303.785000000003 37162.000000000007 75.500000000000014 31514.185000000001 2595.7850000000003 2687.8350000000005 1.2140853558211844 28738.675000000003 28953.150000000005 85.500000000000014 87.500000000000014
decision_type=2 2 2 2 2 2 2 2 2 2 2 2 2 2 2 2
left_child=1 -1 5 9 -5 6 8 -8 -2 11 -11 -4 14 -14 -3 -15
right_child=2 12 3 4 -6 -7 7 -9 -10 10 -12 -13 13 15 -16 -17
leaf_value=1.2219524204730978 -0.0010599946002543405 -0.2135803823173045 0.07800095047801732 -1.2934298356374105 -0.18045787811279293 0.58977766036987311 1.0248226404190055 0.032727767730301081 -0.16217102031662781 -1.1911220750461022 -0.046835430844177336 0.50369225144386276 0.20248841047286992 -0.11858905951182044 -0.084190177917480458 0.01507936008274555
leaf_weight=4.0000000000000027 345 5.0000000000000018 5 2.9999999999999991 4 2.9999999999999991 4.0000000000000027 22 53 2.9999999999999991 106 3 2.9999999999999982 3 5 4
leaf_count=4 345 5 5 3 4 3 4 22 53 3 106 3 3 3 5 4
internal_value=-0.0172176 0.154624 -0.0247025 -0.0906368 -0.657446 -0.00555533 -0.0097676 0.185358 -0.0225145 -0.0567251 -0.0783296 0.237635 -0.0588419 0.0312015 -0.148885 -0.0422071
internal_weight=575 24 551 124 7 427 424 26 398 117 109 8 20 10 10 7
internal_count=575 24 551 124 7 427 424 26 398 117 109 8 20 10 10 7
is_linear=0
shrinkage=0.05


Tree=251
num_leaves=10
num_cat=0
split_feature=2 2 1 2 2 7 4 2 2
split_gain=336.339 261.194 886.505 161.317 378.776 285.493 117.903 96.1014 155.282
threshold=18532.700000000001 2031.0550000000003 38993.790000000008 14625.095000000001 14207.435000000003 2.5000000000000004 35865.000000000007 18332.850000000002 18095.640000000003
decision_type=2 2 2 2 2 2 2 2 2
left_child=1 2 -1 4 6 -6 -3 8 -5
right_child=-2 3 -4 7 5 -7 -8 -9 -10
leaf_value=-0.81168780326843248 -0.53252023061116538 0.031806440569978257 0.24099009484052655 -0.090274525185426086 0.74353618621826179 0.09828872950747608 -0.016621267750613494 0.17100272576014203 -0.4675561507542928
leaf_weight=4 2.9999999999999991 223 4 30 2.9999999999999991 4 288 2.9999999999999991 2.9999999999999991
leaf_count=4 3 223 4 30 3 4 288 3 3
internal_value=-0.00451075 -0.00169219 -0.285349 0.00240393 0.00951675 0.374823 0.00451255 -0.0999416 -0.124573
internal_weight=565 562 8 554 518 7 511 36 33
internal_count=565 562 8 554 518 7 511 36 33
is_linear=0
shrinkage=0.05


Tree=252
num_leaves=13
num_cat=0
split_feature=2 2 2 1 4 0 2 0 2 2 1 2
split_gain=352.506 156.862 963.323 334.279 608.117 307.467 297.022 234.09 166.353 1140.93 377.975 103.587
threshold=1804.3950000000002 2629.0100000000007 2595.7850000000003 38095.650000000009 37941.500000000007 31683.300000000007 3732.5650000000005 31626.660000000003 3967.5600000000009 4007.9600000000005 33962.010000000002 2410.9250000000006
decision_type=2 2 2 2 2 2 2 2 2 2 2 2
left_child=-1 2 7 8 5 -5 -6 11 10 -10 -3 -2
right_child=1 3 -4 4 6 -7 -8 -9 9 -11 -12 -13
leaf_value=-0.46443829536437992 0.0012439192487643308 -0.355940836891532 -0.95636523564656584 0.24083593785762783 0.15608088788059024 0.86078237295150739 -0.36174634099006636 -0.34723815172910694 0.76528389930725105 0.0059158803412823809 -0.016099321246147155 0.26903929352760314
leaf_weight=3.9999999999999991 13.000000000000009 9.9999999999999982 2.9999999999999991 4 8.9999999999999982 4 4.0000000000000009 3.9999999999999991 4.9999999999999991 462 45 4.9999999999999991
leaf_count=4 13 10 3 4 9 4 4 4 5 462 45 5
internal_value=0.00329626 0.00659016 -0.115867 0.0122282 0.20782 0.550809 -0.00325057 -0.00125387 0.00435954 0.0140462 -0.0778887 0.0756315
internal_weight=572 568 25 543 21 8 13 22 522 467 55 18
internal_count=572 568 25 543 21 8 13 22 522 467 55 18
is_linear=0
shrinkage=0.05


Tree=253
num_leaves=13
num_cat=0
split_feature=1 1 1 2 0 1 2 1 1 7 1 2
split_gain=200.579 254.295 4626.39 1931.1 568.683 489.329 623.101 321.669 316.699 545.772 503.111 135.732
threshold=40405.490000000013 34851.185000000005 34939.42500000001 6057.6200000000008 31347.380000000005 34350.515000000007 4598.8050000000012 34412.015000000007 34087.070000000007 2.5000000000000004 33853.270000000011 4007.9600000000005
decision_type=2 2 2 2 2 2 2 2 2 2 2 2
left_child=1 5 -3 4 -4 8 11 -8 10 -10 -1 -7
right_child=-2 2 3 -5 -6 6 7 -9 9 -11 -12 -13
leaf_value=0.00078006238464705573 -0.30798079267144207 2.0071738560994468 -0.087832215137868416 1.2835783153772355 0.097270380360324205 -0.059136939048767059 -0.91454159418741865 -0.32422392822802071 0.59361979166666679 -0.056244710513523644 -0.42725681960582734 0.36627624829610178
leaf_weight=356 4.9999999999999991 2.9999999999999991 84 2.9999999999999991 82 5.0000000000000018 2.9999999999999991 9.9999999999999982 5.9999999999999982 7 6.9999999999999991 3
leaf_count=356 5 3 84 3 82 5 3 10 6 7 7 3
internal_value=0.00732196 0.0100926 0.0608751 0.0263254 0.00360401 -0.0119088 -0.246796 -0.460451 0.00120987 0.243693 -0.00747409 0.100393
internal_weight=574 569 172 169 166 397 21 13 376 13 363 8
internal_count=574 569 172 169 166 397 21 13 376 13 363 8
is_linear=0
shrinkage=0.05


Tree=254
num_leaves=23
num_cat=0
split_feature=6 4 7 1 1 0 0 7 1 6 0 3 6 1 0 3 1 3 1 1 0 0
split_gain=190.2 744.825 1614.77 2776.55 784.479 521.876 501.19 511.478 238.069 189.847 179.568 453.074 230.157 702.391 718.967 598.256 344.342 757.312 570.109 91.9493 44.9115 16.5317
threshold=74.500000000000014 37162.000000000007 3.5000000000000004 35278.660000000011 37325.745000000003 30581.470000000005 30341.925000000003 5.5000000000000009 33631.93 73.500000000000014 29386.195000000003 1.058193019856128 83.500000000000014 38714.475000000013 31800.090000000004 1.1623153717739958 38660.595000000008 1.2423680512764912 37855.17500000001 23420.505000000001 29084.380000000001 28953.150000000005
decision_type=2 2 2 2 2 2 2 2 2 2 2 2 2 2 2 2 2 2 2 2 2 2
left_child=1 5 3 -3 -5 6 7 -1 -7 -4 11 19 16 15 -15 -14 18 -18 -12 21 -21 -2
right_child=10 2 9 4 -6 8 -8 -9 -10 -11 12 -13 13 14 -16 -17 17 -19 -20 20 -22 -23
leaf_value=0.040549013588358378 0.16197412014007556 2.0461111138264321 -0.4231684029102325 -0.23036613557487723 0.83922823270161917 -0.14938792785008748 0.65728207429250085 -0.64050942976027736 -0.77929371198018371 0.063974545150995252 -0.034284035835788991 -0.71200022101402283 0.030970499667264253 -1.0350935190916062 0.059565718968709297 0.36357596109310791 0.5126878413889141 -0.075188640717949187 -0.46238159984350208 -0.20943090120951324 -0.064130313386424234 0.01822217640777429
leaf_weight=34 3.0000000000000018 3.0000000000000018 4 4 3 2.9999999999999991 2.9999999999999991 2.9999999999999991 3 4 279 2.9999999999999991 137 2.9999999999999991 3 14.999999999999998 9.0000000000000018 13.999999999999998 7.9999999999999991 9.0000000000000018 12.999999999999998 6
leaf_count=34 3 3 4 4 3 3 3 3 3 4 279 3 137 3 3 15 9 14 8 9 13 6
internal_value=-0.00397762 0.0771987 0.349877 0.773455 0.228031 -0.0295013 0.0357246 -0.0146719 -0.464341 -0.179597 -0.0143268 -0.125274 -0.00626653 0.0428482 -0.487764 0.0637934 -0.0312992 0.15485 -0.0462171 -0.0684941 -0.123571 0.0661395
internal_weight=566 64 18 10 7 46 40 37 6 8 502 34 468 158 6 152 310 23 287 31 22 9
internal_count=566 64 18 10 7 46 40 37 6 8 502 34 468 158 6 152 310 23 287 31 22 9
is_linear=0
shrinkage=0.05


Tree=255
num_leaves=16
num_cat=0
split_feature=2 2 4 4 3 3 2 3 3 2 0 3 0 3 0
split_gain=290.422 190.095 549.509 1275.09 527.845 1250.85 364.343 373.401 388.131 337.352 313.944 311.593 909.824 415.418 31.5526
threshold=18532.700000000001 3922.6700000000005 37657.000000000007 37941.500000000007 1.2075761408604913 1.1885024806116615 3732.5650000000005 1.1347428671420068 1.157556824312594 6422.5850000000009 31886.825000000001 1.1757830903046622 31812.365000000002 1.2037547151146779 30049.265000000003
decision_type=2 2 2 2 2 2 2 2 2 2 2 2 2 2 2
left_child=1 6 4 9 5 -3 11 14 -9 -4 -5 12 -1 -13 -8
right_child=-2 2 3 10 -6 -7 7 8 -10 -11 -12 13 -14 -15 -16
leaf_value=-0.0005753102047102791 -0.49441102345784504 -0.0043683618872482509 0.50074911117553655 0.16102970668247765 -0.66172432899475098 0.88389887213706975 -0.20204928368330008 -0.98647190729777012 -0.23412613570690152 1.2505845387776691 -0.3005259364843369 -0.26835989920716535 0.95893274943033857 0.0095560836889173675 -0.003452411293983459
leaf_weight=14.000000000000002 2.9999999999999991 432 3.0000000000000027 14.000000000000002 2.9999999999999991 3.9999999999999991 2.9999999999999982 2.9999999999999991 4 3 4.9999999999999991 19 2.9999999999999991 46 6
leaf_count=14 3 432 3 14 3 4 3 3 4 3 5 19 3 46 6
internal_value=-0.0037654 -0.0011463 0.0122178 0.240231 -0.000766993 0.00378088 -0.0644214 -0.282674 -0.55656 0.875667 0.0395677 -0.0218355 0.16875 -0.0716809 -0.0696514
internal_weight=565 562 464 25 439 436 98 16 7 6 19 82 17 65 9
internal_count=565 562 464 25 439 436 98 16 7 6 19 82 17 65 9
is_linear=0
shrinkage=0.05


Tree=256
num_leaves=13
num_cat=0
split_feature=2 2 8 1 4 6 1 4 0 3 7 2
split_gain=584.388 158.155 910.529 214.352 493.609 366.051 270.566 665.883 184.671 171.142 113.303 76.4921
threshold=1804.3950000000002 2629.0100000000007 4.5000000000000009 38714.475000000013 37941.500000000007 84.500000000000014 37855.17500000001 37217.000000000007 31626.660000000003 1.1611281148768302 1.5000000000000002 2471.6800000000007
decision_type=2 2 2 2 2 2 2 2 2 2 2 2
left_child=-1 2 8 6 -5 -6 9 -8 11 -3 -10 -2
right_child=1 3 -4 4 5 -7 7 -9 10 -11 -12 -13
leaf_value=0.61389584541320807 0.026765774190425858 0.0015004088918038434 -0.93267773787180586 0.67354249358177165 -0.10694095268845559 0.52278566583991026 0.17504211664199826 -0.73729218840599042 -0.44844466845194503 0.092022141258595369 -0.041955201327800742 0.28209335803985597
leaf_weight=3.9999999999999991 11.000000000000005 454 2.9999999999999991 4.0000000000000009 9.9999999999999982 3.0000000000000009 4 4 2.9999999999999991 59 4 3.9999999999999991
leaf_count=4 11 454 3 4 10 3 4 4 3 59 4 4
internal_value=0.0116787 0.00740003 -0.115536 0.0131127 0.18783 0.0383806 0.00741169 -0.281125 -0.00410718 0.0119113 -0.216165 0.0948531
internal_weight=567 563 25 538 17 13 521 8 22 513 7 15
internal_count=567 563 25 538 17 13 521 8 22 513 7 15
is_linear=0
shrinkage=0.05


Tree=257
num_leaves=9
num_cat=0
split_feature=2 1 1 2 1 2 1 0
split_gain=701.661 165.21 216.719 725.106 436.692 1286.29 523.462 159.722
threshold=1804.3950000000002 40405.490000000013 39257.420000000006 3207.5950000000007 38714.475000000013 2687.8350000000005 38465.170000000006 31780.940000000006
decision_type=2 2 2 2 2 2 2 2
left_child=-1 2 4 7 6 -6 -2 -4
right_child=1 -3 3 -5 5 -7 -8 -9
leaf_value=0.59820112228393563 0.002021027340318901 -0.28286380350589752 0.10330598396914348 0.76902424097061162 -1.1843535025914507 0.12524481296539305 0.5761497378349304 -0.33275004625320426
leaf_weight=4.9999999999999991 532 4.9999999999999991 6.9999999999999982 3.9999999999999991 3 5 3.9999999999999991 3
leaf_count=5 532 5 7 4 3 5 4 3
internal_value=0.00850462 0.00326753 0.00583143 0.200071 0.000832627 -0.365855 0.00630557 -0.0275108
internal_weight=568 563 558 14 544 8 536 10
internal_count=568 563 558 14 544 8 536 10
is_linear=0
shrinkage=0.05


Tree=258
num_leaves=15
num_cat=0
split_feature=2 6 0 0 0 0 2 4 0 2 3 4 3 3
split_gain=1552.04 230.927 506.837 979.319 383.098 275.953 1875.77 421.052 1238.76 511.576 236.04 2960.64 1000.59 230.536
threshold=18407.930000000004 81.500000000000014 31085.695000000003 31127.170000000002 31843.890000000003 29150.795000000002 11910.475000000002 32625.000000000004 31064.360000000004 6963.7600000000011 1.1370363341123151 35987.500000000007 1.1074259006034406 0.86076202698116477
decision_type=2 2 2 2 2 2 2 2 2 2 2 2 2 2
left_child=1 5 10 -4 -5 6 -1 8 -7 -9 12 -12 -3 -8
right_child=-2 2 3 4 -6 7 13 9 -10 -11 11 -13 -14 -15
leaf_value=1.3028757492701213 1.1454743882020315 0.01436167992925381 0.84888123393058779 0.063780126996862238 0.57698531746864323 -0.033426161463323383 -0.24777593500912196 0.0063193840889293647 0.79067778587341309 -0.13036886708578097 1.6236426353454592 -0.0063841734559108056 -0.46192469050486884 0.26618514060974113
leaf_weight=2.9999999999999991 2.9999999999999991 136 4.9999999999999991 40 3.9999999999999991 19.000000000000004 7.9999999999999982 167 5.9999999999999991 116 2.9999999999999991 39 11.999999999999998 3
leaf_count=3 3 136 5 40 4 19 8 167 6 116 3 39 12 3
internal_value=0.0112385 0.00517305 0.0424083 0.185787 0.110435 -0.0224643 0.194641 -0.0323327 0.164359 -0.0497083 0.00543178 0.110046 -0.0242561 -0.107605
internal_weight=564 561 239 49 44 322 14 308 25 283 190 42 148 11
internal_count=564 561 239 49 44 322 14 308 25 283 190 42 148 11
is_linear=0
shrinkage=0.05


Tree=259
num_leaves=11
num_cat=0
split_feature=2 0 4 2 0 0 2 1 3 0
split_gain=405.88 292.999 986.068 475.883 228.015 751.456 521.604 423.358 192.892 189.164
threshold=18532.700000000001 29596.770000000004 37487.500000000007 5073.3900000000003 32065.465000000004 32120.640000000003 1804.3950000000002 36648.630000000012 0.81230364281544654 29361.380000000005
decision_type=2 2 2 2 2 2 2 2 2 2
left_child=1 2 3 -1 6 -6 -3 -7 -8 -5
right_child=-2 4 -4 9 5 7 8 -9 -10 -11
leaf_value=-0.67867941160996759 0.57602828343709311 0.67018074989318854 -0.99028364817301429 -0.088918803085883458 -0.88891589343547717 -0.56960866848627656 -0.10784034549512647 0.084912587489400601 0.017398030316664113 0.10286709722131492
leaf_weight=2.9999999999999991 2.9999999999999991 2.9999999999999991 2.9999999999999991 45 3.0000000000000027 3.0000000000000027 33 13.999999999999998 450 18
leaf_count=3 3 3 3 45 3 3 33 14 450 18
internal_value=-0.00403878 -0.00706522 -0.103719 -0.0634209 0.00611488 -0.15934 0.0129237 -0.0305912 0.00884137 -0.0341228
internal_weight=578 575 69 66 506 20 486 17 483 63
internal_count=578 575 69 66 506 20 486 17 483 63
is_linear=0
shrinkage=0.05


Tree=260
num_leaves=26
num_cat=0
split_feature=1 3 4 2 3 3 6 1 3 6 2 2 1 1 3 1 3 8 1 2 3 7 1 3 1
split_gain=349.696 984.405 743.073 761.769 1117.83 772.858 693.622 830.009 522.436 363.151 316.717 770.156 547.857 812.807 421.149 355.661 176.325 243.766 148.942 767.143 157.81 88.8902 61.1174 51.1875 10.8163
threshold=32152.810000000001 1.0316030963644132 35692.500000000007 4625.3050000000012 1.1412642362143854 1.131489162422405 79.500000000000014 31331.505000000001 1.1358994381720218 82.500000000000014 2629.0100000000007 2595.7850000000003 38598.990000000005 39429.160000000011 1.2037547151146779 37855.17500000001 1.028465488834627 4.5000000000000009 29322.920000000002 11328.955000000002 0.83356629570188001 2.5000000000000004 36785.750000000007 1.0478937419592429 30579.380000000005
decision_type=2 2 2 2 2 2 2 2 2 2 2 2 2 2 2 2 2 2 2 2 2 2 2 2 2
left_child=1 9 3 8 5 -5 7 -3 -2 18 11 14 15 -14 -4 -12 17 -11 20 -20 -1 -9 -10 -8 -25
right_child=2 6 10 4 -6 -7 23 21 22 16 12 -13 13 -15 -16 -17 -18 -19 19 -21 -22 -23 -24 24 -26
leaf_value=-0.025405505715256058 -0.45839387536048898 -1.3587291081746409 -0.31912449918687325 0.42513881344348176 1.3256140443185966 -0.44939366976420092 -0.26471989193931222 -0.21038914471864698 0.3932111183802286 -0.026809408780881918 0.0174522516665102 -0.90610915819803872 0.83739636421203623 0.068545273488218136 0.089801937407430477 -0.34535473074231832 0.37970749810338023 0.12407502084210212 -0.062898086546920237 0.67153890132904059 -0.15402927411426057 -0.5704329967498778 0.07405244112014768 -0.15274118185043337 -0.041414246940985326
leaf_weight=41 4.9999999999999982 3.0000000000000018 10.000000000000005 16.000000000000007 2.9999999999999991 2.9999999999999991 4.9999999999999991 4 3 59 193 2.9999999999999991 4.9999999999999991 10.999999999999998 17 6.9999999999999991 3.9999999999999991 49 32 3.9999999999999991 57 3 3 2.9999999999999991 7.9999999999999991
leaf_count=41 5 3 10 16 3 3 5 4 3 59 193 3 5 11 17 7 4 49 32 4 57 3 3 3 8
internal_value=-0.00330991 -0.0436519 0.0360199 0.258809 0.428676 0.287055 -0.336238 -0.662904 -0.0809253 -0.0127282 0.0061335 -0.146098 0.0272768 0.308811 -0.0616523 0.00475401 0.053721 0.0416474 -0.0682677 0.018706 -0.100217 -0.364694 0.233632 -0.132071 -0.0717761
internal_weight=551 272 279 33 22 19 26 10 11 246 246 30 216 16 27 200 112 108 134 36 98 7 6 16 11
internal_count=551 272 279 33 22 19 26 10 11 246 246 30 216 16 27 200 112 108 134 36 98 7 6 16 11
is_linear=0
shrinkage=0.05


Tree=261
num_leaves=10
num_cat=0
split_feature=2 2 7 3 4 0 0 0 1
split_gain=576.229 351.632 199.292 413.255 848.895 261.232 1068.89 292.696 212.743
threshold=1804.3950000000002 18532.700000000001 5.5000000000000009 1.1040998788478005 37332.500000000007 31843.890000000003 32001.495000000003 31754.040000000005 26925.755000000001
decision_type=2 2 2 2 2 2 2 2 2
left_child=-1 2 5 8 -5 7 -7 -2 -4
right_child=1 -3 3 4 -6 6 -8 -9 -10
leaf_value=0.58743177652359013 0.0016956728645334568 -0.55467141469319658 -0.11991746974618811 -0.90770762562751683 -0.12721998669483045 -0.67327980313982261 0.10417324950297674 0.30667865127325061 0.098464990172673156
leaf_weight=3.9999999999999991 473 2.9999999999999991 19 4.0000000000000027 27 7.0000000000000027 11.999999999999998 7.9999999999999991 27
leaf_count=4 473 3 19 4 27 7 12 8 27
internal_value=-0.010629 -0.0147535 -0.0119464 -0.0868266 -0.227928 -0.000414794 -0.182257 0.00676815 0.00826354
internal_weight=584 580 577 77 31 500 19 481 46
internal_count=584 580 577 77 31 500 19 481 46
is_linear=0
shrinkage=0.05


Tree=262
num_leaves=16
num_cat=0
split_feature=2 8 0 1 6 3 0 0 0 0 6 0 2 6 4
split_gain=543.987 155.943 456.746 1330.15 3761.02 1173.64 904.114 519.298 438.03 513.391 548.566 418.158 301.136 285.69 207.049
threshold=1804.3950000000002 4.5000000000000009 31522.390000000003 37855.17500000001 85.500000000000014 1.1623153717739958 31547.650000000005 32120.640000000003 31514.185000000001 31347.380000000005 76.500000000000014 31630.050000000003 4053.3300000000004 77.500000000000014 36489.500000000007
decision_type=2 2 2 2 2 2 2 2 2 2 2 2 2 2 2
left_child=-1 8 3 5 -5 -3 -4 -8 9 12 -11 13 -2 -10 -13
right_child=1 2 6 4 -6 -7 7 -9 11 10 -12 14 -14 -15 -16
leaf_value=0.51316422462463385 0.060793340906723226 -0.0099205520570926058 0.89908286929130554 -1.9918421745300294 0.51182728608449291 0.65142645835876467 0.25070041849424957 -0.19444361805915833 -0.83299857775370278 0.82025534957647328 0.11217501355755716 -0.00025664377212524414 -0.061162883164400488 -0.2825402656739408 -0.26945371568202975
leaf_weight=4.9999999999999991 67 161 3.9999999999999991 2.9999999999999991 3 6.9999999999999991 19.000000000000004 9.9999999999999982 2.9999999999999991 2.9999999999999991 31 25 207 10.999999999999998 9.9999999999999982
leaf_count=5 67 161 4 3 3 7 19 10 3 3 31 25 207 11 10
internal_value=-0.00606943 -0.0106726 0.0238548 -0.00849005 -0.740007 0.0176356 0.1944 0.0972025 -0.0306926 -0.00860186 0.174653 -0.169549 -0.0313415 -0.400496 -0.0771701
internal_weight=569 564 207 174 6 168 33 29 357 308 34 49 274 14 35
internal_count=569 564 207 174 6 168 33 29 357 308 34 49 274 14 35
is_linear=0
shrinkage=0.05


Tree=263
num_leaves=12
num_cat=0
split_feature=2 0 2 0 0 4 7 0 1 5 1
split_gain=521.021 150.108 858.027 452.022 365.555 722.802 366.8 301.667 210.497 833.613 226.719
threshold=18407.930000000004 31886.825000000001 1804.3950000000002 31927.960000000003 31780.940000000006 36747.500000000007 5.5000000000000009 32238.850000000002 38714.475000000013 20.500000000000004 38095.650000000009
decision_type=2 2 2 2 2 2 2 2 2 2 2
left_child=1 4 -3 -4 8 -6 -7 -5 10 -10 -1
right_child=-2 2 3 7 5 6 -8 -9 9 -11 -12
leaf_value=-0.0039744646147444425 0.65682152311007191 -0.9153023799260448 -0.51118694543838461 0.25178583616560152 -0.34453184008598331 0.59117094344562948 -0.047229552268981935 -0.11851348280906678 0.015531687736511229 -0.93477413356304173 0.28257675170898439
leaf_weight=497 2.9999999999999991 3.0000000000000027 4.0000000000000027 11.000000000000002 3.9999999999999991 8.9999999999999982 2.9999999999999991 10.999999999999998 9.9999999999999982 2.9999999999999991 6.9999999999999991
leaf_count=497 3 3 4 11 4 9 3 11 10 3 7
internal_value=-0.000353538 -0.00386159 -0.114643 -0.0222597 0.00216594 0.237545 0.431571 0.0666362 -0.00511852 -0.20377 5.41339e-06
internal_weight=565 562 29 26 533 16 12 22 517 13 504
internal_count=565 562 29 26 533 16 12 22 517 13 504
is_linear=0
shrinkage=0.05


Tree=264
num_leaves=15
num_cat=0
split_feature=2 4 1 2 6 0 3 7 6 6 0 6 1 4
split_gain=355.683 214.896 861.625 1777.41 1065.51 347.073 1760.11 187.423 263.104 167.218 638.072 252.177 110.896 67.4501
threshold=18532.700000000001 33797.500000000007 29938.350000000002 10647.320000000002 85.500000000000014 29150.795000000002 1.058193019856128 1.5000000000000002 81.500000000000014 73.500000000000014 30890.690000000002 74.500000000000014 26802.205000000005 34230.000000000007
decision_type=2 2 2 2 2 2 2 2 2 2 2 2 2 2
left_child=1 2 7 4 -4 6 13 8 -1 10 -7 -11 -9 -3
right_child=-2 5 3 -5 -6 9 -8 12 -10 11 -12 -13 -14 -15
leaf_value=-0.074061012268066426 0.54644778569539387 0.019280834247668591 0.022043496441273458 1.4524934927622477 0.91243067383766174 -0.055849848823113869 1.2876027931769687 0.0044424571392555094 0.37715140410831993 0.14870952130718665 -0.83317538897196453 -0.025519673727362385 -0.11107326880578072 -0.29435078203678128
leaf_weight=5.9999999999999982 2.9999999999999991 2.9999999999999982 21.000000000000007 2.9999999999999991 3.9999999999999991 22.000000000000004 3 63 7 22 2.9999999999999991 371 31 4
leaf_count=6 3 3 21 3 4 22 3 63 7 22 3 371 31 4
internal_value=0.00346394 0.000570603 0.0555734 0.302504 0.164505 -0.0167784 0.274325 -0.00904395 0.1689 -0.0237426 -0.149129 -0.0157664 -0.0336532 -0.159937
internal_weight=566 563 135 28 25 428 10 107 13 418 25 393 94 7
internal_count=566 563 135 28 25 428 10 107 13 418 25 393 94 7
is_linear=0
shrinkage=0.05


Tree=265
num_leaves=16
num_cat=0
split_feature=6 2 2 8 7 1 4 1 4 3 4 2 2 1 2
split_gain=340.382 591.019 394.566 238.062 363.925 256.02 198.364 597.669 132.945 1486.41 230.206 78.4796 67.4049 65.5423 23.1355
threshold=73.500000000000014 16772.285000000003 18532.700000000001 4.5000000000000009 2.5000000000000004 34588.81500000001 38215.000000000007 35598.070000000007 37657.000000000007 1.1847922203310288 36747.500000000007 6101.2450000000017 5837.795000000001 34328.145000000011 12246.790000000003
decision_type=2 2 2 2 2 2 2 2 2 2 2 2 2 2 2
left_child=1 3 6 4 11 14 8 12 10 -10 -2 -1 -8 -6 -5
right_child=2 -3 -4 5 13 -7 7 -9 9 -11 -12 -13 -14 -15 -16
leaf_value=-0.069686357676982835 -0.02482659053095811 0.4916122078895569 -0.58404315312703448 -0.19397430270910251 -0.44966628948847459 -0.81695613861083993 -0.24060692044731702 0.60950420618057244 -1.0154197454452516 -0.013758101493353027 0.055796092686553805 0.22744926333427429 0.072919527689615862 -0.16343583265940342 -0.35530442237853999
leaf_weight=4.0000000000000018 364 2.9999999999999991 2.9999999999999991 4.0000000000000018 5.9999999999999982 2.9999999999999991 3.9999999999999982 5 3.9999999999999991 50 117 5 3 3 5
leaf_count=4 364 3 3 4 6 3 4 5 4 50 117 5 3 3 5
internal_value=-0.0215521 -0.177523 -0.0121938 -0.244436 -0.129434 -0.416941 -0.00905753 0.191988 -0.013567 -0.0879553 -0.00521567 0.095389 -0.106238 -0.354256 -0.283602
internal_weight=583 33 550 30 18 12 547 12 535 54 481 9 7 9 9
internal_count=583 33 550 30 18 12 547 12 535 54 481 9 7 9 9
is_linear=0
shrinkage=0.05


Tree=266
num_leaves=11
num_cat=0
split_feature=2 1 3 2 0 3 1 0 4 0
split_gain=342.165 138.293 1112.25 456.435 357.901 1484.89 332.113 128.338 966.378 154.594
threshold=18532.700000000001 37855.17500000001 1.2084574114048838 2031.0550000000003 31306.450000000004 1.2458442924015294 39429.160000000011 30930.560000000001 32625.000000000004 30796.465000000004
decision_type=2 2 2 2 2 2 2 2 2 2
left_child=1 3 -3 -1 5 -4 -6 9 -9 -5
right_child=-2 2 4 7 6 -7 -8 8 -10 -11
leaf_value=0.61674153010050459 0.5303999582926433 -1.0205841938654581 -1.2073851903279624 -0.011276182824874234 0.29376062479886134 0.077091718428871706 -0.073371472529002599 0.60597740411758427 0.0086446668970700056 -0.13636413807118383
leaf_weight=2.9999999999999991 2.9999999999999991 2.9999999999999991 2.9999999999999991 290 11.000000000000002 8.9999999999999982 13.999999999999998 6.9999999999999991 207 27
leaf_count=3 3 3 3 290 11 9 14 7 207 27
internal_value=-0.0021926 -0.00497618 -0.0946479 0.0017408 -0.019572 -0.244028 0.0881667 -0.00173378 0.0281836 -0.0219304
internal_weight=577 574 40 534 37 12 25 531 214 317
internal_count=577 574 40 534 37 12 25 531 214 317
is_linear=0
shrinkage=0.05


Tree=267
num_leaves=15
num_cat=0
split_feature=2 1 0 7 4 3 0 6 1 2 5 6 0 1
split_gain=1130.27 109.049 435.221 1978.35 308.314 639.148 314.443 116.331 108.434 79.1505 60.7411 135.863 34.7705 28.6652
threshold=18407.930000000004 24953.450000000001 29150.795000000002 3.5000000000000004 35692.500000000007 1.1623153717739958 29596.770000000004 82.500000000000014 18500.555000000004 14510.365000000002 20.500000000000004 85.500000000000014 30377.610000000004 29642.825000000001
decision_type=2 2 2 2 2 2 2 2 2 2 2 2 2 2
left_child=1 7 3 -3 5 -4 -6 8 -1 -10 12 -12 -9 -5
right_child=-2 2 4 13 6 -7 -8 10 9 -11 11 -13 -14 -15
leaf_value=-0.42358723481496174 0.83013523891568186 1.3954290827115381 0.025611707148275206 -0.022396997610727942 -0.27432236160550799 0.6648283451795578 -0.031670347996987404 0.22349065542221053 -0.18784640934318306 -0.030574250826612116 -0.27180111169815041 0.022819054695881077 -0.001691601673762003 -0.22685586512088773
leaf_weight=2.9999999999999991 3.9999999999999991 2.9999999999999982 175 3 13.999999999999998 3.9999999999999991 288 4.0000000000000027 15.999999999999998 15.999999999999998 5.0000000000000027 18 3 4
leaf_count=3 4 3 175 3 14 4 288 4 16 16 5 18 3 4
internal_value=-0.0073444 -0.0133694 -0.00531271 0.321167 -0.0121002 0.0398959 -0.0429191 -0.0742287 -0.136157 -0.10921 -0.00197916 -0.0412288 0.126984 -0.139231
internal_weight=560 556 491 10 481 179 302 65 35 32 30 23 7 7
internal_count=560 556 491 10 481 179 302 65 35 32 30 23 7 7
is_linear=0
shrinkage=0.05


Tree=268
num_leaves=19
num_cat=0
split_feature=2 3 0 3 2 3 4 4 6 6 0 2 3 3 0 3 2 6
split_gain=94.1031 2680.93 410.358 398.923 387.732 675.203 337.374 281.088 949.936 274.816 373.594 285.198 210.182 185.684 884.617 196.047 30.2472 15.177
threshold=10139.320000000002 0.97091035483659704 29386.195000000003 1.058193019856128 9105.840000000002 1.0523011373168341 33317.500000000007 35692.500000000007 85.500000000000014 82.500000000000014 30930.560000000001 10302.895000000002 0.99226735985654446 0.93651116973540338 31214.985000000004 0.90611422883482073 9005.6650000000027 85.500000000000014
decision_type=2 2 2 2 2 2 2 2 2 2 2 2 2 2 2 2 2 2
left_child=2 9 3 16 7 6 -6 8 -4 13 11 -11 -9 15 -15 -2 17 -1
right_child=1 -3 4 -5 5 -7 -8 12 -10 10 -12 -13 -14 14 -16 -17 -18 -19
leaf_value=-0.13539245314896109 -0.049286456000717252 1.3058631040155888 0.018017617978301703 -0.79961817661921186 -0.28825020967767789 -0.77483573816716678 0.035853240248702824 0.14419037103652954 0.55098053798079494 0.40453909873962407 0.54315942861139777 0.0095052981105597945 -0.023607263893496554 0.50540183434883768 -0.54615451196829468 -0.25475190654397012 -0.0093925426403681424 -0.28416429758071893
leaf_weight=3.9999999999999982 68 3.9999999999999991 51 2.9999999999999991 12.999999999999998 3.9999999999999991 21 20 9.9999999999999982 4.9999999999999991 3.9999999999999991 53 279 5.9999999999999982 3 13.999999999999998 3 3
leaf_count=4 68 4 51 3 13 4 21 20 10 5 4 53 279 6 3 14 3 3
internal_value=-0.00491229 0.028016 -0.0174907 -0.29393 -0.00846129 -0.16036 -0.0880687 0.00757246 0.105389 -0.00539179 0.0757922 0.0435599 -0.0123833 -0.0607039 0.154883 -0.0843659 -0.142224 -0.199152
internal_weight=568 157 411 13 398 38 34 360 61 153 62 58 299 91 9 82 10 7
internal_count=568 157 411 13 398 38 34 360 61 153 62 58 299 91 9 82 10 7
is_linear=0
shrinkage=0.05


Tree=269
num_leaves=14
num_cat=0
split_feature=2 0 2 0 0 0 1 0 0 1 0 0 0
split_gain=471.091 173.806 405.282 367.026 344.319 305.116 1216.44 195.499 181.871 548.176 409.117 151.823 136.333
threshold=18532.700000000001 31859.145000000004 3357.6500000000005 31927.960000000003 32317.205000000005 31780.940000000006 37366.465000000004 32238.850000000002 31558.700000000001 35464.795000000006 31536.125000000004 31843.890000000003 31886.825000000001
decision_type=2 2 2 2 2 2 2 2 2 2 2 2 2
left_child=1 5 4 12 -3 8 11 -5 10 -10 -1 -7 -4
right_child=-2 2 3 7 -6 6 -8 -9 9 -11 -12 -13 -14
leaf_value=0.012488893593223927 -0.62040344874064135 -0.74437950849533085 -0.13426510393619526 0.25162769973278037 -0.035767048597335808 0.12230281829833987 1.134192323684692 -0.06102111488580704 0.052810237977815713 -0.34401840567588809 0.42802424530188249 -0.32762070496877027 -0.58015634218851708
leaf_weight=464 2.9999999999999991 3.9999999999999991 4.0000000000000027 10.000000000000002 3 4.9999999999999982 3 9.9999999999999982 23 13.999999999999998 5.9999999999999991 3 3
leaf_count=464 3 4 4 10 3 5 3 10 23 14 6 3 3
internal_value=0.00445965 0.00785565 -0.101655 -0.0137579 -0.440688 0.0150436 0.275566 0.0953033 0.00939126 -0.0973411 0.0177936 -0.0464185 -0.325361
internal_weight=555 552 34 27 7 518 11 20 507 37 470 8 7
internal_count=555 552 34 27 7 518 11 20 507 37 470 8 7
is_linear=0
shrinkage=0.05


Tree=270
num_leaves=10
num_cat=0
split_feature=3 5 2 3 3 2 3 2 0
split_gain=407.133 498.48 402.654 275.522 1342.49 405.969 482.994 391.626 9.69944
threshold=0.58733520734090183 19.500000000000004 18095.640000000003 1.1955500705760556 1.188940285511052 5302.4050000000007 1.2037547151146779 2031.0550000000003 30027.365000000002
decision_type=2 2 2 2 2 2 2 2 2
left_child=1 -1 3 4 7 6 -5 -2 -3
right_child=2 8 -4 5 -6 -7 -8 -9 -10
leaf_value=-0.84266098340352402 0.59457777341206863 0.010278332233428953 0.60028626322746281 -0.407660448551178 0.94489882998168473 -0.56346777677536009 0.0076679590607195026 0.02150941534578972 -0.1168661922216415
leaf_weight=2.9999999999999982 2.9999999999999991 3 2.9999999999999991 7.9999999999999991 3.9999999999999991 3.9999999999999991 56 477 3
leaf_count=3 3 3 3 8 4 4 56 477 3
internal_value=0.0171821 -0.316416 0.0225918 0.0194521 0.0326928 -0.0747904 -0.0442481 0.0250911 -0.0532939
internal_weight=564 9 555 552 484 68 64 480 6
internal_count=564 9 555 552 484 68 64 480 6
is_linear=0
shrinkage=0.05


Tree=271
num_leaves=12
num_cat=0
split_feature=1 1 5 0 6 2 1 6 2 0 1
split_gain=180.791 332.875 1409.91 452.895 944.366 365.131 173.968 365.529 165.262 138.339 108.793
threshold=40059.10500000001 38598.990000000005 20.500000000000004 31754.040000000005 79.500000000000014 1804.3950000000002 38003.990000000013 83.500000000000014 2595.7850000000003 31547.650000000005 40693.320000000007
decision_type=2 2 2 2 2 2 2 2 2 2 2
left_child=1 5 3 8 -5 -1 9 -8 -3 -7 -2
right_child=10 2 -4 4 -6 6 7 -9 -10 -11 -12
leaf_value=0.5648488839467366 0.49560114741325378 0.01363457781927925 -1.1894141293751697 0.063408660888671892 -1.0230799039204912 0.017760838944153735 -0.11077670653661092 0.66974572340647365 0.39000312328338621 -0.062168280365037132 0.069782539208730052
leaf_weight=2.9999999999999991 2.9999999999999991 7.0000000000000053 2.9999999999999991 5.9999999999999982 3 481 2.9999999999999991 3 5 61 3
leaf_count=3 3 7 3 6 3 481 3 3 5 61 3
internal_value=0.00965014 0.00680101 -0.175482 -0.0306348 -0.298754 0.0147407 0.0117292 0.279485 0.170455 0.00876513 0.282692
internal_weight=581 575 24 21 9 551 548 6 12 542 6
internal_count=581 575 24 21 9 551 548 6 12 542 6
is_linear=0
shrinkage=0.05


Tree=272
num_leaves=20
num_cat=0
split_feature=2 1 3 3 3 0 0 7 0 2 7 3 4 0 4 8 0 0 2
split_gain=86.3402 531.311 904.806 360.166 470.733 240.109 877.708 1321.81 550.842 705.398 1346.34 432.932 2315.23 532.996 237.719 198.038 762.56 314.988 12.2485
threshold=5248.1900000000014 37855.17500000001 1.188940285511052 1.1532894769286688 1.1611281148768302 31133.285000000003 30975.995000000006 1.5000000000000002 31302.120000000006 2595.7850000000003 2.5000000000000004 1.1370363341123151 35987.500000000007 29767.375000000004 38215.000000000007 4.5000000000000009 31800.090000000004 31460.010000000006 3108.1650000000004
decision_type=2 2 2 2 2 2 2 2 2 2 2 2 2 2 2 2 2 2 2
left_child=5 2 3 14 -5 6 11 -8 9 -7 -11 13 -13 -1 -2 17 -17 -10 -9
right_child=1 -3 -4 4 -6 8 7 18 15 10 -12 12 -14 -15 -16 16 -18 -19 -20
leaf_value=-0.7507422347863506 0.001681226063797723 -0.67587997913360598 0.8569995562235514 -0.55345873151506664 -0.0289551626552235 0.20158792875707149 1.2363798856735233 -0.0084646662076314268 0.15521318481156701 -0.17592416554689411 -1.4179700851440427 1.4713191668192547 0.031159281954169272 -0.045431756120175124 -0.34564230769872667 0.46131788004528379 -0.079477114975452429 -0.083295375167154795 0.13441342711448664
leaf_weight=3.0000000000000027 335 2.9999999999999991 2.9999999999999991 7.0000000000000027 10.999999999999998 4.9999999999999991 3.9999999999999982 3 19 7.9999999999999982 3 2.9999999999999991 40 25 4.9999999999999991 11.000000000000002 15.999999999999998 51 3
leaf_count=3 335 3 3 7 11 5 4 3 19 8 3 3 40 25 5 11 16 51 3
internal_value=0.00113226 -0.0132263 -0.00771945 -0.0149657 -0.232929 0.028073 0.0937738 0.532337 -0.0190223 -0.290835 -0.514664 0.0320043 0.131636 -0.121001 -0.00342647 0.0258129 0.140847 -0.0185573 0.0629744
internal_weight=558 364 361 358 18 194 81 10 113 16 11 71 43 28 340 97 27 70 6
internal_count=558 364 361 358 18 194 81 10 113 16 11 71 43 28 340 97 27 70 6
is_linear=0
shrinkage=0.05


Tree=273
num_leaves=14
num_cat=0
split_feature=2 6 1 3 3 3 4 1 6 2 6 6 5
split_gain=412.701 137.582 284.727 829.028 609.448 220.811 450.404 1497.43 285.561 194.285 65.642 113.71 3.06502
threshold=18532.700000000001 81.500000000000014 38714.475000000013 1.2535708291239394 1.2175773255298903 0.80637761116675544 31965.000000000004 28081.390000000003 74.500000000000014 2160.6250000000005 78.500000000000014 73.500000000000014 19.500000000000004
decision_type=2 2 2 2 2 2 2 2 2 2 2 2 2
left_child=1 5 4 -4 9 10 7 -7 -8 -3 11 -1 -12
right_child=-2 2 3 -5 -6 6 8 -9 -10 -11 12 -13 -14
leaf_value=-0.36332209110260022 -0.58560832341512048 0.43066434860229497 -0.92059734662373838 0.13076890349388121 0.74790652592976892 -0.0037107055837457834 0.072913168097535772 1.2565187056859335 -0.049738090789963038 0.025752807566542413 -0.3030046661694844 0.026052767038345331 -0.37447754542032868
leaf_weight=2.9999999999999982 2.9999999999999991 2.9999999999999991 3 5 2.9999999999999991 10.999999999999998 60 2.9999999999999991 227 237 3 5 3
leaf_count=3 3 3 3 5 3 11 60 3 227 237 3 5 3
internal_value=-0.000711444 0.00238872 0.0300047 -0.263493 0.0396672 -0.0196164 -0.0105881 0.266338 -0.0240967 0.0308142 -0.213725 -0.119963 -0.338741
internal_weight=569 566 251 8 243 315 301 14 287 240 14 8 6
internal_count=569 566 251 8 243 315 301 14 287 240 14 8 6
is_linear=0
shrinkage=0.05


Tree=274
num_leaves=19
num_cat=0
split_feature=2 3 4 2 8 2 2 0 1 7 0 2 0 0 0 6 0 3
split_gain=223.998 637.273 1422.02 1645.21 402.101 720.506 584.885 279.344 474.1 466.139 256.289 245.143 164.506 626.208 244.885 159.837 156.007 146.227
threshold=3862.1250000000005 1.1885024806116615 37941.500000000007 4598.8050000000012 4.5000000000000009 3510.6750000000006 2687.8350000000005 32101.795000000002 37128.760000000002 1.5000000000000002 31812.365000000002 4251.9350000000013 31927.960000000003 32317.205000000005 31712.170000000002 82.500000000000014 31547.650000000005 1.2337958699915343
decision_type=2 2 2 2 2 2 2 2 2 2 2 2 2 2 2 2 2 2
left_child=4 7 3 11 12 6 -6 8 10 -9 -2 -3 14 -14 16 -8 -1 -4
right_child=1 2 17 -5 5 -7 15 9 -10 -11 -12 -13 13 -15 -16 -17 -18 -19
leaf_value=0.0075662158129196008 0.014568585384525275 0.58732477029164654 -0.46832753022511797 1.7017810821533201 -0.75300138394037797 -0.98802766005198162 0.28674452975392345 0.59750175058841692 -0.62266614437103274 -0.19086269140243525 -0.21074450978865991 -0.051871720949808742 -0.77791363398234059 0.24369259476661675 0.44764397939046224 -0.10946652718952724 -0.28276786327362063 -0.0065398454666137683
leaf_weight=62 433 2.9999999999999982 2.9999999999999991 3 3.0000000000000027 2.9999999999999991 3.9999999999999982 5 2.9999999999999991 3 12.999999999999998 3 2.9999999999999991 3 2.9999999999999991 7 4.9999999999999991 4
leaf_count=62 433 3 3 3 3 3 4 5 3 3 13 3 3 3 3 7 5 4
internal_value=0.00591725 0.0198647 0.330035 0.745745 -0.0650198 -0.284846 -0.134164 0.00900534 0.00378735 0.301865 0.00800116 0.267727 -0.0158482 -0.267111 0.00568854 0.0346102 -0.0141005 -0.204449
internal_weight=566 473 16 9 93 17 14 457 449 8 446 6 76 6 70 11 67 7
internal_count=566 473 16 9 93 17 14 457 449 8 446 6 76 6 70 11 67 7
is_linear=0
shrinkage=0.05


Tree=275
num_leaves=9
num_cat=0
split_feature=2 1 1 2 2 2 0 0
split_gain=356.586 181.93 995.983 372.871 175.253 432.795 134.976 125.91
threshold=18532.700000000001 38898.225000000006 38598.990000000005 1804.3950000000002 4548.0250000000005 3510.6750000000006 31547.650000000005 32028.415000000005
decision_type=2 2 2 2 2 2 2 2
left_child=1 2 3 -1 5 7 -5 -3
right_child=-2 4 -4 6 -6 -7 -8 -9
leaf_value=0.54571445782979333 -0.55705633163452151 0.042330748672247828 -0.71912994384765627 -0.0042736714208458969 0.47812209924062093 -0.48821190992991137 -0.083910003205140429 0.29450307422214084
leaf_weight=2.9999999999999991 2.9999999999999991 11.000000000000009 4.9999999999999991 470 2.9999999999999991 2.9999999999999991 60 8.9999999999999982
leaf_count=3 3 11 5 470 3 3 60 9
internal_value=-0.013381 -0.0104891 -0.0167318 -0.0101427 0.118688 0.0718057 -0.0132891 0.155808
internal_weight=567 564 538 533 26 23 530 20
internal_count=567 564 538 533 26 23 530 20
is_linear=0
shrinkage=0.05


Tree=276
num_leaves=12
num_cat=0
split_feature=2 4 3 2 0 3 0 4 2 0 1
split_gain=317.779 174.405 1355.06 174.414 116.489 1699.88 191.148 684.491 141.941 109.196 76.5103
threshold=18532.700000000001 32625.000000000004 0.93242574133736011 12070.640000000001 29150.795000000002 1.058193019856128 29646.715000000004 37487.500000000007 9285.9150000000027 27825.690000000006 25043.055000000004
decision_type=2 2 2 2 2 2 2 2 2 2 2
left_child=1 2 3 -1 5 9 7 -6 -8 -3 -5
right_child=-2 4 -4 10 6 -7 8 -9 -10 -11 -12
leaf_value=-0.25611493110656741 -0.51586662928263349 0.21355128288268996 1.1214363517860571 0.029759920941245174 -0.059071343955961433 1.211780728896459 0.01162630286310678 -0.84434741338094088 -0.054526760924677814 -0.11364092497045504 0.24053303718566899
leaf_weight=4.9999999999999991 2.9999999999999991 3.0000000000000062 2.9999999999999991 31 37 2.9999999999999991 345 2.9999999999999991 106 17 4.9999999999999991
leaf_count=5 3 3 3 31 37 3 345 3 106 17 5
internal_value=-0.00264169 0.000117587 0.0956581 0.0206012 -0.00806098 0.101917 -0.0132127 -0.117967 -0.00392187 -0.0645621 0.059034
internal_weight=561 558 44 41 514 23 491 40 451 20 36
internal_count=561 558 44 41 514 23 491 40 451 20 36
is_linear=0
shrinkage=0.05


Tree=277
num_leaves=15
num_cat=0
split_feature=2 0 2 0 2 2 1 3 3 8 1 8 6 2
split_gain=424.304 233.854 411.775 294.758 307.836 215.65 481.89 845.188 503.603 211.724 195.193 164.576 158.89 45.3599
threshold=1804.3950000000002 31347.380000000005 10679.925000000001 32238.850000000002 2410.9250000000006 2911.6300000000006 35008.710000000006 1.157556824312594 1.1651507279013369 4.5000000000000009 28936.110000000004 4.5000000000000009 79.500000000000014 2362.8400000000006
decision_type=2 2 2 2 2 2 2 2 2 2 2 2 2 2
left_child=-1 5 3 4 -3 11 7 -7 -8 -5 12 13 -4 -2
right_child=1 2 10 9 -6 6 8 -9 -10 -11 -12 -13 -14 -15
leaf_value=-0.51900356411933901 -0.010850741182054787 -0.32622830206528308 0.15303770701090502 0.14970023234685267 0.12060216076250346 -0.0097867360363149067 -0.3057045792454276 0.83313670754432678 -0.036087550673373908 -0.36474614342053724 -0.59821827809015893 0.48777988155682883 -0.36156532963116955 0.16343323811888696
leaf_weight=3.9999999999999991 7.0000000000000027 3.9999999999999991 2.9999999999999982 2.9999999999999982 106 341 29 2.9999999999999991 43 6 3 2.9999999999999991 3 7.9999999999999991
leaf_count=4 7 4 3 3 106 341 29 3 43 6 3 3 3 8
internal_value=-0.00586029 -0.00220803 0.057182 0.0818449 0.104354 -0.019724 -0.0270554 -0.00243566 -0.144683 -0.193264 -0.268915 0.149714 -0.104264 0.0821007
internal_weight=566 562 128 119 110 434 416 344 72 9 9 18 6 15
internal_count=566 562 128 119 110 434 416 344 72 9 9 18 6 15
is_linear=0
shrinkage=0.05


Tree=278
num_leaves=12
num_cat=0
split_feature=2 4 0 2 7 6 0 2 4 1 0
split_gain=457.215 186.321 1718.59 683.154 683.569 353.202 278.896 290.356 244.406 792.393 247.965
threshold=1804.3950000000002 37217.000000000007 29513.995000000003 7659.0000000000009 4.5000000000000009 73.500000000000014 32101.795000000002 4548.0250000000005 37162.000000000007 33585.335000000006 31514.185000000001
decision_type=2 2 2 2 2 2 2 2 2 2 2
left_child=-1 6 -3 5 -5 -4 8 -8 10 -10 -2
right_child=1 2 3 4 -6 -7 7 -9 9 -11 -12
leaf_value=0.48263810157775877 0.019846949842380918 1.1361321767171224 -0.46187365889549259 -1.1290231784184774 -0.061651637156804384 -0.033377558736514955 0.052825646102428438 0.70354510943094872 -0.033272561099794172 0.81251415982842445 -0.10835312200444086
leaf_weight=4.9999999999999991 370 2.9999999999999991 4.9999999999999991 2.9999999999999991 3 126 3.9999999999999991 3 8.9999999999999982 3.9999999999999991 42
leaf_count=5 370 3 5 3 3 126 4 3 9 4 42
internal_value=0.00658528 0.00242397 -0.0477041 -0.0736275 -0.595337 -0.0497324 0.0186692 0.331705 0.0135133 0.22697 0.00677801
internal_weight=577 572 140 137 6 131 432 7 425 13 412
internal_count=577 572 140 137 6 131 432 7 425 13 412
is_linear=0
shrinkage=0.05


Tree=279
num_leaves=11
num_cat=0
split_feature=2 4 3 0 4 6 2 3 2 1
split_gain=274.863 144.538 915.222 829.409 605.613 1103.69 800.836 358.998 989.263 253.803
threshold=18532.700000000001 35397.500000000007 1.1623153717739958 29354.435000000005 35134.500000000007 78.500000000000014 6774.1000000000013 0.99307988442681039 7659.0000000000009 30672.995000000006
decision_type=2 2 2 2 2 2 2 2 2 2
left_child=1 2 4 -3 6 -6 -1 9 -9 -5
right_child=-2 3 -4 7 5 -7 -8 8 -10 -11
leaf_value=-0.64459541559219369 -0.49057636260986331 0.68349547237157826 0.88631519476572673 0.04982531223642199 0.72499886751174891 0.012811893575331745 -0.0044253658512038805 -0.04530866879662733 -0.60923160389065745 0.42877018928527832
leaf_weight=4.9999999999999991 2.9999999999999991 3.9999999999999991 2.9999999999999991 38 8.0000000000000018 17 213 279 7.9999999999999991 4.9999999999999991
leaf_count=5 3 4 3 38 8 17 213 279 8 5
internal_value=-0.013215 -0.0107459 0.018338 -0.032167 0.00762228 0.240712 -0.0191082 -0.0408417 -0.0610278 0.0938887
internal_weight=583 580 246 334 243 25 218 330 287 43
internal_count=583 580 246 334 243 25 218 330 287 43
is_linear=0
shrinkage=0.05


Tree=280
num_leaves=19
num_cat=0
split_feature=1 2 0 6 0 0 0 4 7 4 2 0 1 0 6 5 6 1
split_gain=299.127 671.914 408.037 775.419 347.787 321.565 432.091 366.611 333.936 186.759 179.391 175.155 485.783 150.982 140.338 36.845 32.7597 10.7085
threshold=37855.17500000001 3732.5650000000005 31291.855000000003 83.500000000000014 31712.170000000002 32001.495000000003 31843.890000000003 37162.000000000007 1.5000000000000002 37657.000000000007 4497.3850000000011 29386.195000000003 30935.880000000005 30068.520000000004 79.500000000000014 18.500000000000004 78.500000000000014 39227.465000000004
decision_type=2 2 2 2 2 2 2 2 2 2 2 2 2 2 2 2 2 2
left_child=5 2 9 4 -4 6 11 10 14 17 -8 12 -1 -13 16 -3 -7 -2
right_child=1 15 3 -5 -6 8 7 -9 -10 -11 -12 13 -14 -15 -16 -17 -18 -19
leaf_value=-0.048029039377967514 0.14215884208679205 -0.50498042106628416 0.31115384578704791 -0.81293795108795175 -0.18518204192320509 0.38669617176055926 -0.30388824542363496 0.040683515369892113 -0.19965532620747883 0.52056087056795763 -0.85068414509296408 0.067796835850706283 -0.7051490236073733 -0.0032438360403999281 0.68869787851969377 -0.75278757413228337 0.15303081770737961 0.026462816198666889
leaf_weight=45 2.9999999999999982 2.9999999999999991 5.0000000000000062 3.9999999999999991 11.999999999999998 2.9999999999999982 2.9999999999999982 4 2.9999999999999991 2.9999999999999991 3 94 2.9999999999999991 366 3 3 3 6
leaf_count=45 3 3 5 4 12 3 3 4 3 3 3 94 3 366 3 3 3 6
internal_value=-0.00852426 -0.142168 -0.0536737 -0.186579 -0.0392009 0.00130987 -0.00461791 -0.330098 0.257192 0.178911 -0.577286 0.00178918 -0.089099 0.0112732 0.409475 -0.628884 0.269863 0.0650282
internal_weight=569 39 33 21 17 530 518 10 12 12 6 508 48 460 9 6 6 9
internal_count=569 39 33 21 17 530 518 10 12 12 6 508 48 460 9 6 6 9
is_linear=0
shrinkage=0.05


Tree=281
num_leaves=14
num_cat=0
split_feature=2 1 0 3 4 2 3 3 4 3 1 1 7
split_gain=180.834 746.227 130.944 1452.06 264.568 1585.5 379.844 174.838 1011.24 401.488 107.251 100.85 75.9224
threshold=2031.0550000000003 38993.790000000008 29150.795000000002 1.058193019856128 37657.000000000007 7248.6750000000011 1.2486802851890075 1.1611281148768302 35987.500000000007 1.1500765696821804 24041.415000000005 22793.625000000004 4.5000000000000009
decision_type=2 2 2 2 2 2 2 2 2 2 2 2 2
left_child=1 -1 3 10 7 6 -6 9 -9 -4 11 -2 -12
right_child=2 -3 4 -5 5 -7 -8 8 -10 -11 12 -13 -14
leaf_value=-0.74492740631103538 -0.015311445249244557 0.17131755352020261 -0.00060403107164717798 1.13419326543808 -0.10191883526455899 -1.233688513437907 0.29040806463786534 0.60089110732078554 -0.020590097136381602 -0.21545721823754521 -0.28755587548017508 0.32462544043858849 -0.032455199105398992
leaf_weight=3.9999999999999982 8.0000000000000053 5 398 2.9999999999999991 52 2.9999999999999991 6.9999999999999991 7.9999999999999991 36 23 4.9999999999999982 2.9999999999999991 7
leaf_count=4 8 5 398 3 52 3 7 8 36 23 5 3 7
internal_value=-0.0135803 -0.235902 -0.00996207 0.0995769 -0.0153663 -0.112387 -0.0553716 -0.00243018 0.0924065 -0.0123419 -0.0353731 0.0773986 -0.138747
internal_weight=562 9 553 26 527 62 59 465 44 421 23 11 12
internal_count=562 9 553 26 527 62 59 465 44 421 23 11 12
is_linear=0
shrinkage=0.05


Tree=282
num_leaves=12
num_cat=0
split_feature=2 4 2 4 0 3 6 0 0 2 4
split_gain=280.821 179.071 1552.05 767.145 647.062 487.525 280.311 462.311 216.852 527.508 173.666
threshold=18532.700000000001 37010.000000000007 10187.080000000002 37217.000000000007 31522.390000000003 1.0926270949019907 82.500000000000014 31347.380000000005 32303.785000000003 1804.3950000000002 35865.000000000007
decision_type=2 2 2 2 2 2 2 2 2 2 2
left_child=1 6 3 5 -5 -3 8 10 9 -1 -8
right_child=-2 2 -4 4 -6 -7 7 -9 -10 -11 -12
leaf_value=-0.70780131022135429 -0.47919197082519532 0.20187456025318662 1.1770877758661906 -0.083625511879647021 0.16649180642196112 0.881338307261467 0.063160744593432641 0.51505327224731445 0.32233855128288269 -0.040896907994414082 -0.053184505575831903
leaf_weight=2.9999999999999991 2.9999999999999991 22.000000000000004 2.9999999999999991 99 35 2.9999999999999991 101 4.9999999999999991 3.9999999999999991 255 47
leaf_count=3 3 22 3 99 35 3 101 5 4 255 47
internal_value=0.00330914 0.00581781 0.0504 0.0291418 -0.0182964 0.28341 -0.0115854 0.0421884 -0.0429876 -0.0486516 0.0262133
internal_weight=580 577 162 159 134 25 415 153 262 258 148
internal_count=580 577 162 159 134 25 415 153 262 258 148
is_linear=0
shrinkage=0.05


Tree=283
num_leaves=13
num_cat=0
split_feature=2 6 0 4 0 0 8 2 0 0 0 2
split_gain=280.06 129.417 539.757 438.31 1628.62 305.239 170.71 646.147 517.019 786.135 446.918 374.63
threshold=1804.3950000000002 74.500000000000014 31026.525000000005 37657.000000000007 30406.210000000003 29557.145000000004 4.5000000000000009 2687.8350000000005 31522.390000000003 31643.795000000002 30033.960000000003 8403.2300000000014
decision_type=2 2 2 2 2 2 2 2 2 2 2 2
left_child=-1 2 3 5 -5 -2 8 -8 11 -10 -9 -3
right_child=1 6 -4 4 -6 -7 7 10 9 -11 -12 -13
leaf_value=-0.42773230671882634 -0.17862282425165177 0.023471072009080232 0.61977033019065864 1.2528425614039103 -0.39469162821769704 0.060610114634037017 -0.70603805184364321 -0.08338968148455024 -0.4402334279135654 -0.02354478370398283 0.086792917417422427 -0.10838724120167663
leaf_weight=3.9999999999999991 20 198 3.9999999999999991 2.9999999999999991 3 40 2.9999999999999991 56 19 28 124 74
leaf_count=4 20 198 4 3 3 40 3 56 19 28 124 74
internal_value=-0.0108127 -0.00789721 0.0557926 0.0216121 0.429075 -0.0191342 -0.0167783 0.021718 -0.0388623 -0.191993 0.0338472 -0.0124021
internal_weight=576 572 70 66 6 60 502 183 319 47 180 272
internal_count=576 572 70 66 6 60 502 183 319 47 180 272
is_linear=0
shrinkage=0.05


Tree=284
num_leaves=20
num_cat=0
split_feature=0 3 7 0 0 0 1 1 2 0 0 1 4 3 4 6 2 7 4
split_gain=281.703 480.551 217.257 457.618 965.202 800.866 779.783 701.87 371.951 176.319 688.405 520.551 309.267 265.534 200.112 148.626 90.3762 96.0068 37.4916
threshold=29386.195000000003 1.0730127683517734 1.0000000180025095e-35 31347.380000000005 31558.700000000001 32001.495000000003 36110.165000000008 36029.520000000011 4737.3700000000008 31859.145000000004 31836.315000000006 38714.475000000013 36890.000000000007 1.2175773255298903 37332.500000000007 73.500000000000014 13915.825000000003 1.5000000000000002 33797.500000000007
decision_type=2 2 2 2 2 2 2 2 2 2 2 2 2 2 2 2 2 2 2
left_child=1 15 3 7 6 -6 -5 8 -2 10 14 12 -11 -13 -4 18 17 -17 -1
right_child=2 -3 9 4 5 -7 -8 -9 -10 11 -12 13 -14 -15 -16 16 -18 -19 -20
leaf_value=-0.418491498629252 -0.35900238826870923 -0.73690644900004076 0.035353935420332452 0.1349133096635341 -0.44730082273483279 0.28339123626550039 0.98992585539817812 -0.91536162694295253 -0.029630746369560562 -0.12932641745234524 0.77740048170089726 0.50525467395782475 -0.66176896095275872 -0.025430815599181436 -0.047547953375565111 0.15716631282120944 0.15660924464464188 -0.10470436031797103 -0.19490967035293577
leaf_weight=3 11.999999999999998 2.9999999999999991 335 8.0000000000000018 9.9999999999999982 5.9999999999999991 3.9999999999999991 2.9999999999999991 30 6.0000000000000018 2.9999999999999991 2.9999999999999991 5 10.999999999999998 93 3.9999999999999991 4.9999999999999991 28 5
leaf_count=3 12 3 335 8 10 6 4 3 30 6 3 3 5 11 93 4 5 28 5
internal_value=-0.00820175 -0.124182 0.00232201 -0.0777628 0.080941 -0.173291 0.419917 -0.176512 -0.123737 0.0151426 0.0226306 -0.113951 -0.371346 0.0882875 0.0173402 -0.0833341 -0.0410814 -0.0719705 -0.278753
internal_weight=577 48 529 73 28 16 12 45 42 456 431 25 11 14 428 45 37 32 8
internal_count=577 48 529 73 28 16 12 45 42 456 431 25 11 14 428 45 37 32 8
is_linear=0
shrinkage=0.05


Tree=285
num_leaves=13
num_cat=0
split_feature=2 1 2 3 5 4 2 4 6 4 0 1
split_gain=248.192 111.298 1052.26 775.666 1019.67 685.368 1151.66 459.813 221.545 235.223 190.992 38.5166
threshold=18532.700000000001 31411.840000000004 9285.9150000000027 1.0332137552344822 19.500000000000004 35692.500000000007 4625.3050000000012 35987.500000000007 82.500000000000014 32625.000000000004 30930.560000000001 31017.185000000005
decision_type=2 2 2 2 2 2 2 2 2 2 2 2
left_child=1 3 5 8 -5 6 -3 -7 9 -1 -10 -6
right_child=-2 2 -4 4 11 7 -8 -9 10 -11 -12 -13
leaf_value=0.070360501063987613 -0.4572139422098796 -0.19903110048987649 0.95093141744534171 -1.2161150614420573 -0.0785630841429035 -0.23021518892568091 0.42299883467671667 0.0033255625619656513 0.024000562993863314 -0.083982637245208033 0.2430859438905662 -0.29798444708188371
leaf_weight=32 2.9999999999999991 10.999999999999998 2.9999999999999991 2.9999999999999991 5.9999999999999982 23 23 252 104 108 10.999999999999998 3
leaf_count=32 3 11 3 3 6 23 23 252 104 108 11 3
internal_value=-0.00360547 -0.00125517 0.0190241 -0.0249523 -0.417806 0.00997645 0.221754 -0.0162069 -0.00646504 -0.0487042 0.0449566 -0.151704
internal_weight=582 579 312 267 12 309 34 275 255 140 115 9
internal_count=582 579 312 267 12 309 34 275 255 140 115 9
is_linear=0
shrinkage=0.05


Tree=286
num_leaves=13
num_cat=0
split_feature=1 0 5 0 0 0 0 0 1 0 7 1
split_gain=274.783 706.3 725.351 125.654 360.369 265.956 669.182 177.232 625.746 412.918 154.537 48.3691
threshold=18500.555000000004 30505.715000000004 19.500000000000004 32065.465000000004 32001.495000000003 31886.825000000001 31812.365000000002 32389.380000000001 38598.990000000005 32238.850000000002 2.5000000000000004 40539.980000000003
decision_type=2 2 2 2 2 2 2 2 2 2 2 2
left_child=1 2 -1 4 5 6 -2 8 9 -5 -7 -9
right_child=3 -3 -4 7 -6 10 -8 11 -10 -11 -12 -13
leaf_value=-1.1313221136728926 0.0087306469439110915 0.35804654757181797 -0.031813711424668621 0.26407773852348315 0.48715452700853351 -0.49509661588817827 0.5007761316640037 -0.037095117568969729 -0.86092933813730876 -0.47791763693094236 -0.055583781003952018 0.22849534551302586
leaf_weight=2.9999999999999982 537 3 3 5.0000000000000018 3.9999999999999991 4 6.9999999999999991 3.9999999999999991 2.9999999999999991 3 4 3
leaf_count=3 537 3 3 5 4 4 7 4 3 3 4 3
internal_value=0.00577251 -0.268363 -0.581568 0.0100708 0.01428 0.0108534 0.0150621 -0.119947 -0.245105 -0.0141705 -0.27534 0.0767294
internal_weight=583 9 6 574 556 552 544 18 11 8 8 7
internal_count=583 9 6 574 556 552 544 18 11 8 8 7
is_linear=0
shrinkage=0.05


Tree=287
num_leaves=19
num_cat=0
split_feature=0 0 4 0 1 2 6 1 2 3 4 1 6 0 1 3 3 2
split_gain=129.976 1235.98 169.151 496.041 1122.65 381.836 255.201 353.259 163.958 225.227 135.996 745.921 163.21 331.808 166.616 95.4287 29.7866 12.2192
threshold=29150.795000000002 29084.380000000001 37217.000000000007 31421.935000000001 37855.17500000001 8541.9000000000033 77.500000000000014 38598.990000000005 13915.825000000003 0.79138261628876594 37162.000000000007 33585.335000000006 82.500000000000014 31347.380000000005 32152.810000000001 1.0687323368633341 0.82121428733359314 12681.575000000003
decision_type=2 2 2 2 2 2 2 2 2 2 2 2 2 2 2 2 2 2
left_child=1 8 10 4 5 -4 -5 -8 16 -10 12 15 14 -14 -2 -12 -1 -18
right_child=2 -3 3 6 -6 -7 7 -9 9 -11 11 -13 13 -15 -16 -17 17 -19
leaf_value=0.027446910412982035 -0.06594247525397072 1.0542615486308933 -0.068416635434568662 0.40927285194396978 -0.86012280344963077 -0.64285716215769462 -0.070468401246600684 0.25557593355576197 -0.05633291676640511 0.51677853266398099 -0.17829747200012211 0.73070529848337173 0.021587982155116543 0.40129662578304609 0.015608523916779905 0.15875689387321468 -0.10355038916071256 -0.21637014547983804
leaf_weight=4.0000000000000098 139 2.9999999999999991 81 4.9999999999999991 4.9999999999999991 2.9999999999999991 27 11.999999999999998 3.9999999999999991 3 6.9999999999999982 3.9999999999999991 140 5.9999999999999991 114 3 11.999999999999998 2.9999999999999991
leaf_count=4 139 3 81 5 5 3 27 12 4 3 7 4 140 6 114 3 12 3
internal_value=-0.00984342 0.0933056 -0.015322 -0.0643632 -0.132258 -0.0889324 0.0729688 0.0298529 -0.017574 0.189286 0.000470883 0.153644 -0.0049036 0.0371924 -0.0291962 -0.0771812 -0.0937857 -0.126114
internal_weight=575 29 546 133 89 84 44 39 26 7 413 14 399 146 253 10 19 15
internal_count=575 29 546 133 89 84 44 39 26 7 413 14 399 146 253 10 19 15
is_linear=0
shrinkage=0.05


Tree=288
num_leaves=15
num_cat=0
split_feature=0 3 0 2 2 3 4 7 0 4 3 5 7 0
split_gain=166.393 264.877 525.896 526.783 525.103 417.489 1388.61 630.083 293.724 383.146 351.378 100.5 28.4397 34.1386
threshold=32120.640000000003 1.1292790347931108 31949.185000000001 7059.9650000000011 6057.6200000000008 1.0818691036941752 37657.000000000007 2.5000000000000004 30618.175000000007 32625.000000000004 1.0316030963644132 19.500000000000004 1.0000000180025095e-35 32425.120000000003
decision_type=2 2 2 2 2 2 2 2 2 2 2 2 2 2
left_child=1 5 3 4 -3 8 7 -7 10 -10 -1 12 -2 -14
right_child=11 2 -4 -5 -6 6 -8 -9 9 -11 -12 -13 13 -15
leaf_value=-0.021439990269378845 0.35408589318394673 -0.051994168494517601 -0.62877029702067377 -0.55308129310607912 0.39146195011479512 0.23673161881872351 1.0384814321994782 -0.11536881066858769 0.27620275653898718 0.017330633064926559 -0.21953737382562113 -0.045726995542645456 0.062701634565989164 0.30123381614685052
leaf_weight=161 3.9999999999999982 144 3.9999999999999991 4.9999999999999991 6.9999999999999991 27 3.9999999999999991 24 15.999999999999998 134 26 3.9999999999999991 3 3
leaf_count=161 4 144 4 5 7 27 4 24 16 134 26 4 3 3
internal_value=-0.00414065 -0.00845806 -0.0626713 -0.048156 -0.0314366 0.0136698 0.141397 0.0710373 -0.00717585 0.0449437 -0.0489829 0.166089 0.250815 0.181968
internal_weight=566 552 160 156 151 392 55 51 337 150 187 14 10 6
internal_count=566 552 160 156 151 392 55 51 337 150 187 14 10 6
is_linear=0
shrinkage=0.05


Tree=289
num_leaves=15
num_cat=0
split_feature=3 2 4 3 2 3 2 6 3 3 0 1 0 4
split_gain=141.873 580.619 648.301 566.421 438.214 264.688 368.677 212.93 211.224 407.934 254.648 226.291 173.528 61.1952
threshold=1.1737211303783697 4625.3050000000012 35987.500000000007 1.1710601444213546 5430.8950000000013 1.2037547151146779 2410.9250000000006 82.500000000000014 1.1636411078018125 1.1623153717739958 30954.380000000005 36693.465000000004 30385.870000000003 37941.500000000007
decision_type=2 2 2 2 2 2 2 2 2 2 2 2 2 2
left_child=3 2 -2 8 -3 6 -4 -7 9 11 -10 -1 -6 -14
right_child=1 4 5 -5 12 7 -8 -9 10 -11 -12 -13 13 -15
leaf_value=0.004295027811465321 0.71335428555806479 -0.90368679364522309 -0.61965634822845406 0.69642690817515063 0.10458993713061018 0.074401518262245434 -0.08613919422906989 -0.14374189078807831 0.082826934258143109 0.51408168077468874 -0.52656747698783868 0.43992041746775312 -0.52082759539286283 -0.20146576563517249
leaf_weight=474 2.9999999999999991 2.9999999999999991 4.0000000000000027 2.9999999999999991 2.9999999999999982 44 17 14.999999999999998 2.9999999999999991 3.9999999999999991 4 2.9999999999999991 3 3
leaf_count=474 3 3 4 3 3 44 17 15 3 4 4 3 3 3
internal_value=0.000672119 -0.0552585 -0.00825772 0.0114937 -0.380348 -0.0353182 -0.187762 0.0189413 0.00728308 0.0112514 -0.265398 0.00703481 -0.205901 -0.361147
internal_weight=586 95 83 491 12 80 21 59 488 481 7 477 9 6
internal_count=586 95 83 491 12 80 21 59 488 481 7 477 9 6
is_linear=0
shrinkage=0.05


Tree=290
num_leaves=16
num_cat=0
split_feature=6 0 4 0 0 2 3 2 1 2 0 2 4 0 3
split_gain=117.859 908.561 935.138 1110.13 219.837 1009.79 304.885 923.489 274.739 208.168 205.834 166.191 159.371 131.218 105.615
threshold=73.500000000000014 30406.210000000003 37487.500000000007 30135.455000000005 30502.150000000005 18407.930000000004 1.0332137552344822 7473.1050000000005 17798.335000000003 13637.450000000003 30565.035000000003 6496.5500000000011 37217.000000000007 29767.375000000004 0.87328309310706753
decision_type=2 2 2 2 2 2 2 2 2 2 2 2 2 2 2
left_child=1 2 3 13 5 6 11 -8 -6 10 -10 -2 -3 -1 -11
right_child=4 12 -4 -5 8 -7 7 -9 9 14 -12 -13 -14 -15 -16
leaf_value=-0.068053772169000923 0.33497817367315297 -0.21262864358723166 1.0508404175440471 1.0271362860997519 0.50218599637349448 -0.9505148500204087 -0.04958315124829947 -0.65699446329048705 0.26519598315159482 -0.096566020846366896 0.022720644513508248 0.007693531359836925 -0.69472485383351623 0.18916285208293371 -0.43482142289479575
leaf_weight=17.000000000000011 3.9999999999999991 3.9999999999999991 2.9999999999999991 2.9999999999999991 2.9999999999999991 2.9999999999999991 59 6.9999999999999991 8.9999999999999982 9.9999999999999982 318 128 3 6.9999999999999991 2.9999999999999991
leaf_count=17 4 4 3 3 3 3 59 7 9 10 318 128 3 7 3
internal_value=0.00733839 0.0936883 0.213372 0.12032 0.00146532 -0.0400559 -0.026261 -0.114006 0.025797 0.0215935 0.0293943 0.0176112 -0.419241 0.00696774 -0.174625
internal_weight=581 37 30 27 544 201 198 66 343 340 327 132 7 24 13
internal_count=581 37 30 27 544 201 198 66 343 340 327 132 7 24 13
is_linear=0
shrinkage=0.05


Tree=291
num_leaves=12
num_cat=0
split_feature=0 8 0 5 6 2 0 0 6 0 2
split_gain=278.212 246.65 101.026 624.197 420.849 290.481 201.986 119.183 425.309 340.075 33.5584
threshold=32238.850000000002 4.5000000000000009 31699.950000000001 18.500000000000004 82.500000000000014 2471.6800000000007 31672.245000000006 30502.150000000005 73.500000000000014 30431.860000000004 5022.7350000000015
decision_type=2 2 2 2 2 2 2 2 2 2 2
left_child=2 -2 6 -4 5 -5 7 9 -9 -1 -8
right_child=1 -3 3 4 -6 -7 10 8 -10 -11 -12
leaf_value=-0.012112016465638488 0.055878889560699453 -0.51759044766426088 -0.7752077579498291 -0.55272932052612311 0.45909479856491092 -0.038179980032145983 0.40706306062638764 -0.39818930104374889 0.0272155346357109 -0.23852293098138438 0.17056647936503089
leaf_weight=211 3 5 2.9999999999999991 2.9999999999999991 3.9999999999999991 32 2.9999999999999991 5.9999999999999991 283 18 3
leaf_count=211 3 5 3 3 4 32 3 6 283 18 3
internal_value=-0.00974356 -0.302539 -0.00560511 -0.0802188 -0.0267582 -0.0822842 0.000375383 -0.00296561 0.0183836 -0.0299085 0.288815
internal_weight=574 8 566 42 39 35 524 518 289 229 6
internal_count=574 8 566 42 39 35 524 518 289 229 6
is_linear=0
shrinkage=0.05


Tree=292
num_leaves=11
num_cat=0
split_feature=2 0 4 2 0 3 2 3 3 0
split_gain=492.491 192.518 488.806 408.374 196.846 751.909 463.987 208.633 157.712 146.46
threshold=18532.700000000001 29596.770000000004 37487.500000000007 5073.3900000000003 31859.145000000004 1.1198361579625822 2031.0550000000003 1.2492364266900029 0.81230364281544654 29386.195000000003
decision_type=2 2 2 2 2 2 2 2 2 2
left_child=1 2 3 -1 6 -6 -3 -7 -8 -5
right_child=-2 4 -4 9 5 7 8 -9 -10 -11
leaf_value=-0.62015274365743001 0.64196084340413417 0.63755719661712651 -0.70716032187143973 -0.060060813028196047 -0.86329493920008338 -0.084802529559685633 -0.089989612514481829 0.30308453738689423 0.021753414803180368 0.15192141622304917
leaf_weight=2.9999999999999991 2.9999999999999991 2.9999999999999991 2.9999999999999991 44 2.9999999999999991 26.000000000000004 34 3.9999999999999991 443 9.9999999999999982
leaf_count=3 3 3 3 44 3 26 34 4 443 10
internal_value=0.00299975 -0.000345595 -0.08509 -0.0523495 0.00956603 -0.108558 0.0176871 -0.0330843 0.0137885 -0.0208048
internal_weight=576 573 60 57 513 33 480 30 477 54
internal_count=576 573 60 57 513 33 480 30 477 54
is_linear=0
shrinkage=0.05


Tree=293
num_leaves=24
num_cat=0
split_feature=5 3 3 4 0 4 3 0 3 0 0 3 4 2 3 2 0 2 0 6 0 2 6
split_gain=148.824 417.332 1049.62 929.674 823.341 371.23 225.828 410.048 362.842 339.246 214.32 106.81 247.624 673.375 1155.56 135.599 895.089 352.335 84.327 41.0665 31.0637 29.5825 18.623
threshold=18.500000000000004 1.0818691036941752 1.0879439336825663 35692.500000000007 31618.515000000003 35217.000000000007 1.058193019856128 30634.310000000001 0.9734910278488359 30401.690000000006 30431.860000000004 0.76415203985191671 33030.000000000007 10102.955000000002 0.94213038283408779 5321.2400000000007 31812.365000000002 4449.7000000000007 30784.875000000004 81.500000000000014 30377.610000000004 9828.9250000000011 86.500000000000014
decision_type=2 2 2 2 2 2 2 2 2 2 2 2 2 2 2 2 2 2 2 2 2 2 2
left_child=1 6 -3 5 -5 -4 7 10 -9 -8 -1 19 13 21 -15 17 -17 -14 -11 -2 22 -13 -21
right_child=11 2 3 4 -6 -7 9 8 -10 18 -12 12 15 14 -16 16 -18 -19 -20 20 -22 -23 -24
leaf_value=-0.0082912819149593524 -0.31214729150136317 1.0554516474405924 0.26121616959571836 0.071411999966949233 -0.78046906789143877 0.94241912364959701 -0.69803077379862488 0.77889135678609211 0.051468452811241142 0.13786116689443584 -0.32524932520464067 -0.32130917509396878 -0.02983563201183953 0.12868331253528595 1.1672022819519043 -0.031753400832088489 -0.90206483205159516 0.12757472753524782 -0.21281937956809993 -0.22954284548759465 0.033388445774714143 -0.129012256860733 -0.064744190375010155
leaf_weight=48 2.9999999999999991 2.9999999999999991 4 52 2.9999999999999991 4 2.9999999999999982 2.9999999999999991 4 3 5.9999999999999991 5.9999999999999982 123 25.000000000000004 2.9999999999999991 194 2.9999999999999991 50 4 3.9999999999999982 3 3 3
leaf_count=48 3 3 4 52 3 4 3 3 4 3 6 6 123 25 3 194 3 50 4 4 3 3 3
internal_value=0.00594599 0.0511985 0.141711 0.0981993 0.0249458 0.601818 -0.0329397 0.00316509 0.363221 -0.253179 -0.0435088 -0.00881496 -0.00430861 0.119022 0.239953 -0.0166416 -0.0450069 0.0156587 -0.0625277 -0.149898 -0.101224 -0.25721 -0.158915
internal_weight=557 137 66 63 55 8 71 61 7 10 54 420 407 37 28 370 197 173 7 13 10 9 7
internal_count=557 137 66 63 55 8 71 61 7 10 54 420 407 37 28 370 197 173 7 13 10 9 7
is_linear=0
shrinkage=0.05


Tree=294
num_leaves=19
num_cat=0
split_feature=6 2 3 0 0 2 0 0 0 4 8 2 2 3 4 9 1 2
split_gain=188.436 1051.6 1273.66 727.349 238.384 914.307 347.314 189.305 351.572 286.735 188.535 562.066 206.355 149.449 752.222 642.676 53.6878 2.2489
threshold=73.500000000000014 10647.320000000002 0.86076202698116477 29280.590000000004 30627.275000000005 18407.930000000004 30636.620000000003 30406.210000000003 29557.145000000004 36349.500000000007 4.5000000000000009 2911.6300000000006 4206.545000000001 1.157556824312594 37657.000000000007 1.0000000180025095e-35 34588.81500000001 8452.465000000002
decision_type=2 2 2 2 2 2 2 2 2 2 2 2 2 2 2 2 2 2
left_child=1 7 3 -3 5 13 -6 8 17 -10 12 -12 -8 14 -2 -15 -9 -1
right_child=4 2 -4 -5 6 -7 10 16 9 -11 11 -13 -14 15 -16 -17 -18 -19
leaf_value=-0.23123185634612986 -0.03330429034509632 -0.42261226177215588 1.4009355068206784 0.56217133283615106 0.48795962184667591 -0.90912412007649746 0.065339322010396231 -0.161683722337087 0.60619278351465866 0.032999899843707679 -0.50220925211906431 0.10323677638788586 -0.037281876057975845 -0.0063852534784624966 -0.83130303894480084 0.76982940634091701 -0.46081516742706286 -0.28850002884864806
leaf_weight=3.0000000000000062 189 2.9999999999999982 3 5 3.9999999999999991 2.9999999999999991 71 2.9999999999999991 2.9999999999999991 7.9999999999999991 3.9999999999999991 92 158 24.000000000000004 2.9999999999999991 2.9999999999999991 3 4
leaf_count=3 189 3 3 5 4 3 71 3 3 8 4 92 158 24 3 3 3 4
internal_value=0.00502219 0.11752 0.522348 0.192877 -0.00212379 -0.0421601 0.0248916 -0.0680256 0.013049 0.189325 0.0191923 0.0780099 -0.00546482 -0.0302839 -0.045773 0.0798608 -0.311249 -0.263957
internal_weight=586 35 11 8 551 222 329 24 18 11 325 96 229 219 192 27 6 7
internal_count=586 35 11 8 551 222 329 24 18 11 325 96 229 219 192 27 6 7
is_linear=0
shrinkage=0.05


Tree=295
num_leaves=21
num_cat=0
split_feature=0 6 8 3 1 3 4 1 4 0 7 0 4 1 0 0 8 1 3 1
split_gain=162.999 356.445 287.646 362.102 2027.75 529.418 306.972 718.333 615.242 234.288 626.718 174.523 124.66 599.513 89.9806 295.85 119.099 89.8042 37.7567 22.3682
threshold=30502.150000000005 73.500000000000014 4.5000000000000009 1.1500765696821804 37774.35500000001 1.1358994381720218 33030.000000000007 28194.890000000003 34732.500000000007 30431.860000000004 5.5000000000000009 30890.690000000002 37657.000000000007 34588.81500000001 30303.150000000005 30247.02 4.5000000000000009 30903.155000000002 1.1992726135275715 25397.015000000003
decision_type=2 2 2 2 2 2 2 2 2 2 2 2 2 2 2 2 2 2 2 2
left_child=9 11 6 5 -5 -4 7 -3 -8 12 17 -2 14 -14 15 -1 -16 19 -15 -11
right_child=1 2 3 4 -6 -7 8 -9 -10 10 -12 -13 13 18 16 -17 -18 -19 -20 -21
leaf_value=-0.0086395064550422642 -0.11371935261413456 0.059007458621636026 0.072392845920462537 1.068453708291053 0.040776635209719345 -0.51927249729633329 -0.40048176705837246 0.90212709108988443 0.0012954240496556211 0.0089441130558649742 -0.75838558077812201 -0.61821115811665839 -0.78973786830902104 -0.14360813101132711 0.0029237923297015106 -0.32025614529848101 0.21103109676390885 -0.22956058482329045 0.064389251443208201 0.20202511151631666
leaf_weight=159 3.9999999999999991 16.000000000000004 69 6.0000000000000027 24 3.9999999999999991 9.9999999999999982 2.9999999999999991 202 2.9999999999999982 3.9999999999999991 3 2.9999999999999991 2.9999999999999991 22 7.9999999999999991 9.9999999999999982 3 7.9999999999999991 3
leaf_count=159 4 16 69 6 24 4 10 3 202 3 4 3 3 3 22 8 10 3 8 3
internal_value=0.00135783 0.0231825 0.030583 0.100072 0.246312 0.0399728 -0.000401045 0.192132 -0.0176563 -0.0315723 -0.23764 -0.32993 -0.0189954 -0.163209 -0.00884973 -0.0235672 0.0679573 -0.00619712 0.00766269 0.105485
internal_weight=567 341 334 103 30 73 231 19 212 226 13 7 213 14 199 167 32 9 11 6
internal_count=567 341 334 103 30 73 231 19 212 226 13 7 213 14 199 167 32 9 11 6
is_linear=0
shrinkage=0.05


Tree=296
num_leaves=15
num_cat=0
split_feature=6 2 7 4 0 0 4 2 0 2 0 1 1 7
split_gain=98.3124 748.964 538.6 966.547 284.325 295.449 223.976 160.865 87.1897 432.159 395.482 332.381 162.79 15.3695
threshold=73.500000000000014 10647.320000000002 3.5000000000000004 34230.000000000007 30581.470000000005 29557.145000000004 36220.000000000007 18532.700000000001 32065.465000000004 1804.3950000000002 32120.640000000003 36648.630000000012 39257.420000000006 3.5000000000000004
decision_type=2 2 2 2 2 2 2 2 2 2 2 2 2 2
left_child=1 4 -3 -4 5 13 -7 8 9 -2 -10 -12 -11 -1
right_child=7 2 3 -5 -6 6 -8 -9 10 12 11 -13 -14 -15
leaf_value=-0.18616411238908737 0.60899635950724296 0.88366382122039799 0.72266147136688219 -0.37651271224021904 -0.46243115663528445 0.53363675152262047 0.027040737867355349 -0.36058028539021814 -0.6247951686382287 0.002786537094145598 -0.48515525658925318 0.091370052496592205 0.18913357233007749 -0.33587685426076241
leaf_weight=4.0000000000000062 2.9999999999999991 3.9999999999999991 4 4 3.9999999999999991 2.9999999999999991 7.9999999999999991 2.9999999999999991 3.0000000000000027 502 3.0000000000000027 14.999999999999998 11.999999999999998 3
leaf_count=4 3 4 4 4 4 3 8 3 3 502 3 15 12 3
internal_value=0.00971977 0.0921904 0.409938 0.173074 -0.0811262 0.00360829 0.165203 0.00453677 0.00657274 0.0106295 -0.0933 -0.0047175 0.00713705 -0.250327
internal_weight=575 34 12 8 22 18 11 541 538 517 21 18 514 7
internal_count=575 34 12 8 22 18 11 541 538 517 21 18 514 7
is_linear=0
shrinkage=0.05


Tree=297
num_leaves=9
num_cat=0
split_feature=2 2 7 3 2 0 0 2
split_gain=947.259 456.187 186.763 640.198 441.178 199.963 536.056 287.98
threshold=1804.3950000000002 18532.700000000001 1.0000000180025095e-35 1.1779177146453097 4548.0250000000005 32120.640000000003 32028.415000000005 3732.5650000000005
decision_type=2 2 2 2 2 2 2 2
left_child=-1 2 3 4 -2 6 -4 -7
right_child=1 -3 5 -5 -6 7 -8 -9
leaf_value=0.77574900984764106 -0.2806090683831523 0.61854286193847663 0.012576097047737784 0.54537038207054145 -0.020642932175713429 0.034717131654421494 0.68306294282277424 -0.47907445907592766
leaf_weight=3.9999999999999991 24 2.9999999999999991 472 3.9999999999999991 51 5.9999999999999982 2.9999999999999991 5
leaf_count=4 24 3 472 4 51 6 3 5
internal_value=0.00900478 0.00360518 0.00034002 -0.0709611 -0.103832 0.0119301 0.0168108 -0.198825
internal_weight=572 568 565 79 75 486 475 11
internal_count=572 568 565 79 75 486 475 11
is_linear=0
shrinkage=0.05


Tree=298
num_leaves=14
num_cat=0
split_feature=2 1 2 1 0 2 2 6 0 7 0 0 0
split_gain=181.621 141.161 1785.9 2607.95 390.681 329.742 148.919 127.779 361.9 157.845 108.855 116.243 69.1295
threshold=18532.700000000001 29257.855000000003 10647.320000000002 29938.350000000002 29386.195000000003 9285.9150000000027 7248.6750000000011 82.500000000000014 30930.560000000001 2.5000000000000004 30068.520000000004 31064.360000000004 29280.590000000004
decision_type=2 2 2 2 2 2 2 2 2 2 2 2 2
left_child=1 7 4 -4 6 -6 -3 10 9 -9 12 -12 -1
right_child=-2 2 3 -5 5 -7 -8 8 -10 -11 11 -13 -14
leaf_value=-0.081515582601229361 -0.37347841262817383 -0.55208117961883552 -0.13026592610403895 1.6752635836601255 0.035502472085021546 -0.17305208941921593 -0.086062942941983522 0.14613443416853747 0.48877063617110256 -0.03490855466711839 -0.15880974475294352 -0.003190406163533529 0.055314908549189572
leaf_weight=14.999999999999998 2.9999999999999991 3.9999999999999991 4 4 362 20 3 14.999999999999998 3.9999999999999991 61 36 18 24
leaf_count=15 3 4 4 4 362 20 3 15 4 61 36 18 24
internal_value=0.0145407 0.0165829 0.0330084 0.772499 0.0178004 0.0245834 -0.352359 -0.0211103 0.025221 0.000823614 -0.0609651 -0.106937 0.0026878
internal_weight=573 570 397 8 389 382 7 173 80 76 93 54 39
internal_count=573 570 397 8 389 382 7 173 80 76 93 54 39
is_linear=0
shrinkage=0.05


Tree=299
num_leaves=10
num_cat=0
split_feature=1 1 2 3 2 3 3 3 0
split_gain=177.504 329.041 839.986 184.352 873.449 525.807 318.101 71.7688 28.0112
threshold=40405.490000000013 39257.420000000006 3207.5950000000007 1.234975698203449 2629.0100000000007 1.2305877188387628 1.2231501256029709 1.2554011339549793 30041.720000000005
decision_type=2 2 2 2 2 2 2 2 2
left_child=1 3 7 5 -5 6 -1 -3 -6
right_child=-2 2 -4 4 8 -7 -8 -9 -10
leaf_value=0.003100972061402836 -0.38004130423069005 -0.18457603255907701 0.98982448577880833 -0.93583085536956789 -0.072361592501401922 0.5153212928771973 -0.51325693527857463 0.12476469755172728 0.082588627508708407
leaf_weight=516 2.9999999999999991 2.9999999999999982 3 2.9999999999999991 4.9999999999999982 4.9999999999999991 2.9999999999999991 5 7
leaf_count=516 3 3 3 3 5 5 3 5 7
internal_value=0.00351754 0.00560968 0.276324 8.48926e-05 -0.172745 0.00503232 0.000116244 0.00876192 0.018026
internal_weight=553 550 11 539 15 524 519 8 12
internal_count=553 550 11 539 15 524 519 8 12
is_linear=0
shrinkage=0.05


Tree=300
num_leaves=23
num_cat=0
split_feature=4 2 4 3 1 0 4 4 2 2 1 0 2 4 2 0 4 0 3 1 2 1
split_gain=174.02 1124.03 532.299 424.381 1757.23 369.85 338.317 720.666 791.112 414.195 378.197 310.246 711.207 344.949 283.224 432.678 254.461 418.657 238.012 214.025 209.174 137.218
threshold=36747.500000000007 10187.080000000002 37332.500000000007 1.1992726135275715 37325.745000000003 29669.260000000006 35397.500000000007 35134.500000000007 4966.8700000000008 4053.3300000000004 36110.165000000008 30729.595000000005 3959.9850000000006 35987.500000000007 4768.7000000000007 32065.465000000004 35012.500000000007 29687.940000000006 1.1532894769286688 36041.67500000001 2471.6800000000007 31690.665000000005
decision_type=2 2 2 2 2 2 2 2 2 2 2 2 2 2 2 2 2 2 2 2 2 2
left_child=6 2 3 4 -2 -4 7 16 10 11 -9 13 -13 -8 15 -11 18 -18 -1 -16 -7 -10
right_child=1 -3 5 -5 -6 20 9 8 21 14 -12 12 -14 -15 19 -17 17 -19 -20 -21 -22 -23
leaf_value=-0.0040503749946275589 0.11944301689841919 1.0025512109200159 -0.45287067413330084 -0.29716297626495364 1.3615398724873862 0.27373320646584037 -0.56062455177307069 -0.19684132205115409 0.24608152707417807 -0.40438947081565851 0.29318414756229949 0.061852303548501089 0.91592661539713538 0.0067843125481158494 -0.058530044311382735 0.24691234429677331 -0.078728419542312633 -0.73910776774088549 0.44450726111729938 -0.30808503270149235 -0.028901040670856581 0.63163644909858707
leaf_weight=208 56 2.9999999999999991 4.9999999999999991 4.9999999999999991 2.9999999999999991 5.9999999999999991 3.0000000000000027 9.0000000000000053 2.9999999999999991 17.000000000000004 6.9999999999999991 12.999999999999998 2.9999999999999991 25 61 2.9999999999999991 11.999999999999998 2.9999999999999991 2.9999999999999991 9.9999999999999982 118 9.9999999999999982
leaf_count=208 56 3 5 5 3 6 3 9 3 17 7 13 3 25 61 3 12 3 3 10 118 10
internal_value=0.00372325 0.0421581 0.0272297 0.145119 0.1826 -0.031258 -0.0155927 0.0182914 0.252942 -0.0795961 0.0175448 0.0463544 0.221991 -0.0540095 -0.140495 -0.306694 -0.0118187 -0.210804 0.00232722 -0.0936786 -0.0142574 0.542662
internal_weight=586 196 193 64 59 129 390 255 29 135 16 44 16 28 91 20 226 15 211 71 124 13
internal_count=586 196 193 64 59 129 390 255 29 135 16 44 16 28 91 20 226 15 211 71 124 13
is_linear=0
shrinkage=0.05


Tree=301
num_leaves=10
num_cat=0
split_feature=1 0 0 3 2 1 1 0 6
split_gain=127.618 129.43 117.563 999.969 128.849 119.73 392.762 171.477 11.5123
threshold=40405.490000000013 32303.785000000003 29150.795000000002 1.058193019856128 13915.825000000003 39257.420000000006 37855.17500000001 31780.940000000006 78.500000000000014
decision_type=2 2 2 2 2 2 2 2 2
left_child=1 2 3 4 -1 6 -4 -7 -3
right_child=-2 8 5 -5 -6 7 -8 -9 -10
leaf_value=-0.071664521411845525 -0.32700499296188357 0.30022973020871485 -0.0029763073764511733 0.9599806169668833 0.17927617859760567 -0.022036877125501637 -0.2472118170822368 0.41718070507049554 0.16171183983484902
leaf_weight=19.000000000000007 2.9999999999999991 2.9999999999999991 519 2.9999999999999991 6.9999999999999991 4.9999999999999982 17 4 3
leaf_count=19 3 3 519 3 7 5 17 4 3
internal_value=-0.00173363 -5.11932e-05 -0.00246606 0.0956293 -0.00410356 -0.00768581 -0.0107226 0.173171 0.230971
internal_weight=583 580 574 29 26 545 536 9 6
internal_count=583 580 574 29 26 545 536 9 6
is_linear=0
shrinkage=0.05


Tree=302
num_leaves=13
num_cat=0
split_feature=2 5 1 2 4 3 2 1 4 2 1 3
split_gain=159.925 503.864 848.978 246.3 573.223 236.325 136.927 136.449 947.948 520.567 47.6246 2.55093
threshold=2595.7850000000003 19.500000000000004 37366.465000000004 2687.8350000000005 37657.000000000007 1.2037547151146779 18532.700000000001 33631.93 37657.000000000007 7059.9650000000011 39227.465000000004 1.2698507897981408
decision_type=2 2 2 2 2 2 2 2 2 2 2 2
left_child=1 5 -3 4 -2 -1 7 8 -5 -9 -7 -12
right_child=3 2 -4 6 -6 10 -8 9 -10 -11 11 -13
leaf_value=-0.33829222321510266 0.14885259071985882 -0.024455581903457646 0.95283676385879501 -0.005955827691185335 -0.82857860326766952 0.16774916698535283 -0.35460818608601891 -0.034750524009504014 0.76826454997062688 -0.50781380335489912 -0.051755160093307509 0.0047130500276883446
leaf_weight=5.0000000000000062 2.9999999999999991 4.9999999999999982 4 341 3 5.9999999999999991 2.9999999999999991 189 3.9999999999999991 5.9999999999999991 2.9999999999999982 6
leaf_count=5 3 5 4 341 3 6 3 189 4 6 3 6
internal_value=-0.0152223 0.0992109 0.409897 -0.0212671 -0.339863 -0.0405977 -0.0177467 -0.0158752 0.00302064 -0.0493063 0.0586339 -0.0141097
internal_weight=578 29 9 549 6 20 543 540 345 195 15 9
internal_count=578 29 9 549 6 20 543 540 345 195 15 9
is_linear=0
shrinkage=0.05


Tree=303
num_leaves=18
num_cat=0
split_feature=3 3 2 2 2 2 0 0 2 2 2 8 2 0 4 0 3
split_gain=166.255 825.644 277.204 733.29 649.262 393.875 263.694 251.131 229.203 1038.23 464.088 455.998 222.712 373.718 244.502 217.824 73.0486
threshold=1.1517931417688156 1.1496117951323483 4225.4150000000009 4394.2450000000008 3967.5600000000009 4007.9600000000005 31558.700000000001 32120.640000000003 6057.6200000000008 6574.1850000000004 5044.8000000000011 4.5000000000000009 4356.8350000000009 31780.940000000006 35987.500000000007 31048.860000000004 1.1337792801622533
decision_type=2 2 2 2 2 2 2 2 2 2 2 2 2 2 2 2 2
left_child=1 2 4 6 16 -6 -4 -5 10 -10 12 15 14 -14 -2 -12 -1
right_child=8 -3 3 7 5 -7 -8 -9 9 -11 11 -13 13 -15 -16 -17 -18
leaf_value=-0.064083983666366987 0.29462755203247071 0.65570034980773928 -0.24380485601723195 0.010120981268944292 0.83778161108493809 0.24147522416379719 -0.86392854054768853 -0.44908015330632528 0.93320208787918091 -0.29728140234947203 0.019722872227430327 -0.76162831224501137 0.0034572209630693712 0.67046705087025948 -0.065153385669896924 -0.34924871921539308 0.15194827795028687
leaf_weight=18.000000000000004 4.9999999999999991 4.9999999999999991 3.9999999999999991 395 3.9999999999999991 8.9999999999999982 3 2.9999999999999991 2.9999999999999991 4 8.0000000000000053 3.9999999999999991 6.9999999999999982 3 85 7.9999999999999991 4.9999999999999991
leaf_count=18 5 5 4 395 4 9 3 3 3 4 8 4 7 3 85 8 5
internal_value=0.00242782 0.0167997 0.00955595 -0.00226286 0.142518 0.424954 -0.509572 0.00665967 -0.0480436 0.230069 -0.0642668 -0.284136 -0.020293 0.20356 -0.0451656 -0.164763 -0.0171204
internal_weight=573 446 441 405 36 13 7 398 127 7 120 20 100 10 90 16 23
internal_count=573 446 441 405 36 13 7 398 127 7 120 20 100 10 90 16 23
is_linear=0
shrinkage=0.05


Tree=304
num_leaves=13
num_cat=0
split_feature=2 2 3 2 0 3 7 3 2 4 6 7
split_gain=94.5664 516.188 446.458 1208.89 284.557 218.694 636.086 401.27 213.373 307.537 240.618 90.2441
threshold=3967.5600000000009 4007.9600000000005 1.188940285511052 4598.8050000000012 29646.715000000004 1.1636411078018125 1.0000000180025095e-35 1.1611281148768302 3940.3250000000003 35987.500000000007 86.500000000000014 2.5000000000000004
decision_type=2 2 2 2 2 2 2 2 2 2 2 2
left_child=4 -2 5 11 -1 7 -7 -3 9 -6 -11 -4
right_child=1 2 3 -5 8 6 -8 -9 -10 10 -12 -13
leaf_value=-0.51827962597211197 0.51944778919219969 0.001330837790990359 0.084436583332717446 0.90757490158081033 0.49056042035420733 -0.838416894276937 -0.024420857181151709 0.41301794846852619 -0.34273297309875494 -0.059927127918658354 0.15293112001381814 -0.25142821669578547
leaf_weight=2.9999999999999991 4.9999999999999991 438 3.9999999999999982 5 2.9999999999999991 2.9999999999999991 11.999999999999998 5.9999999999999991 4.9999999999999991 78 15.999999999999998 4
leaf_count=3 5 438 4 5 3 3 12 6 5 78 16 4
internal_value=0.00463165 0.0140878 0.00873437 0.297685 -0.0383261 0.000550574 -0.18722 0.00689418 -0.0242098 -0.0077911 -0.0236959 -0.0834958
internal_weight=582 477 472 13 105 459 15 444 102 97 94 8
internal_count=582 477 472 13 105 459 15 444 102 97 94 8
is_linear=0
shrinkage=0.05


Tree=305
num_leaves=21
num_cat=0
split_feature=2 1 6 1 2 1 1 4 6 1 2 3 1 4 2 6 4 6 5 6
split_gain=100.955 1904.35 311.132 259.538 653.572 141.865 751.528 445.954 455.956 356.884 385.674 205.299 284.379 161.131 126.176 497.895 102.487 83.9512 53.8106 32.1609
threshold=10139.320000000002 29938.350000000002 82.500000000000014 26234.060000000001 12181.630000000003 34851.185000000005 35008.710000000006 37657.000000000007 83.500000000000014 34350.515000000007 4598.8050000000012 1.1208058883715373 35504.880000000005 33317.500000000007 18332.850000000002 75.500000000000014 37162.000000000007 79.500000000000014 20.500000000000004 81.500000000000014
decision_type=2 2 2 2 2 2 2 2 2 2 2 2 2 2 2 2 2 2 2 2
left_child=5 2 14 18 -5 7 16 9 -9 13 -11 19 -13 -1 17 -16 -7 -2 -4 -8
right_child=1 -3 3 4 -6 6 11 8 -10 10 -12 12 -14 -15 15 -17 -18 -19 -20 -21
leaf_value=-0.14216199369125423 -0.049965940741822125 0.98857666969299318 0.11600236684083938 0.1112041024600758 0.9116769790649415 0.77213565508524584 0.15739022493362431 -0.78661226630210901 -0.070406758785247797 -0.0019774135947227471 -0.43101320591839881 -0.18900268542624654 0.0082199869968049913 0.0037157350748505758 -0.2227729231119156 0.62933992544809969 0.35884183247884105 -0.16517673461210161 -0.015941984409137685 0.35306032896041861
leaf_weight=21 64 4.9999999999999991 9.9999999999999982 17.000000000000004 2.9999999999999991 2.9999999999999991 6.9999999999999982 3.9999999999999982 5 10.000000000000002 10.999999999999998 21 141 192 3.9999999999999991 3 3 21 34 3
leaf_count=21 64 5 10 17 3 3 7 4 5 10 11 21 141 192 4 3 3 21 34 3
internal_value=-0.00561993 0.0280545 -0.00273145 0.0819296 0.231275 -0.0184978 0.0154146 -0.043339 -0.38872 -0.0300551 -0.22671 -0.00377399 -0.0173459 -0.0106666 -0.0616261 0.142418 0.565489 -0.0784298 0.0140454 0.216091
internal_weight=582 161 156 64 20 421 178 243 9 234 21 172 162 213 92 7 6 85 44 10
internal_count=582 161 156 64 20 421 178 243 9 234 21 172 162 213 92 7 6 85 44 10
is_linear=0
shrinkage=0.05


Tree=306
num_leaves=19
num_cat=0
split_feature=0 1 0 2 6 0 4 0 4 2 2 3 0 0 6 7 1 6
split_gain=83.8768 987.796 152.827 473.818 179.318 93.2787 290.693 164.716 76.0326 71.3059 65.0649 234.135 48.1179 37.4443 29.865 23.9485 15.5045 6.06662
threshold=29248.520000000004 30192.940000000002 29386.195000000003 7248.6750000000011 87.500000000000014 29975.040000000005 37010.000000000007 30041.720000000005 35397.500000000007 7059.9650000000011 13915.825000000003 0.79138261628876594 29860.250000000004 28826.010000000006 82.500000000000014 3.5000000000000004 28135.655000000002 85.500000000000014
decision_type=2 2 2 2 2 2 2 2 2 2 2 2 2 2 2 2 2 2
left_child=1 10 3 -2 5 6 -4 -7 15 12 13 -12 -6 17 -15 -5 -11 -1
right_child=2 -3 4 8 9 7 -8 -9 -10 16 11 -13 -14 14 -16 -17 -18 -19
leaf_value=-0.15360389053821558 -0.7277044534683228 0.93972465197245281 -0.019834906072779136 0.18735185861587531 0.16060264699161048 0.19025121439586989 -0.3128990754298866 -0.0056296422089240992 -0.19270485341548915 0.085283031066258758 -0.12482630945742131 0.4595079163710275 0.38891766270001732 -0.054503776795334295 0.089508558716624984 0.00046987961977720252 -0.075467590987682326 -0.074109248816966997
leaf_weight=6.0000000000000018 2.9999999999999991 2.9999999999999991 55 2.9999999999999982 10.000000000000002 10.999999999999998 9.9999999999999982 441 4 2.9999999999999991 3.9999999999999991 3 2.9999999999999991 8.9999999999999982 5.9999999999999991 4 3 4
leaf_count=6 3 3 55 3 10 11 10 441 4 3 4 3 3 9 6 4 3 4
internal_value=-0.00285597 0.0721957 -0.00763198 -0.170714 -0.00337238 -0.00891648 -0.0649217 -0.00086263 -0.0188077 0.147486 -0.00913514 0.125603 0.213291 -0.0468617 0.00310116 0.0805622 0.00490772 -0.121806
internal_weight=585 35 550 14 536 517 65 452 11 19 32 7 13 25 15 7 6 10
internal_count=585 35 550 14 536 517 65 452 11 19 32 7 13 25 15 7 6 10
is_linear=0
shrinkage=0.05


Tree=307
num_leaves=15
num_cat=0
split_feature=6 1 7 4 1 2 2 2 3 1 1 1 4 2
split_gain=123.552 681.32 441.739 400.291 216.47 140.971 96.9627 457.837 245.395 175.899 310.387 287.894 91.9777 20.3553
threshold=73.500000000000014 24853.800000000003 4.5000000000000009 37657.000000000007 31331.505000000001 18532.700000000001 2629.0100000000007 2595.7850000000003 1.1757830903046622 38095.650000000009 37855.17500000001 39429.160000000011 37162.000000000007 12181.630000000003
decision_type=2 2 2 2 2 2 2 2 2 2 2 2 2 2
left_child=1 2 -1 4 13 6 7 8 -2 10 -8 -11 -6 -3
right_child=5 3 -4 -5 12 -7 9 -9 -10 11 -12 -13 -14 -15
leaf_value=0.15446959336598715 0.2955855947732921 -0.19603290557861289 1.0125093539555865 0.40514001607894895 0.10037020207806067 -0.34023211797078456 0.0061794700980812439 -0.67123090426127119 -0.098097451580198197 0.3627849519252776 -0.43606674671173096 -0.027014868557453154 -0.1582663357257843 -0.36077617883682245
leaf_weight=2.9999999999999991 5.0000000000000062 3.0000000000000053 3 4.9999999999999991 10.999999999999998 2.9999999999999991 488 2.9999999999999991 19 9.0000000000000018 3.9999999999999991 9.9999999999999982 4.9999999999999991 5
leaf_count=3 5 3 3 5 11 3 488 3 19 9 4 10 5 5
internal_value=0.00745367 0.0984971 0.583489 -0.00184617 -0.086635 0.00156362 0.00346954 -0.0888747 -0.0160802 0.00834879 0.00258397 0.157627 0.0195463 -0.298997
internal_weight=576 35 6 29 24 541 538 27 24 511 492 19 16 8
internal_count=576 35 6 29 24 541 538 27 24 511 492 19 16 8
is_linear=0
shrinkage=0.05


Tree=308
num_leaves=15
num_cat=0
split_feature=2 7 0 0 0 2 0 4 2 5 2 4 1 1
split_gain=1124.16 98.9553 175.939 1045.13 353.623 393.108 241.831 214 119.768 211.823 202.997 504.173 171.932 24.3875
threshold=18407.930000000004 1.5000000000000002 31172.790000000005 31085.695000000003 31340.740000000002 7351.3350000000009 30853.395 36489.500000000007 2595.7850000000003 20.500000000000004 2687.8350000000005 37657.000000000007 38598.990000000005 37567.660000000011
decision_type=2 2 2 2 2 2 2 2 2 2 2 2 2 2
left_child=1 2 3 6 7 -6 -1 -4 9 13 11 -10 -12 -3
right_child=-2 8 4 -5 5 -7 -8 -9 10 -11 12 -13 -14 -15
leaf_value=-0.0035783583433299827 0.83745474815368659 0.14007636010646796 -0.39122393925984689 0.8655810594558716 -0.001834757474004006 0.5136735245585442 0.20221204161643982 -0.055151956677436831 0.14662882486979167 0.49099666674931841 -0.026147786393506695 -0.77004397710164374 0.1322192852695783 -0.0024821223691105843
leaf_weight=69 3.9999999999999991 4.0000000000000062 9.0000000000000018 3.9999999999999991 49 3.9999999999999991 18 9.9999999999999982 2.9999999999999991 2.9999999999999991 358 3 18 11.999999999999998
leaf_count=69 4 4 9 4 49 4 18 10 3 3 358 3 18 12
internal_value=0.00220002 -0.00372377 0.0291257 0.0753322 -0.0292742 0.0370715 0.038999 -0.214344 -0.0170765 0.105448 -0.0231707 -0.311708 -0.0185664 0.0331575
internal_weight=568 564 163 91 72 53 87 19 401 19 382 6 376 16
internal_count=568 564 163 91 72 53 87 19 401 19 382 6 376 16
is_linear=0
shrinkage=0.05


Tree=309
num_leaves=18
num_cat=0
split_feature=0 0 1 4 4 0 0 4 8 7 3 3 0 0 4 0 0
split_gain=144.879 668.955 700.776 245.705 350.466 180.507 162.993 149.041 207.22 99.5432 532.921 201.633 169.408 97.6359 398.234 332.949 32.5907
threshold=31280.085000000003 31302.120000000006 35464.795000000006 35987.500000000007 35865.000000000007 31558.700000000001 31271.585000000003 36349.500000000007 4.5000000000000009 5.5000000000000009 1.1198361579625822 1.1587804532921291 30634.310000000001 31064.360000000004 32625.000000000004 31035.250000000004 31476.445000000003
decision_type=2 2 2 2 2 2 2 2 2 2 2 2 2 2 2 2 2
left_child=6 2 -2 4 5 -3 9 16 -9 13 12 -12 -11 15 -15 -1 -5
right_child=1 3 -4 7 -6 -7 -8 8 -10 10 11 -13 -14 14 -16 -17 -18
leaf_value=0.012854317582758339 -0.026850688457489016 0.04167043068446219 -1.1075730582078296 0.25956239302953094 -0.64985409577687581 -0.1717791530948419 0.37385212182998662 -0.075457671339865084 0.069820621940824723 -0.049721348080141795 -0.52112144998141707 -0.12612053528428077 0.14906758745748769 0.63649632930755617 0.043049297420954223 -0.28058649383485318 0.09476275220513343
leaf_weight=290 2.9999999999999991 15.999999999999998 3 5.9999999999999982 2.9999999999999991 26 2.9999999999999991 54 45 29 6.9999999999999982 6 17 2.9999999999999991 49 9.9999999999999982 6
leaf_count=290 3 16 3 6 3 26 3 54 45 29 7 6 17 3 49 10 6
internal_value=-0.00904374 -0.0491309 -0.567212 -0.0292047 -0.127758 -0.090465 0.00664252 0.0107492 -0.00942208 0.00396216 -0.0561414 -0.338813 0.0237441 0.0140363 0.0772866 0.00307296 0.177163
internal_weight=576 162 6 156 45 42 414 111 99 411 59 13 46 352 52 300 12
internal_count=576 162 6 156 45 42 414 111 99 411 59 13 46 352 52 300 12
is_linear=0
shrinkage=0.05


Tree=310
num_leaves=21
num_cat=0
split_feature=1 1 4 2 0 0 3 0 0 6 0 0 0 4 4 1 1 1 5 0
split_gain=264.38 499.76 1077.95 816.067 600.07 191.708 261.021 184.521 178.349 632.426 334.146 291.562 243.563 284.665 214.539 163.937 130.332 72.2267 42.4551 24.4344
threshold=37698.220000000008 38898.225000000006 36890.000000000007 2687.8350000000005 31547.650000000005 31800.090000000004 1.2441142558800566 32317.205000000005 31547.650000000005 80.500000000000014 31530.555000000004 31672.245000000006 31643.795000000002 36220.000000000007 38215.000000000007 36693.465000000004 29091.320000000003 40405.490000000013 18.500000000000004 31347.380000000005
decision_type=2 2 2 2 2 2 2 2 2 2 2 2 2 2 2 2 2 2 2 2
left_child=8 2 19 -4 -5 6 -3 -7 10 12 14 -11 13 -10 16 -14 -1 -9 -8 -2
right_child=1 5 3 4 -6 7 18 17 9 11 -12 -13 15 -15 -16 -17 -18 -19 -20 -21
leaf_value=-0.020015259924724964 0.034455970426400466 0.57214155048131876 -1.2198631338775163 -0.79790018399556462 0.20215799013773594 -0.39177073836326604 -0.12344805498917895 0.21668757200241096 -0.68640478253364567 0.047774472236633309 0.42222907662391668 0.62049317657947523 -0.1349799052476883 -0.18732408046722415 -0.31446537733078006 0.15605425834655762 0.035295982857092491 -0.083784437179565421 0.11447368264198302 0.22322449684143064
leaf_weight=169 3.0000000000000027 3.0000000000000027 3.9999999999999982 3 3 3.9999999999999991 3 2.9999999999999982 3.9999999999999991 4.9999999999999982 4.9999999999999991 4 25.000000000000004 9.9999999999999982 4.9999999999999991 5.9999999999999991 288 6 5 4
leaf_count=169 3 3 4 3 3 4 3 3 4 5 5 4 25 10 5 6 288 6 5 4
internal_value=-0.00389038 -0.126139 -0.333554 -0.666668 -0.297871 0.0207801 0.174404 -0.10921 0.00572993 -0.0802998 0.0156777 0.302316 -0.156823 -0.329919 0.0112778 -0.0786507 0.0148417 0.0163729 0.025253 0.142324
internal_weight=562 41 17 10 6 24 11 13 521 54 467 9 45 14 462 31 457 9 8 7
internal_count=562 41 17 10 6 24 11 13 521 54 467 9 45 14 462 31 457 9 8 7
is_linear=0
shrinkage=0.05


Tree=311
num_leaves=16
num_cat=0
split_feature=0 0 0 4 1 2 6 0 2 3 3 6 2 3 5
split_gain=152.395 185.072 689.159 144.899 563.912 465.176 200.37 145.416 231.266 143.382 77.7659 33.2592 31.9702 24.6189 3.00445
threshold=28826.010000000006 29150.795000000002 29084.380000000001 35397.500000000007 30672.995000000006 4625.3050000000012 73.500000000000014 29596.770000000004 7140.0200000000013 0.99307988442681039 0.8393993797758148 83.500000000000014 12348.305000000002 0.84776118502694431 18.500000000000004
decision_type=2 2 2 2 2 2 2 2 2 2 2 2 2 2 2
left_child=10 2 11 4 6 -6 -3 8 -5 -9 -1 12 -2 -12 -15
right_child=1 3 -4 7 5 -7 -8 9 -10 -11 13 -13 -14 14 -16
leaf_value=-0.31991263866424563 0.034936296939849863 0.24365932771137785 0.85382877240578336 0.066086335182189954 -0.095667330118326052 0.24565674430409146 -0.0298997880327911 0.074832881869454138 -0.3791420647076198 -0.028627909937252602 0.041429465015729285 0.094126886185258607 -0.19589629570643102 -0.091942579547564171 -0.15813543051481244
leaf_weight=4.9999999999999991 2.9999999999999982 6.9999999999999991 2.9999999999999991 4.9999999999999982 12.999999999999998 43 153 38 7 282 2.9999999999999982 5 3 3 4
leaf_count=5 3 7 3 5 13 43 153 38 7 282 3 5 3 3 4
internal_value=-0.0016237 0.00257432 0.182089 -0.00201181 0.0298635 0.166421 -0.0179316 -0.02275 -0.19363 -0.0163419 -0.15891 -0.00111323 -0.08048 -0.0784081 -0.129767
internal_weight=577 562 14 548 216 56 160 332 12 320 15 11 6 10 7
internal_count=577 562 14 548 216 56 160 332 12 320 15 11 6 10 7
is_linear=0
shrinkage=0.05


Tree=312
num_leaves=13
num_cat=0
split_feature=2 1 2 3 1 4 0 3 1 1 0 2
split_gain=382.932 109.557 323.104 320.16 206.013 294.975 593.784 158.178 139.061 155.617 141.525 24.4144
threshold=18532.700000000001 37657.400000000009 5302.4050000000007 1.2069286717289935 37325.745000000003 38137.000000000007 31254.450000000004 1.2140853558211844 37128.760000000002 34851.185000000005 31886.825000000001 2877.1500000000001
decision_type=2 2 2 2 2 2 2 2 2 2 2 2
left_child=1 4 3 -3 8 6 -6 -5 9 -1 -10 -7
right_child=-2 2 -4 7 5 11 -8 -9 10 -11 -12 -13
leaf_value=-0.012399071119773222 0.56369431813557946 -0.41130458235740663 -0.50606421828269965 0.31191312074661259 0.025148126482963551 0.064554671943187703 0.95570402145385713 -0.021019977037653778 -0.2875964470207692 0.056662905794902921 0.11510005791982013 -0.094918429851531969
leaf_weight=392 2.9999999999999991 4.9999999999999991 3.9999999999999991 3.9999999999999991 4.0000000000000009 6 3 33 7.9999999999999982 103 3 4
leaf_count=392 3 5 4 4 4 6 3 33 8 103 3 4
internal_value=0.000279768 -0.00269078 -0.0766693 -0.0357745 0.00381593 0.175021 0.423958 0.0149728 -0.00193602 0.0019714 -0.17777 0.000765431
internal_weight=572 569 46 42 523 17 7 37 506 495 11 10
internal_count=572 569 46 42 523 17 7 37 506 495 11 10
is_linear=0
shrinkage=0.05


Tree=313
num_leaves=9
num_cat=0
split_feature=2 2 4 1 1 4 1 4
split_gain=345.675 307.628 127.888 1032.27 423.605 154.185 593.943 258.86
threshold=18532.700000000001 1804.3950000000002 37657.000000000007 33962.010000000002 35548.040000000008 33030.000000000007 29938.350000000002 33155.000000000007
decision_type=2 2 2 2 2 2 2 2
left_child=1 -1 5 -4 -5 6 -3 -7
right_child=-2 2 3 4 -6 7 -8 -9
leaf_value=0.39464299201965336 0.5423797925313314 0.030643569037579657 0.84429702162742615 -0.56385583082834889 0.044958440500001112 -0.23032252958842686 0.7524483839670818 -0.011682623539392541
leaf_weight=4.9999999999999991 2.9999999999999991 57 3.9999999999999991 2.9999999999999991 60 13.999999999999998 2.9999999999999991 410
leaf_count=5 3 57 4 3 60 14 3 410
internal_value=0.00710755 0.00421939 0.000676524 0.0654198 0.0159673 -0.00828587 0.0667338 -0.0189019
internal_weight=559 556 551 67 63 484 60 424
internal_count=559 556 551 67 63 484 60 424
is_linear=0
shrinkage=0.05


Tree=314
num_leaves=11
num_cat=0
split_feature=2 2 1 4 1 7 6 0 2 1
split_gain=203.946 167.45 429.002 126.263 350.037 203.181 269.108 100.063 89.7122 82.6456
threshold=18532.700000000001 2031.0550000000003 38993.790000000008 38215.000000000007 35598.070000000007 1.0000000180025095e-35 79.500000000000014 32174.495000000006 5837.795000000001 36041.67500000001
decision_type=2 2 2 2 2 2 2 2 2 2
left_child=1 2 -1 5 8 6 -3 -7 -5 -6
right_child=-2 3 -4 4 9 7 -8 -9 -10 -11
leaf_value=-0.5967423796653748 -0.42801841100056964 0.0090775475953705619 0.1942241489887237 -0.20962404012680058 0.23971174036463094 -0.00091265449844814056 -0.19020134721779161 -0.16071850717067721 0.1362317139903704 0.610848699013392
leaf_weight=3.9999999999999991 2.9999999999999991 32 3 4.9999999999999982 3 479 36 9.9999999999999982 3 3
leaf_count=4 3 32 3 5 3 479 36 10 3 3
internal_value=-0.0168282 -0.014694 -0.257757 -0.0117143 0.13659 -0.0154419 -0.096423 -0.00418067 -0.0799281 0.42528
internal_weight=581 578 7 571 14 557 68 489 8 6
internal_count=581 578 7 571 14 557 68 489 8 6
is_linear=0
shrinkage=0.05


Tree=315
num_leaves=15
num_cat=0
split_feature=2 0 0 2 6 2 2 3 8 3 3 8 6 0
split_gain=265.777 132.34 581.385 609.946 376.954 634.003 421.805 312.152 1263.09 409.071 708.96 441.104 395.96 70.4871
threshold=1804.3950000000002 31280.085000000003 31302.120000000006 7759.7150000000011 76.500000000000014 4497.3850000000011 9779.8700000000008 1.1611281148768302 4.5000000000000009 1.1292790347931108 1.1208058883715373 4.5000000000000009 86.500000000000014 31167.250000000004
decision_type=2 2 2 2 2 2 2 2 2 2 2 2 2 2
left_child=-1 7 3 -3 5 -4 -6 9 13 10 -2 -11 -10 -9
right_child=1 2 4 -5 6 -7 -8 8 12 11 -12 -13 -14 -15
leaf_value=0.40181660354137422 -0.00194274701190169 -1.0336276888847351 0.19339475929737096 -0.025373136997222896 0.024477196829851534 -0.59570712191717956 -0.27512229841489061 0.046149187441915276 0.96941288948059068 -0.04763766718762262 0.54683256944020586 -0.40007482858804561 0.24281358420848839 -0.12368947395256587
leaf_weight=3.9999999999999991 308 2.9999999999999991 3.9999999999999982 3 122 7 12.999999999999998 48 5 28 5.9999999999999991 12.999999999999998 3 6.9999999999999991
leaf_count=4 308 3 4 3 122 7 13 48 5 28 6 13 3 7
internal_value=-0.00432724 -0.00717737 -0.0471299 -0.5295 -0.0273065 -0.308761 -0.00437312 0.00735082 0.109918 -0.0108513 0.00854341 -0.159386 0.696938 0.0245334
internal_weight=574 570 152 6 146 11 135 418 63 355 314 41 8 55
internal_count=574 570 152 6 146 11 135 418 63 355 314 41 8 55
is_linear=0
shrinkage=0.05


Tree=316
num_leaves=18
num_cat=0
split_feature=3 3 7 1 0 3 3 0 4 6 1 4 3 3 0 0 5
split_gain=129.345 285.708 502.291 454.582 255.222 216.326 369.561 344.382 163.049 527.848 110.61 99.9899 177.043 72.2932 185.407 293.406 60.3104
threshold=1.1370363341123151 1.1517931417688156 1.0000000180025095e-35 35101.765000000007 30930.560000000001 1.1710601444213546 1.1737211303783697 31530.555000000004 37657.000000000007 78.500000000000014 35598.070000000007 37217.000000000007 1.1477672868402873 1.1350595117197633 32120.640000000003 31949.185000000001 20.500000000000004
decision_type=2 2 2 2 2 2 2 2 2 2 2 2 2 2 2 2 2
left_child=8 2 4 -3 -2 7 -7 -5 13 -10 -11 12 -4 14 15 -1 -13
right_child=1 3 11 5 -6 6 -8 -9 9 10 -12 16 -14 -15 -16 -17 -18
leaf_value=-0.022415815113301832 0.1456827878952025 0.52358088493347166 0.27101632186344682 -0.21408452212810514 0.72903150558471674 0.56589030424753828 0.0018691036399904187 0.20773409605026247 -0.78022478433946774 -0.14653122663497922 0.23749977052211754 0.024158722162246706 -0.14597458243370054 0.19195805788040163 -0.41326994101206466 0.47389542460441592 -0.29288585583368926
leaf_weight=403 3.0000000000000018 3.9999999999999991 7.0000000000000018 25.000000000000004 5 2.9999999999999991 91 5.9999999999999991 2.9999999999999991 5 3 2.9999999999999991 4 3.9999999999999991 2.9999999999999991 2.9999999999999991 3
leaf_count=403 3 4 7 25 5 3 91 6 3 5 3 3 4 4 3 3 3
internal_value=-0.010379 0.0288676 0.18357 -0.00111338 0.510276 -0.0179036 0.0198698 -0.132442 -0.0246337 -0.214621 -0.0025196 0.0298256 0.119383 -0.0195735 -0.0216423 -0.0187485 -0.134364
internal_weight=578 154 25 129 8 125 94 31 424 11 8 17 11 413 409 406 6
internal_count=578 154 25 129 8 125 94 31 424 11 8 17 11 413 409 406 6
is_linear=0
shrinkage=0.05


Tree=317
num_leaves=10
num_cat=0
split_feature=2 2 2 5 0 0 0 0 1
split_gain=265.194 186.781 188.244 376.764 877.564 195.91 899.226 198.587 41.3688
threshold=1804.3950000000002 18532.700000000001 2629.0100000000007 19.500000000000004 31291.855000000003 30930.560000000001 30954.380000000005 30441.155000000002 39744.43
decision_type=2 2 2 2 2 2 2 2 2
left_child=-1 2 3 8 -5 7 -7 -4 -2
right_child=1 -3 5 4 -6 6 -8 -9 -10
leaf_value=0.36310412645339968 0.031781189029033353 -0.39610945383707685 0.006609323267353872 0.038186599314212803 -1.0930872042973834 0.89996821085611978 0.028736182832126991 -0.078677380496636029 -0.17420307248830796
leaf_weight=4.9999999999999991 13.000000000000005 2.9999999999999991 215 3.9999999999999991 3 2.9999999999999991 232 100 2.9999999999999991
leaf_count=5 13 3 215 4 3 3 232 100 3
internal_value=0.000535609 -0.00261169 -0.000551489 -0.140694 -0.446645 0.00530903 0.0398583 -0.0204658 -0.00684086
internal_weight=581 576 573 23 7 550 235 315 16
internal_count=581 576 573 23 7 550 235 315 16
is_linear=0
shrinkage=0.05


Tree=318
num_leaves=15
num_cat=0
split_feature=0 6 2 2 1 6 0 0 6 0 4 2 0 1
split_gain=213.971 472.399 240.103 305.457 367.209 291.749 135.541 119.313 122.856 683.682 523.86 172.342 105.987 4.23175
threshold=31699.950000000001 76.500000000000014 3207.5950000000007 4074.8350000000005 40405.490000000013 79.500000000000014 31859.145000000004 31672.245000000006 73.500000000000014 29248.520000000004 33565.000000000007 18532.700000000001 31633.220000000005 38598.990000000005
decision_type=2 2 2 2 2 2 2 2 2 2 2 2 2 2
left_child=7 -2 5 4 -4 -3 -5 8 9 -1 -11 12 -10 -9
right_child=1 2 3 6 -6 -7 -8 13 11 10 -12 -13 -14 -15
leaf_value=0.63968594074249274 -0.70488815307617192 0.080709155400594063 0.47910060584545144 0.0069918054342269888 -0.074078941345214838 -0.54298851966857897 -0.20932720558983939 0.24920141398906709 0.0062221627142571385 0.53129270672798112 -0.088670171489534169 -0.37630399068196618 -0.22517662763595583 0.17064374685287473
leaf_weight=4.9999999999999991 2.9999999999999991 3 5.9999999999999982 15.000000000000002 6 5 13.999999999999998 3.9999999999999991 480 4.0000000000000027 23 2.9999999999999991 4.9999999999999991 3
leaf_count=5 3 3 6 15 6 5 14 4 480 4 23 3 5 3
internal_value=0.000935601 -0.095828 -0.0585385 -0.00964814 0.202511 -0.309102 -0.0974381 0.0104834 0.00772313 0.102631 0.00317618 0.00149968 0.00383661 0.215534
internal_weight=579 52 49 41 12 8 29 527 520 32 27 488 485 7
internal_count=579 52 49 41 12 8 29 527 520 32 27 488 485 7
is_linear=0
shrinkage=0.05


Tree=319
num_leaves=12
num_cat=0
split_feature=1 1 1 1 2 2 0 6 0 1 1
split_gain=147.262 130.288 959.647 301.192 285.909 233.28 215.98 92.5528 453.614 279.22 63.1022
threshold=40059.10500000001 38598.990000000005 38898.225000000006 39429.160000000011 2687.8350000000005 1804.3950000000002 31754.040000000005 83.500000000000014 30709.155000000002 38003.990000000013 40693.320000000007
decision_type=2 2 2 2 2 2 2 2 2 2 2
left_child=1 5 -3 4 -4 -1 -5 9 -9 -7 -2
right_child=10 2 3 6 -6 7 -8 8 -10 -11 -12
leaf_value=0.44963979721069336 0.41652796864509584 -0.81267709732055593 0.038591107213869685 0.17164749701817827 0.65601518154144278 -0.0029195285214947604 -0.3649839854240417 -0.0022577805949064596 0.19843158287661417 -0.48728116353352863 0.092228110631306939
leaf_weight=2.9999999999999991 2.9999999999999991 4.0000000000000027 5 3 3 363 5 144 35 2.9999999999999991 3
leaf_count=3 3 4 5 3 3 363 5 144 35 3 3
internal_value=0.00796839 0.00536547 -0.119984 0.053189 0.270125 0.00994028 -0.163747 0.00751991 0.0369832 -0.00688971 0.254378
internal_weight=574 568 20 16 8 548 8 545 179 366 6
internal_count=574 568 20 16 8 548 8 545 179 366 6
is_linear=0
shrinkage=0.05


Tree=320
num_leaves=10
num_cat=0
split_feature=2 0 0 2 1 4 0 0 7
split_gain=154.339 132.513 305.975 213.238 169.784 128.924 354.701 125.128 63.369
threshold=18532.700000000001 32065.465000000004 32120.640000000003 1804.3950000000002 36648.630000000012 38215.000000000007 31536.125000000004 31843.890000000003 3.5000000000000004
decision_type=2 2 2 2 2 2 2 2 2
left_child=1 3 -3 -1 -4 7 -7 -5 -6
right_child=-2 2 4 5 8 6 -8 -9 -10
leaf_value=0.4271577835083008 -0.35734278361002603 -0.58978262543678217 -0.38343091209729468 0.004652164180879481 0.15389591852823895 -0.040680071605103368 0.54954643696546546 -0.15861568103233975 -0.061061196029186249
leaf_weight=2.9999999999999991 2.9999999999999991 3.0000000000000027 3.0000000000000027 532 5.9999999999999991 6.9999999999999982 4 11.999999999999998 7.9999999999999991
leaf_count=3 3 3 3 532 6 7 4 12 8
internal_value=0.000360893 0.00221749 -0.124238 0.00674993 -0.0420828 0.00447746 0.173948 0.00105067 0.0310633
internal_weight=581 578 20 558 17 555 11 544 14
internal_count=581 578 20 558 17 555 11 544 14
is_linear=0
shrinkage=0.05


Tree=321
num_leaves=18
num_cat=0
split_feature=4 2 4 3 0 0 6 1 0 4 3 3 6 1 0 3 3
split_gain=96.5565 711.958 298.819 476.229 330.388 275.609 212.492 235.606 185.135 458.349 276.874 632.077 259.582 215.328 169.485 164.841 427.996
threshold=37010.000000000007 10187.080000000002 37217.000000000007 1.0926270949019907 29669.260000000006 31522.390000000003 82.500000000000014 36648.630000000012 31448.245000000006 33030.000000000007 1.1040998788478005 1.1337792801622533 77.500000000000014 33479.775000000009 31188.350000000002 1.1636411078018125 1.1611281148768302
decision_type=2 2 2 2 2 2 2 2 2 2 2 2 2 2 2 2 2
left_child=6 2 3 14 -4 -6 8 15 10 -10 13 -12 -11 -1 -2 16 -8
right_child=1 -3 4 -5 5 -7 7 -9 9 12 11 -13 -14 -15 -16 -17 -18
leaf_value=-0.034873740656955823 0.24919475898146615 0.7946161379416784 -0.5325841546058655 0.76423227787017822 -0.045352767126515828 0.12260409704211989 0.01356270176668962 0.37018517494201664 0.482451073328654 -0.32988942225774132 0.62286854982376105 0.023913981976944047 -0.086801486553215401 -0.28676780462265017 -0.024601456293692956 -0.29540674090385438 0.48446750760078433
leaf_weight=148 10.000000000000005 2.9999999999999991 2.9999999999999991 2.9999999999999991 94 33 138 4.9999999999999991 2.9999999999999991 14.999999999999998 4.9999999999999991 37 41 8.9999999999999982 12.999999999999998 3.9999999999999991 4.9999999999999991
leaf_count=148 10 3 3 3 94 33 138 5 3 15 5 37 41 9 13 4 5
internal_value=-0.00141639 0.0316585 0.0169862 0.171724 -0.0139614 -0.00171043 -0.014243 0.0326532 -0.0418718 -0.119658 -0.0188094 0.0952181 -0.151914 -0.0493135 0.0944404 0.0211725 0.0300279
internal_weight=569 159 156 26 130 127 410 152 258 59 199 42 56 157 23 147 143
internal_count=569 159 156 26 130 127 410 152 258 59 199 42 56 157 23 147 143
is_linear=0
shrinkage=0.05


Tree=322
num_leaves=11
num_cat=0
split_feature=2 2 0 0 0 3 7 2 0 3
split_gain=395.246 126.677 412.391 136.691 276.681 300.197 250.046 286.834 200.998 92.9951
threshold=18532.700000000001 2031.0550000000003 31927.960000000003 32028.415000000005 31800.090000000004 1.1500765696821804 1.5000000000000002 3510.6750000000006 31780.940000000006 1.1532894769286688
decision_type=2 2 2 2 2 2 2 2 2 2
left_child=1 2 -1 4 8 -6 9 -8 -3 -5
right_child=-2 3 -4 6 5 -7 7 -9 -10 -11
leaf_value=0.23746183142066002 0.58113053639729817 0.008258094465937357 -0.53804003000259393 0.60442972357074354 -0.07963117105620246 -0.57078232169151311 0.23939495484034223 -0.27337284505367276 0.4187185446421306 0.21073962251345313
leaf_weight=2.9999999999999991 2.9999999999999991 513 4 3.0000000000000027 14.000000000000002 3.9999999999999991 5.9999999999999982 5 2.9999999999999991 3
leaf_count=3 3 513 4 3 14 4 6 5 3 3
internal_value=0.00875797 0.0056807 -0.205682 0.00836589 0.00392246 -0.188776 0.147942 0.00631868 0.0106445 0.407585
internal_weight=561 558 7 551 534 18 17 11 516 6
internal_count=561 558 7 551 534 18 17 11 516 6
is_linear=0
shrinkage=0.05


Tree=323
num_leaves=23
num_cat=0
split_feature=0 0 0 6 6 2 4 2 4 1 2 0 4 0 1 1 1 4 4 0 1 1
split_gain=100.339 245.987 899.014 251.437 238.914 327.012 265.394 308.719 327.783 204.157 194.856 192.953 162.796 152.878 139.509 1050.89 1280.27 328.274 306.06 241.38 203.931 79.7481
threshold=31413.460000000003 31291.855000000003 31302.120000000006 79.500000000000014 80.500000000000014 3175.1200000000003 33030.000000000007 10679.925000000001 35692.500000000007 38465.170000000006 4449.7000000000007 32028.415000000005 36489.500000000007 31614.030000000002 34660.280000000006 35008.710000000006 34851.185000000005 37657.000000000007 35987.500000000007 30685.635000000002 34370.405000000006 35213.480000000003
decision_type=2 2 2 2 2 2 2 2 2 2 2 2 2 2 2 2 2 2 2 2 2 2
left_child=1 14 -3 21 6 9 -2 8 -8 -6 11 -7 -5 -12 17 16 -16 20 -17 -19 -1 -4
right_child=4 2 3 12 5 10 7 -9 -10 -11 13 -13 -14 -15 15 18 -18 19 -20 -21 -22 -23
leaf_value=-0.0010483986393563331 0.4579156080881755 -0.96257884899775181 -0.15961100906133655 0.17162413698705756 0.78104685942331953 -0.31289652109146104 0.21730176433920861 -0.5187243590752284 -0.049787503108382231 0.19772753715515132 0.03353527784347534 0.12636775016784665 -0.085416482388973244 0.34264519512653352 0.057340911403298382 0.43253355622291567 1.423744996388753 -0.69910721480846405 -0.015500025688038196 -0.064836160341898583 -0.21105833848317468 -0.4330408036708831
leaf_weight=315 2.9999999999999991 2.9999999999999991 7.9999999999999982 11.000000000000002 2.9999999999999991 5.0000000000000018 13.999999999999998 2.9999999999999991 64 3 7.9999999999999991 5 13.999999999999998 7.9999999999999991 3.9999999999999991 3.9999999999999991 3 2.9999999999999991 81 3 11.999999999999998 4
leaf_count=315 3 3 8 11 3 5 14 3 64 3 8 5 14 8 4 4 3 3 81 3 12 4
internal_value=-0.00120099 -0.0115791 -0.130119 -0.0626221 0.040401 0.15666 -0.00388812 -0.020992 -0.0018484 0.489387 0.0798769 -0.0932644 0.0276814 0.18809 -0.000422459 0.0540786 0.642943 -0.0154798 0.00558391 -0.381972 -0.00875519 -0.250754
internal_weight=581 465 40 37 116 32 84 81 78 6 26 10 25 16 425 92 7 333 85 6 327 12
internal_count=581 465 40 37 116 32 84 81 78 6 26 10 25 16 425 92 7 333 85 6 327 12
is_linear=0
shrinkage=0.05


Tree=324
num_leaves=9
num_cat=0
split_feature=1 2 0 3 3 3 0 2
split_gain=212.455 206.255 171 357.962 122.803 528.74 186.541 100.019
threshold=16960.850000000002 18179.120000000006 29386.195000000003 1.058193019856128 1.2305877188387628 1.2394422678917041 31859.145000000004 14379.405000000001
decision_type=2 2 2 2 2 2 2 2
left_child=-1 2 3 7 6 -6 -4 -2
right_child=1 -3 4 -5 5 -7 -8 -9
leaf_value=0.32593523919582368 -0.024387056495556059 -0.32114000558853151 0.0099885710302709887 -0.62188049157460534 0.52712466319402063 0.0099041810591838191 -0.13302121435602507 -0.26389455556869507
leaf_weight=4.9999999999999991 34 4.9999999999999991 457 2.9999999999999991 5.9999999999999991 28 24 4.9999999999999991
leaf_count=5 34 5 457 3 6 28 24 5
internal_value=0.0014498 -0.00143708 0.00143278 -0.095578 0.00934434 0.101178 0.00285295 -0.0550931
internal_weight=567 562 557 42 515 34 481 39
internal_count=567 562 557 42 515 34 481 39
is_linear=0
shrinkage=0.05


Tree=325
num_leaves=13
num_cat=0
split_feature=2 3 2 3 1 2 3 2 2 2 3 2
split_gain=206.82 154.072 844.646 244.267 314.947 316.921 155.847 151.385 118.824 200.615 107.925 97.5592
threshold=1804.3950000000002 1.0544751768589771 8903.1700000000019 1.0316030963644132 31775.930000000004 7473.1050000000005 1.0549729481239807 7659.0000000000009 6311.4700000000003 6101.2450000000017 1.0157568066383063 8168.8350000000009
decision_type=2 2 2 2 2 2 2 2 2 2 2 2
left_child=-1 3 6 8 5 -5 -3 -8 9 -2 -10 -6
right_child=1 2 -4 4 11 -7 7 -9 10 -11 -12 -13
leaf_value=0.331173210144043 -0.029622203111648562 0.3842866579691569 0.86955993076165528 -0.20185656785964967 -0.066749393381178371 -0.78780163129170733 0.026543096512847558 -0.28339213430881499 0.0018639224567608436 0.5112690130869546 -0.13232448419003048 0.24396423896153771
leaf_weight=4.9999999999999991 3.9999999999999991 2.9999999999999991 2.9999999999999991 9.9999999999999982 16.000000000000004 2.9999999999999991 262 3.9999999999999991 236 3 15.999999999999998 2.9999999999999991
leaf_count=5 4 3 3 10 16 3 262 4 236 3 16 3
internal_value=0.0110177 0.00817443 0.0352289 -0.0171136 -0.14744 -0.337075 0.0259241 0.0218824 -0.00101154 0.202188 -0.00665598 -0.0176893
internal_weight=568 563 272 291 32 13 269 266 259 7 252 19
internal_count=568 563 272 291 32 13 269 266 259 7 252 19
is_linear=0
shrinkage=0.05


Tree=326
num_leaves=20
num_cat=0
split_feature=3 0 2 1 4 0 0 3 0 2 1 4 0 4 4 2 0 7 0
split_gain=145.039 835.762 302.757 191.493 153.953 405.142 153.92 389.136 356.367 285.996 476.986 187.888 242.376 161.507 439.915 197.443 151.585 148.916 57.6097
threshold=1.0644972073154155 29408.765000000003 7659.0000000000009 33479.775000000009 35692.500000000007 30359.030000000002 30618.175000000007 1.0332137552344822 30636.620000000003 7473.1050000000005 31331.505000000001 31965.000000000004 30431.860000000004 33155.000000000007 33030.000000000007 7325.4100000000008 30484.650000000005 5.5000000000000009 29756.160000000003
decision_type=2 2 2 2 2 2 2 2 2 2 2 2 2 2 2 2 2 2 2
left_child=6 -2 4 -4 5 -3 7 11 -8 18 -11 12 -1 14 -10 -15 -13 -6 -9
right_child=1 2 3 -5 17 -7 8 9 13 10 -12 16 -14 15 -16 -17 -18 -19 -20
leaf_value=-0.071488475257700121 0.75883201360702524 0.45017225369811043 -0.038039092222849534 -0.60297734737396225 0.040978302530070045 0.026008145824859021 0.56902506947517395 -0.024638617464474263 0.054535089982183364 -0.98522424697875977 -0.093609372774759905 0.025811303017207056 -0.49460473433136942 -0.041004607390339787 -0.35517472162842739 0.097533955699021846 -0.18700643281141918 -0.080417775171648331 -0.23577593316634493
leaf_weight=22.000000000000004 3.9999999999999991 8.0000000000000018 2.9999999999999991 3 196 19 2.9999999999999991 7.0000000000000018 19 2.9999999999999991 3 119 3.9999999999999991 41 10.000000000000002 69 8.9999999999999982 29 6
leaf_count=22 4 8 3 3 196 19 3 7 19 3 3 119 4 41 10 69 9 29 6
internal_value=0.0141443 0.0416315 0.0305121 -0.320508 0.0388697 0.151686 -0.00871796 -0.0403833 0.0298602 -0.253875 -0.539417 -0.0140434 -0.136583 0.0182236 -0.0867442 0.0458969 0.0108476 0.0253317 -0.122087
internal_weight=577 262 258 6 252 27 315 173 142 19 6 154 26 139 29 110 128 225 13
internal_count=577 262 258 6 252 27 315 173 142 19 6 154 26 139 29 110 128 225 13
is_linear=0
shrinkage=0.05


Tree=327
num_leaves=12
num_cat=0
split_feature=2 4 2 2 3 4 2 2 1 1 4
split_gain=374.65 102.137 547.864 226.526 166.599 157.306 523.315 309.759 227.372 489.202 181.933
threshold=18532.700000000001 36349.500000000007 10647.320000000002 8650.5750000000025 0.99728986002033093 35692.500000000007 3940.3250000000003 4866.4500000000007 36110.165000000008 34370.405000000006 35987.500000000007
decision_type=2 2 2 2 2 2 2 2 2 2 2
left_child=1 5 3 4 -3 8 10 -8 9 -1 -7
right_child=-2 2 -4 -5 -6 6 7 -9 -10 -11 -12
leaf_value=0.00041794398411487541 0.55020484924316404 0.14320941875604065 0.6868294556935628 -0.42488642930984499 -0.0015780652805072505 0.42818055947621664 -0.3592808302905825 -0.096915912975867602 0.32598883867263795 -0.34057781100273132 0.021993156006176243
leaf_weight=240 2.9999999999999991 22 2.9999999999999991 2.9999999999999991 205 2.9999999999999991 18 30 4.9999999999999991 10.999999999999998 34
leaf_count=240 3 22 3 3 205 3 18 30 5 11 34
internal_value=-0.00709667 -0.0100094 0.0155061 0.00674976 0.0124542 -0.0274438 -0.0863791 -0.195303 -0.00787541 -0.0145261 0.0549273
internal_weight=577 574 233 230 227 341 85 48 256 251 37
internal_count=577 574 233 230 227 341 85 48 256 251 37
is_linear=0
shrinkage=0.05


Tree=328
num_leaves=13
num_cat=0
split_feature=1 4 2 1 6 5 4 6 1 1 1 6
split_gain=85.928 64.3989 381.966 802.483 237.906 79.9282 72.6999 191.388 274.061 67.7209 679.115 175.232
threshold=40405.490000000013 33030.000000000007 9968.5650000000005 29091.320000000003 82.500000000000014 20.500000000000004 33155.000000000007 83.500000000000014 29938.350000000002 38898.225000000006 38598.990000000005 77.500000000000014
decision_type=2 2 2 2 2 2 2 2 2 2 2 2
left_child=1 2 5 4 -4 -1 7 8 -3 10 -8 -11
right_child=-2 6 3 -5 -6 -7 9 -9 -10 11 -12 -13
leaf_value=-0.49408582051595051 -0.20516376554965976 -0.044641092568635951 -0.030039298896278654 0.8883389510214329 0.18613546596840025 -0.15267417579889295 0.0017128827457292741 0.12301121771335599 -0.64913681348164864 -0.07878438929716744 -0.65251441001892097 0.21307565669218698
leaf_weight=2.9999999999999991 4.9999999999999991 4.9999999999999982 35 2.9999999999999991 20 4 476 5 3 9.0000000000000018 3.9999999999999991 11.999999999999998
leaf_count=3 5 5 35 3 20 4 476 5 3 9 4 12
internal_value=0.00122456 0.00300684 0.0498984 0.092006 0.0485697 -0.298993 -0.00292303 -0.119658 -0.271327 0.000106034 -0.00373901 0.0879928
internal_weight=584 579 65 58 55 7 514 13 8 501 480 21
internal_count=584 579 65 58 55 7 514 13 8 501 480 21
is_linear=0
shrinkage=0.05


Tree=329
num_leaves=19
num_cat=0
split_feature=1 3 5 8 1 1 6 2 6 3 3 2 7 3 4 3 2 3
split_gain=96.0742 500.175 202.195 474.602 194.802 298.536 181.285 168.218 489.31 210.182 185.184 156.103 301.2 154.008 65.0235 50.919 42.0269 38.3491
threshold=32152.810000000001 1.0316030963644132 19.500000000000004 4.5000000000000009 31775.930000000004 31017.185000000005 86.500000000000014 7140.0200000000013 75.500000000000014 1.1001334791742179 1.0435736151199217 6422.5850000000009 2.5000000000000004 1.0662327356161481 37332.500000000007 1.0478937419592429 8452.465000000002 1.058193019856128
decision_type=2 2 2 2 2 2 2 2 2 2 2 2 2 2 2 2 2 2
left_child=1 4 3 16 5 6 -1 10 9 -9 -2 13 -13 -12 -7 -4 -3 -17
right_child=7 2 15 -5 -6 14 -8 8 -10 -11 11 12 -14 -15 -16 17 -18 -19
leaf_value=-0.026846246920563852 -0.29019963860511783 -0.28594977855682363 -0.2408031964302062 -0.82721790075302115 -0.30878541231155399 0.28546798933636058 0.091142646459719312 -0.24781269669532779 0.58720622062683103 0.21064308166503906 0.12470089469391565 -0.18747532765070604 0.42612105955680213 -0.003948405673685252 0.050058258976787333 0.052532233595848091 -0.038383090496063227 -0.14329704642295835
leaf_weight=197 4.9999999999999991 3 5.0000000000000009 4 4.9999999999999991 10.999999999999998 39 4.9999999999999982 4.9999999999999991 5 26 2.9999999999999982 6 221 3.9999999999999991 4.9999999999999982 4 5
leaf_count=197 5 3 5 4 5 11 39 5 5 5 26 3 6 221 4 5 4 5
internal_value=-0.000452825 -0.020978 -0.229927 -0.39275 0.000243384 0.00639934 -0.00734808 0.0205185 0.183346 -0.0185848 0.0111606 0.0170466 0.221589 0.00959363 0.222692 -0.110523 -0.144483 -0.0453824
internal_weight=558 282 26 11 256 251 236 276 15 10 261 256 9 247 15 15 7 10
internal_count=558 282 26 11 256 251 236 276 15 10 261 256 9 247 15 15 7 10
is_linear=0
shrinkage=0.05


Tree=330
num_leaves=13
num_cat=0
split_feature=0 0 7 1 0 0 4 0 0 1 1 7
split_gain=99.9977 252.942 297.541 159.512 104.945 239.923 79.1822 449.181 114.775 97.7993 83.3015 46.7942
threshold=32001.495000000003 31886.825000000001 2.5000000000000004 36110.165000000008 32101.795000000002 32174.495000000006 38215.000000000007 31536.125000000004 31859.145000000004 33109.115000000013 36528.460000000014 3.5000000000000004
decision_type=2 2 2 2 2 2 2 2 2 2 2 2
left_child=1 6 -3 -2 -5 -6 8 9 10 -8 -1 -7
right_child=3 2 -4 4 5 11 7 -9 -10 -11 -12 -13
leaf_value=0.017273514183358318 0.45200306773185678 -0.66826269626617441 0.035940460364023839 0.29266760945320103 -0.39775337725877713 0.20052572612961136 -0.27830940286318467 0.66479995114107915 -0.30086692372957868 0.082798776626586912 -0.038563559662837255 0.015807567536830904
leaf_weight=465 3.0000000000000027 2.9999999999999991 3 4.0000000000000027 3.0000000000000027 5.9999999999999991 2.9999999999999982 3 2.9999999999999991 5 78 7.9999999999999991
leaf_count=465 3 3 3 4 3 6 3 3 3 5 78 8
internal_value=0.0110071 0.00674622 -0.316161 0.11096 0.0622393 0.00802087 0.0102246 0.143042 0.00754876 -0.0526168 0.00925272 0.0949725
internal_weight=587 563 6 24 21 17 557 11 546 8 543 14
internal_count=587 563 6 24 21 17 557 11 546 8 543 14
is_linear=0
shrinkage=0.05


Tree=331
num_leaves=15
num_cat=0
split_feature=2 6 8 4 7 1 2 4 2 6 4 2 2 1
split_gain=156.887 95.4841 172.325 146.758 136.698 200.481 142.603 96.5842 277.532 346.283 186.557 549.872 322.883 32.8169
threshold=18407.930000000004 73.500000000000014 4.5000000000000009 33565.000000000007 2.5000000000000004 33810.205000000009 7140.0200000000013 36349.500000000007 8541.9000000000033 74.500000000000014 35692.500000000007 3940.3250000000003 4356.8350000000009 27795.300000000007
decision_type=2 2 2 2 2 2 2 2 2 2 2 2 2 2
left_child=1 2 4 -4 6 -6 -1 10 9 -9 12 -12 -3 -5
right_child=-2 7 3 13 5 -7 -8 8 -10 -11 11 -13 -14 -15
leaf_value=-0.025146784136692676 -0.37586899697780612 -0.3387495040893555 -0.025213290452957157 -0.23978960911432898 -0.27210149914026266 0.13149546086788175 0.36026798784732811 0.25690034111340843 -0.39514349400997162 0.0078173582745948815 0.050551714541183582 -0.21574885075291 0.0057895140128578024 -0.44896867990493772
leaf_weight=6.0000000000000018 2.9999999999999991 6.9999999999999991 4.9999999999999991 3 7.9999999999999982 5 4 14.999999999999998 3.9999999999999991 200 36 42 238 5
leaf_count=6 3 7 5 3 8 5 4 15 4 200 36 42 238 5
internal_value=-0.0152247 -0.0133529 -0.0922062 -0.237714 -0.00996276 -0.116872 0.129019 -0.00811537 0.0175178 0.0251952 -0.0254951 -0.0928409 -0.00405446 -0.370527
internal_weight=581 578 36 13 23 13 10 542 219 215 323 78 245 8
internal_count=581 578 36 13 23 13 10 542 219 215 323 78 245 8
is_linear=0
shrinkage=0.05


Tree=332
num_leaves=16
num_cat=0
split_feature=2 0 3 8 3 4 0 2 2 4 3 1 0 4 0
split_gain=171.522 102.458 263.086 212.965 91.5297 269.575 641.683 212.132 67.8134 62.8071 85.9853 65.9445 33.7339 17.9032 9.90327
threshold=18532.700000000001 29596.770000000004 1.058193019856128 4.5000000000000009 0.81230364281544654 32625.000000000004 31172.790000000005 10679.925000000001 18332.850000000002 35012.500000000007 0.86076202698116477 30579.380000000005 30648.165000000005 36349.500000000007 29408.765000000003
decision_type=2 2 2 2 2 2 2 2 2 2 2 2 2 2 2
left_child=1 2 9 13 8 6 -6 -7 12 10 -1 -11 -3 -4 -5
right_child=-2 4 3 14 5 7 -8 -9 -10 11 -12 -13 -14 -15 -16
leaf_value=-0.026038066998124124 -0.3791264851888021 -0.067149058887018609 -0.14653398593266809 -0.54567414124806712 0.054332105552448939 0.01678209885135766 0.75819087028503418 -0.096596650431013634 0.15680384039878847 -0.15977580699731003 0.14171362871473486 0.077295284159481531 -0.19867633084456127 0.026204721132914218 -0.41720061997572566
leaf_weight=25 2.9999999999999991 26 2.9999999999999982 3 17.000000000000004 400 3.9999999999999991 46 2.9999999999999991 10.999999999999998 10.999999999999998 3.9999999999999991 5.9999999999999991 3 3
leaf_count=25 3 26 3 3 17 400 4 46 3 11 11 4 6 3 3
internal_value=-0.00205839 -5.62578e-05 -0.0601598 -0.270801 0.00748662 0.0133315 0.1884 0.00508833 -0.0705006 -0.0105971 0.0252194 -0.0965568 -0.0918104 -0.0601646 -0.481437
internal_weight=568 565 63 12 502 467 21 446 35 51 36 15 32 6 6
internal_count=568 565 63 12 502 467 21 446 35 51 36 15 32 6 6
is_linear=0
shrinkage=0.05


Tree=333
num_leaves=11
num_cat=0
split_feature=2 1 3 2 0 3 3 0 0 3
split_gain=368.775 150.643 454.732 162.11 154.199 630.566 219.004 98.6593 420.101 289.381
threshold=18532.700000000001 37855.17500000001 1.2084574114048838 1804.3950000000002 31306.450000000004 1.2458442924015294 1.2423680512764912 31547.650000000005 31536.125000000004 1.1208058883715373
decision_type=2 2 2 2 2 2 2 2 2 2
left_child=1 3 -3 -1 5 -4 -6 8 -5 -9
right_child=-2 2 4 7 6 -7 -8 9 -10 -11
leaf_value=0.36897149085998537 0.55182215372721355 -0.69386172294616699 -0.81773695945739666 0.0041377978918373491 0.19897665917873375 0.032276697503402833 -0.13193422317504885 0.036016715295387039 0.59767859379450483 -0.18950693272054198
leaf_weight=2.9999999999999991 2.9999999999999991 2.9999999999999991 3.0000000000000027 476 10.000000000000002 7.9999999999999991 9.9999999999999982 33 2.9999999999999991 25
leaf_count=3 3 3 3 476 10 8 10 33 3 25
internal_value=-0.00109232 -0.00398212 -0.106063 0.00244522 -0.0491798 -0.199545 0.0335212 0.00039759 0.00785517 -0.0611918
internal_weight=577 574 34 540 31 11 20 537 479 58
internal_count=577 574 34 540 31 11 20 537 479 58
is_linear=0
shrinkage=0.05


Tree=334
num_leaves=22
num_cat=0
split_feature=6 0 0 3 2 0 6 0 2 1 7 2 1 1 1 0 0 0 1 4 3
split_gain=86.0085 318.976 409.642 209.483 577.831 523.364 129.407 217.576 521.175 217.596 184.706 174.055 351.181 223.21 96.68 409.666 507.49 412.723 166.634 480.327 260.086
threshold=74.500000000000014 31026.525000000005 30796.465000000004 1.0818691036941752 8452.465000000002 30393.590000000004 77.500000000000014 31618.515000000003 4497.3850000000011 37268.445000000007 3.5000000000000004 4689.3000000000002 37128.760000000002 34328.145000000011 37366.465000000004 32065.465000000004 31780.940000000006 32389.380000000001 36029.520000000011 35987.500000000007 1.1587804532921291
decision_type=2 2 2 2 2 2 2 2 2 2 2 2 2 2 2 2 2 2 2 2 2
left_child=1 2 3 5 -5 -1 7 11 9 -9 -10 13 -13 -2 18 16 -16 -17 20 -20 -8
right_child=6 -3 -4 4 -6 -7 14 8 10 -11 -12 12 -14 -15 15 17 -18 -19 19 -21 -22
leaf_value=-0.10273515429219296 -0.29266036748886076 0.48269476294517522 -0.54795391559600837 0.072027170371550778 0.80488900343577063 0.59098984599113469 -0.0041523705365381827 0.36457893848419198 -0.86978680292765276 -0.19873996526002879 -0.31495101451873775 -0.040979989868591894 -0.5219707906246186 0.17732373317703606 0.05792505566276937 -0.59049359560012826 0.54414356095450267 0.046179687125342234 0.24448650905064162 -0.22854080689342127 0.22411760154824992
leaf_weight=29 3.0000000000000027 3.9999999999999991 2.9999999999999991 26.000000000000004 2.9999999999999991 2.9999999999999991 311 2.9999999999999982 3 4 3 74 3.9999999999999991 15.999999999999998 23.000000000000004 3.9999999999999982 6.9999999999999991 7 7.0000000000000027 23 12.999999999999998
leaf_count=29 3 4 3 26 3 3 311 3 3 4 3 74 4 16 23 4 7 7 7 23 13
internal_value=-0.00326183 0.0495285 0.0224557 0.0505086 0.14784 -0.0376984 -0.0103702 -0.0583331 -0.250418 0.0426824 -0.592369 -0.0325897 -0.0656462 0.103116 0.00298651 0.0756723 0.171376 -0.185338 -0.0054319 -0.118168 0.00500661
internal_weight=573 68 64 61 29 32 505 110 13 7 6 97 78 19 395 41 30 11 354 30 324
internal_count=573 68 64 61 29 32 505 110 13 7 6 97 78 19 395 41 30 11 354 30 324
is_linear=0
shrinkage=0.05


Tree=335
num_leaves=10
num_cat=0
split_feature=2 2 3 3 2 3 3 2 2
split_gain=319.834 172.34 151.045 410.503 395.573 339.15 415.409 310.472 112.633
threshold=18532.700000000001 1804.3950000000002 1.187592086650729 1.1955500705760556 5302.4050000000007 1.1500765696821804 1.1496117951323483 6057.6200000000008 2972.7550000000006
decision_type=2 2 2 2 2 2 2 2 2
left_child=1 -1 5 7 -5 6 -3 -4 -7
right_child=-2 2 3 4 -6 8 -8 -9 -10
leaf_value=0.29042870521545411 0.51574722925821948 -0.0040995152977605668 0.14313152773039683 0.045375416952495778 -0.46815691590309144 -0.35974764823913574 0.58625022570292162 0.69533441960811604 -0.11038268740133693
leaf_weight=4.9999999999999991 2.9999999999999991 444 6.9999999999999982 60 3.9999999999999991 4.9999999999999991 2.9999999999999991 4 48
leaf_count=5 3 444 7 60 4 5 3 4 48
internal_value=0.000813035 -0.00185042 -0.00439198 0.0617754 0.0132796 -0.0143171 -0.000137436 0.343933 -0.133908
internal_weight=583 580 575 75 64 500 447 11 53
internal_count=583 580 575 75 64 500 447 11 53
is_linear=0
shrinkage=0.05


Tree=336
num_leaves=15
num_cat=0
split_feature=2 0 0 0 0 4 2 7 2 0 0 8 0 6
split_gain=141.898 515.745 81.1634 197.459 180.139 225.003 263.368 176.821 310.529 114.423 107.795 395.837 221.042 64.3204
threshold=2031.0550000000003 31927.960000000003 31927.960000000003 32174.495000000006 31843.890000000003 37162.000000000007 5197.0250000000005 1.0000000180025095e-35 3732.5650000000005 32101.795000000002 31530.555000000004 4.5000000000000009 31522.390000000003 79.500000000000014
decision_type=2 2 2 2 2 2 2 2 2 2 2 2 2 2
left_child=1 -1 4 9 10 -6 -7 -5 -9 13 12 -12 -2 -4
right_child=2 -3 3 7 5 6 -8 8 -10 -11 11 -13 -14 -15
leaf_value=0.13026942014694215 -0.019143132326164644 -0.73698366681734706 0.27313523739576323 0.26926520777245366 -0.59418614705403661 -0.39511745671431214 0.26741323471069328 0.088709568977355976 -0.50234506800770751 0.49345111101865768 -0.053450472014290956 0.25830591479316356 -0.44964181780815127 -0.010414522886276242
leaf_weight=3.9999999999999991 490 3 4.0000000000000018 2.9999999999999991 2.9999999999999982 3 3 4.9999999999999982 4 2.9999999999999991 28 15.999999999999998 2.9999999999999991 4
leaf_count=4 490 3 4 3 3 3 3 5 4 3 28 16 3 4
internal_value=-0.0176651 -0.24141 -0.0149126 0.0770956 -0.0187884 -0.24063 -0.0638521 -0.0631697 -0.173981 0.230112 -0.0150704 0.0599155 -0.0217628 0.13136
internal_weight=576 7 569 23 546 9 6 12 9 11 537 44 493 8
internal_count=576 7 569 23 546 9 6 12 9 11 537 44 493 8
is_linear=0
shrinkage=0.05


Tree=337
num_leaves=17
num_cat=0
split_feature=1 2 6 2 6 1 6 6 6 0 6 2 4 2 1 2
split_gain=83.0104 558.835 214.176 217.064 112.238 111.305 631.371 880.702 416.424 343.449 106.079 72.6264 740.359 174.932 143.107 115.198
threshold=37128.760000000002 4625.3050000000012 86.500000000000014 4449.7000000000007 75.500000000000014 35990.705000000009 74.500000000000014 77.500000000000014 83.500000000000014 31618.515000000003 83.500000000000014 3992.0100000000007 35987.500000000007 4053.3300000000004 35704.980000000003 3795.4650000000006
decision_type=2 2 2 2 2 2 2 2 2 2 2 2 2 2 2 2
left_child=5 2 3 10 -3 11 -7 9 -9 -8 -2 12 -1 -13 -15 -14
right_child=1 4 -4 -5 -6 6 7 8 -10 -11 -12 13 15 14 -16 -17
leaf_value=-0.70952123999595651 -0.023903553586985385 -0.29552266597747806 0.40404490108291313 0.32998046875000003 -0.72803030808766667 -0.51232695281505591 0.65322054492102732 -0.16547991256503494 0.27197998613119129 0.09639216363430024 -0.20884186757935419 0.30045236587524415 0.088507224097847947 0.0076371283811763656 -0.17503777037967336 -0.08341517746448518
leaf_weight=3.9999999999999991 56 2.9999999999999991 2.9999999999999991 3.9999999999999991 3 3.9999999999999991 8.9999999999999982 17.000000000000004 7.9999999999999991 3.9999999999999991 8.9999999999999982 4.9999999999999991 20 423 10.999999999999998 19
leaf_count=4 56 3 3 4 3 4 9 17 8 4 9 5 20 423 11 19
internal_value=-4.04123e-05 -0.0481638 -0.00952943 -0.0275109 -0.511776 0.007123 0.0851887 0.148085 -0.0254927 0.481889 -0.0495104 0.000320587 -0.0616937 0.00639488 0.00300712 0.00475016
internal_weight=602 78 72 69 6 524 42 38 25 13 65 482 43 439 434 39
internal_count=602 78 72 69 6 524 42 38 25 13 65 482 43 439 434 39
is_linear=0
shrinkage=0.05


Tree=338
num_leaves=20
num_cat=0
split_feature=7 1 4 6 3 5 1 6 1 3 0 0 4 7 1 6 0 0 0
split_gain=165.883 171.409 504.195 113.366 214.338 667.852 86.9975 740.049 442.398 262.4 180.07 227.44 358.775 188.388 124.861 80.8593 69.5414 119.211 25.0709
threshold=5.5000000000000009 33286.06500000001 37332.500000000007 73.500000000000014 0.84312933896232833 18.500000000000004 38598.990000000005 79.500000000000014 38714.475000000013 1.2423680512764912 32101.795000000002 31859.145000000004 36890.000000000007 1.5000000000000002 37325.745000000003 75.500000000000014 32389.380000000001 31614.030000000002 31683.300000000007
decision_type=2 2 2 2 2 2 2 2 2 2 2 2 2 2 2 2 2 2 2
left_child=6 3 -3 -2 5 -5 10 9 -9 -8 11 14 -13 -12 -1 -6 17 -4 -11
right_child=1 2 16 4 15 -7 7 8 -10 18 13 12 -14 -15 -16 -17 -18 -19 -20
leaf_value=0.0026298379816999326 0.27939856847127281 -0.78802398840586252 -0.048991786516629707 -0.86341493328412389 0.2789468526840207 -0.0019874950249989826 0.44331217892467945 -0.13331496715545654 -0.99199457963307669 0.015974560965384757 0.43155074879527089 0.13529285788536075 -0.47603696746130786 -0.069631234804789208 0.10992583468042572 0.005323596616034155 0.089809320867061615 -0.30492279699870517 -0.15678644975026446
leaf_weight=417 2.9999999999999991 3.0000000000000027 13.000000000000005 2.9999999999999991 3.0000000000000027 8.9999999999999982 4.0000000000000027 2.9999999999999991 3 6.9999999999999982 5 3.9999999999999982 6 3 29 27 3.9999999999999991 6.9999999999999991 3
leaf_count=417 3 3 13 3 3 9 4 3 3 7 5 4 6 3 29 27 4 7 3
internal_value=-0.00649004 -0.0772993 -0.176896 -0.0175413 -0.0387513 -0.217344 0.00404356 -0.0980609 -0.562655 0.101051 0.00844461 0.00431895 -0.231505 0.243608 0.00960648 0.0326859 -0.100505 -0.138568 -0.0358537
internal_weight=556 72 27 45 42 12 484 20 6 14 464 456 10 8 446 30 24 20 10
internal_count=556 72 27 45 42 12 484 20 6 14 464 456 10 8 446 30 24 20 10
is_linear=0
shrinkage=0.05


Tree=339
num_leaves=16
num_cat=0
split_feature=4 0 1 2 3 3 6 0 1 3 0 3 0 1 0
split_gain=140.086 67.3129 229.119 60.3964 327.294 621.908 723.617 206.407 144.428 363.778 257.299 143.088 614.444 435.329 3.65852
threshold=38215.000000000007 31886.825000000001 35278.660000000011 3862.1250000000005 1.1885024806116615 1.1984617718924895 77.500000000000014 29703.035000000003 38714.475000000013 1.2175773255298903 32028.415000000005 1.1500765696821804 30105.155000000002 34660.280000000006 30839.915000000005
decision_type=2 2 2 2 2 2 2 2 2 2 2 2 2 2 2
left_child=3 2 14 7 11 -6 -7 -1 9 -9 -10 13 -13 -5 -2
right_child=1 -3 -4 4 5 6 -8 8 10 -11 -12 12 -14 -15 -16
leaf_value=-0.43545120159784956 -0.23379075527191173 -0.36792827347914381 0.26232790350913993 0.0028256069420463589 0.78071627020835876 -0.19565732618793849 0.71491670211156189 -0.026582774262536659 -0.29535168260335914 0.30125863611698156 0.046633552963083441 0.517983290553093 -0.13055490255355837 0.18489409941766 -0.31187751293182364
leaf_weight=2.9999999999999991 2.9999999999999982 2.9999999999999991 3 373 3.9999999999999991 7.9999999999999982 3 55 11.000000000000002 9.9999999999999982 10.999999999999998 3.9999999999999991 42 36 3
leaf_count=3 3 3 3 373 4 8 3 55 11 10 11 4 42 36 3
internal_value=0.00621608 -0.162817 -0.0944468 0.00983822 0.0170237 0.246824 0.052681 -0.0276858 -0.0136249 0.0238544 -0.124359 0.00944784 -0.0741603 0.0188512 -0.272834
internal_weight=572 12 9 560 470 15 11 90 87 65 22 455 46 409 6
internal_count=572 12 9 560 470 15 11 90 87 65 22 455 46 409 6
is_linear=0
shrinkage=0.05


Tree=340
num_leaves=16
num_cat=0
split_feature=1 2 2 7 3 3 2 3 6 3 0 1 2 6 7
split_gain=69.2959 502.415 450.35 588.578 234.53 424.253 365.432 234.173 258.385 172.135 154.595 436.083 279.25 142.689 81.8204
threshold=33631.93 7059.9650000000011 6057.6200000000008 5.5000000000000009 1.1074259006034406 1.0797786169374841 8452.465000000002 1.0899185321176061 78.500000000000014 1.187592086650729 30303.150000000005 30935.880000000005 18532.700000000001 79.500000000000014 2.5000000000000004
decision_type=2 2 2 2 2 2 2 2 2 2 2 2 2 2 2
left_child=4 2 7 -4 5 10 14 8 -2 -3 11 -1 -12 -9 -7
right_child=1 9 3 -5 -6 6 -8 13 -10 -11 12 -13 -14 -15 -16
leaf_value=7.0329052151033746e-05 -0.46355863014856979 -0.73758223851521809 0.69445734500885004 -0.19141521255175267 -0.42322608629862474 0.29662966628869358 0.76515205701192224 0.036159437301463072 0.055238840728998179 -0.20196029742558791 0.028478362271091857 -0.27867888109758499 0.5145177205403646 -0.046343402786735904 0.052374182699713862
leaf_weight=114 5.9999999999999982 2.9999999999999991 5 3 2.9999999999999991 6.0000000000000027 2.9999999999999991 97 4 3 198 15.999999999999998 2.9999999999999991 114 7.9999999999999991
leaf_count=114 6 3 5 3 3 6 3 97 4 3 198 16 3 114 8
internal_value=0.00289984 -0.0181135 -0.00627964 0.362255 0.0169686 0.0207634 0.264366 -0.0196203 -0.25604 -0.469771 0.00825204 -0.0342373 0.0357327 -0.00841556 0.157055
internal_weight=586 235 229 8 351 348 17 221 10 6 331 130 201 211 14
internal_count=586 235 229 8 351 348 17 221 10 6 331 130 201 211 14
is_linear=0
shrinkage=0.05


Tree=341
num_leaves=14
num_cat=0
split_feature=6 4 1 0 2 0 2 3 1 1 1 1 2
split_gain=142.914 526.377 399.976 324.946 177.265 77.7796 72.0044 243.069 304.925 109.9 497.488 289.335 41.7743
threshold=73.500000000000014 37657.000000000007 24041.415000000005 29557.145000000004 18532.700000000001 30525.060000000001 12503.770000000002 0.89487562035980306 26234.060000000001 34851.185000000005 35008.710000000006 34350.515000000007 12246.790000000003
decision_type=2 2 2 2 2 2 2 2 2 2 2 2 2
left_child=1 2 -1 12 6 -5 9 8 -8 11 -11 -2 -4
right_child=4 -3 3 5 -6 -7 7 -9 -10 10 -12 -13 -14
leaf_value=0.49860450029373127 -0.00941056798549713 0.64375892803072932 -0.19515218308993743 0.15423536415283498 -0.38401740392049155 -0.12820744613806409 0.056692475649712526 0.43089129924774172 -0.46290886402130127 0.47498230934143071 0.011183912845902474 -0.2016733210001673 -0.41815735101699825
leaf_weight=4.0000000000000027 287 3.9999999999999991 7.0000000000000018 12.999999999999998 2.9999999999999991 2.9999999999999991 48 3.9999999999999991 2.9999999999999991 5.9999999999999991 159 21 3
leaf_count=4 287 4 7 13 3 3 48 4 3 6 159 21 3
internal_value=0.00560273 0.104981 0.0331439 -0.0384654 -0.000760474 0.101277 0.00141712 0.055565 0.0261277 -0.00487915 0.0280493 -0.0225194 -0.262054
internal_weight=565 34 30 26 531 16 528 55 51 473 165 308 10
internal_count=565 34 30 26 531 16 528 55 51 473 165 308 10
is_linear=0
shrinkage=0.05


Tree=342
num_leaves=15
num_cat=0
split_feature=1 4 2 2 4 4 0 1 1 2 2 2 7 2
split_gain=249.753 532.67 504.933 250.07 364.884 297.253 379.696 321.207 257.755 211.532 204.165 135.694 246.973 141.283
threshold=33631.93 37657.000000000007 7059.9650000000011 4206.545000000001 35987.500000000007 35987.500000000007 31626.660000000003 37855.17500000001 34660.280000000006 18532.700000000001 3967.5600000000009 6234.6400000000003 5.5000000000000009 6715.1550000000007
decision_type=2 2 2 2 2 2 2 2 2 2 2 2 2 2
left_child=1 9 3 4 10 6 -5 -7 -6 11 -2 12 -1 -13
right_child=2 -3 -4 5 8 7 -8 -9 -10 -11 -12 13 -14 -15
leaf_value=0.12350653488779578 0.081817591190338115 0.52581913590431217 -0.55087952494621273 -0.37556236584981278 0.1765234684944153 -0.024889298460700298 -0.0026949390769004824 -0.48443635702133181 -0.047001625273538676 -0.41206353505452475 0.58699725046753881 -0.15773954693161485 -0.34646175702412929 0.0051042276530409315
leaf_weight=41 4 4.9999999999999991 4.9999999999999991 18.000000000000004 14.999999999999998 77 10.999999999999998 3.9999999999999991 92 2.9999999999999991 4 13.999999999999998 2.9999999999999991 274
leaf_count=41 4 5 5 18 15 77 11 4 92 3 4 14 3 274
internal_value=-0.0136701 0.0135514 -0.0539105 -0.0428668 0.00868662 -0.0967635 -0.23413 -0.047583 -0.0156663 0.00590566 0.334407 0.00968249 0.0914632 -0.00281179
internal_weight=570 340 230 225 115 110 29 81 107 335 8 332 44 288
internal_count=570 340 230 225 115 110 29 81 107 335 8 332 44 288
is_linear=0
shrinkage=0.05


Tree=343
num_leaves=10
num_cat=0
split_feature=2 3 3 3 3 0 0 0 1
split_gain=170.956 147.113 460.381 177.753 159.551 104.458 232.108 76.3125 66.3695
threshold=1804.3950000000002 1.2305877188387628 1.2394422678917041 1.2337958699915343 1.2166583009160299 32174.495000000006 32101.795000000002 32028.415000000005 39813.17500000001
decision_type=2 2 2 2 2 2 2 2 2
left_child=-1 4 3 -3 5 6 -2 8 -4
right_child=1 2 7 -5 -6 -7 -8 -9 -10
leaf_value=0.30715716123580933 0.0091177784394077619 0.25757147669792174 0.013439862254179182 0.76671171983083075 -0.27409713745117187 -0.24480545446276666 0.45021109801406667 0.19450151681900027 -0.24057959392666817
leaf_weight=4.9999999999999991 509 3.9999999999999991 18.000000000000007 3 4.9999999999999991 3.9999999999999991 2.9999999999999991 4.9999999999999991 2.9999999999999991
leaf_count=5 509 4 18 3 5 4 3 5 3
internal_value=0.0161016 0.0134747 0.115852 0.475774 0.00699016 0.00971388 0.0117023 0.0189495 -0.0228486
internal_weight=559 554 33 7 521 516 512 26 21
internal_count=559 554 33 7 521 516 512 26 21
is_linear=0
shrinkage=0.05


Tree=344
num_leaves=19
num_cat=0
split_feature=3 2 3 0 0 4 0 3 8 0 3 3 2 2 6 2 0 0
split_gain=62.7947 806.854 279.742 233.545 211.465 366.572 202.526 120.413 116.889 225.599 327.989 276.301 171.984 446.089 97.8757 88.1399 73.3686 41.5026
threshold=0.98672376540904116 10002.670000000002 1.0157568066383063 31494.620000000006 29386.195000000003 33317.500000000007 31618.515000000003 0.96707540398745073 4.5000000000000009 31167.250000000004 0.95973312857638216 0.83356629570188001 14625.095000000001 14207.435000000003 73.500000000000014 6963.7600000000011 31261.905000000002 31754.040000000005
decision_type=2 2 2 2 2 2 2 2 2 2 2 2 2 2 2 2 2 2
left_child=6 2 3 16 15 -6 8 -8 9 11 -11 -1 13 -10 -14 -4 -2 -5
right_child=1 -3 4 17 5 -7 7 -9 12 10 -12 -13 14 -15 -16 -17 -18 -19
leaf_value=0.025203802246535414 0.13762752458985358 0.83868273099263524 -0.47277711033821107 0.32088541984558105 0.32456243634223941 0.0011259273576371849 -0.10826392412185669 -0.50895140568415309 0.032901247896646196 -0.06202661244897173 0.42701170047124226 -0.14765178453922273 -0.39727379480997721 0.57192321717739103 -0.06238682493567467 -0.11425604037940501 -0.13484644889831543 0.58388908704121889
leaf_weight=43 14.000000000000005 2.9999999999999991 2.9999999999999991 2.9999999999999991 8.9999999999999982 329 5 3 95 7.9999999999999982 6 50 2.9999999999999991 3.9999999999999991 7.9999999999999991 4 2.9999999999999991 3
leaf_count=43 14 3 3 3 9 329 5 3 95 8 6 50 3 4 8 4 3 3
internal_value=0.00937921 0.0220182 0.0153606 0.184199 0.00410474 0.00973814 -0.0114611 -0.258522 -0.00235287 -0.0395605 0.147561 -0.0677293 0.03384 0.0546799 -0.15372 -0.267908 0.0895439 0.452387
internal_weight=596 371 368 23 345 338 225 8 217 107 14 93 110 99 11 7 17 6
internal_count=596 371 368 23 345 338 225 8 217 107 14 93 110 99 11 7 17 6
is_linear=0
shrinkage=0.05


Tree=345
num_leaves=11
num_cat=0
split_feature=2 4 3 2 1 2 2 3 2 1
split_gain=134.212 50.9613 836.95 642.678 633.109 568.062 552.225 206.077 259.858 49.3653
threshold=18532.700000000001 35865.000000000007 1.1623153717739958 3967.5600000000009 37237.020000000011 4158.9450000000006 10647.320000000002 0.99226735985654446 7898.4650000000011 29604.780000000002
decision_type=2 2 2 2 2 2 2 2 2 2
left_child=1 2 3 -1 -4 -5 7 9 -9 -3
right_child=-2 6 4 5 -6 -7 -8 8 -10 -11
leaf_value=-0.63819015026092529 -0.34592940012613932 -0.0070224096377690592 1.0938036918640137 0.68450567324956257 0.13292669653892517 -0.0075911616229198189 0.64998100598653163 -0.0358535320845082 -0.34452245427029476 0.1611506571993232
leaf_weight=3.9999999999999991 2.9999999999999991 6.0000000000000027 2.9999999999999991 2.9999999999999991 4 253 2.9999999999999991 263 6.9999999999999991 15.999999999999998
leaf_count=4 3 6 3 3 4 253 3 263 7 16
internal_value=-0.0123883 -0.0106078 0.00521839 -0.00930695 0.544731 0.000519348 -0.0249319 -0.031866 -0.0438561 0.115285
internal_weight=565 562 267 260 7 256 295 292 270 22
internal_count=565 562 267 260 7 256 295 292 270 22
is_linear=0
shrinkage=0.05


Tree=346
num_leaves=10
num_cat=0
split_feature=2 2 8 2 7 0 0 0 0
split_gain=488.492 132.21 105.893 273.359 374.74 362.04 209.067 618.459 420.061
threshold=1804.3950000000002 18532.700000000001 4.5000000000000009 9361.5750000000025 2.5000000000000004 31522.390000000003 31522.390000000003 31280.085000000003 31712.170000000002
decision_type=2 2 2 2 2 2 2 2 2
left_child=-1 2 3 5 -5 -2 7 -4 -8
right_child=1 -3 6 4 -6 -7 8 -9 -10
leaf_value=0.55690810382366185 0.035618894037663412 -0.32863295873006187 0.039506534426885696 -0.44395141942160471 -0.06074461764397307 -0.12752136213704943 0.36811864926264837 -0.26981992671887078 0.024190791042721167
leaf_weight=3.9999999999999991 227 2.9999999999999991 158 6.9999999999999991 72 40 12.999999999999998 18 28
leaf_count=4 227 3 158 7 72 40 13 18 28
internal_value=0.00630395 0.00241276 0.00417677 -0.0129961 -0.0946997 0.0111784 0.0315583 0.00787087 0.133241
internal_weight=570 566 563 346 79 267 217 176 41
internal_count=570 566 563 346 79 267 217 176 41
is_linear=0
shrinkage=0.05


Tree=347
num_leaves=20
num_cat=0
split_feature=0 0 1 6 3 0 7 0 7 3 0 2 1 0 2 7 1 2 0
split_gain=88.305 227.881 218.688 302.546 264.267 214.452 214.069 154.615 130.021 429.244 289.673 310.674 264.991 270.761 209.306 121.113 194.75 77.9347 22.6901
threshold=31859.145000000004 31949.185000000001 38598.990000000005 79.500000000000014 1.2479847952484593 32317.205000000005 1.0000000180025095e-35 31912.580000000005 1.0000000180025095e-35 1.1779177146453097 31780.940000000006 4834.170000000001 35917.480000000003 31578.590000000004 4737.3700000000008 1.5000000000000002 36204.250000000007 2595.7850000000003 31836.315000000006
decision_type=2 2 2 2 2 2 2 2 2 2 2 2 2 2 2 2 2 2 2
left_child=8 7 3 6 5 -4 -3 -2 9 12 15 -12 14 -14 -1 16 -10 -17 -13
right_child=1 2 4 -5 -6 -7 -8 -9 10 -11 11 18 13 -15 -16 17 -18 -19 -20
leaf_value=-0.18979287171050122 -0.15187368780374522 0.24519143849611266 -0.69080087343851748 0.57533193826675422 0.1003053319454193 -0.092955229679743429 -0.2720963269472122 -0.60591431458791079 0.09614717957743428 0.51745694080988569 0.61168242692947405 -0.054425660769144679 -0.16117172752107897 -0.72891680399576808 0.011755773510667497 0.092388041185982095 -0.14307924151420592 -0.017074018217284572 0.14003983338673906
leaf_weight=19 5.0000000000000018 4.0000000000000018 2.9999999999999982 2.9999999999999991 5 3 4 3 57 2.9999999999999991 3.9999999999999982 3 6.9999999999999982 3 40 17 9.9999999999999982 374 3
leaf_count=19 5 4 3 3 5 3 4 3 57 3 4 3 7 3 40 17 10 374 3
internal_value=-0.0101207 -0.0936159 -0.0105166 0.147125 -0.168158 -0.391878 -0.0134524 -0.322139 -0.0054821 -0.0680335 0.0041412 0.270357 -0.0934897 -0.331495 -0.0531497 -0.00167137 0.0604417 -0.0123148 0.0428071
internal_weight=570 30 22 11 11 6 8 8 540 72 468 10 69 10 59 458 67 391 6
internal_count=570 30 22 11 11 6 8 8 540 72 468 10 69 10 59 458 67 391 6
is_linear=0
shrinkage=0.05


Tree=348
num_leaves=14
num_cat=0
split_feature=2 3 0 6 3 2 3 2 2 2 2 0 1
split_gain=111.525 55.6805 854.277 170.858 175.705 297.732 164.275 205.488 199.939 161.174 130.512 87.3196 35.8522
threshold=18532.700000000001 1.0544751768589771 29361.380000000005 73.500000000000014 1.0316030963644132 7843.0250000000005 1.0662327356161481 7659.0000000000009 6007.3550000000005 14510.365000000002 15329.615000000002 31812.365000000002 29642.825000000001
decision_type=2 2 2 2 2 2 2 2 2 2 2 2 2
left_child=1 3 -3 9 11 -6 8 -8 -4 12 -11 -5 -1
right_child=-2 2 6 4 5 -7 7 -9 -10 10 -12 -13 -14
leaf_value=-0.38968358039855966 -0.31134761174519859 0.84950100183486943 0.4129796123504636 0.0063888195006411592 -0.17493723016232252 0.34917487502098088 -0.0026844091260858089 -0.29879806240399681 0.047886796519160273 0.24863055547078453 -0.21775899728139236 -0.20471689462661746 -0.17798739721377688
leaf_weight=5.9999999999999982 2.9999999999999991 2.9999999999999991 5.0000000000000027 241 28.000000000000004 2.9999999999999991 249 5.9999999999999991 14.999999999999998 2.9999999999999991 3 4.9999999999999991 3
leaf_count=6 3 3 5 241 28 3 249 6 15 3 3 5 3
internal_value=-0.00729074 -0.00569044 0.0103255 -0.0209385 -0.0120383 -0.124217 0.00117089 -0.00965179 0.13916 -0.185297 0.0154358 0.00209805 -0.319118
internal_weight=573 570 278 292 277 31 275 255 20 15 6 246 9
internal_count=573 570 278 292 277 31 275 255 20 15 6 246 9
is_linear=0
shrinkage=0.05


Tree=349
num_leaves=13
num_cat=0
split_feature=0 0 0 8 3 0 0 0 0 1 1 1
split_gain=94.2838 205.097 177.347 144.393 183.207 71.8801 334.571 184.061 559.775 116.747 97.8483 20.893
threshold=32065.465000000004 32120.640000000003 32001.495000000003 4.5000000000000009 1.2479847952484593 31188.350000000002 31172.790000000005 31306.450000000004 31291.855000000003 38598.990000000005 31331.505000000001 37483.625000000007
decision_type=2 2 2 2 2 2 2 2 2 2 2 2
left_child=2 -2 5 11 -5 6 10 8 -7 -9 -1 -3
right_child=1 3 -4 4 -6 7 -8 9 -10 -11 -12 -13
leaf_value=-0.015313920976822611 -0.49088931282361292 0.22968356311321272 0.33349387720227242 -0.42506271041929716 0.028928093314170834 -0.047826890570336372 0.53699545860290532 -0.017988956077689574 -0.62066542148590098 0.13515697036470686 0.035649768021348081 0.055130116268992418
leaf_weight=216 3.0000000000000027 2.9999999999999973 3.9999999999999991 4 5 29 2.9999999999999991 112 4.9999999999999991 13.999999999999998 167 4
leaf_count=216 3 3 4 4 5 29 3 112 5 14 167 4
internal_value=-0.00200512 -0.111511 0.00177781 -0.0403775 -0.172846 -0.000652347 0.0110277 -0.0288305 -0.132068 -0.000972742 0.00690784 0.129939
internal_weight=569 19 550 16 9 546 386 160 34 126 383 7
internal_count=569 19 550 16 9 546 386 160 34 126 383 7
is_linear=0
shrinkage=0.05


Tree=350
num_leaves=12
num_cat=0
split_feature=1 3 3 1 1 5 3 5 2 2 0
split_gain=75.2667 159.318 409.153 312.446 324.968 517.696 139.08 115.274 104.701 73.8478 70.5463
threshold=40405.490000000013 1.2305877188387628 1.2394422678917041 37855.17500000001 38714.475000000013 19.500000000000004 1.2337958699915343 19.500000000000004 1804.3950000000002 3967.5600000000009 31683.300000000007
decision_type=2 2 2 2 2 2 2 2 2 2 2
left_child=1 3 6 8 5 -5 -3 10 -1 -10 -4
right_child=-2 2 7 4 -6 -7 -8 -9 9 -11 -12
leaf_value=0.29588119188944501 -0.19246815115213395 0.25613884329795816 0.010966732899347936 -0.97801113128662154 0.068246191740036002 -0.049126633008321118 0.70650046666463195 0.2565336048603058 -0.05057935983022617 0.0068786989783964905 -0.22535755336284638
leaf_weight=2.9999999999999991 4.9999999999999991 4.0000000000000027 15.000000000000005 2.9999999999999982 4 3 3 3.9999999999999991 64 443 3.9999999999999991
leaf_count=3 5 4 15 3 4 3 3 4 64 443 4
internal_value=0.000649227 0.00240484 0.114442 -0.00405885 -0.280843 -0.513569 0.449151 0.0125741 0.00136829 -0.000374389 -0.0387857
internal_weight=555 550 30 520 10 6 7 23 510 507 19
internal_count=555 550 30 520 10 6 7 23 510 507 19
is_linear=0
shrinkage=0.05


Tree=351
num_leaves=21
num_cat=0
split_feature=0 0 7 6 4 0 8 4 6 4 6 2 6 2 3 3 7 2 7 2
split_gain=59.7536 260.442 377.286 204.78 388.624 744.852 159.324 140.106 363.502 149.047 349.335 1023.46 133.778 134.436 121.258 330.192 315.248 120.928 56.496 30.4994
threshold=30502.150000000005 30431.860000000004 5.5000000000000009 73.500000000000014 37657.000000000007 30135.455000000005 4.5000000000000009 30430.000000000004 77.500000000000014 33155.000000000007 77.500000000000014 10647.320000000002 73.500000000000014 12838.975000000002 1.1370363341123151 1.0332137552344822 3.5000000000000004 17927.310000000001 2.5000000000000004 8168.8350000000009
decision_type=2 2 2 2 2 2 2 2 2 2 2 2 2 2 2 2 2 2 2 2
left_child=1 3 6 4 5 -1 18 8 -2 10 -9 -12 19 -14 15 -5 -16 -10 -3 -11
right_child=7 2 -4 14 -6 -7 -8 9 17 12 11 -13 13 -15 16 -17 -18 -19 -20 -21
leaf_value=-0.041717567086219785 0.65977647503217085 -0.31721603274345378 -0.63108900189399719 -0.00087411442685774289 0.57448292225599296 0.79206594626108817 0.24379101991653443 -0.48251647472381559 0.18192182108759877 -0.32776153087615967 -0.17170297419652339 0.83467439313729619 0.030536789320026389 -0.13385337957969079 0.013634654954792214 -0.17644808491425856 0.55494672457377126 -0.23802189826965325 -0.074625762800375611 -0.10230108182877301
leaf_weight=25.000000000000004 2.9999999999999982 4.0000000000000018 3.9999999999999991 114 3.9999999999999991 2.9999999999999991 2.9999999999999991 5.0000000000000027 4 2.9999999999999991 16.000000000000004 2.9999999999999991 287 12.999999999999998 26.000000000000004 35 2.9999999999999991 3 6 3
leaf_count=25 3 4 4 114 4 3 3 5 4 3 16 3 287 13 26 35 3 3 6 3
internal_value=0.00165171 -0.0182132 -0.206447 -0.00297524 0.113475 0.0476164 -0.0757881 0.0149145 0.199295 0.00932718 -0.110659 -0.0128013 0.0187378 0.0234132 -0.0239101 -0.0421163 0.0696325 0.00194594 -0.171662 -0.215031
internal_weight=567 227 17 210 32 28 13 340 10 330 24 19 306 300 178 149 29 7 10 6
internal_count=567 227 17 210 32 28 13 340 10 330 24 19 306 300 178 149 29 7 10 6
is_linear=0
shrinkage=0.05


Tree=352
num_leaves=9
num_cat=0
split_feature=2 2 4 1 6 0 3 2
split_gain=389.504 109.597 74.9273 515.436 770.582 494.665 215.559 173.792
threshold=1804.3950000000002 18532.700000000001 35865.000000000007 32152.810000000001 86.500000000000014 29354.435000000005 1.0332137552344822 9105.840000000002
decision_type=2 2 2 2 2 2 2 2
left_child=-1 2 3 6 -5 -4 -2 -7
right_child=1 -3 5 4 -6 7 -8 -9
leaf_value=0.50073103904724126 0.0051769446146957571 -0.29582201639811195 0.62837471167246506 0.23592693249215482 -0.59354281822840382 -0.011841803722169133 -0.244637841400173 -0.30921572921797635
leaf_weight=3.9999999999999991 213 2.9999999999999991 2.9999999999999991 42 2.9999999999999991 283 8.9999999999999982 4.9999999999999991
leaf_count=4 213 3 3 42 3 283 9 5
internal_value=0.00908411 0.00557861 0.00719904 0.0263268 0.180629 -0.0103512 -0.00495068 -0.0170045
internal_weight=565 561 558 267 45 291 222 288
internal_count=565 561 558 267 45 291 222 288
is_linear=0
shrinkage=0.05


Tree=353
num_leaves=10
num_cat=0
split_feature=1 1 7 0 0 0 0 8 1
split_gain=497.803 157.606 140.434 185.642 240.404 174.104 259.567 175.994 58.8915
threshold=16960.850000000002 40059.10500000001 1.0000000180025095e-35 30033.960000000003 31347.380000000005 31859.145000000004 31812.365000000002 4.5000000000000009 33042.395000000011
decision_type=2 2 2 2 2 2 2 2 2
left_child=-1 2 3 8 -5 6 -4 -7 -2
right_child=1 -3 5 4 -6 7 -8 -9 -10
leaf_value=0.6435925761858623 0.053260586038231861 0.27725498676300048 0.0075613782304250719 -0.17594676219043323 0.015076370058315143 -0.28685161754488941 0.36979918718338012 0.027785350847989318 0.31302932103474929
leaf_weight=2.9999999999999991 7.9999999999999982 4.9999999999999991 453 40 28 10 4.9999999999999991 8 3
leaf_count=3 8 5 453 40 28 10 5 8 3
internal_value=0.00123368 -0.00220753 -0.00472521 -0.0664628 -0.0972902 0.00552115 0.0115159 -0.147013 0.124107
internal_weight=563 560 555 79 68 476 458 18 11
internal_count=563 560 555 79 68 476 458 18 11
is_linear=0
shrinkage=0.05


Tree=354
num_leaves=15
num_cat=0
split_feature=0 3 2 4 4 3 4 3 2 2 3 0 6 6
split_gain=102.46 604.093 97.5641 97.72 305.102 292.497 259.276 200.351 158.903 65.8816 162.462 34.1209 42.4325 8.79352
threshold=29248.520000000004 1.058193019856128 18532.700000000001 35397.500000000007 35987.500000000007 1.1623153717739958 35134.500000000007 1.0889162488261652 9105.840000000002 13915.825000000003 0.79138261628876594 28738.675000000003 73.500000000000014 85.500000000000014
decision_type=2 2 2 2 2 2 2 2 2 2 2 2 2 2
left_child=1 9 3 5 7 6 -2 -5 -6 11 -11 13 -13 -1
right_child=2 -3 -4 4 8 -7 -8 -9 -10 10 -12 12 -14 -15
leaf_value=-0.1795021653175351 -0.019660325478042029 0.74900875290234881 -0.30261004765828453 -0.061983104288810868 -0.0096735616078827118 0.4332234263420105 0.14919335842132569 -0.27931230946591029 -0.29413301229476929 -0.046795976459980008 0.41862486799557996 -0.16547147333621981 0.044767660895983385 -0.066259556015332524
leaf_weight=4.0000000000000062 181 2.9999999999999991 2.9999999999999991 24 271 3.9999999999999991 26 19 4.9999999999999991 5 3 2.9999999999999991 11.999999999999998 3
leaf_count=4 181 3 3 24 271 4 26 19 5 5 3 3 12 3
internal_value=-0.0129827 0.0725131 -0.0182761 -0.0166667 -0.0341277 0.00973176 0.00154835 -0.158012 -0.0148268 0.0048635 0.127737 -0.0398177 0.00271983 -0.13097
internal_weight=566 33 533 530 319 211 207 43 276 30 8 22 15 7
internal_count=566 33 533 530 319 211 207 43 276 30 8 22 15 7
is_linear=0
shrinkage=0.05


Tree=355
num_leaves=15
num_cat=0
split_feature=2 6 8 0 1 2 4 2 1 1 7 4 0 0
split_gain=421.607 126.2 263.659 254.091 127.752 361.981 218.108 277.663 158.582 128.892 110.394 71.9037 33.6078 24.6323
threshold=18532.700000000001 73.500000000000014 4.5000000000000009 29557.145000000004 35504.880000000005 6057.6200000000008 37657.000000000007 6057.6200000000008 33631.93 35663.375000000007 1.5000000000000002 35692.500000000007 29721.990000000002 29445.425000000003
decision_type=2 2 2 2 2 2 2 2 2 2 2 2 2 2
left_child=1 2 3 13 6 9 8 -8 -3 -6 -4 -5 -12 -1
right_child=-2 4 10 11 5 -7 7 -9 -10 -11 12 -13 -14 -15
leaf_value=-0.32405166625976545 0.57770681381225586 -0.003397195828708453 -0.10179543821141127 0.26894790172576905 0.19781809515423246 0.44903323173522952 0.042156229913234727 -0.51674484610557547 -0.08449859364827475 0.0015753876042215766 -0.30456509590148917 0.032463042272461787 -0.52595026493072505 -0.14857997596263883
leaf_weight=4.0000000000000018 2.9999999999999991 307 3.9999999999999982 4.9999999999999991 8.9999999999999982 4.9999999999999991 3.9999999999999982 5 75 119 3 8.9999999999999982 4 4
leaf_count=4 3 307 4 5 9 5 4 5 75 119 3 9 4 4
internal_value=-0.0134422 -0.0166261 -0.111464 -0.0115282 -0.0106535 0.0316767 -0.0250523 -0.268344 -0.0193202 0.0153737 -0.311334 0.116922 -0.431071 -0.236316
internal_weight=560 557 33 22 524 133 391 9 382 128 11 14 7 8
internal_count=560 557 33 22 524 133 391 9 382 128 11 14 7 8
is_linear=0
shrinkage=0.05


Tree=356
num_leaves=12
num_cat=0
split_feature=2 0 0 1 6 2 6 8 0 1 0
split_gain=148.993 64.2218 134.666 478.261 94.5312 93.3298 74.7319 240.572 67.4698 26.9059 5.12138
threshold=18532.700000000001 28826.010000000006 29150.795000000002 29148.145000000004 73.500000000000014 13915.825000000003 73.500000000000014 4.5000000000000009 29913.860000000004 25851.345000000005 28273.980000000007
decision_type=2 2 2 2 2 2 2 2 2 2 2
left_child=1 4 3 9 -1 10 7 -4 -8 -3 -6
right_child=-2 2 6 -5 5 -7 8 -9 -10 -11 -12
leaf_value=-0.35509215990702314 -0.35521618525187176 -0.059965676388570248 -0.006024498424746773 0.71352831721305854 -0.08806345522403719 0.20022553205490112 0.048953663448874772 -0.36320258590082327 -0.005474966581837804 0.11900595029195148 -0.16396833062171934
leaf_weight=2.9999999999999991 2.9999999999999991 6.9999999999999982 22.000000000000004 2.9999999999999991 4.9999999999999982 2.9999999999999991 65 5.9999999999999991 459 3 4
leaf_count=3 3 7 22 3 5 3 65 6 459 3 4
internal_value=-0.00375879 -0.0019409 0.00077003 0.159834 -0.104053 -0.0412928 -0.00297604 -0.0825627 0.00127668 -0.00627419 -0.121799
internal_weight=583 580 565 13 15 12 552 28 524 10 9
internal_count=583 580 565 13 15 12 552 28 524 10 9
is_linear=0
shrinkage=0.05


Tree=357
num_leaves=14
num_cat=0
split_feature=2 1 6 0 0 0 1 1 4 2 0 6 7
split_gain=264.848 682.93 90.0296 183.732 157.15 98.3307 83.299 1895.2 506.996 362.106 237.178 137.005 82.2685
threshold=2031.0550000000003 38993.790000000008 73.500000000000014 30890.690000000002 29767.375000000004 30502.150000000005 34851.185000000005 34939.42500000001 37657.000000000007 6057.6200000000008 31873.325000000001 83.500000000000014 4.5000000000000009
decision_type=2 2 2 2 2 2 2 2 2 2 2 2 2
left_child=1 -1 3 4 12 -6 8 -8 10 -9 -4 -10 -2
right_child=2 -3 6 -5 5 -7 7 9 11 -11 -12 -13 -14
leaf_value=-0.88946814537048324 -0.19597566649317733 0.064771250933408728 -0.0069495866731958608 -0.45588943958282474 0.21870300258908959 -0.092061865329742421 1.2766130129496256 -0.0055000375496683188 -0.68828547795613604 0.4268553292751312 0.43946042060852053 -0.24129707366228101 0.025314565499623617
leaf_weight=3 14.000000000000005 5 363 2.9999999999999991 6.9999999999999982 4 2.9999999999999991 154 2.9999999999999991 4.9999999999999991 2.9999999999999991 4 5.9999999999999991
leaf_count=3 14 5 363 3 7 4 3 154 3 5 3 4 6
internal_value=-0.00738053 -0.293069 -0.00336383 -0.0822578 -0.0460999 0.105698 0.00164999 0.0315871 -0.0113522 0.00809604 -0.00329049 -0.432864 -0.129589
internal_weight=577 8 569 34 31 11 535 162 373 159 366 7 20
internal_count=577 8 569 34 31 11 535 162 373 159 366 7 20
is_linear=0
shrinkage=0.05


Tree=358
num_leaves=20
num_cat=0
split_feature=8 2 2 2 4 3 6 1 1 6 1 2 2 3 3 4 3 6 2
split_gain=136.628 314.763 148.903 302.348 222.884 482.749 178.253 172.701 264.614 130.596 154.434 125.427 210.208 735.608 229.527 106.377 101.443 67.3081 17.529
threshold=4.5000000000000009 2972.7550000000006 4206.545000000001 4356.8350000000009 35987.500000000007 1.138378225421983 79.500000000000014 34763.410000000011 32700.245000000006 86.500000000000014 29604.780000000002 14625.095000000001 10090.415000000003 0.97906919980260587 1.1500765696821804 35692.500000000007 1.2037547151146779 73.500000000000014 14992.780000000001
decision_type=2 2 2 2 2 2 2 2 2 2 2 2 2 2 2 2 2 2 2
left_child=2 -2 4 6 5 -1 -4 8 -6 15 -11 12 14 -14 -3 -5 -9 -13 -19
right_child=1 11 3 9 7 -7 -8 16 -10 10 -12 17 13 -15 -16 -17 -18 18 -20
leaf_value=-0.20894681612650548 0.43077796697616577 -0.042795967019494924 -0.099278983473777754 0.0024982570811654583 -0.24796482920646645 0.59334055900573723 -0.57131274938583365 -0.087862019782716586 0.19413683475418525 -0.015747609542792331 0.22468855787407269 -0.33696766694386804 0.074126350735464405 0.87579239010810861 0.11381613970734179 -0.067388422787189484 0.037079313187859952 -0.13326823264360427 0.014756368100643156
leaf_weight=3 4.9999999999999991 87 4 99 4.0000000000000027 5 4 33 22 17.000000000000004 10.999999999999998 2.9999999999999991 62 2.9999999999999991 32 121 32 4 4
leaf_count=3 5 87 4 99 4 5 4 33 22 17 11 3 62 3 32 121 32 4 4
internal_value=0.00600351 0.0390551 -0.0126171 -0.0327546 0.0394556 0.292483 -0.335296 0.0172115 0.126121 -0.0229952 0.0787095 0.0290109 0.0388156 0.111126 -0.000681787 -0.0359394 -0.0263524 -0.134995 -0.0592559
internal_weight=555 200 355 256 99 8 8 91 26 248 28 195 184 65 119 220 65 11 8
internal_count=555 200 355 256 99 8 8 91 26 248 28 195 184 65 119 220 65 11 8
is_linear=0
shrinkage=0.05


Tree=359
num_leaves=11
num_cat=0
split_feature=2 0 0 7 6 2 2 2 1 6
split_gain=500.827 98.5678 237.833 416.765 115.287 93.8709 72.2846 274.62 182.47 15.7661
threshold=18407.930000000004 29039.620000000003 29150.795000000002 3.5000000000000004 73.500000000000014 13915.825000000003 2629.0100000000007 2595.7850000000003 38095.650000000009 87.500000000000014
decision_type=2 2 2 2 2 2 2 2 2 2
left_child=1 4 3 -3 -1 9 7 -4 -8 -6
right_child=-2 2 6 -5 5 -7 8 -9 -10 -11
leaf_value=-0.40111933549245155 -0.5627714479342103 0.73219674030939741 -0.025038822889328002 -0.10123495683073996 -0.16383471786975864 0.18835331499576569 -0.0026758346115009954 -0.5313117504119873 0.1552606468137942 -0.029427236566940934
leaf_weight=3.0000000000000027 3.9999999999999991 2.9999999999999991 25.000000000000004 3 7.9999999999999982 2.9999999999999991 488 2.9999999999999991 19 3
leaf_count=3 4 3 25 3 8 3 488 3 19 3
internal_value=-0.00528687 -0.00129056 0.00243461 0.315481 -0.119839 -0.0595643 -0.00107619 -0.0792824 0.00324289 -0.127178
internal_weight=562 558 541 6 17 14 535 28 507 11
internal_count=562 558 541 6 17 14 535 28 507 11
is_linear=0
shrinkage=0.05


Tree=360
num_leaves=12
num_cat=0
split_feature=1 0 2 2 2 2 1 2 2 2 1
split_gain=206.637 100.196 358.022 165.14 154.662 134.753 118.553 74.0184 383.719 132.752 27.0691
threshold=39873.30000000001 31859.145000000004 6846.5950000000003 3681.8400000000006 2031.0550000000003 4074.8350000000005 38993.790000000008 3967.5600000000009 4149.2000000000007 3940.3250000000003 40405.490000000013
decision_type=2 2 2 2 2 2 2 2 2 2 2
left_child=1 4 3 6 -1 -5 -3 9 -9 -6 -2
right_child=10 2 -4 5 7 -7 -8 8 -10 -11 -12
leaf_value=0.36807821691036224 -0.18341427644093833 -0.4712060451507557 -0.60418066183726005 0.36026208251714664 -0.018076205486431719 -0.0090038837598902851 -0.026697274049123122 0.29479753909011686 0.0082026473547010172 -0.26286716063817345 -0.39581750233968088
leaf_weight=2.9999999999999991 2.9999999999999991 3.0000000000000062 2.9999999999999991 3.0000000000000027 72 13.999999999999998 3 11.999999999999998 437 5.9999999999999991 3
leaf_count=3 3 3 3 3 72 14 3 12 437 6 3
internal_value=0.00223925 0.00538876 -0.0904431 -0.0234338 0.0100899 0.0561607 -0.248952 0.00805206 0.0158622 -0.0369063 -0.289616
internal_weight=562 556 26 23 530 17 6 527 449 78 6
internal_count=562 556 26 23 530 17 6 527 449 78 6
is_linear=0
shrinkage=0.05


Tree=361
num_leaves=14
num_cat=0
split_feature=2 1 3 6 1 3 2 3 2 3 0 1 2
split_gain=394.385 177.514 341.025 526.355 181.246 109.681 253.46 134.694 501.387 271.908 52.1071 70.6583 8.10458
threshold=18532.700000000001 38714.475000000013 1.2479847952484593 79.500000000000014 39257.420000000006 1.2305877188387628 2629.0100000000007 1.1955500705760556 3247.2950000000005 1.188940285511052 32028.415000000005 39813.17500000001 3164.0600000000004
decision_type=2 2 2 2 2 2 2 2 2 2 2 2 2
left_child=1 5 3 4 -3 7 -7 9 -9 -1 11 -4 -8
right_child=-2 2 10 -5 -6 6 12 8 -10 -11 -12 -13 -14
leaf_value=-0.00026268062873527966 0.57046928405761721 0.16505110859870897 0.056216922104358684 -0.92089345455169647 -0.38456344703833256 0.47551577091217045 0.067514118552207958 0.0039790264375153036 -0.51428737044334416 0.37035609900951388 0.14687465667724606 -0.25072123209635411 -0.021703888795205524
leaf_weight=484 2.9999999999999991 3.0000000000000018 4.9999999999999982 3 3 3.9999999999999991 3.9999999999999982 21.000000000000004 5.9999999999999991 4.9999999999999991 5 3 7
leaf_count=484 3 3 5 3 3 4 4 21 6 5 5 3 7
internal_value=-0.00126591 -0.00436755 -0.143542 -0.380135 -0.109756 0.00139863 0.134679 -0.00247582 -0.111191 0.00352688 0.0202534 -0.0588849 0.010739
internal_weight=556 553 22 9 6 531 15 516 27 489 13 8 11
internal_count=556 553 22 9 6 531 15 516 27 489 13 8 11
is_linear=0
shrinkage=0.05


Tree=362
num_leaves=16
num_cat=0
split_feature=1 1 2 1 2 6 0 5 2 2 0 0 6 0 1
split_gain=87.1113 640.042 116.797 71.0447 210.232 100.573 78.3064 55.2386 261.883 888.038 280.285 68.8847 199.601 101.248 50.5308
threshold=38598.990000000005 38898.225000000006 1804.3950000000002 39429.160000000011 3510.6750000000006 78.500000000000014 31780.940000000006 18.500000000000004 4497.3850000000011 4310.3750000000009 30740.450000000004 30700.500000000004 83.500000000000014 30441.155000000002 40059.10500000001
decision_type=2 2 2 2 2 2 2 2 2 2 2 2 2 2 2
left_child=2 -2 -1 5 14 6 -3 8 9 -4 -10 13 -13 -9 -5
right_child=1 3 7 4 -6 -7 -8 11 10 -11 -12 12 -14 -15 -16
leaf_value=0.31830463409423831 -0.66919398307800237 0.060773460566997478 0.053639153540134425 -0.047347646454970027 -0.43092857201894125 -0.11316094895203906 0.42203607559204093 -0.0042939197759215651 0.050317379307892665 0.99599677721659341 -0.12352172198795504 -0.0073393495077730617 0.11145565133801727 -0.08926690923205266 0.13997785449028016
leaf_weight=2.9999999999999991 4.0000000000000027 3.0000000000000018 15.000000000000002 9.0000000000000018 2.9999999999999991 3 3 130 92 2.9999999999999991 31 199 43 48 5.9999999999999991
leaf_count=3 4 3 15 9 3 3 3 130 92 3 31 199 43 48 6
internal_value=0.00267173 -0.0789315 0.00715702 0.00851475 -0.048836 0.123216 0.241405 0.00549313 0.0325717 0.210699 0.00650427 -0.00359752 0.0137689 -0.027208 0.0275826
internal_weight=595 31 564 27 18 9 6 561 141 18 123 420 242 178 15
internal_count=595 31 564 27 18 9 6 561 141 18 123 420 242 178 15
is_linear=0
shrinkage=0.05


Tree=363
num_leaves=21
num_cat=0
split_feature=0 0 7 1 2 1 1 7 0 0 8 2 2 2 0 0 0 2 7 0
split_gain=54.392 373.604 270.123 226.029 191.938 440.424 387.834 233.313 278.949 230.873 143.614 237.17 404.605 266.81 204.716 187.367 118.166 107.492 83.235 5.86942
threshold=30502.150000000005 30431.860000000004 5.5000000000000009 18500.555000000004 7473.1050000000005 30935.880000000005 31331.505000000001 3.5000000000000004 30033.960000000003 30308.840000000004 4.5000000000000009 4206.545000000001 3967.5600000000009 4834.170000000001 32238.850000000002 32028.415000000005 32425.120000000003 7140.0200000000013 3.5000000000000004 30473.170000000002
decision_type=2 2 2 2 2 2 2 2 2 2 2 2 2 2 2 2 2 2 2 2
left_child=1 4 18 -2 7 9 -7 17 -9 -6 11 12 -5 -13 15 -12 -16 -1 19 -3
right_child=3 2 -4 10 5 6 -8 8 -10 -11 14 13 -14 -15 16 -17 -18 -19 -20 -21
leaf_value=-0.0099659002263028668 0.44806274175643923 -0.18830378055572516 -0.6043275833129883 0.0046285697520943364 -0.029332170942354768 -0.80997260411580418 -0.16177996397018435 0.057945408831749638 0.41473425858550605 0.19404094477112477 0.065041617215003664 -0.180233559988696 0.28760909903794529 -0.013184376888196259 -0.44333149567246438 0.4146068561822176 0.0004511490464210509 0.25883306860923766 0.025932410955429076 -0.28082169592380518
leaf_weight=53 2.9999999999999991 2.9999999999999982 3.9999999999999991 60 105 2.9999999999999991 9.9999999999999982 14.000000000000002 8.9999999999999982 12.999999999999998 92 29 15.999999999999998 136 2.9999999999999991 3.9999999999999991 3 3.9999999999999991 5 4
leaf_count=53 3 3 4 60 105 3 10 14 9 13 92 29 16 136 3 4 3 4 5 4
internal_value=0.00346857 -0.0155503 -0.24849 0.0159463 0.00211337 -0.0351532 -0.311363 0.0631373 0.197558 -0.00472327 0.0121668 -0.00888128 0.0642034 -0.0425445 0.0618982 0.0796068 -0.22144 0.00889719 -0.129878 -0.241171
internal_weight=573 227 16 346 211 131 13 80 23 118 343 241 76 165 102 96 6 57 12 7
internal_count=573 227 16 346 211 131 13 80 23 118 343 241 76 165 102 96 6 57 12 7
is_linear=0
shrinkage=0.05


Tree=364
num_leaves=16
num_cat=0
split_feature=0 0 3 6 2 4 0 2 4 5 0 3 5 2 2
split_gain=62.4438 107.507 451.679 69.1301 75.7803 68.83 176.201 118.206 104.064 317.833 112.476 19.975 27.4154 3.99692 6.06751
threshold=28826.010000000006 29150.795000000002 1.0043564078270824 73.500000000000014 13915.825000000003 37332.500000000007 29669.260000000006 2595.7850000000003 37162.000000000007 20.500000000000004 31699.950000000001 0.89214388746079309 20.500000000000004 12070.640000000001 12838.975000000002
decision_type=2 2 2 2 2 2 2 2 2 2 2 2 2 2 2
left_child=3 2 11 -1 13 8 -7 -8 10 -10 -3 12 -2 -5 -15
right_child=1 5 -4 4 -6 6 7 -9 9 -11 -12 -13 -14 14 -16
leaf_value=-0.30827817569176358 -0.13707217127084734 0.014965233659618838 0.6888847728570302 -0.15640920003255213 0.17839957674344381 -0.40615178346633912 0.13811235102740202 -0.033585649217783876 0.19558629225939511 -0.21495913664499919 -0.092650809783775073 0.10677541494369505 0.048047473374754179 -0.047115093097090714 -0.14118128220240272
leaf_weight=2.9999999999999991 3.9999999999999982 367 2.9999999999999991 2.9999999999999982 2.9999999999999991 2.9999999999999991 10.999999999999998 113 22.000000000000004 5.9999999999999991 26 3 4 4 3
leaf_count=3 4 367 3 3 3 3 11 113 22 6 26 3 4 4 3
internal_value=0.00547073 0.00824368 0.145063 -0.0919292 -0.0420025 0.00474829 -0.0275149 -0.0183544 0.0144809 0.107612 0.0078456 -0.00325205 -0.0445123 -0.108123 -0.0874292
internal_weight=578 562 14 16 13 548 127 124 421 28 393 11 8 10 7
internal_count=578 562 14 16 13 548 127 124 421 28 393 11 8 10 7
is_linear=0
shrinkage=0.05


Tree=365
num_leaves=15
num_cat=0
split_feature=2 3 1 3 6 0 3 2 0 0 0 0 2 3
split_gain=345.437 88.4843 407.105 338.606 327.168 404.48 192.224 161.447 326.881 238.502 131.208 116.376 113.986 92.0586
threshold=18532.700000000001 1.1636411078018125 35990.705000000009 1.1611281148768302 77.500000000000014 31618.515000000003 1.1528794663311415 4074.8350000000005 30912.530000000002 31162.425000000007 31387.84 30505.715000000004 3822.4100000000003 1.2037547151146779
decision_type=2 2 2 2 2 2 2 2 2 2 2 2 2 2
left_child=1 2 3 6 5 -4 -1 12 11 -10 -6 -9 13 -3
right_child=-2 7 4 -5 10 -7 -8 8 9 -11 -12 -13 -14 -15
leaf_value=-9.4845513522831453e-05 0.53805208206176758 -0.096834885871309478 0.68549968004226658 0.52814919451872511 0.36291441917419437 -0.025555908679962155 -0.23355852497948543 -0.037224163115024557 -0.62719248533248906 -0.18137669960657757 -0.006781908497214318 0.31784512698650363 0.29855654637018841 0.021198247710488879
leaf_weight=433 2.9999999999999991 24 6.0000000000000018 2.9999999999999991 2.9999999999999991 3 8.9999999999999982 10.000000000000002 3.9999999999999991 11.999999999999998 11.999999999999998 2.9999999999999991 2.9999999999999991 53
leaf_count=433 3 24 6 3 3 3 9 10 4 12 12 3 3 53
internal_value=0.00290937 0.00013181 0.00956299 -0.00125539 0.210154 0.448481 -0.00484863 -0.0404482 -0.141517 -0.292831 0.0671574 0.0447149 -0.00381076 -0.0155913
internal_weight=581 578 469 445 24 9 442 109 29 16 15 13 80 77
internal_count=581 578 469 445 24 9 442 109 29 16 15 13 80 77
is_linear=0
shrinkage=0.05


Tree=366
num_leaves=15
num_cat=0
split_feature=3 3 4 5 1 4 3 8 0 0 6 1 1 3
split_gain=198.589 75.1364 353.593 975.864 510.774 273.496 178.916 313.455 281.394 228.743 150.962 126.503 332.784 23.0305
threshold=0.56448626136144153 1.138378225421983 35987.500000000007 20.500000000000004 36110.165000000008 38215.000000000007 1.1198361579625822 4.5000000000000009 32001.495000000003 31558.700000000001 79.500000000000014 35042.770000000011 34350.515000000007 1.1153400216496447
decision_type=2 2 2 2 2 2 2 2 2 2 2 2 2 2
left_child=-1 6 3 4 -3 10 11 9 -9 -8 -4 12 -2 -13
right_child=1 2 5 -5 -6 -7 7 8 -10 -11 -12 13 -14 -15
leaf_value=-0.34955608546733857 0.0061388880387463138 -0.50463187297185208 0.054546678972740972 1.0673928618431092 0.23139106468720871 0.47899700204531359 0.017326723726896139 -0.56584267616271988 0.027235819399356837 -0.44377375245094303 -0.053182857095355723 0.10301005005836489 -0.30165666805373298 0.25476799249649046
leaf_weight=3.9999999999999991 362 3.0000000000000027 60 2.9999999999999991 10.999999999999998 2.9999999999999991 26.000000000000004 5.9999999999999982 3 2.9999999999999991 71 4.9999999999999982 8.9999999999999982 5
leaf_count=4 362 3 60 3 11 3 26 6 3 3 71 5 9 5
internal_value=0.00151786 0.00398154 0.0342211 0.249034 0.0736719 0.00696872 -0.00691627 -0.110373 -0.36815 -0.0303733 -0.00384108 0.00340225 -0.00132785 0.178889
internal_weight=574 570 151 17 14 134 419 38 9 29 131 381 371 10
internal_count=574 570 151 17 14 134 419 38 9 29 131 381 371 10
is_linear=0
shrinkage=0.05


Tree=367
num_leaves=19
num_cat=0
split_feature=2 2 0 6 2 1 3 2 5 0 0 8 2 6 2 2 0 0
split_gain=79.4857 304.804 359.804 456.517 404.276 245.159 340.433 150.459 472.937 122.563 120.942 107.105 411.169 238.934 119.185 300.542 108.304 75.9086
threshold=4394.2450000000008 4737.3700000000008 31227.860000000004 79.500000000000014 4598.8050000000012 37774.35500000001 1.188940285511052 4206.545000000001 18.500000000000004 31558.700000000001 32120.640000000003 4.5000000000000009 3732.5650000000005 85.500000000000014 3992.0100000000007 3940.3250000000003 31116.350000000002 31476.445000000003
decision_type=2 2 2 2 2 2 2 2 2 2 2 2 2 2 2 2 2 2
left_child=7 2 -2 4 -4 6 10 11 -9 17 -3 14 13 -13 15 -1 -16 -10
right_child=1 5 3 -5 -6 -7 -8 8 9 -11 -12 12 -14 -15 16 -17 -18 -19
leaf_value=0.0037406050996191204 0.73090799649556482 0.0070336544334252439 -0.0013314507901668552 -0.40946583747863763 0.76650233268737766 -0.38474224209785463 0.53927950859069829 0.36994874676068629 -0.35471723377704634 -0.55907446146011341 -0.31159223467111591 -0.12370849333026185 -0.51289170742034906 0.29314938247203831 -0.093083302676677707 -0.43951441645622258 0.20733842762808005 -0.022001089652379346
leaf_weight=87 2.9999999999999991 410 3.9999999999999982 3 3 3.9999999999999991 2.9999999999999991 2.9999999999999991 3.9999999999999982 4 2.9999999999999991 11.000000000000005 4.9999999999999991 4.9999999999999991 3.9999999999999991 3.9999999999999991 11.999999999999998 3
leaf_count=87 3 410 4 3 3 4 3 3 4 4 3 11 5 5 4 4 12 3
internal_value=0.00156291 0.0122088 0.250654 0.106578 0.32774 0.00482831 0.00857418 -0.0308995 -0.186523 -0.338288 0.00471918 -0.0138781 -0.117119 0.00655959 0.00638414 -0.0157431 0.132233 -0.212125
internal_weight=575 433 13 10 7 420 416 142 14 11 413 128 21 16 107 91 16 7
internal_count=575 433 13 10 7 420 416 142 14 11 413 128 21 16 107 91 16 7
is_linear=0
shrinkage=0.05


Tree=368
num_leaves=11
num_cat=0
split_feature=2 1 2 0 0 0 7 0 1 1
split_gain=156.265 220.879 123.356 81.0814 313.602 257.734 159.486 117.884 115.58 75.3699
threshold=2031.0550000000003 38993.790000000008 18532.700000000001 31927.960000000003 31843.890000000003 32120.640000000003 1.0000000180025095e-35 31873.325000000001 36648.630000000012 36528.460000000014
decision_type=2 2 2 2 2 2 2 2 2 2
left_child=1 -1 3 4 9 6 -5 -6 -7 -2
right_child=2 -3 -4 5 7 8 -8 -9 -10 -11
leaf_value=-0.48055577278137201 0.014598628718604807 0.044895802810788143 -0.31505209604899087 0.039334243535995454 -0.55600762367248524 -0.30146122997005786 0.50047210454940794 -0.15954998254775998 0.045519655942916876 -0.040758224251404615
leaf_weight=4 459 4 2.9999999999999991 3.0000000000000018 3 2.9999999999999991 5 5 11.999999999999998 71
leaf_count=4 459 4 3 3 3 3 5 5 12 71
internal_value=0.00160067 -0.21783 0.00471316 0.00642314 0.00249287 0.0983572 0.327545 -0.308222 -0.0238765 0.0071829
internal_weight=572 8 564 561 538 23 8 8 15 530
internal_count=572 8 564 561 538 23 8 8 15 530
is_linear=0
shrinkage=0.05


Tree=369
num_leaves=14
num_cat=0
split_feature=2 6 0 3 0 8 0 3 8 1 0 2 2
split_gain=339.517 49.9037 229.316 713.311 259.521 210.818 77.0686 142.301 420.177 218.168 116.665 223.648 72.6697
threshold=18532.700000000001 74.500000000000014 29187.670000000002 0.86076202698116477 31026.525000000005 4.5000000000000009 30700.500000000004 1.157556824312594 4.5000000000000009 34660.280000000006 31188.350000000002 4158.9450000000006 4768.7000000000007
decision_type=2 2 2 2 2 2 2 2 2 2 2 2 2
left_child=1 2 3 -1 5 -4 7 9 -9 -3 11 -8 -12
right_child=-2 6 4 -5 -6 -7 10 8 -10 -11 12 -13 -14
leaf_value=-0.15624944537878038 0.53809992472330737 -0.02790964077955679 0.038307301945439201 0.68832784533500657 0.39650517106056216 -0.18076153437296549 0.2085858652368188 -0.0062681467582782098 0.56027280092239384 -0.3342877268791199 -0.042235938328806136 0.022753125718411277 0.020291291457621041
leaf_weight=4.9999999999999982 2.9999999999999991 184 41 5 3.9999999999999991 14.999999999999998 20 18.000000000000004 3.9999999999999991 5.9999999999999991 84 85 104
leaf_count=5 3 184 41 5 4 15 20 18 4 6 84 85 104
internal_value=0.00756966 0.00480167 0.0443656 0.266039 0.00741995 -0.0203719 -0.00068243 -0.0236455 0.0967393 -0.0375847 0.0159325 0.0581498 -0.00764641
internal_weight=578 575 70 10 60 56 505 212 22 190 293 105 188
internal_count=578 575 70 10 60 56 505 212 22 190 293 105 188
is_linear=0
shrinkage=0.05


Tree=370
num_leaves=15
num_cat=0
split_feature=2 4 1 3 2 4 1 0 3 6 3 5 2 5
split_gain=309.84 71.3985 65.3759 45.4182 1568.25 312.197 185.26 180.552 69.5489 38.8592 17.8826 17.3584 8.15967 1.25221
threshold=18532.700000000001 30430.000000000004 19974.865000000005 0.9571606127421638 10647.320000000002 31965.000000000004 30280.455000000005 29596.770000000004 0.94356999281863962 81.500000000000014 0.8305355161775646 20.500000000000004 9902.7500000000018 19.500000000000004
decision_type=2 2 2 2 2 2 2 2 2 2 2 2 2 2
left_child=1 2 9 5 7 12 -6 -5 -7 -1 13 -11 -3 -4
right_child=-2 3 10 4 6 8 -8 -9 -10 11 -12 -13 -14 -15
leaf_value=-0.15223477681477848 0.51119496027628586 -0.19828840891520183 0.1452753379940987 -0.15160537496209148 0.53148866295814512 0.0048273210189420813 1.0871559222539264 0.0027298952687603946 -0.13176094594411553 0.15375742912292487 0.25497320592403411 0.0064550351351499551 -0.29350552302267818 0.10571188703179357
leaf_weight=3.0000000000000027 2.9999999999999991 2.9999999999999991 3.9999999999999982 20 2.9999999999999991 137 3 361 9.9999999999999982 2.9999999999999982 4 6 8.9999999999999982 4
leaf_count=3 3 3 4 20 3 137 3 361 10 3 4 6 9 4
internal_value=0.0043933 0.00172592 0.0861308 -0.00198418 0.00725922 -0.0244823 0.809322 -0.00537169 -0.0044644 0.00360818 0.168653 0.0555558 -0.269701 0.125494
internal_weight=573 570 24 546 387 159 6 381 147 12 12 9 12 8
internal_count=573 570 24 546 387 159 6 381 147 12 12 9 12 8
is_linear=0
shrinkage=0.05


Tree=371
num_leaves=17
num_cat=0
split_feature=1 2 1 6 6 0 1 2 4 3 3 6 4 0 0 1
split_gain=156.14 444.939 278.573 176.579 164.841 332.096 254.897 153.711 105.196 96.3202 176.855 157.921 70.0146 586.172 126.366 38.603
threshold=36528.460000000014 4497.3850000000011 36312.155000000006 78.500000000000014 82.500000000000014 31291.855000000003 38003.990000000013 18532.700000000001 37941.500000000007 1.2037547151146779 1.1651507279013369 78.500000000000014 36349.500000000007 29386.195000000003 30441.155000000002 36648.630000000012
decision_type=2 2 2 2 2 2 2 2 2 2 2 2 2 2 2 2
left_child=2 4 7 8 9 6 -6 12 -3 10 -2 -11 14 -14 -1 -5
right_child=1 3 -4 15 5 -7 -8 -9 -10 11 -12 -13 13 -15 -16 -17
leaf_value=0.023862963772298379 0.229538971185684 -0.65879338383674624 0.48833666741847992 -0.27187335491180425 -0.12828836488452819 -0.49158271789550789 0.3916587789853414 -0.35176423390706385 -0.26711668173472081 -0.0081817793548107139 -0.14464004516601564 0.19298284244723618 0.72631958524386098 0.020846062774166653 -0.040048337168362293 -0.063478641510009759
leaf_weight=162 4.0000000000000027 3.9999999999999991 2.9999999999999991 3.9999999999999982 11.000000000000002 4.9999999999999991 2.9999999999999991 2.9999999999999991 3 25 14.999999999999998 15.999999999999998 2.9999999999999991 159 148 5
leaf_count=162 4 4 3 4 11 5 3 3 3 25 15 16 3 159 148 5
internal_value=-0.00359849 -0.0621451 0.00803734 -0.302588 -0.0134478 -0.141795 -0.0168711 0.00500387 -0.490932 0.0271956 -0.0658655 0.0703215 0.00727146 0.0339104 -0.00664953 -0.156099
internal_weight=573 95 478 16 79 19 14 475 7 60 19 41 472 162 310 9
internal_count=573 95 478 16 79 19 14 475 7 60 19 41 472 162 310 9
is_linear=0
shrinkage=0.05


Tree=372
num_leaves=10
num_cat=0
split_feature=2 0 0 0 1 2 2 0 0
split_gain=304.553 182.057 244.519 150.165 140.234 60.0463 48.5635 46.7099 38.6945
threshold=18532.700000000001 31927.960000000003 32120.640000000003 31886.825000000001 36648.630000000012 2031.0550000000003 10102.955000000002 32028.415000000005 32425.120000000003
decision_type=2 2 2 2 2 2 2 2 2
left_child=1 3 7 5 -4 -1 -7 -3 -6
right_child=-2 2 4 -5 8 6 -8 -9 -10
leaf_value=-0.22871621052424113 0.50322338740030925 0.21122830063104617 -0.29533093422651291 -0.31311593651771547 0.16378104260989601 -0.013876799346267869 0.019244181537219594 0.44046318650245664 -0.0092569169898827856
leaf_weight=2.9999999999999991 2.9999999999999991 4.0000000000000018 2.9999999999999991 3.9999999999999991 6.9999999999999982 387 155 5 6
leaf_count=3 3 4 3 4 7 387 155 5 6
internal_value=0.000755194 -0.00187095 0.130086 -0.00787994 0.0128083 -0.00563967 -0.00440493 0.338581 0.0839174
internal_weight=577 574 25 549 16 545 542 9 13
internal_count=577 574 25 549 16 545 542 9 13
is_linear=0
shrinkage=0.05


Tree=373
num_leaves=18
num_cat=0
split_feature=0 1 1 1 6 4 3 2 0 0 1 1 0 1 1 1 1
split_gain=131.402 177.551 425.826 382.524 355.578 200.846 185.853 135.328 122.652 125.919 171.679 213.192 68.3434 67.4528 55.9968 39.8181 39.7901
threshold=31886.825000000001 37325.745000000003 37429.965000000004 37128.760000000002 77.500000000000014 37217.000000000007 1.2263793748600189 4206.545000000001 32303.785000000003 32065.465000000004 37774.35500000001 36234.655000000006 31855.530000000002 36528.460000000014 39081.615000000013 40539.980000000003 37483.625000000007
decision_type=2 2 2 2 2 2 2 2 2 2 2 2 2 2 2 2 2
left_child=1 3 -3 12 6 -5 -4 -6 9 10 11 -2 13 -1 -10 -16 -11
right_child=8 2 4 5 7 -7 -8 -9 14 16 -12 -13 -14 -15 15 -17 -18
leaf_value=0.0069544375044307376 0.044376856088638214 0.59517514109611513 -0.41328599452972381 -0.59389276504516597 0.13639511884677977 -0.092836998496204595 -0.026832218148878647 0.49539953867594405 0.20794487595558167 -0.24548682272434236 0.16921888589859005 -0.55171056191126489 0.18905974313616755 -0.089112676366379387 -0.15690810913220044 0.066189597360789762 -0.50300727685292557
leaf_weight=477 3.0000000000000053 3.9999999999999991 4.0000000000000027 4 21.000000000000004 4 13.999999999999998 2.9999999999999991 2.9999999999999991 2.9999999999999991 4 3 4.9999999999999991 19 4 4 3
leaf_count=477 3 4 4 4 21 4 14 3 3 3 4 3 5 19 4 4 3
internal_value=0.00291282 0.00815299 0.102226 -0.000348712 0.0552786 -0.343365 -0.112711 0.181271 -0.104802 -0.193163 -0.0845126 -0.253667 0.00512859 0.00327445 0.0237237 -0.0453593 -0.374247
internal_weight=582 555 46 509 42 8 18 24 27 16 10 6 501 496 11 8 6
internal_count=582 555 46 509 42 8 18 24 27 16 10 6 501 496 11 8 6
is_linear=0
shrinkage=0.05


Tree=374
num_leaves=12
num_cat=0
split_feature=2 0 3 0 2 6 7 4 0 6 4
split_gain=149.598 62.0621 424.254 104.629 261.362 107.378 135.323 79.5431 53.9869 91.1592 24.7908
threshold=18532.700000000001 29248.520000000004 1.0191945277466881 29386.195000000003 8006.2300000000005 86.500000000000014 1.0000000180025095e-35 35865.000000000007 28085.230000000007 73.500000000000014 35397.500000000007
decision_type=2 2 2 2 2 2 2 2 2 2 2
left_child=1 2 8 4 -3 7 -7 -5 -1 -10 -6
right_child=-2 3 -4 5 10 6 -8 -9 9 -11 -12
leaf_value=0.17395914196968065 -0.35968491236368816 -0.56032993793487551 0.62800267140070609 0.0086656684526020579 0.055093916691839689 -0.12954545989632607 0.093261664248395548 -0.032743668410222269 -0.24264650978147961 0.017789275545094695 -0.12671474218368525
leaf_weight=4.0000000000000027 2.9999999999999991 2.9999999999999991 2.9999999999999991 210 5 7.9999999999999991 46 259 4.0000000000000027 21 3
leaf_count=4 3 3 3 210 5 8 46 259 4 21 3
internal_value=-0.00753784 -0.00567134 0.0619635 -0.00972437 -0.162333 -0.00651462 0.0602532 -0.0142022 0.00340777 -0.0238805 -0.0130843
internal_weight=569 566 32 534 11 523 54 469 29 25 8
internal_count=569 566 32 534 11 523 54 469 29 25 8
is_linear=0
shrinkage=0.05


Tree=375
num_leaves=12
num_cat=0
split_feature=1 3 4 6 0 5 4 4 0 3 0
split_gain=141.222 76.1833 101.951 62.5294 126.038 76.5626 61.9038 252.647 245.954 8.82199 6.56318
threshold=16960.850000000002 0.81230364281544654 30430.000000000004 73.500000000000014 29926.410000000003 18.500000000000004 35397.500000000007 35134.500000000007 29354.435000000005 0.8305355161775646 29703.035000000003
decision_type=2 2 2 2 2 2 2 2 2 2 2
left_child=-1 3 9 -2 10 -6 7 -4 -8 -3 -5
right_child=1 2 6 4 5 -7 8 -9 -10 -11 -12
leaf_value=0.27357992351055149 0.11190070629119873 0.13667298927903174 0.008040524459789573 0.0075685091682576693 -0.38848478545745169 -0.11761114209890366 0.38634782880544666 0.17092149076717242 -0.0080591191542543367 0.24168485105037685 0.080190730374306449
leaf_weight=4.9999999999999991 4.9999999999999991 4 159 14.000000000000002 3.0000000000000027 20 3.9999999999999991 28 335 4 3.9999999999999991
leaf_count=5 5 4 159 14 3 20 4 28 335 4 4
internal_value=0.00899096 0.00671002 0.0120286 -0.0550316 -0.0753891 -0.152942 0.00933428 0.0324291 -0.00340535 0.189179 0.0237068
internal_weight=585 580 534 46 41 23 526 187 339 8 18
internal_count=585 580 534 46 41 23 526 187 339 8 18
is_linear=0
shrinkage=0.05


Tree=376
num_leaves=18
num_cat=0
split_feature=4 1 1 6 6 0 7 0 6 4 0 2 7 4 6 1 4
split_gain=49.7006 376.898 195.517 116.997 352.772 289.205 57.3211 493.317 331.02 231.162 189.704 300.253 196.648 125.801 64.6877 919.01 407.539
threshold=33155.000000000007 29970.375000000004 29759.615000000002 73.500000000000014 75.500000000000014 29721.990000000002 3.5000000000000004 29187.670000000002 79.500000000000014 37941.500000000007 29895.580000000005 5430.8950000000013 5.5000000000000009 33317.500000000007 79.500000000000014 38714.475000000013 35692.500000000007
decision_type=2 2 2 2 2 2 2 2 2 2 2 2 2 2 2 2 2
left_child=1 2 3 5 -5 -1 7 -2 9 13 12 -12 -10 -8 16 -16 -9
right_child=6 -3 -4 4 -6 -7 8 14 10 -11 11 -13 -14 -15 15 -17 -18
leaf_value=-0.15937044223149618 0.57486902829259634 -0.45347992062568665 0.33475757896667346 -0.30202979109334677 0.00680850619642899 0.53489826520284012 0.077553963412841168 0.23261586798597939 -0.024462457407604561 -0.51869287490844729 0.35351789784100324 0.04809958190216046 -0.45599417487780258 -0.09823767749954071 0.011531790758266389 -0.8718093554178874 -0.0021957462938363725
leaf_weight=2.9999999999999991 3.9999999999999991 4.9999999999999991 3.9999999999999991 10.999999999999998 58 3 11.999999999999998 23 22.000000000000004 2.9999999999999991 8.9999999999999982 76 2.9999999999999991 67 159 2.9999999999999991 94
leaf_count=3 4 5 4 11 58 3 12 23 22 3 9 76 3 67 159 3 94
internal_value=0.00296219 -0.0324907 -0.00584583 -0.0240113 -0.0424266 0.187764 0.00923176 0.0235384 -0.0118556 -0.0878946 0.0448279 0.080438 -0.0762463 -0.0715351 0.015634 -0.00482638 0.0439638
internal_weight=559 84 79 75 69 6 475 283 192 82 110 85 25 79 279 162 117
internal_count=559 84 79 75 69 6 475 283 192 82 110 85 25 79 279 162 117
is_linear=0
shrinkage=0.05


Tree=377
num_leaves=22
num_cat=0
split_feature=7 3 1 0 2 3 2 0 7 3 0 4 2 0 1 0 1 2 1 0 3
split_gain=85.0461 368.496 319.523 260.939 197.161 372.982 309.016 118.395 78.8573 274.919 595.952 255.356 152.852 72.9208 396.164 100.859 166.582 83.2395 62.9904 60.4528 7.88549
threshold=1.0000000180025095e-35 1.1779177146453097 35917.480000000003 32065.465000000004 4737.3700000000008 1.1074259006034406 3862.1250000000005 31291.855000000003 1.5000000000000002 1.1757830903046622 31843.890000000003 37162.000000000007 2687.8350000000005 29248.520000000004 30483.560000000005 29596.770000000004 31244.920000000002 13420.330000000004 40059.10500000001 32028.415000000005 1.187592086650729
decision_type=2 2 2 2 2 2 2 2 2 2 2 2 2 2 2 2 2 2 2 2 2
left_child=1 2 4 7 6 -6 -1 -4 9 10 11 -2 19 14 17 16 -15 -10 -17 -11 -14
right_child=8 -3 3 -5 5 -7 -8 -9 13 12 -12 -13 20 15 -16 18 -18 -19 -20 -21 -22
leaf_value=0.14138386190558466 0.0079572890486036031 0.49378141562143968 -0.28066356658935554 0.095585852861404419 -0.060149703163584825 0.25605195531478298 -0.28749591197286334 -0.64562171101570121 -0.054268239701495427 -0.49619423548380548 0.78851159413655603 0.27857739004221832 -0.054847210645675652 -0.019523500314071063 0.61764573827385905 -0.0039488332245254795 -0.27663010209798816 0.13378280376394588 0.15943612828850748 -0.17877560257911679 0.052389307320117942
leaf_weight=6.0000000000000027 42 2.9999999999999991 4.9999999999999982 2.9999999999999991 33 12.999999999999998 13.999999999999998 4 17.000000000000007 2.9999999999999982 2.9999999999999991 10.999999999999998 3 21.000000000000004 2.9999999999999991 351 8.9999999999999982 8.9999999999999982 5.9999999999999991 3 4
leaf_count=6 42 3 5 3 33 13 14 4 17 3 3 11 3 21 3 351 9 9 6 3 4
internal_value=-0.0025814 -0.0500075 -0.0709225 -0.308254 -0.0277713 0.0292116 -0.158832 -0.442867 0.00533924 0.0548435 0.10293 0.0641237 -0.1523 -0.00287179 0.0736008 -0.00860229 -0.0966555 0.0108264 -0.00120287 -0.337485 0.0064308
internal_weight=566 81 78 12 66 46 20 9 485 69 56 53 13 416 29 387 30 26 357 6 7
internal_count=566 81 78 12 66 46 20 9 485 69 56 53 13 416 29 387 30 26 357 6 7
is_linear=0
shrinkage=0.05


Tree=378
num_leaves=15
num_cat=0
split_feature=6 2 0 2 0 0 1 0 4 0 4 1 0 0
split_gain=126.866 268.074 448.823 126.802 99.4439 276.212 119.837 103.811 176.512 152.358 60.542 34.1283 26.3622 35.0468
threshold=73.500000000000014 10647.320000000002 29084.380000000001 18532.700000000001 32028.415000000005 32120.640000000003 36648.630000000012 31843.890000000003 37162.000000000007 31618.515000000003 35692.500000000007 26152.225000000002 29557.145000000004 30406.210000000003
decision_type=2 2 2 2 2 2 2 2 2 2 2 2 2 2
left_child=1 10 -3 4 7 -6 -7 9 -9 -2 -1 -4 -12 -14
right_child=3 2 11 -5 5 6 -8 8 -10 -11 12 -13 13 -15
leaf_value=0.13960060387849799 -0.01628202947036347 -0.057437255382537855 0.70323235193888323 -0.33419361114501955 0.42298765659332249 -0.28878000477949778 0.064533646777272233 -0.32545750396592277 0.018345119431614876 0.091967819162777492 -0.17088821381330491 0.46473597685495999 0.026663060320748222 -0.17067131996154786
leaf_weight=5.0000000000000027 456 4.9999999999999982 3 2.9999999999999991 5.0000000000000027 2.9999999999999991 11.999999999999998 6.9999999999999991 7.9999999999999991 35 3.9999999999999991 3 8.9999999999999982 2.9999999999999991
leaf_count=5 456 5 3 3 5 3 12 7 8 35 4 3 9 3
internal_value=-0.00420255 0.0924726 0.292429 -0.0100506 -0.00820185 0.10115 -0.00612908 -0.0125241 -0.142096 -0.00856565 -0.0122665 0.583984 -0.059725 -0.0226705
internal_weight=561 32 11 529 526 20 15 506 15 491 21 6 16 12
internal_count=561 32 11 529 526 20 15 506 15 491 21 6 16 12
is_linear=0
shrinkage=0.05


Tree=379
num_leaves=14
num_cat=0
split_feature=2 4 0 4 1 0 0 6 2 1 0 2 0
split_gain=293.679 90.7011 319.505 208.945 598.63 275.37 95.0374 278.412 447.263 333.442 120.016 249.04 74.4147
threshold=18532.700000000001 37010.000000000007 29422.230000000003 37217.000000000007 32955.805000000008 31227.860000000004 31522.390000000003 77.500000000000014 4497.3850000000011 33004.975000000006 31340.740000000002 5332.6750000000011 31188.350000000002
decision_type=2 2 2 2 2 2 2 2 2 2 2 2 2
left_child=1 6 -3 4 -4 -5 10 8 -8 -9 12 -12 -1
right_child=-2 2 3 5 -6 -7 7 9 -10 -11 11 -13 -14
leaf_value=-0.0032937911606577444 0.49616254170735674 0.54322535097599034 0.029785178523314623 -0.069230996208711412 0.6446692442893982 0.076267766728997238 0.018281245231628423 0.1951933998327989 -0.59222627182801557 -0.114943799834985 0.24073521707739143 -0.085962851922959105 -0.083651562954764822
leaf_weight=289 2.9999999999999991 2.9999999999999991 19.000000000000004 71 4.9999999999999991 60 5.9999999999999982 12.999999999999998 6 26 14.000000000000002 9.9999999999999982 32
leaf_count=289 3 3 19 71 5 60 6 13 6 26 14 10 32
internal_value=0.00279229 0.000120614 0.0321494 0.0222576 0.157886 -0.00259034 -0.0126586 -0.0763666 -0.286973 -0.0115647 -0.00324084 0.104611 -0.0113045
internal_weight=557 554 158 155 24 131 396 51 12 39 345 24 321
internal_count=557 554 158 155 24 131 396 51 12 39 345 24 321
is_linear=0
shrinkage=0.05


Tree=380
num_leaves=11
num_cat=0
split_feature=2 2 1 2 2 3 2 2 1 2
split_gain=256.722 84.6589 198.609 100.075 242.69 173.353 117.14 93.7195 206.717 109.658
threshold=18532.700000000001 2031.0550000000003 38993.790000000008 5332.6750000000011 5302.4050000000007 1.1541282020808314 4598.8050000000012 5837.795000000001 36312.155000000006 5713.8200000000006
decision_type=2 2 2 2 2 2 2 2 2 2
left_child=1 2 -1 4 6 -6 -3 9 -9 -5
right_child=-2 3 -4 7 5 -7 -8 8 -10 -11
leaf_value=-0.41885557174682608 0.45552838643391924 -0.011669996049064789 0.079402520135045035 -0.056674163714051241 0.52758790254592902 0.024788896242777501 0.077742366731166843 -0.018690577259686779 0.34291656613349919 -0.30039189259211224
leaf_weight=4 2.9999999999999991 137 4 20.000000000000004 3.9999999999999991 3 50 331 3.9999999999999991 5.9999999999999991
leaf_count=4 3 137 4 20 4 3 50 331 4 6
internal_value=-0.00577549 -0.0082336 -0.169727 -0.00590577 0.0230569 0.312103 0.0122371 -0.0214702 -0.0143729 -0.112917
internal_weight=566 563 8 555 194 7 187 361 335 26
internal_count=566 563 8 555 194 7 187 361 335 26
is_linear=0
shrinkage=0.05


Tree=381
num_leaves=12
num_cat=0
split_feature=2 1 0 0 2 3 0 0 2 7 1
split_gain=88.4496 178.883 120.116 126.369 114.212 133.531 86.5564 231.284 212.143 70.3287 23.0137
threshold=2031.0550000000003 38993.790000000008 31927.960000000003 31886.825000000001 3922.6700000000005 1.2492364266900029 30627.275000000005 30636.620000000003 18532.700000000001 1.0000000180025095e-35 36693.465000000004
decision_type=2 2 2 2 2 2 2 2 2 2 2
left_child=1 -1 3 6 5 -4 8 -8 -2 10 -6
right_child=2 -3 4 -5 9 -7 7 -9 -10 -11 -12
leaf_value=-0.39791278839111338 -0.0097882020275994949 0.050688247680664059 -0.18027020961046211 -0.31885410944620768 0.020629804333051054 0.20731483399868009 0.40287653952836994 0.01999805647577077 -0.43277250925699873 0.37083805561065669 0.20382837206125257
leaf_weight=3.9999999999999982 249 5 5.0000000000000018 2.9999999999999991 2.9999999999999982 4 3.9999999999999991 283 2.9999999999999991 5 4
leaf_count=4 249 5 5 3 3 4 4 283 3 5 4
internal_value=0.00681802 -0.14869 0.00930394 0.00475796 0.126633 -0.00801019 0.00655914 0.0253343 -0.0148237 0.227616 0.125315
internal_weight=572 9 563 542 21 9 539 287 252 12 7
internal_count=572 9 563 542 21 9 539 287 252 12 7
is_linear=0
shrinkage=0.05


Tree=382
num_leaves=17
num_cat=0
split_feature=2 8 0 0 1 0 0 3 1 6 2 2 6 2 1 2
split_gain=241.63 46.9391 168.367 531.82 603.353 403.252 306.168 291.455 174.803 101.575 87.5644 426.573 191.785 64.2691 65.7616 53.3168
threshold=18532.700000000001 4.5000000000000009 31494.620000000006 31291.855000000003 35704.980000000003 31712.170000000002 31780.940000000006 1.1623153717739958 36234.655000000006 87.500000000000014 4206.545000000001 5136.0300000000007 85.500000000000014 6914.420000000001 25674.545000000002 5073.3900000000003
decision_type=2 2 2 2 2 2 2 2 2 2 2 2 2 2 2 2
left_child=1 9 3 7 -5 8 -7 -3 -4 10 12 -12 -1 15 -15 -11
right_child=-2 2 5 4 -6 6 -8 -9 -10 13 11 -13 -14 14 -16 -17
leaf_value=0.06313947203736274 0.45628913243611652 0.013922738531338318 0.17663987023489819 -0.12320267948895121 -0.90985606511433925 -0.46878938674926707 0.066964804970969766 0.29332986116409304 0.54442302783330276 0.091827285289764374 -0.17227849641016552 0.0025589010135713712 -0.11792359130664005 0.1230614969134331 -0.13337875723838805 0.29179620981216431
leaf_weight=78 2.9999999999999991 140 6.9999999999999982 12.999999999999998 2.9999999999999991 3.0000000000000027 24 9.9999999999999982 6 10.000000000000002 42 206 18 4.9999999999999982 5 4.9999999999999991
leaf_count=78 3 140 7 13 3 3 24 10 6 10 42 206 18 5 5 5
internal_value=0.00872545 0.00639033 0.0255101 0.00332096 -0.2707 0.117595 0.00743656 0.0325499 0.346386 -0.00428358 -0.0113555 -0.0270507 0.0291901 0.0930267 -0.00515863 0.158484
internal_weight=578 575 206 166 16 40 27 150 13 369 344 248 96 25 10 15
internal_count=578 575 206 166 16 40 27 150 13 369 344 248 96 25 10 15
is_linear=0
shrinkage=0.05


Tree=383
num_leaves=14
num_cat=0
split_feature=3 2 3 4 2 3 4 5 2 1 3 3 0
split_gain=86.2848 181.814 173.552 477.829 162.183 167.943 146.461 142.395 520.177 109.641 65.6537 131.61 115.075
threshold=1.1955500705760556 2160.6250000000005 1.188940285511052 37941.500000000007 4548.0250000000005 1.2037547151146779 38137.000000000007 20.500000000000004 3018.6550000000002 39081.615000000013 1.1636411078018125 1.1623153717739958 30954.380000000005
decision_type=2 2 2 2 2 2 2 2 2 2 2 2 2
left_child=1 -1 10 -4 5 6 -2 9 -9 -7 11 -3 -12
right_child=4 2 3 -5 -6 7 -8 8 -10 -11 12 -13 -14
leaf_value=0.33964596390724183 -0.46315349936485295 -0.00029619429360850367 0.71469284296035773 -0.17770972649256384 -0.33044382095336916 0.093677964753338283 -0.00099612176418304409 -0.72657483418782576 0.060354822022574285 -0.067297008370651931 0.030656075974305464 0.28774042129516603 -0.18406204733137901
leaf_weight=3.9999999999999991 3.9999999999999991 464 2.9999999999999991 3 4.9999999999999991 28 3 2.9999999999999982 7 17 12.000000000000002 3.9999999999999991 12.999999999999998
leaf_count=4 4 464 3 3 5 28 3 3 7 17 12 4 13
internal_value=-0.00320702 0.0038929 0.00120149 0.268492 -0.0565094 -0.0344179 -0.265086 -0.00506013 -0.175724 0.0328652 -0.00205153 0.00216566 -0.0809973
internal_weight=570 503 499 6 67 62 7 55 10 45 493 468 25
internal_count=570 503 499 6 67 62 7 55 10 45 493 468 25
is_linear=0
shrinkage=0.05


Tree=384
num_leaves=20
num_cat=0
split_feature=4 1 3 1 2 8 2 2 6 3 2 2 6 2 1 5 4 5 2
split_gain=107.797 127.244 228.584 214.385 290.859 323.857 185.425 148.574 135.638 183.169 123.324 221.089 113.45 108.094 98.9833 96.7393 199.916 63.4265 34.7092
threshold=37332.500000000007 32249.800000000003 1.0332137552344822 33004.975000000006 6963.7600000000011 4.5000000000000009 6057.6200000000008 3967.5600000000009 86.500000000000014 0.98285989476607982 2471.6800000000007 2629.0100000000007 79.500000000000014 8541.9000000000033 31775.930000000004 19.500000000000004 35865.000000000007 18.500000000000004 7177.3600000000015
decision_type=2 2 2 2 2 2 2 2 2 2 2 2 2 2 2 2 2 2 2
left_child=1 2 8 7 6 -6 -5 -3 14 -10 -2 -12 -9 17 -1 16 -4 -13 -17
right_child=10 3 15 4 5 -7 -8 12 9 -11 11 13 -14 -15 -16 18 -18 -19 -20
leaf_value=-0.00079868786212167534 0.20427256941795352 -0.057194478996097989 -0.62018291155497218 0.032960652370005845 0.10711522897084554 -0.5801189601421356 0.31642273664474491 0.14599950824465074 0.04092686568145399 0.32794150922979631 -0.41454476118087769 0.035396097626151715 0.43066725986344467 -0.33182692925135293 -0.18012327011674645 -0.12813574075698853 -0.12028798560301462 -0.051678685496250792 0.048880331218242624
leaf_weight=202 4.9999999999999991 4.0000000000000027 3 150 2.9999999999999991 4 5.9999999999999991 6.9999999999999982 27 6.9999999999999991 3.9999999999999991 29 7 2.9999999999999991 7.9999999999999991 8.9999999999999982 6 75 4.0000000000000009
leaf_count=202 5 4 3 150 3 4 6 7 27 7 4 29 7 3 8 9 6 75 4
internal_value=0.00431261 0.015458 -0.00654768 0.0477978 0.0297147 -0.28559 0.043863 0.211549 0.00737006 0.100018 -0.0386354 -0.0495772 0.288333 -0.0359336 -0.0076301 -0.160908 -0.28692 -0.0273982 -0.0736693
internal_weight=563 447 266 181 163 7 156 18 244 34 116 111 14 107 210 22 9 104 13
internal_count=563 447 266 181 163 7 156 18 244 34 116 111 14 107 210 22 9 104 13
is_linear=0
shrinkage=0.05


Tree=385
num_leaves=13
num_cat=0
split_feature=0 0 4 2 2 2 2 2 6 7 1 4
split_gain=91.4317 327.005 107.027 189.914 149.749 79.7187 305.491 127.272 60.8018 63.6152 18.7585 14.4265
threshold=29084.380000000001 29150.795000000002 37332.500000000007 7659.0000000000009 2595.7850000000003 4149.2000000000007 3967.5600000000009 4394.2450000000008 73.500000000000014 5.5000000000000009 29148.145000000004 33317.500000000007
decision_type=2 2 2 2 2 2 2 2 2 2 2 2
left_child=8 -2 5 4 -4 6 -3 -7 -1 10 11 -10
right_child=1 2 3 -5 -6 7 -8 -9 9 -11 -12 -13
leaf_value=-0.24823676824569685 0.52503297924995429 0.013817497829516088 0.1963363609143666 -0.34252168297767643 -0.042653925065855386 -0.14454521323953357 0.28040057512430044 0.0094133494166868739 -0.088978901911865527 0.15893684774637223 -0.18524797260761261 0.03471750269333522
leaf_weight=5.0000000000000027 2.9999999999999991 62 6.9999999999999991 4.9999999999999991 103 13.999999999999998 12.999999999999998 326 11.000000000000005 2.9999999999999991 3.9999999999999991 2.9999999999999991
leaf_count=5 3 62 7 5 103 14 13 326 11 3 4 3
internal_value=1.88219e-05 0.00448499 0.0015385 -0.0411444 -0.0274455 0.0133663 0.0600252 0.00307388 -0.0915377 -0.0542284 -0.089756 -0.0624725
internal_weight=559 533 530 115 110 415 75 340 26 21 18 14
internal_count=559 533 530 115 110 415 75 340 26 21 18 14
is_linear=0
shrinkage=0.05


Tree=386
num_leaves=12
num_cat=0
split_feature=2 1 4 1 2 1 3 2 1 0 2
split_gain=539.183 118.02 280.94 270.523 255.367 131.613 176.688 149.526 126.703 194.078 190.175
threshold=18407.930000000004 34350.515000000007 37657.000000000007 34412.015000000007 4598.8050000000012 35504.880000000005 1.1198361579625822 6057.6200000000008 32152.810000000001 31800.090000000004 6914.420000000001
decision_type=2 2 2 2 2 2 2 2 2 2 2
left_child=1 2 8 4 -3 6 -5 -7 9 -1 -10
right_child=-2 3 -4 5 -6 7 -8 -9 10 -11 -12
leaf_value=0.0017586755397606573 -0.57940433435142047 -0.032525066534678147 0.392123076915741 0.075252495209376019 -0.68491485913594552 -0.0035996715173773142 -0.14707768726827844 0.27473766282200812 0.033708084935817541 -0.40267036557197572 0.22790891965230309
leaf_weight=265 3.9999999999999991 2.9999999999999991 4.9999999999999991 11.999999999999998 3 138 35 4.9999999999999991 79 2.9999999999999991 14.999999999999998
leaf_count=265 4 3 5 12 3 138 35 5 79 3 15
internal_value=-0.000947913 0.0031619 0.0198916 -0.0281636 -0.35872 -0.017725 -0.0903125 0.0061324 0.0147503 -0.00276852 0.0646976
internal_weight=567 563 367 196 6 190 47 143 362 268 94
internal_count=567 563 367 196 6 190 47 143 362 268 94
is_linear=0
shrinkage=0.05


Tree=387
num_leaves=8
num_cat=0
split_feature=1 2 2 2 2 6 2
split_gain=181.173 330.954 78.8304 372.882 73.7558 65.718 28.9671
threshold=16960.850000000002 18332.850000000002 14625.095000000001 14379.405000000001 13420.330000000004 73.500000000000014 15940.015000000001
decision_type=2 2 2 2 2 2 2
left_child=-1 2 3 4 -2 -4 -7
right_child=1 -3 5 -5 -6 6 -8
leaf_value=-0.34617322683334351 -0.0066290372510165244 0.51528378327687585 -0.31527198553085295 0.54879785552620886 -0.1069457493330303 -0.12677331207828085 -0.016527989392097181
leaf_weight=3.9999999999999991 514 2.9999999999999991 3.0000000000000027 2.9999999999999991 19 11.000000000000002 12.999999999999998
leaf_count=4 514 3 3 3 19 11 13
internal_value=-0.0108543 -0.00848452 -0.0112755 -0.00707631 -0.0102051 -0.0946365 -0.0670571
internal_weight=570 566 563 536 533 27 24
internal_count=570 566 563 536 533 27 24
is_linear=0
shrinkage=0.05


Tree=388
num_leaves=13
num_cat=0
split_feature=1 5 1 5 2 2 1 0 0 4 2 0
split_gain=51.8946 277.15 177.548 386.065 171.302 161.901 86.3432 58.2229 268.508 184.192 341.748 62.2495
threshold=37855.17500000001 20.500000000000004 38660.595000000008 19.500000000000004 3922.6700000000005 1804.3950000000002 39081.615000000013 31547.650000000005 31536.125000000004 33030.000000000007 10679.925000000001 31514.185000000001
decision_type=2 2 2 2 2 2 2 2 2 2 2 2
left_child=5 2 3 -2 6 -1 -4 8 11 -9 -11 -7
right_child=1 -3 4 -5 -6 7 -8 9 -10 10 -12 -13
leaf_value=0.37051636377970376 -0.56967230588197704 -0.51768530209859209 0.23274752696355128 0.12500821948051452 0.31004995465278629 0.0072099708464804001 -0.056984700014193861 0.33442015051841739 0.47935229539871216 -0.036788904606079573 -0.58653994401295984 -0.13346628546714784
leaf_weight=2.9999999999999991 4 2.9999999999999991 3.0000000000000062 4 4.9999999999999991 462 18 2.9999999999999991 2.9999999999999991 49 2.9999999999999991 7.9999999999999991
leaf_count=3 4 3 3 4 5 462 18 3 3 49 3 8
internal_value=0.000255144 -0.0569985 -0.0163497 -0.222332 0.0470295 0.00424457 -0.0155944 0.00216348 0.00782523 -0.0465276 -0.0685053 0.00481548
internal_weight=568 37 34 8 26 531 21 528 473 55 52 470
internal_count=568 37 34 8 26 531 21 528 473 55 52 470
is_linear=0
shrinkage=0.05


Tree=389
num_leaves=12
num_cat=0
split_feature=3 3 3 3 3 2 3 1 1 4 2
split_gain=85.4739 317.285 183.683 99.8625 123.291 73.6365 78.7345 91.5871 65.8241 45.5131 1.37245
threshold=1.234975698203449 1.2441142558800566 1.2305877188387628 1.2231501256029709 1.2140853558211844 3732.5650000000005 1.2554011339549793 40059.10500000001 38598.990000000005 36890.000000000007 4251.9350000000013
decision_type=2 2 2 2 2 2 2 2 2 2 2
left_child=2 -2 3 4 8 6 7 -3 -1 -8 -7
right_child=1 5 -4 -5 -6 10 9 -9 -10 -11 -12
leaf_value=0.0047624978172507758 -0.56827135582764876 -0.076029663781324863 0.30836103677749638 -0.28376518686612451 0.28207218647003174 -0.20275390346844993 -0.0039063438773155211 0.27342155456542966 -0.23010616898536684 -0.22878421346346536 -0.15492693980534866
leaf_weight=531 3.0000000000000027 3.0000000000000053 4.9999999999999991 2.9999999999999991 3.9999999999999991 2.9999999999999991 8.9999999999999982 5 2.9999999999999991 2.9999999999999991 3
leaf_count=531 3 3 5 3 4 3 9 5 3 3 3
internal_value=0.00225568 -0.0813913 0.00669847 0.00391046 0.0055146 -0.0252128 0.0208755 0.142377 0.00344301 -0.0601258 -0.17884
internal_weight=575 29 546 541 538 26 20 8 534 12 6
internal_count=575 29 546 541 538 26 20 8 534 12 6
is_linear=0
shrinkage=0.05


Tree=390
num_leaves=19
num_cat=0
split_feature=3 8 3 2 3 3 0 6 4 0 8 2 4 7 3 4 0 6
split_gain=119.966 240.901 281.616 245.039 257.513 498.922 258.11 129.354 293.594 274.631 292.81 134.921 125.538 96.0365 77.4378 68.2824 309.165 75.8918
threshold=1.138378225421983 4.5000000000000009 1.1428250960340522 2972.7550000000006 1.2075761408604913 1.1623153717739958 31558.700000000001 73.500000000000014 37162.000000000007 29881.155000000002 4.5000000000000009 18532.700000000001 35692.500000000007 4.5000000000000009 1.1710601444213546 37657.000000000007 31085.695000000003 75.500000000000014
decision_type=2 2 2 2 2 2 2 2 2 2 2 2 2 2 2 2 2 2
left_child=7 2 -2 -3 5 -5 -6 8 9 13 -11 15 -4 -1 -14 17 -17 -9
right_child=1 3 12 4 6 -7 -8 11 -10 10 -12 -13 14 -15 -16 16 -18 -19
leaf_value=-0.19247585998641106 0.42004786729812627 0.58570022583007819 0.23841926813125613 0.09756242687051947 -0.36184850931167573 0.7496493995189667 0.08720457535237075 0.048269947379827503 0.56595386266708381 0.50668152332305894 -0.11814873417218524 -0.34926509857177734 -0.073338604867458343 0.080828111171722422 0.013647296342631461 -0.48628876358270656 0.064750758239201137 -0.017583496442463781
leaf_weight=9.0000000000000053 3.9999999999999991 2.9999999999999991 4.9999999999999991 10.999999999999998 4.0000000000000027 3.9999999999999991 15.999999999999998 50 2.9999999999999991 5 3 2.9999999999999991 40 4.9999999999999991 71 3.9999999999999982 7 350
leaf_count=9 4 3 5 11 4 4 16 50 3 5 3 3 40 5 71 4 7 350
internal_value=0.00494594 0.0423067 0.00756418 0.15202 0.114848 0.271452 -0.00260604 -0.00850055 0.101947 0.0386736 0.27237 -0.0151701 -0.00665939 -0.0948673 -0.017699 -0.0127315 -0.135627 -0.00935182
internal_weight=597 158 120 38 35 15 20 439 25 22 8 414 116 14 111 411 11 400
internal_count=597 158 120 38 35 15 20 439 25 22 8 414 116 14 111 411 11 400
is_linear=0
shrinkage=0.05


Tree=391
num_leaves=18
num_cat=0
split_feature=2 1 5 4 4 0 2 2 0 1 4 6 4 4 0 0 0
split_gain=83.543 247.467 147.122 511.836 431.362 282.641 122.977 386.217 227.857 160.249 127.731 120.692 316.637 286.264 239.459 141.603 111.656
threshold=6234.6400000000003 36234.655000000006 18.500000000000004 35692.500000000007 35865.000000000007 30960.670000000002 4449.7000000000007 4251.9350000000013 30097.955000000005 35264.180000000008 35217.000000000007 73.500000000000014 37657.000000000007 37487.500000000007 29881.155000000002 30618.175000000007 31558.700000000001
decision_type=2 2 2 2 2 2 2 2 2 2 2 2 2 2 2 2 2
left_child=2 11 3 -1 -5 -6 7 10 -8 -10 -4 13 15 14 -2 -13 -9
right_child=1 -3 6 4 5 -7 8 16 9 -11 -12 12 -14 -15 -16 -17 -18
leaf_value=0.64215532541275033 -0.072979205693392155 -0.46676185131073 -0.2811465084552765 -0.44366065561771395 0.01659491851385082 0.29434984097113975 0.37969026088714602 -0.21773263096809387 -0.035850257371983878 0.10981257447174618 0.0063127438358047561 -0.045716356317843161 -0.46197433769702911 0.55006901423136401 0.25875166729092597 0.026130874302120868 -0.60357530117034897
leaf_weight=3.9999999999999991 17.000000000000007 2.9999999999999991 3.9999999999999991 3.9999999999999991 31 12.999999999999998 4.9999999999999991 5 41 35 114 155 3.9999999999999991 2.9999999999999991 7.9999999999999991 123 3
leaf_count=4 17 3 4 4 31 13 5 5 41 35 114 155 4 3 8 123 3
internal_value=0.00255617 -0.014826 0.0235625 0.0987494 0.0534656 0.0986589 0.00467492 -0.0262248 0.0527411 0.0312313 -0.00343164 -0.0104525 -0.0202831 0.0885562 0.0331747 -0.0139278 -0.362424
internal_weight=572 313 259 52 48 44 207 126 81 76 118 310 282 28 25 278 8
internal_count=572 313 259 52 48 44 207 126 81 76 118 310 282 28 25 278 8
is_linear=0
shrinkage=0.05


Tree=392
num_leaves=10
num_cat=0
split_feature=2 2 2 1 0 4 4 8 1
split_gain=462.136 86.6285 56.6751 605.339 1295.06 142.533 312.422 111.368 92.1366
threshold=18407.930000000004 1804.3950000000002 10102.955000000002 29938.350000000002 31373.400000000005 35134.500000000007 35217.000000000007 4.5000000000000009 34412.015000000007
decision_type=2 2 2 2 2 2 2 2 2
left_child=1 -1 5 7 -5 8 -7 -4 -3
right_child=-2 2 3 4 -6 6 -8 -9 -10
leaf_value=0.20182383775711063 -0.54470158219337461 -0.092289721480452683 -0.044165019706092982 1.2457570791244508 -0.22340312798817946 0.23741154601940742 -0.012557288183185918 0.043811479860118463 0.15434685051441194
leaf_weight=4.9999999999999991 3.9999999999999991 71 74 2.9999999999999991 3 12.999999999999998 325 70 3.9999999999999991
leaf_count=5 4 71 74 3 3 13 325 70 4
internal_value=-0.00915032 -0.00537883 -0.007219 0.0191044 0.511177 -0.0167795 -0.0029431 -0.00139867 -0.0791358
internal_weight=572 568 563 150 6 413 338 144 75
internal_count=572 568 563 150 6 413 338 144 75
is_linear=0
shrinkage=0.05


Tree=393
num_leaves=21
num_cat=0
split_feature=1 6 4 6 1 1 1 1 7 5 3 3 6 1 4 6 7 3 5 0
split_gain=148.47 319.069 453.569 408.965 89.477 525.624 692.016 269.189 178.366 252.17 150.451 300.545 138.595 132.307 93.6566 82.3964 66.5561 42.2247 20.4147 15.8797
threshold=24144.750000000004 75.500000000000014 31965.000000000004 77.500000000000014 34660.280000000006 34939.42500000001 34851.185000000005 34350.515000000007 3.5000000000000004 20.500000000000004 1.1292790347931108 1.1412642362143854 78.500000000000014 34087.070000000007 35987.500000000007 81.500000000000014 1.5000000000000002 0.76415203985191671 20.500000000000004 28953.150000000005
decision_type=2 2 2 2 2 2 2 2 2 2 2 2 2 2 2 2 2 2 2 2
left_child=1 2 -1 -3 7 6 -6 10 14 -10 13 -12 -9 -2 -7 -5 -14 -4 -17 -19
right_child=4 3 17 15 5 8 -8 12 9 -11 11 -13 16 -15 -16 18 -18 19 -20 -21
leaf_value=-0.72681095898151404 0.0066509992085021299 0.56213197509447743 0.0022442169487476354 -0.23431888818740845 0.035172566771507263 0.14785396111638924 1.0397572358449299 -0.51360392570495605 -0.16398826021523702 0.32607468068599704 -0.60095365842183435 0.06108469665050506 -0.25139766534169522 0.21246040426194668 0.028949422204448273 0.059827927233917347 -0.015890917181968688 -0.11315194765726722 -0.038206783224913207 -0.27583643595377594
leaf_weight=3.9999999999999991 327 2.9999999999999991 4.9999999999999982 4.9999999999999991 3.9999999999999991 19 3 2.9999999999999991 21.000000000000004 2.9999999999999991 2.9999999999999991 4 5.9999999999999982 7.9999999999999991 129 7.0000000000000027 6 3 22 3
leaf_count=4 327 3 5 5 4 19 3 3 21 3 3 4 6 8 129 7 6 3 22 3
internal_value=0.0043192 -0.076345 -0.270866 0.0025148 0.0121448 0.0409952 0.465709 -0.00232074 0.0237103 -0.10273 0.00677204 -0.222646 -0.209636 0.0115659 0.0442142 -0.0468632 -0.133644 -0.105068 -0.0145432 -0.194494
internal_weight=588 52 15 37 536 179 7 357 172 24 342 7 15 335 148 34 12 11 29 6
internal_count=588 52 15 37 536 179 7 357 172 24 342 7 15 335 148 34 12 11 29 6
is_linear=0
shrinkage=0.05


Tree=394
num_leaves=17
num_cat=0
split_feature=1 6 1 1 0 6 4 3 0 1 0 0 1 0 1 6
split_gain=109.677 453.258 143.3 137.174 159.599 268.907 140.947 137.753 113.115 102.338 84.7109 232.383 208.806 73.7912 170.453 107.514
threshold=37325.745000000003 82.500000000000014 39429.160000000011 36041.67500000001 30912.530000000002 74.500000000000014 35692.500000000007 1.2084574114048838 32001.495000000003 37429.965000000004 29913.860000000004 29966.105000000007 31575.965000000004 32065.465000000004 40539.980000000003 77.500000000000014
decision_type=2 2 2 2 2 2 2 2 2 2 2 2 2 2 2 2
left_child=3 9 -3 8 7 -6 -7 -5 10 -2 12 -12 -1 15 -15 -11
right_child=1 2 -4 4 5 6 -8 -9 -10 13 11 -13 -14 14 -16 -17
leaf_value=0.011092053742167797 0.29147205948829652 0.62387636899948107 0.20064528584480282 0.22901119391123459 -0.6040864785512281 0.21784702539443945 -0.14485245007276534 -0.1263390129804611 -0.30787281195322674 -0.062233895733952528 -0.26245434019300673 -0.0051396967257772179 0.21197598954041799 -0.29258393694957102 0.16900702118873592 0.10171287022531034
leaf_weight=94 2.9999999999999991 4 4 5.9999999999999982 3.0000000000000027 3.0000000000000027 25 5 2.9999999999999991 20 8.9999999999999982 350 14.999999999999998 5.9999999999999982 3 20
leaf_count=94 3 4 4 6 3 3 25 5 3 20 9 350 15 6 3 20
internal_value=-0.00207045 0.0618933 0.412261 -0.00955159 -0.0961347 -0.154195 -0.105992 0.0674884 -0.0018308 0.00799064 0.000131004 -0.0115905 0.0387366 -0.00936537 -0.13872 0.0197395
internal_weight=573 60 8 513 42 31 28 11 471 52 468 359 109 49 9 40
internal_count=573 60 8 513 42 31 28 11 471 52 468 359 109 49 9 40
is_linear=0
shrinkage=0.05


Tree=395
num_leaves=14
num_cat=0
split_feature=1 1 2 1 2 1 2 4 0 4 1 1 6
split_gain=91.2295 149.399 151.982 144.433 88.0325 82.5802 99.849 72.3397 533.176 78.223 33.8486 29.9186 23.8309
threshold=38660.595000000008 39429.160000000011 3922.6700000000005 38465.170000000006 2160.6250000000005 40059.10500000001 3175.1200000000003 33030.000000000007 31064.360000000004 33155.000000000007 40539.980000000003 39081.615000000013 77.500000000000014
decision_type=2 2 2 2 2 2 2 2 2 2 2 2 2
left_child=3 2 11 4 -1 6 12 8 -6 -9 -7 -2 -3
right_child=1 5 -4 -5 7 10 -8 9 -10 -11 -12 -13 -14
leaf_value=0.27009780804316202 0.21707341670989977 -0.097588212291399565 0.5376884520053864 -0.34788945515950526 -0.0010190520063042641 0.25638056198755899 -0.33583323955535882 -0.12928799591385401 0.46010544896125793 -0.004935926676712811 0.034203683212399479 0.023686982132494445 0.088834296166896809
leaf_weight=2.9999999999999991 4.0000000000000018 3.0000000000000018 2.9999999999999991 2.9999999999999991 60 2.9999999999999991 3 12.999999999999998 6.9999999999999991 465 4 4 4
leaf_count=3 4 3 3 3 60 3 3 13 7 465 4 4 4
internal_value=0.00256892 0.090612 0.234192 -0.00190514 -1.1061e-05 -0.0022924 -0.0944927 -0.0014979 0.0471581 -0.00831789 0.129422 0.12038 0.00893894
internal_weight=579 28 11 551 548 17 10 545 67 478 7 8 7
internal_count=579 28 11 551 548 17 10 545 67 478 7 8 7
is_linear=0
shrinkage=0.05


Tree=396
num_leaves=14
num_cat=0
split_feature=2 4 2 6 4 0 4 1 6 0 2 2 4
split_gain=118.272 46.5802 608.732 228.837 204.839 66.9751 66.2944 183.863 245.843 193.08 117.471 157.948 102.604
threshold=1804.3950000000002 37010.000000000007 9332.0850000000009 73.500000000000014 37332.500000000007 30525.060000000001 34732.500000000007 30672.995000000006 85.500000000000014 31448.245000000006 4206.545000000001 4548.0250000000005 35987.500000000007
decision_type=2 2 2 2 2 2 2 2 2 2 2 2 2
left_child=-1 6 3 5 -5 -3 7 9 -9 -2 12 -12 -8
right_child=1 2 -4 4 -6 -7 10 8 -10 -11 11 -13 -14
leaf_value=0.25206326365470888 0.014173471690425515 -0.13143746465444564 0.73602735499540972 0.13325721814825728 -0.0018543136546966333 -0.43026868104934685 0.18932721793651583 0.078569319668938126 0.51423553377389908 -0.30211385130882262 -0.17394709947862125 -0.021758291136518303 0.013881926283240318
leaf_weight=4.9999999999999991 138 5 2.9999999999999991 37 116 3 9.9999999999999982 17.000000000000004 3.9999999999999991 4.9999999999999991 19 166 50
leaf_count=5 138 5 3 37 116 3 10 17 4 5 19 166 50
internal_value=0.00993825 0.00782547 0.0303384 0.017189 0.0308197 -0.243499 -0.00120174 0.0234024 0.161553 0.00311447 -0.0176714 -0.0373885 0.0431228
internal_weight=578 573 164 161 153 8 409 164 21 143 245 185 60
internal_count=578 573 164 161 153 8 409 164 21 143 245 185 60
is_linear=0
shrinkage=0.05


Tree=397
num_leaves=17
num_cat=0
split_feature=0 6 2 3 3 2 2 4 2 6 6 2 2 6 2 2
split_gain=61.6837 49.8171 62.8882 46.472 208.319 240.976 150.58 130.57 101.567 79.9764 104.073 43.6175 14.7336 4.86853 3.03919 1.20312
threshold=28826.010000000006 73.500000000000014 13915.825000000003 0.81230364281544654 0.83588294002799668 12838.975000000002 12769.800000000001 33797.500000000007 14207.435000000003 73.500000000000014 74.500000000000014 18332.850000000002 15940.015000000001 87.500000000000014 13747.275000000003 12455.875000000002
decision_type=2 2 2 2 2 2 2 2 2 2 2 2 2 2 2 2
left_child=1 -1 13 9 7 6 -6 8 -5 -2 -11 -12 -9 15 -7 -3
right_child=3 2 -4 4 5 14 -8 12 -10 10 11 -13 -14 -15 -16 -17
leaf_value=-0.27653728121270738 0.17580431103706362 -0.15152152180671696 0.15028441399335862 0.16453209340572361 0.0077715505890916517 -0.29751989245414728 0.36310660243034365 -0.035981381684541701 0.5025600492954253 -0.30103571116924288 -0.048187288101762538 0.14948419133822125 0.11060146888097125 -0.057439191142717984 -0.23588396608829496 -0.10963408549626666
leaf_weight=2.9999999999999991 3.9999999999999991 3.9999999999999982 2.9999999999999991 4.9999999999999982 483 4 2.9999999999999991 3.9999999999999991 4 3.9999999999999991 40 2.9999999999999991 3 3 4 3
leaf_count=3 4 4 3 5 483 4 3 4 4 4 40 3 3 3 4 3
internal_value=0.00392394 -0.092879 -0.0504964 0.00668481 0.0112356 0.00548454 0.00996498 0.188799 0.314767 -0.0388228 -0.057089 -0.0343963 0.0268398 -0.110731 -0.266702 -0.13357
internal_weight=577 16 13 561 510 494 486 16 9 51 47 43 7 10 8 7
internal_count=577 16 13 561 510 494 486 16 9 51 47 43 7 10 8 7
is_linear=0
shrinkage=0.05


end of trees

feature_importances:
total_load=1261
renewable_power=1236
net_load=1124
thermal_space_load_ratio=819
thermal_on_capacity=752
period=485
weekday=230
hour=138
month=134
is_weekend=2

parameters:
[boosting: gbdt]
[objective: regression]
[metric: rmse]
[tree_learner: serial]
[device_type: cpu]
[data_sample_strategy: bagging]
[data: ]
[valid: ]
[num_iterations: 400]
[learning_rate: 0.05]
[num_leaves: 31]
[num_threads: 0]
[seed: 42]
[deterministic: 0]
[force_col_wise: 0]
[force_row_wise: 0]
[histogram_pool_size: -1]
[max_depth: 5]
[min_data_in_leaf: 3]
[min_sum_hessian_in_leaf: 0.001]
[bagging_fraction: 0.85]
[pos_bagging_fraction: 1]
[neg_bagging_fraction: 1]
[bagging_freq: 1]
[bagging_seed: 400]
[bagging_by_query: 0]
[feature_fraction: 0.85]
[feature_fraction_bynode: 1]
[feature_fraction_seed: 30056]
[extra_trees: 0]
[extra_seed: 12879]
[early_stopping_round: 0]
[early_stopping_min_delta: 0]
[first_metric_only: 0]
[max_delta_step: 0]
[lambda_l1: 0]
[lambda_l2: 0]
[linear_lambda: 0]
[min_gain_to_split: 0]
[drop_rate: 0.1]
[max_drop: 50]
[skip_drop: 0.5]
[xgboost_dart_mode: 0]
[uniform_drop: 0]
[drop_seed: 17869]
[top_rate: 0.2]
[other_rate: 0.1]
[min_data_per_group: 100]
[max_cat_threshold: 32]
[cat_l2: 10]
[cat_smooth: 10]
[max_cat_to_onehot: 4]
[top_k: 20]
[monotone_constraints: ]
[monotone_constraints_method: basic]
[monotone_penalty: 0]
[feature_contri: ]
[forcedsplits_filename: ]
[refit_decay_rate: 0.9]
[cegb_tradeoff: 1]
[cegb_penalty_split: 0]
[cegb_penalty_feature_lazy: ]
[cegb_penalty_feature_coupled: ]
[path_smooth: 0]
[interaction_constraints: ]
[verbosity: -1]
[saved_feature_importance_type: 0]
[use_quantized_grad: 0]
[num_grad_quant_bins: 4]
[quant_train_renew_leaf: 0]
[stochastic_rounding: 1]
[linear_tree: 0]
[max_bin: 255]
[max_bin_by_feature: ]
[min_data_in_bin: 3]
[bin_construct_sample_cnt: 200000]
[data_random_seed: 175]
[is_enable_sparse: 1]
[enable_bundle: 1]
[use_missing: 1]
[zero_as_missing: 0]
[feature_pre_filter: 1]
[pre_partition: 0]
[two_round: 0]
[header: 0]
[label_column: ]
[weight_column: ]
[group_column: ]
[ignore_column: ]
[categorical_feature: ]
[forcedbins_filename: ]
[precise_float_parser: 0]
[parser_config_file: ]
[objective_seed: 16083]
[num_class: 1]
[is_unbalance: 0]
[scale_pos_weight: 1]
[sigmoid: 1]
[boost_from_average: 1]
[reg_sqrt: 0]
[alpha: 0.9]
[fair_c: 1]
[poisson_max_delta_step: 0.7]
[tweedie_variance_power: 1.5]
[lambdarank_truncation_level: 30]
[lambdarank_norm: 1]
[label_gain: ]
[lambdarank_position_bias_regularization: 0]
[eval_at: ]
[multi_error_top_k: 1]
[auc_mu_weights: ]
[num_machines: 1]
[local_listen_port: 12400]
[time_out: 120]
[machine_list_filename: ]
[machines: ]
[gpu_platform_id: -1]
[gpu_device_id: -1]
[gpu_use_dp: 0]
[num_gpu: 1]

end of parameters

pandas_categorical:[]
