tree
version=v4
num_class=1
num_tree_per_iteration=1
label_index=0
max_feature_idx=10
objective=regression
feature_names=total_load net_load renewable_power thermal_space_load_ratio thermal_on_capacity hour period weekday month is_weekend is_holiday
feature_infos=[25280.099999999999:43248.199999999997] [544.02999999999884:40224.789999999994] [1819.72:28713.84] [0.020645672996645218:0.95544019374254663] [27170:46830] [16:17] [67:72] [0:6] [2:5] [0:1] none
tree_sizes=2062 2121 2110 2244 2378 2354 2101 2190 2234 2398 2317 2458 1974 2607 2251 1832 2561 2216 2314 2354 2410 2086 2299 2128 2457 2230 2235 2483 2488 2501 2546 2356 2175 2158 2001 2524 2505 2300 2273 1685 2239 2006 2328 2082

Tree=0
num_leaves=23
num_cat=0
split_feature=1 1 2 6 2 2 7 4 4 1 2 2 4 2 1 4 0 7 1 8 4 2
split_gain=2.21645e+07 3.96541e+06 1.89264e+06 2.03841e+06 1.6247e+06 1.60709e+06 735352 582956 782567 421580 350208 317533 273001 194222 168872 175126 65468.9 106005 43065 38353.9 34201.3 30879.3
threshold=33894.500000000007 17280.730000000003 4904.5400000000009 69.500000000000014 2610.5100000000007 7574.5400000000009 3.5000000000000004 36349.500000000007 36212.500000000007 13121.130000000001 4216.0950000000012 5478.4950000000008 38272.500000000007 5211.5100000000011 23833.400000000005 38272.500000000007 33967.30000000001 5.5000000000000009 14777.825000000006 4.5000000000000009 35865.000000000007 14847.130000000003
decision_type=2 2 2 2 2 2 2 2 2 2 2 2 2 2 2 2 2 2 2 2 2 2
left_child=1 9 3 10 -5 7 -6 8 -3 16 -2 -4 18 -9 15 -7 19 -18 -11 -1 -16 -14
right_child=2 5 11 4 6 14 -8 13 -10 12 -12 -13 21 -15 20 -17 17 -19 -20 -21 -22 -23
leaf_value=310.25914720147625 385.07944990372749 327.22944956994144 343.39028351680525 377.02944990372748 362.06469999528019 323.30169706521502 344.72964199941066 332.54056081085821 348.21025007462589 317.62748302038597 367.99611657039412 326.32944957947819 315.0114497460533 327.44708895698619 326.33544958329287 319.28080097670903 310.67769997493514 320.53524969315617 320.92748412445582 314.56078280981467 324.30957755942433 310.47424970841496
leaf_weight=38 5.9999999999999982 8 5.9999999999999982 5.9999999999999991 7.9999999999999991 101 26 27 10 14.999999999999998 6 5 5.9999999999999991 61 25 37 5.9999999999999982 5 29 5.9999999999999991 125 9.9999999999999982
leaf_count=38 3 6 3 3 4 101 13 17 5 15 3 3 6 39 18 37 6 5 29 6 113 10
internal_value=326.502 323.039 354.478 358.464 353.042 325.423 348.808 330.687 338.885 314.87 376.538 335.635 317.769 329.01 323.486 322.224 311.708 315.158 319.802 310.846 324.647 312.176
internal_weight=572 509 63 52 40 394 34 106 18 115 12 11 60 88 288 138 55 11 44 44 150 16
internal_count=483 451 32 26 20 336 17 67 11 115 6 6 60 56 269 138 55 11 44 44 131 16
is_linear=0
shrinkage=1


Tree=1
num_leaves=23
num_cat=0
split_feature=1 1 2 6 2 3 1 7 8 2 8 0 6 7 3 0 0 1 0 7 6 8
split_gain=1.96108e+07 3.63237e+06 2.49233e+06 1.83207e+06 1.31973e+06 1.28626e+06 984439 597759 557432 316063 278602 441801 235442 127156 101996 91293.2 69219.1 69102.7 66255 86031.6 37838 35191.3
threshold=33894.500000000007 21592.340000000004 4752.5500000000011 69.500000000000014 7163.8200000000006 0.93350698434365709 13121.130000000001 1.5000000000000002 3.5000000000000004 4216.0950000000012 3.5000000000000004 35144.000000000007 67.500000000000014 1.0000000180025095e-35 0.75789627178945917 40122.700000000004 34482.850000000013 15115.675000000001 33967.30000000001 5.5000000000000009 70.500000000000014 4.5000000000000009
decision_type=2 2 2 2 2 2 2 2 2 2 2 2 2 2 2 2 2 2 2 2 2 2
left_child=1 6 3 9 10 7 18 -5 13 -2 12 -12 -3 -8 20 -4 -16 -10 21 -20 -6 -1
right_child=2 4 15 5 14 -7 8 -9 17 -11 11 -13 -14 -15 16 -17 -18 -19 19 -21 -22 -23
leaf_value=-15.346567442358996 55.746026611328141 11.196403081076486 8.4481663227081309 34.813098144531253 -3.2243852575620018 41.131526184082034 -4.5786530303955075 17.304729436911071 -7.520405197143555 39.516861979166663 20.739488220214845 6.084650066163805 1.3240365646102212 -13.23495091029576 6.1870042920112613 -0.69980581283569332 -0.62535643729296597 -3.9573002406529021 -14.978884887695315 -5.70356231689453 -1.6621204574291522 -11.246705627441408
leaf_weight=41 5.9999999999999982 6.9999999999999991 5.9999999999999982 5.9999999999999991 96 9.9999999999999982 4.9999999999999991 26 15.999999999999998 6 5.9999999999999991 36 44 28 3.9999999999999991 5 55 91 4.9999999999999982 5 65 5.9999999999999991
leaf_count=41 3 4 3 3 96 5 5 13 16 3 3 22 29 28 2 3 42 91 5 5 58 6
internal_value=0.117845 -3.17867 25.9828 30.4017 0.168982 25.479 -8.49754 20.5875 -6.24223 47.6314 5.16255 8.1782 2.67907 -11.9234 -1.94193 4.29 -0.163501 -4.4901 -14.0369 -10.3412 -2.59366 -14.8232
internal_weight=575 510 65 54 313 42 197 32 140 12 93 42 51 33 220 11 59 107 57 10 161 47
internal_count=486 453 33 27 256 21 197 16 140 6 58 25 33 33 198 6 44 107 57 10 154 47
is_linear=0
shrinkage=0.05


Tree=2
num_leaves=23
num_cat=0
split_feature=1 1 2 2 6 3 4 4 4 1 2 0 4 3 1 8 0 7 4 8 1 7
split_gain=2.07853e+07 3.12843e+06 2.17793e+06 1.33407e+06 1.06348e+06 704374 631822 390913 616229 364026 285247 256532 208198 204748 168497 197618 60098.4 80591.1 36741.6 31285.9 28203.9 24924.1
threshold=33894.500000000007 17280.730000000003 4752.5500000000011 7574.5400000000009 69.500000000000014 0.93350698434365709 46380.000000000007 36349.500000000007 36212.500000000007 13238.220000000003 4216.0950000000012 40122.700000000004 38272.500000000007 0.84555117463234464 23833.400000000005 2.5000000000000004 33967.30000000001 5.5000000000000009 36520.000000000007 4.5000000000000009 14777.825000000006 1.5000000000000002
decision_type=2 2 2 2 2 2 2 2 2 2 2 2 2 2 2 2 2 2 2 2 2 2
left_child=1 9 4 7 10 6 -6 8 -3 16 -2 -4 20 -9 15 -5 19 -18 -16 -1 -11 -14
right_child=2 3 11 14 5 -7 -8 13 -10 12 -12 -13 21 -15 18 -17 17 -19 -20 -21 -22 -23
leaf_value=-14.55621187210083 52.958728027343767 1.0713951301574705 14.669925475120548 -8.2903593229210895 21.03237802584966 41.358197450637817 39.172776285807295 0.23220723386396444 18.624586486816405 -7.8015620867411304 37.5410166422526 -0.66481553077697741 -10.388976414998373 4.8330294257118593 -0.43283729173920371 -3.2240950612698569 -14.263040771484379 -5.2857843780517575 -2.1469241367446052 -10.684370390574138 -4.9193433301202187 -14.652054595947266
leaf_weight=40 5.9999999999999982 10 5.9999999999999982 23 24.000000000000004 7.9999999999999991 5.9999999999999991 57 10 11.999999999999998 6 5 5.9999999999999991 42 44 118 4.9999999999999982 5 108 5.9999999999999991 29 7.9999999999999991
leaf_count=40 3 7 3 23 12 4 3 39 5 12 3 3 6 24 34 118 5 5 100 6 29 8
internal_value=0.221906 -2.99958 27.8422 -0.992357 32.2736 28.1758 24.6605 3.47212 9.84799 -10.4498 45.2499 7.69959 -7.56055 2.18407 -2.80558 -4.05051 -13.2875 -9.77441 -1.65074 -14.0512 -5.76292 -12.825
internal_weight=584 523 61 412 50 38 30 119 20 111 12 11 55 99 293 141 56 10 152 46 41 14
internal_count=492 461 31 350 25 19 15 75 12 111 6 6 55 63 275 141 56 10 134 46 41 14
is_linear=0
shrinkage=0.05


Tree=3
num_leaves=24
num_cat=0
split_feature=1 1 7 2 2 0 1 7 4 4 4 4 1 0 3 7 1 1 2 7 4 1 7
split_gain=1.47767e+07 2.83508e+06 2.20316e+06 2.68897e+06 1.17152e+06 1.07068e+06 632200 527305 438396 610550 369913 337744 329101 229845 117950 99995.4 50060.2 40521 34999.4 34160 30227.7 4274.22 344.434
threshold=34159.075000000004 20423.035000000007 5.5000000000000009 3606.0450000000005 6661.8450000000012 40122.700000000004 13121.130000000001 4.5000000000000009 37162.000000000007 36212.500000000007 38272.500000000007 45077.500000000007 35907.485000000008 35767.350000000013 0.75789627178945917 1.0000000180025095e-35 15115.675000000001 10599.285 22706.800000000007 1.5000000000000002 38272.500000000007 37432.69000000001 3.5000000000000004
decision_type=2 2 2 2 2 2 2 2 2 2 2 2 2 2 2 2 2 2 2 2 2 2 2
left_child=1 6 3 11 8 -4 17 12 9 -3 16 -2 -5 -10 20 -12 -8 22 -19 -16 -6 -7 -1
right_child=2 4 5 7 14 21 10 -9 13 -11 15 -13 -14 -15 19 -17 -18 18 -20 -21 -22 -23 -24
leaf_value=-13.601317977905268 51.661739501953129 1.3140586217244472 25.563541030883776 7.1825213491916662 -1.8010704100759405 -1.7736131668090824 -6.9710476175944009 28.989615783691399 -2.3335812788743242 22.413655090332028 -3.5238902568817112 36.65632731119792 21.524355697631837 5.1292070646286021 1.2862540006637575 -12.038389247894287 -3.7958994123670795 -11.974949116177028 -6.8042939186096199 -0.82877046267191568 -3.1247164478784875 0.20578878720601398 -13.986856079101564
leaf_weight=8.0000000000000018 9.9999999999999982 5.9999999999999973 6.0000000000000027 7.9999999999999991 95 4.9999999999999982 14.999999999999998 10.000000000000002 12.999999999999998 8 4.0000000000000027 5.9999999999999991 7.9999999999999991 50 28 25 72 18.000000000000004 3.9999999999999991 60 79 6 21
leaf_count=8 5 4 3 4 91 3 15 5 12 4 4 3 4 27 17 25 72 18 4 47 76 3 21
internal_value=0.0801414 -2.68098 23.7602 29.9073 -0.0541239 8.57341 -8.01333 19.9827 5.36776 13.371 -5.9735 46.0347 14.3534 3.58927 -1.64758 -10.864 -4.34334 -12.653 -11.0348 -0.155808 -2.40204 -0.693939 -13.8805
internal_weight=565 506 59 42 339 17 167 26 77 14 116 16 16 63 262 29 87 51 22 88 174 11 29
internal_count=475 445 30 21 278 9 167 13 47 8 116 8 8 39 231 29 87 51 22 64 167 6 29
is_linear=0
shrinkage=0.05


Tree=4
num_leaves=26
num_cat=0
split_feature=3 1 0 0 7 2 3 2 3 8 0 8 3 0 1 8 0 0 7 7 3 0 2 2 7
split_gain=1.10757e+07 2.30438e+06 1.81506e+06 872913 1.9547e+06 687920 682485 583174 308265 273427 292808 242799 221160 195140 132933 203853 67721.8 61365 68430.3 57088.8 34295.7 31371.7 28767.2 17695.4 181.435
threshold=0.86537915874890925 17280.730000000003 38567.400000000009 40980.350000000006 4.5000000000000009 3606.0450000000005 0.79381852789526242 3449.7600000000007 0.3777771521782825 3.5000000000000004 35382.05000000001 3.5000000000000004 0.88632629621522552 39831.450000000004 22351.475000000009 2.5000000000000004 36947.30000000001 33967.30000000001 5.5000000000000009 1.0000000180025095e-35 0.68138338603109849 37502.450000000004 18673.055000000004 14688.535000000002 3.5000000000000004
decision_type=2 2 2 2 2 2 2 2 2 2 2 2 2 2 2 2 2 2 2 2 2 2 2 2 2
left_child=1 8 12 4 13 -6 14 -5 17 19 -11 23 16 -4 15 -3 -2 24 -19 -8 -16 -14 -13 -10 -1
right_child=2 6 3 7 5 -7 9 -9 11 10 -12 22 21 -15 20 -17 -18 18 -20 -21 -22 -23 -24 -25 -26
leaf_value=-13.060643768310548 7.3082337188720663 -9.226015459001065 5.7354742050170913 -0.48783399264017746 48.869871012369771 29.566417317390446 3.5289774572849275 21.557083384195963 -9.6072108840942327 18.55666198730469 4.2081131160259249 -4.3775184758504233 -3.080702209472657 17.663994852701819 -2.8510779884126451 -3.0681651348159429 14.027451833089195 -12.98272872924805 -4.7104672241210928 -0.67463158879961282 -1.3536585696780956 2.6358396212259927 -6.9058995776706276 -13.107305497389573 -13.286676897321428
leaf_weight=12.999999999999998 10.000000000000005 15.999999999999998 7.9999999999999982 5.9999999999999982 6.0000000000000027 20 9.9999999999999982 6 5.0000000000000027 3.9999999999999991 32 30 3.9999999999999982 6 54 84 5.9999999999999991 4.9999999999999982 5 42 131 6 18 12.999999999999998 28
leaf_count=13 5 16 4 3 3 10 6 3 5 2 20 30 4 3 54 84 3 5 5 29 116 3 18 13 28
internal_value=-0.530919 -3.3166 16.9688 22.3621 25.9104 34.0211 -1.39621 10.5346 -9.43884 2.45274 5.8024 -7.18277 6.18228 10.8477 -2.58467 -4.05342 9.82794 -12.3585 -8.8466 0.133755 -1.79074 0.349223 -5.32566 -12.1351 -13.215
internal_weight=568 490 78 52 40 26 373 12 117 88 36 66 26 14 285 100 16 51 10 52 185 10 48 18 41
internal_count=485 444 41 26 20 13 327 6 117 57 22 66 15 7 270 100 8 51 10 35 170 7 48 18 41
is_linear=0
shrinkage=0.05


Tree=5
num_leaves=26
num_cat=0
split_feature=3 4 3 0 4 7 3 2 4 4 3 0 3 4 0 0 0 4 0 7 3 2 8 4 7
split_gain=1.17081e+07 2.75977e+06 1.89635e+06 1.66171e+06 1.26171e+06 583456 533339 530904 566963 593096 499102 423209 458609 370480 113170 87186.9 74561 62077.6 53710.1 61758.4 52193.5 49620.1 36976.9 26618.5 543.675
threshold=0.86537915874890925 44735.000000000007 0.58015931759015771 40695.700000000004 45077.500000000007 5.5000000000000009 0.92672952989997215 7574.5400000000009 36349.500000000007 36212.500000000007 0.3777771521782825 38939.150000000001 0.89429637031143683 38272.500000000007 35783.600000000006 33195.950000000004 36390.05000000001 37329.500000000007 33967.30000000001 5.5000000000000009 0.68138338603109849 18673.055000000004 3.5000000000000004 38272.500000000007 3.5000000000000004
decision_type=2 2 2 2 2 2 2 2 2 2 2 2 2 2 2 2 2 2 2 2 2 2 2 2 2
left_child=2 11 10 4 5 -3 -5 8 9 -4 18 14 -13 21 -2 23 -15 -10 24 -20 -17 -12 -16 -9 -1
right_child=1 3 7 6 -6 -7 -8 15 17 -11 13 12 -14 16 22 20 -18 -19 19 -21 -22 -23 -24 -25 -26
leaf_value=-12.244269625345867 -3.0880564880371075 46.712264404296867 0.21794245243072508 20.479229736328129 14.559602594375612 30.899214880807058 -0.60273737907409664 -2.8694585800170889 2.9869303199979997 18.483112182617187 -3.3589495350332821 24.9475087483724 6.6608444690704349 -11.568211685180664 3.5667300224304195 -2.7135989058718963 -5.3615078449249269 -0.40362423636295186 -12.333592224121098 -4.4749440002441396 -1.1226361534977689 -6.0455383051996652 7.9552160263061511 -6.1997806294759119 -12.651138335007888
leaf_weight=11.999999999999998 5.0000000000000027 10 8 5.9999999999999982 7.9999999999999991 14 6 10.000000000000002 18 10 68 5.9999999999999991 7.9999999999999991 25.000000000000004 12 85 5.9999999999999991 54 4.9999999999999982 5 131 23 8 14.999999999999998 26
leaf_count=12 5 5 6 3 4 7 3 10 9 5 68 3 4 25 6 84 6 38 5 5 114 23 4 15 26
internal_value=-0.171543 17.2219 -3.0531 25.8056 31.7559 37.488 9.93825 -0.848546 2.42826 10.3653 -7.34549 7.5378 14.498 -5.64615 3.64009 -2.07225 -10.3669 0.444014 -11.6647 -8.40427 -1.74871 -4.03798 5.32212 -4.86765 -12.5227
internal_weight=584 83 501 44 32 24 12 331 90 18 170 39 14 122 25 241 31 72 48 10 216 91 20 25 38
internal_count=495 44 451 22 16 12 6 281 58 11 170 22 7 122 15 223 31 47 48 10 198 91 10 25 38
is_linear=0
shrinkage=0.05


Tree=6
num_leaves=23
num_cat=0
split_feature=1 1 2 6 2 3 4 4 4 2 1 4 4 1 4 7 0 7 4 4 1 2
split_gain=1.18638e+07 2.12194e+06 1.37473e+06 1.08221e+06 1.00646e+06 970918 992245 508519 459599 365464 221044 220675 136624 118744 93029.9 86458.4 60348.9 43786 24665.5 21279.9 21173.2 10126
threshold=33894.500000000007 17280.730000000003 4752.5500000000011 69.500000000000014 7233.6000000000013 0.93350698434365709 46380.000000000007 36349.500000000007 36212.500000000007 4216.0950000000012 13121.130000000001 44395.000000000007 38272.500000000007 25026.994999999999 38272.500000000007 2.5000000000000004 33967.30000000001 5.5000000000000009 35865.000000000007 39052.500000000007 15115.675000000001 18580.865000000002
decision_type=2 2 2 2 2 2 2 2 2 2 2 2 2 2 2 2 2 2 2 2 2 2
left_child=1 10 3 9 7 6 -5 8 -3 -2 16 -9 20 14 -6 -4 21 -18 -15 -14 -12 -1
right_child=2 4 15 5 13 -7 -8 11 -10 -11 12 -13 19 18 -16 -17 17 -19 -20 -21 -22 -23
leaf_value=-9.2735027313232425 43.648189290364584 1.7773413521902897 6.9548759778340674 11.374206030368805 -2.1859096209987885 32.382921228408819 33.531704711914067 0.89863338150195227 18.481904907226561 27.323855590820315 -6.4974873479207362 7.8008294258798871 -12.285262107849123 0.83846203299129718 -4.7084472422506298 -1.947569770812988 -11.715371195475257 -4.0746034240722651 -1.1975792705010968 -8.5103503908429818 -4.1695399761199949 -11.915066117506761
leaf_weight=3.9999999999999991 5.9999999999999991 7.0000000000000009 5.9999999999999982 32 129 9.9999999999999982 5.9999999999999991 67 10 7.9999999999999991 14.999999999999998 13.999999999999998 7.9999999999999982 17 51 5 3 5 119 7 28 39
leaf_count=4 3 4 3 16 128 5 3 45 5 4 15 7 8 11 51 3 3 5 103 7 28 39
internal_value=0.316124 -2.31942 19.1982 22.0883 -0.685243 18.5207 14.8728 3.74164 11.6036 34.32 -8.52628 2.09161 -6.4149 -2.05814 -2.90063 2.90831 -10.9275 -6.93989 -0.943074 -10.5236 -4.98161 -11.6693
internal_weight=596 523 73 62 414 48 38 98 17 14 109 81 58 316 180 11 51 8 136 15 43 43
internal_count=500 463 37 31 354 24 19 61 9 7 109 52 58 293 179 6 51 8 114 15 43 43
is_linear=0
shrinkage=0.05


Tree=7
num_leaves=24
num_cat=0
split_feature=1 1 7 2 0 2 6 1 8 8 7 7 1 2 0 7 7 1 0 7 8 1 3
split_gain=1.07418e+07 2.13726e+06 1.55259e+06 1.64071e+06 1.29518e+06 744862 665238 567680 326074 215019 205350 158907 145499 107967 53237.1 52021.1 47423.2 37434.3 36749.4 57843.4 19965.6 12229.2 4571.29
threshold=34159.075000000004 21592.340000000004 5.5000000000000009 3606.0450000000005 40695.700000000004 6435.8300000000008 70.500000000000014 13121.130000000001 3.5000000000000004 2.5000000000000004 4.5000000000000009 2.5000000000000004 35907.485000000008 8525.2850000000017 35475.80000000001 2.5000000000000004 1.0000000180025095e-35 17280.730000000003 33967.30000000001 5.5000000000000009 3.5000000000000004 12567.495000000003 0.92672952989997215
decision_type=2 2 2 2 2 2 2 2 2 2 2 2 2 2 2 2 2 2 2 2 2 2 2
left_child=1 7 3 10 -4 9 -5 18 16 14 -2 -11 -8 15 -3 -7 -9 -10 21 -20 -15 -1 -6
right_child=2 5 4 6 22 13 12 8 17 11 -12 -13 -14 20 -16 -17 -18 -19 19 -21 -22 -23 -24
leaf_value=-11.311343710763115 31.227803039550793 -3.8429927825927717 22.440806274414058 27.022046661376944 -3.5384899044036873 1.3526317030191422 4.054973316192628 -2.9236995379130049 -4.3987896052273845 8.155523447195689 42.92824279785156 2.7617443908344619 15.066302490234373 -2.2274022433783984 1.7862821102142334 -1.1500404855518631 -9.5169755601882944 -2.5271033756873189 -11.152570215861004 -3.8708733367919912 -1.1584211447409221 -8.4180440902709961 -1.4914560556411742
leaf_weight=42 5.9999999999999973 6.0000000000000027 10.000000000000002 10.000000000000002 4.9999999999999982 56 5.9999999999999982 2.9999999999999991 44 36 10 22 6 91 13.999999999999998 33 30 68 5.9999999999999982 5 84 3.9999999999999991 6
leaf_count=42 3 6 5 5 3 34 3 3 44 19 5 14 3 87 8 28 30 68 6 5 78 4 3
internal_value=0.0643084 -2.13343 20.3282 26.3578 9.41747 0.275153 17.4976 -6.21133 -4.54945 4.56804 38.5406 6.10961 9.56064 -0.993201 0.0974996 0.424675 -8.91759 -3.26241 -10.4389 -7.84271 -1.71429 -11.0598 -2.42193
internal_weight=603 544 59 38 21 342 22 202 145 78 16 58 12 264 20 89 33 112 57 11 175 46 11
internal_count=506 476 30 19 11 274 11 202 145 47 8 33 6 227 14 62 33 112 57 11 165 46 6
is_linear=0
shrinkage=0.05


Tree=8
num_leaves=24
num_cat=0
split_feature=1 1 2 7 4 4 3 0 4 1 7 4 4 4 3 1 4 4 0 7 4 8 3
split_gain=9.08276e+06 1.59353e+06 1.17962e+06 888874 2.72601e+06 1.20423e+06 572170 500472 440710 324482 321194 289631 435133 238643 121516 58375.2 78071.9 42011.7 37196.1 56209.8 24389.7 24213.3 15324.2
threshold=33894.500000000007 19016.215000000004 4216.0950000000012 5.5000000000000009 44810.000000000007 44810.000000000007 0.79381852789526242 39439.000000000007 45077.500000000007 13121.130000000001 1.5000000000000002 36349.500000000007 36212.500000000007 38272.500000000007 0.86537915874890925 23916.190000000002 39497.500000000007 39497.500000000007 33967.30000000001 5.5000000000000009 39052.500000000007 4.5000000000000009 0.43116231863568172
decision_type=2 2 2 2 2 2 2 2 2 2 2 2 2 2 2 2 2 2 2 2 2 2 2
left_child=1 9 3 5 -5 -2 15 -4 -7 18 -9 12 -8 22 -13 16 -3 -17 21 -20 -15 -1 -11
right_child=2 6 7 4 -6 8 11 10 -10 13 -12 14 -14 20 -16 17 -18 -19 19 -21 -22 -23 -24
leaf_value=-10.760810089111329 8.3984326680501251 -2.0069498154815739 17.818736343383783 39.71007181803386 -2.9202357912063599 41.360649414062493 1.2460484313964841 11.01167061924934 26.516295471191405 -4.887189784416786 -2.7576330926683212 0.37311953054024627 16.890928077697751 -11.407572402954099 4.5087005449377973 -0.27645187948061073 -5.212776835759481 -2.0029807521237268 -10.594941584269208 -3.7508583068847652 -7.8197662141588005 -7.348917206128438 -2.9715196537521651
leaf_weight=39 6.0000000000000027 91 10.000000000000002 5.9999999999999991 9.9999999999999982 10.000000000000002 10 8.0000000000000018 9.9999999999999982 12.999999999999998 8.9999999999999982 78 8 10.000000000000002 23 69 24 72 5.9999999999999982 6 8.9999999999999982 5.9999999999999991 53
leaf_count=39 3 91 5 3 5 5 6 4 5 13 5 51 4 10 14 55 24 69 6 6 9 6 53
internal_value=0.0575514 -2.21655 17.0968 22.3385 13.0661 28.0446 -0.508367 8.94304 33.9385 -6.72759 3.72204 2.35623 8.19933 -4.77033 1.31489 -1.83996 -2.67599 -1.15808 -9.64631 -7.1729 -9.70809 -10.3059 -3.34885
internal_weight=586 517 69 42 16 26 375 27 20 142 17 119 18 85 101 256 115 141 57 12 19 45 66
internal_count=491 456 35 21 8 13 314 14 10 142 9 75 10 85 65 239 115 124 57 12 19 45 66
is_linear=0
shrinkage=0.05


Tree=9
num_leaves=26
num_cat=0
split_feature=1 1 2 7 0 0 2 3 4 4 7 6 1 3 4 4 8 3 2 0 7 3 7 1 7
split_gain=8.63463e+06 1.54736e+06 751189 1.5421e+06 1.00374e+06 881517 712378 676102 382456 389022 202099 186147 171924 147793 121388 104110 83771.5 119825 43081.4 38382.4 50729.3 38308.7 24699.9 17912.6 9238.21
threshold=33894.500000000007 17280.730000000003 3912.0550000000003 5.5000000000000009 39494.55000000001 40695.700000000004 7574.5400000000009 0.91019169367119857 36349.500000000007 36212.500000000007 5.5000000000000009 69.500000000000014 13121.130000000001 0.84555117463234464 44395.000000000007 38272.500000000007 2.5000000000000004 0.6399044658409323 3030.3600000000001 33967.30000000001 5.5000000000000009 0.68138338603109849 1.5000000000000002 14777.825000000006 1.0000000180025095e-35
decision_type=2 2 2 2 2 2 2 2 2 2 2 2 2 2 2 2 2 2 2 2 2 2 2 2 2
left_child=1 12 3 7 11 -5 8 -2 9 -3 14 -4 19 -10 -6 23 17 -8 -9 24 -21 -18 -17 -14 -1
right_child=2 6 4 5 10 -7 16 18 13 -11 -12 -13 15 -15 -16 22 21 -19 -20 20 -22 -23 -24 -25 -26
leaf_value=-7.7466617345809938 16.891495005289705 1.0943363666534422 28.617635091145843 23.78507334391276 1.7959865887959776 -1.5678962633013727 -7.9694499089167667 40.155169677734378 -0.15308128575809668 15.887065124511716 -4.0980257034301761 16.967233633995054 -5.5621776580810547 3.7287788949361662 10.791821098327638 -6.1804112339019781 -2.1657780505602178 -2.4264924666820429 34.550395202636722 -10.065194574991864 -3.5633155822753899 -0.87830494142209103 -10.48446891784668 -3.5306939919789637 -10.276105973527239
leaf_weight=3.9999999999999991 6.0000000000000027 8 5.9999999999999973 5.9999999999999991 6.0000000000000062 7.9999999999999991 12.999999999999998 5.9999999999999991 61 10 4.9999999999999991 8 17 41 9.9999999999999982 4.9999999999999991 130 39 7.9999999999999991 5.9999999999999982 6 104 9.9999999999999982 30 37
leaf_count=4 3 5 3 3 3 4 13 3 42 5 3 4 17 23 5 5 130 36 4 6 6 91 10 30 37
internal_value=0.110739 -2.09052 16.7319 22.025 11.5899 9.29766 -0.640304 30.9342 2.59306 9.31252 4.67638 21.9603 -7.21042 1.40727 7.41838 -5.42298 -1.99696 -3.81223 36.9524 -9.30139 -6.81426 -1.59357 -9.04978 -4.26549 -10.0293
internal_weight=590 521 69 34 35 14 406 20 120 18 21 14 115 102 16 62 286 52 14 53 12 234 15 47 41
internal_count=495 460 35 17 18 7 345 10 75 10 11 7 115 65 8 62 270 49 7 53 12 221 15 47 41
is_linear=0
shrinkage=0.05


Tree=10
num_leaves=25
num_cat=0
split_feature=1 1 2 7 0 3 2 0 1 8 7 8 0 3 7 1 0 2 8 1 1 1 0 2
split_gain=8.06936e+06 1.55491e+06 1.06388e+06 837140 1.60301e+06 988690 571405 534046 332424 261082 217720 183632 145123 110101 86624.6 53365.2 50731.4 38880.9 30503.7 25529.4 40137.8 25063.9 25063.3 159.949
threshold=33894.500000000007 20423.035000000007 4752.5500000000011 5.5000000000000009 40695.700000000004 0.91019169367119857 6661.8450000000012 39494.55000000001 13121.130000000001 2.5000000000000004 1.5000000000000002 3.5000000000000004 35144.000000000007 0.75789627178945917 1.0000000180025095e-35 32143.800000000007 34647.650000000001 3030.3600000000001 2.5000000000000004 11401.780000000001 11575.93 14777.825000000006 39967.150000000001 23324.825000000004
decision_type=2 2 2 2 2 2 2 2 2 2 2 2 2 2 2 2 2 2 2 2 2 2 2 2
left_child=1 8 3 5 22 7 9 -2 19 15 -4 14 -11 18 -10 -3 -15 -7 -8 23 -21 -13 -5 -1
right_child=2 6 10 4 -6 17 13 -9 11 12 -12 21 -14 16 -16 -17 -18 -19 -20 20 -22 -23 -24 -25
leaf_value=-9.8466780269847192 28.703444417317673 -2.7649140724769001 10.965647379557295 27.165945943196604 -2.2246962451934813 38.147412109375004 -3.1417424686027298 9.8346768188476563 -1.8144850158691395 14.872913360595703 -2.0140896422522405 -4.9831621106465658 4.9755396289825446 4.1944596335291866 -9.075890748397164 2.0934622383117678 0.013602820955790008 32.8228759765625 -1.4636742077915876 -2.1871827761332168 -8.4340135176976521 -2.7364761299557157 22.595820871988931 -9.635566912199323
leaf_weight=17 6.0000000000000062 13.000000000000002 5.9999999999999982 6.0000000000000018 9.9999999999999982 5.9999999999999991 33 9.9999999999999982 5.0000000000000027 3.9999999999999991 7 14.999999999999998 50 7.9999999999999991 23 9.9999999999999982 78 7.9999999999999991 151 3.0000000000000027 18 72 6 19
leaf_count=17 3 12 3 3 5 3 32 5 5 2 4 15 29 5 23 5 56 4 145 3 18 72 3 19
internal_value=0.162334 -1.91763 16.7701 19.9684 12.5602 25.4012 0.00917511 16.9105 -5.80485 3.80856 3.97656 -4.25732 5.70868 -1.07435 -7.77921 -0.652577 0.40252 35.1048 -1.76463 -8.92707 -7.54161 -3.12384 24.8809 -9.73526
internal_weight=584 519 65 52 22 30 347 16 172 77 13 115 54 270 28 23 86 14 184 57 21 87 12 36
internal_count=491 458 33 26 11 15 286 8 172 48 7 115 31 238 28 17 61 7 177 57 21 87 6 36
is_linear=0
shrinkage=0.05


Tree=11
num_leaves=26
num_cat=0
split_feature=3 1 4 4 7 3 3 4 4 0 3 1 4 8 1 8 7 1 0 7 6 3 3 0 3
split_gain=5.08823e+06 1.11346e+06 885407 1.32509e+06 2.14509e+06 698759 357105 319695 382917 260958 384646 120613 89142.4 87467.2 126581 80307 54470.7 35138.4 29042.3 37933.7 28749.1 25471.2 18068.4 16265.6 7386.73
threshold=0.86537915874890925 17280.730000000003 44735.000000000007 44810.000000000007 5.5000000000000009 0.89747691416181763 0.75789627178945917 36349.500000000007 36212.500000000007 38939.150000000001 0.89429637031143683 13121.130000000001 38272.500000000007 2.5000000000000004 21803.955000000005 3.5000000000000004 1.5000000000000002 37432.69000000001 33967.30000000001 5.5000000000000009 70.500000000000014 0.88801639524694775 0.51021208498226878 34773.950000000004 0.38497024392253903
decision_type=2 2 2 2 2 2 2 2 2 2 2 2 2 2 2 2 2 2 2 2 2 2 2 2 2
left_child=1 11 9 -4 5 -5 13 8 -8 15 -11 18 23 14 -3 21 -9 -6 24 -20 -15 -2 -14 -13 -1
right_child=2 6 3 4 17 -7 7 16 -10 10 -12 12 22 20 -16 -17 -18 -19 19 -21 -22 -23 -24 -25 -26
leaf_value=-9.272188836175042 2.1681531429290772 -8.4179517428080253 32.168409118652349 7.6947876612345327 -6.4400567372639976 28.089098467145647 1.3462425857782365 1.5736507337954311 13.818612213134763 20.626564025878906 3.8792988181114199 -4.4568620155597563 -9.5532628631591798 -2.0119848171869914 -2.4448033129467688 6.4440963745117177 -0.79761694113950476 -1.3782666444778444 -9.1456349182128918 -2.9866035461425779 -0.74028655842169011 -1.9618081229073656 -6.0825860381126411 -2.1987795222889295 -6.692515675226848
leaf_weight=37 7.9999999999999991 11.999999999999998 9.9999999999999982 6.0000000000000027 5.9999999999999991 13.999999999999998 15.999999999999998 36 10.000000000000002 5.9999999999999991 7.9999999999999991 29 9.9999999999999982 132 34 8 74 7.9999999999999991 4.9999999999999982 5 67 7.0000000000000009 5.9999999999999991 10.999999999999998 2.9999999999999991
leaf_count=37 4 12 5 3 3 7 9 22 5 3 4 29 10 132 32 4 57 4 5 5 60 5 6 11 3
internal_value=-0.228603 -2.1586 11.3752 16.1689 11.4632 21.9708 -0.897549 1.15701 6.14331 5.67457 11.0567 -6.69126 -5.09757 -2.03804 -4.00302 2.39849 -0.0215657 -3.54761 -8.47619 -6.06612 -1.58383 0.240838 -8.25176 -3.83589 -9.07871
internal_weight=568 487 81 44 34 20 381 136 26 37 14 106 56 245 46 23 110 14 50 10 199 15 16 40 40
internal_count=477 435 42 22 17 10 329 93 14 20 7 106 56 236 44 13 79 7 50 10 192 9 16 40 40
is_linear=0
shrinkage=0.05


Tree=12
num_leaves=21
num_cat=0
split_feature=1 1 4 2 1 7 3 4 2 3 4 4 6 4 0 7 3 0 2 2
split_gain=5.20765e+06 1.01684e+06 675158 406565 486637 991487 392191 225464 187546 133134 148043 82724.2 43110.9 36736.1 33796.1 28999.7 14784.8 13863.3 12690.2 303.126
threshold=33894.500000000007 17280.730000000003 44065.000000000007 4752.5500000000011 38562.30000000001 4.5000000000000009 0.75789627178945917 37329.500000000007 6131.2650000000012 0.3777771521782825 38272.500000000007 42910.000000000007 69.500000000000014 38272.500000000007 33967.30000000001 5.5000000000000009 0.41857046418226956 33195.950000000004 14688.535000000002 21175.310000000001
decision_type=2 2 2 2 2 2 2 2 2 2 2 2 2 2 2 2 2 2 2 2
left_child=1 9 -2 4 5 -4 12 8 -8 14 16 -9 13 -3 19 -16 -11 -14 -12 -1
right_child=2 6 3 -5 -6 -7 7 11 -10 10 18 -13 17 -15 15 -17 -18 -19 -20 -21
leaf_value=-9.0122092507102263 -2.3055728912353515 -1.7882794207420902 9.0446486745561874 5.6393230411741477 6.0512709558010105 25.787741788228352 8.2975919723510749 -1.8989103374027072 1.9949539163708687 -1.3742883491516116 -6.1592719143535897 1.0148079756005057 -2.9421480298042297 -3.5035787005173535 -8.5490777969360376 -2.8372733306884763 -3.5475165234671699 -1.0819844808229913 -9.0937600816999176 -8.6990973839393035
leaf_weight=10.999999999999998 5.9999999999999991 69 13.999999999999998 8.9999999999999982 7.9999999999999991 24 15.999999999999998 42 45 9.9999999999999982 5.0000000000000027 58 10.999999999999998 57 3.9999999999999982 5 36 112 13.999999999999998 26
leaf_count=11 3 69 7 5 4 12 8 38 26 10 5 35 11 57 4 5 36 105 14 26
internal_value=-0.201712 -1.82007 13.6207 15.3581 17.2596 19.6192 -0.670737 1.25242 3.6481 -6.06537 -4.60865 -0.208954 -1.91422 -2.56425 -8.12377 -5.37585 -3.07508 -1.24834 -8.32153 -8.79218
internal_weight=582 521 61 55 46 38 410 161 61 111 65 100 249 126 46 9 46 123 19 37
internal_count=491 460 31 28 23 19 349 107 34 111 65 73 242 126 46 9 46 116 19 37
is_linear=0
shrinkage=0.05


Tree=13
num_leaves=29
num_cat=0
split_feature=3 4 7 4 3 4 0 0 3 3 3 4 0 2 4 8 8 3 6 3 0 7 4 4 7 0 8 2
split_gain=6.15709e+06 1.13615e+06 939760 2.57893e+06 866074 700383 378042 333709 212482 202789 133103 129363 122410 99072.1 82494.2 58718.8 56738.6 55990.7 37515.3 37269.2 26264.2 29165.5 25990.2 25829.2 15593.2 6094.85 3546.81 314.503
threshold=0.86537915874890925 44735.000000000007 5.5000000000000009 44810.000000000007 0.50833503817011005 45077.500000000007 40980.350000000006 38939.150000000001 0.8922542400076211 0.75789627178945917 0.3777771521782825 37329.500000000007 39369.000000000007 5617.5600000000004 38272.500000000007 2.5000000000000004 3.5000000000000004 0.64177257305667601 67.500000000000014 0.91686106496992559 33967.30000000001 5.5000000000000009 42910.000000000007 42910.000000000007 4.5000000000000009 40081.200000000004 2.5000000000000004 21175.310000000001
decision_type=2 2 2 2 2 2 2 2 2 2 2 2 2 2 2 2 2 2 2 2 2 2 2 2 2 2 2 2
left_child=4 7 5 12 10 25 -7 16 -9 15 20 13 -4 -11 24 17 22 -6 -17 -5 27 -22 -2 -13 -12 -3 -16 -1
right_child=1 2 3 19 9 6 -8 8 -10 11 14 23 -14 -15 26 18 -18 -19 -20 -21 21 -23 -24 -25 -26 -27 -28 -29
leaf_value=-8.5668002446492508 -2.4280245208740219 31.621469116210932 22.445268758138013 -7.071634165445964 -6.0317817751566576 6.7907661437988267 24.540001424153644 18.920706939697265 7.0188184928894053 8.5816301981608074 -4.1548489296877831 -1.5515478416187007 32.545178222656247 1.7326043605804444 -9.0447869618733741 -3.2299238852092196 5.7070119857788058 -2.1957014505679791 -1.2617946880240014 -1.8586227178573609 -8.2100413513183614 -2.8095346450805661 1.8626284917195637 0.18336143732070923 -2.2549679862128365 33.875141398111978 -7.2416672134399409 -8.2666471481323249
leaf_weight=11.999999999999998 5.0000000000000027 6 6.0000000000000018 5.9999999999999991 14.999999999999998 6 6 5.9999999999999991 9.9999999999999982 5.9999999999999991 27 41 6 44 5.9999999999999982 28 8.0000000000000018 26 179 7.9999999999999991 4.9999999999999982 5 11.999999999999998 45 18 6 5 32
leaf_count=12 4 3 3 3 15 3 3 3 5 3 27 37 3 25 6 28 4 25 173 4 5 5 6 29 18 3 5 32
internal_value=0.0615498 12.0131 17.0722 10.4863 -2.14004 24.2068 15.6654 5.84341 11.482 -1.01954 -6.05163 0.532075 27.4952 2.55449 -4.3437 -1.87042 2.2347 -3.59915 -1.52802 -4.09277 -7.82282 -5.50979 0.600672 -0.643746 -3.3949 32.7483 -8.22519 -8.34851
internal_weight=585 91 50 26 494 24 12 41 16 384 110 136 12 50 56 248 25 41 207 14 54 10 17 86 45 12 11 44
internal_count=492 47 25 13 445 12 6 22 8 335 110 94 6 28 56 241 14 40 201 7 54 10 10 66 45 6 11 44
is_linear=0
shrinkage=0.05


Tree=14
num_leaves=25
num_cat=0
split_feature=1 1 2 7 4 0 0 2 4 4 7 1 7 4 7 8 7 1 4 1 0 7 4 3
split_gain=4.76712e+06 973418 654772 874627 659528 549143 464700 352420 354536 321258 206821 173020 127059 97579.7 79666.5 56802.1 51763.7 44217.5 58187 20519.4 18407.7 20805.2 14840.9 6255.98
threshold=33894.500000000007 19016.215000000004 4007.6350000000007 5.5000000000000009 44810.000000000007 40695.700000000004 39181.80000000001 7574.5400000000009 36349.500000000007 36212.500000000007 4.5000000000000009 13121.130000000001 1.5000000000000002 38272.500000000007 1.5000000000000002 2.5000000000000004 1.0000000180025095e-35 25026.994999999999 38272.500000000007 14777.825000000006 33967.30000000001 5.5000000000000009 39497.500000000007 0.38497024392253903
decision_type=2 2 2 2 2 2 2 2 2 2 2 2 2 2 2 2 2 2 2 2 2 2 2 2
left_child=1 11 3 4 -2 -5 -4 8 9 -3 -6 20 -8 19 -10 -14 -15 18 -9 -13 23 -22 -19 -1
right_child=2 7 6 5 10 -7 12 17 14 -11 -12 13 15 16 -16 -17 -18 22 -20 -21 21 -23 -24 -25
leaf_value=-7.9398630959647036 8.1793914794921836 -0.25483112335205077 15.821430664062497 18.244717407226563 19.741484069824214 -1.7656916007399559 7.6835684776306126 -1.1790847184260687 2.6590839247192655 13.223448053995767 31.110889689127603 -4.3380445798238121 3.8554267549514787 -0.69862085978190025 -0.35192296747433938 -2.9380772829055779 -7.7926917499966102 0.1034236849570761 -3.2514641284942627 -2.3744322402804507 -7.711121749877929 -2.6114666461944576 -1.0379849962451879 -5.8704744756221778
leaf_weight=42 6.0000000000000027 7.0000000000000009 10.000000000000002 5.9999999999999991 6.0000000000000009 7.9999999999999991 8.0000000000000018 105 35 12 12 18 4.9999999999999973 3.0000000000000027 59 8 18 49 50 51 4 4 68 3.9999999999999991
leaf_count=42 3 5 5 3 3 4 4 102 20 6 6 18 3 3 41 4 18 39 50 51 4 4 62 4
internal_value=-0.0181068 -1.6304 12.3428 16.7421 22.5357 6.8102 6.95017 -0.318676 2.02834 8.25777 27.3211 -5.13744 2.72576 -3.79495 0.769197 -0.325191 -6.77925 -1.29372 -1.84759 -2.88668 -7.37494 -5.16129 -0.559959 -7.75992
internal_weight=598 529 69 38 24 14 31 385 113 19 18 144 21 90 94 13 21 272 155 69 54 8 117 46
internal_count=504 469 35 19 12 7 16 325 72 11 9 144 11 90 61 7 21 253 152 69 54 8 101 46
is_linear=0
shrinkage=0.05


Tree=15
num_leaves=20
num_cat=0
split_feature=3 1 7 2 1 3 1 6 4 4 3 4 4 1 1 7 7 6 7
split_gain=3.10334e+06 1.04939e+06 439673 461573 422543 299526 157225 302798 143112 226063 125031 127636 72122 77548.6 36657.2 34404.3 26971.5 20695.4 172.79
threshold=0.89747691416181763 25963.620000000006 5.5000000000000009 3606.0450000000005 14777.825000000006 0.84555117463234464 38097.459999999999 70.500000000000014 36349.500000000007 36212.500000000007 0.89429637031143683 45602.500000000007 38272.500000000007 21592.340000000004 10599.285 3.5000000000000004 5.5000000000000009 67.500000000000014 3.5000000000000004
decision_type=2 2 2 2 2 2 2 2 2 2 2 2 2 2 2 2 2 2 2
left_child=1 4 6 -4 14 8 7 -2 9 -3 11 -7 17 -14 18 -10 -16 -6 -1
right_child=2 5 3 -5 12 10 -8 -9 15 -11 -12 -13 13 -15 16 -17 -18 -19 -20
leaf_value=-7.3393735249837242 24.903600056966138 0.74481645459714141 -2.2798664093017567 17.332482401529944 -2.7527029330913839 5.8970941403332882 26.446299743652347 9.5964663369315009 0.005664827945557508 10.502716064453121 -2.6417348861694339 -0.56133149464925125 -5.5815356278419497 -2.2032503672365875 -6.1511551789939407 -1.8114773653648997 -3.5816402641932172 -1.221586815257595 -7.5977891673212472
leaf_weight=8.9999999999999982 6.0000000000000018 23 6.0000000000000018 6 26 51 5.9999999999999991 7 88 8.0000000000000018 5.9999999999999991 8.9999999999999982 25 53 32 37 14.999999999999998 146 23
leaf_count=9 3 15 3 3 26 28 3 4 65 4 3 5 25 51 32 36 15 143 23
internal_value=-0.373766 -1.23979 15.019 7.52631 -3.03221 1.41656 19.7513 16.6613 0.221964 3.26298 4.24014 4.92833 -2.02493 -3.28603 -6.21981 -0.532209 -5.3311 -1.45303 -7.52511
internal_weight=582 551 31 12 329 222 19 13 156 31 66 60 250 78 79 125 47 172 32
internal_count=496 480 16 6 324 156 10 7 120 19 36 33 245 76 79 101 47 169 32
is_linear=0
shrinkage=0.05


Tree=16
num_leaves=28
num_cat=0
split_feature=3 4 7 4 3 4 0 0 3 4 4 2 0 7 3 0 7 3 3 4 7 4 3 8 0 6 8
split_gain=4.30373e+06 840180 732322 1.92423e+06 669045 605165 346207 221716 187873 191105 239183 183722 92503.8 54279.1 68665.5 51428.8 50748.8 50684.2 46962.8 34938.3 28299.6 21496.2 18849.8 16495.2 5239.54 2392.02 1313.13
threshold=0.86537915874890925 44735.000000000007 5.5000000000000009 44810.000000000007 0.50131916368646723 45077.500000000007 38939.150000000001 40980.350000000006 0.79381852789526242 36349.500000000007 36212.500000000007 4407.3950000000013 32772.850000000006 4.5000000000000009 0.44658068855919536 33464.05000000001 1.5000000000000002 0.88632629621522552 0.91686106496992559 39497.500000000007 1.0000000180025095e-35 36520.000000000007 0.3777771521782825 3.5000000000000004 40081.200000000004 71.500000000000014 2.5000000000000004
decision_type=2 2 2 2 2 2 2 2 2 2 2 2 2 2 2 2 2 2 2 2 2 2 2 2 2 2 2
left_child=4 6 5 -4 12 24 17 -7 15 10 -10 -8 20 14 -14 21 -11 23 -5 -17 -1 -6 -15 -2 -3 -22 -19
right_child=1 2 3 18 8 7 11 -9 9 16 -12 -13 13 22 -16 19 -18 26 -20 -21 25 -23 -24 -25 -26 -27 -28
leaf_value=-2.350955597559611 1.0259978082444929 27.239670817057284 24.645743408203117 -7.4152240753173828 -1.5936642684936524 8.8715807342529303 6.092874774932862 21.029324340820313 1.1965670267740884 1.9629114951406206 14.084508005777995 17.160007985432944 -7.0207450953396888 -4.1933743715286234 -2.7898147526909325 -0.55678207660543511 -0.64413881365741998 -3.1888835430145259 -1.5634137630462648 -1.8109325513574814 -7.2774645911322695 -3.5374028935576933 -1.2501444679849287 4.4105191548665372 29.329235839843747 -8.7469762166341152 -1.9077071189880368
leaf_weight=2.9999999999999991 9.0000000000000018 6.0000000000000018 10.000000000000002 5.9999999999999991 25 9.9999999999999982 9.9999999999999982 5.9999999999999991 8.9999999999999982 28 5.9999999999999991 5.9999999999999991 22 8.0000000000000018 17 145 56 4 7.9999999999999991 90 36 33 17 5.9999999999999991 6 2.9999999999999991 4
leaf_count=3 5 3 5 3 25 5 5 3 5 15 3 3 22 8 17 132 40 4 4 88 36 32 17 3 3 3 2
internal_value=0.144093 10.1425 14.3032 7.89412 -1.68292 19.7966 4.59486 13.4307 -0.729917 1.15319 6.35174 10.243 -5.20722 -4.01067 -5.17649 -1.36619 0.224878 0.665684 -4.07133 -1.0371 -7.03054 -2.69958 -2.19198 2.37981 28.2845 -7.3905 -2.5483
internal_weight=589 91 52 24 498 28 39 16 392 99 15 16 106 64 39 293 84 23 14 235 42 58 25 15 12 39 8
internal_count=494 48 26 12 446 14 22 8 340 63 8 8 106 64 39 277 55 14 7 220 42 57 25 8 6 39 6
is_linear=0
shrinkage=0.05


Tree=17
num_leaves=24
num_cat=0
split_feature=1 1 2 0 2 7 1 4 4 1 6 4 0 7 0 3 4 7 0 7 1 4 7
split_gain=3.39977e+06 835901 565769 574725 290803 261201 166374 153680 256411 147772 138082 119405 105334 117947 87880.8 49243.2 39394.5 33830.3 18985.5 19800.8 16736.1 11372.4 5586.31
threshold=33894.500000000007 20423.035000000007 3912.0550000000003 39439.000000000007 6661.8450000000012 5.5000000000000009 12567.495000000003 37162.000000000007 36212.500000000007 38097.459999999999 67.500000000000014 38272.500000000007 39793.05000000001 1.5000000000000002 39114.30000000001 0.75789627178945917 36349.500000000007 1.0000000180025095e-35 33967.30000000001 5.5000000000000009 14777.825000000006 39497.500000000007 1.0000000180025095e-35
decision_type=2 2 2 2 2 2 2 2 2 2 2 2 2 2 2 2 2 2 2 2 2 2 2
left_child=1 6 5 14 7 9 18 8 -3 -2 -9 20 -5 -14 -4 21 -17 -13 22 -20 -8 -6 -1
right_child=2 4 3 12 15 -7 11 10 -10 -11 -12 17 13 -15 -16 16 -18 -19 19 -21 -22 -23 -24
leaf_value=-4.9108477473258976 16.216964950561515 -0.20926891962687183 19.840415954589844 -3.3427263577779116 -0.76381526795108767 8.2227876027425122 -3.4319581812933873 9.0417877952257797 13.464300346374509 25.334085464477539 1.0739649550668124 -0.70546897252400642 9.9677866617838546 1.1003703117370607 11.835433673858644 2.3743243418241806 -0.18523638298114142 -6.3022817002402416 -6.8134693145751974 -2.0937288665771479 -1.7660440131409527 -1.5748380400453295 -6.8643648458081632
leaf_weight=3.9999999999999991 10.000000000000005 5.9999999999999973 5.9999999999999991 6.0000000000000027 113 5.9999999999999991 19 5.9999999999999991 8 7.9999999999999991 58 3.0000000000000027 5.9999999999999991 9.9999999999999982 7.9999999999999991 19 72 27 3.9999999999999982 5 73 70 43
leaf_count=4 5 4 3 3 107 3 19 3 4 4 37 3 3 5 4 11 54 27 4 5 73 69 43
internal_value=0.0304134 -1.24663 11.311 7.34667 0.165411 17.2575 -4.03899 2.85897 7.6042 20.269 1.82095 -3.00333 2.307 4.42565 15.2661 -0.601367 0.349177 -5.7426 -6.29524 -4.19139 -2.11009 -1.07404 -6.69811
internal_weight=590 530 60 36 352 24 178 78 14 18 64 122 22 16 14 274 91 30 56 9 92 183 47
internal_count=497 467 30 18 289 12 178 48 8 9 40 122 11 8 7 241 65 30 56 9 92 176 47
is_linear=0
shrinkage=0.05


Tree=18
num_leaves=25
num_cat=0
split_feature=1 2 1 0 4 2 4 1 8 4 4 2 9 8 4 6 4 2 2 6 1 4 9 0
split_gain=3.68391e+06 751099 732375 398292 301539 269686 268655 242802 157300 209643 144554 130378 69187.8 49357.8 41098.7 32051.4 30198.2 38043.9 28433.8 25748.8 24542.9 27925.8 15378.9 127.016
threshold=34159.075000000004 4007.6350000000007 23833.400000000005 39494.55000000001 44735.000000000007 6661.8450000000012 45077.500000000007 15495.385 2.5000000000000004 44735.000000000007 46380.000000000007 3030.3600000000001 1.0000000180025095e-35 2.5000000000000004 42910.000000000007 71.500000000000014 36384.500000000007 7163.8200000000006 11386.085000000001 67.500000000000014 10599.285 34377.500000000007 1.0000000180025095e-35 32591.400000000005
decision_type=2 2 2 2 2 2 2 2 2 2 2 2 2 2 2 2 2 2 2 2 2 2 2 2
left_child=2 4 7 -3 -2 8 11 20 14 -10 -8 -6 15 18 -4 -5 17 -7 -9 -15 23 -22 -18 -1
right_child=1 3 5 12 6 16 10 13 9 -11 -12 -13 -14 19 -16 -17 22 -19 -20 -21 21 -23 -24 -25
leaf_value=-6.5045590773872703 6.6789927164713552 14.634260654449458 -3.3041624069213853 5.7481291453043601 17.445283126831036 7.48382568359375 7.8876099367936465 -1.511137356076921 3.6223321026021789 13.585397593180339 18.863105773925778 26.768311157226563 -3.8365034294128422 -2.8747462090323954 1.5039591789245605 0.580008316040039 -0.39476474065471584 0.45646041173201346 -5.3318289339542391 -1.2987184673137622 -3.5947021905864989 -5.9189909865458814 -1.6581841145792315 -6.2732614040374761
leaf_weight=23.000000000000004 5.9999999999999991 8.0000000000000018 8.0000000000000018 6.0000000000000018 6.0000000000000062 1.9999999999999989 5.9999999999999982 7.0000000000000027 44 5.9999999999999991 6 9.9999999999999982 4.9999999999999991 34 9.9999999999999982 6 108 52 15.999999999999998 109 28 24 31 7.9999999999999991
leaf_count=23 3 4 8 3 3 1 3 7 25 3 3 5 3 34 5 3 91 38 16 109 28 24 31 8
internal_value=0.185014 12.0134 -1.18337 5.43442 16.851 0.667305 19.0307 -3.12324 3.37502 4.8179 13.3754 23.2722 1.10508 -2.01921 -0.632984 3.16407 -0.286708 0.716733 -4.16901 -1.67344 -5.33131 -4.66745 -0.676535 -6.44487
internal_weight=569 59 510 25 34 261 28 249 68 50 12 16 17 166 18 12 193 54 23 143 83 52 139 31
internal_count=481 30 451 13 17 202 14 249 41 28 6 8 9 166 13 6 161 39 23 143 83 52 122 31
is_linear=0
shrinkage=0.05


Tree=19
num_leaves=25
num_cat=0
split_feature=3 4 0 1 3 6 2 1 4 4 0 3 4 0 8 4 1 4 4 0 9 4 1 1
split_gain=2.96229e+06 703546 606090 495259 410633 358856 118181 108216 141432 210605 100899 97396.7 92463.1 84719.3 59914.4 36288.4 46334.3 25488.8 22615.8 20728.3 20583.5 16708.9 15811.4 828.579
threshold=0.86537915874890925 44735.000000000007 39644.100000000006 19016.215000000004 0.93350698434365709 70.500000000000014 4570.4350000000004 25963.620000000006 36349.500000000007 36212.500000000007 39181.80000000001 0.3777771521782825 38272.500000000007 39793.05000000001 3.5000000000000004 39497.500000000007 21592.340000000004 37329.500000000007 39052.500000000007 33967.30000000001 1.0000000180025095e-35 39052.500000000007 13436.885 11830.475
decision_type=2 2 2 2 2 2 2 2 2 2 2 2 2 2 2 2 2 2 2 2 2 2 2 2
left_child=3 6 10 11 5 -4 13 15 9 -9 -3 19 22 14 -2 21 -17 -10 -14 23 -21 -5 -13 -1
right_child=1 2 4 7 -6 -7 -8 8 17 -11 -12 12 18 -15 -16 16 -18 -19 -20 20 -22 -23 -24 -25
leaf_value=-6.1382534700281486 -0.57496607661247245 16.212533569335939 -1.1692033131917314 -1.0534594089556963 17.097915802001953 10.61395938055856 9.7354550997416194 0.76687921905517586 1.0644596046871608 9.3524264526367187 24.153697967529297 0.36085444688796997 -7.0708834428053624 6.6236336708068855 5.121844991048178 -6.269328042439053 -1.8964481201436785 -0.6385055439957118 -4.0607657353083288 -6.152353897094728 -1.8086023648579914 1.4613970415932793 -2.3200076840140604 -6.7755653381347658
leaf_weight=34 20.000000000000004 7.9999999999999991 12.000000000000002 117 9.9999999999999982 13.999999999999998 5.9999999999999991 25 27 9.9999999999999982 7.9999999999999991 5.9999999999999991 13.000000000000002 7.9999999999999991 5.9999999999999991 6.9999999999999991 45 118 11.999999999999998 4.9999999999999982 6 6.9999999999999991 66 5.9999999999999991
leaf_count=34 12 4 6 114 5 7 3 15 15 5 4 6 13 4 3 7 44 97 12 5 6 6 66 6
internal_value=0.000631996 8.25117 12.086 -1.50542 8.48734 5.17558 3.26584 -0.494824 0.367183 3.21989 20.1831 -3.93631 -3.00625 2.12414 0.739683 -1.37642 -2.48511 -0.321402 -5.62603 -5.70524 -3.78303 -0.911492 -2.0966 -6.23385
internal_weight=596 92 52 504 36 26 40 356 180 35 16 148 97 34 26 176 52 145 25 51 11 124 72 40
internal_count=499 48 26 451 18 13 22 303 132 20 8 148 97 19 15 171 51 112 25 51 11 120 72 40
is_linear=0
shrinkage=0.05


Tree=20
num_leaves=26
num_cat=0
split_feature=3 4 3 4 7 3 2 2 4 4 0 0 0 2 8 3 4 7 7 8 0 7 2 0 3
split_gain=3.0442e+06 818801 462557 430599 452456 192952 176045 167203 158795 216369 93258.9 82185.9 77859.5 59684.4 74703.8 58754.9 54892.2 45687.3 33061.3 31877.1 14132.2 17022.7 11379 5496.56 553.481
threshold=0.86537915874890925 44735.000000000007 0.50833503817011005 45077.500000000007 5.5000000000000009 0.89429637031143683 6661.8450000000012 4570.4350000000004 37162.000000000007 36212.500000000007 40468.450000000004 40980.350000000006 39793.05000000001 10882.120000000001 2.5000000000000004 0.3777771521782825 38272.500000000007 1.5000000000000002 2.5000000000000004 3.5000000000000004 33967.30000000001 5.5000000000000009 18673.055000000004 35710.80000000001 0.35879338546069223
decision_type=2 2 2 2 2 2 2 2 2 2 2 2 2 2 2 2 2 2 2 2 2 2 2 2 2
left_child=2 7 15 5 11 -3 8 12 9 -4 -7 -5 19 18 -15 20 22 -10 -8 -2 24 -22 -17 -18 -1
right_child=1 3 6 4 -6 10 13 -9 17 -11 -12 -13 -14 14 -16 16 23 -19 -20 -21 21 -23 -24 -25 -26
leaf_value=-5.8051805608412801 -0.54001303280101076 11.832281303405757 -0.41826597849528008 9.8443725585937472 -3.2488773345947268 24.299473876953126 0.32140436065196992 10.151386904716492 2.2141221152411568 12.14234752655029 16.414512634277344 17.585638173421227 6.2924517631530765 -3.9923937912340524 -1.1465132446228703 -1.5128255779544513 -6.2013762791951503 -1.4003191709518434 -1.0673280102411906 3.6990859985351565 -5.8447361755371112 -1.7188772201538083 -3.106548109508696 -4.0611728012561796 -6.3260588963826505
leaf_weight=34 17.000000000000007 8.0000000000000018 5.9999999999999973 8.0000000000000018 5.9999999999999991 9.9999999999999982 100 7.9999999999999991 18 8 5.9999999999999991 5.9999999999999991 7.9999999999999991 27 158 24 11.999999999999998 17 75 5.9999999999999991 4.9999999999999982 5 21 3.9999999999999991 5.9999999999999991
leaf_count=34 10 4 4 4 3 5 71 4 10 4 3 3 4 27 156 24 12 13 72 3 5 5 21 4 6
internal_value=0.089467 8.98169 -1.32987 13.6572 8.23878 18.1725 -0.552995 3.70679 2.25873 6.75923 21.3426 13.1621 2.04367 -0.935702 -1.56186 -4.19241 -3.15093 0.458536 -0.273767 0.565839 -5.46301 -3.78181 -2.25656 -5.66633 -5.88331
internal_weight=603 83 520 44 20 24 409 39 49 14 16 14 31 360 185 111 61 35 175 23 50 10 45 16 40
internal_count=511 43 468 22 10 12 357 21 31 8 8 7 17 326 183 111 61 23 143 13 50 10 45 16 40
is_linear=0
shrinkage=0.05


Tree=21
num_leaves=22
num_cat=0
split_feature=1 1 2 2 3 0 7 4 4 4 6 1 4 1 4 4 1 0 0 7 7
split_gain=2.53275e+06 505804 436251 246593 227395 494546 268926 208541 134678 182286 106169 89795 52121.2 33314.2 31675.1 26211.7 25356 11249.6 8586 23555.5 15938.7
threshold=34159.075000000004 19016.215000000004 4752.5500000000011 6661.8450000000012 0.90790840569803921 40081.200000000004 4.5000000000000009 45077.500000000007 37162.000000000007 44735.000000000007 71.500000000000014 14777.825000000006 36520.000000000007 25026.994999999999 39497.500000000007 36384.500000000007 18174.565000000006 32446.000000000004 32845.400000000001 5.5000000000000009 1.0000000180025095e-35
decision_type=2 2 2 2 2 2 2 2 2 2 2 2 2 2 2 2 2 2 2 2 2
left_child=1 11 4 8 5 6 -2 -6 10 -10 -3 18 17 14 -5 -15 -14 -13 20 -20 -1
right_child=2 3 -4 13 7 -7 -8 -9 9 -11 -12 12 16 15 -16 -17 -18 -19 19 -21 -22
leaf_value=-2.4637964785099031 4.7727542877197209 11.978633626302086 0.60782927142249221 -0.87857273260752367 23.136455917358401 -2.7378106435139973 17.424831172398157 11.719889044761658 0.47037111932581122 8.5481180667877208 2.572546068827311 -3.9506851553916933 -3.3497921897098415 0.90224437912305211 -2.5472930584198394 -0.62106889256539244 -7.1612070361773181 -1.1727473607877406 -4.9552275085449216 -1.1957990360260009 -5.795482875279018
leaf_weight=3.9999999999999991 6.0000000000000062 5.9999999999999982 8.9999999999999982 105 7.9999999999999991 5.9999999999999991 13.999999999999998 7.9999999999999991 55 7.9999999999999991 6 3.9999999999999991 16.000000000000004 36 39 131 5.9999999999999991 41 25.000000000000004 4.9999999999999991 35
leaf_count=4 3 3 5 103 4 3 7 4 34 4 4 4 16 24 39 112 6 41 25 5 35
internal_value=-0.0374152 -1.07647 10.5976 -0.15262 12.7383 9.8522 13.6292 17.4282 2.42083 1.49612 7.27559 -3.69857 -2.39477 -0.773228 -1.33052 -0.29269 -4.38927 -1.41968 -4.96459 -4.32866 -5.45377
internal_weight=573 522 51 386 42 26 20 16 75 63 12 136 67 311 144 167 22 45 69 30 39
internal_count=485 459 26 323 21 13 10 8 45 38 7 136 67 278 142 136 22 45 69 30 39
is_linear=0
shrinkage=0.05


Tree=22
num_leaves=25
num_cat=0
split_feature=3 4 7 4 3 1 7 6 7 3 4 4 3 1 3 7 4 8 4 7 1 4 7 2
split_gain=2.11295e+06 464081 575655 1.43992e+06 368572 367057 132006 101039 80863.4 89444.2 68510.6 67218.6 74434 59893.1 45988.2 42749.3 25306 16516 53881.6 12559.7 10661.2 10446.8 8817.93 6592.56
threshold=0.86537915874890925 44735.000000000007 5.5000000000000009 44810.000000000007 0.89747691416181763 19342.510000000002 4.5000000000000009 69.500000000000014 2.5000000000000004 0.77973425915950656 36349.500000000007 38272.500000000007 0.3777771521782825 35637.680000000008 0.89429637031143683 1.0000000180025095e-35 45602.500000000007 2.5000000000000004 42277.500000000007 5.5000000000000009 22039.73 34377.500000000007 5.5000000000000009 6661.8450000000012
decision_type=2 2 2 2 2 2 2 2 2 2 2 2 2 2 2 2 2 2 2 2 2 2 2 2
left_child=5 7 4 -4 -3 11 -6 -2 9 20 -11 12 19 14 -9 -13 -5 18 -10 -1 -7 -14 -17 -19
right_child=1 2 3 16 6 8 -8 13 17 10 -12 15 21 -15 -16 22 -18 23 -20 -21 -22 -23 -24 -25
leaf_value=-5.4486327216738744 8.4350200176239021 4.0327007293701156 18.955529785156244 -7.7270780563354506 13.77047637939453 -1.4239370210757178 21.548821767171223 1.4828690846761061 -4.6277394056320178 4.2573971165551079 0.74029933293660488 0.66878266731897995 -1.3538833867931783 5.6674480438232422 -3.6965563456217447 -5.7421830978658468 -3.4314662297566727 -2.1478837092717487 -0.43900897502899172 -3.4208733081817631 -0.34567510241811927 -2.5365883090279322 -2.9207246462504073 -0.91254727543435166
leaf_weight=21 5.9999999999999991 6.0000000000000027 10.000000000000002 7.9999999999999982 10 31 12 15.000000000000005 14.000000000000002 18 60 2.9999999999999991 43 5.9999999999999991 5.9999999999999991 36 6 11.999999999999998 17 11.999999999999998 88 33 2.9999999999999991 108
leaf_count=21 3 3 5 4 5 31 6 9 14 9 35 3 43 3 4 36 3 9 15 12 78 33 3 104
internal_value=-0.0832995 7.20371 10.1469 4.46458 15.0174 -1.32457 18.0132 2.56602 -0.431298 0.235988 1.55194 -3.38325 -2.72841 1.26179 0.00303325 -5.08272 -5.8861 -1.30186 -2.33069 -4.71127 -0.626567 -1.86743 -5.52515 -1.03608
internal_weight=584 85 52 24 28 499 22 33 348 197 78 151 109 27 21 42 14 151 31 33 119 76 39 120
internal_count=491 45 26 12 14 446 11 19 295 153 44 151 109 16 13 42 7 142 29 33 109 76 39 113
is_linear=0
shrinkage=0.05


Tree=23
num_leaves=23
num_cat=0
split_feature=3 3 8 4 0 7 3 4 4 2 4 0 7 2 0 2 6 2 7 0 7 3
split_gain=2.17419e+06 417031 324559 367115 326925 265732 205368 109879 235101 136703 191937 63862.4 64670.2 44713.2 42473.1 40959.7 23607.3 23573.9 18243.1 16203.3 18064.7 605.412
threshold=0.89747691416181763 0.76830845604955245 2.5000000000000004 46380.000000000007 40695.700000000004 4.5000000000000009 0.38497024392253903 36349.500000000007 36212.500000000007 4752.5500000000011 44735.000000000007 32664.050000000007 1.0000000180025095e-35 3606.0450000000005 35125.950000000004 5070.9150000000009 70.500000000000014 3606.0450000000005 2.5000000000000004 33967.30000000001 5.5000000000000009 0.35879338546069223
decision_type=2 2 2 2 2 2 2 2 2 2 2 2 2 2 2 2 2 2 2 2 2 2
left_child=1 6 3 13 5 -4 19 8 18 10 -9 12 -8 -2 -10 -11 -13 -7 -3 21 -21 -1
right_child=2 7 4 -5 -6 17 11 9 14 15 -12 16 -14 -15 -16 -17 -18 -19 -20 20 -22 -23
leaf_value=-5.0059947389544863 -2.5267897923787426 1.2349600028991699 8.5758115132649646 15.672800191243491 4.0722139994303381 19.375682449340825 0.12359695542942395 1.132921508380345 6.4168212890624989 -3.9447116579328267 9.2027066040039056 -1.322386573072678 -4.3789359240696353 3.5773864746093746 12.36613057454427 0.016997515037655831 -0.34827634125300078 23.521680704752601 -2.4640028762817376 -5.3070469665527362 -1.3720761980329241 -5.4908204078674316
leaf_weight=33 6.0000000000000018 9.9999999999999982 6.0000000000000062 5.9999999999999991 5.9999999999999991 7.9999999999999982 10.999999999999998 28 6 6.9999999999999991 9.9999999999999982 192 29 6 6 96 92 6 5.0000000000000009 4.9999999999999982 7 7.9999999999999991
leaf_count=33 4 5 3 3 3 4 11 15 3 5 5 190 29 3 3 65 84 3 5 5 7 8
internal_value=0.0441862 -0.81897 10.7355 5.57447 14.3086 17.3795 -1.74226 1.25295 4.17509 0.693388 3.25655 -1.27028 -3.14074 0.525298 9.39148 -0.252245 -1.00683 21.1525 0.00197238 -4.62763 -3.01165 -5.10059
internal_weight=589 545 44 18 26 20 377 168 27 141 38 324 40 12 12 103 284 14 15 53 12 41
internal_count=496 473 23 10 13 10 367 106 16 90 20 314 40 7 6 70 274 7 10 53 12 41
is_linear=0
shrinkage=0.05


Tree=24
num_leaves=27
num_cat=0
split_feature=3 4 4 7 1 4 7 3 4 3 4 0 3 0 8 0 7 4 0 4 7 3 0 7 6 1
split_gain=1.8117e+06 489908 447157 1.30484e+06 383884 256925 103273 128355 128038 77295.6 80504.9 76807.7 189709 72270.1 48228.3 39389.2 33798.3 23623.6 12750.7 11720.1 8958.98 11935.3 7323.04 10014.4 3118 602.173
threshold=0.86537915874890925 44735.000000000007 44810.000000000007 5.5000000000000009 20423.035000000007 45077.500000000007 2.5000000000000004 0.82036021886572408 37162.000000000007 0.3777771521782825 38272.500000000007 38939.150000000001 0.89429637031143683 39369.000000000007 3.5000000000000004 41283.250000000007 1.0000000180025095e-35 36337.500000000007 36947.30000000001 37657.000000000007 4.5000000000000009 0.67829686043853099 33967.30000000001 5.5000000000000009 71.500000000000014 11830.475
decision_type=2 2 2 2 2 2 2 2 2 2 2 2 2 2 2 2 2 2 2 2 2 2 2 2 2 2
left_child=4 11 13 5 9 -4 7 17 -9 22 19 14 -13 -3 18 -5 -12 -6 -2 -11 24 -22 25 -24 -8 -1
right_child=1 2 3 15 6 -7 20 8 -10 10 16 12 -14 -15 -16 -17 -18 -19 -20 -21 21 -23 23 -25 -26 -27
leaf_value=-4.7683950277475216 -3.2562918663024902 14.533144632975263 20.120593566894527 -9.0582987467447946 1.2509315977173467 9.6272346496582024 -0.97833191028663102 8.9163116812705994 1.7713963442835317 -1.6836414148383168 -0.12266203463077546 12.274475606282552 1.028478775024414 22.293626912434895 3.9431569099426258 -3.3290451049804681 -5.025476608194154 -0.30145657286684741 0.0033962766329447428 1.0810592729598285 -2.9875611702601117 -1.2245632561078916 -4.7610829162597668 -1.4045597076416012 -0.30676871812343598 -5.3512222290039064
leaf_weight=39 3.9999999999999991 5.9999999999999982 10 5.9999999999999982 31 14 56 7.9999999999999991 29 92 3.9999999999999991 5.9999999999999991 9.9999999999999982 6 8.0000000000000018 6 29 117 11.999999999999998 3.9999999999999991 11.999999999999998 48 4.9999999999999982 4 25 4.9999999999999991
leaf_count=39 4 3 5 3 22 7 55 4 15 92 4 3 5 3 4 3 29 97 6 4 12 45 5 4 20 5
internal_value=0.0256589 6.64905 10.0547 7.26842 -1.1217 13.9995 -0.094712 0.682213 3.31624 -2.96125 -2.30078 2.56231 5.24573 18.4134 0.773368 -6.19367 -4.4312 0.0237058 -0.811526 -1.56845 -1.11408 -1.57716 -4.56881 -3.26929 -0.771059 -4.83463
internal_weight=596 88 48 36 508 24 326 185 37 182 129 40 16 12 24 12 33 148 16 96 141 60 53 9 81 44
internal_count=498 46 24 18 452 12 270 138 19 182 129 22 8 6 14 6 33 119 10 96 132 57 53 9 75 44
is_linear=0
shrinkage=0.05


Tree=25
num_leaves=24
num_cat=0
split_feature=1 1 2 0 4 0 7 2 4 7 2 4 2 0 0 6 4 4 2 1 2 4 0
split_gain=1.85942e+06 338604 315974 389081 398684 352247 118506 128485 110146 100607 60721.3 51900.6 51188.5 23350.5 19686.4 16248.1 15871.3 33137.8 13264.3 11128.9 8190.81 6933.46 5075.56
threshold=33894.500000000007 19342.510000000002 4007.6350000000007 40980.350000000006 44735.000000000007 39439.000000000007 2.5000000000000004 7574.5400000000009 36349.500000000007 1.5000000000000002 4570.4350000000004 38272.500000000007 18673.055000000004 34773.950000000004 39967.150000000001 67.500000000000014 42752.500000000007 39497.500000000007 5478.4950000000008 25106.445000000003 12679.120000000001 44810.000000000007 35710.80000000001
decision_type=2 2 2 2 2 2 2 2 2 2 2 2 2 2 2 2 2 2 2 2 2 2 2
left_child=1 11 3 4 -2 10 7 8 -3 -7 -4 12 15 -14 -6 -1 17 -8 -11 -9 -13 -18 -22
right_child=2 6 5 -5 14 9 16 19 -10 18 -12 20 13 -15 -16 -17 21 -19 -20 -21 22 -23 -24
leaf_value=-2.7485031104087834 4.3466987609863255 5.9449324922636153 7.6880446116129519 3.4435032272338866 17.195806884765627 4.5688888549804672 -0.81335043470336965 -0.72043045581214971 1.2839718713135015 -4.3852908452351897 14.801490529378254 -1.9984120368957521 -3.9217388609622392 -1.2609711742401124 20.818547668457033 -0.83143096608775002 0.21361699452002847 -2.5267759026392649 -0.89832548618316643 0.16494082399777005 -4.9275940034538515 -1.1567158865928651 -3.0384796559810638
leaf_weight=14.999999999999998 6.0000000000000027 15.999999999999998 6.0000000000000018 9.9999999999999982 5.9999999999999991 8.0000000000000018 73 72 61 5.9999999999999982 6 2.9999999999999991 47 9.9999999999999982 9.9999999999999982 42 24 46 5 70 32 14.999999999999998 3.9999999999999991
leaf_count=15 3 8 3 5 3 4 72 70 34 3 3 3 47 10 5 42 18 45 3 54 32 14 4
internal_value=0.0150676 -0.950237 8.13588 11.6211 15.3382 4.53822 -0.14513 0.607836 2.25248 0.302513 11.2448 -2.93406 -2.39543 -3.45494 19.46 -1.33592 -1.1888 -1.47568 -2.80031 -0.28398 -4.50852 -0.313434 -4.71769
internal_weight=593 530 63 32 22 31 377 219 77 19 12 153 114 57 16 57 158 119 11 142 39 39 36
internal_count=500 468 32 16 11 16 315 166 42 10 6 153 114 57 8 57 149 117 6 124 39 32 36
is_linear=0
shrinkage=0.05


Tree=26
num_leaves=24
num_cat=0
split_feature=1 1 0 7 7 1 0 0 3 4 4 1 4 4 0 4 1 4 4 7 0 1 0
split_gain=1.05898e+06 299868 232455 424903 237106 200204 643116 131967 72012.8 135537 63233 47842.4 36684.9 28462.6 16548.9 15812.3 29634.8 26367 10628.3 9862.07 7117.73 6423.73 2884.32
threshold=33645.805 19342.510000000002 40695.700000000004 4.5000000000000009 5.5000000000000009 36780.115000000013 40081.200000000004 39702.80000000001 0.79381852789526242 37329.500000000007 36212.500000000007 14777.825000000006 36520.000000000007 42520.000000000007 34773.950000000004 39497.500000000007 21592.340000000004 39052.500000000007 39715.000000000007 1.0000000180025095e-35 32446.000000000004 13790.915000000003 41283.250000000007
decision_type=2 2 2 2 2 2 2 2 2 2 2 2 2 2 2 2 2 2 2 2 2 2 2
left_child=1 11 3 7 -4 6 -5 -2 15 10 -10 14 20 -11 19 17 -17 -3 -14 -1 -13 -16 -6
right_child=2 8 4 5 22 -7 -8 -9 9 13 -12 12 18 -15 21 16 -18 -19 -20 -21 -22 -23 -24
leaf_value=-2.5886563413522463 -2.7224606323242178 -0.4921240571673427 8.4130716005961084 12.704817416451192 -4.8303133416175834 18.811996459960938 -5.7626280466715496 5.4005661296844485 -0.78523873090744023 -2.1007803130149845 4.1847107797861103 -2.8834053134918216 -2.7706543353341875 0.19994791891516708 -2.7250797271728517 -4.2876536216054646 -0.91022030916478913 2.4592363476753238 -4.9122912555933 -4.2193814851469913 -0.8877747569055785 0.33562873204549143 -3.204288005828857
leaf_weight=10.999999999999998 10.000000000000002 140 6.0000000000000009 22.000000000000004 5 5.9999999999999991 5.9999999999999991 9.9999999999999982 7.9999999999999991 20 32 4.9999999999999991 21.000000000000004 41 3.9999999999999991 6.9999999999999991 90 7.9999999999999991 7.9999999999999991 59 42 3 6
leaf_count=11 5 131 3 11 3 3 3 5 5 18 16 5 21 26 4 7 86 6 8 59 42 3 3
internal_value=-0.196771 -1.00971 5.51668 7.12191 0.417714 10.5236 8.74751 1.33905 -0.194641 0.928823 3.19072 -2.85293 -1.96297 -0.554389 -3.73133 -0.657783 -1.15395 -0.332591 -3.36145 -3.96312 -1.10008 -1.41335 -3.94339
internal_weight=570 499 71 54 17 34 28 20 346 101 40 153 76 61 77 245 97 148 29 70 47 7 11
internal_count=484 448 36 27 9 17 14 10 295 65 21 153 76 44 77 230 93 137 29 70 47 7 6
is_linear=0
shrinkage=0.05


Tree=27
num_leaves=27
num_cat=0
split_feature=2 4 7 4 2 1 4 0 7 4 4 2 7 4 4 7 4 0 2 4 1 6 2 6 0 2
split_gain=925976 244376 226426 1.08948e+06 427096 222087 146534 130858 94830 90255.7 82676.2 66786.9 38245.8 54653.7 84312.8 36950.7 29695.8 27609.2 19096.8 10187.9 10186.4 7638.08 6388.75 9340.12 3966.31 2453.05
threshold=6131.2650000000012 44395.000000000007 5.5000000000000009 44810.000000000007 4007.6350000000007 21701.830000000002 37979.500000000007 39702.80000000001 4.5000000000000009 42910.000000000007 38272.500000000007 18673.055000000004 2.5000000000000004 36337.500000000007 36212.500000000007 1.0000000180025095e-35 45602.500000000007 34773.950000000004 16268.045000000002 42910.000000000007 33780.495000000003 67.500000000000014 6949.7700000000013 71.500000000000014 35677.700000000004 5478.4950000000008
decision_type=2 2 2 2 2 2 2 2 2 2 2 2 2 2 2 2 2 2 2 2 2 2 2 2 2 2
left_child=1 6 4 -4 8 10 -1 -6 -3 25 11 21 13 14 -7 -12 -5 -13 -17 -15 -11 -2 24 -24 -14 -8
right_child=5 2 3 16 7 12 9 -9 -10 20 15 17 22 19 -16 18 -18 -19 -20 -21 -22 -23 23 -25 -26 -27
leaf_value=6.7020739936828626 -1.7279109339714052 10.128072261810301 20.305726623535147 -6.4770871734619142 -0.54427958011627198 0.71071068710751006 -3.0248219966888419 8.795877329508464 17.431623535156248 1.2875163555145264 0.57015311121940615 -3.5769001646041874 -3.6562675476074236 -0.48960828666770184 6.5548934936523438 -5.6207857217639692 -1.7577802801132201 -0.69892088890075688 -3.6261672751108804 0.52225320884159643 3.8107054710388186 -0.71350509023500819 -1.049457514985108 0.039745791141803453 -1.4296360174814859 -1.7866156260172528
leaf_weight=9.9999999999999982 25 8 6.0000000000000027 9.9999999999999982 9.9999999999999982 27 12.000000000000002 5.9999999999999991 10 7.9999999999999991 3.9999999999999991 50 2.9999999999999982 86 7.9999999999999991 20 4.9999999999999991 9.9999999999999982 30 35 7.9999999999999991 72 81 26 6 5.9999999999999991
leaf_count=5 25 4 3 5 5 17 10 3 5 4 4 50 3 74 4 20 3 10 30 24 4 72 81 21 6 5
internal_value=-0.24623 4.15896 6.38087 2.29879 8.90216 -1.14916 1.38157 2.95828 14.1856 -0.183288 -2.36647 -1.78602 -0.204847 0.306416 2.04652 -4.05408 -4.90398 -3.09724 -4.42401 -0.196921 2.54911 -0.97495 -0.892408 -0.784791 -2.17185 -2.61209
internal_weight=582 99 55 21 34 483 44 16 18 34 211 157 272 156 35 54 15 60 50 121 16 97 116 107 9 18
internal_count=497 56 28 11 17 441 28 8 9 23 211 157 230 119 21 54 8 60 50 98 8 97 111 102 9 15
is_linear=0
shrinkage=0.05


Tree=28
num_leaves=27
num_cat=0
split_feature=3 4 7 4 3 2 4 8 2 7 4 4 0 0 0 0 7 0 2 2 7 8 0 4 4 3
split_gain=1.47485e+06 370132 290757 1.0356e+06 204451 130660 110799 98795.9 84089.7 62399.3 102963 156009 60318.1 52566.4 38136.5 48663 36040.7 30381.6 22406 19957.5 16684.8 8110.89 7346.57 5942.14 25743.5 6547.12
threshold=0.86537915874890925 44735.000000000007 5.5000000000000009 44810.000000000007 0.6399044658409323 4570.4350000000004 45077.500000000007 2.5000000000000004 18673.055000000004 2.5000000000000004 36349.500000000007 36212.500000000007 40980.350000000006 39369.000000000007 39793.05000000001 38156.250000000007 1.0000000180025095e-35 40980.350000000006 5211.5100000000011 13629.235000000002 4.5000000000000009 4.5000000000000009 40081.200000000004 40095.000000000007 42277.500000000007 0.82353704355786184
decision_type=2 2 2 2 2 2 2 2 2 2 2 2 2 2 2 2 2 2 2 2 2 2 2 2 2 2
left_child=4 5 6 13 7 14 22 16 21 10 11 -6 -8 -4 15 -2 -1 -5 -12 -18 -10 -9 -3 25 -25 -11
right_child=1 2 3 17 9 -7 12 8 20 23 18 -13 -14 -15 -16 -17 19 -19 -20 -21 -22 -23 -24 24 -26 -27
leaf_value=0.93984855016072599 1.2991176393296981 14.829194641113279 11.985988616943354 -7.993147722880046 0.78542887731031941 8.1399685263633739 6.6766758918762212 -1.0274717860075893 -3.9305407185708328 -0.44333537963647696 3.6484626770019535 8.3173970031738289 13.308565521240233 18.604546101888019 3.9854905128479006 -3.9003999074300135 -6.9692560195922857 -2.9614477793375649 -0.15405348880383057 -4.1484041847031694 -2.2467166924050876 0.015854405190633691 17.303491210937498 -3.0426644198099773 -0.63698531167451733 -2.5294209957122806
leaf_weight=2.9999999999999991 18.000000000000004 6 6.0000000000000018 5.9999999999999982 22 7.9999999999999991 7.9999999999999991 98 31 63 3.9999999999999991 9.9999999999999982 6.0000000000000009 6 7.9999999999999991 5.9999999999999991 7.9999999999999991 6 123 29 28 23 6 14.999999999999998 43 3.9999999999999991
leaf_count=3 11 3 3 3 13 4 4 98 31 60 2 5 3 3 4 3 8 3 93 29 28 23 3 15 38 4
internal_value=0.11374 6.00958 8.87753 4.90898 -0.939088 2.42463 12.5408 -2.08328 -1.58379 -0.0527446 0.604394 3.13917 9.51891 15.2953 0.995801 -0.000761747 -4.33096 -5.4773 -0.0342892 -4.75832 -3.13144 -0.829154 16.0663 -0.888625 -1.25914 -0.567878
internal_weight=594 90 50 24 504 40 26 220 180 284 159 32 14 12 32 24 40 12 127 37 59 121 12 125 58 67
internal_count=497 47 25 12 450 22 13 220 180 230 113 18 7 6 18 14 40 6 95 37 59 121 6 117 53 64
is_linear=0
shrinkage=0.05


Tree=29
num_leaves=27
num_cat=0
split_feature=1 4 7 4 1 7 4 1 8 4 2 3 2 2 0 7 3 4 7 0 6 6 2 1 1 3
split_gain=1.14208e+06 277176 332079 772182 191598 145676 88493.2 55496.3 49280.2 47157.9 43515.9 43500.5 28452.2 27760.5 26480.1 20827 21809.9 19800.9 10309.2 9552.69 9368.63 7276.55 6630.28 5757.67 5520.66 2063.6
threshold=33645.805 44735.000000000007 5.5000000000000009 44810.000000000007 17280.730000000003 1.5000000000000002 45077.500000000007 25026.994999999999 2.5000000000000004 37329.500000000007 5617.5600000000004 0.89747691416181763 14450.925000000001 3606.0450000000005 32772.850000000006 4.5000000000000009 0.44658068855919536 42910.000000000007 3.5000000000000004 33464.05000000001 67.500000000000014 67.500000000000014 3030.3600000000001 13790.915000000003 37432.69000000001 0.89429637031143683
decision_type=2 2 2 2 2 2 2 2 2 2 2 2 2 2 2 2 2 2 2 2 2 2 2 2 2 2
left_child=4 5 6 -4 14 -2 22 8 12 10 -9 25 -6 -8 18 16 -16 -11 20 -17 -1 -10 -3 -20 -5 -7
right_child=1 2 3 24 7 11 13 9 21 17 -12 -13 -14 -15 15 19 -18 -19 23 -21 -22 -23 -24 -25 -26 -27
leaf_value=-1.6100607034564014 8.3025755564371693 16.438316345214837 13.673124542236323 -6.7513531851768507 -2.4225736757326457 -1.7759881337483716 11.595656585693362 3.883000946044922 -1.512110493083795 -1.0288847388539997 0.59355010471997727 2.7825227419535321 -7.5552739461263023 6.7859038035074866 -3.8105101747946311 -2.6700359344482409 -1.3843633294105531 0.14419783853195808 -3.8217543106079099 -0.38153846059974872 -3.6822468121846521 -0.56158173348605633 14.08773498535156 -5.5465142567952483 -4.5017745971679686 -3.0873477935791014
leaf_weight=10.000000000000002 6.0000000000000027 6.0000000000000018 10.000000000000002 4.9999999999999982 27.000000000000004 6.0000000000000018 5.9999999999999982 11.999999999999998 24 70 62 5.9999999999999991 2.9999999999999991 6 22 6.0000000000000027 15.999999999999998 74 25.000000000000004 19 11.999999999999998 125 6 5.9999999999999991 6 6
leaf_count=10 3 3 5 3 27 3 3 6 24 66 42 3 3 3 22 6 16 52 25 19 12 123 3 6 3 3
internal_value=-0.14457 5.89478 8.2091 3.61733 -0.956881 1.55544 12.2269 -0.434556 -1.08695 0.101123 1.12697 -0.693604 -2.93584 9.19078 -2.74449 -2.05159 -2.78897 -0.426051 -3.56812 -0.930778 -2.74034 -0.714687 15.263 -4.15558 -5.52431 -2.43167
internal_weight=582 69 45 21 513 24 24 397 179 218 74 18 30 12 116 63 38 144 53 25 22 149 12 31 11 12
internal_count=494 35 23 11 459 12 12 343 177 166 48 9 30 6 116 63 38 118 53 25 22 147 6 31 6 6
is_linear=0
shrinkage=0.05


Tree=30
num_leaves=28
num_cat=0
split_feature=3 4 7 4 3 1 0 1 3 4 4 0 0 0 8 3 4 8 7 4 4 3 4 0 7 4 1
split_gain=912701 193031 265149 768241 211091 189308 80601.5 187507 51809.6 58749.3 122148 43715.1 38332.9 32927.6 30534.1 26506.2 31598.3 31810.6 23616.3 13760.7 29208.5 22010.7 11222.5 10227.3 7198.46 6330.93 816.616
threshold=0.86537915874890925 44735.000000000007 5.5000000000000009 44810.000000000007 0.89747691416181763 19016.215000000004 38939.150000000001 35239.715000000004 0.79381852789526242 36349.500000000007 36212.500000000007 40081.200000000004 41283.250000000007 39989.05000000001 3.5000000000000004 0.3777771521782825 36520.000000000007 4.5000000000000009 1.5000000000000002 39497.500000000007 39052.500000000007 0.59559928878149726 42910.000000000007 33967.30000000001 5.5000000000000009 28185.000000000004 11830.475
decision_type=2 2 2 2 2 2 2 2 2 2 2 2 2 2 2 2 2 2 2 2 2 2 2 2 2 2 2
left_child=5 6 4 -4 -3 15 14 -8 19 10 -10 -6 -5 -9 22 23 25 -18 -11 20 -7 -21 -2 26 -25 -17 -1
right_child=1 2 3 12 11 8 7 13 9 18 -12 -13 -14 -15 -16 16 17 -19 -20 21 -22 -23 -24 24 -26 -27 -28
leaf_value=-3.5727250012484464 -2.422578080495196 2.0619544982910147 14.631645774841303 -8.1974412282307956 10.417385101318356 -0.45678221622003695 12.015842183430983 -1.4288335164388024 -0.3272910547256469 1.447548606991768 7.9617452621459952 15.09259002685547 -2.5455305894215901 3.8094576517740886 3.4616887410481776 -3.3862481455008187 -3.5207833118736747 1.8638277490933737 -0.37593601473740174 -3.7333982961518424 2.33526141166687 -0.82605648732954462 0.22582725683848062 -3.644008636474608 -0.54595417022705073 -1.0264014079063029 -4.2068556467692053
leaf_weight=33 6.0000000000000062 6.0000000000000027 8.0000000000000018 5.9999999999999982 10.000000000000002 148 6.0000000000000027 5.9999999999999982 10 26 8 9.9999999999999982 6 6 5.9999999999999991 2.9999999999999991 32 2.9999999999999991 56 6.9999999999999991 9.9999999999999982 93 11.999999999999998 3 5 54 5.9999999999999991
leaf_count=33 5 3 4 3 5 139 3 3 6 14 4 5 3 3 3 3 32 3 39 7 7 89 6 3 5 54 6
internal_value=0.0268821 4.72034 6.95797 2.62977 10.2874 -0.804153 2.2696 4.79882 -0.196099 0.770049 3.35673 12.755 -5.37149 1.19031 0.372691 -2.37022 -1.87672 -3.05925 0.202242 -0.570574 -0.280071 -1.02957 -0.656975 -3.33623 -1.70772 -1.1506 -3.67028
internal_weight=585 88 46 20 26 497 42 18 358 100 18 20 12 12 24 139 92 35 82 258 158 100 18 47 8 57 39
internal_count=490 46 23 10 13 444 23 9 305 63 10 10 6 6 14 139 92 35 53 242 146 96 11 47 8 57 39
is_linear=0
shrinkage=0.05


Tree=31
num_leaves=26
num_cat=0
split_feature=2 0 1 7 0 0 3 0 3 8 7 1 0 7 0 1 0 6 2 2 1 0 5 1 1
split_gain=890667 154666 134223 90460.5 306997 135792 134803 98669.1 32657 37340.7 31824.4 29094 36117.5 27431 19847.2 19582.4 18980.4 8716.49 11530.3 6548.19 4889.89 2160.04 2507.55 767.243 714.857
threshold=6131.2650000000012 35677.700000000004 19342.510000000002 4.5000000000000009 40980.350000000006 39702.80000000001 0.93350698434365709 39181.80000000001 0.3777771521782825 3.5000000000000004 2.5000000000000004 25315.215000000004 35382.05000000001 1.0000000180025095e-35 32331.100000000002 13436.885 35475.80000000001 69.500000000000014 13944.985000000002 7348.4950000000008 37124.765000000007 33754.200000000004 16.500000000000004 11830.475 28777.070000000003
decision_type=2 2 2 2 2 2 2 2 2 2 2 2 2 2 2 2 2 2 2 2 2 2 2 2 2
left_child=1 16 8 5 6 7 -5 -3 21 13 11 14 -13 -10 -4 -11 24 18 -12 -19 -7 23 -23 -2 -1
right_child=2 3 10 4 -6 20 -8 -9 9 15 17 12 -14 -15 -16 -17 -18 19 -20 -21 -22 22 -24 -25 -26
leaf_value=-3.4478612263997408 -3.3818510286735766 2.8797810046903551 -3.7503238010406492 6.7328224308350517 -2.7774113953113559 6.3952249145507816 14.861770884195963 -3.3484820604324343 1.1974766254425036 1.8861136627197266 -1.2316356055569231 2.6509747591283586 0.1748773507129999 -3.873674023151398 -0.47753059433861855 -1.3559789964819657 0.81762084960937487 -1.65589138177725 -4.4119316736857099 -0.44490474707718142 8.2007523854573563 -1.7029712021350862 -3.6152606964111316 -3.9965128580729168 -2.4268327713012692
leaf_weight=2.9999999999999982 33 31 4.9999999999999991 34 7.9999999999999991 9.9999999999999982 5.9999999999999991 7.9999999999999991 3.0000000000000027 4.9999999999999991 57 18 81 24 63 68 7 12.999999999999998 2.9999999999999991 79 5.9999999999999991 3.9999999999999991 3 5.9999999999999991 4
leaf_count=3 33 16 5 18 4 5 3 4 3 5 57 10 56 24 62 68 4 13 3 74 3 4 3 6 4
internal_value=0.00811984 3.90754 -0.973024 4.57776 6.1639 3.19349 7.95216 1.60219 -2.2287 -1.72152 -0.398328 0.0781231 0.625077 -3.31021 -0.718177 -1.13392 -1.0234 -0.921797 -1.39065 -0.616022 7.0723 -3.33126 -2.52252 -3.47641 -2.86442
internal_weight=582 117 465 103 48 55 40 39 146 100 319 167 99 27 68 73 14 152 60 92 16 46 7 39 7
internal_count=490 64 426 53 25 28 21 20 146 100 280 133 66 27 67 73 11 147 60 87 8 46 7 39 7
is_linear=0
shrinkage=0.05


Tree=32
num_leaves=24
num_cat=0
split_feature=2 4 4 7 3 1 4 0 6 1 2 4 4 4 8 4 2 6 0 1 3 2 7
split_gain=702449 168945 333533 560412 234247 120442 116441 76034.3 178877 46627 44099.6 43075 35882.2 56589.9 33467.7 29151.1 25565.3 11432.8 10672.1 9187.87 14561.5 8134.17 6161.22
threshold=6131.2650000000012 44735.000000000007 44810.000000000007 5.5000000000000009 0.89747691416181763 14777.825000000006 37162.000000000007 38939.150000000001 70.500000000000014 25963.620000000006 4216.0950000000012 37979.500000000007 36349.500000000007 36212.500000000007 2.5000000000000004 45602.500000000007 11295.805000000002 67.500000000000014 35192.500000000007 13790.915000000003 0.38497024392253903 19089.265000000003 2.5000000000000004
decision_type=2 2 2 2 2 2 2 2 2 2 2 2 2 2 2 2 2 2 2 2 2 2 2
left_child=1 6 10 4 -4 18 -1 11 -9 14 -3 -8 13 -11 16 -5 -7 -16 19 20 -2 -21 -14
right_child=5 2 3 15 -6 9 7 8 -10 12 -12 -13 22 -15 17 -17 -18 -19 -20 21 -22 -23 -24
leaf_value=10.085887145996095 -2.9768894935140806 15.922439575195316 0.73504433631896937 -6.3441419363021865 11.017864735921224 -0.83784675850336887 2.4583389554704942 11.084642410278319 0.7659958839416503 0.44549249410629277 9.8602921803792309 -0.88318185652455983 0.089426494496209291 5.3561969757080057 -1.4548356266485323 -1.9259043455123899 -3.3162933396256493 -0.47347469475759563 -0.22864447832107546 -6.0536217689514178 -0.67615038156509399 -3.0285698366165157 -0.65773470977018045
leaf_weight=3.9999999999999991 49 5.9999999999999982 8.0000000000000018 7.9999999999999982 18 19 13.999999999999998 6.0000000000000009 14 22 6 31 77 8.0000000000000018 36 7 23 169 3.9999999999999991 3.9999999999999982 7.9999999999999991 5 43
leaf_count=2 49 3 4 4 9 17 7 3 7 13 3 21 55 4 36 4 23 167 4 4 8 5 41
internal_value=0.0583992 3.4367 5.5597 3.41384 7.85392 -0.824155 1.80599 1.29646 3.86159 -0.486981 12.8914 0.156402 0.208358 1.75501 -0.909252 -4.2823 -2.19509 -0.645811 -2.73641 -2.8884 -2.65398 -4.37304 -0.178306
internal_weight=589 122 53 41 26 467 69 65 20 397 12 45 150 30 247 15 42 205 70 66 57 9 120
internal_count=493 67 27 21 13 426 40 38 10 356 6 28 113 17 243 8 40 203 70 66 57 9 96
is_linear=0
shrinkage=0.05


Tree=33
num_leaves=23
num_cat=0
split_feature=3 2 2 7 1 4 1 4 4 1 4 4 8 7 7 4 6 4 4 7 4 2
split_gain=619689 141352 138761 169331 128390 115921 109922 99308 72072.5 50341.9 44005.6 122462 42131.3 22017.7 15603.6 13216.9 11109.1 9294.46 7755.72 12856.2 5726.64 2156.47
threshold=0.86537915874890925 5070.9150000000009 3716.8450000000007 5.5000000000000009 25315.215000000004 44810.000000000007 37432.69000000001 44735.000000000007 46380.000000000007 14777.825000000006 36349.500000000007 36212.500000000007 2.5000000000000004 1.0000000180025095e-35 3.5000000000000004 44395.000000000007 67.500000000000014 35865.000000000007 27195.000000000004 5.5000000000000009 42277.500000000007 22847.655000000002
decision_type=2 2 2 2 2 2 2 2 2 2 2 2 2 2 2 2 2 2 2 2 2 2
left_child=4 2 3 6 9 7 -2 -4 -7 18 11 17 13 -11 15 -12 -14 -6 21 -20 -16 -1
right_child=1 -3 5 -5 10 8 -8 -9 -10 12 14 -13 16 -15 20 -17 -18 -19 19 -21 -22 -23
leaf_value=-5.1652300516764322 5.6021895321932691 11.256067911783855 2.0034916681401871 0.8072397375106809 0.72617989345030343 -6.4280131340026871 13.304961967468262 8.9806249618530281 1.3218526204427083 -0.19104918837547302 0.066014279439611342 7.3272395133972168 -1.4405862363373361 -3.1432269521554312 -1.3747553945519031 1.8193865080674489 -0.51811001795809719 -1.6620031070709229 -2.7288457000956816 -1.1043489282776136 -0.25793845785612407 -3.2694161732991525
leaf_weight=2.9999999999999991 11.000000000000002 5.9999999999999991 34 10.000000000000002 22.000000000000004 5.9999999999999982 7.9999999999999991 5.9999999999999991 6 7.9999999999999991 103 7.9999999999999991 41 30 24 11.999999999999998 160 4.9999999999999991 51 15.999999999999998 22 3
leaf_count=3 6 3 18 5 13 3 4 3 3 8 72 4 41 30 24 7 159 5 51 16 19 3
internal_value=-0.0481449 3.85101 3.30249 6.07366 -0.715914 1.75703 8.84546 3.05006 -2.55308 -1.34593 0.286975 1.89382 -0.994924 -2.52172 -0.0623395 0.248975 -0.706277 0.283924 -2.49513 -2.34091 -0.840626 -4.21732
internal_weight=595 87 81 29 508 52 19 40 12 312 196 35 239 38 161 115 201 27 73 67 46 6
internal_count=500 45 42 15 455 27 10 21 6 311 144 22 238 38 122 79 200 18 73 67 43 6
is_linear=0
shrinkage=0.05


Tree=34
num_leaves=22
num_cat=0
split_feature=3 4 1 2 2 7 4 2 8 7 4 4 7 3 2 1 7 8 4 7 8
split_gain=689724 145846 112989 79019 132814 103443 40020.1 38462.7 32024.1 31304.3 34229.5 58175.7 23978.1 16303 15120.1 13972.2 10704.2 3877.6 4907.74 3760.74 2516.78
threshold=0.86537915874890925 44065.000000000007 21701.830000000002 5070.9150000000009 4752.5500000000011 5.5000000000000009 38272.500000000007 20451.445000000003 3.5000000000000004 2.5000000000000004 36337.500000000007 36212.500000000007 1.0000000180025095e-35 0.84555117463234464 16175.160000000002 13436.885 5.5000000000000009 4.5000000000000009 42752.500000000007 3.5000000000000004 2.5000000000000004
decision_type=2 2 2 2 2 2 2 2 2 2 2 2 2 2 2 2 2 2 2 2 2
left_child=2 8 6 4 5 -3 7 15 20 10 11 -4 -8 -12 -14 -1 -9 18 -11 -19 -2
right_child=1 3 9 -5 -6 -7 12 16 -10 17 13 -13 14 -15 -16 -17 -18 19 -20 -21 -22
leaf_value=2.6543561617533369 -1.2617309951782225 7.0432639280955005 0.50026538062978676 10.693264516194661 -2.3858827273050944 2.5584030914306641 0.58701869964599618 -3.2813777490095664 2.3381904125213619 -0.97669704577213601 -0.15277927433068939 4.9646324920654301 -4.2099397553337949 1.942280082702637 -2.4177922003409442 -0.80412043341181494 -1.4717096548814039 1.7941029866536458 -0.27233635968425207 -0.54777928590774527 -2.9443992614746088
leaf_weight=2.9999999999999991 5 36 27 5.9999999999999991 5.9999999999999991 20 4.9999999999999991 22 8 79 130 9.9999999999999982 18 9.9999999999999982 34 110 12.999999999999998 2.9999999999999991 36 4 4
leaf_count=3 4 18 18 3 3 10 5 22 4 78 103 5 18 5 34 110 13 2 30 4 2
internal_value=0.0123441 4.1787 -0.690314 5.21426 4.68404 5.44153 -1.59445 -1.1609 0.0364277 -0.0704247 0.354322 1.70685 -2.72015 -0.00313218 -3.03815 -0.712302 -2.60922 -0.686656 -0.756202 0.455885 -2.00958
internal_weight=589 85 504 68 62 56 205 148 17 299 177 37 57 140 52 113 35 122 115 7 9
internal_count=494 44 450 34 31 28 205 148 10 245 131 23 57 108 52 113 35 114 108 6 6
is_linear=0
shrinkage=0.05


Tree=35
num_leaves=27
num_cat=0
split_feature=3 4 4 7 3 1 0 1 0 4 4 3 1 8 0 0 4 3 1 4 3 0 1 4 0 1
split_gain=712570 136442 214508 605969 162154 112765 63301.2 133968 44195.9 28898.2 38837.1 38617.8 30624.4 28758.6 27040.4 23994.5 18765.7 21625.4 15862.3 10920.2 10339.4 7376.86 7147.9 4528.9 14634.9 5659.59
threshold=0.86537915874890925 44735.000000000007 44810.000000000007 5.5000000000000009 0.89747691416181763 19016.215000000004 38939.150000000001 35239.715000000004 39369.000000000007 39497.500000000007 41515.000000000007 0.77294680418989115 22039.73 3.5000000000000004 35746.850000000013 40980.350000000006 38272.500000000007 0.38497024392253903 13436.885 39052.500000000007 0.87931012930868191 33967.30000000001 33157.69000000001 39052.500000000007 32591.400000000005 16782.015000000003
decision_type=2 2 2 2 2 2 2 2 2 2 2 2 2 2 2 2 2 2 2 2 2 2 2 2 2 2
left_child=5 6 8 4 -4 16 13 -8 -3 11 12 19 -11 20 -13 -5 17 21 -19 -7 -2 -1 -12 25 -25 -18
right_child=1 2 3 15 -6 9 7 -9 -10 10 22 14 -14 -15 -16 -17 23 18 -20 -21 -22 -23 -24 24 -26 -27
leaf_value=-2.9668776759394895 0.23620309034983303 8.6168209075927749 1.3358221054077142 -6.7476802031199146 10.707785034179688 -0.35491128445292519 10.034400304158529 0.58390567779541014 14.685589090983072 -6.4880357027053783 -0.26393575073643166 2.5715551127558172 -1.7760650415420534 2.8046140670776367 0.32395601868629459 -2.5648591399192813 -2.9543979406356811 2.5216382980346683 -1.1970584115156762 2.0204001283645634 -2.5095509767532351 -1.4307779875668614 -1.549080797036489 0.97144694328308112 -3.1235634088516235 -5.2578449249267578
leaf_weight=27 6.0000000000000027 5.9999999999999982 6.0000000000000027 5.9999999999999991 20 150 5.9999999999999991 9.9999999999999982 6 4.0000000000000027 110 23 25 5.9999999999999991 32 7.9999999999999991 24.000000000000004 2.9999999999999991 65 4.9999999999999991 7.9999999999999991 10.999999999999998 11.999999999999998 2.9999999999999991 7.9999999999999991 2.9999999999999991
leaf_count=27 3 3 3 3 10 141 3 5 3 4 95 14 25 3 19 4 24 3 65 5 6 11 7 3 8 3
internal_value=-0.0021 4.14993 5.78808 4.02914 8.54502 -0.725623 1.78372 4.12784 11.6512 -0.253734 -0.781296 0.125608 -2.42599 -0.0915752 1.26386 -4.3575 -1.90862 -1.56687 -1.033 -0.278288 -1.3328 -2.52222 -0.390343 -2.86193 -2.00674 -3.21034
internal_weight=593 88 52 40 26 505 36 16 12 361 151 210 29 20 55 14 144 106 68 155 14 38 122 38 11 27
internal_count=500 46 26 20 13 454 20 8 6 310 131 179 29 12 33 7 144 106 68 146 9 38 102 38 11 27
is_linear=0
shrinkage=0.05


Tree=36
num_leaves=27
num_cat=0
split_feature=2 4 4 7 7 3 4 0 2 4 2 2 8 2 4 4 4 6 0 0 3 4 7 4 9 2
split_gain=667004 155782 199068 535395 111447 95279.6 88971.8 71173.4 115614 41763.3 39886.8 23890.6 38069.4 38168.3 22967.3 15301.5 50907.1 12504.3 9861.02 8072.05 6565.15 11057.6 5362.82 4798.33 4180.67 449.948
threshold=6131.2650000000012 44735.000000000007 44810.000000000007 5.5000000000000009 4.5000000000000009 0.50131916368646723 37162.000000000007 38939.150000000001 4570.4350000000004 39905.000000000007 4216.0950000000012 11295.805000000002 2.5000000000000004 11552.035000000002 45602.500000000007 36349.500000000007 36212.500000000007 70.500000000000014 32845.400000000001 39775.450000000004 0.44658068855919536 38272.500000000007 4.5000000000000009 39905.000000000007 1.0000000180025095e-35 18673.055000000004
decision_type=2 2 2 2 2 2 2 2 2 2 2 2 2 2 2 2 2 2 2 2 2 2 2 2 2 2
left_child=1 6 10 4 -4 17 -1 9 -9 -8 -3 15 13 -13 -5 16 -7 20 25 -14 22 -22 -2 -17 -20 -19
right_child=5 2 3 14 -6 11 7 8 -10 -11 -12 12 19 -15 -16 23 -18 18 24 -21 21 -23 -24 -25 -26 -27
leaf_value=8.8946115493774425 -3.1032358169555665 13.951309712727866 5.1370822906494142 -5.6674333989620216 11.511387125651039 -0.0066387923700468882 2.1193175486155922 0.18166435718536372 8.245947551727296 -1.3169698516527812 8.1859798431396467 -7.9385963439941314 -0.60388752912780408 -1.9422923305760262 -1.7457151549203056 -0.023523392112224137 4.345215845108032 -2.1811583201090468 -1.7480319817860932 2.0187909444173178 -1.0357656866312026 -3.9749350070953371 -2.1795607316493988 -0.56691650570218655 0.40723762512207023 -3.0471338907877596
leaf_weight=3.9999999999999991 33 5.9999999999999982 15.999999999999998 7.9999999999999982 12.000000000000002 42 13.999999999999998 10.000000000000002 7.9999999999999991 24 6 3.0000000000000027 133 23 7 77 7.9999999999999991 3.0000000000000027 2.9999999999999973 2.9999999999999991 16.000000000000004 3.9999999999999991 30 86 9 3
leaf_count=2 33 3 8 4 6 32 7 5 4 16 3 3 133 23 4 64 4 3 3 2 16 4 30 74 9 3
internal_value=0.0349547 3.45235 5.37444 3.78536 7.86893 -0.790676 1.69043 1.17585 3.76579 -0.0509692 11.0686 -0.423553 -0.881168 -2.63417 -3.8373 -0.0755081 0.689658 -2.15376 -0.959102 -0.546034 -2.41284 -1.6236 -2.66339 -0.310222 -0.13158 -2.61415
internal_weight=591 115 55 43 28 476 60 56 18 38 12 375 162 26 15 213 50 101 18 136 83 20 63 163 12 6
internal_count=498 62 28 22 14 436 34 32 9 23 6 335 161 26 8 174 36 101 18 135 83 20 63 138 12 6
is_linear=0
shrinkage=0.05


Tree=37
num_leaves=25
num_cat=0
split_feature=3 4 7 4 2 3 7 4 2 0 0 7 3 3 0 1 4 0 7 4 4 4 4 0
split_gain=415670 125143 233611 347543 87572.4 71632 53794.7 30246.7 23986.1 22785.9 32325.8 20638.3 26906.9 32090.5 18395.1 14625.8 13069.6 16135 11976.6 8209.5 6445.38 28123 8289.63 1217.35
threshold=0.86537915874890925 44735.000000000007 5.5000000000000009 44810.000000000007 4570.4350000000004 0.5859132295644639 4.5000000000000009 38272.500000000007 20451.445000000003 39793.05000000001 38156.250000000007 2.5000000000000004 0.84555117463234464 0.84920184622972539 40980.350000000006 13436.885 43767.500000000007 35710.80000000001 5.5000000000000009 36337.500000000007 39497.500000000007 42277.500000000007 37657.000000000007 40081.200000000004
decision_type=2 2 2 2 2 2 2 2 2 2 2 2 2 2 2 2 2 2 2 2 2 2 2 2
left_child=5 4 6 -4 9 7 -3 8 15 10 -2 12 19 -14 -5 -1 17 -9 -10 -7 22 -22 -13 -8
right_child=1 2 3 14 -6 11 23 16 18 -11 -12 20 13 -15 -16 -17 -18 -19 -20 -21 21 -23 -24 -25
leaf_value=2.4010245561599732 0.43759804226103277 5.9703490447998036 9.2847696781158415 -6.126924339930218 6.0056843936443336 0.67274298838206703 10.432216389973958 -2.7134572364188529 -2.7872469093488612 2.5509939610958101 -3.7238185882568362 -0.45497141390135792 5.0207884470621744 0.18350667953491212 -2.2116663297017412 -0.70094983428716662 -5.7368108113606775 0.081734236081441258 -0.93239443089280805 -0.1776789759596189 -2.2920430816136874 -0.23472545146942139 1.6566193342208864 11.439419555664061
leaf_weight=3.9999999999999991 21.000000000000004 10 8.0000000000000018 5.9999999999999982 7.9999999999999991 35 6 37 23 7.9999999999999991 5.9999999999999991 66 5.9999999999999991 7.9999999999999991 6 76 2.9999999999999991 5.9999999999999991 13.999999999999998 150 26 46 4.9999999999999991 6
leaf_count=4 13 5 4 3 4 25 3 37 23 4 3 64 3 4 3 76 3 6 14 122 26 41 4 3
internal_value=-0.052737 3.18212 5.12333 1.21233 1.28605 -0.597217 8.67879 -1.45979 -1.03272 0.207274 -0.487161 -0.186107 0.14315 2.25663 -4.1693 -0.545851 -2.54604 -2.32343 -2.08541 -0.0167883 -0.644304 -0.977646 -0.306268 10.9358
internal_weight=590 85 42 20 43 505 22 163 117 35 27 342 199 14 12 80 46 43 37 185 143 72 71 12
internal_count=497 45 21 10 24 452 11 163 117 20 16 289 154 7 6 80 46 43 37 147 135 67 68 6
is_linear=0
shrinkage=0.05


Tree=38
num_leaves=24
num_cat=0
split_feature=3 6 7 7 4 0 3 0 1 4 4 0 4 4 0 1 4 0 7 1 4 1 0
split_gain=470987 180138 109045 214994 198619 108091 64175.5 59873 26439 24945 87389.5 19820.6 18830.8 25424.6 18079.7 8574.06 8551.56 2940.83 8553.83 1012.84 616.649 418.643 254.007
threshold=0.86537915874890925 67.500000000000014 5.5000000000000009 4.5000000000000009 44810.000000000007 40980.350000000006 0.38497024392253903 38895.900000000009 26507.440000000006 36349.500000000007 36212.500000000007 40295.250000000007 38272.500000000007 39052.500000000007 40980.350000000006 33157.69000000001 37657.000000000007 33754.200000000004 5.5000000000000009 12269.755000000001 34377.500000000007 10845.315000000002 32591.400000000005
decision_type=2 2 2 2 2 2 2 2 2 2 2 2 2 2 2 2 2 2 2 2 2 2 2
left_child=6 -2 3 5 7 -3 17 -4 12 10 -10 -5 16 -14 -6 -11 -8 20 19 -19 21 -1 -22
right_child=1 2 4 11 14 -7 8 -9 9 15 -12 -13 13 -15 -16 -17 -18 18 -20 -21 22 -23 -24
leaf_value=-2.5259030659993487 13.810713195800782 1.2403728372910443 1.1914952087402337 11.160747146606447 -5.8205780506134035 8.5195034027099616 -0.51635334709515934 8.5998416900634762 -0.069762541800737363 -0.043246123826099658 6.8103513081868492 7.3591039121150956 -3.1158037126064304 -0.91231027415229216 -2.1897255631163719 -1.3962102413177491 0.86170392235120152 -2.1952695846557622 -0.0083921122550964355 -3.4106143315633126 -2.3832230159214558 -3.0200772603352863 -1.9680579376220704
leaf_weight=15.000000000000002 3.9999999999999991 34 5.0000000000000018 7.9999999999999982 5.9999999999999991 5.9999999999999991 182 6 20.000000000000004 118 5.9999999999999991 6 15.999999999999998 72 7.9999999999999991 12.999999999999998 11.999999999999998 3.9999999999999982 5 3 14.000000000000002 5.9999999999999991 4.9999999999999991
leaf_count=15 2 18 3 4 3 3 181 3 13 92 3 3 16 70 4 8 11 4 5 3 14 6 5
internal_value=-0.0246392 3.4589 2.93475 4.19871 0.20461 2.33224 -0.613506 5.23241 -0.41677 0.103268 1.51796 9.53147 -0.706295 -1.31295 -3.74581 -0.17751 -0.431113 -2.27441 -1.58791 -2.71613 -2.48036 -2.6671 -2.27397
internal_weight=574 83 79 54 25 40 491 11 439 157 26 14 282 88 14 131 194 52 12 7 40 21 19
internal_count=489 43 41 28 13 21 446 6 394 116 16 7 278 86 7 100 192 52 12 7 40 21 19
is_linear=0
shrinkage=0.05


Tree=39
num_leaves=18
num_cat=0
split_feature=1 7 2 1 0 4 4 4 7 1 8 2 6 4 0 1 0
split_gain=272454 156962 109638 96759 71047.5 41816.5 40393.7 141503 45306 32142.9 20061 16514.6 11681.1 8610.54 7197.02 6805.79 4869.54
threshold=35637.680000000008 5.5000000000000009 3606.0450000000005 25963.620000000006 40695.700000000004 46380.000000000007 44735.000000000007 44810.000000000007 2.5000000000000004 14777.825000000006 2.5000000000000004 15889.885000000002 67.500000000000014 27195.000000000004 40827.200000000004 11401.780000000001 40403.600000000013
decision_type=2 2 2 2 2 2 2 2 2 2 2 2 2 2 2 2 2
left_child=3 2 14 9 -3 6 8 -8 -5 13 11 -11 -12 -1 -2 -15 -4
right_child=1 4 16 5 -6 -7 7 -9 -10 10 12 -13 -14 15 -16 -17 -18
leaf_value=-4.4289943695068361 8.6351702372233046 4.3882115681966152 4.1079835255940766 0.86258566640928158 -2.4940095138549805 -4.6190133094787598 7.9337471604347201 0.065624200105667121 -0.73318205675908499 -1.3723895801438226 -1.2400628154342241 -5.2336128870646164 -0.26075368909988295 -2.2422717276960613 11.084153238932291 -1.2692918062210083 2.0935474554697673
leaf_weight=2.9999999999999991 6.0000000000000018 5.9999999999999991 5.9999999999999982 122 9.9999999999999982 3.9999999999999991 8.0000000000000018 20 70 36 37 2.9999999999999991 172 32 6 41 6
leaf_count=3 3 3 3 79 5 2 4 16 57 34 37 3 169 32 3 41 3
internal_value=-0.0608606 3.92286 6.48021 -0.351643 0.0868234 0.447407 0.539523 2.31366 0.280795 -0.904072 -0.628382 -1.66941 -0.434124 -1.80369 9.85966 -1.6958 3.10077
internal_weight=588 40 24 548 16 224 220 28 192 324 248 39 209 76 12 73 12
internal_count=497 20 12 477 8 158 156 20 136 319 243 37 206 76 6 73 6
is_linear=0
shrinkage=0.05


Tree=40
num_leaves=24
num_cat=0
split_feature=1 0 0 2 2 0 4 4 0 2 7 4 5 1 2 7 4 7 2 5 1 4 0
split_gain=335274 81230 73872.5 100446 97185.1 87407 83672.5 85834.8 68072.7 46620.9 31927.3 41952.5 28630.3 12744.1 11674.9 21814.8 14384.1 10813.3 14262.6 5061.32 11848.4 6028.53 4876.99
threshold=34159.075000000004 32772.850000000006 39494.55000000001 3716.8450000000007 3449.7600000000007 40980.350000000006 44810.000000000007 44395.000000000007 40468.450000000004 8525.2850000000017 2.5000000000000004 36349.500000000007 16.500000000000004 35239.715000000004 20451.445000000003 5.5000000000000009 39497.500000000007 1.0000000180025095e-35 9389.3550000000014 16.500000000000004 16681.355000000007 38752.500000000007 31077.450000000001
decision_type=2 2 2 2 2 2 2 2 2 2 2 2 2 2 2 2 2 2 2 2 2 2 2
left_child=1 17 13 4 5 -4 7 -5 -8 10 11 -3 -12 -2 16 -16 -11 18 -1 20 -19 -21 -20
right_child=2 9 3 6 -6 -7 8 -9 -10 14 12 -13 -14 -15 15 -17 -18 19 22 21 -22 -23 -24
leaf_value=-2.884385223388672 8.0015529632568381 3.0371940452944148 6.3827425122261019 -1.2705595334370923 10.567104085286459 -1.600629957516988 -6.2285532792409271 6.6406883239746097 1.0292231082916259 -0.16627212474222253 1.5902647512299675 0.54639999033653575 -1.0130236968051556 4.9531777699788408 -2.5939309232375205 0.34915617108345021 -0.94147626446052035 -2.3501120834350586 1.7385950088500981 -2.398341842492421 -0.23444092141257392 -4.4949584960937505 -0.51533433596293132
leaf_weight=4.9999999999999991 7.9999999999999982 22 8.0000000000000018 6.0000000000000027 5.9999999999999991 5.9999999999999991 5.9999999999999982 7.9999999999999991 7 187 13.999999999999998 73 43 6 17 10.000000000000002 88 25 3.9999999999999982 24.000000000000004 8.9999999999999982 3.9999999999999991 6
leaf_count=5 4 11 4 3 3 3 3 4 4 180 8 43 36 3 17 10 86 25 4 24 9 4 6
internal_value=-0.00367162 -0.40697 3.50701 2.55737 5.24304 2.9613 0.567977 3.25015 -2.32052 -0.152288 0.561902 1.12322 -0.37362 6.69511 -0.511749 -1.5039 -0.414337 -1.9086 -0.70397 -2.20005 -1.79008 -2.69786 0.386237
internal_weight=592 531 61 47 20 14 27 14 13 454 152 95 57 14 302 27 275 77 15 62 34 28 10
internal_count=499 468 31 24 10 7 14 7 7 391 98 54 44 7 293 27 266 77 15 62 34 28 10
is_linear=0
shrinkage=0.05


Tree=41
num_leaves=21
num_cat=0
split_feature=2 2 2 7 1 1 6 5 6 1 8 2 7 0 0 1 7 1 2 8
split_gain=281083 68959.3 138198 70914.9 97486.3 43741.9 38512.1 48251.7 34612.9 17095.7 27553.1 16159.9 7119.52 7262.54 7057.12 6407.79 17820.4 10518.3 5117.23 4799.01
threshold=6131.2650000000012 3716.8450000000007 3860.9850000000001 5.5000000000000009 37432.69000000001 14777.825000000006 67.500000000000014 16.500000000000004 71.500000000000014 23916.190000000002 2.5000000000000004 14450.925000000001 2.5000000000000004 35769.450000000004 35192.500000000007 13436.885 1.0000000180025095e-35 12567.495000000003 7348.4950000000008 4.5000000000000009
decision_type=2 2 2 2 2 2 2 2 2 2 2 2 2 2 2 2 2 2 2 2
left_child=1 3 -3 4 8 14 -4 -8 -1 10 11 -7 13 -11 15 17 -17 -2 -14 -12
right_child=5 2 6 -5 -6 9 7 -9 -10 12 19 -13 18 -15 -16 16 -18 -19 -20 -21
leaf_value=4.9616141183035696 -1.8082747137546542 -9.1099633534749351 4.724111413955689 0.65234364032745362 9.3764939880371099 -1.7076336355209349 -2.2500071704387667 1.8520528648210608 -0.48524045944213862 0.74895665534707012 -0.53585362276860649 -5.5912648518880212 -1.2808434376349815 -0.058550293451245829 0.39469265937805176 0.0096823692321777351 -4.0012804773118757 0.14438785314559938 -0.20522222824998804 0.24345862709957622
leaf_weight=7.0000000000000018 50 2.9999999999999991 9.9999999999999982 9.9999999999999982 9.9999999999999982 25.000000000000004 7.9999999999999991 69 5 43 140 2.9999999999999991 12.999999999999998 79 3.9999999999999991 3.9999999999999991 8.9999999999999982 7.9999999999999991 74 23
leaf_count=4 50 2 5 5 5 25 4 38 3 29 140 3 13 59 4 4 9 8 69 23
internal_value=0.00921489 2.14997 1.44114 4.14355 5.73046 -0.540621 1.80497 1.42586 2.69209 -0.332856 -0.674788 -2.12374 -0.020372 0.226063 -1.6487 -1.76382 -2.76714 -1.53894 -0.365947 -0.425889
internal_weight=597 122 90 32 22 475 87 77 12 400 191 28 209 122 75 71 13 58 87 163
internal_count=502 66 49 17 12 436 47 42 7 361 191 28 170 88 75 71 13 58 82 163
is_linear=0
shrinkage=0.05


Tree=42
num_leaves=25
num_cat=0
split_feature=3 4 4 0 1 2 3 7 0 4 4 4 7 3 2 4 4 4 0 7 2 3 4 6
split_gain=442146 76135.1 116985 79945 56866.1 53632.7 46993.8 39265.1 66046.2 24516.8 100328 18942 20696.6 25082 17039.8 15214.6 19633.2 18307.4 12874.8 27953.6 12643.6 7378.03 5446.53 1753.89
threshold=0.86537915874890925 44735.000000000007 45077.500000000007 40695.700000000004 21701.830000000002 4570.4350000000004 0.89429637031143683 5.5000000000000009 40980.350000000006 36337.500000000007 36212.500000000007 38272.500000000007 1.0000000180025095e-35 0.60759623009516672 18673.055000000004 42910.000000000007 44810.000000000007 39905.000000000007 39369.000000000007 3.5000000000000004 19294.325000000004 0.47837794094695879 35987.500000000007 67.500000000000014
decision_type=2 2 2 2 2 2 2 2 2 2 2 2 2 2 2 2 2 2 2 2 2 2 2 2
left_child=4 5 3 6 11 18 -3 8 -4 10 22 14 23 -14 21 17 -17 -11 19 -2 -16 -1 -6 -13
right_child=1 2 7 -5 9 -7 -8 -9 -10 15 -12 12 13 -15 20 16 -18 -19 -20 -21 -22 -23 -24 -25
leaf_value=0.69904348666851346 1.7274562835693352 4.8759692490100823 -0.44243701299031557 1.552175013224284 0.17932919550175763 5.1992482438683512 9.5694074630737305 -1.6868957440058392 6.9763559977213534 -0.10895374214649201 5.4414651489257819 0.008601744969685873 -1.8192676612309047 -5.275250975290934 -4.6696871757507328 0.92700214950988691 -0.82448161495849492 -1.1971504866130769 1.8422365760803225 -2.7409688677106581 -1.331396915935553 -0.58306082285395477 -1.4132702986399333 1.7183247566223141
leaf_weight=12.999999999999998 7.0000000000000018 8.0000000000000053 6.0000000000000018 5.9999999999999991 51 7.9999999999999991 15.999999999999998 5.9999999999999991 6 100 9.9999999999999982 2.9999999999999991 42 5.9999999999999991 2.9999999999999991 48 24 63 9.9999999999999982 7 52 82 5.9999999999999991 3
leaf_count=13 4 4 3 3 42 4 8 3 3 85 5 3 42 6 3 34 21 60 5 4 52 82 6 3
internal_value=0.0888458 3.54294 4.80236 6.71438 -0.457256 1.65381 8.00493 1.61567 3.26696 -0.0216109 0.822102 -1.10218 -1.90518 -2.25127 -0.813101 -0.262159 0.343174 -0.529545 0.471991 -0.506756 -1.51349 -0.407615 0.0116871 0.863463
internal_weight=586 80 48 30 506 32 24 18 12 302 67 204 54 48 150 235 72 163 24 14 55 95 57 6
internal_count=498 41 24 15 457 17 12 9 6 253 53 204 54 48 150 200 55 145 13 8 55 95 48 6
is_linear=0
shrinkage=0.05


Tree=43
num_leaves=22
num_cat=0
split_feature=2 4 4 2 2 0 2 1 4 0 0 8 2 9 4 4 3 0 2 2 2
split_gain=200368 68632.9 123397 86936.5 71975.4 85367.3 40317.9 36209.7 24389.2 35551.4 11927.1 10364 23257.9 17713.2 7078.3 11135.1 20378.1 8418.2 3659.55 4418.4 2103.46
threshold=6131.2650000000012 44735.000000000007 44810.000000000007 5743.1750000000002 3716.8450000000007 39546.30000000001 3449.7600000000007 17280.730000000003 37979.500000000007 39793.05000000001 35918.450000000004 2.5000000000000004 14450.925000000001 1.0000000180025095e-35 27195.000000000004 34377.500000000007 0.38497024392253903 33612.450000000004 18037.670000000002 14814.435000000003 22847.655000000002
decision_type=2 2 2 2 2 2 2 2 2 2 2 2 2 2 2 2 2 2 2 2 2
left_child=1 3 -3 8 6 -6 -4 14 10 -10 -1 12 13 -9 20 16 -16 -17 19 -13 -2
right_child=7 2 4 -5 5 -7 -8 11 9 -11 -12 18 -14 -15 15 17 -18 -19 -20 -21 -22
leaf_value=0.67036278843879715 -3.9777502695719402 8.0868509387969976 2.2210415908268515 6.9783930206298841 4.5712237040201797 -2.6389417574955871 6.6706428527832031 -0.34867504075461747 -1.0065950540395885 3.1276557286580404 3.6194005330403645 -0.16040000937627777 -5.2207384745279946 -2.7546329961882701 -1.6685317592961448 -1.3764707277982664 0.31696227093537654 -2.7384440124034883 1.5200452566146851 -0.74552720978453357 -2.1053803126017248
leaf_weight=7.9999999999999982 2.9999999999999991 9.9999999999999982 14.000000000000002 4.9999999999999991 6.0000000000000027 12.999999999999998 7.9999999999999991 51 39 5.9999999999999991 6 252 2.9999999999999991 8.9999999999999982 28 39 24 15.999999999999998 2.9999999999999991 37 3
leaf_count=4 3 5 7 3 3 7 4 45 24 3 3 220 3 9 28 39 24 16 3 37 3
internal_value=-0.131408 1.73852 3.10685 0.648125 1.89222 -0.362047 3.83908 -0.590898 0.111662 -0.455362 1.93424 -0.342765 -0.924386 -0.709569 -1.37043 -1.27672 -0.75215 -1.77268 -0.217278 -0.235312 -3.04157
internal_weight=583 115 51 64 41 19 22 468 59 45 14 355 63 60 113 107 52 55 292 289 6
internal_count=493 63 26 37 21 10 11 430 34 27 7 317 57 54 113 107 52 55 260 257 6
is_linear=0
shrinkage=0.05


end of trees

feature_importances:
thermal_on_capacity=244
total_load=155
net_load=148
weekday=143
renewable_power=131
thermal_space_load_ratio=116
month=51
period=37
is_weekend=5
hour=4

parameters:
[boosting: gbdt]
[objective: regression]
[metric: rmse]
[tree_learner: serial]
[device_type: cpu]
[data_sample_strategy: bagging]
[data: ]
[valid: ]
[num_iterations: 400]
[learning_rate: 0.05]
[num_leaves: 31]
[num_threads: 0]
[seed: 42]
[deterministic: 0]
[force_col_wise: 0]
[force_row_wise: 0]
[histogram_pool_size: -1]
[max_depth: 5]
[min_data_in_leaf: 3]
[min_sum_hessian_in_leaf: 0.001]
[bagging_fraction: 0.85]
[pos_bagging_fraction: 1]
[neg_bagging_fraction: 1]
[bagging_freq: 1]
[bagging_seed: 400]
[bagging_by_query: 0]
[feature_fraction: 0.85]
[feature_fraction_bynode: 1]
[feature_fraction_seed: 30056]
[extra_trees: 0]
[extra_seed: 12879]
[early_stopping_round: 0]
[early_stopping_min_delta: 0]
[first_metric_only: 0]
[max_delta_step: 0]
[lambda_l1: 0]
[lambda_l2: 0]
[linear_lambda: 0]
[min_gain_to_split: 0]
[drop_rate: 0.1]
[max_drop: 50]
[skip_drop: 0.5]
[xgboost_dart_mode: 0]
[uniform_drop: 0]
[drop_seed: 17869]
[top_rate: 0.2]
[other_rate: 0.1]
[min_data_per_group: 100]
[max_cat_threshold: 32]
[cat_l2: 10]
[cat_smooth: 10]
[max_cat_to_onehot: 4]
[top_k: 20]
[monotone_constraints: ]
[monotone_constraints_method: basic]
[monotone_penalty: 0]
[feature_contri: ]
[forcedsplits_filename: ]
[refit_decay_rate: 0.9]
[cegb_tradeoff: 1]
[cegb_penalty_split: 0]
[cegb_penalty_feature_lazy: ]
[cegb_penalty_feature_coupled: ]
[path_smooth: 0]
[interaction_constraints: ]
[verbosity: -1]
[saved_feature_importance_type: 0]
[use_quantized_grad: 0]
[num_grad_quant_bins: 4]
[quant_train_renew_leaf: 0]
[stochastic_rounding: 1]
[linear_tree: 0]
[max_bin: 255]
[max_bin_by_feature: ]
[min_data_in_bin: 3]
[bin_construct_sample_cnt: 200000]
[data_random_seed: 175]
[is_enable_sparse: 1]
[enable_bundle: 1]
[use_missing: 1]
[zero_as_missing: 0]
[feature_pre_filter: 1]
[pre_partition: 0]
[two_round: 0]
[header: 0]
[label_column: ]
[weight_column: ]
[group_column: ]
[ignore_column: ]
[categorical_feature: ]
[forcedbins_filename: ]
[precise_float_parser: 0]
[parser_config_file: ]
[objective_seed: 16083]
[num_class: 1]
[is_unbalance: 0]
[scale_pos_weight: 1]
[sigmoid: 1]
[boost_from_average: 1]
[reg_sqrt: 0]
[alpha: 0.9]
[fair_c: 1]
[poisson_max_delta_step: 0.7]
[tweedie_variance_power: 1.5]
[lambdarank_truncation_level: 30]
[lambdarank_norm: 1]
[label_gain: ]
[lambdarank_position_bias_regularization: 0]
[eval_at: ]
[multi_error_top_k: 1]
[auc_mu_weights: ]
[num_machines: 1]
[local_listen_port: 12400]
[time_out: 120]
[machine_list_filename: ]
[machines: ]
[gpu_platform_id: -1]
[gpu_device_id: -1]
[gpu_use_dp: 0]
[num_gpu: 1]

end of parameters

pandas_categorical:[]
