tree
version=v4
num_class=1
num_tree_per_iteration=1
label_index=0
max_feature_idx=10
objective=regression
feature_names=total_load net_load renewable_power thermal_space_load_ratio thermal_on_capacity hour period weekday month is_weekend is_holiday
feature_infos=[20617.400000000001:46038.400000000001] [-18846.150000000001:38791.129999999997] [4099.1199999999999:40576.68] [-0.89198188220594088:0.90267350187091611] [27170:49115] [8:16] [35:66] [0:6] [1:5] [0:1] none
tree_sizes=2732 2776 2699 2760 2807 2742 2515 2711 2648 2815 2758 2789 2723 2794 2409 2503 2677 2730 2742 2694 2530 2417 2383 2752 2552 2458 2633 2770 2688 2727 2752 2665 2782 2711 2454 2800 2782 2834 2552 2554 2755 2441 2691 2490 2522 2797 2689 2843 2397 2516 2671 2619 2921 2541 2785 2809 2609 2592 2704 2661 2773 2485 2754 1722 2638 2744 2823 2177 2471 2802 2820 2504 2585 2832 2879 2508 2167

Tree=0
num_leaves=31
num_cat=0
split_feature=2 2 7 8 6 2 2 0 4 1 2 5 2 4 0 2 4 8 4 0 1 4 0 0 7 8 6 0 1 4
split_gain=6.09217e+07 1.48637e+07 1.05671e+07 4.44442e+06 3.32686e+06 3.05563e+06 3.01662e+06 1.71154e+06 900750 895814 810534 565077 562572 429217 342941 263239 593638 247005 186025 183569 152746 143774 129359 100125 98383.9 43534.5 28374 25247.8 24498.6 102933
threshold=16112.775000000001 9223.9800000000014 5.5000000000000009 2.5000000000000004 49.500000000000007 5774.0350000000008 19514.570000000003 32493.700000000004 35865.000000000007 19149.620000000006 5774.0350000000008 15.500000000000002 12360.900000000001 37329.500000000007 30453.600000000002 22474.375000000004 33030.000000000007 2.5000000000000004 37162.000000000007 42907.950000000004 17885.675000000003 44860.000000000007 32333.400000000005 32493.700000000004 3.5000000000000004 4.5000000000000009 63.500000000000007 33846.80000000001 9987.1749999999993 32625.000000000004
decision_type=2 2 2 2 2 2 2 2 2 2 2 2 2 2 2 2 2 2 2 2 2 2 2 2 2 2 2 2 2 2
left_child=1 2 10 5 -5 -4 8 14 22 21 11 -1 19 -14 26 16 23 -11 -12 -9 -18 -10 25 -8 -16 -2 -3 -24 -17 -30
right_child=6 7 3 4 -6 -7 15 12 9 17 18 -13 13 -15 24 28 20 -19 -20 -21 -22 -23 27 -25 -26 -27 -28 -29 29 -31
leaf_value=116.26781467458383 104.82009551219497 96.684648170677576 150.23464817067759 156.47546957309109 133.0431026495483 115.79090570759459 96.684648170677576 110.62831187749926 99.631726318083949 102.3293037456351 120.18674808522836 137.96798150401091 111.04377898727093 107.28139817982918 106.92480729535541 96.990475515370591 97.551494552429759 106.65786934249682 113.12269558808855 113.59133201395366 100.33825349125669 96.862357860894619 107.01804474029133 106.33166745426568 102.72330606431017 99.934648170677576 101.26264814397469 109.21041899383837 101.39821057280675 97.25893594684608
leaf_weight=5.9999999999999982 19.000000000000004 22.000000000000004 7.9999999999999991 28 33 33 3.0000000000000027 226 192 90 9.9999999999999982 6 107 260 22 1610 358 52 137 68 57 62 29 26 38 5.9999999999999991 3.9999999999999991 24 15.999999999999998 245
leaf_count=3 19 22 4 14 17 23 3 207 192 90 5 3 90 260 22 1610 358 52 91 42 57 62 29 26 38 6 4 24 16 245
internal_value=101.875 112.41 122.681 135.242 143.799 122.512 98.0671 108.821 101.701 100.734 114.623 127.118 109.684 108.378 102.185 97.3231 98.4176 103.914 113.603 111.314 97.9343 98.9557 106.612 105.334 104.264 103.648 97.389 108.011 97.0633 97.5127
internal_weight=3797 1008 261 102 61 41 2789 747 474 396 159 12 661 367 86 2315 444 142 147 294 415 254 78 29 60 25 26 53 1871 261
internal_count=3634 845 160 58 31 27 2789 685 474 396 102 6 599 350 86 2315 444 142 96 249 415 254 78 29 60 25 26 53 1871 261
is_linear=0
shrinkage=1


Tree=1
num_leaves=31
num_cat=0
split_feature=3 2 2 7 8 7 3 8 8 6 0 3 8 2 8 1 0 1 1 0 8 0 6 3 6 3 8 7 8 0
split_gain=5.2102e+07 1.02308e+07 3.96051e+06 3.30161e+06 4.25196e+06 3.23769e+06 2.70942e+06 746779 703413 629111 569001 497376 509569 482477 728640 388355 156572 137259 131340 125937 91043.4 81295.8 74004.1 58601.6 25801.9 25471.7 75123.7 23863.6 10438.4 5167.42
threshold=0.56513909164757492 6406.5500000000002 9223.9800000000014 5.5000000000000009 2.5000000000000004 5.5000000000000009 0.4724848032105719 2.5000000000000004 2.5000000000000004 37.500000000000007 38247.750000000007 0.70466248398230769 3.5000000000000004 22474.375000000004 4.5000000000000009 15832.750000000002 32493.700000000004 21952.09 12185.745000000003 42907.950000000004 3.5000000000000004 36674.700000000004 39.500000000000007 0.55959255619864845 41.500000000000007 0.28735508504126089 3.5000000000000004 3.5000000000000004 1.5000000000000002 37374.000000000007
decision_type=2 2 2 2 2 2 2 2 2 2 2 2 2 2 2 2 2 2 2 2 2 2 2 2 2 2 2 2 2 2
left_child=6 5 3 20 -5 10 13 9 17 -7 29 12 -4 14 18 27 -16 23 -1 -13 -3 -17 -9 -8 -19 28 -27 -10 -15 -2
right_child=1 2 11 4 -6 7 8 22 15 -11 -12 19 -14 25 16 21 -18 24 -20 -21 -22 -23 -24 -25 -26 26 -28 -29 -30 -31
leaf_value=-4.1300648650983822 11.733865509033196 10.524119461559859 5.3172162594915449 11.181294141496931 38.27315694173177 46.838602701822907 -2.5665551651441136 55.536476135253906 -0.70755598280164911 23.941892751057939 29.558294677734377 8.4304636018466113 8.9138090947095083 -4.2247885928683813 -4.2494342168172201 3.0349174460426709 4.4266838929592032 -0.41182253701346244 -2.624111299165631 11.249605097536183 14.163634262084962 5.6573525648850662 48.190639241536445 4.5017983118693037 3.3533984257624705 -4.3081284371817992 -1.6578902816772463 -3.8608338303036165 -4.592310116843926 13.702510070800782
leaf_weight=274 5.0000000000000027 122 357 28 30 6 130 7.9999999999999991 9.0000000000000018 6 7.9999999999999991 113 136 225 5.9999999999999991 122 39 7.0000000000000027 307 61 20 39 6.0000000000000009 2.9999999999999991 12.999999999999998 246 30 18 1367 9.9999999999999982
leaf_count=274 3 84 355 20 15 3 130 4 9 3 4 105 116 225 6 122 39 7 307 38 10 39 3 3 13 246 30 18 1367 5
internal_value=-0.139734 10.2272 8.97103 15.1424 25.1943 32.4547 -3.48935 44.543 0.690904 35.3902 18.7896 7.12053 6.30938 -4.06091 -2.85958 2.73954 3.26987 -1.82637 -3.33432 9.41878 11.0367 3.67017 52.3883 -2.40712 2.03557 -4.46349 -4.02006 -2.80974 -4.54037 13.0463
internal_weight=3751 916 867 200 58 49 2835 26 341 12 23 667 493 2494 626 188 45 153 581 174 142 161 14 133 20 1868 276 27 1592 15
internal_count=3603 768 743 129 35 25 2835 13 341 6 12 614 471 2494 626 188 45 153 581 143 94 161 7 133 20 1868 276 27 1592 8
is_linear=0
shrinkage=0.05


Tree=2
num_leaves=30
num_cat=0
split_feature=3 2 2 7 0 7 2 4 4 0 3 3 3 4 8 3 4 0 1 2 1 2 4 7 3 3 4 8 6
split_gain=5.01949e+07 1.00002e+07 3.88018e+06 2.69442e+06 3.22893e+06 2.31424e+06 2.00148e+06 971840 845147 727935 677940 572341 476629 613768 346097 213954 666410 213889 175472 167741 126642 112413 79373.2 76702.9 32701.2 27658 9735.51 10622.6 447.65
threshold=0.55959255619864845 6406.5500000000002 9223.9800000000014 5.5000000000000009 38312.750000000007 5.5000000000000009 19514.570000000003 48480.000000000007 35012.500000000007 43100.000000000007 0.85868205595435165 0.50533931477710625 0.67199374422056513 38272.500000000007 2.5000000000000004 0.28735508504126089 32625.000000000004 38367.000000000007 32230.775000000005 24118.715000000004 22891.385000000006 8049.3500000000013 44860.000000000007 1.5000000000000002 0.43188027154424818 0.83796288046252176 33305.000000000007 4.5000000000000009 61.500000000000007
decision_type=2 2 2 2 2 2 2 2 2 2 2 2 2 2 2 2 2 2 2 2 2 2 2 2 2 2 2 2 2
left_child=6 5 3 21 -5 10 8 17 23 -9 25 22 13 -4 -13 26 19 -7 -14 -17 -18 -3 -10 -1 -25 -2 28 -28 -8
right_child=1 2 12 4 -6 7 15 9 11 -11 -12 14 18 -15 -16 16 20 -19 -20 -21 -22 -23 -24 24 -26 -27 27 -29 -30
leaf_value=-1.7440139770507814 16.175430806477852 12.08552087595765 8.560790487218787 32.53604431152344 10.159114987509591 41.171645100911462 -4.6119267368316654 20.722485160827631 -2.2364089483564551 43.761283365885419 33.199617767333983 -1.5696104750704409 7.8109948079823415 4.451584552432136 3.1997027765620842 4.0255266059894828 -3.7325374563667069 53.112860107421881 10.845860036214193 -4.9870159149169924 5.1936676025390627 9.1960002094507214 -4.3600480062311346 3.2056992750901445 6.0527034589979394 11.881406555175779 -4.3004510540399492 -3.7525807671797899 -4.4312581825256343
leaf_weight=3.9999999999999991 6.0000000000000044 71 135 38 28 5.9999999999999991 240 8.0000000000000018 220 5.9999999999999991 5.9999999999999991 67 231 278 88 37 602 9.9999999999999982 60 5.9999999999999991 3.9999999999999991 64 55 12.999999999999998 45 10 1288 95 40
leaf_count=4 3 42 113 19 21 3 240 4 220 3 3 67 216 278 88 37 602 5 38 6 4 46 55 13 45 5 1288 95 40
internal_value=-0.0259937 9.86139 8.63622 14.7634 23.0428 31.184 -3.40054 40.2169 -0.504742 30.5963 18.8666 -1.29163 6.88684 5.79479 1.13813 -4.01677 -3.24683 48.6349 8.43674 2.76796 -3.67362 10.7157 -2.66114 4.95274 5.41458 13.4917 -4.31725 -4.26282 -4.58612
internal_weight=3761 957 905 201 66 52 2804 30 492 14 22 430 704 413 155 2312 649 16 291 43 606 135 275 62 58 16 1663 1383 280
internal_count=3603 799 773 128 40 26 2804 15 492 7 11 430 645 391 155 2312 649 8 254 43 606 88 275 62 58 8 1663 1383 280
is_linear=0
shrinkage=0.05


Tree=3
num_leaves=31
num_cat=0
split_feature=3 2 7 6 0 3 2 2 4 4 3 4 0 4 4 3 4 1 1 1 4 7 3 6 7 3 4 2 4 4
split_gain=4.71405e+07 9.6966e+06 8.37044e+06 3.75728e+06 2.68348e+06 2.11152e+06 1.25586e+06 421284 1.07111e+06 418617 404233 508822 286568 240358 217702 190620 189375 141106 134061 113134 108113 78249.6 65019.2 45258.6 32064.6 26327.5 133649 14059.6 7847.39 1471.49
threshold=0.56513909164757492 9223.9800000000014 5.5000000000000009 51.500000000000007 40012.850000000006 0.47640658281320186 6406.5500000000002 22474.375000000004 33822.500000000007 46050.000000000007 0.67199374422056513 38272.500000000007 31333.150000000005 41635.000000000007 35012.500000000007 0.85868205595435165 37162.000000000007 31839.855 9281.4350000000013 20449.725000000002 37162.000000000007 3.5000000000000004 0.38837557498293923 39.500000000000007 5.5000000000000009 0.28735508504126089 36337.500000000007 20430.490000000002 33822.500000000007 40910.000000000007
decision_type=2 2 2 2 2 2 2 2 2 2 2 2 2 2 2 2 2 2 2 2 2 2 2 2 2 2 2 2 2 2
left_child=5 2 15 4 -4 7 -5 8 18 12 11 21 29 -13 -14 16 -2 20 -1 27 -12 -3 -10 -21 -19 28 -27 -11 -9 -7
right_child=1 10 3 6 -6 9 -8 25 22 19 17 13 14 -15 -16 -17 -18 24 -20 23 -22 -23 -24 -25 -26 26 -28 -29 -30 -31
leaf_value=-4.2804102579752605 17.789186477661133 8.5692738594265165 47.392093086242681 35.50379623413086 23.670032782303661 -4.7192828587123321 15.83199528982473 -4.3378764399544139 -3.8732472119736059 -4.0621008284548497 10.666491213711826 -1.5538736904368682 6.2695535857101969 4.5983991326205436 1.6152628244237697 18.214847755432128 9.8883963219107027 8.6516903844372983 3.4945345565064319 -4.5211227416992186 6.9781333067359004 5.3002189289439805 -2.7877656441142129 0.61705217599868778 10.835317821502686 0.4688536982787283 -3.8842079006895731 -1.2732581329345702 -4.05639721035595 -3.4990328232447307
leaf_weight=5.9999999999999991 7.9999999999999991 109 32 9.9999999999999982 19 14.000000000000002 43 305 271 47 22 17 29 240 188 7.9999999999999991 146 29 73 4.9999999999999991 205 22 281 30 40 19 245 4.9999999999999991 1316 2.9999999999999991
leaf_count=6 4 87 16 5 12 14 26 305 271 47 14 17 29 240 188 4 96 24 73 5 199 22 281 30 21 19 245 5 1316 3
internal_value=0.0557512 9.69598 17.7964 28.8663 38.5545 -3.17238 19.5437 -3.65961 -2.54135 0.646543 6.54583 5.48416 1.74752 4.19144 2.23726 10.6897 10.2988 7.93747 2.90403 -2.3147 7.3356 8.02027 -3.32067 -0.116973 9.91756 -4.03395 -3.57092 -3.79394 -4.10936 -4.50394
internal_weight=3787 950 266 104 51 2837 53 2516 631 321 684 388 234 257 217 162 154 296 79 87 227 131 552 35 69 1885 264 52 1621 17
internal_count=3624 787 163 59 28 2837 31 2516 631 321 624 366 234 257 217 104 100 258 79 87 213 109 552 35 45 1885 264 52 1621 17
is_linear=0
shrinkage=0.05


Tree=4
num_leaves=31
num_cat=0
split_feature=3 2 2 7 7 8 3 0 2 8 3 8 3 8 0 0 1 0 8 1 5 0 1 8 1 8 6 1 0 8
split_gain=4.12999e+07 8.16707e+06 3.11623e+06 2.99608e+06 2.10732e+06 2.6579e+06 2.02677e+06 702263 852370 610180 384720 507400 380448 518990 310390 856548 222457 200379 158813 148991 109858 94670.5 89238.3 83784 72978.7 205092 47822.1 34840.4 12867 9292.98
threshold=0.56513909164757492 6406.5500000000002 9223.9800000000014 5.5000000000000009 5.5000000000000009 2.5000000000000004 0.47640658281320186 40308.600000000013 5774.0350000000008 2.5000000000000004 0.39153302415119845 4.5000000000000009 0.64740246642517363 3.5000000000000004 38247.750000000007 41556.200000000004 15832.750000000002 38367.000000000007 3.5000000000000004 32230.775000000005 11.500000000000002 36833.700000000004 22114.335000000003 3.5000000000000004 9924.4900000000034 4.5000000000000009 63.500000000000007 15606.595000000003 37068.80000000001 1.5000000000000002
decision_type=2 2 2 2 2 2 2 2 2 2 2 2 2 2 2 2 2 2 2 2 2 2 2 2 2 2 2 2 2 2
left_child=6 3 4 14 23 -6 10 17 -9 20 24 18 13 -4 28 -16 27 -5 -12 -14 22 -18 -8 -3 29 -26 -22 -11 -2 -1
right_child=1 2 12 7 5 -7 9 8 -10 16 11 -13 19 -15 15 -17 21 -19 -20 -21 26 -23 -24 -25 25 -27 -28 -29 -30 -31
leaf_value=-3.5879396148541005 8.6729551696777225 9.2882222375949901 3.4192894632665856 37.33787434895833 8.8324677802898268 29.464705513619091 -1.1512613601154751 41.287987518310558 18.20701446533203 0.42616560799734915 -3.1857153606022339 5.0246027131875364 6.8507329504096548 7.5778937549914351 35.13822835286458 10.146904754638673 2.4967552501678467 48.895812377929694 -0.81839398574829103 9.6213186329808735 -4.023490439629068 5.3184624109512724 3.5059774080912272 13.141976356506348 -3.3822791216727306 2.3877423286437991 -1.1716478024210248 -3.9491125620328464 11.691919581095378 -3.9372832395429387
leaf_weight=217 5.0000000000000062 119 206 5.9999999999999991 27 37 72 7.9999999999999973 8 7.0000000000000027 243 24 297 118 5.9999999999999991 7.9999999999999991 125 9.9999999999999982 100 58 49 39 11.999999999999998 15.999999999999998 411 15.999999999999998 21 12.999999999999998 11.999999999999998 1551
leaf_count=217 3 80 206 3 19 19 72 4 4 7 243 24 280 98 3 4 125 5 100 37 49 39 12 8 411 16 21 13 6 1551
internal_value=-0.0687028 9.03308 7.78532 26.4225 13.2876 20.7605 -3.02207 37.1545 29.7475 0.617114 -3.50219 -2.00375 6.17271 4.93384 15.3443 20.8575 2.56065 44.5616 -2.49553 7.30339 -1.70503 3.16777 -0.485942 9.74496 -3.75272 -3.16607 -3.16794 -2.41777 10.804 -3.89441
internal_weight=3841 941 878 63 199 64 2900 32 16 338 2562 367 679 324 31 14 184 16 343 355 154 164 84 135 2195 427 70 20 17 1768
internal_count=3679 779 747 32 126 38 2900 16 8 338 2562 367 621 304 16 7 184 8 343 317 154 164 84 88 2195 427 70 20 9 1768
is_linear=0
shrinkage=0.05


Tree=5
num_leaves=31
num_cat=0
split_feature=3 2 2 7 7 8 3 0 2 3 4 8 3 4 4 5 0 0 8 3 4 0 4 6 6 5 4 0 8 4
split_gain=3.68056e+07 7.18772e+06 2.57713e+06 2.46673e+06 1.78904e+06 2.55969e+06 1.77503e+06 434943 907558 421281 849673 401203 399560 438690 220424 157756 132339 107388 94207 80922.6 410472 62479.4 113446 59553.8 105646 51575.3 40108.6 12448.3 9001.66 7570.45
threshold=0.56513909164757492 6406.5500000000002 9223.9800000000014 5.5000000000000009 5.5000000000000009 2.5000000000000004 0.50533931477710625 40308.600000000013 5774.0350000000008 0.38837557498293923 35012.500000000007 2.5000000000000004 0.67199374422056513 38272.500000000007 37162.000000000007 14.500000000000002 38247.750000000007 44134.850000000013 2.5000000000000004 0.29411357341142835 33822.500000000007 36833.700000000004 43067.500000000007 55.500000000000007 42.500000000000007 9.5000000000000018 46922.500000000007 37374.000000000007 1.5000000000000002 44810.000000000007
decision_type=2 2 2 2 2 2 2 2 2 2 2 2 2 2 2 2 2 2 2 2 2 2 2 2 2 2 2 2 2 2
left_child=6 3 4 16 14 -6 9 15 -9 19 25 23 13 -4 -3 -5 27 -14 -12 28 -21 22 -13 24 -8 -11 -25 -2 -1 -23
right_child=1 2 12 7 5 -7 11 8 -10 10 18 21 17 -15 -16 -17 -18 -19 -20 20 -22 29 -24 26 -26 -27 -28 -29 -30 -31
leaf_value=-3.4181399193130626 8.2393077087402293 18.414797465006512 7.3351537194870815 46.196186828613293 8.573897538681825 28.477209374564037 -1.1287520147505261 39.890944824218742 17.296664237976071 1.5452529847621919 -3.3227867756287264 3.7111595573709972 6.9924277028787447 3.8068415415331334 8.5926801793715537 35.470979817708326 17.847203979492189 9.7407973777957082 -1.8303232778317082 1.2752153027291393 -3.501244778019863 5.7760556459426882 -0.66607320685135696 -0.93524218996365871 3.8866045883723666 4.9164180119832359 -4.1516793621910946 11.419598197937013 -3.7496134052315564 4.0000052452087402
leaf_weight=238 5.0000000000000027 5.9999999999999991 131 7.9999999999999982 30 35 42 10 8 15.999999999999998 240 67 267 269 119 6 9.9999999999999982 41 189 51 381 24 19 21 13.999999999999998 39 18 7.9999999999999991 1469 7.9999999999999991
leaf_count=238 3 3 108 4 21 18 42 5 4 16 240 67 240 269 80 3 5 25 189 51 381 24 19 21 14 39 18 4 1469 8
internal_value=-0.0341473 8.46688 7.39224 26.0128 12.5628 19.2911 -2.8908 34.9899 29.849 -3.24726 -1.91516 1.49884 6.00466 4.96236 9.06414 41.5997 13.5228 7.35828 -2.66527 -3.54869 -2.93736 3.44591 2.7441 -0.919636 0.125087 3.93572 -2.41975 10.1964 -3.7034 5.33204
internal_weight=3789 953 898 55 190 65 2836 32 18 2623 484 213 708 400 125 14 23 308 429 2139 432 118 86 95 56 55 39 13 1707 32
internal_count=3628 792 764 28 122 39 2836 16 9 2623 484 213 642 377 83 7 12 265 429 2139 432 118 86 95 56 55 39 7 1707 32
is_linear=0
shrinkage=0.05


Tree=6
num_leaves=28
num_cat=0
split_feature=3 2 2 7 4 7 3 4 0 3 3 4 4 1 4 3 3 4 2 7 0 6 4 6 0 4 2
split_gain=3.41501e+07 7.07499e+06 3.5231e+06 2.96875e+06 3.36661e+06 1.5696e+06 1.50889e+06 788241 485247 462646 380799 437496 154596 115033 105622 85793 85405.4 372878 103691 38061.3 34687.7 35889.2 31120.2 17045.9 7226.2 8653.24 212.986
threshold=0.55959255619864845 5774.0350000000008 9223.9800000000014 5.5000000000000009 46375.000000000007 5.5000000000000009 0.40859850464113151 35012.500000000007 38247.750000000007 0.50533931477710625 0.64740246642517363 39715.000000000007 45602.500000000007 31839.855 45602.500000000007 0.80650250447340988 0.28735508504126089 33822.500000000007 24118.715000000004 1.5000000000000002 43100.000000000007 37.500000000000007 35987.500000000007 37.500000000000007 27005.300000000007 33155.000000000007 19514.570000000003
decision_type=2 2 2 2 2 2 2 2 2 2 2 2 2 2 2 2 2 2 2 2 2 2 2 2 2 2 2
left_child=6 5 3 15 -5 8 16 19 -2 14 11 -4 -11 -12 -9 -3 24 18 -18 -8 21 -7 -19 -21 26 -26 -1
right_child=1 2 10 4 -6 20 7 9 -10 12 13 -13 -14 -15 -16 -17 17 22 -20 23 -22 -23 -24 -25 25 -27 -28
leaf_value=-4.0852554321289061 9.6214540481567408 7.7746796386410502 6.8926177229200096 29.510769085354276 8.2963652968406674 43.067107391357411 -0.91065349578857424 -1.6002937384411298 28.431716918945309 1.7124514478510315 6.2436660758732963 3.0653054980295047 -1.665379564497206 8.5057363206061769 -3.4357387304306033 10.267334520591881 1.9300810766716798 -1.9101011443138125 -4.5839715140206474 3.3768502807617189 36.330770874023436 37.951522827148438 -3.3667510803721168 5.3031611539879631 -3.7625394166762862 -3.4345108140701366 -3.8042002709357292
leaf_weight=6.9999999999999991 7.9999999999999982 99 112 45 32 8.0000000000000018 2.9999999999999991 226 6 137 303 224 45 69 120 53 48 40 6.9999999999999991 14.999999999999998 5.9999999999999991 5.9999999999999991 440 49 239 1266 182
leaf_count=7 4 69 92 23 22 4 3 226 3 137 286 224 45 45 120 29 48 40 7 15 3 3 440 49 239 1266 182
internal_value=0.0290957 8.11787 7.30487 12.6958 20.6944 30.5233 -2.75214 -0.515152 17.683 -1.16343 5.5612 4.34108 0.877273 6.66324 -2.23686 8.64383 -3.34927 -2.79854 1.10102 4.59367 39.5115 40.8747 -3.24536 4.85168 -3.5232 -3.4866 -3.81461
internal_weight=3795 971 937 229 77 34 2824 595 14 528 708 336 182 372 346 152 2229 535 55 67 20 14 480 64 1694 1505 189
internal_count=3631 807 790 143 45 17 2824 595 7 528 647 316 182 331 346 98 2229 535 55 67 10 7 480 64 1694 1505 189
is_linear=0
shrinkage=0.05


Tree=7
num_leaves=31
num_cat=0
split_feature=3 2 2 7 7 8 3 6 8 3 8 1 5 7 5 2 8 1 1 0 0 8 3 6 0 7 8 7 2 6
split_gain=3.14991e+07 6.92858e+06 2.69024e+06 2.53392e+06 2.03226e+06 2.28295e+06 1.58962e+06 396033 382281 360292 362297 324938 307370 243357 406073 234219 497376 116689 83750.2 79331.8 74187.6 63643.6 56908.1 47413.4 42099.1 32632.4 14835.1 12947.4 10670.6 25718.5
threshold=0.55959255619864845 6406.5500000000002 9223.9800000000014 5.5000000000000009 5.5000000000000009 2.5000000000000004 0.46011262452083618 39.500000000000007 2.5000000000000004 0.64740246642517363 3.5000000000000004 15832.750000000002 15.500000000000002 4.5000000000000009 15.500000000000002 22474.375000000004 4.5000000000000009 32230.775000000005 21952.09 32493.700000000004 36833.700000000004 3.5000000000000004 0.80650250447340988 47.500000000000007 33182.650000000001 3.5000000000000004 2.5000000000000004 2.5000000000000004 24118.715000000004 37.500000000000007
decision_type=2 2 2 2 2 2 2 2 2 2 2 2 2 2 2 2 2 2 2 2 2 2 2 2 2 2 2 2 2 2
left_child=6 3 4 13 22 -6 15 26 18 10 -4 24 -9 25 -15 16 21 -11 23 -18 -13 -1 -3 -8 -10 -2 -5 -20 29 -17
right_child=1 2 9 7 5 -7 8 12 11 17 -12 20 -14 14 -16 28 19 -19 27 -21 -22 -23 -24 -25 -26 -27 -28 -29 -30 -31
leaf_value=-3.0772106579139376 12.274965413411458 7.6694917455011478 2.9890992337545477 38.186273193359341 7.1384697473966163 25.90665196485298 -0.89563481173937842 22.22053604125977 -2.3310087297020892 6.0073722531189846 6.4956142963062637 2.3333750083332969 37.191313680013018 9.7739212036132805 28.169420369466145 -0.99584225972493501 -3.1709977340698243 8.3524074614048001 3.7240256786346446 3.4914347438585192 4.8288889909401922 -1.977773849535188 9.9277413955101608 -2.7266217635013166 3.8049166361490885 7.5145704057481542 41.331117553710932 0.48061035156249993 -3.3458389942371953 -3.1250926463420576
leaf_weight=293 5.9999999999999991 98 223 6.0000000000000044 26 43 79 7.9999999999999982 41 310 110 126 6 6 6 14.999999999999998 4.9999999999999991 64 7.9999999999999982 42 39 239 39 64 2.9999999999999991 9 10 5 1618 260
leaf_count=293 3 69 223 3 19 22 79 4 41 290 92 126 3 3 3 15 5 39 8 42 39 239 21 64 3 5 5 5 1618 260
internal_value=0.0864574 7.86452 6.80866 24.7769 11.8368 18.8346 -2.57294 34.778 0.507155 5.3436 4.14741 1.90515 28.6366 13.6645 18.9717 -3.02773 -2.14771 6.40866 -1.36579 2.78267 2.92322 -2.58329 8.31235 -1.7151 -1.91265 9.41873 40.1518 2.47656 -3.2969 -3.00895
internal_weight=3807 970 913 57 206 69 2837 30 365 707 333 209 14 27 12 2472 579 374 156 47 165 532 137 143 44 15 16 13 1893 275
internal_count=3641 804 775 29 131 41 2837 15 365 644 315 209 7 14 6 2472 579 329 156 47 165 532 90 143 44 8 8 13 1893 275
is_linear=0
shrinkage=0.05


Tree=8
num_leaves=30
num_cat=0
split_feature=3 2 2 7 8 7 3 0 2 3 4 8 4 1 8 4 0 4 0 1 4 3 4 4 4 5 4 8 0
split_gain=2.64453e+07 5.68619e+06 2.21267e+06 1.74542e+06 2.11597e+06 1.69578e+06 1.45482e+06 499332 596659 327450 696376 296803 256999 333698 197467 154319 147383 123722 119729 73932.9 64644.6 52440.6 297564 51757.2 46092.9 27207.4 17169.7 8136.72 4065.03
threshold=0.56513909164757492 6406.5500000000002 9223.9800000000014 5.5000000000000009 2.5000000000000004 5.5000000000000009 0.49106726725513283 40308.600000000013 5774.0350000000008 0.38837557498293923 35012.500000000007 2.5000000000000004 36349.500000000007 24603.755000000001 2.5000000000000004 36212.500000000007 38367.000000000007 37162.000000000007 31333.150000000005 22114.335000000003 35012.500000000007 0.28735508504126089 32625.000000000004 46922.500000000007 45602.500000000007 10.500000000000002 47985.000000000007 1.5000000000000002 42403.000000000007
decision_type=2 2 2 2 2 2 2 2 2 2 2 2 2 2 2 2 2 2 2 2 2 2 2 2 2 2 2 2 2
left_child=6 5 3 17 -5 14 9 16 -9 21 25 19 15 -14 28 -4 -7 -3 -13 23 -20 27 -23 -8 -12 -11 -21 -1 -2
right_child=1 2 12 4 -6 7 11 8 -10 10 24 18 13 -15 -16 -17 -18 -19 20 26 -22 22 -24 -25 -26 -27 -28 -29 -30
leaf_value=-2.8948219463743015 8.8563624064127602 13.056378784179689 5.3847538232803345 6.936794706491324 25.549401004894364 30.471160888671875 -0.33984340727329254 33.830212402343754 14.519279479980467 2.0016054831053083 -1.9320118242456008 -4.4235643386840824 3.1980330084958877 5.6123491465866389 17.733591927422417 9.4153707463690584 40.383533325195316 7.2658873558044439 5.3505511692592078 4.1418985639299644 2.3541514519661191 1.9304793231627522 -2.925251180858917 -2.5911771739853755 -3.0836510862102946 4.308981249882625 0.9132038116455079 -3.2131206909069747 7.0158390045166001
leaf_weight=232 6 9.9999999999999982 48 26 37 5.9999999999999991 59 7.9999999999999973 8 19 258 5.9999999999999991 251 333 9 47 9.9999999999999982 119 21 7.0000000000000027 126 34 438 45 131 39 9.9999999999999982 1492 6
leaf_count=232 3 5 44 19 19 3 59 4 4 19 258 6 251 305 5 24 5 81 21 7 126 34 438 45 131 39 10 1492 3
internal_value=-0.0968051 7.27467 6.30712 11.0463 17.868 23.1754 -2.43182 30.4206 24.1747 -2.79135 -1.5578 1.03619 4.96702 4.57469 12.135 7.37885 36.6664 7.71476 2.49963 -0.814284 2.78221 -3.04244 -2.57547 -1.31398 -2.31984 3.55312 2.24267 -3.17029 7.9361
internal_weight=3841 924 871 192 63 53 2917 32 16 2643 447 274 679 584 21 95 16 129 153 121 147 2196 472 104 389 58 17 1724 12
internal_count=3692 775 748 124 38 27 2917 16 8 2643 447 274 624 556 11 68 8 86 153 121 147 2196 472 104 389 58 17 1724 6
is_linear=0
shrinkage=0.05


Tree=9
num_leaves=31
num_cat=0
split_feature=3 2 7 3 3 4 4 0 2 8 4 0 0 0 1 4 1 4 1 0 0 3 4 0 4 8 8 4 0 0
split_gain=2.39237e+07 4.27445e+06 1.70332e+06 1.64039e+06 1.25697e+06 754356 1.99692e+06 661315 401962 305044 284914 272513 240376 675994 221501 693100 171149 138277 74542.8 71931 70983.1 66233.6 59665.2 36775.1 31622.2 26344.2 20312.2 94123.8 8593.02 6946.24
threshold=0.56513909164757492 6406.5500000000002 5.5000000000000009 0.73377273116329167 0.4724848032105719 44810.000000000007 44735.000000000007 40308.600000000013 5774.0350000000008 2.5000000000000004 36349.500000000007 31572.850000000002 38247.750000000007 41556.200000000004 11311.780000000001 35134.500000000007 15832.750000000002 36212.500000000007 20992.420000000002 43100.000000000007 36833.700000000004 0.55959255619864845 45602.500000000007 44134.850000000013 37329.500000000007 4.5000000000000009 4.5000000000000009 32625.000000000004 37068.80000000001 26499.150000000005
decision_type=2 2 2 2 2 2 2 2 2 2 2 2 2 2 2 2 2 2 2 2 2 2 2 2 2 2 2 2 2 2
left_child=4 2 12 10 14 6 -5 -4 -9 18 17 -12 28 -14 26 25 24 -3 21 -7 -18 -6 -17 -20 -11 -16 29 -28 -2 -1
right_child=1 3 7 5 9 19 -8 8 -10 16 11 -13 13 -15 15 22 20 -19 23 -21 -22 -23 -24 -25 -26 -27 27 -29 -30 -31
leaf_value=-3.3313912461443644 6.0644851684570229 4.9474331731381627 36.498775373186376 6.9532565623063309 -1.9917578517266041 6.4394513893127439 21.152260437011719 30.913407389322927 13.793315315246581 -0.16190732320149737 -3.2193966352022616 4.1186382295717392 29.339866638183594 7.1382407188415531 1.9008098369691433 -2.1086631879944733 1.9744811532398066 8.7645007230797596 0.12208983491106731 8.3839276326497405 4.5059233453538683 5.5419503529866541 -3.2235737126806505 4.6641070556640631 -3.7917697588602701 3.8323593201175812 2.5277207268608941 -2.7273888146877292 8.5316131591796882 -2.9894548116902691
leaf_weight=164 5.0000000000000062 46 14.000000000000002 65 106 130 40 5.9999999999999973 8 12.000000000000002 12.999999999999998 473 5.9999999999999991 7.9999999999999991 41 345 120 49 41 75 36 2.9999999999999991 184 4.9999999999999991 11.999999999999998 31 8.9999999999999982 160 11.999999999999998 1574
leaf_count=164 3 44 7 44 106 104 20 3 4 12 13 465 3 4 41 345 120 25 41 43 36 3 184 5 12 31 9 160 6 1574
internal_value=-0.0273667 6.84204 19.8755 5.97899 -2.32281 8.91605 12.3624 28.8146 21.1305 0.553829 4.41189 3.92235 11.8015 16.6532 -2.70705 -1.87003 1.95393 6.91624 -1.07209 7.15085 2.55866 -1.78441 -2.49646 0.615787 -1.97684 2.73245 -2.97084 -2.44753 7.80599 -3.02172
internal_weight=3793 950 59 891 2843 310 105 28 14 335 581 486 31 14 2508 601 180 95 155 205 156 109 529 46 24 72 1907 169 17 1738
internal_count=3631 788 30 758 2843 211 64 14 7 335 547 478 16 7 2508 601 180 69 155 147 156 109 529 46 24 72 1907 169 9 1738
is_linear=0
shrinkage=0.05


Tree=10
num_leaves=31
num_cat=0
split_feature=3 2 2 7 0 7 3 0 2 0 8 3 8 1 2 8 0 1 6 0 0 1 7 2 2 8 7 3 6 0
split_gain=2.2888e+07 5.62168e+06 1.78658e+06 1.56768e+06 1.51542e+06 1.51077e+06 1.19311e+06 364116 560496 333416 298053 248490 281865 222322 130215 149192 125422 108917 82111.9 74892 72977.6 53930.3 55597.1 53417 33131.6 97053.6 32715.3 10729.3 8846.75 6625.05
threshold=0.56513909164757492 6406.5500000000002 9223.9800000000014 5.5000000000000009 38807.350000000006 5.5000000000000009 0.44968078127421535 40308.600000000013 5774.0350000000008 38247.750000000007 2.5000000000000004 0.64740246642517363 3.5000000000000004 15832.750000000002 19802.180000000004 4.5000000000000009 38367.000000000007 31839.855 45.500000000000007 32830.750000000007 36833.700000000004 20449.725000000002 5.5000000000000009 8049.3500000000013 22474.375000000004 4.5000000000000009 4.5000000000000009 0.41239226970076542 63.500000000000007 35083.600000000006
decision_type=2 2 2 2 2 2 2 2 2 2 2 2 2 2 2 2 2 2 2 2 2 2 2 2 2 2 2 2 2 2
left_child=6 5 3 23 -5 9 14 16 -9 28 21 12 -4 19 15 18 -7 -13 -1 -12 -15 26 -23 -3 25 -16 -8 -17 -2 -26
right_child=1 2 11 4 -6 7 10 8 -10 -11 13 17 -14 20 24 27 -18 -19 -20 -21 -22 22 -24 -25 29 -27 -28 -29 -30 -31
leaf_value=-0.16495722555197204 8.7694630940755172 8.2370973539352423 2.5134516605111057 23.389397800990515 5.1932226629818192 27.122664388020823 -1.3298194325537909 30.859743652343749 13.103649377822874 19.068860931396483 -2.0590191497802737 5.0401652751379462 5.6252869449962271 1.71636831988212 -2.5099755800793275 0.54161701202392576 35.976401265462236 7.2042988989088279 -2.5560538768768311 2.4979000438343397 4.1399290418624881 -0.53754013156890867 4.2201865059988846 6.2767018909039711 -2.8921039783119502 1.1739063752324959 -3.0764829105801055 3.8588996593768785 6.29083858066135 -2.6671076851433488
leaf_weight=52 6.0000000000000027 70 215 35 17 6.0000000000000027 105 10 8 9.9999999999999982 50 302 110 139 303 2.9999999999999991 11.999999999999998 72 116 10.999999999999998 40 50 6.9999999999999991 69 1456 19 36 12.999999999999998 8.9999999999999982 422
leaf_count=52 3 41 215 18 14 3 105 5 4 5 50 289 90 139 303 3 6 45 116 11 40 50 7 50 1456 19 36 13 5 422
internal_value=0.0470358 6.75543 5.74901 10.0346 17.4406 21.4394 -2.21366 27.9967 22.9681 11.9969 0.184882 4.57799 3.56669 1.36958 -2.65433 -1.37657 33.0252 5.45679 -1.81595 -1.23728 2.25795 -1.25111 0.0467421 7.26395 -2.7612 -2.2926 -1.77578 3.23691 7.28229 -2.84155
internal_weight=3773 951 890 191 52 61 2822 36 18 25 438 699 325 240 2384 184 18 374 168 61 179 198 57 139 2200 322 141 16 15 1878
internal_count=3615 793 762 123 32 31 2822 18 9 13 438 639 305 240 2384 184 9 334 168 61 179 198 57 91 2200 322 141 16 8 1878
is_linear=0
shrinkage=0.05


Tree=11
num_leaves=31
num_cat=0
split_feature=3 3 7 4 0 3 3 4 0 4 3 3 8 3 4 4 0 6 3 3 4 3 5 4 0 6 1 3 4 8
split_gain=1.91094e+07 3.07193e+06 2.96895e+06 1.62145e+06 1.523e+06 1.42742e+06 908782 518834 369356 370321 297055 255333 163862 148378 131121 95784.1 91596.8 72186.1 65420.6 61407.3 305473 51946.6 37090.6 31311.8 28613.1 26273.6 26098.6 7492.7 6757.11 12320.1
threshold=0.55959255619864845 0.76423436420777746 5.5000000000000009 46375.000000000007 37374.000000000007 0.85868205595435165 0.41093661235642526 35012.500000000007 32333.400000000005 36349.500000000007 0.67199374422056513 0.51668382282639491 2.5000000000000004 0.80650250447340988 36212.500000000007 44860.000000000007 30548.300000000003 37.500000000000007 0.85868205595435165 0.28735508504126089 33822.500000000007 0.30953621212262683 9.5000000000000018 35987.500000000007 28505.150000000005 37.500000000000007 15832.750000000002 0.440477333962974 33305.000000000007 4.5000000000000009
decision_type=2 2 2 2 2 2 2 2 2 2 2 2 2 2 2 2 2 2 2 2 2 2 2 2 2 2 2 2 2 2
left_child=6 8 13 4 -4 -5 19 25 16 14 -11 15 -13 22 -10 -9 24 -18 -15 28 21 -21 -3 -22 -2 26 -8 -27 -1 -30
right_child=1 2 3 5 -6 -7 7 11 9 10 -12 12 -14 18 -16 -17 17 -19 -20 20 23 -23 -24 -25 -26 27 -28 -29 29 -31
leaf_value=-2.9512696123123172 -1.0383645296096793 4.3315020729513725 12.436479132516045 6.3080592989921573 32.891490877591643 26.529241307576498 0.66400089263916007 -0.94594295881688595 5.3473784025325335 3.0182161879734917 5.2843525052504106 -0.98522446191132973 2.3479510080523607 8.1296808594749077 9.0329353193803268 -2.5818329702287715 3.6765870094299302 -2.6955928444862369 12.929679107666017 -2.179706671502855 -1.1751698254048824 1.9530840674225165 6.3806728726341611 -2.6325279001488107 -6.8747330256870818 3.4613068262736002 4.7634996414184574 4.8028418765348553 -2.7250231270533813 -2.174279115850275
leaf_weight=280 3.0000000000000018 34 13.999999999999998 32 26 11.999999999999998 11.000000000000002 224 43 305 275 67 82 63 55 149 10.000000000000002 7.9999999999999991 7.9999999999999991 8.9999999999999982 40 49 63 469 7 14.999999999999998 5.9999999999999991 34 1321 110
leaf_count=280 3 28 7 22 13 6 11 224 37 305 241 67 82 34 28 149 10 8 4 9 40 49 43 469 7 15 6 34 1321 110
internal_value=-0.0813279 6.03217 10.7713 18.4464 25.7322 11.8229 -2.12485 -0.372383 4.3406 4.57301 4.09268 -0.900503 0.849141 6.9337 7.4158 -1.59942 -1.28704 0.844507 8.67053 -2.5772 -2.12624 1.31179 5.66241 -2.518 -5.12382 3.80456 2.11088 4.39217 -2.72664 -2.68269
internal_weight=3824 958 252 84 40 44 2866 588 706 678 580 522 149 168 98 373 28 18 71 2278 567 58 97 509 10 66 17 49 1711 1431
internal_count=3662 796 157 48 20 28 2866 588 639 611 546 522 149 109 65 373 28 18 38 2278 567 58 71 509 10 66 17 49 1711 1431
is_linear=0
shrinkage=0.05


Tree=12
num_leaves=30
num_cat=0
split_feature=3 2 7 4 6 3 3 0 1 4 2 4 4 0 4 0 5 5 4 5 4 2 0 1 3 4 2 4 0
split_gain=1.7803e+07 3.34051e+06 2.45434e+06 1.38476e+06 1.93989e+06 1.12294e+06 915056 249636 246440 639745 203264 173540 157671 139986 113261 148690 83075.6 62068.1 58362.4 55685.9 49200.4 48441.9 28280.5 23065.6 22102.1 118964 8902.44 6754.66 1732.79
threshold=0.56513909164757492 9223.9800000000014 5.5000000000000009 44810.000000000007 50.500000000000007 0.85868205595435165 0.50533931477710625 32210.450000000004 12266.150000000001 35865.000000000007 16590.240000000002 46922.500000000007 36349.500000000007 31764.250000000004 37162.000000000007 34038.500000000007 8.5000000000000018 15.500000000000002 39715.000000000007 9.5000000000000018 45602.500000000007 20159.590000000004 32333.400000000005 22664.415000000005 0.28735508504126089 35987.500000000007 12787.735000000002 33822.500000000007 30789.050000000003
decision_type=2 2 2 2 2 2 2 2 2 2 2 2 2 2 2 2 2 2 2 2 2 2 2 2 2 2 2 2 2
left_child=6 2 14 4 -4 -5 8 16 24 22 12 13 -9 28 -2 -16 26 -18 -15 -12 -11 23 -10 -13 27 -26 -3 -1 -8
right_child=1 7 3 5 -6 -7 11 10 9 20 19 21 -14 18 15 -17 17 -19 -20 -21 -22 -23 -24 -25 25 -27 -28 -29 -30
leaf_value=-2.7983583064018926 12.78264045715332 0.71343536376953087 32.119176659217253 5.2986987845070903 13.59971088286369 24.567699661254885 -3.3862481219427929 6.3312003334363309 1.331501933506557 -1.5991254846382754 -2.5876979195823266 -2.5598345269475669 4.1305618251818368 3.7808455363563875 -1.8004614582657816 6.9653798192939504 -5.3998862838745119 1.4229493713378907 1.6599292443015359 2.1356534224290118 -2.6043654127120974 4.481527201334635 3.4830725674118312 1.0706359100341796 -0.44637291476696356 -2.6532481462538908 3.6703710828508651 -2.5418061361989537 -4.8225096384684232
leaf_weight=316 7.9999999999999991 4.0000000000000018 26 31 31 9.9999999999999982 6.9999999999999982 96 21 311 12.000000000000002 35 535 46 4.9999999999999991 149 9.9999999999999982 4.9999999999999991 110 12.999999999999998 200 2.9999999999999991 56 4.9999999999999991 79 269 7 1364 3
leaf_count=316 4 4 13 22 16 5 7 66 21 311 12 35 505 46 5 93 10 5 110 13 200 3 56 5 79 269 7 1364 3
internal_value=-0.0143855 5.93816 10.7605 17.0064 22.0472 9.99846 -1.99927 4.09973 -2.25362 -1.35236 4.29018 1.18442 4.46537 1.91771 6.9821 6.68077 -0.705299 -3.12561 2.28533 -0.131555 -1.99257 -1.64643 2.89628 -2.10603 -2.51494 -2.15226 2.59512 -2.59006 -3.81713
internal_weight=3767 942 260 98 57 41 2825 682 2616 588 656 209 631 166 162 154 26 15 156 25 511 43 77 40 2028 348 11 1680 10
internal_count=3605 780 158 56 29 27 2825 622 2616 588 596 209 571 166 102 98 26 15 156 25 511 43 77 40 2028 348 11 1680 10
is_linear=0
shrinkage=0.05


Tree=13
num_leaves=31
num_cat=0
split_feature=3 2 2 7 7 4 3 0 2 8 2 0 3 2 4 4 0 0 7 3 4 4 6 3 4 4 7 0 8 8
split_gain=1.76275e+07 3.9201e+06 1.33651e+06 1.27377e+06 1.11643e+06 1.47101e+06 801906 274263 448368 216126 211649 183472 179024 136035 284306 112497 157238 89642.2 64813.9 52042.6 48091.5 47368.2 44427.7 31081.4 296238 28794.4 18413.7 16229.3 5867.42 1072.21
threshold=0.56513909164757492 6406.5500000000002 9223.9800000000014 5.5000000000000009 5.5000000000000009 44810.000000000007 0.4724848032105719 40308.600000000013 5774.0350000000008 2.5000000000000004 16590.240000000002 32612.550000000003 0.85868205595435165 19673.970000000005 33822.500000000007 35012.500000000007 36200.700000000004 38367.000000000007 2.5000000000000004 0.55670345602479665 37487.500000000007 37162.000000000007 47.500000000000007 0.28735508504126089 32625.000000000004 46922.500000000007 2.5000000000000004 37068.80000000001 1.5000000000000002 4.5000000000000009
decision_type=2 2 2 2 2 2 2 2 2 2 2 2 2 2 2 2 2 2 2 2 2 2 2 2 2 2 2 2 2 2
left_child=6 3 4 12 21 -6 13 17 -9 19 11 -4 27 14 26 29 -17 -5 -12 22 -16 -3 -8 28 -25 -21 -1 -2 -15 -11
right_child=1 2 10 7 5 -7 9 8 -10 15 18 -13 -14 23 20 16 -18 -19 -20 25 -22 -23 -24 24 -26 -27 -28 -29 -30 -31
leaf_value=1.4141107559204102 4.6919658660888635 9.7022767066955566 -0.033183273315429689 23.441970825195298 19.805979109973443 5.0918036871942984 -0.55768523030466843 26.761909484863278 10.88087474107742 4.177454076494489 2.010043059076581 4.3348779267527329 15.402293624877926 -2.2238576214889001 -0.64578492146271937 0.078737478897351179 3.702372019290924 30.927045694986983 -2.8928261729387139 3.4485751469930004 -2.2756862950805052 5.7391301021321128 -2.3559896569098195 2.118311072587967 -2.3425394116049616 -0.29272126952807109 3.984114066414211 8.0105077471051906 -2.4944597542875062 4.8080580784724312
leaf_weight=9.9999999999999982 5.0000000000000027 7.9999999999999991 25 6.0000000000000027 41 29 77 10 8 14 14.000000000000002 626 10.000000000000002 232 65 119 40 11.999999999999998 12.999999999999998 9.0000000000000018 149 131 62 40 535 11.999999999999998 23 13.999999999999998 1467 13
leaf_count=10 3 4 25 3 21 22 77 5 4 14 14 564 5 232 65 119 40 6 13 9 149 87 62 40 535 12 23 7 1467 13
internal_value=0.0383388 5.93336 5.06481 17.7857 8.56053 13.7101 -1.91913 24.0678 19.7037 0.33805 3.98722 4.16713 9.98724 -2.22892 -1.11448 1.49706 0.990344 28.432 -0.350598 -1.0093 -1.78062 5.96722 -1.35981 -2.34997 -2.03222 1.31069 3.20533 7.13721 -2.45751 4.48108
internal_weight=3819 952 887 65 209 70 2867 36 18 346 678 651 29 2521 247 186 159 18 27 160 214 139 139 2274 575 21 33 19 1699 27
internal_count=3650 783 750 33 134 43 2867 18 9 346 616 589 15 2521 247 186 159 9 27 160 214 91 139 2274 575 21 33 10 1699 27
is_linear=0
shrinkage=0.05


Tree=14
num_leaves=27
num_cat=0
split_feature=3 2 2 7 8 3 0 8 3 4 4 1 1 4 0 4 3 4 2 4 8 3 0 8 4 8
split_gain=1.40361e+07 3.03624e+06 1.42939e+06 1.09374e+06 1.34051e+06 709339 678722 413835 267426 250875 193953 242066 97651.6 90704.5 62030.2 64022.8 40448.6 176793 72689.9 46511.7 37870.7 19889.1 16384.3 5938.18 10207.8 6455.42
threshold=0.55670345602479665 5774.0350000000008 9223.9800000000014 5.5000000000000009 2.5000000000000004 0.40859850464113151 38247.750000000007 2.5000000000000004 0.62742230423455536 38272.500000000007 35012.500000000007 17650.955000000005 32649.865000000002 37162.000000000007 44134.850000000013 39905.000000000007 0.28735508504126089 32625.000000000004 24118.715000000004 35987.500000000007 2.5000000000000004 0.440477333962974 38639.450000000004 4.5000000000000009 34230.000000000007 1.5000000000000002
decision_type=2 2 2 2 2 2 2 2 2 2 2 2 2 2 2 2 2 2 2 2 2 2 2 2 2 2
left_child=5 6 3 13 -5 16 -2 14 9 -4 21 -12 -10 -3 15 -7 23 18 -18 -19 -8 -9 -22 25 -25 -1
right_child=1 2 8 4 -6 7 20 10 12 -11 11 -13 -14 -15 -16 -17 17 19 -20 -21 22 -23 -24 24 -26 -27
leaf_value=-2.1325924003333379 9.8981742858886683 10.21232276916504 4.5569732618331917 6.1831849755467596 19.387624711990355 1.7803172906239828 24.158127339680984 2.2054636478424072 4.171664946870778 1.5022512549888798 -0.70113042163294415 2.7351957490999403 6.5462141893347923 5.2706178496434148 4.4841315269470217 -1.9567617302314908 2.3604483678936958 -0.8114394587855186 -4.1221318817138677 -2.2726119655317496 27.175691731770833 4.0021635144255887 30.870765177408853 -2.4591973639153815 -1.6450439874227947 -2.4211150906588812
leaf_weight=228 8.0000000000000018 9.9999999999999982 100 37 40 11.999999999999998 6.0000000000000009 24 372 205 172 73 49 130 3.9999999999999991 255 32 62 4.9999999999999991 448 6 43 6 77 77 1295
leaf_count=228 4 5 82 25 20 12 3 24 346 205 172 73 30 85 4 255 32 62 5 448 3 43 3 77 77 1295
internal_value=-0.0281807 5.16025 4.69551 8.25616 13.0426 -1.81927 22.0159 -0.266852 3.63124 2.5038 0.974676 0.322755 4.44804 5.6236 -1.69621 -1.7888 -2.22622 -1.85286 1.48442 -2.09498 27.4015 3.35857 29.0232 -2.348 -2.05212 -2.37792
internal_weight=3776 969 943 217 77 2807 26 583 726 305 312 245 421 140 271 267 2224 547 37 510 18 67 12 1677 154 1523
internal_count=3618 811 798 135 45 2807 13 583 663 287 312 245 376 90 271 267 2224 547 37 510 9 67 6 1677 154 1523
is_linear=0
shrinkage=0.05


Tree=15
num_leaves=28
num_cat=0
split_feature=3 3 2 7 4 3 6 7 4 1 4 1 4 6 3 4 7 0 3 4 2 7 4 3 0 7 0
split_gain=1.36436e+07 2.81896e+06 1.23107e+06 1.04576e+06 1.51779e+06 937295 356916 627048 234601 150092 222604 146456 178660 136130 127764 292551 105369 102510 90026 51708.6 33378.3 33076.4 22833.4 146511 20446.7 16636.2 7254.97
threshold=0.58107906131583553 0.85868205595435165 9223.9800000000014 5.5000000000000009 44810.000000000007 0.46862078734062379 64.500000000000014 5.5000000000000009 36520.000000000007 17543.215000000007 46050.000000000007 31530.630000000001 36349.500000000007 36.500000000000007 0.39153302415119845 37487.500000000007 4.5000000000000009 32286.800000000007 0.72860970471850839 34732.500000000007 14103.105000000001 5.5000000000000009 36337.500000000007 0.28735508504126089 33210.200000000004 2.5000000000000004 35025.600000000006
decision_type=2 2 2 2 2 2 2 2 2 2 2 2 2 2 2 2 2 2 2 2 2 2 2 2 2 2 2
left_child=5 2 3 18 -5 14 7 -3 17 20 -11 12 -4 -9 22 16 -16 19 -2 -7 -10 -13 23 -1 -19 -17 -24
right_child=1 6 11 4 -6 8 -8 13 9 10 -12 21 -14 -15 15 25 -18 24 -20 -21 -22 -23 26 -25 -26 -27 -28
leaf_value=-2.1916404196722086 -4.9566108703613283 3.4470826466878215 5.7212455485996454 18.146554966362157 4.1459911406040195 4.1347215924944178 29.564336013793948 27.012839508056643 -4.3829524676005045 1.7005523189713685 -1.2612589138858725 4.504088826333323 3.1071694883085166 17.788896107673647 -0.17865142740052323 -1.5910233252389092 3.1329474332855973 2.7701937346231369 5.7220113671620689 -0.79917683167891074 -1.5258273269819176 6.5993639866511034 -2.3173082749234211 -0.10956082654242615 4.7142366359108374 -2.4431873109605577 -2.0657004295407662
leaf_weight=613 1.9999999999999989 6.0000000000000062 76 49 32 7.0000000000000027 7.9999999999999991 7.9999999999999991 11.999999999999998 158 106 31 467 7.9999999999999991 58 105 41 21 150 22 69 48 1072 98 38 126 391
leaf_count=613 2 3 54 25 23 7 4 4 12 158 106 26 460 4 58 105 41 21 96 22 69 25 1072 98 32 126 391
internal_value=0.0133538 5.45549 4.9269 8.02679 12.6155 -1.62651 20.5204 17.2317 0.521461 -0.0663295 0.51134 3.76569 3.47304 22.4009 -1.99795 -1.08124 1.19282 2.82587 5.5815 0.391764 -1.94911 5.77717 -2.1371 -1.90466 4.02229 -2.05584 -2.25006
internal_weight=3822 885 855 233 81 2937 30 22 433 345 264 622 543 16 2504 330 99 88 152 29 81 79 2174 711 59 231 1463
internal_count=3657 726 711 146 48 2931 15 11 427 345 264 565 514 8 2504 330 99 82 98 29 81 51 2174 711 53 231 1463
is_linear=0
shrinkage=0.05


Tree=16
num_leaves=30
num_cat=0
split_feature=3 2 7 5 0 3 2 5 4 7 4 4 0 3 4 4 0 0 2 3 4 2 3 7 7 3 4 4 5
split_gain=1.2367e+07 2.93462e+06 1.89003e+06 593664 834207 592394 554759 462195 302182 268973 723839 215675 172107 171126 120385 94301.5 67107.6 57655.1 56242.3 42984.7 211156 85967.9 32009.2 25812.5 25556.8 10256.5 5510.49 14415.3 888.171
threshold=0.55670345602479665 7723.2600000000011 5.5000000000000009 13.500000000000002 40909.950000000004 0.72860970471850839 19514.570000000003 15.500000000000002 35012.500000000007 5.5000000000000009 44810.000000000007 37329.500000000007 31431.600000000002 0.62742230423455536 44860.000000000007 37162.000000000007 35025.600000000006 38807.350000000006 9877.8350000000009 0.28735508504126089 32625.000000000004 24118.715000000004 0.4724848032105719 1.0000000180025095e-35 1.5000000000000002 0.42776549141032033 34230.000000000007 35134.500000000007 14.500000000000002
decision_type=2 2 2 2 2 2 2 2 2 2 2 2 2 2 2 2 2 2 2 2 2 2 2 2 2 2 2 2 2
left_child=6 2 16 4 -4 11 8 -5 24 15 -11 18 23 -13 -14 -7 -2 -18 -3 26 21 -21 -22 -10 -1 -26 28 -28 -8
right_child=1 5 3 7 -6 9 19 -9 12 10 -12 13 14 -15 -16 -17 17 -19 -20 20 22 -23 -24 -25 25 -27 27 -29 -30
leaf_value=-1.3744510650634767 -0.99036006927490239 10.365795135498047 30.032077874077693 7.7605001449584963 14.06660011927287 8.1300976276397705 -2.3172207969029746 21.30741058349609 -0.96415670329126835 15.363537025451661 5.3540970612878667 1.3357518686067076 0.61453091274997051 3.2633935064565942 -1.7622460174560548 4.0824771961132127 7.4745052625548176 4.1992601288689508 4.3583977470397945 2.5307765481945799 -1.9810057452474563 -3.8981206258138026 -0.63590985933939626 -2.6943129902794247 1.9746782823042439 3.6641495257007834 -1.4316201097824994 -2.1044298276210287 -2.1050044577000508
leaf_weight=2.9999999999999991 2.9999999999999991 3.9999999999999991 18 17 14.999999999999998 15.999999999999998 300 10.000000000000002 29 24 73 218 223 244 70 143 53 18 150 39 563 5.9999999999999991 48 84 10.999999999999998 49 85 1256 59
leaf_count=3 3 2 9 10 8 8 300 5 29 12 47 218 223 239 70 114 28 10 125 39 563 6 48 84 11 49 85 1256 59
internal_value=0.0321817 4.79272 11.6817 18.2763 22.775 3.7341 -1.66308 12.7779 -0.0926615 5.75566 7.83066 2.89397 -0.59261 2.35381 0.0467002 4.48978 6.33465 6.64416 4.51443 -1.97569 -1.63189 1.67359 -1.87534 -2.25029 3.12923 3.35441 -2.10836 -2.06178 -2.28234
internal_weight=3831 1006 134 60 33 872 2825 27 469 256 97 616 406 462 293 159 74 71 154 2356 656 45 611 113 63 60 1700 1341 359
internal_count=3663 838 73 32 17 765 2825 15 469 181 59 584 406 457 293 122 41 38 127 2356 656 45 611 113 63 60 1700 1341 359
is_linear=0
shrinkage=0.05


Tree=17
num_leaves=31
num_cat=0
split_feature=3 2 7 6 0 3 2 4 3 0 3 1 4 0 8 3 1 4 4 4 7 6 4 7 6 8 4 0 0 6
split_gain=1.10013e+07 2.04363e+06 1.52527e+06 1.01817e+06 1.65438e+06 615441 392528 251460 218253 156738 137472 130065 146401 79278.6 78175 57114.5 52374.8 226566 41799.3 84501.6 40704 33922.2 26113.4 25922.4 20023.1 11701.8 52470.5 6840.67 5828.46 5199.56
threshold=0.56513909164757492 9223.9800000000014 5.5000000000000009 50.500000000000007 40012.850000000006 0.440477333962974 6406.5500000000002 36520.000000000007 0.85868205595435165 32210.450000000004 0.51668382282639491 31839.855 36349.500000000007 30548.300000000003 2.5000000000000004 0.79221302592697518 11311.780000000001 35134.500000000007 35012.500000000007 36349.500000000007 2.5000000000000004 54.500000000000007 45602.500000000007 5.5000000000000009 37.500000000000007 4.5000000000000009 32625.000000000004 28796.950000000001 27279.500000000004 35.500000000000007
decision_type=2 2 2 2 2 2 2 2 2 2 2 2 2 2 2 2 2 2 2 2 2 2 2 2 2 2 2 2 2 2
left_child=5 2 8 4 -4 16 -5 18 15 13 21 12 -11 27 -12 -2 25 20 29 -20 -18 -9 -19 -13 -15 28 -27 -3 -1 -7
right_child=1 9 3 6 -6 7 -8 10 -10 11 14 23 -14 24 -16 -17 17 22 19 -21 -22 -23 -24 -25 -26 26 -28 -29 -30 -31
leaf_value=-2.2803588444424658 3.9639318375026478 -2.8918692906697565 25.881003926595056 18.42654027938843 6.7070866001976874 2.0040301895141606 6.2681203554838136 -0.73487416740988387 12.655525856018066 5.0345841706454104 -0.44839458528317905 4.0637694915135709 2.8535419354716458 2.6757321262359621 1.7978106860873067 5.9585653305053716 -0.11043123063587008 -1.5016274871195066 -0.35425929852894378 3.9658578772293893 2.6893279524410474 -1.9471430989315637 -2.3269255560797615 6.0628631401062014 -1.1994867515563965 1.9283660984039308 -1.8077403074655778 -5.9119513702392572 -1.9896948356962882 3.7142209935188291
leaf_weight=194 68 3.0000000000000018 30 7.9999999999999991 18 4.9999999999999991 39 147 9.9999999999999982 91 76 24 498 9.9999999999999982 79 76 21 272 28 19 34 95 148 50 4.9999999999999991 9.9999999999999982 156 5 1554 40
leaf_count=194 49 3 15 4 12 5 23 147 5 64 76 19 490 10 79 44 21 272 28 19 34 95 148 26 5 10 156 5 1554 40
internal_value=-0.00562662 4.7063 8.58627 13.5687 18.6908 -1.53643 8.33764 0.079683 5.51269 3.29797 -0.466136 3.43874 3.19051 -0.759803 0.696446 5.01666 -1.86723 -1.39728 2.43501 1.39217 1.62033 -1.21076 -1.79245 5.41451 1.38399 -1.98386 -1.58267 -4.77942 -2.02195 3.5242
internal_weight=3813 935 249 95 48 2878 47 489 154 686 397 663 589 23 155 144 2389 475 92 47 55 242 420 74 15 1914 166 8 1748 45
internal_count=3652 774 152 54 27 2878 27 489 98 622 397 599 554 23 155 93 2389 475 92 47 55 242 420 45 15 1914 166 8 1748 45
is_linear=0
shrinkage=0.05


Tree=18
num_leaves=31
num_cat=0
split_feature=3 2 9 0 3 0 3 4 4 4 4 0 3 4 8 0 0 4 8 4 3 4 2 1 6 2 8 8 5 9
split_gain=9.99144e+06 2.4744e+06 707059 825407 588345 529830 437483 301462 863975 275755 155178 162963 132545 123458 65207.6 57544.5 56640.7 60041.7 54467.2 44453.7 28102.6 155343 48482.9 26787.8 11845 9000.99 5153.15 5422.51 4369.12 2971.69
threshold=0.55959255619864845 7008.9350000000004 1.0000000180025095e-35 38247.750000000007 0.73377273116329167 39738.700000000004 0.40859850464113151 44810.000000000007 44735.000000000007 36520.000000000007 37329.500000000007 31572.850000000002 0.51668382282639491 44810.000000000007 2.5000000000000004 43348.250000000007 32286.800000000007 35012.500000000007 4.5000000000000009 37329.500000000007 0.28735508504126089 35987.500000000007 23920.770000000004 14620.4 49.500000000000007 6406.5500000000002 1.5000000000000002 4.5000000000000009 15.500000000000002 1.0000000180025095e-35
decision_type=2 2 2 2 2 2 2 2 2 2 2 2 2 2 2 2 2 2 2 2 2 2 2 2 2 2 2 2 2 2
left_child=6 2 25 13 10 -5 20 8 -6 16 18 -12 19 -4 -14 -9 17 -8 -3 -11 26 22 -22 -18 -23 28 29 -28 -2 -1
right_child=1 4 3 5 7 -7 9 15 -10 12 11 -13 14 -15 -16 -17 23 -19 -20 -21 21 24 -24 -25 -26 -27 27 -29 -30 -31
leaf_value=-1.806492247552929 2.2167521068028035 4.426567366585803 12.685762405395504 26.064995659722225 4.3420472629253686 14.094117034109017 3.3066910230196442 3.6909814270973209 14.178582157808192 -4.2093809567965002 -3.4886058847109478 2.4183042493724107 -0.63461420766768928 6.138458251953125 1.60741029066198 5.5855039370262025 1.2487781524658204 -0.76147278308868405 0.91038739681243896 -1.227113541609012 0.62657441149701132 -1.6213599831924825 -3.2204257931974198 3.3646453967461221 -2.1475419859600886 5.5616781234741213 -1.9788809896960402 -1.6644401893117071 4.0554663340250645 -1.4123217056046673
leaf_weight=167 7.0000000000000018 134 12.000000000000002 18 65 19 12.999999999999998 125 34 12.999999999999998 11.999999999999998 433 62 18 68 59 21 30 11.999999999999998 322 91 197 8.9999999999999982 52 234 4.9999999999999991 1320 153 6 67
leaf_count=167 4 106 6 9 45 10 13 103 17 13 12 425 62 9 68 34 21 30 12 322 91 197 9 52 234 3 1320 153 3 67
internal_value=0.00432798 4.41283 12.5569 14.9206 3.62079 19.9178 -1.49541 5.49549 7.72025 -0.272919 2.72309 2.25902 -0.816978 8.75738 0.538137 4.29846 1.90801 0.468437 4.13757 -1.34284 -1.81277 -1.4951 0.280344 2.75597 -1.90704 3.7588 -1.91159 -1.94622 3.06539 -1.69363
internal_weight=3778 959 85 67 874 37 2819 283 99 581 591 445 465 30 130 184 116 43 146 335 2238 531 100 73 431 18 1707 1473 13 234
internal_count=3617 798 44 34 754 19 2819 199 62 581 555 437 465 15 130 137 116 43 118 335 2238 531 100 73 431 10 1707 1473 7 234
is_linear=0
shrinkage=0.05


Tree=19
num_leaves=30
num_cat=0
split_feature=3 2 9 3 3 0 4 4 8 3 4 0 0 4 4 0 3 4 4 3 1 4 2 6 8 4 4 0 8
split_gain=9.20185e+06 2.45689e+06 743259 619892 547890 394794 315487 827235 253643 213018 187304 200461 121785 153930 101954 64747.6 56224.5 58072.6 28660.6 24427 24288.9 171729 18503.1 17349.5 9018.73 33548.5 6493.03 5964.41 4751.34
threshold=0.56827127749883666 6406.5500000000002 1.0000000180025095e-35 0.72860970471850839 0.40859850464113151 38247.750000000007 44810.000000000007 44735.000000000007 2.5000000000000004 0.85868205595435165 36349.500000000007 31478.000000000004 36833.700000000004 35012.500000000007 36212.500000000007 42907.950000000004 0.49629283628333587 46922.500000000007 39905.000000000007 0.83796288046252176 11311.780000000001 33030.000000000007 5774.0350000000008 49.500000000000007 4.5000000000000009 32625.000000000004 43672.500000000007 33976.850000000006 1.5000000000000002
decision_type=2 2 2 2 2 2 2 2 2 2 2 2 2 2 2 2 2 2 2 2 2 2 2 2 2 2 2 2 2
left_child=4 2 19 10 20 22 7 -5 16 -7 14 -12 13 -10 -3 -8 18 -18 -6 -2 24 27 -4 -23 28 -26 -14 -22 -1
right_child=1 3 5 6 8 9 15 -9 12 -11 11 -13 26 -15 -16 -17 17 -19 -20 -21 21 23 -24 -25 25 -27 -28 -29 -30
leaf_value=-1.6364161353513422 7.2290274810791022 2.671946063794588 8.0903996785481791 4.4126815824366323 1.2185601234436036 14.205385818481446 3.5957689864039426 13.810228284200035 2.5708313720813698 23.006580283425073 -4.761863422393799 2.3952264548444182 1.6616253089904784 -0.13011668026447296 6.0154674195406734 5.3489758355276926 0.6781270923899182 -1.525377212630378 -1.8445988257726034 2.9488130760192872 2.0625791231791171 -1.2581544171895414 11.7635214805603 -2.0124023010204364 1.704856586456299 -1.6129889249801637 3.5783125275059753 3.7653314669926967 -1.872351676888824
leaf_weight=249 4.9999999999999991 38 5.9999999999999973 67 7.9999999999999991 9.9999999999999982 125 36 69 22 9.9999999999999982 452 4.9999999999999991 224 57 91 67 54 168 9.9999999999999982 9.0000000000000018 151 8 154 7.9999999999999991 160 38 11.999999999999998 1492
leaf_count=249 3 38 3 43 8 5 105 18 69 11 10 447 5 224 29 52 67 54 168 5 9 151 4 154 8 160 38 12 1492
internal_value=0.0364818 4.33828 14.0407 3.66265 -1.36895 17.1924 5.42021 7.69726 -0.0703866 20.2562 2.65608 2.24031 0.870611 0.505943 4.67806 4.33439 -1.13495 -0.305255 -1.70536 4.37555 -1.73673 -1.33787 10.1893 -1.63899 -1.80485 -1.455 3.35544 3.03558 -1.83861
internal_weight=3805 937 61 876 2868 46 319 103 633 32 557 462 336 293 95 216 297 121 176 15 2235 326 14 305 1909 168 43 21 1741
internal_count=3641 773 31 742 2868 23 218 61 633 16 524 457 336 293 67 157 297 121 176 8 2235 326 7 305 1909 168 43 21 1741
is_linear=0
shrinkage=0.05


Tree=20
num_leaves=28
num_cat=0
split_feature=3 2 7 6 0 2 3 0 2 3 8 0 2 4 4 6 7 2 6 4 2 7 3 8 4 0 2
split_gain=7.91892e+06 1.56316e+06 929236 735839 1.08094e+06 531991 368350 174337 148986 147788 103581 90914.1 83710.1 169380 63524 50306.5 50204 46851.6 38693.1 63358.1 35620.6 32282 25800.9 30376.5 19856.5 7114.03 176.749
threshold=0.55670345602479665 9223.9800000000014 5.5000000000000009 50.500000000000007 40480.450000000004 6406.5500000000002 0.50005353945057474 30548.300000000003 16716.640000000003 0.85868205595435165 2.5000000000000004 42596.000000000007 19573.550000000007 35012.500000000007 37162.000000000007 37.500000000000007 5.5000000000000009 16834.510000000006 53.500000000000007 43067.500000000007 21358.775000000005 5.5000000000000009 0.4724848032105719 2.5000000000000004 46250.000000000007 31938.200000000004 11579.390000000001
decision_type=2 2 2 2 2 2 2 2 2 2 2 2 2 2 2 2 2 2 2 2 2 2 2 2 2 2 2
left_child=6 2 9 4 -4 -5 12 26 11 14 20 -9 13 15 -2 -1 -15 -10 25 -20 21 -8 24 -24 -14 -12 -3
right_child=1 7 3 5 -6 -7 10 8 17 -11 18 -13 22 16 -16 -17 -18 -19 19 -21 -22 -23 23 -25 -26 -27 -28
leaf_value=-1.0222285530783914 8.372323112487793 -5.4691404978434246 23.019281260172527 16.586497433980309 6.5402354633106912 4.6492595777625132 -1.1816773162947762 2.6868985965354639 -6.330016962687175 10.795717945098879 0.24058659871419275 4.3613576381764512 -1.5793757742652426 -1.5579972742899368 4.2492925292169543 2.8174250828592404 0.27563799116346571 0.18826433840919943 2.0018752913726003 -1.4202478408813477 4.7350997924804688 1.8500539398193361 -0.86934178451011934 3.3504843521118164 -2.0205070420743665 2.7421284066306222 -4.9614414215087876
leaf_weight=10.999999999999998 9.9999999999999982 2.9999999999999991 24 11.999999999999998 17 42 72 589 2.9999999999999991 9.9999999999999982 2.9999999999999991 94 1972 219 142 38 45 34 38 21 2.9999999999999991 9.9999999999999982 29 4.9999999999999991 293 54 4
leaf_count=11 5 3 12 6 11 25 72 553 3 5 3 67 1972 219 92 38 45 34 38 21 3 10 29 5 293 54 4
internal_value=-0.00225602 3.85848 7.21025 11.1364 16.1865 7.30198 -1.35276 2.6736 2.74995 4.9079 0.70979 2.91735 -1.51148 -0.744345 4.52054 1.95546 -1.24545 -0.340245 1.6814 0.783831 -0.616176 -0.811954 -1.61592 -0.248779 -1.63644 2.61047 -5.17903
internal_weight=3797 984 257 95 41 54 2813 727 720 162 201 683 2612 313 152 49 264 37 116 59 85 82 2299 34 2265 57 7
internal_count=3633 820 156 54 23 31 2813 664 657 102 201 620 2612 313 97 49 264 37 116 59 85 82 2299 34 2265 57 7
is_linear=0
shrinkage=0.05


Tree=21
num_leaves=27
num_cat=0
split_feature=3 3 3 3 7 4 4 6 4 4 0 0 1 4 4 7 5 7 4 4 1 4 7 3 2 7
split_gain=7.3337e+06 1.93269e+06 635101 617854 496988 1.33876e+06 161591 157838 127266 104600 159354 101248 92931.9 295510 75708.9 74699.4 95308.8 64333.2 57201 47775.4 19234.7 13366.9 11147.6 30120.7 9923.83 4398.26
threshold=0.58452734979975163 0.85868205595435165 0.74916972377503899 0.50533931477710625 5.5000000000000009 44810.000000000007 46922.500000000007 64.500000000000014 48480.000000000007 36349.500000000007 33604.400000000009 31333.150000000005 12266.150000000001 35012.500000000007 44255.000000000007 2.5000000000000004 12.500000000000002 5.5000000000000009 36212.500000000007 42977.500000000007 22114.335000000003 34905.000000000007 3.5000000000000004 0.30643609481286271 20430.490000000002 5.5000000000000009
decision_type=2 2 2 2 2 2 2 2 2 2 2 2 2 2 2 2 2 2 2 2 2 2 2 2 2 2
left_child=3 2 9 12 14 -6 11 8 -3 18 -11 25 22 21 -4 16 -8 -15 -2 -13 -17 -14 23 -1 -24 -5
right_child=1 7 4 6 5 -7 15 -9 -10 10 -12 19 13 17 -16 20 -18 -19 -20 -21 -22 -23 24 -25 -26 -27
leaf_value=-1.5930828502215446 3.0210209859384074 10.689829182624811 1.9021551767985028 -2.0103901227315268 14.665600129832393 3.328036706174414 2.0637435276399958 23.75065803527832 19.608421134948728 -1.888791122890654 2.5644303832364073 2.3202479230596667 2.1213532326438211 -1.4844587934952156 4.4538253755758932 -2.3611592610677077 -3.1049440002441409 0.10419441558219292 5.8205246395534944 0.85555541048879213 -5.3303204536437994 4.4411585126604356 -2.354079197193014 -0.85406175659310013 -1.6788191673291828 -3.9248649597167962
leaf_weight=960 37 8.0000000000000036 36 5.9999999999999982 46 60 22 7.9999999999999991 8 21 463 141 55 459 151 12.000000000000002 14.999999999999998 74 36 92 9.9999999999999982 6.9999999999999991 58 161 879 6
leaf_count=960 33 4 24 6 23 41 22 4 4 21 445 136 55 459 101 12 15 74 18 92 10 7 58 161 879 6
internal_value=-0.000222022 4.02366 3.62857 -1.18956 5.51299 8.24811 0.945545 18.0163 15.1491 2.63731 2.37121 1.51124 -1.43422 -0.883855 3.96259 -1.40354 -0.0316703 -1.2639 4.4016 1.74191 -3.71078 2.38327 -1.59333 -1.48694 -1.72062 -2.96763
internal_weight=3831 874 850 2957 293 106 304 24 16 557 484 245 2653 595 187 59 37 533 73 233 22 62 2058 1121 937 12
internal_count=3670 718 706 2952 189 64 299 12 8 517 466 240 2653 595 125 59 37 533 51 228 22 62 2058 1121 937 12
is_linear=0
shrinkage=0.05


Tree=22
num_leaves=27
num_cat=0
split_feature=3 3 3 4 4 3 4 1 3 4 3 4 8 6 4 5 4 7 3 4 2 2 6 4 4 6
split_gain=6.69184e+06 2.02786e+06 854438 626683 1.07889e+06 228384 213591 175599 139836 124701 83988.5 75249.7 52624.7 40495.9 37256 34611.4 27750.8 18197.4 17810.7 110067 38724.6 10291.5 7110.99 5486.97 11857.4 552.255
threshold=0.53811631247007308 0.85868205595435165 0.74916972377503899 44810.000000000007 44735.000000000007 0.39153302415119845 35012.500000000007 36284.270000000004 0.64740246642517363 39905.000000000007 0.51668382282639491 37162.000000000007 2.5000000000000004 49.500000000000007 48055.000000000007 8.5000000000000018 44810.000000000007 1.5000000000000002 0.28735508504126089 35987.500000000007 24118.715000000004 18412.390000000003 49.500000000000007 34230.000000000007 35134.500000000007 61.500000000000007
decision_type=2 2 2 2 2 2 2 2 2 2 2 2 2 2 2 2 2 2 2 2 2 2 2 2 2 2
left_child=5 2 8 4 -4 18 17 16 9 -2 13 -10 -12 -8 -5 -9 -3 -7 23 20 -20 -19 -21 25 -25 -1
right_child=1 7 3 14 -6 6 10 15 11 -11 12 -13 -14 -15 -16 -17 -18 21 19 22 -22 -23 -24 24 -26 -27
leaf_value=-1.7605368213330284 2.8984896813676908 19.293269856770834 3.7961807219187422 3.9357733441877736 13.636054702905509 -1.7149418512980146 -0.51020461638768511 11.302140447497369 5.3506166150493009 1.0298115191543313 -0.46674859103034527 2.7566604240317094 2.3361394275318492 -1.4598984419235164 2.1544632676400637 16.325832875569656 24.102186075846351 2.8440304807714516 0.6353834417287042 -1.3577918672561646 -3.233619907924107 1.6565702358881635 -1.8002168122316018 -0.92828245279265609 -1.5485406534972375 -1.5759957739647401
leaf_weight=295 130 6 60 129 52 2.9999999999999991 225 7.9999999999999991 31 285 34 285 33 224 38 6.0000000000000009 6 37 85 170 6.9999999999999991 36 195 82 1277 47
leaf_count=295 113 3 36 86 26 3 225 4 21 285 34 268 33 224 30 3 3 37 85 170 7 36 195 82 1277 47
internal_value=0.0471718 3.472 3.11708 5.47108 8.36469 -1.24305 -0.37309 17.2594 2.21863 1.61518 -0.737578 3.01113 0.913778 -0.983994 3.53045 13.4552 21.6977 2.10159 -1.48171 -1.20458 0.341003 2.25843 -1.59416 -1.55616 -1.51112 -1.73518
internal_weight=3786 1036 1010 279 112 2750 592 26 731 415 516 316 67 449 167 14 12 76 2158 457 92 73 365 1701 1359 342
internal_count=3628 878 865 178 62 2750 592 13 687 398 516 289 67 449 116 7 6 76 2158 457 92 73 365 1701 1359 342
is_linear=0
shrinkage=0.05


Tree=23
num_leaves=31
num_cat=0
split_feature=3 2 7 3 0 3 0 3 7 4 4 4 4 4 3 4 2 2 4 6 8 0 7 6 5 5 6 7 4 8
split_gain=5.81682e+06 1.3068e+06 620993 385318 235082 360401 306549 171530 165895 414557 124171 151636 108643 74581.6 69478.2 246234 46284.3 42362.7 40806.6 40419.3 38687.8 155672 30008.8 25626 16714.6 9590.75 21454.1 6272.46 7432.21 1110.74
threshold=0.54469712277687743 7008.9350000000004 5.5000000000000009 0.71005883579065521 39738.700000000004 0.85868205595435165 37427.900000000001 0.50533931477710625 5.5000000000000009 44810.000000000007 38272.500000000007 42342.500000000007 37162.000000000007 46922.500000000007 0.28735508504126089 35397.500000000007 14806.265000000001 23920.770000000004 36212.500000000007 55.500000000000007 2.5000000000000004 38066.750000000007 5.5000000000000009 63.500000000000007 8.5000000000000018 9.5000000000000018 41.500000000000007 1.0000000180025095e-35 33305.000000000007 2.5000000000000004
decision_type=2 2 2 2 2 2 2 2 2 2 2 2 2 2 2 2 2 2 2 2 2 2 2 2 2 2 2 2 2 2
left_child=7 2 20 10 6 -6 -4 14 12 -10 18 -12 -5 16 27 17 23 -16 -3 -18 24 -22 -17 -9 -2 -15 -27 29 -29 -1
right_child=1 3 4 8 5 -7 -8 13 9 -11 11 -13 -14 25 15 22 19 -19 -20 -21 21 -23 -24 -25 -26 26 -28 28 -30 -31
leaf_value=-1.8776047515869143 0.71145590146382653 1.826212217861956 6.7415512720743784 6.8309958608526928 1.7217434565226235 14.957861709594724 19.791639709472658 -3.5271333456039438 10.479410531443936 3.7352948260861774 -1.700884680407388 1.731839886517381 2.8835380032164224 -3.463650321960448 1.164792768450549 -1.4107870794854687 2.2812701250377456 -2.5783841967582704 3.6302315440746629 0.30067895828409402 3.8711875461396712 13.003323872884117 -0.55599538393257075 1.3743306159973141 4.0495819854736324 2.5850135803222627 -2.0012093936695776 -1.6793410556522881 -1.3820505984884794 -1.6403348500143267
leaf_weight=70 5.9999999999999991 44 6.0000000000000027 19 9 12 18 7.9999999999999982 31 86 35 398 211 7.0000000000000027 137 678 57 7.9999999999999991 109 47 21.000000000000004 5.9999999999999991 121 4 9.9999999999999982 3.0000000000000027 17 254 1220 167
leaf_count=70 3 44 3 10 5 6 9 8 16 56 35 394 168 7 137 678 57 8 86 47 11 3 121 4 5 3 17 254 1220 167
internal_value=-0.0120602 3.21829 9.04282 2.66892 13.1486 9.28524 16.5291 -1.19083 3.98937 5.5222 1.88701 1.45437 3.20963 0.496038 -1.28168 -0.93733 1.04694 0.958273 3.11143 1.3862 4.74603 5.90055 -1.28134 -1.89331 2.79778 -1.87078 -1.31328 -1.47167 -1.43328 -1.71041
internal_weight=3819 1021 88 933 45 21 24 2798 347 117 586 433 230 143 2655 944 116 145 153 104 43 27 799 12 16 27 20 1711 1474 237
internal_count=3652 854 45 809 23 11 12 2798 250 72 559 429 178 143 2655 944 116 145 130 104 22 14 799 12 8 27 20 1711 1474 237
is_linear=0
shrinkage=0.05


Tree=24
num_leaves=29
num_cat=0
split_feature=3 3 3 7 7 4 3 4 3 4 4 0 0 0 7 8 7 4 4 4 4 3 4 4 7 4 8 1
split_gain=5.49275e+06 1.42906e+06 522830 375599 312319 656668 236766 188165 175962 247851 118795 114117 112016 85318.9 81499.3 124319 93246.4 75192.1 50806.7 45233.3 14896.6 117743 32369 17381.1 11498.9 9677.43 6888.47 2625.77
threshold=0.55670345602479665 0.83796288046252176 0.73377273116329167 4.5000000000000009 5.5000000000000009 44810.000000000007 0.40859850464113151 36520.000000000007 0.85868205595435165 44810.000000000007 36349.500000000007 32333.400000000005 38639.450000000004 39327.100000000006 5.5000000000000009 2.5000000000000004 2.5000000000000004 36212.500000000007 36384.500000000007 35012.500000000007 35134.500000000007 0.30953621212262683 33030.000000000007 34230.000000000007 3.5000000000000004 46250.000000000007 1.5000000000000002 15451.840000000002
decision_type=2 2 2 2 2 2 2 2 2 2 2 2 2 2 2 2 2 2 2 2 2 2 2 2 2 2 2 2
left_child=6 2 10 -3 13 -6 20 18 9 -5 17 -12 -10 -4 16 -16 -9 -2 19 -8 21 23 -23 -1 25 -22 -26 -20
right_child=1 3 4 8 5 -7 7 14 12 -11 11 -13 -14 -15 15 -17 -18 -19 27 -21 24 22 -24 -25 26 -27 -28 -29
leaf_value=-1.5436968145045369 2.0971305789017096 2.0173198580741882 4.1725128285965676 16.170649337768555 11.53332424277351 3.6862837265615598 2.2396703404764975 -0.34357703581388416 11.012676429748529 3.7245018839836121 -1.9360463664645242 1.8276324718251704 19.023665523529054 2.1087062145101614 -1.3135155491712618 2.4355323672294618 -1.9386675354660743 5.0270561461753038 7.1120877583821613 0.20700161165120654 -1.2552326358698902 1.8746175263379072 -0.42744687153742866 -0.75806004838509999 -1.2963560991072924 -1.803168751976707 -1.657351472456785 5.0201311747233062
leaf_weight=352 41 7.9999999999999991 118 7.9999999999999991 42 73 62 233 6.0000000000000027 7.9999999999999991 21 492 15.999999999999998 87 41 48 151 47 2.9999999999999991 49 956 37 26 88 178 88 513 3
leaf_count=352 39 4 74 4 21 48 62 233 3 4 21 484 8 71 41 48 151 24 3 49 956 37 26 88 178 88 513 3
internal_value=0.0105455 3.26356 2.83399 11.8642 4.4666 6.55216 -1.10178 -0.210748 13.9373 9.94758 1.96471 1.67356 16.8389 3.29665 -0.654843 0.708443 -0.970813 3.66198 1.58461 1.34237 -1.33668 -1.0971 0.924559 -1.38657 -1.40614 -1.30142 -1.56436 6.06611
internal_weight=3795 967 921 46 320 115 2828 590 38 16 601 513 22 205 473 89 384 88 117 111 2238 503 63 440 1735 1044 691 6
internal_count=3633 805 782 23 214 69 2828 590 19 8 568 505 11 145 473 89 384 63 117 111 2238 503 63 440 1735 1044 691 6
is_linear=0
shrinkage=0.05


Tree=25
num_leaves=27
num_cat=0
split_feature=2 2 7 0 2 7 6 2 4 4 1 4 7 7 0 2 0 4 7 0 7 2 4 1 0 7
split_gain=4.3106e+06 983767 395405 345218 272452 236345 171003 160365 140895 118411 87651.7 87477.7 82427.9 120965 74635.1 68609.8 51957.8 48576 31839.8 30320.8 18834.2 18268 168852 16470.8 8795.92 5129.04
threshold=16195.655000000002 6406.5500000000002 5.5000000000000009 32493.700000000004 9223.9800000000014 5.5000000000000009 64.500000000000014 19514.570000000003 39905.000000000007 33822.500000000007 33691.98000000001 37162.000000000007 5.5000000000000009 2.5000000000000004 31228.950000000001 5774.0350000000008 44789.100000000006 42910.000000000007 1.0000000180025095e-35 38367.000000000007 1.5000000000000002 23848.645000000004 32625.000000000004 32649.865000000002 32655.200000000001 1.0000000180025095e-35
decision_type=2 2 2 2 2 2 2 2 2 2 2 2 2 2 2 2 2 2 2 2 2 2 2 2 2 2
left_child=1 2 6 8 5 -5 23 9 18 20 19 -6 13 -11 -14 -12 21 -10 -3 -4 -2 22 -9 -1 -22 -23
right_child=7 3 10 4 11 -7 -8 16 17 12 15 -13 14 -15 -16 -17 -18 -19 -20 -21 24 25 -24 -25 -26 -27
leaf_value=3.5033342497689368 -1.7994179407755535 5.5118004798889162 13.881427510579423 3.1222416902130306 3.5606041256229854 6.8055007615456224 10.784098434448243 1.9730544913898815 -3.6714197920214744 0.047250477159800741 14.52551574707031 1.9757727545965631 -2.3389568964640302 -1.880145529524921 2.060689451256577 6.9641138712565098 4.4621353149414062 0.33625157356262209 0.86872175733248391 18.58343849182129 3.9226977484566827 -1.5505345029452826 -1.2296937397581602 0.18225255012512209 2.0082871630078269 -1.2950549226264432
leaf_weight=7.0000000000000027 2.9999999999999991 3.9999999999999991 6.0000000000000009 132 103 65 7.9999999999999991 44 31 184 6 563 11.999999999999998 146 49 6 3.9999999999999991 9.9999999999999982 48 7.9999999999999991 6.9999999999999991 227 636 7.9999999999999991 42 1460
leaf_count=4 3 4 3 89 75 38 4 44 31 184 3 531 12 146 49 3 4 10 48 4 7 227 636 4 42 1460
internal_value=-0.0645792 2.74631 9.65608 2.39214 2.70405 4.33753 4.88062 -1.06847 -0.502211 -0.195242 13.8805 2.22087 -0.493353 -0.805476 1.19519 10.7448 -1.23162 -2.69394 1.22588 16.5683 2.04632 -1.24124 -1.02246 1.73209 2.28177 -1.32943
internal_weight=3819 1005 49 956 863 197 23 2814 93 443 26 666 391 330 61 12 2371 41 52 14 52 2367 680 15 49 1687
internal_count=3665 851 25 826 733 127 12 2814 93 443 13 606 391 330 61 6 2371 41 52 7 52 2367 680 8 49 1687
is_linear=0
shrinkage=0.05


Tree=26
num_leaves=29
num_cat=0
split_feature=3 3 7 0 0 3 3 3 0 4 3 7 0 4 0 1 4 3 4 4 1 6 5 0 0 8 3 3
split_gain=4.70544e+06 1.05827e+06 707120 509295 595167 348413 324343 172297 172052 145049 128680 94341.2 63219.4 59428.8 58766.6 57987 188891 55248.2 44409.6 33186.7 32968.7 31919.1 25343.6 24208.6 7517.15 7176.64 4840.49 1588.17
threshold=0.58452734979975163 0.79221302592697518 5.5000000000000009 39327.100000000006 37374.000000000007 0.50005353945057474 0.85868205595435165 0.85868205595435165 32612.550000000003 46922.500000000007 0.70466248398230769 5.5000000000000009 31099.250000000004 48944.500000000007 44134.850000000013 11311.780000000001 35012.500000000007 0.60689754887532998 44395.000000000007 42977.500000000007 20992.420000000002 49.500000000000007 12.500000000000002 31685.950000000004 27279.500000000004 4.5000000000000009 0.57811625375186249 0.19018478217751944
decision_type=2 2 2 2 2 2 2 2 2 2 2 2 2 2 2 2 2 2 2 2 2 2 2 2 2 2 2 2
left_child=5 8 7 4 -4 15 -5 18 17 12 13 -12 26 -10 22 24 23 -2 -3 -14 -19 -18 -11 -17 27 -26 -7 -1
right_child=1 2 3 6 -6 9 -8 -9 10 14 11 -13 19 -15 -16 16 21 20 -20 -21 -22 -23 -24 -25 25 -27 -28 -29
leaf_value=-1.4833955285284255 2.811508774757383 0.85817389488220219 3.3033857345581055 2.04632281727261 18.898805588942306 -1.9580040522984099 12.658532842000323 12.441271686553955 2.0550625959705364 -0.9829375372330349 2.7276779081946927 4.6312759618491235 1.8662236274556911 -3.4317726898193359 3.6842897033691409 3.9514637523227267 -0.68259865618041948 -2.5843843199990015 4.1283227917435878 0.65335839175163435 -8.4976547241210945 -1.3950976145153624 -3.115743182255672 1.2070924374262493 -1.250780036775939 -0.88302530387352263 -4.3585233052571608 -1.8881898198808944
leaf_weight=180 4.0000000000000027 11.999999999999998 7.9999999999999991 18 26 6.9999999999999982 12.000000000000002 5.9999999999999991 380 30 190 99 141 4.9999999999999991 4.9999999999999991 8.9999999999999982 329 10.999999999999998 77 94 2.9999999999999991 301 26 75 1559 145 3 28
leaf_count=180 4 7 4 11 13 7 6 3 362 30 157 61 136 5 5 9 329 11 45 94 3 301 26 75 1559 145 3 28
internal_value=0.0255379 3.29871 6.9771 11.0396 15.2293 -0.924486 6.29121 4.24028 2.45353 0.672208 2.58237 3.37978 1.21539 1.9838 -1.50944 -1.11054 -0.726056 -2.37084 3.6874 1.38108 -3.85151 -1.02301 -1.97317 1.50113 -1.25412 -1.21949 -2.67816 -1.53789
internal_weight=3783 851 159 64 34 2932 30 95 692 306 674 289 245 385 61 2626 714 18 89 235 14 630 56 84 1912 1704 10 208
internal_count=3619 692 89 34 17 2927 17 55 603 301 585 218 240 367 61 2626 714 18 52 230 14 630 56 84 1912 1704 10 208
is_linear=0
shrinkage=0.05


Tree=27
num_leaves=31
num_cat=0
split_feature=1 2 7 2 2 0 2 0 4 0 4 4 4 2 7 7 4 0 0 0 4 4 0 8 1 6 1 8 4 5
split_gain=3.9802e+06 870793 403693 268427 221971 216050 278631 180840 179086 498658 157993 146936 150930 103713 97081.1 88070.6 84003.5 73466 247817 49824.6 39834.8 38040.7 32492.4 19510.9 59811.7 19365.6 11576.2 51559.8 15120 10376.5
threshold=21131.605000000007 7008.9350000000004 5.5000000000000009 19089.040000000005 8751.7550000000028 42031.200000000004 5774.0350000000008 38367.000000000007 44810.000000000007 37924.650000000001 37487.500000000007 42342.500000000007 42977.500000000007 15838.720000000001 1.5000000000000002 3.5000000000000004 45602.500000000007 38066.750000000007 41556.200000000004 44789.100000000006 36520.000000000007 36212.500000000007 43100.000000000007 4.5000000000000009 10398.58 63.500000000000007 18111.730000000003 1.5000000000000002 46250.000000000007 14.500000000000002
decision_type=2 2 2 2 2 2 2 2 2 2 2 2 2 2 2 2 2 2 2 2 2 2 2 2 2 2 2 2 2 2
left_child=3 2 17 10 8 7 -7 -4 9 -3 14 15 -13 19 20 -12 -15 25 -19 -6 -1 -16 -10 26 -25 -2 28 -28 -5 -26
right_child=1 4 5 23 13 6 -8 -9 22 -11 11 12 -14 16 21 -17 -18 18 -20 -21 -22 -23 -24 24 29 -27 27 -29 -30 -31
leaf_value=1.4468964004516591 4.0754981040954581 3.1702392320883903 8.0396833419799769 -1.1432070563080896 2.1713411497218269 14.625820922851563 0.37209396511316301 17.155966298720415 2.1362063327583214 13.272936831580267 -0.58917611231879585 2.1946799886399422 -0.68724907502195887 2.3425934644845818 1.0495285416593647 -3.2658301893870041 -0.63817513108253487 13.590244388580317 1.7836025047302249 4.1433501496034513 -3.8650092919667567 2.5860931218560061 4.617150542315315 -1.0171310649812222 1.8212735395431516 1.4183592478434246 -1.0524791942943226 3.2435744285583499 -1.5405986236225475 -1.2907519658406577
leaf_weight=5.0000000000000027 16.000000000000004 38 8.0000000000000018 1847 553 5.9999999999999991 7.9999999999999991 17 59 18 63 69 133 39 101 60 60 8.0000000000000018 9.9999999999999982 34 11.999999999999998 67 17 160 25.000000000000004 11.999999999999998 55 7.9999999999999991 275 2.9999999999999991
leaf_count=5 8 23 4 1847 505 3 4 9 44 10 63 69 133 37 101 60 60 4 5 20 12 61 9 160 25 6 55 8 275 3
internal_value=-0.00185119 2.8949 7.71161 -0.909158 2.39438 11.4539 6.48083 14.2388 4.27204 6.41753 0.131541 -0.532428 0.297172 2.03308 1.29797 -1.89486 0.536067 4.53883 7.031 2.28556 -2.30268 1.66233 2.69115 -1.13282 -0.64405 2.93672 -1.17488 -0.506949 -1.19471 1.48784
internal_weight=3786 903 85 2883 818 39 14 25 132 56 510 325 202 686 185 123 99 46 18 587 17 168 76 2373 188 28 2185 63 2122 28
internal_count=3628 751 43 2877 708 20 7 13 86 33 504 325 202 622 179 123 97 23 9 525 17 162 53 2373 188 14 2185 63 2122 28
is_linear=0
shrinkage=0.05


Tree=28
num_leaves=30
num_cat=0
split_feature=3 3 7 0 0 3 3 0 2 4 7 3 2 0 4 2 3 4 5 6 5 4 2 3 7 5 2 3 4
split_gain=3.53602e+06 617272 297240 268211 450573 377317 240799 141908 117965 106551 91153.2 79111.1 74442.1 63514.5 127309 53242.9 49704 161153 42835.6 78523 31446.6 31194.4 28101.8 25296.9 21636.4 18384.8 9798.44 7094.99 5782.38
threshold=0.58107906131583553 0.79221302592697518 5.5000000000000009 39327.100000000006 37924.650000000001 0.85868205595435165 0.50005353945057474 32612.550000000003 12107.440000000002 46050.000000000007 4.5000000000000009 0.85868205595435165 16590.240000000002 36833.700000000004 42977.500000000007 12360.900000000001 0.35275930862807908 35134.500000000007 13.500000000000002 42.500000000000007 13.500000000000002 45602.500000000007 18412.390000000003 0.57136131515280142 2.5000000000000004 14.500000000000002 20430.490000000002 0.28145247767445802 33822.500000000007
decision_type=2 2 2 2 2 2 2 2 2 2 2 2 2 2 2 2 2 2 2 2 2 2 2 2 2 2 2 2 2
left_child=6 7 11 4 -4 -5 16 15 10 13 -9 20 -10 14 -8 25 26 24 19 -11 -3 -19 -15 -20 -18 -2 28 -28 -1
right_child=1 2 3 5 -6 -7 9 8 12 18 -12 -13 -14 22 -16 -17 17 21 23 -21 -22 -23 -24 -25 -26 -27 27 -29 -30
leaf_value=-4.0030024210611979 -7.6356884002685561 4.3287681568752641 6.7075957162039606 1.7714963636320569 20.603738098144532 12.182578495570592 1.1966861586610811 2.2561161796603582 1.7149102086883325 -1.4487725223264387 3.8589802802017292 8.6187530636787422 -2.8949696434868706 2.8325331046364526 -2.4978260040283207 1.3260397100448609 0.19036967849731445 -0.66865792704611715 -1.7659993073035931 3.0628192901611331 2.378756421651596 -1.4605851116076194 0.50659903358010683 -5.3326672554016117 1.9454872478873044 -3.0878462338447568 -1.14774888767685 -0.87247666727492224 -1.722856246797662
leaf_weight=2.9999999999999991 3.9999999999999982 44 14.000000000000002 23 9.9999999999999982 13.999999999999998 119 226 325 31 146 7.9999999999999991 8.9999999999999982 55 29 4.9999999999999991 25 388 29 13.999999999999998 39 183 17 5.9999999999999991 59 5 1642 273 38
leaf_count=3 4 25 7 15 5 7 118 196 312 31 100 4 9 51 29 5 25 388 29 14 23 183 17 6 59 5 1642 273 38
internal_value=-0.00784 2.78517 5.68047 8.38105 12.4977 5.71082 -0.844494 2.17393 2.27278 0.497092 2.8852 3.87019 1.59069 1.06532 0.472761 -2.81084 -0.998641 -0.621654 -1.06553 -0.0451662 3.4125 -0.922463 2.28335 -2.37743 1.42313 -5.10911 -1.12488 -1.10851 -1.8897
internal_weight=3783 872 152 61 24 37 2911 720 706 300 372 91 334 220 148 14 2611 655 80 45 83 571 72 35 84 9 1956 1915 41
internal_count=3623 717 86 34 12 22 2906 631 617 295 296 52 321 215 147 14 2611 655 80 45 48 571 68 35 84 9 1956 1915 41
is_linear=0
shrinkage=0.05


Tree=29
num_leaves=31
num_cat=0
split_feature=3 2 3 7 0 0 2 8 6 6 8 0 6 7 6 0 7 0 8 1 4 0 4 6 7 4 4 4 0 8
split_gain=3.43492e+06 647308 521327 481080 353901 489979 300197 137548 90945.2 162642 69026.5 156138 59567.6 61959.8 141151 89135.3 57729.9 45424.8 115496 42079.9 128631 40610 73784.6 38723.5 36424.1 30896.9 15393.7 8253.62 8045.84 7827.59
threshold=0.62742230423455536 8049.3500000000013 0.50533931477710625 5.5000000000000009 39327.100000000006 37374.000000000007 5774.0350000000008 2.5000000000000004 40.500000000000007 57.500000000000007 2.5000000000000004 38247.750000000007 37.500000000000007 4.5000000000000009 50.500000000000007 33720.500000000007 2.5000000000000004 35025.600000000006 2.5000000000000004 12266.150000000001 35012.500000000007 32375.150000000005 40910.000000000007 35.500000000000007 5.5000000000000009 36520.000000000007 31965.000000000004 43362.500000000007 27757.850000000002 4.5000000000000009
decision_type=2 2 2 2 2 2 2 2 2 2 2 2 2 2 2 2 2 2 2 2 2 2 2 2 2 2 2 2 2 2
left_child=2 3 19 10 5 -5 -6 8 16 -10 23 -12 17 15 -15 -14 -4 18 -3 28 26 22 -9 -2 -22 -23 -21 -19 -1 -30
right_child=1 12 7 4 6 -7 -8 21 9 -11 11 -13 13 14 -16 -17 -18 27 -20 20 24 25 -24 -25 -26 -27 -28 -29 29 -31
leaf_value=-1.3251860973509877 -1.5152880350748699 -8.4625984191894545 -0.15915499851107598 2.5225887298583984 13.115163421630854 16.81097755432129 1.252723665907979 1.0130968657987458 2.2932627705560216 -1.1274729133623518 3.5729390468862321 9.7939324012169475 4.9762391108053698 5.1316662468229026 2.0294157328350204 1.9568044320557469 -3.1180387532009801 0.92264860820770256 2.1879111426217217 3.0808845361073813 -1.0156640513411865 2.555498622144972 -5.096851857503256 2.9110275643212455 0.1932204352484809 1.3700239397444816 1.1075006576521058 1.9771374003754723 -1.0607014518575963 -0.67996432083804592
leaf_weight=264 5.9999999999999991 3.9999999999999982 32 7.9999999999999991 8.0000000000000018 24 15.999999999999998 28 69 70 45 12.999999999999998 27 70 77 258 34 25 7 11.999999999999998 463 84 5.9999999999999991 28 72 159 56 72 1653 147
leaf_count=264 5 4 32 4 4 12 10 28 69 70 25 7 18 47 56 239 34 23 7 12 463 66 6 15 72 159 56 65 1653 147
internal_value=0.0126932 3.21324 -0.686569 6.14277 9.79659 13.2389 5.20687 0.826737 -0.155094 0.57059 3.9187 4.9673 2.41033 2.67291 3.50668 2.24286 -1.68343 1.36005 -1.685 -0.960065 -0.59262 1.55336 -0.0651294 2.12991 -0.852973 1.77982 1.45574 1.70536 -1.06741 -1.02961
internal_weight=3837 688 3149 148 56 32 24 482 205 139 92 58 540 432 147 285 66 108 11 2667 603 277 34 34 535 243 68 97 2064 1800
internal_count=3672 541 3131 82 30 16 14 464 205 139 52 32 459 360 103 257 66 99 11 2667 603 259 34 20 535 225 68 88 2064 1800
is_linear=0
shrinkage=0.05


Tree=30
num_leaves=31
num_cat=0
split_feature=3 3 7 0 0 3 3 4 4 4 4 4 0 4 1 7 6 8 0 0 1 4 7 4 1 3 4 1 0 7
split_gain=2.90223e+06 711118 404477 334247 408029 303146 264656 95541.1 92416.9 154676 570553 155829 90258.3 80317.1 79366.9 62439 100038 36332.3 158666 33371.6 29479.8 126408 26979.9 24033.5 22953.1 21632.4 21548.9 9611.01 6472.74 4941.57
threshold=0.58452734979975163 0.79221302592697518 5.5000000000000009 39327.100000000006 37374.000000000007 0.85868205595435165 0.47922960117895269 46922.500000000007 36384.500000000007 43362.500000000007 43067.500000000007 44810.000000000007 31685.950000000004 36212.500000000007 23702.740000000005 2.5000000000000004 47.500000000000007 2.5000000000000004 38247.750000000007 43614.950000000004 11311.780000000001 34732.500000000007 2.5000000000000004 35987.500000000007 21131.605000000007 0.56513909164757492 45602.500000000007 24440.475000000002 27279.500000000004 3.5000000000000004
decision_type=2 2 2 2 2 2 2 2 2 2 2 2 2 2 2 2 2 2 2 2 2 2 2 2 2 2 2 2 2 2
left_child=6 8 17 4 -4 -5 20 12 13 10 -10 -11 23 27 -15 16 -9 19 -19 -3 28 22 -22 -8 -14 -17 -23 -2 -1 -30
right_child=1 2 3 5 -6 -7 7 15 9 11 -12 -13 24 14 -16 25 -18 18 -20 -21 21 26 -24 -25 -26 -27 -28 -29 29 -31
leaf_value=-1.2831313196672214 1.0507566175290517 1.6483407103973962 2.396459197998047 1.8291392674048741 15.435332234700523 11.087154497419085 2.5397509892781547 2.3028978526592256 1.2433520081264158 3.7595410043543036 -9.3329945223672066 1.6042745370196216 0.90592118830784507 3.8783911755210476 9.3577753067016598 -2.0671118528946582 -2.3116843679676888 2.5209881024975935 9.2923295656840015 4.6929915746053066 0.12519907156626384 -0.65059723469728992 2.2360108032459167 -2.1691548347473146 2.0347177041428433 -5.0856355905532844 -1.3091918075338325 2.5634812582106821 -0.91729623727031306 -1.0903481922689902
leaf_weight=218 21 36 7.9999999999999991 24 24 13.999999999999998 3.0000000000000027 24 143 110 13.999999999999998 353 230 38 7.9999999999999991 23.000000000000004 23 31 11.999999999999998 11.999999999999998 24 366 41 28 56 7.9999999999999991 188 21 937 737
leaf_count=218 21 23 4 15 12 7 3 24 139 90 14 319 230 19 4 23 23 17 6 6 24 366 41 28 51 8 188 15 937 737
internal_value=0.0185085 2.55373 5.55313 8.41056 12.1756 5.23999 -0.739615 0.463446 1.87166 1.65644 0.300238 2.11632 0.849177 3.38796 4.83133 -1.1042 0.044698 3.35511 4.41066 2.4095 -0.928865 -0.629346 1.45663 -1.71345 1.12694 -2.84609 -0.874091 1.80712 -1.02686 -0.993485
internal_weight=3775 869 161 70 32 38 2906 395 708 620 157 463 317 88 46 78 47 91 43 48 2511 619 65 31 286 31 554 42 1892 1674
internal_count=3612 711 90 38 16 22 2901 390 621 562 153 409 312 59 23 78 47 52 23 29 2511 619 65 31 281 31 554 36 1892 1674
is_linear=0
shrinkage=0.05


Tree=31
num_leaves=30
num_cat=0
split_feature=3 2 7 0 0 3 3 8 7 0 7 5 8 5 8 8 0 5 6 1 8 6 8 1 7 7 7 2 6
split_gain=2.62727e+06 598870 322795 198109 349997 128903 123546 99906.9 97360.1 104035 62346.4 67332.9 59248.9 55783.6 52732 50629.2 126156 39174.7 31132.2 26105.1 22434 19967.2 9229.6 29151.7 7064.5 5446.74 10422.5 8090.56 1687.95
threshold=0.5537475572941698 8049.3500000000013 5.5000000000000009 37427.900000000001 39327.100000000006 0.67199374422056513 0.38837557498293923 2.5000000000000004 5.5000000000000009 36674.700000000004 4.5000000000000009 12.500000000000002 3.5000000000000004 9.5000000000000018 3.5000000000000004 2.5000000000000004 38247.750000000007 8.5000000000000018 45.500000000000007 22891.385000000006 4.5000000000000009 49.500000000000007 4.5000000000000009 10513.415000000005 1.5000000000000002 3.5000000000000004 2.5000000000000004 20430.490000000002 53.500000000000007
decision_type=2 2 2 2 2 2 2 2 2 2 2 2 2 2 2 2 2 2 2 2 2 2 2 2 2 2 2 2 2
left_child=6 2 15 -4 -5 12 22 19 9 -9 14 -12 13 -3 -7 17 -17 -2 -10 21 -14 -8 25 24 -24 26 -1 -27 -25
right_child=1 5 3 4 -6 10 7 8 18 -11 11 -13 20 -15 -16 16 -18 -19 -20 -21 -22 -23 23 28 -26 27 -28 -29 -30
leaf_value=-1.0098968860705184 -0.97464823722839355 -0.31027642579182335 0.841553282737732 14.392001800537111 5.7317885032721927 1.5035541891695212 -0.49332161594839657 -0.29529899365873452 3.4307442562920709 3.0272798739946807 3.9074763500329222 1.7847752559185031 2.1983755786540145 1.1609496751496959 3.3412759065628053 3.0710865220297938 8.8277131398518875 2.8173980201993669 1.2077704032262169 3.828399912516276 -0.16254398172551937 -1.298097444087901 -1.3178560210310897 1.8709435419602827 -0.57995572501962833 -1.7172403660226376 -0.67077883807095617 -1.0426473929858733 0.53293981552124026
leaf_weight=782 8.9999999999999982 92 7.9999999999999991 20 28 209 170 251 28 26 99 60 118 215 48 46 11.999999999999998 28 36 2.9999999999999991 10.999999999999998 141 46 10.999999999999998 110 47 319 818 2.9999999999999991
leaf_count=782 7 92 4 10 16 194 170 251 28 26 70 42 99 215 33 26 6 15 36 3 11 141 46 11 110 47 319 818 3
internal_value=0.018128 2.21297 5.1151 8.12612 9.34021 1.69863 -0.770631 -0.169895 0.422668 0.0165676 2.32825 3.10646 1.09789 0.720061 1.84679 3.34019 4.26211 1.89501 2.18032 -0.813412 1.99706 -0.858188 -0.954846 -0.601396 -0.797542 -0.985409 -0.911642 -1.0793 1.58423
internal_weight=3794 1003 151 56 48 852 2791 655 341 277 416 159 436 307 257 95 58 37 64 314 129 311 2136 170 156 1966 1101 865 14
internal_count=3631 840 84 30 26 756 2791 655 341 277 339 112 417 307 227 54 32 22 64 314 110 311 2136 170 156 1966 1101 865 14
is_linear=0
shrinkage=0.05


Tree=32
num_leaves=31
num_cat=0
split_feature=3 2 3 7 0 0 3 3 4 6 4 4 4 6 6 1 2 6 4 6 0 3 4 7 6 3 2 4 1 4
split_gain=2.43286e+06 447113 361499 344883 200439 451948 141421 119131 112279 91099.1 70480 68526.2 233961 54202.1 51226.1 53765.4 73211.4 48934.3 44614.3 51180.1 49378.1 25520.6 52235 39641.6 22799.2 20906.2 19828 8458.72 46506.3 8366.85
threshold=0.62742230423455536 8049.3500000000013 0.47640658281320186 5.5000000000000009 39327.100000000006 37374.000000000007 0.85868205595435165 0.85868205595435165 44860.000000000007 56.500000000000007 37162.000000000007 43362.500000000007 43067.500000000007 40.500000000000007 38.500000000000007 23237.485000000004 11690.425000000001 35.500000000000007 37162.000000000007 52.500000000000007 33763.80000000001 0.40859850464113151 35865.000000000007 5.5000000000000009 38.500000000000007 0.77395125851106383 16195.655000000002 36337.500000000007 9281.4350000000013 37010.000000000007
decision_type=2 2 2 2 2 2 2 2 2 2 2 2 2 2 2 2 2 2 2 2 2 2 2 2 2 2 2 2 2 2
left_child=2 3 21 6 5 -5 10 -6 11 13 -2 12 -4 -10 15 16 -3 -13 20 -20 -16 27 24 -24 -23 -17 -11 28 -1 -29
right_child=1 14 8 4 7 -7 -8 -9 9 26 -12 17 -14 -15 18 25 -18 -19 19 -21 -22 22 23 -25 -26 -27 -28 29 -30 -31
leaf_value=-0.91467389932031162 11.993701934814453 -7.5366298675537111 1.0125703715557446 1.620798397064209 2.0438002429902555 14.272472699483238 10.636566996574402 9.000586776733396 -1.0590307195981346 -2.9197830595352032 2.5026676227872291 -3.8638019561767578 -5.190177863836289 1.1639344855199887 5.8301728142632383 1.7777689289934231 0.74803599119186404 2.6555251323001485 2.7939094954915347 1.5873254808707116 2.1266415596008303 -0.80860196026888775 -0.97033069732741195 0.73418422094205527 1.8101834955460885 0.084021859006448235 -1.2128764878148619 -1.282228336653896 0.23057840078779798 -0.9185394114087897
leaf_weight=636 1.9999999999999989 3.9999999999999991 305 9.9999999999999982 15.999999999999998 24 5.9999999999999991 10.000000000000002 42 27 89 2.9999999999999991 15.999999999999998 79 18 106 7.9999999999999991 71 160 195 18 10.999999999999998 203 41 34 22 46 179 103 1357
leaf_count=636 1 4 291 5 10 12 3 5 42 27 52 3 16 79 9 95 8 71 132 170 15 11 203 41 34 19 46 179 103 1357
internal_value=0.00658887 2.70044 -0.581223 5.04457 8.02423 10.5514 3.20149 4.71949 0.535801 -0.449252 2.71126 1.0196 0.703399 0.392327 2.00736 1.18664 -2.01352 2.39123 2.30122 2.13114 3.97841 -0.837825 -0.395239 -0.683916 1.17004 1.48666 -1.8442 -0.894048 -0.755051 -0.960922
internal_weight=3841 688 3153 157 60 34 97 26 589 194 91 395 321 121 531 140 12 74 391 355 36 2564 289 244 45 128 73 2275 739 1536
internal_count=3679 540 3139 88 32 17 56 15 575 194 53 381 307 121 452 126 12 74 326 302 24 2564 289 244 45 114 73 2275 739 1536
is_linear=0
shrinkage=0.05


Tree=33
num_leaves=30
num_cat=0
split_feature=3 2 3 7 4 3 5 8 6 5 2 5 4 5 4 4 4 2 3 4 6 1 7 4 3 7 7 3 2
split_gain=2.12311e+06 571899 318609 161746 117806 90311.4 115301 103565 70255.7 67090.5 84037.5 181766 60478.6 59722.4 47472.7 41074.8 38135.2 43747.2 31371.8 78565.6 32789.9 30161.3 26803.1 25643.1 17977.5 15460.3 8424.82 13255.2 7279.94
threshold=0.62742230423455536 6406.5500000000002 0.46862078734062379 4.5000000000000009 36520.000000000007 0.85868205595435165 15.500000000000002 2.5000000000000004 57.500000000000007 8.5000000000000018 8260.1500000000015 12.500000000000002 36212.500000000007 9.5000000000000018 44860.000000000007 37162.000000000007 43362.500000000007 8049.3500000000013 0.38837557498293923 35134.500000000007 37.500000000000007 15832.750000000002 3.5000000000000004 44860.000000000007 0.48705012105360151 1.5000000000000002 3.5000000000000004 0.30643609481286271 20430.490000000002
decision_type=2 2 2 2 2 2 2 2 2 2 2 2 2 2 2 2 2 2 2 2 2 2 2 2 2 2 2 2 2
left_child=2 3 18 22 12 7 -7 -5 13 16 11 -11 21 -6 -10 -12 17 -3 26 25 -21 -4 -2 -18 -14 -20 27 -1 -28
right_child=1 9 4 5 8 6 -8 -9 14 10 15 -13 24 -15 -16 -17 23 -19 19 20 -22 -23 -24 -25 -26 -27 28 -29 -30
leaf_value=-0.85342175279284549 4.1435422897338876 -4.4578190167744927 -1.8544041527642143 0.72357657750447557 -0.2288304301132833 8.3101922988891612 15.661887931823726 8.426439118385316 0.025358745280434105 6.5224239117758618 3.6049902680757882 2.0531596914621502 -0.71297009785970056 1.1634625890867307 -1.644767649288047 1.8638973837704436 3.6226720253626503 0.31554569751024247 -1.9474907557169598 -1.9636964425808046 -0.44424859118911453 1.2565761573869607 -0.81321741104125955 1.0018561387789393 3.2636590418992224 1.7595960140228273 -1.5776403406833082 -0.43275171559432463 -0.93959675499006257
leaf_weight=971 5.9999999999999982 6.0000000000000027 8.9999999999999982 6.0000000000000027 133 15.999999999999998 8.0000000000000018 15.999999999999998 102 35 37 65 2.9999999999999991 183 73 401 11.999999999999998 24 2.9999999999999991 41 265 58 5 42 54 45 47 232 916
leaf_count=971 3 5 9 3 133 8 4 8 102 19 26 41 3 183 73 347 10 22 3 41 265 58 3 39 36 45 47 232 916
internal_value=0.00882046 2.54365 -0.540192 7.33715 0.480143 8.63962 10.7608 6.32566 0.132378 2.10438 2.30957 3.6174 1.85718 0.577466 -0.671323 2.01098 0.790193 -0.639127 -0.789202 -0.352819 -0.647835 0.838683 1.89047 1.58426 3.05436 1.5279 -0.860522 -0.772295 -0.970737
internal_weight=3814 679 3135 57 615 46 24 22 491 622 538 100 124 316 175 438 84 30 2520 354 306 67 11 54 57 48 2166 1203 963
internal_count=3655 538 3117 29 597 23 12 11 491 509 433 60 106 316 175 373 76 27 2520 354 306 67 6 49 39 48 2166 1203 963
is_linear=0
shrinkage=0.05


Tree=34
num_leaves=27
num_cat=0
split_feature=1 2 1 3 4 4 3 4 1 4 4 4 1 4 4 2 7 1 7 1 2 2 5 5 2 3
split_gain=1.95274e+06 303565 194844 185613 175064 451051 113333 76391.2 76548.6 39195 38827.8 34151.7 29935.9 99186.2 32807.5 28561.7 25558.8 22364.1 21023.7 9218.75 5116.6 5334.21 2631.32 2206.07 1521.12 104.128
threshold=20622.510000000006 5774.0350000000008 33111.460000000006 0.72860970471850839 44810.000000000007 44735.000000000007 0.50533931477710625 45602.500000000007 26056.475000000002 46922.500000000007 48480.000000000007 43362.500000000007 11311.780000000001 34732.500000000007 45602.500000000007 12582.675000000001 2.5000000000000004 17543.215000000007 5.5000000000000009 32230.775000000005 18932.805000000004 19011.570000000003 10.500000000000002 8.5000000000000018 18167.520000000004 0.40084224788611522
decision_type=2 2 2 2 2 2 2 2 2 2 2 2 2 2 2 2 2 2 2 2 2 2 2 2 2 2
left_child=6 2 19 7 5 -5 12 11 -9 15 -6 -3 20 16 -15 18 -14 -17 -8 -2 25 -22 -11 -4 -24 -1
right_child=1 3 23 4 10 -7 9 8 -10 22 -12 -13 13 14 -16 17 -18 -19 -20 -21 21 -23 24 -25 -26 -27
leaf_value=-1.5485912824931896 1.2465396245320637 1.3298357069784521 12.039641571044918 1.8947023427486422 2.2053864280446152 8.0255722443262751 -0.26822230550977916 -0.27610307534535727 1.5925117420167039 -2.9307746124267577 0.56179874101653693 2.3692494130411812 0.13496052583058676 -0.40044368742792696 -1.1483148119471094 -0.2143891035420139 2.0190614409579175 1.1092163909640578 -4.6247952461242674 4.0182338714599606 0.99910254478454597 -0.82873810681047544 -1.9296691349574502 10.771338748931885 -0.58398602803548161 -1.8655684789021809
leaf_weight=19.000000000000004 6 204 6.0000000000000009 80 196 48 8.9999999999999982 126 97 4.9999999999999991 44 129 30 432 222 41 45 144 3.9999999999999991 6 3.9999999999999991 1873 6.9999999999999982 7.9999999999999991 3 2.9999999999999991
leaf_count=19 3 180 3 53 136 24 9 126 97 5 35 124 30 432 222 41 45 140 4 3 4 1873 7 4 3 3
internal_value=0.0169426 1.97935 7.30758 1.82942 2.70049 4.19378 -0.639265 1.25289 0.536702 0.470002 1.90406 1.73249 -0.729171 -0.456805 -0.654308 0.656687 1.26542 0.815877 -1.60871 2.63239 -0.833728 -0.824843 -1.99423 11.3149 -1.52596 -1.59182
internal_weight=3791 950 26 924 368 128 2841 556 223 213 240 333 2628 729 654 198 75 185 13 12 1899 1877 15 14 10 22
internal_count=3625 788 13 775 248 77 2837 527 223 209 171 304 2628 729 654 194 75 181 13 6 1899 1877 15 7 10 22
is_linear=0
shrinkage=0.05


Tree=35
num_leaves=31
num_cat=0
split_feature=1 3 7 0 0 3 4 4 6 1 3 1 0 0 0 0 4 0 6 7 3 4 6 7 4 3 1 1 4 7
split_gain=1.88658e+06 400339 273543 255821 305106 237918 114314 220640 475813 108753 91820.8 83967.3 50729.5 49550.5 157971 66184.7 40922.1 38521.2 36008.9 22305.7 22089.6 55534.6 35133.4 12915.3 11318.5 51858.4 9771.23 9371.05 5952.4 90.8276
threshold=20992.420000000002 0.79221302592697518 5.5000000000000009 39327.100000000006 37924.650000000001 0.85868205595435165 44810.000000000007 44735.000000000007 50.500000000000007 25684.710000000003 0.50533931477710625 30745.740000000002 30453.600000000002 39327.100000000006 38247.750000000007 43614.950000000004 46922.500000000007 41751.900000000001 57.500000000000007 1.5000000000000002 0.39153302415119845 34732.500000000007 37.500000000000007 2.5000000000000004 36337.500000000007 0.28735508504126089 20622.510000000006 16374.800000000001 42595.000000000007 1.5000000000000002
decision_type=2 2 2 2 2 2 2 2 2 2 2 2 2 2 2 2 2 2 2 2 2 2 2 2 2 2 2 2 2 2
left_child=10 6 13 4 -4 -5 7 11 -9 18 20 -2 27 14 -3 -15 19 -11 -8 -14 24 23 -23 -22 25 -1 -18 -12 -26 -29
right_child=1 2 3 5 -6 -7 9 8 -10 17 12 -13 16 15 -16 -17 26 -19 -20 -21 21 22 -24 -25 28 -27 -28 29 -30 -31
leaf_value=-0.77722456356728398 1.8767185907988322 1.8870286490466144 4.3723172505696608 1.1525701424727837 14.919184398651124 9.7751845041910812 0.48601728603243832 13.976235834757484 1.1227187474568685 0.98979814778247932 -1.1982289505004886 -5.410551977157593 1.6848727665164256 -0.43611338610450434 8.2942708528958828 3.8897330965314598 -2.3248755391438798 2.2074648709378693 -1.1502545804299158 0.41945398615528195 0.085949200391769412 -1.6415859310443583 -0.38064908463021985 1.8351127388015873 -0.91637832200096525 0.45161432886123659 0.45641203075647357 -3.8763890266418453 -0.69992739632885259 -4.2403353373209631
leaf_weight=607 336 37 12.000000000000002 24 15.999999999999998 11.999999999999998 80 12.000000000000002 18 146 4.9999999999999982 3.9999999999999991 44 24 12.999999999999998 13.999999999999998 15.000000000000002 117 58 167 15.999999999999998 65 368 31 993 100 3.9999999999999991 4 467 3
leaf_count=607 292 20 6 15 8 6 80 6 9 141 5 4 44 18 7 7 15 92 58 162 16 65 368 31 993 100 4 4 467 3
internal_value=0.0143073 1.98221 4.32746 6.81467 10.3991 4.02677 1.51986 2.15367 6.26413 0.935039 -0.614415 1.79099 0.317843 2.51858 3.55291 1.15762 0.483199 1.5315 -0.201691 0.683333 -0.699646 -0.392746 -0.569935 1.23965 -0.767625 -0.603414 -1.73934 -2.85148 -0.847144 -4.03237
internal_weight=3812 923 152 64 28 36 771 370 30 401 2889 340 242 88 50 38 230 263 138 211 2647 480 433 47 2167 707 19 12 1460 7
internal_count=3653 769 87 35 14 21 682 311 15 371 2884 296 237 52 27 25 225 233 138 206 2647 480 433 47 2167 707 19 12 1460 7
is_linear=0
shrinkage=0.05


Tree=36
num_leaves=31
num_cat=0
split_feature=3 3 7 3 0 0 2 0 4 5 6 0 4 4 4 7 0 0 7 2 8 3 3 7 3 4 6 4 2 3
split_gain=1.63368e+06 318480 251611 222581 193476 228269 139959 103238 97519.2 55403 63117.7 51896.8 49242.6 47971 35974.4 35816.6 129123 31812.6 31588.4 31493.6 15329.1 38667.5 14015.4 11963.6 13078.5 10823.9 10774.1 6310.29 6172.7 5503.93
threshold=0.62742230423455536 0.79221302592697518 5.5000000000000009 0.46862078734062379 41417.100000000013 37374.000000000007 5774.0350000000008 32612.550000000003 36520.000000000007 8.5000000000000018 57.500000000000007 33260.150000000001 36212.500000000007 43362.500000000007 35012.500000000007 4.5000000000000009 38066.750000000007 43614.950000000004 1.0000000180025095e-35 8939.9050000000007 4.5000000000000009 0.32254448642397132 0.48705012105360151 3.5000000000000004 0.35275930862807908 37487.500000000007 61.500000000000007 34230.000000000007 10765.760000000002 0.64740246642517363
decision_type=2 2 2 2 2 2 2 2 2 2 2 2 2 2 2 2 2 2 2 2 2 2 2 2 2 2 2 2 2 2
left_child=3 7 15 20 5 -4 -6 19 12 18 -11 28 14 -13 -5 17 -17 -3 -10 -2 23 27 -14 24 -1 -25 -23 -22 -9 -21
right_child=1 2 4 8 6 -7 -8 11 9 10 -12 13 22 -15 -16 16 -18 -19 -20 29 21 26 -24 25 -26 -27 -28 -29 -30 -31
leaf_value=-0.71918820958011431 -7.8885711669921905 0.9259293085336685 1.4309661865234375 1.9206351478066708 9.0815548896789515 10.971010724943261 1.3098726386115667 5.9107535044352213 2.7381924390792847 0.69237004915873213 -0.54465932413669571 0.72798761821399305 -0.59623578389485676 1.8762121099762863 -0.23332713150552342 2.4245332984363333 10.380378087361654 3.6952464784894676 -1.8903064007454731 -3.1286273638407383 -0.90439930046305939 1.5910604794820151 2.9203658902177625 -0.64304963571485141 -0.32986325712969705 -0.98701703633519766 -0.72994240919748954 -0.27290731732909745 3.7892152309417728 -0.099894638856252008
leaf_weight=1014 2.9999999999999982 40 7.9999999999999991 36 8.0000000000000018 29 21 5.9999999999999991 3.9999999999999991 267 168 118 2.9999999999999991 397 42 34 5.9999999999999991 13.999999999999998 47 3 85 30 51 352 274 653 5.9999999999999991 74 7.9999999999999991 3
leaf_count=1014 3 27 4 36 4 16 11 3 4 267 168 104 3 341 42 17 3 7 47 3 85 30 34 352 274 653 6 74 4 3
internal_value=0.00109599 2.18688 4.14534 -0.490106 6.51162 8.9083 3.45378 1.60443 0.359161 0.031828 0.214621 1.69478 1.56434 1.61312 0.760809 2.4839 3.61791 1.6439 -1.52729 -3.7057 -0.701058 -0.275471 2.725 -0.73725 -0.636366 -0.866543 1.20423 -0.610497 4.69845 -1.61426
internal_weight=3804 698 160 3106 66 37 29 538 618 486 435 529 132 515 78 94 40 54 51 9 2488 195 54 2293 1288 1005 36 159 14 6
internal_count=3639 550 89 3089 35 20 15 461 601 486 435 452 115 445 78 54 20 34 51 9 2488 195 37 2293 1288 1005 36 159 7 6
is_linear=0
shrinkage=0.05


Tree=37
num_leaves=31
num_cat=0
split_feature=3 2 7 0 0 3 6 4 0 0 0 0 4 4 4 1 0 7 6 4 0 6 4 3 0 6 4 4 1 2
split_gain=1.41329e+06 242565 228461 237818 267980 180068 155152 79994.6 66478.1 131079 61180.6 57168.8 44703.6 574598 161642 361122 67420.6 55460 42018 40336.5 39447.1 29863.3 18295.6 100290 23294.5 14192 14639.1 12311 7414.03 3768.81
threshold=0.61882093291422946 8049.3500000000013 5.5000000000000009 39738.700000000004 37924.650000000001 0.47640658281320186 64.500000000000014 45602.500000000007 38807.350000000006 38247.750000000007 31879.250000000004 31797.250000000004 43362.500000000007 43067.500000000007 44810.000000000007 28821.935000000001 41262.450000000004 5.5000000000000009 36.500000000000007 36520.000000000007 44134.850000000013 36.500000000000007 35134.500000000007 0.29411357341142835 30087.000000000004 63.500000000000007 46250.000000000007 34230.000000000007 13644.885000000002 12582.675000000001
decision_type=2 2 2 2 2 2 2 2 2 2 2 2 2 2 2 2 2 2 2 2 2 2 2 2 2 2 2 2 2 2
left_child=5 2 8 4 -4 22 -5 10 9 -2 11 -7 13 17 15 -14 -16 -3 -10 -12 21 -9 23 27 -25 26 -24 -1 -27 -15
right_child=1 12 3 6 -6 7 -8 20 18 -11 19 -13 14 29 16 -17 -18 -19 -20 -21 -22 -23 25 24 -26 28 -28 -29 -30 -31
leaf_value=-0.88341856675112962 2.0744793166334814 1.9892428415811669 1.8531038284301751 0.37143608199225531 12.680901870727538 -0.54177443663279223 8.7400712966918945 -3.5903079615698923 -1.397232514619827 7.6878076975162219 1.7553832378238441 -7.6703601837158208 2.4233176405449495 -10.921881212506978 0.45436618320693251 11.651249376932782 1.9186020654330893 -1.8889022445678714 2.4297376155853274 0.58340610824240979 3.3365769704182946 -0.61964224707995752 -0.63806803137333346 -2.807081174850464 1.0792160514359164 -1.0005586828504291 -1.0289173520756785 -0.21379243610210197 -1.8782195241110669 -8.9979501724243161
leaf_weight=340 52 118 8.0000000000000018 18.000000000000004 20 45 7.9999999999999991 8.9999999999999982 16.000000000000004 12.999999999999998 102 2.9999999999999991 91 6.9999999999999982 151 11.999999999999998 164 9.9999999999999982 12.999999999999998 262 5.9999999999999991 141 1625 3.9999999999999991 107 77 281 86 35 4
leaf_count=340 29 102 4 10 10 45 4 9 11 7 89 3 75 7 149 6 128 10 7 262 6 141 1625 4 107 77 281 86 35 4
internal_value=-0.0233364 1.99871 3.79794 6.3898 9.58725 -0.479801 2.9464 0.325436 2.30899 3.19714 0.69056 -0.987311 1.52063 0.743861 1.77894 3.49842 1.2167 1.68626 0.318306 0.911817 -0.638865 -0.797882 -0.658813 -0.399443 0.939169 -0.727833 -0.695691 -0.748236 -1.27483 -10.2223
internal_weight=3828 705 148 54 28 3123 26 568 94 65 412 48 557 139 418 103 315 128 29 364 156 150 2555 537 111 2018 1906 426 112 11
internal_count=3673 563 82 28 14 3110 14 555 54 36 399 48 481 123 358 81 277 112 18 351 156 150 2555 537 111 2018 1906 426 112 11
is_linear=0
shrinkage=0.05


Tree=38
num_leaves=28
num_cat=0
split_feature=1 7 4 6 6 2 2 0 2 3 2 5 0 4 4 7 4 4 4 4 1 4 7 0 0 2 2
split_gain=1.35196e+06 241336 387585 672007 303703 165638 129682 102351 98855.9 82363.4 58351.9 63658.1 48487.9 57212.7 171325 56811.4 29048.5 16386.8 37022.2 25906.1 22404.5 13240.6 16466.9 12730.5 9547.09 4473.64 1976.44
threshold=20992.420000000002 5.5000000000000009 44810.000000000007 50.500000000000007 38.500000000000007 5774.0350000000008 6406.5500000000002 33667.000000000007 6406.5500000000002 0.50533931477710625 16590.240000000002 9.5000000000000018 30453.600000000002 43067.500000000007 43362.500000000007 3.5000000000000004 46195.000000000007 46250.000000000007 42595.000000000007 36337.500000000007 11885.675000000003 48702.000000000007 1.5000000000000002 27872.750000000004 33210.200000000004 20020.880000000005 12360.900000000001
decision_type=2 2 2 2 2 2 2 2 2 2 2 2 2 2 2 2 2 2 2 2 2 2 2 2 2 2 2
left_child=9 7 3 4 -3 -4 -7 24 -5 17 16 -12 23 15 -15 -14 -9 18 19 -1 -20 25 -23 -11 -2 -19 -25
right_child=1 2 5 8 -6 6 -8 10 -10 12 11 -13 13 14 -16 -17 -18 21 20 -21 -22 22 -24 26 -26 -27 -28
leaf_value=-0.44404635290375521 4.2410363006591796 4.4627712726593023 8.5042974948883057 7.0697205861409502 14.204808934529623 -6.091639010111491 1.4534793950351221 1.5793137897292775 0.019044642612851902 0.37495663166046145 -2.2385760045051577 0.86201605314807017 1.8401781940713844 -6.3589620070023969 0.3738116577934863 -0.19479074919665304 0.8900137404889561 -1.6867983554971631 -0.40418498996928665 -0.81229199217504844 0.42111154831945896 1.4688814423301004 -0.67182690270093026 -3.911375617980958 6.7638769785563158 -1.0299155104355735 -2.5653679275512693
leaf_weight=808 9.9999999999999982 11.999999999999998 7.9999999999999991 5.9999999999999991 24 5.9999999999999991 112 375 29 2.9999999999999991 25 49 94 10.999999999999998 67 54 258 29 230 1168 128 10.999999999999998 49 5.9999999999999982 5.9999999999999991 244 5
leaf_count=808 5 8 4 3 12 3 84 309 19 3 25 49 89 11 67 54 239 29 230 1168 128 11 49 6 3 244 5
internal_value=-0.0152476 1.65527 3.20667 6.16112 10.9575 1.54186 1.06983 1.23255 1.22773 -0.543929 1.14306 -0.185481 0.343269 0.520154 -0.575682 1.09769 1.29837 -0.623766 -0.576952 -0.661714 -0.109107 -0.951887 -0.279364 -2.51216 5.1871 -1.09969 -3.29955
internal_weight=3827 920 197 71 36 126 118 723 35 2907 707 74 240 226 78 148 633 2667 2334 1976 358 333 60 14 16 273 11
internal_count=3665 763 133 42 20 91 87 630 22 2902 622 74 235 221 78 143 548 2667 2334 1976 358 333 60 14 8 273 11
is_linear=0
shrinkage=0.05


Tree=39
num_leaves=28
num_cat=0
split_feature=2 2 7 5 0 6 0 5 2 2 4 4 4 7 4 4 4 0 7 4 4 4 4 0 0 4 5
split_gain=1.25574e+06 278415 191847 213650 417496 139697 89376.8 57178.7 70473.8 50750.9 62025.9 97153.3 62018.3 51335.6 48554.3 46899.7 112683 26340.2 25707.9 17450.3 16110.6 14811.8 13745.9 7386.11 53049.8 10646.6 1651.77
threshold=16195.655000000002 8751.7550000000028 5.5000000000000009 12.500000000000002 38568.350000000006 64.500000000000014 31478.000000000004 15.500000000000002 5774.0350000000008 19514.570000000003 44860.000000000007 43362.500000000007 43067.500000000007 5.5000000000000009 44255.000000000007 39497.500000000007 43362.500000000007 44789.100000000006 2.5000000000000004 42910.000000000007 35987.500000000007 35987.500000000007 43672.500000000007 41417.100000000013 41668.250000000007 46250.000000000007 10.500000000000002
decision_type=2 2 2 2 2 2 2 2 2 2 2 2 2 2 2 2 2 2 2 2 2 2 2 2 2 2 2
left_child=1 2 7 4 -4 -5 19 14 -9 10 11 12 -2 18 -1 20 -17 23 -12 21 -8 -3 -13 25 -25 -11 -15
right_child=9 6 3 5 -6 -7 15 8 -10 17 13 22 -14 26 -16 16 -18 -19 -20 -21 -22 -23 -24 24 -26 -27 -28
leaf_value=-2.6276897864682334 0.093448057770729065 1.9534064292907716 13.93625717163086 0.68581130915674671 3.3213446400382303 6.9234220614800082 1.2073531590402127 8.6884872913360596 2.6977081476538274 -0.59373123567379382 -0.4095727373446737 4.0709863749417394 -5.5259028625488291 4.3730376561482753 1.6888070992154487 -0.49661566660954404 1.3346020036707344 3.4371899127960206 -1.8712283303187445 2.5352843284606936 2.1467084974855992 -1.7033385396003724 2.022089857980609 4.3820259650548303 -0.74131162017583851 -0.91607850076389963 2.7138343811035153
leaf_weight=6.9999999999999991 273 2.9999999999999991 15.999999999999998 29 22 12.999999999999998 66 5.9999999999999991 27 1990 56 10.999999999999998 4.9999999999999991 2.9999999999999991 94 104 437 3.9999999999999991 65 2.9999999999999991 148 36 32 5.9999999999999991 32 294 3
leaf_count=6 273 3 8 17 12 7 60 3 15 1990 56 11 5 3 60 104 393 4 65 3 123 36 32 6 32 294 3
internal_value=0.0269257 1.53549 3.13676 5.07428 7.79078 2.6165 1.10554 1.98002 3.78694 -0.52288 -0.0355709 0.334485 -0.0076194 -0.970908 1.38964 1.23043 0.982575 -0.616738 -1.19476 -1.13938 1.857 -1.42205 2.54623 -0.623722 0.0676364 -0.635224 3.54344
internal_weight=3785 1011 214 80 38 42 797 134 33 2774 448 321 278 127 101 755 541 2326 121 42 214 39 43 2322 38 2284 6
internal_count=3624 850 128 44 20 24 722 84 18 2774 448 321 278 127 66 680 497 2326 121 42 183 39 43 2322 38 2284 6
is_linear=0
shrinkage=0.05


Tree=40
num_leaves=31
num_cat=0
split_feature=3 3 8 0 5 3 4 1 7 0 4 4 4 2 5 1 4 5 2 7 4 2 4 0 7 4 5 4 4 1
split_gain=1.05291e+06 216783 129295 266137 214985 116952 95636.9 65725.9 53247.9 145914 108333 66653.6 70763.7 50465.7 49704.5 46348.2 45542.5 41416.3 43753.9 42058.5 38084.1 19589.2 48089.6 27551.8 18643.8 15115.3 12689.9 7862.22 106598 17760
threshold=0.6142713879739311 0.80650250447340988 2.5000000000000004 38066.750000000007 9.5000000000000018 0.46862078734062379 45602.500000000007 15832.750000000002 4.5000000000000009 34385.900000000009 44810.000000000007 37162.000000000007 36212.500000000007 5774.0350000000008 15.500000000000002 30334.345000000001 43362.500000000007 13.500000000000002 15382.060000000003 2.5000000000000004 43362.500000000007 19573.550000000007 37487.500000000007 31846.900000000005 1.0000000180025095e-35 39052.500000000007 15.500000000000002 45602.500000000007 45077.500000000007 18990.725000000006
decision_type=2 2 2 2 2 2 2 2 2 2 2 2 2 2 2 2 2 2 2 2 2 2 2 2 2 2 2 2 2 2
left_child=5 8 13 15 -5 21 7 24 11 26 -11 12 -2 -3 -15 -4 -13 19 -19 -8 -9 22 23 -1 -7 -24 -10 28 -23 -29
right_child=1 2 3 4 -6 6 17 20 9 10 -12 16 -14 14 -16 -17 -18 18 -20 -21 -22 27 25 -25 -26 -27 -28 29 -30 -31
leaf_value=1.7361248183250428 1.2511867567020305 6.4362220128377281 -1.9328771074612925 6.0853121042251574 15.783563613891602 1.5506200790405273 0.83328425635894154 0.53929809647267812 -8.0085194905598964 3.7471012226522791 1.3467264300042934 -0.1905545252434751 4.9993438911437993 0.51503841082255053 3.6760141836969478 3.024804193323309 1.0891588530974106 -6.3729034566879275 -1.4759147914556356 -1.3068635642528534 1.6872676908348998 -0.58637607472616049 -1.8156715796544003 0.042024299899737043 -1.7133661488124305 -0.46908956482296899 -3.4096328099568676 -0.85672948715916597 3.2793233195940652 2.1455578422546391
leaf_weight=40 34 5.9999999999999991 6.0000000000000027 20.000000000000004 7.9999999999999991 4.9999999999999991 48 292 2.9999999999999991 73 132 94 20 36 19 22 267 4.9999999999999991 52 44 96 1926 26 60 35 105 3 332 18 4.9999999999999991
leaf_count=40 27 3 3 10 4 5 48 274 3 50 99 88 10 21 10 11 253 5 52 44 96 1926 26 60 35 105 3 332 18 5
internal_value=0.0091299 1.69906 3.67458 5.40934 8.85624 -0.39735 0.244578 0.624388 1.32983 1.97655 2.20149 1.00101 2.63939 2.08202 1.60701 1.96244 0.755937 -0.846419 -1.90548 -0.190265 0.823332 -0.544799 -0.106041 0.719665 -1.30537 -0.73635 -5.70908 -0.589232 -0.550583 -0.812185
internal_weight=3832 743 117 56 28 3089 577 428 626 211 205 415 54 61 55 28 361 149 57 92 388 2512 231 100 40 131 6 2281 1944 337
internal_count=3666 595 62 28 14 3071 559 410 533 155 149 378 37 34 31 14 341 149 57 92 370 2512 231 100 40 131 6 2281 1944 337
is_linear=0
shrinkage=0.05


Tree=41
num_leaves=27
num_cat=0
split_feature=3 3 7 0 0 2 2 0 0 3 7 0 2 7 0 6 0 0 0 0 8 1 7 5 2 1
split_gain=1.1147e+06 234963 156091 170513 176844 119046 76750.7 65895.9 58091.2 42891 37334.7 47528.2 36150.3 57183.4 33275.3 31375.7 29050.1 125261 43628.4 22648.6 13240 31049.7 11202.1 9133.51 8088.24 2837.15
threshold=0.58452734979975163 0.79221302592697518 5.5000000000000009 39646.30000000001 37374.000000000007 5774.0350000000008 18167.520000000004 32612.550000000003 29948.350000000002 0.60689754887532998 1.0000000180025095e-35 31938.200000000004 16590.240000000002 2.5000000000000004 33466.80000000001 65.500000000000014 39327.100000000006 38247.750000000007 39960.100000000006 44789.100000000006 4.5000000000000009 10094.910000000002 5.5000000000000009 15.500000000000002 9630.8850000000002 12266.150000000001
decision_type=2 2 2 2 2 2 2 2 2 2 2 2 2 2 2 2 2 2 2 2 2 2 2 2 2 2
left_child=6 7 16 4 -4 -5 8 9 23 -2 11 -10 14 -14 -9 -12 17 -3 -18 20 22 -22 -8 25 -11 -1
right_child=1 2 3 5 -6 -7 19 12 10 24 15 -13 13 -15 -16 -17 18 -19 -20 -21 21 -23 -24 -25 -26 -27
leaf_value=-1.4489160939266807 1.7055973839759826 1.5140702603922951 1.1241933822631835 8.0666125535964976 9.6252591646634613 1.1506231927445956 -0.61738405172673172 3.4291518635220002 6.3161282348632817 -6.1382357279459656 0.33430071158014285 1.1525871544349486 2.290927775700887 -7.4715347290039036 1.2507658621263025 -1.4731003665007079 -2.9599916378657025 7.2634152571360282 1.6546413935933797 3.2236661434173586 -0.4527879182079162 1.1582803697199435 -0.28739362072657354 1.0027247428894044 -3.0351954323904855 -2.338036974738626
leaf_weight=19 4.9999999999999991 45 7.9999999999999991 7.9999999999999991 26 28 2006 18 4.9999999999999991 2.9999999999999982 314 41 2.9999999999999991 3 672 26 5.9999999999999991 11.999999999999998 35 3.9999999999999991 156 37 295 2.9999999999999991 7 17
leaf_count=19 5 24 4 4 13 17 2006 11 5 3 307 41 3 3 586 26 4 6 22 4 156 37 295 3 7 17
internal_value=0.0394826 1.6007 3.28242 5.08572 7.62501 2.68751 -0.430003 1.20333 0.19115 -2.07554 0.37696 1.71384 1.27399 -2.5903 1.30759 0.196088 1.99435 2.72446 0.979329 -0.535684 -0.541713 -0.14393 -0.575078 -1.64789 -3.96611 -1.86878
internal_weight=3802 879 168 70 34 36 2923 711 425 15 386 46 696 6 690 340 98 57 41 2498 2494 193 2301 39 10 36
internal_count=3628 712 94 38 17 21 2916 618 418 15 379 46 603 6 597 333 56 30 26 2498 2494 193 2301 39 10 36
is_linear=0
shrinkage=0.05


Tree=42
num_leaves=30
num_cat=0
split_feature=1 7 4 6 6 2 0 1 4 4 4 4 3 0 0 4 4 2 4 4 4 1 4 4 0 4 7 6 2
split_gain=853817 218124 194417 384257 236156 169366 86079.3 73957.6 72894.5 65143.6 582149 103868 61714.8 58665.1 41695.3 34292.8 50086.7 24257.6 15992.7 39605.7 23771.2 22274.9 15192.9 13686.8 13547.1 9374.48 4824.24 3953.9 3809.52
threshold=21131.605000000007 5.5000000000000009 44810.000000000007 50.500000000000007 38.500000000000007 5774.0350000000008 41070.150000000009 30334.345000000001 37162.000000000007 43362.500000000007 43067.500000000007 44585.000000000007 0.50533931477710625 35730.250000000007 30453.600000000002 39497.500000000007 42342.500000000007 9630.8850000000002 46250.000000000007 42595.000000000007 36337.500000000007 11885.675000000003 36212.500000000007 39052.500000000007 27872.750000000004 48702.000000000007 1.5000000000000002 37.500000000000007 20020.880000000005
decision_type=2 2 2 2 2 2 2 2 2 2 2 2 2 2 2 2 2 2 2 2 2 2 2 2 2 2 2 2 2
left_child=12 8 3 4 -3 -4 -7 -5 13 10 -10 -11 18 17 24 23 -17 -2 19 20 -1 -21 -15 -16 -14 28 -27 -26 -20
right_child=1 2 5 7 -6 6 -8 -9 9 11 -12 -13 14 22 15 16 -18 -19 25 21 -22 -23 -24 -25 27 26 -28 -29 -30
leaf_value=-0.32825327546303207 7.0521115303039572 2.8495426611466841 7.9545375251770025 -0.24614463647206627 11.82215735695579 -0.58023049743338073 2.1920707142706237 5.3050405502319338 0.98611182247598972 2.4578864714111948 -9.1824584603309631 0.64763944353204539 0.50570892492930097 1.0178001792066629 1.1565658787434752 -2.298211979903281 0.37552972806895035 3.0217387471880226 -1.4846487077077231 -0.26461169722118322 -0.68203206918430781 0.56086012226666593 2.5707259586879188 4.1563383579254154 -4.843920898437502 0.61861218214035041 -0.48971722170158671 -2.6743546349661691 -0.88647191746760223
leaf_weight=801 7.9999999999999982 10.999999999999998 9.9999999999999982 24 22 44 77 7.9999999999999991 117 99 15.999999999999998 397 2.9999999999999991 36 77 20 141 7 30 223 1166 129 28 3.9999999999999991 2.9999999999999982 11.999999999999998 54 7 236
leaf_count=801 4 8 5 16 11 43 43 4 109 81 16 358 3 31 72 20 141 4 30 223 1166 129 14 4 3 12 54 7 236
internal_value=-0.00808797 1.33392 2.81005 5.04562 8.83129 1.7008 1.18396 1.14165 0.925268 0.745468 -0.237175 1.00896 -0.425559 2.35684 0.317377 0.465564 0.0433879 5.17127 -0.497022 -0.450555 -0.537967 0.037905 1.69721 1.3047 -2.44116 -0.821591 -0.288203 -3.32522 -0.953935
internal_weight=3810 904 196 65 33 131 121 32 708 629 133 496 2906 79 255 242 161 15 2651 2319 1967 352 64 81 13 332 66 10 266
internal_count=3648 747 130 39 19 91 86 20 617 564 125 439 2901 53 250 237 161 8 2651 2319 1967 352 45 76 13 332 66 10 266
is_linear=0
shrinkage=0.05


Tree=43
num_leaves=27
num_cat=0
split_feature=3 3 5 6 1 8 0 0 4 4 4 9 0 5 5 4 8 4 5 1 2 2 3 0 0 6
split_gain=675364 135964 179294 73627.8 70891.5 111214 42584.7 40926.5 62203.6 40770.6 38815.6 61410.6 38748.9 36325.3 41638.3 22558.6 18091.3 34032.4 11771.7 11732.7 11688.6 10206.2 16102.7 5215.52 2768.79 1331.69
threshold=0.6142713879739311 0.85868205595435165 15.500000000000002 37.500000000000007 17543.215000000007 2.5000000000000004 32612.550000000003 36377.05000000001 42977.500000000007 48480.000000000007 48480.000000000007 1.0000000180025095e-35 41417.100000000013 8.5000000000000018 13.500000000000002 42195.000000000007 4.5000000000000009 32625.000000000004 15.500000000000002 13410.315000000001 15432.275000000001 14103.105000000001 0.54165189840619299 26499.150000000005 30311.950000000004 46.500000000000007
decision_type=2 2 2 2 2 2 2 2 2 2 2 2 2 2 2 2 2 2 2 2 2 2 2 2 2 2
left_child=4 6 3 9 16 13 18 8 -7 -3 11 -8 -12 15 -15 -6 21 25 24 -19 -9 23 -23 -1 -2 -18
right_child=1 2 -4 -5 5 7 10 20 -10 -11 12 -13 -14 14 -16 -17 17 19 -20 -21 -22 22 -24 -25 -26 -27
leaf_value=-0.098675950368245446 -4.5408768971761084 2.4532711791992163 12.387924194335938 -2.0864857991536456 -0.20319212807549364 1.0181552970409393 0.96067964295521746 0.84641401136622718 -1.4410254279772441 7.6667540391286213 -1.3572828872927598 1.9832506440316693 1.2974468552403982 0.18305679680644604 -1.2186317636523136 -3.2420297660325703 2.0898231809789478 -0.47139201197634978 0.034943631291389464 0.47662329513852192 1.9530880521237852 -0.52698427357498379 3.138559977213542 -2.4756787300109866 -2.3927033106485998 1.3546651227133615
leaf_weight=2.9999999999999991 2.9999999999999982 10.000000000000009 5.9999999999999991 5.9999999999999991 9.0000000000000018 90 406 34 36 5.9999999999999991 28 230 27 138 86 19 11.000000000000002 160 4 41 80 2327 2.9999999999999991 9.9999999999999982 3 13.999999999999998
leaf_count=3 3 5 3 3 9 83 361 34 36 3 27 153 21 138 86 19 11 160 4 41 72 2327 3 10 3 14
internal_value=-0.0578236 1.30987 4.7265 2.63701 -0.383549 0.166289 1.17339 0.936592 0.315532 4.40833 1.22028 1.33048 -0.0540519 -0.567332 -0.355091 -2.26526 -0.488851 -0.0616274 -2.0661 -0.278016 1.62303 -0.53006 -0.522265 -1.92714 -3.46679 1.67813
internal_weight=3790 729 28 22 3061 492 701 240 126 16 691 636 55 252 224 28 2569 226 10 201 114 2343 2330 13 6 25
internal_count=3632 586 14 11 3046 477 572 225 119 8 562 514 48 252 224 28 2569 226 10 201 106 2343 2330 13 6 25
is_linear=0
shrinkage=0.05


Tree=44
num_leaves=28
num_cat=0
split_feature=3 3 3 1 4 0 5 4 4 0 2 4 5 5 1 4 8 1 3 4 0 6 1 6 4 4 1
split_gain=776441 127204 82515.7 77140.8 163286 67158.5 62811.1 61651.3 58936.7 45820.4 42967 60458.9 28890.7 64863.9 24147.3 22012.7 20668.8 40662.2 18924.3 18500.2 13676.3 11181 24690 7456.75 7245.83 5838.46 4728.36
threshold=0.59357231757360995 0.80650250447340988 0.51668382282639491 30334.345000000001 44810.000000000007 31478.000000000004 15.500000000000002 46922.500000000007 44735.000000000007 31879.250000000004 12107.440000000002 44810.000000000007 13.500000000000002 9.5000000000000018 20992.420000000002 46375.000000000007 4.5000000000000009 10513.415000000005 0.55959255619864845 35012.500000000007 41070.150000000009 35.500000000000007 21558.995000000006 49.500000000000007 35134.500000000007 34230.000000000007 29972.840000000004
decision_type=2 2 2 2 2 2 2 2 2 2 2 2 2 2 2 2 2 2 2 2 2 2 2 2 2 2 2
left_child=2 5 16 26 8 14 -6 9 -5 19 11 -7 13 -9 -2 -11 21 25 -14 -4 -12 24 -23 -19 -1 -18 -3
right_child=1 3 7 4 6 10 -8 12 -10 15 20 -13 18 -15 -16 -17 17 23 -20 -21 -22 22 -24 -25 -26 -27 -28
leaf_value=-0.099148855209350586 -1.2926337122917175 0.076860380172729503 2.0364702224731421 2.3518327440534308 1.240198050226484 2.180277950248203 4.6354649994108419 -2.754781586783273 7.5660504341125492 0.8370727478060872 0.49807177209386638 0.94870665462998061 -1.2236902781895227 1.6826538228988648 -6.9668262481689442 4.1890333938598632 -0.69446867362755105 1.689424646695455 -4.0715722024440764 -2.2223375881419463 1.3168562641202968 -0.48363563797301279 4.0551401774088545 0.5650495389412189 -1.6302394249859979 -0.084045128941535957 -2.0050440581981088
leaf_weight=9.9999999999999982 5 4.9999999999999982 3.0000000000000027 7.0000000000000027 56 185 18 13.999999999999998 24 240 204 216 14.000000000000002 20 3 4.9999999999999991 82 30 9.9999999999999982 17 68 2425 2.9999999999999991 29 34 75 6
leaf_count=10 5 3 3 4 31 139 9 14 12 224 198 174 14 20 3 5 82 30 10 17 68 2425 3 29 34 75 3
internal_value=0.00669974 1.39442 -0.360624 2.92493 3.34226 1.13372 2.06607 0.394461 6.38865 0.717631 1.18785 1.51689 -1.08209 -0.144525 -3.42046 0.90548 -0.451358 0.0176822 -2.41031 -1.58352 0.702768 -0.492342 -0.478028 1.13677 -1.28226 -0.402865 -1.05872
internal_weight=3808 797 3011 116 105 681 74 323 31 265 673 401 58 34 8 245 2688 216 24 20 272 2472 2428 59 44 157 11
internal_count=3644 649 2995 62 56 587 40 307 16 249 579 313 58 34 8 229 2688 216 24 20 266 2472 2428 59 44 157 6
is_linear=0
shrinkage=0.05


Tree=45
num_leaves=31
num_cat=0
split_feature=3 7 6 0 3 3 0 8 5 6 7 3 4 0 4 4 4 4 6 4 4 3 4 6 0 3 0 7 0 2
split_gain=594520 127624 171108 411867 177477 102484 96720.6 67568 94515.3 97795.1 57966.9 55961.2 47873.4 63348.9 54289.1 434272 47521.9 36038.3 22252 34382 18301.8 14329.5 46908.8 31661.2 14281.3 12654.5 4350.41 5239.44 2258.96 1450.65
threshold=0.64740246642517363 5.5000000000000009 50.500000000000007 38462.400000000001 0.85868205595435165 0.50533931477710625 37924.650000000001 2.5000000000000004 9.5000000000000018 57.500000000000007 2.5000000000000004 0.85868205595435165 37162.000000000007 34100.900000000009 43362.500000000007 43067.500000000007 48480.000000000007 44585.000000000007 46.500000000000007 43067.500000000007 36212.500000000007 0.38837557498293923 35012.500000000007 37.500000000000007 33210.200000000004 0.40084224788611522 27279.500000000004 3.5000000000000004 37714.850000000013 19514.570000000003
decision_type=2 2 2 2 2 2 2 2 2 2 2 2 2 2 2 2 2 2 2 2 2 2 2 2 2 2 2 2 2 2
left_child=5 12 3 6 16 21 -3 8 10 -10 -7 -5 13 24 15 -14 -4 -16 20 -20 -9 26 25 -24 -2 -23 29 -28 -15 -1
right_child=1 2 4 11 -6 7 -8 18 9 -11 -12 -13 14 28 17 -17 -18 -19 19 -21 -22 22 23 -25 -26 -27 27 -29 -30 -31
leaf_value=-1.140669199999641 3.5548463344573977 5.3207994079589804 1.0438048144749235 1.6923726420776519 11.331273651123048 -0.44872691505833678 13.597900263468425 0.23289575467507048 1.6649429773029529 -0.83211725300844808 -3.269030342783247 5.7830316686630248 1.0528124067320752 0.59831715651920847 2.1957123469498199 -10.117340087890625 -2.3617200254773101 0.83766846620989321 0.97806069164403864 -0.48201464509207109 1.6409783138036731 3.14580294745309 -1.3979919221666126 -0.1875199589062492 6.5424580574035645 0.87869763044165627 -0.38440425943843159 -0.54913878175748942 1.5558063853870738 -0.6588782936797859
leaf_weight=17 7.9999999999999991 5.0000000000000027 70 51 3.9999999999999991 38 11.999999999999998 30 76 81 35 9.9999999999999982 67 14.000000000000002 59 9.9999999999999982 11.999999999999998 284 112 63 100 6.9999999999999991 63 379 7.9999999999999991 51 1075 876 10.999999999999998 193
leaf_count=17 4 3 42 32 2 38 6 30 76 81 35 5 60 11 44 10 11 245 102 63 89 7 63 379 4 51 1075 876 8 193
internal_value=-0.0230745 1.38728 2.58519 4.28103 1.0471 -0.298879 11.1635 0.332574 -0.314494 0.376651 -1.80093 2.36297 0.961125 2.59192 0.801928 -0.397857 0.545435 1.07127 0.820526 0.452434 1.31604 -0.425834 -0.184619 -0.360053 5.04865 1.15231 -0.481645 -0.45837 1.01961 -0.69788
internal_weight=3821 625 164 78 86 3196 17 535 230 157 73 61 461 41 420 77 82 343 305 175 130 2661 500 442 16 58 2161 1951 25 210
internal_count=3662 487 101 46 55 3175 9 514 230 157 73 37 386 27 359 70 53 289 284 165 119 2661 500 442 8 58 2161 1951 19 210
is_linear=0
shrinkage=0.05


Tree=46
num_leaves=30
num_cat=0
split_feature=3 1 0 5 7 4 4 4 2 0 0 4 5 0 1 4 4 4 4 1 4 4 4 7 7 3 4 4 2
split_gain=588581 136968 236571 257957 138239 92233.7 153784 55847.6 50903.1 47720.4 42771.1 38374 35124.6 61957.6 20963.3 34221.7 28364.7 24116.4 18551.5 31939.6 54968.7 16271.9 14736 14973.5 12536.9 11441.2 8462.99 5657.49 1805.85
threshold=0.55670345602479665 29344.340000000004 38807.350000000006 13.500000000000002 5.5000000000000009 44395.000000000007 43067.500000000007 36349.500000000007 8049.3500000000013 38247.750000000007 42907.950000000004 36212.500000000007 9.5000000000000018 33667.000000000007 19995.805000000004 43362.500000000007 43722.500000000007 42275.000000000007 46250.000000000007 12266.150000000001 35012.500000000007 42977.500000000007 48702.000000000007 1.5000000000000002 5.5000000000000009 0.50533931477710625 42595.000000000007 43672.500000000007 19673.970000000005
decision_type=2 2 2 2 2 2 2 2 2 2 2 2 2 2 2 2 2 2 2 2 2 2 2 2 2 2 2 2 2
left_child=14 7 3 4 -3 6 -4 8 -2 -5 -7 -10 13 -9 18 17 27 -16 19 26 -21 -14 25 -24 -18 -20 -1 -17 -19
right_child=1 2 5 9 -6 10 -8 12 11 -11 -12 -13 21 -15 15 16 24 28 22 20 -22 -23 23 -25 -26 -27 -28 -29 -30
leaf_value=-0.48050088978312372 9.5995315551757816 3.9549402618408203 1.294156861305237 0.48955534361302855 9.6985225677490234 0.53313334271433233 -9.8839321899414045 -3.355895873478481 0.57473785986120884 4.8070529818534853 1.9795309140759967 2.4692506009882149 1.1929396090888176 0.13269288952861513 0.42739297151565564 4.4619978427886986 -0.041573431378319148 -5.1418112436930326 -0.83696152735501528 1.1545362940881141 -0.22457854526232832 0.5045178511043914 1.8395223988427056 -0.36936510959281943 1.9283149409294129 -2.4837766994129531 -0.1580416855191539 2.2370695686340327 -3.4069457372029612
leaf_weight=1655 1.9999999999999989 20 7.9999999999999982 32 22 92 5 13.999999999999998 52 7.9999999999999991 115 55 119 140 4.9999999999999982 3.9999999999999973 42 3 256 86 452 308 8.9999999999999982 52 9.9999999999999982 10.999999999999998 232 10 3
leaf_count=1655 1 10 6 17 11 77 5 14 45 5 71 28 114 138 5 4 42 3 256 86 452 284 9 52 10 11 232 10 3
internal_value=-0.00158193 1.04643 1.93449 4.22669 6.96348 1.08013 -3.00511 0.657739 1.69628 1.35305 1.33669 1.54855 0.462902 -0.184452 -0.368941 0.444759 0.875087 -2.13721 -0.3917 -0.343965 -0.00412524 0.696373 -0.744619 -0.0434637 0.337251 -0.904808 -0.440856 2.87276 -4.27438
internal_weight=3822 992 302 82 42 220 13 690 109 40 207 107 581 154 2830 77 66 11 2753 2425 538 427 328 61 52 267 1887 14 6
internal_count=3656 826 202 43 21 159 11 624 74 22 148 73 550 152 2830 77 66 11 2753 2425 538 398 328 61 52 267 1887 14 6
is_linear=0
shrinkage=0.05


Tree=47
num_leaves=31
num_cat=0
split_feature=1 3 0 0 0 0 6 8 1 1 1 0 2 2 0 7 1 0 0 7 5 2 8 0 2 2 1 3 1 1
split_gain=546855 117002 86964.9 139093 79354.3 69906.6 60728.2 49206.5 116924 88103.2 68767.9 102081 36233.8 30510.1 33228.8 58661.7 52383.5 35962.9 28623.1 26593.8 11784.8 15392.5 10816.9 158605 46732.9 12627.7 5837.87 9183.86 4718.51 3148.51
threshold=20992.420000000002 0.79221302592697518 38807.350000000006 38066.750000000007 41070.150000000009 41556.200000000004 39.500000000000007 2.5000000000000004 30334.345000000001 29344.340000000004 24603.755000000001 33667.000000000007 7312.1600000000008 18844.350000000002 29948.350000000002 1.0000000180025095e-35 15685.590000000004 35814.80000000001 44789.100000000006 1.5000000000000002 15.500000000000002 16321.795000000002 2.5000000000000004 36932.250000000007 21068.250000000004 23920.770000000004 12185.745000000003 0.35840102657391842 11798.915000000003 18873.300000000007
decision_type=2 2 2 2 2 2 2 2 2 2 2 2 2 2 2 2 2 2 2 2 2 2 2 2 2 2 2 2 2 2
left_child=13 7 3 12 19 -6 -5 10 9 -9 11 -2 -3 14 20 16 -16 -17 -12 -4 28 -22 26 25 -25 -24 27 -15 -1 -28
right_child=1 2 4 6 5 -7 -8 8 -10 -11 18 -13 -14 22 15 17 -18 -19 -20 -21 21 -23 23 24 -26 -27 29 -29 -30 -31
leaf_value=-0.97787559899416854 -7.5253041076660159 1.1936736701390682 0.44367695119645845 4.4624182383219395 8.4623870968818675 1.6075265763784357 9.177961373329163 1.2246958877727296 -7.216795420646668 5.5890371958414713 0.69798066890411858 -0.23125417533062273 4.5672666931152346 -0.4653591714912042 6.5142688751220668 0.24298917785019217 1.2682870476142221 -0.99615756802155941 2.2154924617494856 -3.2211848367344253 3.4299944917360943 -1.3078757524490354 -0.14777001394604503 2.1406387567520135 7.0742013931274421 -0.47066333002097194 -0.78446275661389031 1.2387010514736176 -2.0256927535647438 -0.30008208201481751
leaf_weight=22 4.9999999999999991 39 9.0000000000000018 18.000000000000004 3.9999999999999991 53 10.999999999999998 318 3.9999999999999991 11.999999999999998 277 118 9.9999999999999982 678 6.0000000000000027 334 23 71 35 10.999999999999998 2.9999999999999991 4 440 12.000000000000002 7.9999999999999991 971 240 7.9999999999999991 21 39
leaf_count=22 5 20 5 9 2 30 6 263 4 8 257 118 5 678 6 329 23 71 21 10 3 4 440 12 8 971 240 8 21 39
internal_value=0.0181656 1.07656 2.32978 3.5065 1.13777 2.08857 6.25107 0.823957 1.2804 1.3834 0.473491 -0.52776 1.88216 -0.321402 0.0406882 0.181307 2.35366 0.025756 0.868214 -1.572 -1.17989 0.72264 -0.394545 -0.307304 4.11406 -0.369974 -0.523915 -0.445487 -1.4896 -0.716754
internal_weight=3804 924 155 78 77 57 29 769 334 330 435 123 49 2880 484 434 29 405 312 20 50 7 2396 1431 20 1411 965 686 43 279
internal_count=3638 763 87 40 47 32 15 676 275 271 401 123 25 2875 479 429 29 400 278 15 50 7 2396 1431 20 1411 965 686 43 279
is_linear=0
shrinkage=0.05


Tree=48
num_leaves=26
num_cat=0
split_feature=1 7 4 6 5 2 0 2 4 4 4 1 0 4 4 4 4 0 3 4 4 4 0 4 0
split_gain=521597 120112 203074 253247 127912 122429 62473.1 60559 88091.5 146290 57448 52882.4 40012.2 42162.4 414339 47515.7 30390.4 23933.9 23709.3 18149.4 60020.4 20918.4 16161.3 13360.1 3656
threshold=24603.755000000001 5.5000000000000009 44810.000000000007 51.500000000000007 9.5000000000000018 5774.0350000000008 41070.150000000009 16195.655000000002 39905.000000000007 42342.500000000007 43067.500000000007 22114.335000000003 34038.500000000007 43362.500000000007 43067.500000000007 44860.000000000007 35987.500000000007 31685.950000000004 0.58107906131583553 45602.500000000007 45077.500000000007 48702.000000000007 37116.850000000006 35012.500000000007 41070.150000000009
decision_type=2 2 2 2 2 2 2 2 2 2 2 2 2 2 2 2 2 2 2 2 2 2 2 2 2
left_child=7 12 3 4 -3 -4 -7 8 16 11 -11 -10 -2 14 -14 -15 23 -18 19 20 -9 -21 -5 -1 -20
right_child=1 2 5 22 -6 6 -8 18 9 10 -12 -13 13 15 -16 -17 17 -19 24 21 -22 -23 -24 -25 -26
leaf_value=1.1860878483454387 4.9672901312510174 4.3012295116077759 6.6183080935478218 0.64374176661173488 11.305304431915284 -0.89458581232598855 1.6988446125085805 -0.30990632569141918 -2.2650080701479545 1.4824218307771992 -0.37427303425190372 -7.3072530110677079 1.2927902733693359 1.8760352939061944 -9.6874585723876958 0.6437250587140817 -0.58316473960876469 1.584385890529511 -4.721105639139811 -0.78934024567513372 2.2570043999215832 0.12182045220519955 3.6401608784993496 -0.61358015591448012 -2.2526369730631504
leaf_weight=14.999999999999998 5.9999999999999991 11.000000000000002 9.9999999999999982 18.000000000000004 15.999999999999998 35 69 2306 39 62 127 5.9999999999999991 61 122 9.9999999999999982 218 13.999999999999998 141 2.9999999999999991 368 23 76 5.9999999999999991 33 3
leaf_count=15 4 6 5 9 8 34 38 2306 39 62 127 6 48 83 10 202 14 115 3 368 23 76 3 33 3
internal_value=-0.0118957 1.36549 2.50739 5.12994 8.45179 1.33415 0.826056 -0.261162 0.285986 -0.375219 0.234801 -2.93731 0.913664 0.854487 -0.253724 1.08591 1.04816 1.38861 -0.347202 -0.340408 -0.284557 -0.633376 1.39285 -0.0511839 -3.48687
internal_weight=3798 582 165 51 27 114 104 3216 437 234 189 45 417 411 71 340 203 155 2779 2773 2329 444 24 48 6
internal_count=3640 450 103 26 14 77 72 3190 411 234 189 45 347 343 58 285 177 129 2779 2773 2329 444 12 48 6
is_linear=0
shrinkage=0.05


Tree=49
num_leaves=27
num_cat=0
split_feature=1 3 6 8 7 6 0 4 0 1 8 4 4 0 4 4 2 3 6 8 1 6 1 2 7 1
split_gain=445609 124868 97173.1 78855 122886 278055 75272.9 82487.2 39633 27107.7 24926.6 39006.7 46661.2 29549.8 45771.6 18730.7 17035.8 15125.9 21490.9 12268.8 10885.6 10733.1 12546.2 8657.31 6384.13 5872.41
threshold=21131.605000000007 0.85868205595435165 37.500000000000007 2.5000000000000004 5.5000000000000009 50.500000000000007 41868.150000000009 42342.500000000007 33667.000000000007 17543.215000000007 2.5000000000000004 42342.500000000007 43722.500000000007 36200.700000000004 42977.500000000007 48015.000000000007 14806.265000000001 0.50533931477710625 42.500000000000007 2.5000000000000004 16822.330000000005 58.500000000000007 17176.780000000002 21358.775000000005 5.5000000000000009 18111.730000000003
decision_type=2 2 2 2 2 2 2 2 2 2 2 2 2 2 2 2 2 2 2 2 2 2 2 2 2 2
left_child=9 3 19 6 8 -6 7 -2 -5 16 11 23 -13 14 -12 -8 21 20 -19 -3 -18 22 -1 -11 -23 -15
right_child=1 2 -4 4 5 -7 15 -9 -10 10 13 12 -14 25 -16 -17 17 18 -20 -21 -22 24 -24 -25 -26 -27
leaf_value=-1.7990490913391106 -3.8967840078931588 0.90265004634857149 9.0923915863037106 3.8078518867492677 6.8577069523834417 0.64564392012219107 0.77476814598418198 0.16976800642031081 0.87928640288811533 -2.5872559760746201 0.80523272097110754 1.620837684472402 -0.46770733617819271 3.9506127675374354 -1.5756225479973687 1.7920558006895915 -0.33145633711792927 2.1229705429077144 -0.55352558135986329 3.8936394373575847 -1.1629192113876343 0.47526343663533538 -5.5906016031901045 -0.62650835514068604 -1.9438518333435058 1.6455897556032455
leaf_weight=8.0000000000000018 12.999999999999998 8.0000000000000018 7.9999999999999991 11.999999999999998 31 43 91 306 310 19.000000000000004 80 36 104 2.9999999999999991 27 90 2479 15.000000000000002 14.999999999999998 5.9999999999999991 40 5.9999999999999982 2.9999999999999991 7.9999999999999991 5 35
leaf_count=8 13 4 4 6 20 29 79 286 255 19 74 36 104 3 27 58 2479 15 15 3 40 6 3 8 5 35
internal_value=0.0155754 0.974974 4.69646 0.883599 1.41067 3.24799 0.466159 0.00404645 0.988425 -0.289915 0.150202 -0.266236 0.0693471 0.629823 0.204456 1.2806 -0.343324 -0.331367 0.784722 2.1845 -0.344659 -1.72872 -2.83311 -2.00629 -0.624334 1.82757
internal_weight=3801 918 22 896 396 74 500 319 322 2883 312 167 140 145 107 181 2571 2549 30 14 2519 22 11 27 11 38
internal_count=3634 757 11 746 310 49 436 299 261 2877 306 167 140 139 101 137 2571 2549 30 7 2519 22 11 27 11 38
is_linear=0
shrinkage=0.05


Tree=50
num_leaves=29
num_cat=0
split_feature=3 3 7 1 6 4 4 4 4 3 4 3 4 6 5 4 0 4 0 0 5 8 4 1 4 4 4 1
split_gain=380880 88814.2 72279.2 40571.8 67208.1 38086.2 53559.5 345440 83734.2 39257.7 23849.1 15245.9 36073.5 42611.4 49358.7 24177.8 22239.4 18208.8 9581.84 68930 22446.2 8807.18 20573.3 6927.71 4307.71 19648.1 4933.42 1093.61
threshold=0.5537475572941698 0.81637108744383602 5.5000000000000009 32230.775000000005 38.500000000000007 36384.500000000007 43362.500000000007 43067.500000000007 44810.000000000007 0.74429233893245794 36212.500000000007 0.44968078127421535 36520.000000000007 55.500000000000007 8.5000000000000018 36384.500000000007 32757.050000000003 42342.500000000007 39327.100000000006 38066.750000000007 8.5000000000000018 4.5000000000000009 32625.000000000004 13410.315000000001 46250.000000000007 42595.000000000007 48944.500000000007 12398.780000000001
decision_type=2 2 2 2 2 2 2 2 2 2 2 2 2 2 2 2 2 2 2 2 2 2 2 2 2 2 2 2
left_child=11 5 18 -4 -5 9 7 -7 -8 10 -2 21 15 14 -14 16 -13 -15 19 -3 -20 24 27 -24 25 -1 -26 -23
right_child=1 2 3 4 -6 6 8 -9 -10 -11 -12 12 13 17 -16 -17 -18 -19 20 -21 -22 22 23 -25 26 -27 -28 -29
leaf_value=-0.44301645529713007 0.49509310722351074 0.18630824089050291 6.8778543472290039 5.7703058106558665 1.4733575270726131 0.49379244976221248 1.7477307296231572 -6.5805457215560113 0.41435479448061319 5.4676988283793131 2.0268445518281726 -0.1253114614221785 -1.4057725210447569 -1.8589120345237928 0.63878853537448466 4.7376164913177492 1.6578476078370039 -0.57380384549181518 -2.0113151844590891 6.2040512720743815 1.5419886904954911 1.6828075922452481 -0.32619272852905945 0.8745852012043962 -0.66710438002284178 -0.0018377611272962103 -0.047350692311050123 0.96580655839708118
leaf_weight=1648 48 23.000000000000004 7.9999999999999991 13.999999999999998 26 188 162 19 431 5.9999999999999991 54 36 37 39 146 3.9999999999999991 34 94 8.0000000000000018 5.9999999999999991 9.9999999999999982 13.000000000000002 158 12.999999999999998 243 298 37 8.9999999999999982
leaf_count=1648 45 12 4 7 14 181 130 19 383 3 29 36 37 39 146 4 34 94 5 3 5 13 158 13 243 298 37 9
internal_value=-0.0283267 0.808071 2.26266 3.62738 2.97729 0.655883 0.536902 -0.155543 0.778616 1.53722 1.30602 -0.326976 -0.0368706 -0.269575 0.225407 0.956839 0.740794 -0.95064 0.86891 1.43136 -0.0372575 -0.373748 -0.0497414 -0.234906 -0.401841 -0.375457 -0.585208 1.38949
internal_weight=3812 1003 95 48 40 908 800 207 593 108 102 2809 390 316 183 74 70 133 47 29 18 2419 193 171 2226 1946 280 22
internal_count=3649 840 50 25 21 790 713 200 513 77 74 2809 390 316 183 74 70 133 25 15 10 2419 193 171 2226 1946 280 22
is_linear=0
shrinkage=0.05


Tree=51
num_leaves=29
num_cat=0
split_feature=3 7 0 4 6 3 3 4 4 4 5 5 7 4 4 0 4 4 4 4 1 7 4 4 4 1 4 0
split_gain=396896 66820.6 122363 101492 233530 157378 44747.3 53160.7 36863 49685.9 36248.6 46190.4 33142 18567.8 42238.8 23315.9 20222.2 258321 30600.7 6411.71 44336.6 24895.8 9790.44 11133.4 8010.79 7255.52 3050.38 2472.92
threshold=0.62742230423455536 5.5000000000000009 34760.750000000007 44810.000000000007 50.500000000000007 0.85868205595435165 0.42776549141032033 45602.500000000007 35012.500000000007 43362.500000000007 9.5000000000000018 13.500000000000002 1.5000000000000002 37162.000000000007 36212.500000000007 33210.200000000004 43362.500000000007 43067.500000000007 44585.000000000007 36337.500000000007 8921.5150000000012 1.5000000000000002 37010.000000000007 37487.500000000007 35987.500000000007 12867.24 33577.500000000007 37006.750000000007
decision_type=2 2 2 2 2 2 2 2 2 2 2 2 2 2 2 2 2 2 2 2 2 2 2 2 2 2 2 2
left_child=6 13 -3 4 -4 -5 19 8 26 -10 12 -12 -9 14 27 -16 17 -15 -18 20 24 -22 25 -24 -1 -21 -8 -2
right_child=1 2 3 5 -6 -7 7 10 9 -11 11 -13 -14 16 15 -17 18 -19 -20 22 21 -23 23 -25 -26 -27 -28 -29
leaf_value=-0.44027393605052811 0.015305320421854654 -5.7542860031127931 7.0509523835675472 0.73290704880654811 0.7586824226379395 8.0209108591079712 1.3340919196605683 0.69660157382488253 -0.044034006198910278 1.1057369302201079 0.43920189866395759 -1.1548304824134972 -2.5779062797041501 0.88909722711936934 2.3740986633300785 6.3166777292887373 1.8083763394090866 -8.5288699150085456 0.66584033531802045 -0.65852122795150947 2.5393357483545937 0.37465573243539912 0.32598028046599892 -0.37585414520617388 0.26741019958673523 -1.9845121730457653 2.1312715927759807 0.98716822949548577
leaf_weight=571 8.9999999999999982 4.9999999999999991 29 100 30 7.9999999999999991 36 9.9999999999999982 398 123 107 79 34 81 9.9999999999999982 5.9999999999999991 72 7.9999999999999991 315 166 14.999999999999998 116 59 1337 43 10.999999999999998 18 24
leaf_count=571 8 5 15 67 16 4 36 10 381 123 107 79 34 73 5 3 54 8 269 166 15 116 59 1337 43 11 18 18
internal_value=0.0189264 1.09774 1.95305 2.18381 3.85149 1.27276 -0.221846 0.0993174 0.356296 0.227409 -0.54313 -0.237833 -1.8337 0.817523 1.7443 3.85257 0.722119 0.0425384 0.878405 -0.33338 -0.212547 0.62252 -0.390609 -0.346192 -0.390713 -0.740927 1.59982 0.722115
internal_weight=3820 697 172 167 59 108 3123 805 575 521 230 186 44 525 49 16 476 89 387 2318 745 131 1573 1396 614 177 54 33
internal_count=3651 545 107 102 31 71 3106 788 558 504 230 186 44 438 34 8 404 81 323 2318 745 131 1573 1396 614 177 54 26
is_linear=0
shrinkage=0.05


Tree=52
num_leaves=31
num_cat=0
split_feature=3 3 8 7 0 3 0 3 4 0 4 0 1 3 6 4 0 1 0 6 0 0 8 1 0 4 3 1 5 7
split_gain=323103 68688.8 80722.7 103619 89226.8 62815.4 43888 39875.3 37167.2 31224.9 36443 75423.3 59185.9 17746 21443.6 36040.6 25339.1 15806.4 21761 14875.4 36996.5 13182.3 9530.94 19164.4 22285 7267.94 7091.65 6782.86 6715.97 3653.06
threshold=0.55670345602479665 0.79221302592697518 2.5000000000000004 5.5000000000000009 42907.950000000004 0.83796288046252176 39327.100000000006 0.83796288046252176 48480.000000000007 32210.450000000004 45602.500000000007 39436.750000000007 30334.345000000001 0.50005353945057474 54.500000000000007 36520.000000000007 33182.650000000001 22224.790000000005 40308.600000000013 37.500000000000007 31531.350000000002 30950.250000000004 4.5000000000000009 10398.58 32158.250000000004 34230.000000000007 0.49629283628333587 19611.730000000007 9.5000000000000018 3.5000000000000004
decision_type=2 2 2 2 2 2 2 2 2 2 2 2 2 2 2 2 2 2 2 2 2 2 2 2 2 2 2 2 2 2
left_child=13 9 4 6 7 -5 -4 -3 -6 19 12 -12 -11 22 17 29 -17 18 -15 21 -21 -2 26 25 -25 -24 27 -1 -28 -16
right_child=1 2 3 5 8 -7 -8 -9 -10 10 11 -13 -14 14 15 16 -18 -19 -20 20 -22 -23 23 24 -26 -27 28 -29 -30 -31
leaf_value=-0.33920604984136421 -2.6547065734863251 0.093160939878887614 2.0165918329026966 8.1301240603129052 1.4039448489313542 3.2002574511936737 -3.4485919952392581 -3.2349718596786263 4.8365941365559904 0.99412441937785079 -0.87433587796262757 0.76870878554310884 -4.4756230163574218 0.7593165474278587 2.1275247427133417 -2.7677354982921059 -0.40906708900068633 3.1461269060770674 -1.5951515501195734 -0.54823163880242243 -6.3274719238281252 1.2317728221416475 -0.59595658139484686 -3.3671117782592774 1.0672156510692017 0.089962796971508094 -0.26645420392354324 0.85254659255345677 -1.8534286053975426 0.19187835057576497
leaf_weight=2362 3.0000000000000027 36 45 12.000000000000002 23 13.999999999999998 3.9999999999999991 11.999999999999998 11.999999999999998 455 103 217 4.9999999999999991 91 12.999999999999998 13.999999999999998 61 5.9999999999999991 10.999999999999998 8.9999999999999982 3.9999999999999991 7.9999999999999991 82 2.9999999999999991 51 73 12.000000000000002 11.999999999999998 14.999999999999998 2.9999999999999991
leaf_count=2362 3 25 24 6 13 7 3 6 6 387 103 190 5 91 13 14 61 6 11 9 4 8 82 3 51 73 12 12 15 3
internal_value=-0.00860737 0.782255 1.73533 2.92423 0.661012 5.47558 1.57045 -0.738872 2.58085 0.59496 0.649618 0.239854 0.934671 -0.279454 0.175678 -0.389758 -0.849352 0.65211 0.505403 -1.18141 -2.32646 0.171824 -0.314156 0.00969142 0.820864 -0.272911 -0.342346 -0.333182 -1.14811 1.76459
internal_weight=3771 962 158 75 83 26 49 48 35 804 780 320 460 2809 199 91 75 108 102 24 13 11 2610 209 54 155 2401 2374 27 16
internal_count=3608 799 90 40 50 13 27 31 19 709 685 293 392 2809 199 91 75 108 102 24 13 11 2610 209 54 155 2401 2374 27 16
is_linear=0
shrinkage=0.05


Tree=53
num_leaves=28
num_cat=0
split_feature=1 7 5 0 2 0 2 7 4 5 8 4 0 1 4 0 4 4 4 5 0 5 0 0 0 0 1
split_gain=287438 74575.6 116311 243308 60784.1 60627.1 46467.7 63906.8 57120.1 53687.9 101005 47389.5 36396.4 29060.7 23545.4 21086.1 20770.5 356594 31718.8 29903 17402.3 14902.2 10639.1 15770.3 9457.75 8724.11 2755.33
threshold=24603.755000000001 5.5000000000000009 12.500000000000002 38462.400000000001 5774.0350000000008 37116.850000000006 18167.520000000004 2.5000000000000004 36520.000000000007 9.5000000000000018 2.5000000000000004 37162.000000000007 32686.750000000004 30334.345000000001 48480.000000000007 33466.80000000001 43362.500000000007 43067.500000000007 44585.000000000007 10.500000000000002 36761.850000000013 15.500000000000002 44789.100000000006 43100.000000000007 37006.750000000007 33051.000000000007 30745.740000000002
decision_type=2 2 2 2 2 2 2 2 2 2 2 2 2 2 2 2 2 2 2 2 2 2 2 2 2 2 2
left_child=6 16 3 5 -5 -3 7 8 15 10 -9 -10 -11 24 -15 -1 17 21 19 -18 -20 -2 23 25 -4 -8 -19
right_child=1 2 13 4 -6 -7 22 9 11 12 -12 -13 -14 14 -16 -17 18 26 20 -21 -22 -23 -24 -25 -26 -27 -28
leaf_value=2.7260363504290583 0.93695397626269949 3.3901838620503728 0.054132562213473845 4.5950754029410232 0.91161435289042336 9.2837654590606693 -0.36239190955683864 -3.5084829617949094 -3.3142721388075089 -0.71405868009589191 -0.14519818232609677 0.37995532784230857 0.58292733593420543 1.8019354436132646 -1.3673209530966624 1.1581215375203353 2.8716756835128323 -7.9435230255126967 -0.69531043010453386 0.70905858364797414 0.71071825111732945 2.881690565745036 2.6839779218037925 -3.4323642253875732 -1.6786285681383952 -0.16986185453797475 -9.7203587849934863
leaf_weight=32 55 6.0000000000000027 18 13.999999999999998 56 15.999999999999998 1573 34 8.9999999999999982 87 65 245 143 36 6.9999999999999991 65 33 7.9999999999999982 24 31 265 11.999999999999998 2.9999999999999991 3.9999999999999991 13.999999999999998 940 3
leaf_count=25 48 3 9 7 34 8 1573 34 9 87 65 245 143 19 5 48 23 8 21 25 226 6 3 4 13 940 3
internal_value=-0.00481094 1.0014 1.89841 3.08981 1.64831 7.67643 -0.192847 0.173942 0.643224 -0.32672 -1.30027 0.249058 0.0923283 0.43696 1.28601 1.67537 0.653834 -0.0845706 0.816994 1.82416 0.593955 1.28527 -0.291821 -0.295368 -0.70395 -0.290375 -8.42811
internal_weight=3798 598 167 92 70 22 3200 680 351 329 99 254 230 75 43 97 431 78 353 64 289 67 2520 2517 32 2513 11
internal_count=3634 458 98 52 41 11 3176 656 327 329 99 254 230 46 24 73 360 65 295 48 247 54 2520 2517 22 2513 11
is_linear=0
shrinkage=0.05


Tree=54
num_leaves=31
num_cat=0
split_feature=1 9 4 0 3 1 6 4 3 4 5 5 4 0 4 4 4 4 0 1 9 0 3 4 4 5 4 0 4 3
split_gain=303661 90340.3 91736.1 194432 137148 118974 114503 56615.7 42279.4 60476.5 46801.9 39157.3 32824.7 22117 22056.2 21725.6 308223 42138.1 26771.6 26581.9 14409.1 12468.3 5658.14 5179.22 63342.4 71532.6 10590.5 4664.28 4106.67 1286.94
threshold=24804.820000000003 1.0000000180025095e-35 44810.000000000007 37714.850000000013 0.85868205595435165 36284.270000000004 39.500000000000007 48055.000000000007 0.440477333962974 36520.000000000007 8.5000000000000018 13.500000000000002 36212.500000000007 37116.850000000006 35012.500000000007 43362.500000000007 43067.500000000007 44585.000000000007 38427.650000000001 27992.745000000003 1.0000000180025095e-35 32005.850000000002 0.74916972377503899 45602.500000000007 45077.500000000007 11.500000000000002 42595.000000000007 39436.750000000007 48944.500000000007 0.28145247767445802
decision_type=2 2 2 2 2 2 2 2 2 2 2 2 2 2 2 2 2 2 2 2 2 2 2 2 2 2 2 2 2 2
left_child=8 15 3 13 7 -6 -5 -4 23 12 20 -12 14 -3 -10 16 22 19 -19 -17 -11 -14 -2 24 26 -26 -1 -18 29 -25
right_child=1 2 4 6 5 -7 -8 -9 9 10 11 -13 21 -15 -16 17 27 18 -20 -21 -22 -23 -24 28 25 -27 -28 -29 -30 -31
leaf_value=-0.32175766860596666 1.6426935182376341 0.71116339700917408 1.064175612679342 2.4327143796284996 10.914388783772784 2.2912483533223464 8.0980182387612096 -1.2150132283142634 1.156100610891978 -0.82773039688666672 0.40145734063949362 -0.44046455361904241 4.9214749654134122 2.9697882039206371 -0.31694937788501937 0.9700382963816323 -6.4241045761108415 -0.74643020725956089 0.7093155289716262 3.9467177327473957 -2.3730068726973101 1.6297361724717279 0.6454666538238526 -0.42013838152371108 6.6716154915945864 -0.24945979714393618 0.038619672613339907 -8.4235940115792403 0.027526022690451808 -0.63655993613329809
leaf_weight=1794 33 48 123 14.999999999999998 6.0000000000000009 12 22 35 48 48 337 234 2.9999999999999991 13.999999999999998 54 15.000000000000002 4.9999999999999982 38 187 14.999999999999998 22 70 25 124 6.9999999999999991 7.9999999999999991 230 7 36 154
leaf_count=1794 29 28 80 9 3 6 12 31 48 48 337 234 3 10 54 15 5 36 169 8 22 44 15 124 7 8 230 7 36 154
internal_value=0.0169078 1.04833 1.71531 2.93293 1.03039 5.16563 5.80127 0.559292 -0.178376 0.131751 -0.0931588 0.0564316 0.955563 1.22118 0.376251 0.483966 -0.296288 0.698153 0.463456 2.45838 -1.31339 1.76501 1.21285 -0.285925 -0.256815 2.98038 -0.280806 -7.59047 -0.474957 -0.540027
internal_weight=3769 600 275 99 176 18 37 158 3169 816 641 571 175 62 102 325 70 255 225 30 70 73 58 2353 2039 15 2024 12 314 278
internal_count=3606 463 179 59 120 9 21 111 3143 790 641 571 149 38 102 284 56 228 205 23 70 47 44 2353 2039 15 2024 12 314 278
is_linear=0
shrinkage=0.05


Tree=55
num_leaves=31
num_cat=0
split_feature=1 7 4 6 5 2 1 0 4 1 4 5 4 4 4 2 2 2 4 5 1 1 4 4 4 6 0 6 6 0
split_gain=274875 94606.4 114059 215518 108413 69864.1 52340.1 32792.9 31369.4 71015.6 57598.6 63285.2 45736.1 169531 24890.7 20474.1 22189.5 37519.4 19238.3 14549.1 21667.5 14105.6 8758.94 228248 21966.4 19146.3 11655.9 7611.99 5416.52 4719.61
threshold=24603.755000000001 5.5000000000000009 44810.000000000007 50.500000000000007 9.5000000000000018 5774.0350000000008 36284.270000000004 37374.000000000007 45602.500000000007 17543.215000000007 45077.500000000007 11.500000000000002 43362.500000000007 43067.500000000007 43615.000000000007 14343.370000000001 15382.060000000003 16321.795000000002 44860.000000000007 14.500000000000002 22664.415000000005 24157.77 43362.500000000007 43067.500000000007 44585.000000000007 41.500000000000007 36761.850000000013 65.500000000000014 54.500000000000007 39436.750000000007
decision_type=2 2 2 2 2 2 2 2 2 2 2 2 2 2 2 2 2 2 2 2 2 2 2 2 2 2 2 2 2 2
left_child=8 22 3 4 -3 -4 -7 -5 9 10 18 -12 13 -11 -14 19 28 -18 -1 21 -21 -10 23 27 25 -24 -26 -2 -17 -25
right_child=1 2 5 7 -6 6 -8 -9 15 12 11 -13 14 -15 -16 16 17 -19 -20 20 -22 -23 24 29 26 -27 -28 -29 -30 -31
leaf_value=-0.24263402167177661 0.87333390765869234 2.8848388158358063 4.9860678100585938 -0.2425732652346293 8.7500024795532223 0.88897771242353107 -3.9232287089029949 3.8901756922403972 1.2295454263687136 0.42626905024897122 6.3146810259137842 -0.024173031912909617 4.4229309399922689 -4.7151216002071612 1.1202717925454009 1.5371601372957227 -2.8773702509262984 -0.48475276596338451 -1.3922465214858184 -5.8511673355102536 -0.47622668743133528 -3.3059460143248232 2.759545285361154 -5.7831651051839215 -0.56548209562897689 0.88693899508470142 0.5868996149336454 2.5136739015579224 -0.77802898089090988 -8.2120554606119782
leaf_weight=2214 61 12.999999999999998 9.9999999999999982 24.000000000000004 20 97 5.9999999999999991 5.9999999999999991 3.9999999999999991 282 6.9999999999999991 8.9999999999999982 5.9999999999999991 17 116 16.000000000000004 17 453 37 5 3 3 21 2.9999999999999982 24 39 256 7.9999999999999991 2.9999999999999991 6
leaf_count=2214 50 7 5 12 10 67 3 3 4 257 7 9 6 17 116 16 17 453 37 5 3 3 14 3 21 32 220 4 3 6
internal_value=-0.0136187 0.973992 1.94645 3.65115 6.43948 0.996037 0.608655 0.583977 -0.197403 -0.129531 -0.240282 2.74908 0.466841 0.133949 1.2827 -0.559389 -0.503574 -0.571294 -0.26153 -2.37894 -3.83556 -0.714237 0.564538 0.0866786 0.674164 1.54235 0.488124 1.06352 1.1716 -7.40243
internal_weight=3786 594 176 63 33 113 103 30 3192 2688 2267 16 421 299 122 504 489 470 2251 15 8 7 418 78 340 60 280 69 19 9
internal_count=3624 457 107 32 17 75 70 15 3167 2663 2267 16 396 274 122 504 489 470 2251 15 8 7 350 63 287 46 241 54 19 9
is_linear=0
shrinkage=0.05


Tree=56
num_leaves=29
num_cat=0
split_feature=1 2 1 6 8 3 4 0 0 4 4 5 0 4 4 0 4 1 4 2 8 4 0 1 2 2 6 6
split_gain=220703 44387.8 35996.9 48586.2 46726.4 97966.8 39919.3 31366.7 43683.1 48714.2 31295.2 29585 19281.3 20773.6 55193.9 19001.3 13761.3 56543 47853 20055.7 17209.5 14960.8 13274.6 13234 12782.7 4162.23 5173.82 2181.84
threshold=24603.755000000001 8049.3500000000013 17650.955000000005 38.500000000000007 2.5000000000000004 0.58452734979975163 45602.500000000007 34038.500000000007 37068.80000000001 44395.000000000007 43362.500000000007 14.500000000000002 44789.100000000006 44810.000000000007 44395.000000000007 39550.700000000004 36520.000000000007 12185.745000000003 36384.500000000007 17267.730000000003 2.5000000000000004 37010.000000000007 36042.950000000004 29972.840000000004 23920.770000000004 11902.855000000001 42.500000000000007 39.500000000000007
decision_type=2 2 2 2 2 2 2 2 2 2 2 2 2 2 2 2 2 2 2 2 2 2 2 2 2 2 2 2
left_child=2 7 16 4 5 -4 10 -2 23 -10 -5 -8 13 14 -3 -15 17 24 -19 20 -18 -21 -6 -9 -1 26 -14 -27
right_child=1 12 3 6 22 -7 11 8 9 -11 -12 -13 25 15 -16 -17 19 18 -20 21 -22 -23 -24 -25 -26 27 -28 -29
leaf_value=0.11271238602597167 7.8250251770019537 0.40400516388066321 -0.33496714743172251 0.38498850501908199 -0.22223249340758608 -4.6782324778406243 0.1140883267753654 0.4637373685836792 -1.3012849330902101 2.3588238447904586 1.4444023465534839 -1.511185434791777 2.5134904543558751 -0.37035059114781821 2.5373752061809816 0.53085208880970736 -0.44966861094747279 0.64620208473399632 5.2141468365987151 -0.95511756767461342 -1.7796453731004584 -0.25724489641180764 1.4889739457298727 -2.0951851685841878 -0.35851431793510269 0.15859376668930056 0.9114980612482344 1.4378051888942718
leaf_weight=185 1.9999999999999989 109 41 225 34 19 126 32 9.9999999999999982 100 101 36 18.000000000000004 82 42 204 56 129 5.9999999999999991 81 43 1480 17 5.9999999999999991 648 4.9999999999999991 6.9999999999999991 9.9999999999999982
leaf_count=185 1 92 41 204 33 19 126 19 6 55 101 36 9 79 26 181 56 129 6 81 43 1480 16 3 648 5 4 7
internal_value=-0.00334297 0.855046 -0.170126 0.17966 -0.764535 -1.71033 0.394425 1.60525 1.5212 2.02609 0.713212 -0.247084 0.619132 0.522955 0.997393 0.272465 -0.249853 -0.100021 0.849222 -0.337225 -1.02734 -0.293457 0.34817 0.059697 -0.25386 1.66986 2.06493 1.0114
internal_weight=3854 627 3227 599 111 60 488 150 148 110 326 162 477 437 151 286 2628 968 135 1660 99 1561 51 38 833 40 25 15
internal_count=3691 487 3204 576 109 60 467 84 83 61 305 162 403 378 118 260 2628 968 135 1660 99 1561 49 22 833 25 13 12
is_linear=0
shrinkage=0.05


Tree=57
num_leaves=28
num_cat=0
split_feature=1 7 6 0 1 0 4 4 4 4 4 1 3 5 3 3 4 4 0 2 2 5 3 2 5 1 1
split_gain=205774 60795.9 89295.2 268694 76589.3 53330.7 28076 56681.6 63998.9 108960 38916.6 68241.7 43363.4 28858 43322.2 26489.7 20399.6 19269.3 18192.1 16055.5 33088.7 14709.6 12580.6 10433.6 29626.5 8416.76 7167.87
threshold=24603.755000000001 5.5000000000000009 50.500000000000007 38462.400000000001 34629.880000000012 42907.950000000004 45602.500000000007 42782.500000000007 42977.500000000007 43362.500000000007 39497.500000000007 11311.780000000001 0.68581711318599881 14.500000000000002 0.55959255619864845 0.6142713879739311 48480.000000000007 42910.000000000007 39960.100000000006 15597.940000000002 16321.795000000002 9.5000000000000018 0.85868205595435165 8049.3500000000013 12.500000000000002 34629.880000000012 30334.345000000001
decision_type=2 2 2 2 2 2 2 2 2 2 2 2 2 2 2 2 2 2 2 2 2 2 2 2 2 2 2
left_child=6 22 3 26 16 -5 7 10 17 -10 11 -1 -12 19 18 -16 -4 -9 -15 21 -21 -8 23 24 -2 -25 -3
right_child=1 2 4 5 -6 -7 13 8 9 -11 12 -13 -14 14 15 -17 -18 -19 -20 20 -22 -23 -24 25 -26 -27 -28
leaf_value=-0.25930768877910548 2.120758449709093 7.0592195510864251 0.21834215963328327 -0.24181255009025338 4.4812329864501956 2.5122920476473296 -2.0689933776855454 0.79005744628932173 -2.2806020892801739 0.45634063981555928 -0.50502905893721628 0.47875219421226733 -5.728322219848633 -0.99822130674539611 -5.1277361436323687 -0.73852087974548342 -1.9878813349283657 2.1826584339141846 3.028910255432129 -4.9698963522911077 -0.39997424988232078 1.1879777000500606 -1.4310646057128906 0.40481542266673176 0.18032586319105967 1.7013673782348633 8.9913859367370605
leaf_weight=1223 37 12.000000000000002 54 32 9.9999999999999982 39 4.0000000000000027 46 42 271 600 421 3.9999999999999991 43 10.999999999999998 4.9999999999999991 12.999999999999998 54 2.9999999999999991 3.9999999999999991 406 26 7.9999999999999991 337 42 12.999999999999998 7.9999999999999991
leaf_count=1223 21 6 32 25 5 20 4 46 42 271 600 400 4 43 11 5 12 54 3 4 406 26 4 312 26 7 4
internal_value=-0.000593163 0.84426 1.65264 2.713 0.399485 1.27101 -0.162192 -0.0974897 0.440894 0.0890831 -0.196401 -0.0703033 -0.53962 -0.505164 -1.51507 -3.75611 -0.209731 1.54206 -0.735582 -0.362858 -0.444559 0.753715 0.533487 0.570122 1.08914 0.452973 7.83209
internal_weight=3768 605 168 91 77 71 3163 2661 413 313 2248 1644 604 502 62 16 67 100 46 440 410 30 437 429 79 350 20
internal_count=3616 474 104 55 49 45 3142 2640 413 313 2227 1623 604 502 62 16 44 100 46 440 410 30 370 366 47 319 10
is_linear=0
shrinkage=0.05


Tree=58
num_leaves=30
num_cat=0
split_feature=3 3 7 0 0 3 0 4 4 4 1 4 4 7 4 0 1 3 4 8 3 0 2 3 3 7 0 0 4
split_gain=144723 26058.1 35368 30039.5 70184.6 57102.3 21588.7 20246.1 31699.5 27097.6 20152.7 64441.2 50807 47253.6 41240 39594.8 13981.6 12637.9 12487.1 10633.3 9468.67 7428.23 6668.7 15550.3 6278.89 4013.99 8426.73 1699.34 1387.65
threshold=0.59357231757360995 0.79221302592697518 5.5000000000000009 38462.400000000001 37374.000000000007 0.85868205595435165 32612.550000000003 36384.500000000007 36212.500000000007 43362.500000000007 12266.150000000001 36520.000000000007 37010.000000000007 1.5000000000000002 36384.500000000007 33087.350000000013 16500.125000000004 0.85868205595435165 44395.000000000007 3.5000000000000004 0.47922960117895269 31179.400000000005 20430.490000000002 0.36137069970767605 0.33778704786345531 3.5000000000000004 29604.050000000007 32717.350000000002 37329.500000000007
decision_type=2 2 2 2 2 2 2 2 2 2 2 2 2 2 2 2 2 2 2 2 2 2 2 2 2 2 2 2 2
left_child=10 6 17 4 -4 -5 19 8 -8 -9 22 14 20 -14 15 -12 -16 18 -3 21 -13 -2 25 24 -24 26 -1 -25 -27
right_child=1 2 3 5 -6 -7 7 9 -10 -11 11 12 13 -15 16 -17 -18 -19 -20 -21 -22 -23 23 27 -26 28 -28 -29 -30
leaf_value=-0.86806011884599121 -1.5226648879051212 -0.77300058205922451 -0.16923055648803706 -0.47183672081340444 5.7015168326241632 3.219596964120865 0.33812610412898819 -0.32258395111752214 2.5123182169596356 0.5594348112375026 -0.14416789002278271 -1.9264335453510282 0.46163453404410482 -0.38893787837454252 5.5154178937276219 1.3074813018437652 1.3348603884379067 -1.359511423110962 0.96913936105039389 0.78772067228953024 -4.2555441856384277 -4.6697750091552725 -0.23510375564376715 3.1417987664540608 -0.83274633980459645 -1.5868021283830915 0.24950368337092865 1.4588739077250159 -0.83515589714050309
leaf_weight=37 4.9999999999999982 11.999999999999998 8.0000000000000018 22 13.999999999999998 20 38 109 30 433 85 16.000000000000004 237 525 5.9999999999999982 105 3 7.9999999999999991 72 3 5.9999999999999991 3 1880 2.9999999999999991 45 6.9999999999999991 31 3 50
leaf_count=37 5 7 4 14 7 10 31 105 15 380 85 16 237 525 6 91 3 4 43 3 6 3 1880 3 45 7 31 3 50
internal_value=-0.0193373 0.589623 1.16734 2.06998 3.5667 1.28599 0.444497 0.484085 1.29733 0.382055 -0.175034 0.0111772 -0.192782 -0.12439 0.814715 0.658059 4.1219 0.539412 0.720262 -1.75086 -2.56165 -2.70283 -0.264064 -0.241153 -0.249075 -0.617992 -0.358583 2.30034 -0.927463
internal_weight=3816 777 156 64 22 42 621 610 68 542 3039 983 784 762 199 190 9 92 84 11 22 8 2056 1931 1925 125 68 6 57
internal_count=3656 631 89 35 11 24 542 531 46 485 3025 969 784 762 185 176 9 54 50 11 22 8 2056 1931 1925 125 68 6 57
is_linear=0
shrinkage=0.05


Tree=59
num_leaves=29
num_cat=0
split_feature=1 4 7 6 0 0 0 5 3 4 6 6 3 4 2 3 0 0 4 7 6 0 1 0 2 2 6 0
split_gain=173524 38524.1 67648 164300 113648 42991.6 47812.9 28214.8 48450 56531.5 33350.3 32394.3 27294 24878 37112.3 22485.9 22560.5 21066.9 26448.1 17085.7 23424 16117.2 10311.5 8708.54 8111.99 9742.84 6610.16 5719.74
threshold=24804.820000000003 44860.000000000007 5.5000000000000009 50.500000000000007 38568.350000000006 41070.150000000009 41262.450000000004 8.5000000000000018 0.42776549141032033 44860.000000000007 63.500000000000007 57.500000000000007 0.81637108744383602 39905.000000000007 11985.375000000002 0.53233680243923487 35318.500000000007 34038.500000000007 43362.500000000007 5.5000000000000009 63.500000000000007 44789.100000000006 19995.805000000004 38427.650000000001 18517.740000000002 19207.455000000005 37.500000000000007 31572.850000000002
decision_type=2 2 2 2 2 2 2 2 2 2 2 2 2 2 2 2 2 2 2 2 2 2 2 2 2 2 2 2
left_child=7 2 17 4 -4 19 -7 13 24 10 -10 -11 -5 15 -15 16 -1 -2 -19 23 -21 -8 -16 -3 26 -26 -9 -17
right_child=1 5 3 12 -6 6 21 8 9 11 -12 -13 -14 14 22 27 -18 18 -20 20 -22 -23 -24 -25 25 -27 -28 -29
leaf_value=-0.61036628844340646 3.6972109476725259 -0.74337552124313244 7.5269085311889645 -0.51166601410278911 0.99865397334098815 5.252073871095976 0.5138817383312122 -2.4270570119222006 0.74252579226537996 0.044368178814462145 -0.21904769981729577 -1.1385517227125692 2.8280631542205814 -6.3409838676452637 -0.50301664216177799 -0.79014749526977468 -5.0321795145670576 -0.074711248236642755 1.1466049759317254 -0.92509139071811308 -5.6348501841227217 1.6170678007893446 -2.0059204604178666 0.2961461991297476 0.50687070521323585 -0.22845653856204004 -0.65017990368168532 1.2728008894693286
leaf_weight=75 5.9999999999999991 29 20.000000000000004 26 9.9999999999999982 5.9999999999999991 172 5.9999999999999991 405 159 116 91 7.9999999999999991 3.9999999999999991 21 4.0000000000000027 2.9999999999999991 71 118 22.000000000000004 2.9999999999999991 41 25 66 46 2174 41 21
leaf_count=75 4 29 10 16 8 5 136 6 381 159 116 91 4 4 21 4 3 58 82 22 2 25 25 62 46 2174 41 20
internal_value=0.00257736 0.784206 1.24334 2.65384 5.35082 0.433425 0.850228 -0.143901 -0.110536 0.231854 0.528433 -0.386215 0.274153 -0.806412 -1.72151 -0.362192 -0.780436 0.780401 0.687804 -0.32724 -1.49026 0.726232 -1.31981 -0.0211815 -0.226982 -0.21322 -0.877015 0.942729
internal_weight=3789 598 259 64 30 339 219 3191 3038 771 521 250 34 153 50 103 78 195 189 120 25 213 46 95 2267 2220 47 25
internal_count=3629 463 182 38 18 281 166 3166 3014 747 497 250 20 152 50 102 78 144 140 115 24 161 46 91 2267 2220 47 24
is_linear=0
shrinkage=0.05


Tree=60
num_leaves=31
num_cat=0
split_feature=1 9 4 0 6 5 3 0 4 4 4 8 0 2 5 3 1 2 4 4 2 0 4 4 4 1 3 0 0 0
split_gain=167523 48684 71027.4 118620 78687.5 41010.2 157631 44393.1 22809.2 217188 34141.6 21640.9 76200.7 71105.4 32735.6 36781.2 23080.4 16547.7 15920.6 15313.3 12269.3 9975.05 9960.88 81006.1 14381.5 9869.37 30607.1 8201.44 3148.2 1081.69
threshold=24804.820000000003 1.0000000180025095e-35 44810.000000000007 37714.850000000013 39.500000000000007 15.500000000000002 0.85868205595435165 42907.950000000004 42977.500000000007 43362.500000000007 44585.000000000007 2.5000000000000004 36674.700000000004 22020.025000000005 8.5000000000000018 0.66294938228971068 20992.420000000002 8939.9050000000007 41470.000000000007 43672.500000000007 24118.715000000004 33667.000000000007 43775.000000000007 42910.000000000007 48097.000000000007 25924.270000000004 0.74429233893245794 39214.900000000009 39738.700000000004 37116.850000000006
decision_type=2 2 2 2 2 2 2 2 2 2 2 2 2 2 2 2 2 2 2 2 2 2 2 2 2 2 2 2 2 2
left_child=11 8 3 17 -5 7 -7 -4 25 27 -11 14 16 19 15 18 20 -3 -1 -14 -13 -18 23 -16 -24 26 -2 -10 -27 -15
right_child=1 2 5 4 -6 6 -8 -9 9 10 -12 12 13 29 22 -17 21 -19 -20 -21 -22 -23 24 -25 -26 28 -28 -29 -30 -31
leaf_value=0.089839521576376535 1.0453777025143305 0.30742019017537436 -0.26218683819989769 1.7804715855916342 6.476891019127585 -1.0290698541836303 8.1950782299041744 1.4559137297458338 -4.4816413760185245 2.1441025663305213 0.26756173042101072 -0.00089951998116117237 0.38286667439070615 5.2929408391316741 -0.34129814836859462 -5.6308664703369145 2.0357052167256673 1.928105824334281 -1.8779226472744577 1.4695182767297541 -0.26971980039869764 0.47706164952734825 -0.53037708970977993 1.2165305311582528 0.10799713642546185 0.68264990025445038 6.0957145690917969 -7.5471735477447517 1.836544840676444 6.5489150047302234
leaf_weight=17 11.999999999999998 36 98 14.999999999999998 22 11 8 61 2.9999999999999991 27 237 759 77 2.9999999999999991 562 4.9999999999999991 11.999999999999998 28 26 56 963 71 430 98 111 38 3.9999999999999991 7.9999999999999991 6.9999999999999991 4
leaf_count=17 11 18 73 9 12 9 4 32 3 20 212 755 69 3 562 5 6 21 26 56 963 65 430 98 111 27 2 8 7 4
internal_value=0.0163882 0.772056 1.26025 2.31933 4.57294 0.659311 2.85478 0.396959 0.36668 0.172657 0.459481 -0.129115 -0.02482 1.09892 -0.291527 -1.57194 -0.11198 1.01647 -1.09997 0.840404 -0.151233 0.702408 -0.240353 -0.109984 -0.399398 1.24138 2.30796 -6.71112 0.862145 6.01064
internal_weight=3809 615 279 101 37 178 19 159 336 275 264 3194 1945 140 1249 48 1805 64 43 133 1722 83 1201 660 541 61 16 11 45 7
internal_count=3638 468 178 60 21 118 13 105 290 243 232 3170 1921 132 1249 48 1789 39 43 125 1718 71 1201 660 541 47 13 11 34 7
is_linear=0
shrinkage=0.05


Tree=61
num_leaves=27
num_cat=0
split_feature=1 9 6 4 1 1 3 0 2 4 0 2 4 5 0 6 4 4 0 0 1 1 3 3 0 2
split_gain=142595 48329.5 43691 116296 89838.1 76206.7 76065.6 38602.3 29224 37649.5 44046.8 25384.8 21473.6 21291.4 20518.5 19504.8 18596.1 222890 37794.2 19525.1 13001 11769.8 21569.3 12147.3 3321.72 2847.32
threshold=24804.820000000003 1.0000000180025095e-35 50.500000000000007 44810.000000000007 34142.530000000006 27213.995000000006 0.85868205595435165 42907.950000000004 18082.885000000006 44860.000000000007 30087.000000000004 17391.205000000005 48055.000000000007 15.500000000000002 33210.200000000004 38.500000000000007 43067.500000000007 43362.500000000007 35083.600000000006 38247.750000000007 16223.575000000003 23354.355000000003 0.54469712277687743 0.49629283628333587 39436.750000000007 9223.9800000000014
decision_type=2 2 2 2 2 2 2 2 2 2 2 2 2 2 2 2 2 2 2 2 2 2 2 2 2 2
left_child=8 16 3 5 12 -3 -6 -5 9 10 13 -12 -4 -1 20 -16 18 24 -2 -19 -11 22 23 -10 -18 -20
right_child=1 2 4 7 6 -7 -8 -9 21 14 11 -13 -14 -15 15 -17 17 19 25 -21 -22 -23 -24 -25 -26 -27
leaf_value=-1.511747843027115 5.7909292221069339 1.340096739265654 0.28577951139637403 0.037297606592377026 1.5210862795511879 5.5100416328225821 8.4160841623942062 2.0278310519892995 -0.17960348881535959 -1.1783177328109742 0.35907639353203458 1.4793550453687969 -1.7456579391161602 2.3141938388347625 -2.0368526282906534 -0.093885582044560434 -5.544527015686036 -0.54896740494739438 0.36362595939636233 0.6270766502912094 -4.1223500569661464 -2.9056118011474612 4.0458539962768558 -0.92441302494345501 -7.2318879263741627 1.0665435626226312
leaf_weight=40 3.9999999999999991 18 98 60 12.000000000000002 28 5.9999999999999991 41 2439 9.9999999999999982 448 57 14.999999999999998 3.9999999999999991 14.999999999999998 93 4.9999999999999982 42 25 221 5.9999999999999991 3.9999999999999991 2.9999999999999991 56 7 34
leaf_count=40 2 14 61 44 6 14 3 22 2439 10 424 57 14 4 15 93 5 41 15 195 6 4 3 56 7 30
internal_value=0.0181802 0.714369 1.20271 1.79443 0.53871 3.87832 3.81942 0.845336 -0.116891 0.175594 0.353327 0.485524 0.0161197 -1.16393 -0.611302 -0.363742 0.312717 0.135205 1.08757 0.439267 -2.28233 -0.195566 -0.191226 -0.196321 -6.52882 0.768697
internal_weight=3791 616 278 147 131 46 18 101 3175 673 549 505 113 44 124 108 338 275 63 263 16 2502 2498 2495 12 59
internal_count=3624 473 178 94 84 28 9 66 3151 649 525 481 75 44 124 108 295 248 47 236 16 2502 2498 2495 12 45
is_linear=0
shrinkage=0.05


Tree=62
num_leaves=31
num_cat=0
split_feature=1 7 6 1 4 0 1 0 7 8 0 3 4 4 4 4 4 1 3 1 4 1 6 6 1 4 6 8 1 4
split_gain=124197 29701.4 40906.9 93317.5 83051.6 63379.4 49094.1 38422.8 17758.2 40869.5 122868 18182.8 17743 38543.2 56341.6 92227.8 28511 46387.1 27414.4 24625 16405.2 24332.6 20622.5 16464.8 20341.6 14647.6 13273.8 10950.6 5228.68 3165.82
threshold=24603.755000000001 4.5000000000000009 50.500000000000007 34142.530000000006 44810.000000000007 43100.000000000007 27213.995000000006 42907.950000000004 1.5000000000000002 2.5000000000000004 38736.700000000004 0.85868205595435165 45602.500000000007 42782.500000000007 42977.500000000007 43362.500000000007 39497.500000000007 15832.750000000002 0.3978126405229187 13026.285000000003 48097.000000000007 21952.09 61.500000000000007 38.500000000000007 18873.300000000007 48055.000000000007 46.500000000000007 2.5000000000000004 20300.450000000004 44395.000000000007
decision_type=2 2 2 2 2 2 2 2 2 2 2 2 2 2 2 2 2 2 2 2 2 2 2 2 2 2 2 2 2 2
left_child=12 8 4 25 6 -5 -3 -6 26 11 -11 -10 13 16 19 -16 17 -1 -18 -15 21 28 -23 -22 -25 -4 27 -2 -14 -28
right_child=1 2 3 5 7 -7 -8 -9 9 10 -12 -13 20 14 15 -17 18 -19 -20 -21 23 22 -24 24 -26 -27 29 -29 -30 -31
leaf_value=-0.16824284865525402 0.64989637008630763 1.1872813137138591 0.065573769287076047 7.9952800114949545 -0.0524920979612752 1.4950519180297852 4.5504481039444604 2.0340024630228681 0.50857643805333042 0.11533644957975908 -6.2112014961242679 -2.9124574661254883 -0.49292571459629181 0.4430330213747527 -2.1214543003675548 0.36444717634907686 -0.27518985178755695 0.61727082647676412 -1.0491948587412867 2.0920918020818915 -2.2185178382056101 -1.0678776617403385 -3.7259034299850464 -0.23324180848219178 1.244300087644822 -1.6691858702472278 0.66414873600006108 1.7798071071908284 0.24320882742221539 -0.032254076638120292
leaf_weight=1447 51 17 93 5.9999999999999991 57 9.9999999999999982 30 36 134 33 9.9999999999999982 3.9999999999999991 334 38 43 282 472 216 151 56 6.9999999999999991 27 9.9999999999999982 66 36 13.999999999999998 25 37 26 47
leaf_count=1447 46 14 59 3 43 5 15 19 122 25 10 2 334 38 43 282 472 190 151 56 7 27 10 66 36 13 20 28 26 43
internal_value=-0.0205938 0.637186 1.03643 0.371154 1.62092 3.93264 3.33398 0.755183 0.329264 -0.00998066 -1.35595 0.409416 -0.144324 -0.0934902 0.34736 0.0355433 -0.174293 -0.0662158 -0.46279 1.42545 -0.416076 -0.565253 -1.78626 0.127259 0.288244 -0.161404 0.713033 1.12497 -0.43976 0.209552
internal_weight=3815 604 263 123 140 16 47 93 341 181 43 138 3211 2705 419 325 2286 1663 623 94 506 397 37 109 102 107 160 88 360 72
internal_count=3652 467 171 80 91 8 29 62 296 159 35 124 3185 2679 419 325 2260 1637 623 94 506 397 37 109 102 72 137 74 360 63
is_linear=0
shrinkage=0.05


Tree=63
num_leaves=18
num_cat=0
split_feature=3 3 6 7 4 7 6 4 3 0 0 1 6 4 0 5 1
split_gain=131599 55281.2 84762.4 81931.9 25820.8 39450.1 69698.3 17002.7 14779.7 13816.3 47045.9 15044.3 22470 12186.6 11818.6 7912.01 472.198
threshold=0.64740246642517363 0.85868205595435165 64.500000000000014 5.5000000000000009 48222.000000000007 5.5000000000000009 50.500000000000007 37162.000000000007 0.83796288046252176 44789.100000000006 43614.950000000004 18873.300000000007 57.500000000000007 35012.500000000007 42907.950000000004 15.500000000000002 25042.750000000007
decision_type=2 2 2 2 2 2 2 2 2 2 2 2 2 2 2 2 2
left_child=9 4 3 -3 5 7 -7 -2 15 10 11 13 -13 -1 -5 -6 -11
right_child=1 2 -4 14 8 6 -8 -9 -10 16 -12 12 -14 -15 -16 -17 -18
leaf_value=0.023166461241325289 1.3456603987272395 -3.8125555992126432 7.1655062675476078 1.4934390544891354 -0.69109482176361547 2.6685130821446243 0.37809249071012202 0.29869317208151508 -3.5435139656066896 2.5516588211059572 -5.5654240608215337 0.34217534870629585 -0.44239265071967293 -0.23859248944876824 4.429040479660034 1.1700294392449517 1.7218259811401364
leaf_weight=561 43 6.0000000000000044 7.9999999999999991 6.0000000000000009 31 59 76 395 3.9999999999999991 2.9999999999999991 3.9999999999999991 331 126 2144 7.9999999999999991 6.9999999999999991 4
leaf_count=561 28 3 4 3 31 34 45 338 2 3 4 312 125 2144 4 6 4
internal_value=-0.00924748 0.643015 2.81577 1.07588 0.544092 0.631805 1.37909 0.401478 -0.652566 -0.141427 -0.146333 -0.139477 0.125861 -0.184305 3.17093 -0.348256 2.07747
internal_weight=3816 643 28 20 615 573 135 438 42 3173 3166 3162 457 2705 14 38 7
internal_count=3651 498 14 10 484 445 79 366 39 3153 3146 3142 437 2705 7 37 7
is_linear=0
shrinkage=0.05


Tree=64
num_leaves=29
num_cat=0
split_feature=1 4 6 4 4 4 0 3 0 8 4 4 1 5 0 2 5 1 4 4 2 4 1 1 6 4 6 6
split_gain=96465.4 36647.8 46440.8 108760 81062.5 80457.9 25378.6 58642.6 23868.9 51490.2 52564.8 165563 25157.8 22491.9 24109.9 18025.6 17915.1 16257.2 14623.6 28672.1 30215.3 23038.2 21308.3 11740.4 14992.2 11261.4 5097.97 4469.27
threshold=25684.710000000003 46250.000000000007 50.500000000000007 44255.000000000007 44810.000000000007 43067.500000000007 43100.000000000007 0.85868205595435165 33051.000000000007 2.5000000000000004 43615.000000000007 43067.500000000007 19397.615000000002 8.5000000000000018 34642.850000000013 9223.9800000000014 14.500000000000002 32230.775000000005 43775.000000000007 42595.000000000007 19573.550000000007 39497.500000000007 16223.575000000003 33691.98000000001 35.500000000000007 44395.000000000007 39.500000000000007 49.500000000000007
decision_type=2 2 2 2 2 2 2 2 2 2 2 2 2 2 2 2 2 2 2 2 2 2 2 2 2 2 2 2
left_child=8 2 3 5 -5 -2 7 15 18 13 11 -11 -12 14 -10 -3 -15 25 19 21 -21 -1 27 26 -25 -4 -8 -20
right_child=1 6 17 4 -6 -7 23 -9 9 10 12 -13 -14 16 -16 -17 -18 -19 22 20 -22 -23 -24 24 -26 -27 -28 -29
leaf_value=-0.1386592823924469 0.83036994391845342 -0.74972354038059708 0.72387564272250771 4.1171950221061708 1.0898457674355042 -4.2393265080451972 -0.43207035441882913 -4.9553606986999519 -5.6826512654622405 0.33156678157548114 2.205026271550552 -4.6921395470114318 0.7921519375219942 -0.029800598052818983 -1.0121360921859741 0.35624477836702551 -0.66131321279952926 2.5279670715332032 -1.4253592840830487 2.6801295518875126 0.26517842943396641 -0.65131097827248907 -3.9967737579345703 -1.2905021381378174 1.56914199590683 -0.28030355421163272 0.62781248245483789 -0.47664399577511685
leaf_weight=1340 36 50 53 48 41 9.9999999999999982 15.999999999999998 5.9999999999999991 2.9999999999999991 465 46 17 100 668 35 140 135 7.9999999999999991 14.999999999999998 15.999999999999998 68 262 4.9999999999999991 4.9999999999999991 55 59 39 72
leaf_count=1337 29 40 35 26 28 10 15 3 3 442 46 17 100 667 35 135 135 4 15 16 68 262 5 5 29 38 26 72
internal_value=0.01944 0.621799 1.06612 1.70229 2.72257 -0.271738 0.257485 -0.0884902 -0.0855601 0.0635819 0.406144 0.154382 1.2373 -0.19222 -1.38086 0.0652005 -0.13597 0.350427 -0.208783 -0.175286 0.725169 -0.222501 -0.822637 0.847147 1.33084 0.194888 0.319483 -0.640216
internal_weight=3813 566 255 135 89 46 311 196 3247 1469 628 482 146 841 38 190 803 120 1778 1686 84 1602 92 115 60 112 55 87
internal_count=3643 423 170 93 54 39 253 178 3220 1445 605 459 146 840 38 175 802 77 1775 1683 84 1599 92 75 34 73 41 87
is_linear=0
shrinkage=0.05


Tree=65
num_leaves=31
num_cat=0
split_feature=2 3 4 4 4 4 8 6 4 5 1 4 1 5 2 4 4 3 4 1 4 5 7 8 4 4 6 3 1 1
split_gain=98306.4 18284.5 25116 82078 37082.2 24653.9 20796.8 27757.3 94296.4 29029.2 19163.8 15533.1 14116.9 27268 20937.9 11976.7 23631.6 25407.9 23300.9 54011.5 22979.2 20280.8 48750.6 12366.6 18330.4 12364 12349.2 8504.13 6216.81 5415.03
threshold=16195.655000000002 0.73377273116329167 39497.500000000007 42275.000000000007 39052.500000000007 43067.500000000007 2.5000000000000004 50.500000000000007 44395.000000000007 15.500000000000002 15832.750000000002 42195.000000000007 34629.880000000012 9.5000000000000018 9223.9800000000014 46922.500000000007 42595.000000000007 0.54469712277687743 48702.000000000007 21952.09 42977.500000000007 11.500000000000002 1.5000000000000002 4.5000000000000009 32625.000000000004 46195.000000000007 38.500000000000007 0.49836608071986638 17176.780000000002 17354.450000000001
decision_type=2 2 2 2 2 2 2 2 2 2 2 2 2 2 2 2 2 2 2 2 2 2 2 2 2 2 2 2 2 2
left_child=1 2 4 11 10 -5 12 8 -8 -9 -1 -4 14 -14 -3 16 23 20 19 -17 -18 22 -20 27 -25 -19 -21 -2 -6 -23
right_child=15 6 3 5 28 -7 7 9 -10 -11 -12 -13 13 -15 -16 18 17 25 21 26 -22 29 -24 24 -26 -27 -28 -29 -30 -31
leaf_value=-1.6740287992689347 -0.22255696689022875 -0.59817411266267306 -1.7886767701970208 1.0962249142635201 6.0032995859781906 0.074206038099636731 -1.5323421891997844 -0.26941832709312441 2.6569987913593653 1.7190412245947742 0.68530593444853272 -5.0730154991149909 -0.18118022355166349 2.2105873144589938 0.59489314950610461 -0.49425673168229861 0.75317136629764903 1.0894450618670537 4.9250164576939177 -1.207450044155121 -0.1026101557835144 0.18723571381221216 0.27597745095604453 1.3290404406087153 -0.018705804788113869 3.6074867248535156 -4.4516614046963783 -0.98867405040844059 2.9922898769378659 -0.83626331809375964
leaf_weight=8.9999999999999982 1724 60 36 72 2.9999999999999991 327 17 50 64 29 197 3.9999999999999991 22 26 95 241 103 26 6.9999999999999991 3.9999999999999991 329 24 29 29 194 5.9999999999999991 10.999999999999998 37 4 28
leaf_count=9 1724 47 36 72 3 319 13 32 34 16 169 4 12 13 71 241 103 26 7 4 329 24 29 29 194 6 11 37 4 28
internal_value=-0.00472929 0.41667 0.258324 0.0421621 0.703841 0.25863 0.701083 1.12737 1.77775 0.460523 0.582228 -2.11711 0.365092 1.11436 0.133061 -0.157924 -0.119104 0.20213 -0.434178 -0.675445 0.10143 0.26769 1.17996 -0.194232 0.156562 1.56158 -3.58654 -0.238654 4.28272 -0.363879
internal_weight=3807 1015 652 439 213 399 363 160 81 79 206 40 203 48 155 2792 2448 464 344 256 432 88 36 1984 223 32 15 1761 7 52
internal_count=3646 854 616 431 185 391 238 95 47 48 178 40 143 25 118 2792 2448 464 344 256 432 88 36 1984 223 32 15 1761 7 52
is_linear=0
shrinkage=0.05


Tree=66
num_leaves=31
num_cat=0
split_feature=1 0 6 6 0 0 7 0 8 3 4 6 4 4 1 2 0 6 1 0 4 0 4 2 4 0 4 2 4 4
split_gain=98528.1 31559 82945.5 39973.2 69251.4 31917.3 55826.8 38774.2 25009.6 24370 36990.8 34933 34472.5 26023.4 25487.5 22882.8 20985.4 20078.5 19969.6 21936.7 10180 6747.92 5338.05 30584.5 20624.7 10418 7984.18 11133.2 6744.23 3243.64
threshold=28640.575000000004 39327.100000000006 48.500000000000007 40.500000000000007 37924.650000000001 41070.150000000009 1.5000000000000002 41262.450000000004 2.5000000000000004 0.440477333962974 36520.000000000007 36.500000000000007 36212.500000000007 35012.500000000007 23354.355000000003 8939.9050000000007 42907.950000000004 53.500000000000007 31132.155000000002 38247.750000000007 44735.000000000007 37006.750000000007 36337.500000000007 24118.715000000004 33030.000000000007 34919.000000000007 36384.500000000007 19573.550000000007 36520.000000000007 46922.500000000007
decision_type=2 2 2 2 2 2 2 2 2 2 2 2 2 2 2 2 2 2 2 2 2 2 2 2 2 2 2 2 2 2
left_child=9 2 3 20 -5 6 29 -7 -8 22 12 14 13 -11 -12 -14 -9 -13 21 -20 -2 -4 23 24 -1 -25 27 -24 -28 -3
right_child=1 5 18 4 -6 7 8 16 -10 10 11 17 15 -15 -16 -17 -18 -19 19 -21 -22 -23 26 25 -26 -27 28 -29 -30 -31
leaf_value=1.4060764015989102 3.1527469635009755 1.4022913467577274 0.36716849181963052 1.4272205786271526 6.7286632537841804 5.1103540945053103 -1.2450022604535609 -0.15334172506949731 -4.6351906735450008 1.0061832530576675 -1.5728664478351331 0.34108308107221036 5.3159946441650394 -0.42124501351100296 0.15128062277594034 1.4196043526209319 1.0204214403859708 -0.17097941839703076 0.60140483975410453 4.1465292294820157 1.0423594963550566 -0.81953314018249523 -2.9574917602539066 -0.21424635612570189 0.19770217584052557 -2.1555293491908483 0.7268223476409913 -0.53202416409145703 -0.19736431779499217 0.18137172907590868
leaf_weight=47 8.0000000000000018 17.000000000000004 23 11.000000000000002 13.999999999999998 4.9999999999999991 17 56 8.0000000000000018 61 58 399 3.9999999999999991 67 34 65 119 368 16.000000000000004 5.9999999999999991 20 25 4.9999999999999991 544 142 6.9999999999999991 20 88 1520 7.9999999999999991
leaf_count=47 4 14 12 6 7 4 16 49 8 56 58 390 2 66 34 43 76 356 8 3 10 20 5 544 142 7 20 88 1520 7
internal_value=0.00875329 0.804154 1.45063 2.94283 4.39603 0.458427 -0.659133 0.76886 -2.32986 -0.0731296 0.126687 -0.0150303 0.74463 0.259014 -0.935682 1.64548 0.644817 0.0953999 0.320831 1.56826 1.64533 -0.250905 -0.162049 -0.0506479 0.498197 -0.238909 -0.212531 -0.662426 -0.185362 1.0116
internal_weight=3782 353 123 53 25 230 50 180 25 3429 1056 859 197 128 92 69 175 767 70 22 28 48 2373 740 189 551 1633 93 1540 25
internal_count=3622 244 70 27 13 174 45 129 24 3378 1005 838 167 122 92 45 125 746 43 11 14 32 2373 740 189 551 1633 93 1540 21
is_linear=0
shrinkage=0.05


Tree=67
num_leaves=23
num_cat=0
split_feature=3 2 3 1 0 4 1 4 4 4 4 0 1 0 2 0 5 4 2 3 5 2
split_gain=63981.8 23191.2 77769 41794.7 16202 13024.9 20762.1 22682.8 45617.8 31332.5 20165.3 40526.8 12147.5 11921.7 8117.88 9765.39 7743.44 21742.4 5223.6 8907.25 6090.02 22.3197
threshold=0.62742230423455536 5774.0350000000008 0.85868205595435165 33111.460000000006 30548.300000000003 46922.500000000007 12266.150000000001 36520.000000000007 37010.000000000007 36384.500000000007 48097.000000000007 43100.000000000007 25924.270000000004 43614.950000000004 15597.940000000002 41868.150000000009 15.500000000000002 48480.000000000007 20430.490000000002 0.36137069970767605 8.5000000000000018 15382.060000000003
decision_type=2 2 2 2 2 2 2 2 2 2 2 2 2 2 2 2 2 2 2 2 2 2
left_child=5 3 4 -2 -3 6 18 9 -9 -8 11 12 -7 -6 21 -16 17 -5 20 -20 -1 -12
right_child=1 2 -4 16 13 10 7 8 -10 -11 14 -13 -14 -15 15 -17 -18 -19 19 -21 -22 -23
leaf_value=-2.0311319033304853 -0.85255788326263393 -2.7642534136772157 -6.585559225082398 0.18703676859537754 0.35301549352482486 -0.61452739552972702 0.4398141461633035 -2.3656199169158936 0.061143400313668564 3.1803840171207085 1.3900371687752864 -5.637399291992188 1.8756176757812502 1.0535659287768582 -0.20020812762562526 1.0779662595854866 4.6091896692911787 4.1687253952026362 -0.14751047881530333 1.9658109474182131 -0.39817882185896575 1.53809517621994
leaf_weight=5.9999999999999991 10.000000000000002 3.9999999999999991 3.9999999999999991 6.0000000000000009 568 239 201 20 610 10.999999999999998 6.9999999999999982 3.9999999999999991 4.9999999999999991 68 88 18 5.9999999999999991 8 1781 4.9999999999999991 118 4
leaf_count=6 5 4 2 3 471 239 184 20 610 11 7 4 5 44 88 18 3 4 1781 5 118 4
internal_value=-0.0139027 0.42783 0.364528 1.78672 0.407966 -0.10942 -0.0721973 0.134646 -0.0158967 0.582014 -0.390071 -0.645337 -0.5635 0.427917 0.151006 0.0168404 3.10636 2.46229 -0.163382 -0.141594 -0.477193 1.44388
internal_weight=3791 674 644 30 640 3117 2752 842 630 212 365 248 244 636 117 106 20 14 1910 1786 124 11
internal_count=3636 536 521 15 519 3100 2735 825 630 195 365 248 244 515 117 106 10 7 1910 1786 124 11
is_linear=0
shrinkage=0.05


Tree=68
num_leaves=27
num_cat=0
split_feature=3 3 0 4 5 4 5 4 4 4 2 4 4 0 0 2 6 5 0 2 7 3 4 4 2 4
split_gain=78388.7 22807.7 26768.2 26595.2 41003.1 33633.5 13130.5 13879.8 153940 12051.2 21599.5 25683.3 20537.8 36127.4 20235.6 17889.6 13194.8 16387.6 9247.65 12155.9 9108.82 7988.02 5382.68 24138.1 4322.39 2427.78
threshold=0.62742230423455536 0.80650250447340988 37068.80000000001 44810.000000000007 15.500000000000002 44395.000000000007 8.5000000000000018 43067.500000000007 43615.000000000007 46922.500000000007 18844.350000000002 46375.000000000007 48097.000000000007 43100.000000000007 31478.000000000004 19207.455000000005 38.500000000000007 11.500000000000002 39104.450000000004 19011.570000000003 1.5000000000000002 0.4724848032105719 42342.500000000007 39905.000000000007 17625.665000000005 46250.000000000007
decision_type=2 2 2 2 2 2 2 2 2 2 2 2 2 2 2 2 2 2 2 2 2 2 2 2 2 2
left_child=9 6 -3 5 -5 -4 22 20 -9 10 11 14 13 15 -1 -11 24 -18 21 -20 -8 -12 23 -2 -14 -24
right_child=1 2 3 4 -6 -7 7 8 -10 12 18 -13 16 -15 -16 -17 17 -19 19 -21 -22 -23 25 -25 -26 -27
leaf_value=-0.45593372458978643 0.18595458194613454 -1.8723387581961497 -0.49062785761696931 0.13666481344864287 2.6717824784192175 3.4483379125595093 0.54464563715214631 -5.7955693435668953 0.48936162411402989 -1.370515203251029 -0.12487151577722931 3.7693375587463382 -3.3194760958353671 -5.3555291175842292 0.30542126784802454 -0.32537476420402528 1.0297409861493443 -0.18337172106520772 -3.3566905975341799 -0.52683199940098302 1.5418004551599194 1.1689021607240042 0.31769789590367248 -3.94899959564209 -0.91881150484085072 -0.31982593201100828
leaf_weight=106 12.000000000000002 6.9999999999999991 7.0000000000000027 58 22 24 49 9.9999999999999982 379 53 2063 4.9999999999999991 3 3.9999999999999991 494 180 45 73 3.9999999999999991 74 43 11.999999999999998 28 4.9999999999999991 5 32
leaf_count=106 10 4 4 31 11 12 43 10 316 53 2063 5 3 4 475 180 45 73 4 74 32 12 26 5 5 28
internal_value=0.00677991 0.494926 1.12648 1.3156 0.833822 2.55889 0.361371 0.458415 0.327795 -0.0989512 -0.0633066 0.200654 -0.369772 -0.643995 0.170915 -0.563111 0.14603 0.279256 -0.13748 -0.671953 1.01071 -0.117389 -0.244837 -1.03021 -1.81906 -0.0223148
internal_weight=3797 676 118 111 80 31 558 481 389 3121 2758 605 363 237 600 233 126 118 2153 78 92 2075 77 17 8 60
internal_count=3634 532 62 58 42 16 470 401 326 3102 2739 586 363 237 581 233 126 118 2153 78 75 2075 69 15 8 54
is_linear=0
shrinkage=0.05


Tree=69
num_leaves=30
num_cat=0
split_feature=1 0 1 7 2 0 6 6 0 0 7 4 1 4 4 4 5 4 7 1 2 7 1 6 0 1 2 6 7
split_gain=59425 23334.1 68089.4 25984.8 30645.2 25383.7 28926.7 20960.5 19898.4 18426.6 54263.1 52625.4 17443 42498.1 32931.5 20193.1 10796.4 9385.95 7332.81 14080.7 10222.5 10177.5 9366.08 6154.92 30068.4 6028.9 5468.85 5100.97 3589.58
threshold=25684.710000000003 38807.350000000006 30334.345000000001 5.5000000000000009 6406.5500000000002 34038.500000000007 49.500000000000007 35.500000000000007 38524.200000000004 41262.450000000004 1.5000000000000002 44810.000000000007 12266.150000000001 45602.500000000007 45077.500000000007 48097.000000000007 8.5000000000000018 46375.000000000007 1.5000000000000002 23066.865000000002 17625.665000000005 3.5000000000000004 20622.510000000006 37.500000000000007 32250.600000000002 33691.98000000001 17024.780000000002 62.500000000000007 1.0000000180025095e-35
decision_type=2 2 2 2 2 2 2 2 2 2 2 2 2 2 2 2 2 2 2 2 2 2 2 2 2 2 2 2 2
left_child=7 2 5 8 -5 -2 -7 18 -4 10 27 -12 23 14 -14 -15 17 -11 19 20 -1 26 -23 24 -9 -18 -20 -3 -25
right_child=1 9 3 4 -6 6 -8 12 -10 16 11 -13 13 15 -16 -17 25 -19 21 -21 -22 22 -24 28 -26 -27 -28 -29 -30
leaf_value=-4.6185871124267539 5.9642124176025391 0.94807199097060146 0.95132640246991762 2.3378677504403247 6.2171707630157478 1.2650466753717733 -0.1957695647336469 -0.36085844644728832 4.1346316655476896 1.158188099331326 -5.2531411767005922 -0.81078336082398905 0.25236303833646484 -0.59695172441147626 2.6985417791775297 0.31055741026813605 0.45227997892519883 -0.68283647954463955 0.88878086713644144 0.88471336066722872 -1.6669216416098855 -0.65528310778049326 -2.5267190297444664 -0.3258132133551323 2.4663821807274453 1.0784424272076838 -0.77275911271572117 -0.41771772056818013 -0.13094118734099605
leaf_weight=4.0000000000000027 1.9999999999999989 47 27 14.000000000000002 7.9999999999999991 51 101 34 5.9999999999999991 8.9999999999999982 7.9999999999999991 40 798 252 13.999999999999998 81 114 30 13.000000000000002 3.9999999999999991 10.999999999999998 26 8.9999999999999982 274 12.999999999999998 58 7.9999999999999991 7.9999999999999991 1718
leaf_count=4 1 41 14 7 4 36 76 34 3 8 8 39 775 252 14 81 99 25 12 4 11 26 9 274 13 30 8 6 1718
internal_value=0.00323077 0.49798 0.907341 2.41747 3.74852 0.368007 0.294373 -0.0761659 1.53011 0.225507 -0.322707 -1.55118 -0.0567046 0.099466 0.294539 -0.376206 0.493119 -0.257985 -0.902365 -1.75114 -2.45403 -0.614388 -1.13651 -0.144402 0.421144 0.663428 0.255813 0.749412 -0.157746
internal_weight=3782 523 209 55 22 154 152 3259 33 314 103 48 3184 1145 812 333 211 39 75 19 15 56 35 2039 47 172 21 55 1992
internal_count=3632 397 141 28 11 113 112 3235 17 256 94 47 3161 1122 789 333 162 33 74 19 15 55 35 2039 47 129 20 47 1992
is_linear=0
shrinkage=0.05


Tree=70
num_leaves=31
num_cat=0
split_feature=1 6 0 7 2 2 3 8 1 8 0 0 2 7 2 0 0 2 2 6 5 0 0 3 6 2 5 6 1 2
split_gain=57391.7 19561.6 63602.4 103093 40903.4 32231.6 65998.8 14169.1 13757 15104.6 26262.6 14387.9 10307.2 9573.67 18827.7 17630.8 27008.1 27766.4 22337.7 34802.1 19898.7 13631.6 21279 10700.2 21301.9 11949.4 8807.62 8757.12 6713.34 3194.52
threshold=24603.755000000001 49.500000000000007 38568.350000000006 5.5000000000000009 6406.5500000000002 5774.0350000000008 0.85868205595435165 2.5000000000000004 34142.530000000006 3.5000000000000004 35909.500000000007 40601.450000000004 8049.3500000000013 3.5000000000000004 18269.610000000004 33156.850000000006 33182.650000000001 22718.780000000002 14988.825000000003 37.500000000000007 8.5000000000000018 29948.350000000002 33531.150000000001 0.40084224788611522 38.500000000000007 22474.375000000004 15.500000000000002 65.500000000000014 34629.880000000012 7723.2600000000011
decision_type=2 2 2 2 2 2 2 2 2 2 2 2 2 2 2 2 2 2 2 2 2 2 2 2 2 2 2 2 2 2
left_child=13 2 3 12 -5 7 -7 -4 9 11 -11 -3 -2 14 21 18 17 -17 19 -15 -18 27 -23 25 -25 -16 -20 -1 -10 -30
right_child=1 8 5 4 -6 6 -8 -9 28 10 -12 -13 -14 15 23 16 20 -19 26 -21 -22 22 -24 24 -26 -27 -28 -29 29 -31
leaf_value=-1.1780110532822814 1.801530356009148 -0.4299210577924461 3.9435660362243663 1.0494204839070631 5.8163994259304479 0.21221533433931389 -6.2730046272277837 0.7292773564656575 2.9534560585021952 4.8000396728515629 0.4951519535433862 0.41887017987765279 0.42963536345228859 0.50803105280949523 0.29312881055807499 5.8438271999359133 -1.3572389885783196 -0.51956282059351588 -0.2533480952596292 -2.728562897184621 0.064219875716411606 0.93397070395725756 0.11138692893423011 -1.4710509556095774 -0.19683802280484178 -0.13067344315630466 -1.0528255383173624 1.6941767772038778 0.30724318504333498 1.7665858904520673
leaf_weight=23.000000000000004 19 142 7.9999999999999982 6.0000000000000027 18 204 3.9999999999999991 6 5.0000000000000027 3.9999999999999991 31 77 49 12.999999999999998 199 3.9999999999999991 26 3 800 23 464 108 289 41 164 1013 36 2.9999999999999991 9.9999999999999982 5.9999999999999991
leaf_count=23 10 112 4 3 9 176 2 3 3 2 24 65 40 13 199 4 26 3 800 23 464 99 274 41 164 1013 36 3 5 3
internal_value=-0.0214329 0.432242 0.701901 1.80731 4.62465 0.243802 0.0874996 2.56601 0.124339 0.0226539 0.987139 -0.131488 0.812959 -0.104703 -0.0302099 -0.204826 0.03285 3.11666 -0.34029 -1.55979 -0.0112045 0.262525 0.335163 -0.117596 -0.451681 -0.0610887 -0.287775 -0.846605 1.35425 0.854497
internal_weight=3798 589 314 92 24 222 208 14 275 254 35 219 68 3209 1840 1369 497 7 872 36 490 423 397 1417 205 1212 836 26 21 16
internal_count=3646 461 247 62 12 185 178 7 214 203 26 177 50 3185 1816 1369 497 7 872 36 490 399 373 1417 205 1212 836 26 11 8
is_linear=0
shrinkage=0.05


Tree=71
num_leaves=27
num_cat=0
split_feature=3 3 0 4 5 3 3 0 4 0 4 4 7 2 0 6 2 4 1 2 1 3 0 0 0 0
split_gain=77167 26350.7 20132.6 33497.4 32192.7 103639 31237.5 25361.3 19679.8 16152.7 17497.5 236905 18293.9 14527 14650 11725.3 10503.5 10560.8 8710.12 15581.5 7107.23 4654.31 4991.35 3435.16 3349.17 1988.79
threshold=0.79221302592697518 0.50855999483125192 37068.80000000001 44810.000000000007 15.500000000000002 0.85868205595435165 0.83796288046252176 42907.950000000004 44735.000000000007 32110.950000000001 43067.500000000007 43362.500000000007 4.5000000000000009 8939.9050000000007 31797.250000000004 35.500000000000007 7008.9350000000004 44585.000000000007 20300.450000000004 21460.700000000001 19995.805000000004 0.4575075977828616 32830.750000000007 32830.750000000007 36833.700000000004 38462.400000000001
decision_type=2 2 2 2 2 2 2 2 2 2 2 2 2 2 2 2 2 2 2 2 2 2 2 2 2 2
left_child=1 15 16 6 7 -6 8 -5 -4 13 12 -12 -11 -3 -15 21 17 -2 20 -20 -17 23 -23 -1 -18 -8
right_child=2 9 3 4 5 -7 25 -9 -10 10 11 -13 -14 14 -16 18 24 -19 19 -21 -22 22 -24 -25 -26 -27
leaf_value=-0.8760748654603957 0.82648079395294127 -4.0750558217366537 1.9373735162946908 -0.53399193906470355 0.26493534956659581 8.1192223866780591 1.4540671666463219 1.3457176573136274 4.9341849735804963 0.649625611663875 -4.5024875358298972 0.29014171216812434 -0.64633992115656547 0.093415905069559824 -1.8970225269977865 -0.1033111324182245 -0.087926845550537133 -2.3200622111558915 3.2546866989135737 -1.3033028920491532 -1.9901926994323731 -1.0657895723978679 -3.1885427951812746 0.38276244061333792 1.6642366647720335 0.24984235763549806
leaf_weight=24.000000000000004 4.0000000000000027 2.9999999999999991 9 38 14.000000000000002 5.9999999999999991 5.9999999999999991 34 14 295 27 573 30 32 12.999999999999998 2649 4.9999999999999982 7.9999999999999991 5 3 4.9999999999999991 8.9999999999999982 3.9999999999999991 6.9999999999999991 6 7.9999999999999991
leaf_count=24 2 3 5 24 9 3 3 18 7 257 27 525 30 32 13 2649 3 5 5 3 5 9 4 7 3 4
internal_value=0.010572 -0.0350408 1.11458 1.35756 0.846599 2.62122 2.62806 0.353649 3.76152 0.188115 0.234523 0.0744734 0.529998 -0.706191 -0.4816 -0.115281 -0.248208 -1.27121 -0.1019 1.54544 -0.106866 -0.924835 -1.71894 -0.591821 0.867799 0.765939
internal_weight=3831 3679 152 129 92 20 37 72 23 973 925 600 325 48 45 2706 23 12 2662 8 2654 44 13 31 11 14
internal_count=3679 3593 86 73 54 12 19 42 12 887 839 552 287 48 45 2706 13 7 2662 8 2654 44 13 31 6 7
is_linear=0
shrinkage=0.05


Tree=72
num_leaves=28
num_cat=0
split_feature=1 2 4 5 5 3 4 4 2 1 0 2 3 3 0 7 2 1 4 0 7 5 2 4 1 2 3
split_gain=59978.9 21846.7 16010.4 19641.1 46814.9 46207.9 13432.6 34565.5 27601.8 25199.6 23405.2 21630.5 58785.1 19772.3 19475.9 16030.2 15975.6 14572.2 9974.2 13322.4 12217 47049 10189.1 6967.3 5443.82 4317 311.371
threshold=24440.475000000002 8049.3500000000013 37162.000000000007 12.500000000000002 9.5000000000000018 0.85868205595435165 45602.500000000007 45077.500000000007 14343.370000000001 17543.215000000007 37068.80000000001 15597.940000000002 0.57811625375186249 0.61882093291422946 38066.750000000007 3.5000000000000004 17267.730000000003 17740.640000000003 44810.000000000007 41751.900000000001 5.5000000000000009 12.500000000000002 9223.9800000000014 48015.000000000007 14835.180000000002 15597.940000000002 0.58452734979975163
decision_type=2 2 2 2 2 2 2 2 2 2 2 2 2 2 2 2 2 2 2 2 2 2 2 2 2 2 2
left_child=6 2 -2 4 -4 -5 7 9 13 16 24 26 -13 -8 -12 -15 -1 -11 20 22 25 -22 -20 -21 -9 -3 -10
right_child=1 18 3 5 -6 -7 8 10 11 17 14 12 -14 15 -16 -17 -18 -19 19 23 21 -23 -24 -25 -26 -27 -28
leaf_value=-0.63651864117300017 5.3935188293457035 0.37491991660661173 0.80722723831733068 -0.10001555236292557 3.7796292333041919 3.5302740144729614 -5.5607368469238283 -0.40002787113189681 1.5761700948079418 1.5005551795164744 5.4564353624979667 -0.25731141761706405 -4.3371708022223583 -3.4935132265090938 1.2311647844314573 0.98284337520599352 -0.088640355215686598 0.23019876876845957 -0.99953863236211959 0.10753654088522938 3.8526777346928904 -0.57493651707967119 -0.0020480496745531253 0.77867114875051713 1.5923202832539878 2.2925866127014163 1.1538083285093308
leaf_weight=142 1.9999999999999989 135 60 71 17 9.9999999999999982 3.9999999999999991 8.0000000000000018 6.0000000000000027 24 5.9999999999999982 465 8.9999999999999982 4 5 4 2112 380 31 74 12.000000000000002 11.999999999999998 147 81 5.9999999999999991 2.9999999999999991 15.999999999999998
leaf_count=142 1 112 33 41 9 5 4 8 6 24 6 465 9 4 5 4 2112 353 28 67 7 6 146 53 6 3 16
internal_value=0.00424728 0.440067 0.947975 0.891702 1.46347 0.348168 -0.0852113 -0.0405729 -0.320969 -0.0579779 1.80993 -0.263642 -0.334777 -2.69047 3.53586 -1.25533 -0.123156 0.305665 0.275895 0.119349 0.597684 1.63887 -0.175768 0.458258 0.453836 0.416608 1.269
internal_weight=3846 655 160 158 77 81 3191 2683 508 2658 25 496 474 12 11 8 2254 404 495 333 162 24 178 155 14 138 22
internal_count=3675 511 89 88 42 46 3164 2656 508 2631 25 496 474 12 11 8 2254 377 422 294 128 13 174 120 14 115 22
is_linear=0
shrinkage=0.05


Tree=73
num_leaves=31
num_cat=0
split_feature=1 8 4 0 4 4 4 6 0 2 0 0 4 2 4 4 2 7 0 6 1 2 1 1 2 3 2 4 4 4
split_gain=39116.4 14423.3 37335.5 38649.6 42687.3 27962.3 214240 66054.8 29218 26389.8 25321.1 27895.6 18359.7 12512.8 12112.7 6267.75 32257.9 21322.6 21243.5 14880.1 21497.7 24007.5 14727 11280.3 10103.9 16624.2 6911.35 6625.09 5741.44 5728.25
threshold=17650.955000000005 2.5000000000000004 42342.500000000007 41417.100000000013 39905.000000000007 43615.000000000007 43067.500000000007 63.500000000000007 37232.950000000004 13023.385000000002 35231.05000000001 39327.100000000006 44810.000000000007 23102.435000000001 36212.500000000007 36337.500000000007 23920.770000000004 5.5000000000000009 35083.600000000006 64.500000000000014 16500.125000000004 16195.655000000002 8921.5150000000012 10094.910000000002 14806.265000000001 0.50533931477710625 14492.965000000002 41280.000000000007 46250.000000000007 35987.500000000007
decision_type=2 2 2 2 2 2 2 2 2 2 2 2 2 2 2 2 2 2 2 2 2 2 2 2 2 2 2 2 2 2
left_child=15 2 3 4 -2 6 14 -8 9 -7 28 -12 -10 -5 -3 16 17 18 -1 24 21 -21 -19 29 26 -26 -17 -22 -4 -18
right_child=1 5 10 13 -6 8 7 -9 12 -11 11 -13 -14 -15 -16 19 23 22 -20 20 27 -23 -24 -25 25 -27 -28 -29 -30 -31
leaf_value=0.21046018918197623 2.7226702213287357 -0.10763327634797014 1.548601972429376 2.8510400772094733 -2.7761325097084049 -0.21534623352856175 -5.1376734567725135 2.7506399790445966 1.9789997102752812 1.4591074502829349 -0.3794259724308654 0.34449430414499382 0.74682289624618281 -0.75924321413040152 0.71078814700609305 -0.87498715509970959 -0.20829306204363984 0.26449766874313346 2.5751720714569095 3.7775767326354983 -4.4630261993408196 -0.83015000327509281 2.6576458361413744 -2.1886899675641742 -0.13691649966649952 1.5349286746978761 -3.5039311091105141 -1.4909146269162492 -0.72345883051554372 0.48057509958744049
leaf_weight=189 3.9999999999999991 58 38 5.9999999999999982 30 82 23.000000000000004 2.9999999999999991 62 33 202 390 59 4 205 15.000000000000002 530 10.000000000000002 9.9999999999999982 2.9999999999999991 5 49 18 6.9999999999999991 1706 14.999999999999998 2.9999999999999991 3 2.9999999999999991 32
leaf_count=189 4 52 38 6 30 64 23 3 46 33 187 330 46 4 170 15 530 10 10 3 5 49 18 7 1706 15 3 3 3 32
internal_value=-0.000469582 0.235331 0.0828083 -1.32555 -2.12921 0.432013 0.102264 -4.22748 0.835816 0.265149 0.180703 0.097481 1.37819 1.40693 0.5303 -0.109692 0.00712757 0.511063 0.32929 -0.161381 -0.935542 -0.56432 1.80295 -0.193915 -0.134671 -0.122345 -1.31314 -3.34848 1.38235 -0.169069
internal_weight=3797 1202 677 44 34 525 289 26 236 115 633 592 121 10 263 2595 796 227 199 1799 60 52 28 569 1739 1721 18 8 41 562
internal_count=3634 1039 602 44 34 437 248 26 189 97 558 517 92 10 222 2595 796 227 199 1799 60 52 28 569 1739 1721 18 8 41 562
is_linear=0
shrinkage=0.05


Tree=74
num_leaves=31
num_cat=0
split_feature=1 0 5 5 0 0 3 9 4 2 6 4 3 4 9 4 2 4 0 4 1 6 3 0 1 4 4 4 0 0
split_gain=35648.8 43032.1 61551.7 33568.3 40201.2 30883.5 41030.3 19631.5 11526.3 25117.3 14013.5 10301.9 38607.9 33660.7 21515.8 13709.7 34344.5 25234.4 31321.5 16300.4 16285.3 12821.1 8500.72 16123.4 15333.6 6651.31 5818.81 3063.48 54.1821 0.730243
threshold=28640.575000000004 39436.750000000007 11.500000000000002 9.5000000000000018 37714.850000000013 42907.950000000004 0.85868205595435165 1.0000000180025095e-35 48015.000000000007 7008.9350000000004 35.500000000000007 37487.500000000007 0.28735508504126089 30732.500000000004 1.0000000180025095e-35 42342.500000000007 13107.225000000002 42412.500000000007 32875.55000000001 45602.500000000007 19397.615000000002 63.500000000000007 0.81637108744383602 38247.750000000007 29972.840000000004 44735.000000000007 37010.000000000007 33822.500000000007 31531.350000000002 34038.500000000007
decision_type=2 2 2 2 2 2 2 2 2 2 2 2 2 2 2 2 2 2 2 2 2 2 2 2 2 2 2 2 2 2
left_child=11 2 3 25 -5 6 7 -3 10 -10 -7 12 26 29 -15 16 20 18 -17 -19 -13 -18 24 -24 -4 -2 27 -1 -28 -14
right_child=1 5 22 4 -6 8 -8 -9 9 -11 -12 15 13 14 -16 17 21 19 -20 -21 -22 -23 23 -25 -26 -27 28 -29 -30 -31
leaf_value=-0.30153999450879221 2.3257542306726631 0.010245245092778237 0.24088993642864556 1.349103171175176 5.2756879329681396 -2.3122324864069621 -5.5369089305400854 -1.6544600763722608 3.6215156555175785 0.66192006511964663 0.32097156513482333 -0.92595049010382713 4.1105158487955729 0.19302970321491511 1.004238220718825 -0.37654774005596447 -0.16371726650956453 0.12576695084815823 2.9275931291282178 -0.23127959262257591 -3.9338338216145838 -0.86575579664237068 0.24827163013128134 3.1237571716308596 -2.1215626438458761 0.83088619475779335 0.65780963897705058 -0.096907381952752891 0.51113490777857162 4.1454023996988925
leaf_weight=312 10.999999999999998 77 29 11.000000000000002 15.999999999999998 5.9999999999999991 3.9999999999999991 23 7.9999999999999991 69 32 9.0000000000000018 2.9999999999999991 396 103 13.000000000000002 774 668 15.999999999999998 613 8.9999999999999982 71 26 5.9999999999999991 8.9999999999999982 23 10.000000000000002 442 17 3
leaf_count=312 6 68 20 6 8 5 2 21 4 39 26 9 3 360 103 13 774 653 16 613 9 71 13 3 6 12 10 442 17 3
internal_value=0.00103005 0.4819 1.19873 2.35975 3.67597 0.0531095 -0.571263 -0.372637 0.617759 0.969411 -0.0947975 -0.047627 0.0645396 0.405236 0.360474 -0.114008 -0.268741 -0.0120731 1.44643 -0.0450914 -2.42989 -0.222705 0.186991 0.787425 -0.318638 1.31452 -0.155757 -0.181583 0.565459 4.12796
internal_weight=3809 350 131 61 27 219 104 100 115 77 38 3459 1286 505 499 2173 863 1310 29 1281 18 845 70 32 38 34 781 754 27 6
internal_count=3647 239 74 32 14 165 91 89 74 43 31 3408 1250 469 463 2158 863 1295 29 1266 18 845 42 16 26 18 781 754 27 6
is_linear=0
shrinkage=0.05


Tree=75
num_leaves=27
num_cat=0
split_feature=1 8 7 3 2 0 5 0 0 5 5 0 0 1 6 2 2 5 7 0 6 0 6 1 2 0
split_gain=35856 26466.6 23543.3 22611.5 21727.5 27566.4 20689.6 29992.6 19335.3 20940.5 28412.7 24916.2 11147.3 9469.03 7571.14 6387.86 13155.8 7593.83 6944.31 14509 5679.76 3753.3 2500.18 2224.09 1197.94 720.207
threshold=17650.955000000005 2.5000000000000004 5.5000000000000009 0.50005353945057474 14887.375000000002 31797.250000000004 12.500000000000002 38462.400000000001 44134.850000000013 9.5000000000000018 11.500000000000002 34688.350000000006 39550.700000000004 31132.155000000002 37.500000000000007 16195.655000000002 16321.795000000002 15.500000000000002 1.5000000000000002 31764.250000000004 63.500000000000007 31147.600000000002 43.500000000000007 16374.800000000001 11579.390000000001 36674.700000000004
decision_type=2 2 2 2 2 2 2 2 2 2 2 2 2 2 2 2 2 2 2 2 2 2 2 2 2 2
left_child=4 8 3 25 5 21 7 -4 9 11 -11 -2 -5 -8 24 18 17 -17 -6 -20 -18 23 -16 -1 -10 -3
right_child=1 2 6 12 15 -7 13 -9 14 10 -12 -13 -14 -15 22 16 20 -19 19 -21 -22 -23 -24 -25 -26 -27
leaf_value=-0.78684274418787481 -2.6000910979050857 2.8340321222941083 3.0885784708536588 0.34118357323110104 2.2362635242938995 -5.4199602127075197 0.25566744010733522 0.58016305240717803 0.085593876242637645 0.8360918159878582 -0.09822606482188366 -0.33470699204121784 -1.0478211466471354 2.3675508499145508 1.409408014435922 -0.65831851959228516 -0.074376131684333088 -4.2158990859985339 -1.0023362000783285 0.89192900196198499 -0.39464662708595499 0.78335873285929369 0.69236550748348247 -2.1636244058609009 -0.97415629625320421 3.9296344121297189
leaf_weight=11.000000000000005 12.999999999999998 2.9999999999999991 26 390 4.9999999999999991 3.9999999999999991 46 22 7.9999999999999982 109 321 183 14.999999999999998 5.9999999999999991 31 2.9999999999999991 2375 3 14.999999999999998 31 147 2.9999999999999991 20 3.9999999999999991 4 3
leaf_count=11 13 3 16 328 5 4 36 17 5 106 287 169 14 3 19 3 2375 3 15 31 147 3 14 4 4 3
internal_value=0.00353154 0.229622 0.502286 0.334879 -0.100778 -1.66543 1.19033 1.93889 0.0273991 -0.056628 0.138613 -0.484962 0.289739 0.499346 0.862335 -0.0874304 -0.0986072 -2.43711 0.46659 0.274234 -0.0930438 -0.831094 1.12821 -1.15398 -0.267656 3.38183
internal_weight=3801 1200 511 411 2601 22 100 48 689 626 430 196 405 52 63 2579 2528 6 51 46 2522 18 51 15 12 6
internal_count=3638 1037 420 348 2601 22 72 33 617 575 393 182 342 39 42 2579 2528 6 51 46 2522 18 33 15 9 6
is_linear=0
shrinkage=0.05


Tree=76
num_leaves=23
num_cat=0
split_feature=1 5 1 8 5 3 0 3 4 4 4 3 4 3 4 3 3 4 3 4 3 1
split_gain=37991.7 25276.6 22866.9 29962.2 20501.7 41898.7 23975.4 17094.4 16282 15193 14469.6 9146.82 8306.84 9776.77 7110.4 47910.1 15247.3 14508.4 17889.8 13276.9 10546.6 3607.65
threshold=19842.025000000005 8.5000000000000018 23066.865000000002 2.5000000000000004 11.500000000000002 0.85868205595435165 33667.000000000007 0.60689754887532998 48944.500000000007 43362.500000000007 42782.500000000007 0.60689754887532998 48480.000000000007 0.63760875133082129 35012.500000000007 0.30953621212262683 0.31897763429926923 35217.000000000007 0.5355130575693956 34230.000000000007 0.55670345602479665 19397.615000000002
decision_type=2 2 2 2 2 2 2 2 2 2 2 2 2 2 2 2 2 2 2 2 2 2
left_child=11 2 3 7 8 6 -6 -2 9 -3 -5 14 13 -4 15 19 -17 18 -16 -1 -19 -13
right_child=1 4 12 10 5 -7 -8 -9 -10 -11 -12 21 -14 -15 17 16 -18 20 -20 -21 -22 -23
leaf_value=-0.29595355126414336 -1.9510500496084029 0.14062686063805405 1.2431939515200527 1.4474531054496769 1.6669895379439645 3.3619750499725343 0.012461299329930753 -5.476995010375977 -3.021382586161296 0.86363788023856181 -2.624369084835052 -0.90430648326873786 1.6278902979833738 -0.34314555181078166 -0.5571985324223836 3.3859828869501749 0.80520160803871788 -0.10940874130907735 -3.2155583517892019 0.36930909974777953 0.77829567877685335 -3.1980283419291169
leaf_weight=371 11.000000000000005 98 10.999999999999998 7.9999999999999982 23 9.9999999999999982 456 4.9999999999999991 2.9999999999999991 281 3 3.9999999999999991 6.9999999999999991 83 66 5.9999999999999991 124 2104 6.9999999999999991 94 34 3
leaf_count=371 11 86 11 6 14 5 390 5 3 233 3 4 5 68 66 6 124 2104 7 94 34 3
internal_value=0.0118939 0.276768 -0.379303 -1.67185 0.373183 0.158779 0.0919063 -3.05291 0.647643 0.676685 0.336956 -0.0821728 -0.0337695 -0.15751 -0.0776696 0.07576 0.924315 -0.118959 -0.81211 -0.16147 -0.0952918 -1.88733
internal_weight=3812 999 128 27 871 489 479 16 382 379 11 2813 101 94 2806 595 130 2211 73 465 2138 7
internal_count=3653 840 109 25 731 409 404 16 322 319 9 2813 84 79 2806 595 130 2211 73 465 2138 7
is_linear=0
shrinkage=0.05


end of trees

feature_importances:
thermal_on_capacity=539
total_load=367
thermal_space_load_ratio=292
renewable_power=224
net_load=203
weekday=175
period=147
month=114
hour=104
is_weekend=10

parameters:
[boosting: gbdt]
[objective: regression]
[metric: rmse]
[tree_learner: serial]
[device_type: cpu]
[data_sample_strategy: bagging]
[data: ]
[valid: ]
[num_iterations: 400]
[learning_rate: 0.05]
[num_leaves: 31]
[num_threads: 0]
[seed: 42]
[deterministic: 0]
[force_col_wise: 0]
[force_row_wise: 0]
[histogram_pool_size: -1]
[max_depth: 5]
[min_data_in_leaf: 3]
[min_sum_hessian_in_leaf: 0.001]
[bagging_fraction: 0.85]
[pos_bagging_fraction: 1]
[neg_bagging_fraction: 1]
[bagging_freq: 1]
[bagging_seed: 400]
[bagging_by_query: 0]
[feature_fraction: 0.85]
[feature_fraction_bynode: 1]
[feature_fraction_seed: 30056]
[extra_trees: 0]
[extra_seed: 12879]
[early_stopping_round: 0]
[early_stopping_min_delta: 0]
[first_metric_only: 0]
[max_delta_step: 0]
[lambda_l1: 0]
[lambda_l2: 0]
[linear_lambda: 0]
[min_gain_to_split: 0]
[drop_rate: 0.1]
[max_drop: 50]
[skip_drop: 0.5]
[xgboost_dart_mode: 0]
[uniform_drop: 0]
[drop_seed: 17869]
[top_rate: 0.2]
[other_rate: 0.1]
[min_data_per_group: 100]
[max_cat_threshold: 32]
[cat_l2: 10]
[cat_smooth: 10]
[max_cat_to_onehot: 4]
[top_k: 20]
[monotone_constraints: ]
[monotone_constraints_method: basic]
[monotone_penalty: 0]
[feature_contri: ]
[forcedsplits_filename: ]
[refit_decay_rate: 0.9]
[cegb_tradeoff: 1]
[cegb_penalty_split: 0]
[cegb_penalty_feature_lazy: ]
[cegb_penalty_feature_coupled: ]
[path_smooth: 0]
[interaction_constraints: ]
[verbosity: -1]
[saved_feature_importance_type: 0]
[use_quantized_grad: 0]
[num_grad_quant_bins: 4]
[quant_train_renew_leaf: 0]
[stochastic_rounding: 1]
[linear_tree: 0]
[max_bin: 255]
[max_bin_by_feature: ]
[min_data_in_bin: 3]
[bin_construct_sample_cnt: 200000]
[data_random_seed: 175]
[is_enable_sparse: 1]
[enable_bundle: 1]
[use_missing: 1]
[zero_as_missing: 0]
[feature_pre_filter: 1]
[pre_partition: 0]
[two_round: 0]
[header: 0]
[label_column: ]
[weight_column: ]
[group_column: ]
[ignore_column: ]
[categorical_feature: ]
[forcedbins_filename: ]
[precise_float_parser: 0]
[parser_config_file: ]
[objective_seed: 16083]
[num_class: 1]
[is_unbalance: 0]
[scale_pos_weight: 1]
[sigmoid: 1]
[boost_from_average: 1]
[reg_sqrt: 0]
[alpha: 0.9]
[fair_c: 1]
[poisson_max_delta_step: 0.7]
[tweedie_variance_power: 1.5]
[lambdarank_truncation_level: 30]
[lambdarank_norm: 1]
[label_gain: ]
[lambdarank_position_bias_regularization: 0]
[eval_at: ]
[multi_error_top_k: 1]
[auc_mu_weights: ]
[num_machines: 1]
[local_listen_port: 12400]
[time_out: 120]
[machine_list_filename: ]
[machines: ]
[gpu_platform_id: -1]
[gpu_device_id: -1]
[gpu_use_dp: 0]
[num_gpu: 1]

end of parameters

pandas_categorical:[]
