tree
version=v4
num_class=1
num_tree_per_iteration=1
label_index=0
max_feature_idx=10
objective=regression
feature_names=total_load net_load renewable_power thermal_space_load_ratio thermal_on_capacity hour period weekday month is_weekend is_holiday
feature_infos=[20617.400000000001:45519.099999999999] [-18846.150000000001:36256.82] [6746.5600000000004:40576.68] [-0.89198188220594088:0.82442812456084646] [27170:48080] [10:14] [41:60] [0:6] [1:4] [0:1] none
tree_sizes=2115 2636 2520 2381 2697 2616 2537 2618 2471 2632 2385 2511 2560 2464 2480 2554 2615 2598 2363 2564 2604 2319 2689 2529 2586 2479 2151 2583 2497 2445 2301 2520 2590 2544 2530 2352 2614 2542 2607 2513 2301 2533 2256

Tree=0
num_leaves=24
num_cat=0
split_feature=1 2 7 6 1 1 4 4 2 4 4 4 1 4 0 4 0 5 2 0 0 0 4
split_gain=1.68639e+07 4.21199e+06 3.61087e+06 972131 240779 138140 129028 180893 126053 108276 104732 92939.4 71520 94385.1 98052.2 47413.5 38798.5 15587.1 7225.23 6213.33 4209.19 2342.25 1216.1
threshold=18325.355 9193.7650000000012 5.5000000000000009 50.500000000000007 19996.755000000005 17479.370000000006 42277.500000000007 43672.500000000007 8075.4250000000011 46105.000000000007 43067.500000000007 43672.500000000007 12385.105000000003 45602.500000000007 33284.000000000007 36090.000000000007 36528.100000000006 10.500000000000002 23850.145 36652.150000000009 36233.400000000001 34238.200000000004 44810.000000000007
decision_type=2 2 2 2 2 2 2 2 2 2 2 2 2 2 2 2 2 2 2 2 2 2 2
left_child=5 2 17 8 10 12 15 -8 -4 22 21 -12 16 14 -14 -6 18 -2 -1 -5 -19 -3 -7
right_child=1 4 3 19 6 9 7 -9 -10 -11 11 -13 13 -15 -16 -17 -18 20 -20 -21 -22 -23 -24
leaf_value=72.584048022648858 91.296127581932154 83.986349834671969 135.41171138320166 106.54558589492045 85.698911052085975 83.347960925438031 80.77024220857821 84.969991943599069 123.95287756158712 72.015960955955606 73.043044225710659 80.228655420745099 72.81476863564545 72.015960955955606 76.978364204158026 89.236127649749008 77.999127714175003 85.699294289288929 72.22359874191973 103.758711505272 87.740210986473187 82.874510989524936 81.924294289288937
leaf_weight=178 3.0000000000000027 9.0000000000000018 4.0000000000000018 4 20 2.9999999999999982 32 129 6 4 6.0000000000000027 18 26 45 31 18 2.9999999999999991 3.0000000000000027 635 4 15.999999999999998 9.9999999999999982 3
leaf_count=178 3 9 4 4 20 3 32 129 6 4 6 18 26 45 31 18 3 3 635 4 16 10 3
internal_value=75.7971 86.505 101.535 118.143 84.0207 72.5432 84.7538 84.1353 128.536 78.3881 80.6278 78.4323 72.4795 73.7278 75.0792 87.3744 72.3235 87.9468 72.3025 105.152 87.418 83.4012 82.6361
internal_weight=1210 282 40 18 242 928 199 161 10 10 43 24 918 102 57 38 816 22 813 8 19 19 6
internal_count=1210 282 40 18 242 928 199 161 10 10 43 24 918 102 57 38 816 22 813 8 19 19 6
is_linear=0
shrinkage=1


Tree=1
num_leaves=29
num_cat=0
split_feature=3 2 7 6 1 3 8 8 0 7 8 2 1 8 0 8 0 7 2 0 3 8 1 0 5 0 0 1
split_gain=1.35695e+07 2.82859e+06 2.32403e+06 752922 233503 184709 157130 109543 95736 94000.2 81859.6 73611.9 58052.4 75684.1 57901.5 50454.4 32083.3 28375.8 27291.6 10000.4 9365.55 47693.9 6772.71 4119.06 3682.38 3380.75 2303.3 179.862
threshold=0.52062880761174568 9193.7650000000012 5.5000000000000009 50.500000000000007 15992.795000000004 0.56406944582319696 2.5000000000000004 3.5000000000000004 36854.100000000006 1.5000000000000002 2.5000000000000004 8075.4250000000011 12385.105000000003 3.5000000000000004 35661.650000000009 2.5000000000000004 35303.200000000004 1.5000000000000002 18067.010000000006 36729.05000000001 0.29845284983275794 3.5000000000000004 27751.910000000003 37684.55000000001 10.500000000000002 26413.900000000005 36274.850000000006 18673.225000000002
decision_type=2 2 2 2 2 2 2 2 2 2 2 2 2 2 2 2 2 2 2 2 2 2 2 2 2 2 2 2
left_child=4 2 19 11 12 8 16 10 9 -3 -7 -4 20 15 -8 -14 -6 -9 -10 26 25 -22 -5 -16 -21 -1 -2 -18
right_child=1 5 3 22 6 7 14 17 18 -11 -12 -13 13 -15 23 -17 27 -19 -20 24 21 -23 -24 -25 -26 -27 -28 -29
leaf_value=-3.6142322540283205 9.3983685811360598 6.5956760406494119 55.869246419270837 29.372668457031239 1.4330219268798829 8.8178652763366703 -1.8451315561930319 9.4968980789184574 7.6245368625806726 -0.4013562520345052 6.384440312562166 45.508231353759754 -3.3089246185458436 5.8350819905598961 7.451588439941407 -0.89884896645179158 -3.6007980346679695 12.354758212440892 3.1497503280639649 14.285193125406906 -3.2644904260451981 -0.15591189520699639 26.367626953124997 5.36144606850364 12.139739735921223 -3.3257431200268863 11.054275730678013 -4.0114326477050772
leaf_weight=124 3.0000000000000018 8.0000000000000018 2.9999999999999991 3 3.9999999999999991 96 3.0000000000000027 15.999999999999998 23.000000000000004 11.999999999999998 54 4 49 2.9999999999999991 2.9999999999999991 39 7.9999999999999982 19 3.9999999999999991 2.9999999999999982 104 13.999999999999998 5 10.999999999999998 6 561 7 4
leaf_count=124 3 8 3 3 4 96 3 16 23 12 54 4 49 3 3 39 8 19 4 3 104 14 5 11 6 561 7 4
internal_value=-0.162502 9.79227 23.2608 37.9731 -3.019 7.81844 1.11137 8.52954 5.01941 2.39746 7.94183 49.9487 -3.17146 -1.97458 4.45855 -2.24082 -2.445 11.0483 6.96161 11.6457 -3.30709 -2.89568 27.4945 5.80933 12.8549 -3.37797 10.5575 -3.73768
internal_weight=1193 266 34 15 927 232 33 185 47 20 150 7 894 91 17 88 16 35 27 19 803 118 8 14 9 685 10 12
internal_count=1193 266 34 15 927 232 33 185 47 20 150 7 894 91 17 88 16 35 27 19 803 118 8 14 9 685 10 12
is_linear=0
shrinkage=0.05


Tree=2
num_leaves=28
num_cat=0
split_feature=3 7 1 6 3 1 8 0 3 7 4 7 0 0 4 6 1 4 0 0 2 2 4 1 8 1 0
split_gain=1.37362e+07 3.64852e+06 2.53862e+06 883288 169987 146429 172841 106168 103192 98135.8 95804.2 74085.2 60935.2 49416.3 79387.6 35706.2 16269 13602.1 32543.2 10615.2 8869.75 7626.58 78124.4 6390.63 2123.61 1917.18 27.7328
threshold=0.52062880761174568 5.5000000000000009 27390.094999999998 50.500000000000007 0.56406944582319696 13106.299999999999 2.5000000000000004 33858.450000000004 0.78938764404683071 4.5000000000000009 42277.500000000007 1.0000000180025095e-35 37027.30000000001 36854.100000000006 43067.500000000007 43.500000000000007 24893.755000000005 45602.500000000007 32682.100000000002 39598.900000000001 18444.820000000003 24078.010000000002 32370.000000000004 27751.910000000003 2.5000000000000004 22999.310000000001 38773.650000000009
decision_type=2 2 2 2 2 2 2 2 2 2 2 2 2 2 2 2 2 2 2 2 2 2 2 2 2 2 2
left_child=5 4 25 8 13 12 17 20 -4 10 -6 -9 21 14 -2 -15 -11 18 -7 -19 -8 22 -1 -5 -23 26 -3
right_child=1 2 3 23 9 6 7 11 -10 16 -12 -13 -14 15 -16 -17 -18 19 -20 -21 -22 24 -24 -25 -26 -27 -28
leaf_value=5.1272495269775398 6.4470688713921422 5.5871083577473915 43.463860575358055 27.904034423828133 10.359020441228694 -3.4752922058105464 -3.3508423328399668 -0.62506142854690527 53.831700897216791 7.227273813883464 7.3514818647014568 5.1577783796522354 3.0446162223815918 1.5719329833984359 -0.025874156951904301 7.4885284423828127 11.063885105678015 -3.4850537350303252 3.1118887583414705 -0.39566014607747402 -0.16285565694173174 -3.3384131255239811 -2.9988663841429215 25.077677917480468 -3.1496043384776398 7.1077783584594716 5.8020998636881496
leaf_weight=2.9999999999999991 9.0000000000000018 3.0000000000000018 6.0000000000000018 2.9999999999999982 33 5 7.9999999999999982 8.0000000000000018 4 2.9999999999999991 134 18 3.9999999999999991 3.0000000000000027 9.9999999999999982 17 35 38 3 2.9999999999999991 3 265 210 6 340 4 3
leaf_count=3 9 3 6 3 33 5 8 8 4 3 134 18 4 3 10 17 35 38 3 3 3 265 210 6 340 4 3
internal_value=0.0505286 9.88475 26.6513 37.3836 7.89201 -2.90624 -0.943205 1.63633 47.611 8.46763 7.94579 3.37844 -3.11161 4.8663 3.04026 6.60104 10.761 -2.89102 -1.0051 -3.259 -2.48139 -3.14172 -2.88441 26.0198 -3.23231 6.25987 5.6946
internal_weight=1181 273 29 19 244 908 86 37 10 205 167 26 822 39 19 20 38 49 8 41 11 818 213 9 605 10 6
internal_count=1181 273 29 19 244 908 86 37 10 205 167 26 822 39 19 20 38 49 8 41 11 818 213 9 605 10 6
is_linear=0
shrinkage=0.05


Tree=3
num_leaves=27
num_cat=0
split_feature=3 7 1 6 1 4 2 4 4 3 1 4 0 3 4 4 4 5 2 0 0 1 3 0 0 0
split_gain=1.2279e+07 2.9956e+06 1.84124e+06 702997 278744 164602 154674 151927 113833 87887.2 78072.5 124077 55908.1 55514.8 45138 33903.2 32753.6 15071.3 9045.12 6371.64 4006.12 1322.85 815.579 813.303 232.582 159.331
threshold=0.5300522912467337 5.5000000000000009 27390.094999999998 51.500000000000007 17479.370000000006 46105.000000000007 13706.185000000001 42277.500000000007 43672.500000000007 0.78938764404683071 12607.35 39905.000000000007 37107.000000000007 0.73680582726320554 45602.500000000007 36090.000000000007 42277.500000000007 10.500000000000002 20118.740000000002 38016.200000000004 26413.900000000005 22999.310000000001 0.50858692906040326 36652.150000000009 36854.100000000006 36429.250000000007
decision_type=2 2 2 2 2 2 2 2 2 2 2 2 2 2 2 2 2 2 2 2 2 2 2 2 2 2
left_child=4 6 21 9 10 19 13 15 -9 -4 12 -12 20 16 -13 -8 -2 -15 25 24 -1 -3 -21 -5 -6 -7
right_child=1 2 3 23 5 18 7 8 -10 -11 11 14 -14 17 -16 -17 -18 -19 -20 22 -22 -23 -24 -25 -26 -27
leaf_value=-3.2731730353563351 11.213767835828994 5.4664816856384242 41.290667215983056 24.917937469482418 6.5328089396158706 -3.330402374267579 8.0858946058485248 3.0205205281575522 6.7612758690456181 51.772033691406243 6.1912137603759767 -0.97542663970083565 2.9036965370178223 12.655864906311031 -3.2697098731994632 11.516921297709144 8.0486034307587015 10.121615808660335 -0.32438723246256501 4.4874943869454524 -2.9735815407393815 6.7523896217346184 5.472850926717121 23.909657287597653 7.1554140726725244 -3.8124370574951167
leaf_weight=133 8.9999999999999982 4.0000000000000018 6.0000000000000018 4 3.0000000000000062 2.9999999999999982 18 33 53 3 4.9999999999999991 53 3.9999999999999991 8.0000000000000018 36 12.000000000000002 89 22 3 6.9999999999999982 693 4 3 4 3 4
leaf_count=133 9 4 6 4 3 3 18 33 53 3 5 53 4 8 36 12 89 22 3 7 693 4 3 4 3 4
internal_value=-0.0245995 9.40592 25.8898 35.1983 -2.69493 2.41083 7.71699 6.3946 5.32587 44.7845 -2.83859 -1.47288 -2.99326 8.91541 -1.90345 9.45831 8.33928 10.7974 -2.62141 5.55598 -3.02182 6.10944 4.7831 24.4138 6.84411 -3.60585
internal_weight=1219 269 25 17 950 26 244 116 86 9 924 94 830 128 89 30 98 30 10 16 826 8 10 8 6 7
internal_count=1219 269 25 17 950 26 244 116 86 9 924 94 830 128 89 30 98 30 10 16 826 8 10 8 6 7
is_linear=0
shrinkage=0.05


Tree=4
num_leaves=30
num_cat=0
split_feature=3 3 7 6 3 1 8 1 0 8 0 8 7 0 8 6 7 7 0 1 8 5 7 8 0 1 6 2 0
split_gain=1.14288e+07 2.45993e+06 2.24858e+06 692710 154552 109856 92403.7 87790 77694.6 74334.7 54533 50762.6 36662.2 30477.7 66408.2 29499.1 28618.1 25188.6 19463.2 16766.1 36940 12555.2 10563.4 6416.43 3406.12 1511.55 1462.21 230.718 3.63798e-12
threshold=0.50858692906040326 0.75194895829411001 5.5000000000000009 51.500000000000007 0.56406944582319696 14646.715000000002 2.5000000000000004 30101.320000000003 34195.850000000013 3.5000000000000004 36854.100000000006 2.5000000000000004 1.0000000180025095e-35 36920.350000000013 2.5000000000000004 42.500000000000007 3.5000000000000004 1.5000000000000002 35303.200000000004 12767.035000000003 2.5000000000000004 10.500000000000002 1.0000000180025095e-35 3.5000000000000004 37107.000000000007 28203.425000000003 42.500000000000007 16990.185000000001 37684.55000000001
decision_type=2 2 2 2 2 2 2 2 2 2 2 2 2 2 2 2 2 2 2 2 2 2 2 2 2 2 2 2 2
left_child=5 4 21 7 10 13 18 -4 27 11 16 -6 -10 19 28 -12 -2 -11 -7 23 -21 26 -20 -1 -23 -5 -3 -8 -15
right_child=1 2 3 25 9 6 8 -9 12 17 15 -13 -14 14 -16 -17 -18 -19 22 20 -22 24 -24 -25 -26 -27 -28 -29 -30
leaf_value=-2.9459669849680381 1.4404030084609982 12.876986948649074 38.613518066406236 22.83353424072266 7.631867774009705 0.58244632720947231 -2.7593779246012335 48.551515960693351 -0.72112283706665004 8.0416703965928829 1.1552726745605455 5.7178335801610416 4.7066463197980601 -3.0976137161254891 4.9784191131591786 6.3815483658402057 5.1030161857604988 10.590600949242003 -0.033330853780110636 -3.185738954089937 -0.050458616368910851 9.2197457377115875 -3.1878608123115875 -2.6345884546056975 10.861852645874023 24.137562942504879 11.416718864440917 -3.3794826507568354 -3.0976137161254873
leaf_weight=583 16.000000000000004 3.0000000000000027 5.0000000000000018 4.9999999999999982 100 5.0000000000000027 3.0000000000000027 4 4.0000000000000009 18 3.0000000000000027 53 14 3.9999999999999982 4 27 7.9999999999999991 21 3.0000000000000027 21 17 15.000000000000002 23 231 3.9999999999999991 4 4 3 3
leaf_count=583 16 3 5 5 100 5 3 4 4 18 3 53 14 4 4 27 8 21 3 21 17 15 23 231 4 4 4 3 3
internal_value=0.0956313 8.74847 19.6371 33.2218 6.80091 -2.63784 -0.471211 43.0304 1.858 7.46555 4.43774 6.96884 3.50048 -2.77592 -0.160875 5.85892 2.66127 9.41417 -2.27447 -2.80968 -1.78311 10.2324 -2.82388 -2.8576 9.56545 23.4131 12.0425 -3.06943 -3.09761
internal_weight=1208 290 44 18 246 918 55 9 24 192 54 153 18 863 11 30 24 39 31 852 38 26 26 814 19 9 7 6 7
internal_count=1208 290 44 18 246 918 55 9 24 192 54 153 18 863 11 30 24 39 31 852 38 26 26 814 19 9 7 6 7
is_linear=0
shrinkage=0.05


Tree=5
num_leaves=29
num_cat=0
split_feature=3 2 7 6 3 3 4 4 4 4 4 4 0 3 4 3 8 7 2 0 7 0 2 8 6 0 0 6
split_gain=9.84192e+06 2.00343e+06 2.04744e+06 455071 137289 124926 85492.1 77796.7 227921 55764.6 103995 61491.3 50971 41413.4 99107.3 34744.5 31585.2 28381.6 26418.1 9224.45 8883.53 5417.83 3822.92 2976.15 2790.01 1617.49 1369.33 28.1905
threshold=0.52062880761174568 9193.7650000000012 5.5000000000000009 50.500000000000007 0.56406944582319696 0.47656201059381442 44860.000000000007 42910.000000000007 43672.500000000007 43672.500000000007 43067.500000000007 46922.500000000007 37936.900000000001 0.32194189188341504 39295.000000000007 0.35185847170019641 2.5000000000000004 1.5000000000000002 17572.260000000006 36652.150000000009 2.5000000000000004 36528.100000000006 8969.5500000000011 2.5000000000000004 46.500000000000007 37219.150000000001 36233.400000000001 43.500000000000007
decision_type=2 2 2 2 2 2 2 2 2 2 2 2 2 2 2 2 2 2 2 2 2 2 2 2 2 2 2 2
left_child=5 2 19 12 9 13 18 17 -9 10 -3 -11 -4 21 15 -15 -16 -6 -7 26 -8 23 -5 -1 -20 -21 -2 -22
right_child=1 4 3 22 7 6 20 8 -10 11 -12 -13 -14 14 16 -17 -18 -19 24 25 27 -23 -24 -25 -26 -27 -28 -29
leaf_value=-2.8617020613496957 7.6614351272582937 4.9093780864368775 34.477874755859389 21.789284896850589 7.6855530875069764 -0.28392753601074183 -0.041626040140787773 2.4007900646754674 7.4186506711830535 6.0613424630000674 -2.8865311486380443 -1.4582145690917969 42.459966023763016 -0.48079121907552091 -2.8715181353417312 4.7043466840471533 -1.4896154036888711 10.085396818681197 6.088671493530275 10.015301622663227 -3.2067495822906489 -0.62189102172851562 24.150448099772131 -2.6578007783426347 4.383896700541178 11.402955373128252 8.7560427856445315 -3.4095085144042963
leaf_weight=330 4.0000000000000027 11.000000000000002 2.9999999999999982 3.9999999999999991 28 3.0000000000000027 2.9999999999999982 28 118 29 6.9999999999999991 2.9999999999999991 6 5.9999999999999982 88 7 78 22 3.9999999999999982 6.9999999999999982 4 2.9999999999999991 3 391 6 3 9.9999999999999982 3
leaf_count=330 4 11 3 4 28 3 3 28 118 29 7 3 6 6 88 7 78 22 4 7 4 3 3 391 6 3 10 3
internal_value=0.0227586 8.13015 18.5081 32.3626 6.44268 -2.48125 1.15765 7.03927 6.45632 4.10403 1.87764 5.35638 39.7993 -2.57394 -1.89295 2.31121 -2.22219 8.74148 3.83125 9.27176 -2.31804 -2.7423 22.8012 -2.75113 5.06581 10.4316 8.4433 -3.29365
internal_weight=1212 286 40 16 246 926 23 196 146 50 18 32 9 903 179 13 166 50 13 24 10 724 7 721 10 10 14 7
internal_count=1212 286 40 16 246 926 23 196 146 50 18 32 9 903 179 13 166 50 13 24 10 724 7 721 10 10 14 7
is_linear=0
shrinkage=0.05


Tree=6
num_leaves=28
num_cat=0
split_feature=3 7 1 1 1 4 2 4 5 4 5 0 4 7 4 1 4 4 0 4 1 7 0 3 2 0 7
split_gain=9.06887e+06 2.9802e+06 1.04304e+06 410268 267273 120598 107906 101444 78393.1 76194.8 53439.4 42234 118133 32461.9 31281.5 25319.1 60176.6 23789.7 7351.41 6130.45 5947.15 5186.88 1069.63 500.436 249.429 217.049 39.3829
threshold=0.5300522912467337 5.5000000000000009 28857.775000000001 27390.094999999998 17479.370000000006 46105.000000000007 13077.255000000003 42277.500000000007 10.500000000000002 43672.500000000007 12.500000000000002 36920.350000000013 45602.500000000007 4.5000000000000009 42910.000000000007 12701.890000000001 40095.000000000007 36090.000000000007 39262.900000000009 37740.000000000007 28857.775000000001 5.5000000000000009 37298.900000000009 0.50858692906040326 18067.010000000006 35661.650000000009 1.5000000000000002
decision_type=2 2 2 2 2 2 2 2 2 2 2 2 2 2 2 2 2 2 2 2 2 2 2 2 2 2 2
left_child=4 6 3 -3 11 21 13 17 -4 -9 -5 15 22 14 -2 19 -17 -8 24 -1 -15 25 -13 -23 -7 -6 -14
right_child=1 2 8 10 5 18 7 9 -10 -11 -12 12 26 20 -16 16 -18 -19 -20 -21 -22 23 -24 -25 -26 -27 -28
leaf_value=-2.3587896769025685 9.8194658660888692 5.4828973388671836 44.000941467285173 28.794912211100268 5.5394462585449125 -3.5797669728597015 7.1179669516427184 3.1322103809665993 34.609871215820306 5.9745441422095666 20.621832275390624 4.0108959197998022 -2.9536550839742026 8.718386173248291 6.7835365840366908 5.3411802927652996 -1.8970901460789922 9.9087183634440112 -0.22600708007812492 -2.6668363157883554 10.169689483642578 3.9200032711029054 5.1671977043151847 4.6049546241760231 -2.9350072860717766 6.1020558357238759 -2.7916202926635743
leaf_weight=226 9.9999999999999982 5.0000000000000027 3.9999999999999982 2.9999999999999982 3.0000000000000044 2.9999999999999982 21 37 5 65 6 4.0000000000000018 5.9999999999999991 24 56 2.9999999999999991 67 11.999999999999998 3 566 9.9999999999999982 7.9999999999999991 4 4.0000000000000009 3 4 9.9999999999999982
leaf_count=226 10 5 4 3 3 3 21 37 5 65 6 4 6 24 56 3 67 12 3 566 10 8 4 4 3 4 10
internal_value=0.0480156 8.32641 25.5036 16.9664 -2.28877 2.52086 6.64523 5.7231 38.7837 4.9435 23.3462 -2.44077 -0.371907 7.89011 7.24353 -2.49837 -1.58688 8.13279 -2.24693 -2.57893 9.14524 4.77928 4.58905 4.14832 -3.25739 5.86094 -2.85238
internal_weight=1172 258 23 14 914 28 235 135 9 102 9 886 24 100 66 862 70 33 9 792 34 19 8 12 6 7 16
internal_count=1172 258 23 14 914 28 235 135 9 102 9 886 24 100 66 862 70 33 9 792 34 19 8 12 6 7 16
is_linear=0
shrinkage=0.05


Tree=7
num_leaves=28
num_cat=0
split_feature=3 7 1 0 1 3 8 3 8 2 7 6 0 8 1 1 2 8 0 5 0 0 0 1 0 0 7
split_gain=8.30467e+06 2.56341e+06 1.15718e+06 566929 195038 111198 104381 62520.9 56416.3 49651.2 36478.4 67213.7 35150.3 88810.5 21663.8 19430.9 14554 36956.8 13522.8 10713 7258.62 4022.41 1866.72 1384.17 784.643 588.005 40.1961
threshold=0.5300522912467337 5.5000000000000009 27390.094999999998 37153.100000000006 15992.795000000004 0.56406944582319696 2.5000000000000004 0.76570902926847417 3.5000000000000004 7781.8900000000003 1.5000000000000002 54.500000000000007 36920.350000000013 2.5000000000000004 16292.985000000004 27569.690000000006 23850.145 3.5000000000000004 35303.200000000004 10.500000000000002 39598.900000000001 38016.200000000004 32708.850000000002 22999.310000000001 37298.900000000009 36158.500000000007 1.5000000000000002
decision_type=2 2 2 2 2 2 2 2 2 2 2 2 2 2 2 2 2 2 2 2 2 2 2 2 2 2 2
left_child=4 5 23 15 12 10 18 8 -7 -5 25 -12 16 26 -8 -4 17 -1 -6 -9 -20 -16 -18 -3 -15 -2 -14
right_child=1 2 3 9 6 7 14 19 -10 -11 11 -13 13 24 21 -17 22 -19 20 -21 -22 -23 -24 -25 -26 -27 -28
leaf_value=-2.3068936892509186 5.1560115051269539 4.2881983757019011 24.334712727864556 43.076312255859392 1.0222930431365957 5.8716177910174201 0.51779570579528766 10.674071829659594 8.1523761055686261 35.198242696126293 3.7925399303436276 -2.8489208602905274 -2.8485662937164284 3.810351085662842 5.5307080405099054 19.616175270080568 -2.471033277992527 -0.51036910432757754 -2.9493231391906742 8.3288673877716075 -0.14512888590494794 3.9326114654541016 -2.6708583171551048 5.7089673360188788 4.880056889851887 5.8472091197967533 -2.6580718994140629
leaf_weight=216 4.9999999999999991 4.0000000000000027 3.0000000000000027 2.9999999999999982 4.0000000000000027 152 4.0000000000000027 7.0000000000000027 33 6 16.000000000000004 4.9999999999999991 4.0000000000000027 3.9999999999999991 6.9999999999999991 7.9999999999999991 466 33 9.9999999999999982 15.999999999999998 2.9999999999999991 8.9999999999999982 156 3 3 7.9999999999999991 8.9999999999999982
leaf_count=216 5 4 3 3 4 152 4 7 33 6 16 5 4 4 7 8 466 33 10 16 3 9 156 3 3 8 9
internal_value=0.0457296 7.78112 22.3938 28.5176 -2.19653 6.15078 1.36055 6.58411 6.27846 37.8243 3.49982 2.21124 -2.34424 -0.271767 3.80898 20.903 -2.39183 -2.0688 -1.51997 9.04263 -2.3022 4.63178 -2.52115 4.8971 4.2688 5.58136 -2.71669
internal_weight=1197 269 27 20 928 242 37 208 185 9 34 21 891 20 20 11 871 249 17 23 13 16 622 7 7 13 13
internal_count=1197 269 27 20 928 242 37 208 185 9 34 21 891 20 20 11 871 249 17 23 13 16 622 7 7 13 13
is_linear=0
shrinkage=0.05


Tree=8
num_leaves=27
num_cat=0
split_feature=3 7 1 0 1 4 3 3 0 4 4 4 2 1 8 0 0 4 5 0 2 3 0 3 0 3
split_gain=7.06364e+06 1.51503e+06 1.05543e+06 474927 181005 138459 109875 66262.8 64777.4 56944.4 44767.5 115683 38591.7 24532.2 49211.2 48787.6 20540.8 14579.3 12509.6 7254.1 4939.08 3326.93 3115.54 1378.14 1044.17 415.029
threshold=0.5300522912467337 5.5000000000000009 27390.094999999998 37153.100000000006 15992.795000000004 46105.000000000007 0.56406944582319696 0.72174921248362689 33416.05000000001 42277.500000000007 43672.500000000007 43067.500000000007 7781.8900000000003 12767.035000000003 2.5000000000000004 33858.450000000004 37107.000000000007 44860.000000000007 10.500000000000002 39598.900000000001 18929.640000000003 0.30895494495824943 36652.150000000009 0.44609644923333708 38995.150000000001 0.48425787051922914
decision_type=2 2 2 2 2 2 2 2 2 2 2 2 2 2 2 2 2 2 2 2 2 2 2 2 2 2
left_child=4 6 24 22 13 8 10 9 -6 -8 11 -2 -5 16 23 -16 21 -12 -9 25 -10 -1 -4 -15 -3 -7
right_child=1 2 3 12 5 19 7 18 20 -11 17 -13 -14 14 15 -17 -18 -19 -20 -21 -22 -23 -24 -25 -26 -27
leaf_value=-2.3853284150057465 5.2306520843505853 4.0648403167724583 19.566523132324221 40.922494506835932 -3.412643051147457 -2.5328501701354966 7.6240417089217747 9.7612650299072286 5.3198802524142774 5.456772274480147 5.6144937939114037 -2.8360505580902093 33.420526885986327 -2.5987665285382953 -2.730397300720214 1.5128246034894672 1.802642567952474 2.277289867401123 7.7010889189583924 -0.13787225087483723 3.7961379711444567 -2.1029056392064911 17.528373209635415 -1.9050403806898331 5.2073007583618152 -3.0829642295837405
leaf_weight=685 10 4.0000000000000018 4.9999999999999982 3 3.0000000000000027 6.0000000000000027 39 9.9999999999999982 9.0000000000000018 136 18.000000000000004 8 4 35 10.000000000000002 21 2.9999999999999991 3.9999999999999991 28 2.9999999999999991 12.999999999999998 123 3 8.9999999999999982 4 7.9999999999999991
leaf_count=685 10 4 5 3 3 6 39 10 9 136 18 8 4 35 10 21 3 4 28 3 13 123 3 9 4 8
internal_value=-0.00637381 7.01611 19.3024 27.1245 -2.09496 1.11229 5.89917 6.35071 3.47963 5.93976 3.4947 1.64545 36.6357 -2.24699 -1.38182 0.144043 -2.327 5.00773 8.24324 -2.36908 4.41949 -2.34234 18.8022 -2.45687 4.63607 -2.8472
internal_weight=1204 276 23 15 928 42 253 213 25 175 40 18 7 886 75 31 811 22 38 17 22 808 8 44 8 14
internal_count=1204 276 23 15 928 42 253 213 25 175 40 18 7 886 75 31 811 22 38 17 22 808 8 44 8 14
is_linear=0
shrinkage=0.05


Tree=9
num_leaves=29
num_cat=0
split_feature=3 2 7 6 3 3 4 7 4 4 4 2 3 4 3 2 7 5 3 6 1 4 4 4 1 2 0 2
split_gain=6.65736e+06 1.70636e+06 1.22586e+06 458721 90233.4 77582 65096 68651.7 55579.6 50457.8 217033 47941.1 22851.7 71064.5 46235.8 21125.9 18566.5 9202.86 7509.54 7014.24 3365 3104.93 9149.01 2875.88 2684.73 1576.14 119.343 16.8603
threshold=0.52062880761174568 9193.7650000000012 5.5000000000000009 50.500000000000007 0.47656201059381442 0.56406944582319696 43672.500000000007 1.5000000000000002 44860.000000000007 42910.000000000007 43672.500000000007 7781.8900000000003 0.29845284983275794 39295.000000000007 0.35185847170019641 24929.905000000002 1.5000000000000002 10.500000000000002 0.49106726725513283 51.500000000000007 27751.910000000003 34325.000000000007 36372.500000000007 44810.000000000007 28203.425000000003 19705.085000000003 30635.300000000007 18067.010000000006
decision_type=2 2 2 2 2 2 2 2 2 2 2 2 2 2 2 2 2 2 2 2 2 2 2 2 2 2 2 2
left_child=4 2 17 11 12 6 7 -3 19 16 -11 -4 21 14 -14 -15 -7 -2 -10 25 -5 26 -23 -8 -19 -6 -1 -20
right_child=1 5 3 20 8 9 23 -9 18 10 -12 -13 13 15 -16 -17 -18 24 27 -21 -22 22 -24 -25 -26 -27 -28 -29
leaf_value=-2.5209527223959736 9.8706185913085864 4.8292716435023699 38.876370239257781 19.556947326660165 5.100193405151364 6.1742447162496639 5.3203012339274078 -1.5048537861217153 0.27344792683919278 1.3374732716878255 6.1085868473710683 31.135158284505209 -0.25175814628601068 -2.0099285406432128 5.4710356903076178 1.2799233627319335 8.1544896125793453 6.4524404907226574 -2.874176979064941 1.9984593200683591 17.555460466657365 -1.5559995047900141 -2.2708012290442774 4.2559130581942473 7.8497704939408735 3.5840998331705722 -2.4066991252283896 -2.7065450032552079
leaf_weight=87 5.0000000000000027 7.0000000000000027 3.0000000000000018 2.9999999999999982 4.0000000000000018 29 15.000000000000002 10.999999999999998 2.9999999999999982 30 116 6 12.000000000000002 203 4.9999999999999991 4.9999999999999991 20 4.9999999999999991 3 5 7 49 518 10.999999999999998 10.999999999999998 3 31 3
leaf_count=87 5 7 3 3 4 29 15 11 3 30 116 6 12 203 5 5 20 5 3 5 7 49 518 11 11 3 31 3
internal_value=-0.00893528 6.76594 16.324 25.5263 -2.03921 5.16625 3.2698 0.958417 1.20112 5.59417 5.12822 33.7156 -2.11399 -1.67681 1.43142 -1.93085 6.98251 7.99823 -1.76909 3.42878 18.1559 -2.25759 -2.20903 4.86998 7.4131 4.45044 -2.49094 -2.79036
internal_weight=1210 279 40 19 931 239 44 18 21 195 146 9 910 225 17 208 49 21 9 12 10 685 567 26 16 7 118 6
internal_count=1210 279 40 19 931 239 44 18 21 195 146 9 910 225 17 208 49 21 9 12 10 685 567 26 16 7 118 6
is_linear=0
shrinkage=0.05


Tree=10
num_leaves=26
num_cat=0
split_feature=3 7 1 6 1 8 3 7 3 8 1 8 0 7 7 8 0 0 5 0 0 6 0 1 0
split_gain=6.03088e+06 1.71565e+06 906043 372070 122583 98490.3 79740.3 57142 48016.1 37007.1 36416.9 54628.4 32137.8 63543.3 50556.9 29938.6 17930.9 10913.7 4481.95 4334.81 3186.33 2561.01 1080.43 585.757 575.835
threshold=0.5300522912467337 5.5000000000000009 27390.094999999998 51.500000000000007 15992.795000000004 2.5000000000000004 0.57955824644836051 4.5000000000000009 0.78938764404683071 3.5000000000000004 12385.105000000003 3.5000000000000004 36854.100000000006 2.5000000000000004 2.5000000000000004 2.5000000000000004 35661.650000000009 35303.200000000004 10.500000000000002 38016.200000000004 36528.100000000006 58.500000000000007 38995.150000000001 18990.09 36652.150000000009
decision_type=2 2 2 2 2 2 2 2 2 2 2 2 2 2 2 2 2 2 2 2 2 2 2 2 2
left_child=4 6 22 8 10 17 12 9 -4 -8 20 15 13 -2 -14 -12 -7 -6 -9 -18 21 -1 -3 -19 -5
right_child=1 2 3 24 5 16 7 18 -10 -11 11 -13 14 -15 -16 -17 19 23 -20 -21 -22 -23 -24 -25 -26
leaf_value=-2.159336850385587 0.70299520492553702 3.6024857521057094 28.873901621500636 17.196490478515624 0.084313278198242136 0.30385808944702125 5.0125533127203221 8.6026995658874519 35.94615173339843 7.0567548257333259 -2.1511424144109088 4.6518074035644537 5.4193709850311285 5.2905117621788618 -1.3688897132873536 -0.25847659239897858 4.9798368726457873 -2.4490523815155036 7.2707442220052094 3.3208438025580516 -0.49857800801595054 -1.8446237285372238 4.8577248891194653 -3.1900971889495846 16.280106735229491
leaf_weight=722 18.000000000000004 4.0000000000000027 6.0000000000000018 2.9999999999999991 5.0000000000000027 4.0000000000000027 123 7.9999999999999991 4 27 48 3.9999999999999991 32 12.999999999999998 2.9999999999999991 37 6.9999999999999991 7.9999999999999982 30 8.9999999999999982 2.9999999999999991 71 3 4 4
leaf_count=722 18 4 6 3 5 4 123 8 4 27 48 4 32 13 3 37 7 8 30 9 3 71 3 4 4
internal_value=0.0464995 6.50175 19.28 25.514 -1.89988 0.919747 5.29435 5.81926 31.7028 5.38051 -2.01776 -1.05855 3.79915 2.62679 4.83752 -1.32728 3.29809 -1.87831 7.55116 4.04665 -2.12501 -2.13116 4.14045 -2.69607 16.6728
internal_weight=1200 278 24 17 922 37 254 188 10 150 885 89 66 31 35 85 20 17 38 16 796 793 7 12 7
internal_count=1200 278 24 17 922 37 254 188 10 150 885 89 66 31 35 85 20 17 38 16 796 793 7 12 7
is_linear=0
shrinkage=0.05


Tree=11
num_leaves=28
num_cat=0
split_feature=3 7 1 0 1 4 4 4 3 3 0 4 1 4 5 0 1 0 1 4 6 0 0 0 3 1 0
split_gain=5.65492e+06 1.65829e+06 782534 379800 149374 64025.8 559206 63256.3 37864.4 33048.4 19083.1 65544.1 14863.4 38670 13884.4 13557 12624.7 12373.4 11513.9 6909.75 4130.82 3473.09 797.858 576.132 389.307 97.4683 35.6467
threshold=0.5300522912467337 5.5000000000000009 27390.094999999998 37153.100000000006 17479.370000000006 43672.500000000007 43067.500000000007 46105.000000000007 0.7105973470871122 0.79769226454630082 37027.30000000001 45602.500000000007 12701.890000000001 40095.000000000007 10.500000000000002 36012.80000000001 20745.450000000001 36555.100000000013 22596.060000000009 48025.000000000007 59.500000000000007 38016.200000000004 37298.900000000009 38890.400000000009 0.50858692906040326 14103.035000000002 36854.100000000006
decision_type=2 2 2 2 2 2 2 2 2 2 2 2 2 2 2 2 2 2 2 2 2 2 2 2 2 2 2
left_child=4 5 23 17 10 6 16 21 18 -5 12 22 20 -14 -10 -8 -2 -4 -7 -9 -1 26 -12 -3 -23 -13 -6
right_child=1 2 3 9 7 8 15 19 14 -11 11 25 13 -15 -16 -17 -18 -19 -20 -21 -22 24 -24 -25 -26 -27 -28
leaf_value=-2.0366937415876638 5.1150633403233128 3.2851296742757121 19.73895568847654 28.707916005452478 4.5691155751546111 4.5457179920093429 -2.5270293871561691 -2.8065682601928708 8.6746618652343752 35.135244750976554 3.4053583780924459 -2.5168352127075182 4.2749810536702482 -1.5141495107014975 6.5233526484171556 -5.5333522415161136 6.47932384402253 15.973599243164063 5.6309637175665967 0.22872486114501944 -1.489195007748074 2.9706538064139236 4.5585123697916652 4.20174970626831 3.589002704620361 -2.1953147194602276 4.8128595987955718
leaf_weight=801 28 3.0000000000000027 3.0000000000000027 5.9999999999999982 3.0000000000000062 37 5.9999999999999991 5 9.9999999999999982 3 3.0000000000000009 3.0000000000000009 2.9999999999999991 75 30 9.9999999999999982 43 7.9999999999999991 72 3 36 6.9999999999999982 3 4 4 10.999999999999998 3
leaf_count=801 28 3 3 6 3 37 6 5 10 3 3 3 3 75 30 10 43 8 72 3 36 7 3 4 4 11 3
internal_value=-0.0366885 6.45904 18.1971 23.2329 -1.81625 5.11612 4.03836 1.99799 5.74542 30.8504 -1.91823 -0.390368 -1.95163 -1.29149 7.06118 -4.40598 5.94131 17.0005 5.26258 -1.66833 -2.01315 3.72332 3.98194 3.80891 3.19551 -2.26421 4.69099
internal_weight=1223 263 27 20 960 236 87 25 149 9 935 20 915 78 40 16 71 11 109 8 837 17 6 7 11 14 6
internal_count=1223 263 27 20 960 236 87 25 149 9 935 20 915 78 40 16 71 11 109 8 837 17 6 7 11 14 6
is_linear=0
shrinkage=0.05


Tree=12
num_leaves=29
num_cat=0
split_feature=3 7 1 6 1 4 2 4 4 7 4 7 7 2 4 0 4 1 4 1 7 4 1 4 0 0 1 3
split_gain=4.71101e+06 922492 831859 260359 85440.9 102417 61422.8 69940.9 248367 27167.2 50519.6 26343.6 23681.1 21361.4 20332.6 16693 43222.5 11225.4 24296.5 11086.1 9857.41 9089.31 6694.69 4329.8 2722.37 425.064 359.829 92.4932
threshold=0.52062880761174568 5.5000000000000009 27390.094999999998 50.500000000000007 14646.715000000002 44860.000000000007 13706.185000000001 43067.500000000007 43672.500000000007 2.5000000000000004 43067.500000000007 2.5000000000000004 1.5000000000000002 8075.4250000000011 46922.500000000007 36920.350000000013 45602.500000000007 12701.890000000001 44860.000000000007 30101.320000000003 5.5000000000000009 42277.500000000007 21475.850000000002 37740.000000000007 36652.150000000009 39525.150000000009 17815.785000000003 0.36050685397990528
decision_type=2 2 2 2 2 2 2 2 2 2 2 2 2 2 2 2 2 2 2 2 2 2 2 2 2 2 2 2
left_child=4 6 22 13 15 11 9 21 -9 10 -2 -6 14 -4 -7 17 -17 23 -19 -11 -13 -8 -3 -1 -5 -24 -14 -18
right_child=1 2 3 24 5 12 7 8 -10 19 -12 20 26 -15 -16 16 27 18 -20 -21 -22 -23 25 -25 -26 -27 -28 -29
leaf_value=-1.7083497839388642 7.0069503490741445 0.80056934356689391 31.444125366210926 16.066708068847657 -1.5034631093343083 3.9607346216837578 5.9956509908040374 -3.8879225817593666 4.264491131997878 5.8886167597770696 3.1641306762695312 5.0294207436697818 -2.2674620204501679 26.107289123535153 -0.9591694968087332 3.6170401000976562 -2.4077048619588224 0.2033821964263916 -2.2316771734328498 7.7395378112792974 2.6684615929921467 4.6745107401972232 3.2725376764933261 -1.9647833931219598 14.161496225992835 4.1142264048258452 -2.7145694732666019 -2.0676806767781573
leaf_weight=230 12.999999999999998 3.0000000000000018 3 5 3.0000000000000027 2.9999999999999982 30 10.999999999999998 62 80 25 7.0000000000000009 18.000000000000004 5 7 4.9999999999999991 2.9999999999999982 20 21 8.9999999999999982 12 23 3 579 3 3 5.9999999999999991 6
leaf_count=230 13 3 3 5 3 3 30 11 62 80 25 7 18 5 7 5 3 20 21 9 12 23 3 579 3 3 6 6
internal_value=0.0234674 5.72735 14.89 21.7304 -1.7001 0.19256 4.82195 4.0398 3.03605 5.59794 4.47878 2.85078 -1.52746 28.1086 0.516802 -1.82277 -0.110286 -1.85097 -1.04384 6.07579 3.53829 5.42233 2.72911 -1.89188 15.3523 3.69338 -2.37924 -2.18102
internal_weight=1198 278 25 16 920 56 253 126 73 127 38 22 34 8 10 864 14 850 41 89 19 53 9 809 8 6 24 9
internal_count=1198 278 25 16 920 56 253 126 73 127 38 22 34 8 10 864 14 850 41 89 19 53 9 809 8 6 24 9
is_linear=0
shrinkage=0.05


Tree=13
num_leaves=28
num_cat=0
split_feature=3 7 3 6 2 3 4 4 3 8 0 7 3 4 3 4 8 7 5 4 4 3 3 3 0 7 0
split_gain=4.65312e+06 910503 641363 233033 80656.4 59464.2 57806.9 208326 28722.2 41416.8 24732.9 20017.5 19544.4 66831.9 43163.4 18075 16683.1 6651.37 3754.48 2778.55 7528.91 2688.01 2307.72 594.225 241.286 145.173 98.0245
threshold=0.52062880761174568 5.5000000000000009 0.73680582726320554 50.500000000000007 13706.185000000001 0.47656201059381442 43067.500000000007 43672.500000000007 0.48425787051922914 2.5000000000000004 37936.900000000001 4.5000000000000009 0.29845284983275794 39295.000000000007 0.35185847170019641 42910.000000000007 2.5000000000000004 1.5000000000000002 10.500000000000002 34325.000000000007 36372.500000000007 0.4984437128530334 0.75607330806354478 0.59839766579014908 36133.200000000004 1.5000000000000002 38773.650000000009
decision_type=2 2 2 2 2 2 2 2 2 2 2 2 2 2 2 2 2 2 2 2 2 2 2 2 2 2 2
left_child=5 4 23 10 11 12 17 -8 -7 24 -4 15 19 14 -14 -2 -15 -6 -13 25 -21 -11 -5 26 -10 -1 -3
right_child=1 2 3 22 6 8 7 -9 9 21 -12 18 13 16 -16 -17 -18 -19 -20 20 -22 -23 -24 -25 -26 -27 -28
leaf_value=-1.9796193177359447 6.8467380251203274 2.9984458287556941 22.606609598795554 15.906907145182297 4.5075062688191734 4.7837607383727985 -3.4420081398703837 4.0529413999137232 -2.897441927591959 1.4353964805603026 28.349189453124996 7.5089251518249513 -0.09173078903785116 -2.0269157631562491 5.0351994832356777 4.8916827327326722 -1.1088052572663298 5.589240618105288 6.297895383834839 -1.1965040673600866 -1.8570536027635847 3.1743662643432611 14.249414934430803 4.0623908996582019 -2.330242652893066 -2.1002057766092235 3.4026414871215813
leaf_weight=35 13.999999999999998 3.0000000000000018 3.0000000000000018 2.9999999999999982 30 4.0000000000000027 10.999999999999998 59 3 4 5 7.9999999999999991 13.000000000000002 101 5.9999999999999991 76 97 27 32 47 525 5 7 3 5 87 3
leaf_count=35 14 3 3 3 30 4 11 59 3 4 5 8 13 101 6 76 97 27 32 47 525 5 7 3 5 87 3
internal_value=0.0485221 5.65157 14.386 19.8351 4.73394 -1.65884 3.83776 2.87516 0.971663 0.0746987 26.1957 5.60943 -1.71948 -1.30532 1.5273 5.1958 -1.57713 5.01991 6.5401 -1.84898 -1.80278 2.40149 14.7467 3.48783 -2.54294 -2.06561 3.20054
internal_weight=1216 284 27 18 257 932 127 70 21 17 8 130 911 217 19 90 198 57 40 694 572 9 10 9 8 122 6
internal_count=1216 284 27 18 257 932 127 70 21 17 8 130 911 217 19 90 198 57 40 694 572 9 10 9 8 122 6
is_linear=0
shrinkage=0.05


Tree=14
num_leaves=28
num_cat=0
split_feature=3 7 1 1 1 4 2 4 4 4 4 1 4 8 2 5 7 7 0 0 4 0 1 3 2 0 0
split_gain=3.78132e+06 1.05557e+06 434316 184695 98312.4 61189.5 58197.1 67820.7 210886 30589.8 223175 29191.7 61193 25863.6 22651.2 17837.2 14760.8 8143 5600.61 3192.58 3762.11 2277.42 502.795 230.435 21.7707 15.9764 6.29542
threshold=0.5300522912467337 5.5000000000000009 28857.775000000001 27390.094999999998 17479.370000000006 46105.000000000007 13706.185000000001 43067.500000000007 43672.500000000007 43672.500000000007 43067.500000000007 12385.105000000003 39905.000000000007 2.5000000000000004 8075.4250000000011 12.500000000000002 4.5000000000000009 1.5000000000000002 39598.900000000001 26413.900000000005 39497.500000000007 38016.200000000004 19315.985000000004 0.50858692906040326 24078.010000000002 35218.900000000009 35661.650000000009
decision_type=2 2 2 2 2 2 2 2 2 2 2 2 2 2 2 2 2 2 2 2 2 2 2 2 2 2 2
left_child=4 6 3 -3 11 21 9 17 -9 10 -2 19 25 -14 -4 -5 -11 -8 22 24 -21 26 -7 -23 -1 -13 -6
right_child=1 2 14 15 5 18 7 8 -10 16 -12 12 13 -15 -16 -17 -18 -19 -20 20 -22 23 -24 -25 -26 -27 -28
leaf_value=-1.9709593296051027 5.692243246598677 3.5533569335937472 30.38881530761719 17.909143829345705 4.0154472351074126 -2.053659057617188 4.2516360092163081 -3.2816576297466571 3.7993466238542037 5.0018075113711156 -6.0102352142333988 3.9666665395100917 -1.7807928613516002 -0.2411587106420639 24.244549560546869 13.598648071289061 6.2875192237622812 5.4734717178344727 0.16148560841878251 -1.5076102203565607 -1.7585581389757303 2.6826702662876678 -2.9099551518758133 3.1584016799926751 -1.9237981759584866 4.1298454284667958 4.1178794860839831
leaf_weight=32 22.000000000000004 5.0000000000000027 2.9999999999999991 3.9999999999999982 3.0000000000000062 3.9999999999999982 30 12.999999999999998 55 69 4.9999999999999991 2.9999999999999991 65 47 3 6 33 25 3 233 416 6.9999999999999982 3 4 104 3 3
leaf_count=32 22 5 3 4 3 4 30 13 55 69 5 3 65 47 3 6 33 25 3 233 416 7 3 4 104 3 3
internal_value=0.00328467 5.1772 15.9474 11.3997 -1.51551 1.45749 4.27968 3.50153 2.44563 5.02164 3.52512 -1.6044 -0.871156 -1.1347 27.3167 15.3228 5.41777 4.80702 -1.646 -1.71462 -1.66846 3.28308 -2.42064 2.85566 -1.93489 4.04826 4.06666
internal_weight=1203 273 21 15 930 27 252 123 68 129 27 903 118 112 6 10 102 55 10 785 649 17 7 11 136 6 6
internal_count=1203 273 21 15 930 27 252 123 68 129 27 903 118 112 6 10 102 55 10 785 649 17 7 11 136 6 6
is_linear=0
shrinkage=0.05


Tree=15
num_leaves=28
num_cat=0
split_feature=3 7 1 1 1 4 4 4 0 3 6 0 4 1 6 6 2 1 4 1 7 6 0 1 0 2 1
split_gain=3.75905e+06 1.18341e+06 439418 170089 79952.5 80489.5 53277.5 404321 41656.2 34275.1 31722 23931.8 56713.1 18247.2 17676.5 13613.2 10503 10062.3 28550.7 5144.14 4885.29 3370.91 3133.7 803.059 416.003 170.456 73.6672
threshold=0.5300522912467337 5.5000000000000009 28857.775000000001 27390.094999999998 15992.795000000004 46105.000000000007 43672.500000000007 43067.500000000007 33416.05000000001 0.65924403112717955 43.500000000000007 36920.350000000013 45602.500000000007 20745.450000000001 51.500000000000007 47.500000000000007 12650.380000000003 12517.605000000001 39905.000000000007 29586.369999999999 3.5000000000000004 58.500000000000007 38016.200000000004 18990.09 37298.900000000009 18444.820000000003 14103.035000000002
decision_type=2 2 2 2 2 2 2 2 2 2 2 2 2 2 2 2 2 2 2 2 2 2 2 2 2 2 2
left_child=4 6 3 -3 11 8 7 16 -6 20 -4 17 24 -9 -5 -11 -2 21 -19 -12 -8 -1 -10 25 -13 -7 -14
right_child=1 2 10 14 5 23 9 13 22 15 19 12 26 -15 -16 -17 -18 18 -20 -21 -22 -23 -24 -25 -26 -27 -28
leaf_value=-1.6614218331168218 6.4089875539143879 3.1165451812744123 28.869375610351575 17.752084350585942 -3.0548133850097621 -2.3388226826985683 4.0682678176135552 -1.9784346818923944 3.8795836067199696 6.014106257368879 21.108322143554684 3.457904219627379 -2.0858898798624663 -5.2603445265028217 13.051490275065104 4.8398001947710592 4.5913996780619906 3.7683333079020183 -1.2174005707698083 24.036387125651036 3.0381171703338623 -1.3072434721766291 2.6811354796091718 -2.8617507934570314 4.2367946624755843 -1.8883515494210379 -1.7997912300957575
leaf_weight=729 8.9999999999999982 5.0000000000000027 2.9999999999999982 2.9999999999999982 3.0000000000000027 2.9999999999999982 41 8.0000000000000018 10.000000000000002 41 3 4.0000000000000009 3.0000000000000009 8.9999999999999982 6 62 68 2.9999999999999991 67 3 15.999999999999998 74 11.999999999999998 3.9999999999999991 3 7 8.9999999999999982
leaf_count=729 9 5 3 3 3 3 41 8 10 41 3 4 3 9 6 62 68 3 67 3 16 74 12 4 3 7 9
internal_value=0.0778199 5.19123 16.0517 10.5106 -1.44357 0.772387 4.2078 3.26304 2.4722 4.76284 24.6714 -1.54046 0.215064 -3.71592 14.6184 5.30724 4.80385 -1.57866 -1.00373 22.5724 3.7791 -1.62878 3.22588 -2.263 3.79171 -2.02349 -1.87132
internal_weight=1208 277 23 14 931 39 254 94 25 160 9 892 19 17 9 103 77 873 70 6 57 803 22 14 7 10 12
internal_count=1208 277 23 14 931 39 254 94 25 160 9 892 19 17 9 103 77 873 70 6 57 803 22 14 7 10 12
is_linear=0
shrinkage=0.05


Tree=16
num_leaves=29
num_cat=0
split_feature=3 7 3 6 0 4 3 4 4 2 3 3 4 0 4 5 6 3 6 2 4 0 0 4 2 0 6 3
split_gain=3.42026e+06 1.02875e+06 410105 245160 75345.2 94230.6 59613.6 32787.1 83333 27326.9 23113.7 17269.1 88857.4 17054.2 15175 9110.33 7918.97 7561.14 5386.62 3823.89 30739.3 3164.02 2624.53 1889.4 506.621 356.504 324.351 298.585
threshold=0.5300522912467337 5.5000000000000009 0.73680582726320554 50.500000000000007 36854.100000000006 45602.500000000007 0.58370793923259201 43067.500000000007 43672.500000000007 7781.8900000000003 0.72174921248362689 0.35185847170019641 39295.000000000007 33284.000000000007 42277.500000000007 10.500000000000002 42.500000000000007 0.36050685397990528 43.500000000000007 21170.810000000005 36372.500000000007 36652.150000000009 38016.200000000004 34325.000000000007 23003.365000000002 38995.150000000001 51.500000000000007 0.47246061078665819
decision_type=2 2 2 2 2 2 2 2 2 2 2 2 2 2 2 2 2 2 2 2 2 2 2 2 2 2 2 2
left_child=4 6 25 9 11 22 7 18 -9 -4 14 19 17 -14 -8 -12 -7 -13 -2 20 -1 -5 24 -21 -6 -3 -24 -18
right_child=1 2 3 21 5 16 10 8 -10 -11 15 12 13 -15 -16 -17 27 -19 -20 23 -22 -23 26 -25 -26 -27 -28 -29
leaf_value=3.0648674964904759 5.5629056549072224 2.6077609380086235 27.425906880696591 13.08792444864909 4.0061965179443346 0.88078467051188047 5.2648304197523332 -2.3806534449259442 3.0471593336625533 21.722224426269531 6.9068923568725582 5.6829893747965521 -1.8165756830027406 -0.59643630584081009 3.9431376706372512 5.1310615686269907 -1.7884932729932996 2.6827628544398716 3.758905855814616 -1.7671786755323411 -1.6317618087485988 11.27247505187988 2.697368979454041 -1.5556398828956377 3.2944231605529781 3.378587023417154 2.0877358754475908 -2.3272800445556641
leaf_weight=4.0000000000000027 5.0000000000000027 3.0000000000000027 3.0000000000000018 5.9999999999999982 5.0000000000000018 3.0000000000000027 27 8.9999999999999982 33 7 9.9999999999999982 2.9999999999999982 71 48 111 26 18.000000000000004 7 24 128 27 4 7.9999999999999982 602 5 3 3 2.9999999999999991
leaf_count=4 5 3 3 6 5 3 27 9 33 7 10 3 71 48 111 26 18 7 24 128 27 4 8 602 5 3 3 3
internal_value=0.0554949 5.00142 14.4581 17.8975 -1.37803 0.618064 3.99785 2.77688 1.88406 23.4333 4.49606 -1.47895 -0.944012 -1.32442 4.20173 5.62435 -1.52218 3.58283 4.06994 -1.56963 -1.02575 12.3617 3.06406 -1.59273 3.65031 2.99317 2.53111 -1.86546
internal_weight=1206 271 26 20 935 45 245 71 42 10 174 890 129 119 138 36 24 10 29 761 31 10 21 730 10 6 11 21
internal_count=1206 271 26 20 935 45 245 71 42 10 174 890 129 119 138 36 24 10 29 761 31 10 21 730 10 6 11 21
is_linear=0
shrinkage=0.05


Tree=17
num_leaves=29
num_cat=0
split_feature=3 2 0 7 4 4 4 0 4 4 3 6 1 4 2 6 4 4 6 0 1 4 1 0 1 2 0 0
split_gain=3.00314e+06 645240 603256 171943 44531.3 112733 286998 39582.3 73346.2 25886 24355.2 16777.3 14761 39738.8 12283 8287.87 4920.27 14483.5 4748.88 3285.32 2261.18 1715.06 1525.97 1061.35 472.175 303.345 294.175 155.229
threshold=0.50858692906040326 9193.7650000000012 37684.55000000001 5.5000000000000009 40095.000000000007 43672.500000000007 43067.500000000007 36920.350000000013 45602.500000000007 36090.000000000007 0.65924403112717955 51.500000000000007 15355.33 44860.000000000007 7781.8900000000003 44.500000000000007 43767.500000000007 42595.000000000007 42.500000000000007 38016.200000000004 21594.030000000002 42412.500000000007 23182.450000000001 35303.200000000004 17815.785000000003 19881.665000000005 37374.000000000007 35500.750000000007
decision_type=2 2 2 2 2 2 2 2 2 2 2 2 2 2 2 2 2 2 2 2 2 2 2 2 2 2 2 2
left_child=7 2 3 15 9 6 -6 12 19 22 -7 -5 16 21 -4 -2 17 -1 -10 26 -11 -14 -3 -18 -20 -21 -9 -15
right_child=1 4 14 11 5 10 -8 8 18 20 -12 -13 13 27 -16 -17 23 -19 24 25 -22 -23 -24 -25 -26 -27 -28 -29
leaf_value=-1.4872620423116265 7.6427401224772042 3.4271135648091624 26.054611206054688 15.922274017333985 3.7435404753073671 3.3058014251816439 -3.8891573905944825 4.1347661018371591 0.1069427013397216 6.0027312978108718 4.610885792308383 11.53775863647461 4.131265258789063 -2.1620871861775721 21.822273254394528 4.8332542964390353 -1.7663241421475133 -0.77970382992814224 -1.6588220953941342 1.9421118418375647 7.2305165100097657 2.4405748367309563 4.2883878495958117 -1.4733312487602235 -2.2661824226379395 2.6072272777557366 3.4797814687093087 -1.7322075707571845
leaf_weight=613 3.0000000000000027 12.000000000000002 2.9999999999999991 2.9999999999999991 39 71 18 3.9999999999999982 4.0000000000000027 15.000000000000002 72 7.9999999999999991 2.9999999999999991 2.9999999999999982 4 21 136 82 16.000000000000004 3 4.9999999999999991 3 8.9999999999999982 40 3.9999999999999991 4 3 7
leaf_count=613 3 12 3 3 39 71 18 4 4 15 72 8 3 3 4 21 136 82 16 3 5 3 9 40 4 4 3 7
internal_value=0.010704 4.51785 10.2369 7.55701 3.52118 3.21344 1.33321 -1.36824 0.211988 5.0223 3.96291 12.7335 -1.43594 0.0689879 23.6361 5.18444 -1.46358 -1.40378 -1.46575 3.08812 6.30968 3.28592 3.79623 -1.69973 -1.78029 2.32218 3.85406 -1.86117
internal_weight=1208 283 42 35 241 200 57 925 38 41 143 11 887 16 7 24 871 695 24 14 20 6 21 176 20 7 7 10
internal_count=1208 283 42 35 241 200 57 925 38 41 143 11 887 16 7 24 871 695 24 14 20 6 21 176 20 7 7 10
is_linear=0
shrinkage=0.05


Tree=18
num_leaves=26
num_cat=0
split_feature=3 3 4 6 1 0 4 4 4 4 0 1 4 0 0 1 6 1 0 4 0 6 2 0 6
split_gain=2.59657e+06 594501 386216 330249 59844 52388.6 37994.1 37063.1 24831.2 300809 22401.8 21226 53359.7 42648.4 16871.2 13759.4 8284.41 6472.72 6019.28 2923.05 1859.07 877.387 451.71 381.198 251.625
threshold=0.5300522912467337 0.75194895829411001 44810.000000000007 51.500000000000007 17479.370000000006 36528.100000000006 46105.000000000007 47845.000000000007 43672.500000000007 43067.500000000007 37936.900000000001 12701.890000000001 44860.000000000007 32120.100000000002 37107.000000000007 24893.755000000005 42.500000000000007 29284.870000000003 39598.900000000001 42977.500000000007 38016.200000000004 42.500000000000007 18067.010000000006 36652.150000000009 51.500000000000007
decision_type=2 2 2 2 2 2 2 2 2 2 2 2 2 2 2 2 2 2 2 2 2 2 2 2 2
left_child=4 7 3 10 11 -5 20 8 9 -2 -3 14 13 -13 19 -10 -14 23 22 -1 -6 -19 -8 -4 -22
right_child=1 2 17 5 6 -7 18 -9 15 -11 -12 12 16 -15 -16 -17 -18 21 -20 -21 24 -23 -24 -25 -26
leaf_value=-1.3512032601711741 4.1006893905433452 17.551132202148423 4.1823967933654762 4.8315074920654304 3.4395325088500925 11.761362075805664 -2.7688937505086275 -2.1991125742594404 3.3029107108948725 -3.4599950253963474 22.71532026018415 -2.6772460619608545 0.52726490020751959 2.0169006958007816 1.8559842109680176 4.3285158353693349 -1.5938890481817314 6.6927380561828631 0.4079490025838215 -1.5863978207829488 2.4231978893280033 5.6992289733886707 -1.9012246449788408 4.7389250946044923 1.8862435022989903
leaf_weight=647 74 3.0000000000000018 8.0000000000000018 4.9999999999999982 5.0000000000000062 6 2.9999999999999982 2.9999999999999991 63 15.999999999999998 7 6.0000000000000027 4.9999999999999991 25 3.9999999999999991 68 58 3.9999999999999982 3 166 7.9999999999999982 5 3 4.9999999999999991 3
leaf_count=647 74 3 8 5 5 6 3 3 63 16 7 6 5 25 4 68 58 4 3 166 8 5 3 5 3
internal_value=0.00547141 4.35477 9.7397 14.5898 -1.23519 8.61143 1.17822 3.32105 3.39599 2.75657 21.1661 -1.30142 -0.589896 1.10836 -1.38329 3.83529 -1.42554 5.11004 -1.42072 -1.39923 2.64012 6.14079 -2.33506 4.39645 2.27676
internal_weight=1203 267 43 21 936 11 25 224 221 90 10 911 94 31 817 131 63 22 9 813 16 9 6 13 11
internal_count=1203 267 43 21 936 11 25 224 221 90 10 911 94 31 817 131 63 22 9 813 16 9 6 13 11
is_linear=0
shrinkage=0.05


Tree=19
num_leaves=28
num_cat=0
split_feature=3 2 0 4 0 1 4 2 4 4 4 4 1 6 6 4 0 0 4 1 4 0 0 3 3 1 3
split_gain=2.34819e+06 439083 370170 57181.8 89748.8 54522.6 72817.4 42878.7 30982.5 86191.3 210668 24359.1 18542.4 15296 12701 13218.6 12547.9 8081.81 29947.9 4301.76 18279.7 3622.47 2218.94 1906.76 1838.65 1446.66 87.0233
threshold=0.5300522912467337 9193.7650000000012 37684.55000000001 44810.000000000007 36528.100000000006 14646.715000000002 44860.000000000007 8286.7050000000017 42277.500000000007 43672.500000000007 43067.500000000007 36090.000000000007 24577.440000000006 43.500000000000007 42.500000000000007 46105.000000000007 34437.850000000013 36920.350000000013 45602.500000000007 12701.890000000001 44860.000000000007 36894.950000000004 26413.900000000005 0.42256575599044194 0.63551200130338981 23182.450000000001 0.36050685397990528
decision_type=2 2 2 2 2 2 2 2 2 2 2 2 2 2 2 2 2 2 2 2 2 2 2 2 2 2 2
left_child=5 2 3 4 -2 17 13 -4 11 10 -10 25 -11 -7 15 -8 -15 19 -19 22 -21 -5 -1 -16 -13 -3 -20
right_child=1 8 7 21 -6 6 14 -9 9 12 -12 24 -14 16 23 -17 -18 18 26 20 -22 -23 -24 -25 -26 -27 -28
leaf_value=-1.5358695485375145 4.247665132795059 3.0739568029131199 23.71124216715495 4.0858743667602528 11.489941961115058 -0.51745061874389608 3.2399286905924494 15.803559494018552 3.4216561652518607 2.9756270116375343 -3.1733230802747943 5.659723118373325 4.1515073514964485 5.849912516276035 -0.70939529418945269 -0.82494670550028482 2.3571533097161188 3.5462564945220949 -1.7980773607889817 0.28940901756286624 -1.7049659552397551 5.4685749053955082 -1.3117456512338312 -1.7755673445188085 7.0237388610839844 3.9168179988861085 -1.4762091500418526
leaf_weight=132 7.0000000000000027 14.000000000000002 2.9999999999999991 10.000000000000002 10.999999999999998 4.0000000000000027 2.9999999999999982 4 37 62 18 14.000000000000002 73 3.0000000000000027 5.0000000000000027 6 18 3.9999999999999991 2.9999999999999982 20 27 8.9999999999999982 676 26 2.9999999999999991 7.9999999999999991 7
leaf_count=132 7 14 3 10 11 4 3 4 37 62 18 14 73 3 5 6 18 4 3 20 27 9 676 26 3 8 7
internal_value=-0.00500562 4.07419 8.64879 6.65403 8.6735 -1.19732 0.199493 19.1926 3.19523 2.93174 1.2633 4.4789 3.61147 2.31635 -1.12354 0.530012 2.85612 -1.3018 -0.110191 -1.32131 -0.856296 4.74084 -1.34836 -1.6036 5.90043 3.38045 -1.57277
internal_weight=1207 273 44 37 18 934 65 7 229 190 55 39 135 25 40 9 21 869 14 855 47 19 808 31 17 22 10
internal_count=1207 273 44 37 18 934 65 7 229 190 55 39 135 25 40 9 21 869 14 855 47 19 808 31 17 22 10
is_linear=0
shrinkage=0.05


Tree=20
num_leaves=29
num_cat=0
split_feature=3 7 3 0 3 8 3 7 4 3 4 4 2 0 8 2 4 3 0 0 5 3 5 3 0 0 2 0
split_gain=2.1085e+06 507749 294012 127921 51934.4 31139.5 30905.4 17816.2 18087.5 14869.3 14643.6 48791.4 14537.7 10995.3 43343 6435.11 41670.9 6335.2 5997.11 3132.49 2383.17 1906.48 1761.35 1515.22 609.525 451.57 405.984 324.61
threshold=0.5300522912467337 5.5000000000000009 0.73680582726320554 37153.100000000006 0.47656201059381442 2.5000000000000004 0.58370793923259201 4.5000000000000009 43067.500000000007 0.49106726725513283 43067.500000000007 43672.500000000007 8286.7050000000017 37027.30000000001 2.5000000000000004 21594.210000000003 34905.000000000007 0.52062880761174568 36555.100000000013 36102.250000000007 10.500000000000002 0.50858692906040326 10.500000000000002 0.49106726725513283 38995.150000000001 38379.600000000006 24424.050000000007 38890.400000000009
decision_type=2 2 2 2 2 2 2 2 2 2 2 2 2 2 2 2 2 2 2 2 2 2 2 2 2 2 2 2
left_child=4 6 24 18 13 9 10 8 -8 -6 20 -12 -5 15 27 16 -1 -11 -4 -17 -2 23 -9 -7 -3 -23 -16 -15
right_child=1 2 3 12 5 21 7 22 -10 17 11 -13 -14 14 26 19 -18 -19 -20 -21 -22 25 -24 -25 -26 -27 -28 -29
leaf_value=4.9119731903076174 3.9853006362915018 1.9054234186808245 12.612550608317061 22.430552673339847 1.6552964210510255 2.2886736679077138 4.1020987257665515 5.2989214760916576 2.9214809825023016 -1.1278536660330638 -1.8048379302024842 2.5748990058898928 17.826125717163084 -1.4743380473210257 2.5113125681877122 -1.2709802941033768 -1.0460019671475445 -3.8741074879964184 9.8745969136555978 -1.9051626729965212 2.9133737373352053 3.0543338775634776 4.4088974564163772 0.98306095600128163 2.8482334613800044 2.341581058502197 3.2236891269683832 -1.989417052268982
leaf_weight=2.9999999999999991 7.0000000000000027 3.0000000000000027 2.9999999999999982 2.9999999999999991 3.9999999999999991 5.0000000000000018 49 6.9999999999999991 96 6.9999999999999982 7.9999999999999991 31 4 13.000000000000002 4.0000000000000018 737 135 3 6 20 20 4.9999999999999982 27 4 4 4 4 3.9999999999999991
leaf_count=3 7 3 3 3 4 5 49 7 96 7 8 31 4 13 4 737 135 3 6 20 20 5 27 4 4 4 4 4
internal_value=-0.029853 3.88782 10.9909 14.7301 -1.13273 0.847422 3.221 3.562 3.32045 -0.921151 2.29618 1.67649 19.7995 -1.2016 -0.167362 -1.23049 -0.916481 -1.95173 10.7872 -1.28774 3.19128 2.22298 4.59214 1.7084 2.44417 2.73755 2.8675 -1.59553
internal_weight=1220 268 23 16 952 32 245 179 145 14 66 39 7 920 25 895 138 10 9 757 27 18 34 9 7 9 8 17
internal_count=1220 268 23 16 952 32 245 179 145 14 66 39 7 920 25 895 138 10 9 757 27 18 34 9 7 9 8 17
is_linear=0
shrinkage=0.05


Tree=21
num_leaves=25
num_cat=0
split_feature=3 2 0 7 1 4 4 4 4 3 7 2 1 5 0 2 0 4 2 4 1 3 3 0
split_gain=1.7947e+06 357299 421801 55796.2 43789.2 62386 32314.3 26813.6 261865 20126.7 15695.9 12447.6 12346.8 11644.3 10408.7 9625.75 7479.14 24602.1 4077.04 26852.3 3356.18 2295.36 616.261 81.8813
threshold=0.52062880761174568 9193.7650000000012 37684.55000000001 5.5000000000000009 14646.715000000002 44860.000000000007 47845.000000000007 43672.500000000007 43067.500000000007 0.65924403112717955 1.5000000000000002 20532.365000000002 27751.910000000003 10.500000000000002 34437.850000000013 8075.4250000000011 36920.350000000013 45602.500000000007 22460.500000000004 37740.000000000007 29284.870000000003 0.33672393345942903 0.47246061078665819 37769.350000000006
decision_type=2 2 2 2 2 2 2 2 2 2 2 2 2 2 2 2 2 2 2 2 2 2 2 2
left_child=4 2 3 20 16 13 7 8 -3 -9 11 -7 -5 -6 -15 -4 18 -18 19 -1 -2 -20 -12 -19
right_child=1 6 15 12 5 10 -8 9 -10 -11 22 -13 -14 14 -16 -17 17 23 21 -21 -22 -23 -24 -25
leaf_value=0.84762517611185706 3.8504236109116485 3.4831858043429218 21.309025573730469 11.736359405517579 -0.10628957748413077 -1.4719262123107915 -2.3666831970214846 2.6418318184939302 -3.0546136554918792 3.8247504825833483 -1.4576437147040116 2.1289415677388503 7.4930418968200669 5.564695485432936 2.3384442520141602 17.56235313415527 3.2718698501586916 -1.3342624346415204 -1.238975953675147 -1.1999247811580527 5.4601348876953129 -1.9096062366779034 -1.9599093437194826 -1.6541867574055986
leaf_weight=18 17.000000000000007 79 2.9999999999999991 2.9999999999999991 4.0000000000000027 3.9999999999999982 2.9999999999999991 66 19 79 19.000000000000004 6 4 3.0000000000000027 14.999999999999998 4 3.9999999999999991 5.9999999999999982 689 145 3.9999999999999991 12.999999999999998 8.9999999999999982 3
leaf_count=18 17 79 3 3 4 4 3 66 19 79 19 6 4 3 15 4 4 6 689 145 4 13 9 3
internal_value=-0.0418286 3.46337 8.19016 5.44568 -1.09189 0.214952 2.79085 2.85453 2.21565 3.28632 -1.0118 0.688594 9.31161 2.33389 2.87615 19.1681 -1.1812 0.00918035 -1.19909 -0.973815 4.15704 -1.2514 -1.61909 -1.4409
internal_weight=1219 281 35 28 938 60 246 243 98 145 38 10 7 22 18 7 878 13 865 163 21 702 28 9
internal_count=1219 281 35 28 938 60 246 243 98 145 38 10 7 22 18 7 878 13 865 163 21 702 28 9
is_linear=0
shrinkage=0.05


Tree=22
num_leaves=30
num_cat=0
split_feature=3 7 1 1 1 4 4 4 5 3 3 4 2 1 2 2 3 2 1 8 5 2 4 6 4 4 7 1 7
split_gain=1.71091e+06 553325 253988 71984.1 68251.6 58136.4 33256.1 226514 31566.7 19230.7 10909.2 58356 19376.8 10798.1 9292.86 8796.06 8062.02 7993.08 7802.2 7636.78 7528.22 7164.21 6713.26 5815.62 3111.53 5940.67 3021.02 344.685 123.543
threshold=0.53931369813171681 5.5000000000000009 28203.425000000003 27390.094999999998 15992.795000000004 46105.000000000007 43672.500000000007 43067.500000000007 11.500000000000002 0.64040122715787062 0.29845284983275794 39497.500000000007 24129.150000000005 20465.295000000006 16600.305000000004 7781.8900000000003 0.50858692906040326 12650.380000000003 27751.910000000003 2.5000000000000004 11.500000000000002 16406.985000000004 46105.000000000007 42.500000000000007 34325.000000000007 36372.500000000007 5.5000000000000009 22999.310000000001 1.5000000000000002
decision_type=2 2 2 2 2 2 2 2 2 2 2 2 2 2 2 2 2 2 2 2 2 2 2 2 2 2 2 2 2
left_child=4 6 3 27 10 14 7 17 15 22 24 12 -12 -9 21 -4 23 -2 -5 -13 -11 -6 -8 -7 28 -26 -16 -3 -1
right_child=1 2 8 18 5 16 9 13 -10 20 11 19 -14 -15 26 -17 -18 -19 -20 -21 -22 -23 -24 -25 25 -27 -28 -29 -30
leaf_value=-1.3141711574334365 4.8932214464460104 1.7420474052429187 20.243574523925787 11.030036163330076 2.7191270192464203 0.9338096618652334 3.0114987335205079 -1.0473366101582846 12.089019012451168 4.1801707848258642 2.5843004323542114 -1.3209668266529941 -1.79462464650472 -4.4314951289783826 2.8905342221260071 16.81894622802734 -3.5639174461364749 3.1062237157660015 7.6568752288818338 -0.69185359208207386 3.3299835745493578 -0.20128840037754603 1.7824812674522399 -1.5762214279174804 -0.5791710272431374 -1.1604763166002943 1.7454550955030648 2.4999883651733392 -1.4216560341330136
leaf_weight=39 6.9999999999999991 3.0000000000000018 2.9999999999999982 4 2.9999999999999982 3.0000000000000027 25 2.9999999999999991 3 46 16.000000000000004 98 2.9999999999999991 10.999999999999998 15.999999999999998 5 3.9999999999999991 59 3 95 60 7 20 9.9999999999999982 48 521 9.0000000000000018 3 85
leaf_count=39 7 3 3 4 3 3 25 3 3 46 16 98 3 11 16 5 4 59 3 95 60 7 20 10 48 521 9 3 85
internal_value=0.0060532 3.64535 10.8712 6.13976 -0.963666 0.797876 2.89461 2.07039 16.463 3.33128 -1.06488 -0.751018 1.89289 -3.70632 1.96303 18.1032 -1.60097 3.29575 9.5844 -1.0113 3.69893 0.674836 2.46527 -0.996983 -1.1609 -1.11144 2.47831 2.12102 -1.38785
internal_weight=1212 255 24 13 957 52 231 80 11 151 905 212 19 14 35 8 17 66 7 193 106 10 45 13 693 569 25 6 124
internal_count=1212 255 24 13 957 52 231 80 11 151 905 212 19 14 35 8 17 66 7 193 106 10 45 13 693 569 25 6 124
is_linear=0
shrinkage=0.05


Tree=23
num_leaves=28
num_cat=0
split_feature=3 3 7 6 3 4 0 4 4 4 0 4 2 0 4 6 4 3 0 0 6 2 3 0 5 8 3
split_gain=1.54009e+06 359300 299152 89891.3 27535.4 52928 42757.9 26760.9 20075.8 63866.4 19250.9 19143.8 15761.4 12707.6 32500.2 10959.6 4256.12 48991.1 2598.3 2164.73 2030.94 1621.53 660.908 591.057 334.354 135.121 89.9222
threshold=0.50858692906040326 0.75194895829411001 5.5000000000000009 51.500000000000007 0.41093661235642526 44860.000000000007 32120.100000000002 47845.000000000007 40095.000000000007 43672.500000000007 34437.850000000013 36090.000000000007 7781.8900000000003 36920.350000000013 45602.500000000007 42.500000000000007 37740.000000000007 0.29845284983275794 36102.250000000007 36894.950000000004 59.500000000000007 8075.4250000000011 0.34052415007438658 36652.150000000009 13.500000000000002 1.5000000000000002 0.45837825624898687
decision_type=2 2 2 2 2 2 2 2 2 2 2 2 2 2 2 2 2 2 2 2 2 2 2 2 2 2 2
left_child=4 7 19 12 13 6 26 8 11 -10 -8 -2 -4 16 22 -7 17 -1 -18 24 -17 -21 -15 -5 -3 -16 -6
right_child=1 2 3 23 5 15 10 -9 9 -11 -12 -13 -14 14 25 20 18 -19 -20 21 -22 -23 -24 -25 -26 -27 -28
leaf_value=-1.0797772105122025 2.7080144155593149 3.229384013584681 19.2313949584961 9.115452766418457 -1.365083503723143 1.3875147581100464 5.6624454498290975 -2.1592600504557296 0.92327037564030412 2.91998795155556 2.0481482778276718 5.0467424011230477 14.79272740681966 2.7401810328165674 -1.1498110612233479 -1.5222722172737122 -1.1272608798430701 1.8690171178181967 -1.7066933226585388 5.4273900349934916 -0.51982830365498855 4.0036927858988438 3.7897113800048814 8.1870361328124979 3.7647243118286129 -1.5017498397827147 -1.7272113800048825
leaf_weight=231 21 7.0000000000000018 2.9999999999999982 3.9999999999999991 3.0000000000000027 3.9999999999999991 5.0000000000000027 2.9999999999999991 54 155 13.999999999999998 14.999999999999998 6 3.0000000000000009 6 32 593 14.999999999999998 20 2.9999999999999982 5.9999999999999991 6 3 3 5 5 4
leaf_count=231 21 7 3 4 3 4 5 3 54 155 14 15 6 3 6 32 593 15 20 3 6 6 3 3 5 5 4
internal_value=-0.00110391 3.22019 7.81641 12.9671 -0.973634 -0.00440316 1.76855 2.53446 2.59194 2.40409 2.99928 3.68248 16.2723 -1.04887 0.304827 -1.10194 -1.07566 -0.899973 -1.14617 3.89208 -1.36399 4.47826 3.26495 8.71756 3.45244 -1.30978 -1.57201
internal_weight=1229 285 37 16 944 68 26 248 245 209 19 36 9 876 17 42 859 246 613 21 38 9 6 7 12 11 7
internal_count=1229 285 37 16 944 68 26 248 245 209 19 36 9 876 17 42 859 246 613 21 38 9 6 7 12 11 7
is_linear=0
shrinkage=0.05


Tree=24
num_leaves=29
num_cat=0
split_feature=3 7 1 6 1 4 0 4 4 3 1 0 6 0 4 5 5 3 1 3 1 6 1 4 3 1 1 3
split_gain=1.39329e+06 402811 183000 93952.3 59665.4 54312.1 47843.9 18284.2 199100 12443.4 11877 11620.2 11526 8774.95 19915.8 8646.88 7610.38 6388.96 5780.48 4337.56 3666.86 16830.4 2803.4 2363.18 475.744 184.037 71.1608 69.8235
threshold=0.53931369813171681 5.5000000000000009 27390.094999999998 50.500000000000007 14646.715000000002 46105.000000000007 33284.000000000007 43672.500000000007 43067.500000000007 0.7105973470871122 20465.295000000006 37936.900000000001 41.500000000000007 36920.350000000013 45602.500000000007 13.500000000000002 10.500000000000002 0.6252767959826161 22769.870000000003 0.50858692906040326 13106.299999999999 42.500000000000007 27915.250000000004 42977.500000000007 0.49106726725513283 23285.830000000005 12607.35 0.36050685397990528
decision_type=2 2 2 2 2 2 2 2 2 2 2 2 2 2 2 2 2 2 2 2 2 2 2 2 2 2 2 2
left_child=4 7 25 11 13 6 24 8 17 18 -10 -4 -7 20 26 -8 -11 -2 -9 -14 23 -22 -5 -1 -6 -3 -15 -16
right_child=1 2 3 22 5 12 15 9 10 16 -12 -13 19 14 27 -17 -18 -19 -20 -21 21 -23 -24 -25 -26 -27 -28 -29
leaf_value=-1.003438577799834 2.8839619432176864 1.8068573633829734 13.204305775960277 9.2340774536132795 -1.7623764038085934 1.6269782384236635 2.5042241004205521 2.1724990165594855 -1.0782668590545654 5.1517081975936891 -4.301992530822754 17.015502929687496 -1.412888423256252 2.6031719207763673 -1.4146287600199388 0.92347690264383953 3.4097804431257579 4.0168769359588623 2.966600571950277 -3.4342995961507166 3.0648909250895144 -0.87567813737051825 7.3621143341064439 -1.2078893847228416 -2.5335317134857172 2.3606885910034174 2.2587864160537712 -1.126317868913923
leaf_weight=645 56 3.0000000000000027 3.0000000000000018 4 4 3.0000000000000027 31 33 3.9999999999999991 7.9999999999999991 9.9999999999999982 6 23.000000000000004 2.9999999999999991 2.9999999999999982 11.999999999999998 29 15.999999999999998 75 2.9999999999999991 3.0000000000000027 28 4 181 4 3 3 7
leaf_count=645 56 3 3 4 4 3 31 33 4 8 10 6 23 3 3 12 29 16 75 3 3 28 4 181 4 3 3 7
internal_value=-0.00976364 3.28078 9.59101 12.2406 -0.88678 0.420133 1.40253 2.65248 2.07487 2.99507 -3.38093 15.7451 -1.30753 -1.00654 0.15361 2.06309 3.78641 3.13572 2.72396 -1.64613 -1.0282 -0.494333 8.2981 -1.04824 -2.14795 2.08377 2.43098 -1.21281
internal_weight=1207 254 23 17 953 80 51 231 86 145 14 9 29 873 16 43 37 72 108 26 857 31 8 826 8 6 6 10
internal_count=1207 254 23 17 953 80 51 231 86 145 14 9 29 873 16 43 37 72 108 26 857 31 8 826 8 6 6 10
is_linear=0
shrinkage=0.05


Tree=25
num_leaves=27
num_cat=0
split_feature=1 2 7 6 4 4 4 1 1 4 4 0 2 0 2 6 7 0 4 4 2 0 0 2 0 0
split_gain=1.22312e+06 324974 279341 97079.7 35261.8 186466 36517.9 16991.1 11425.8 23973 37445.2 18274.1 11142.7 9539.41 9037.26 7789.31 5110.34 3819.15 3452.33 14972.7 3222.91 2108.89 2027.31 2044.67 475.442 391.966
threshold=17479.370000000006 9193.7650000000012 5.5000000000000009 50.500000000000007 43067.500000000007 43672.500000000007 47845.000000000007 20465.295000000006 13106.299999999999 44860.000000000007 43377.500000000007 33284.000000000007 7781.8900000000003 37027.30000000001 12650.380000000003 42.500000000000007 1.5000000000000002 36652.150000000009 42977.500000000007 42595.000000000007 23772.460000000003 33084.850000000006 36894.950000000004 8075.4250000000011 35303.200000000004 36233.400000000001
decision_type=2 2 2 2 2 2 2 2 2 2 2 2 2 2 2 2 2 2 2 2 2 2 2 2 2 2
left_child=8 2 22 12 14 7 -7 -6 13 10 11 -10 -4 18 21 -11 -16 -5 19 -1 -17 -3 25 -24 -20 -2
right_child=1 4 3 17 5 6 -8 -9 9 15 -12 -13 -14 -15 16 20 -18 -19 24 -21 -22 -23 23 -25 -26 -27
leaf_value=-0.98896371848020126 2.5298421382904008 5.5954456329345721 17.419050598144519 8.3261027526855464 -1.0217859387397761 2.4844632217307496 -0.98087115287780768 -3.9966020901997887 -2.1357294355119953 1.5276158014933268 4.7692056655883794 0.92724518775939946 13.776917484828402 1.476948642730713 2.3392042922973633 -1.1900088950079315 3.2121698505000063 6.0695126851399728 -1.2090723602484306 -0.10435119844399965 0.49824212392171224 3.9718364715576167 4.7187387466430666 2.9919452031453444 -0.98986921072006229 3.101365200678508
leaf_weight=597 4.0000000000000062 2.9999999999999982 3.0000000000000018 5 8.0000000000000018 153 7.9999999999999991 11.999999999999998 7.0000000000000062 2.9999999999999991 4.9999999999999991 15.999999999999998 7 3.9999999999999991 30 49 38 3 141 52 2.9999999999999991 6 3.9999999999999991 3 30 11.999999999999998
leaf_count=597 4 3 3 5 8 153 8 12 7 3 5 16 7 4 30 49 38 3 141 52 3 6 4 3 30 12
internal_value=0.0117026 2.78502 6.92003 11.5853 2.1279 1.74664 2.31227 -2.80668 -0.902543 -0.343386 0.847566 -0.00496448 14.8696 -0.958865 3.0241 -0.949688 2.82704 7.47988 -0.970747 -0.918086 -1.09261 4.51304 3.26898 3.97868 -1.17062 2.95848
internal_weight=1206 299 41 18 258 181 161 20 907 83 28 23 10 824 77 55 68 8 820 649 52 9 23 7 171 16
internal_count=1206 299 41 18 258 181 161 20 907 83 28 23 10 824 77 55 68 8 820 649 52 9 23 7 171 16
is_linear=0
shrinkage=0.05


Tree=26
num_leaves=24
num_cat=0
split_feature=3 7 1 6 1 4 4 4 1 1 4 3 3 4 3 4 3 3 4 1 7 3 6
split_gain=1.11589e+06 304608 120938 62712.5 23702.8 22316.8 172388 18723.2 12644.7 11550.8 11732.9 6721.38 6992.89 50615.7 5259.51 5178.4 4680.25 3512.39 3249.32 1354.61 1056.31 562.502 191.844
threshold=0.5300522912467337 5.5000000000000009 27390.094999999998 51.500000000000007 17479.370000000006 43672.500000000007 43067.500000000007 46105.000000000007 20465.295000000006 28203.425000000003 46105.000000000007 0.4984437128530334 0.29845284983275794 39295.000000000007 0.6252767959826161 48025.000000000007 0.78938764404683071 0.7105973470871122 34325.000000000007 27915.250000000004 5.5000000000000009 0.50858692906040326 51.500000000000007
decision_type=2 2 2 2 2 2 2 2 2 2 2 2 2 2 2 2 2 2 2 2 2 2 2
left_child=4 5 -3 16 11 6 14 20 -8 10 -7 12 18 -14 -2 21 -4 -11 -1 -5 -6 -9 -22
right_child=1 2 3 19 7 9 8 15 -10 17 -12 -13 13 -15 -16 -17 -18 -19 -20 -21 22 -23 -24
leaf_value=-1.1824404486939926 2.6169059408122095 1.8468007087707505 12.949083557128905 8.4651977539062475 2.3191117858886696 2.8838797024318152 -0.98258454459054079 -1.4863132158915207 -3.7009958093816588 2.9046305720011394 1.8490562947591149 -3.2382727940877283 1.7751560401916504 -0.86177351250506862 3.6966745104108543 0.35209748744964592 15.447148640950516 3.8968671972101383 -0.89643760194416944 7.121268081665038 1.6004718780517575 -2.4545610427856439 1.1664004802703856
leaf_weight=121 58 5.0000000000000027 5 3 5.0000000000000044 70 7.0000000000000027 2.9999999999999982 10.999999999999998 14.999999999999998 45 2.9999999999999991 20 202 13.999999999999998 4 3 22 554 5 7 3 4
leaf_count=121 58 5 5 3 5 70 7 3 11 15 45 3 20 202 14 4 3 22 554 5 7 3 4
internal_value=-0.0162271 2.85797 8.63442 10.7555 -0.83255 2.35671 1.73272 0.655778 -2.64384 2.72618 2.47895 -0.875546 -0.867644 -0.624212 2.82686 -1.04142 13.8859 3.49461 -0.947706 7.62524 1.71653 -1.97044 1.44263
internal_weight=1189 263 21 16 926 242 90 26 18 152 115 900 897 222 72 10 8 37 675 8 16 6 11
internal_count=1189 263 21 16 926 242 90 26 18 152 115 900 897 222 72 10 8 37 675 8 16 6 11
is_linear=0
shrinkage=0.05


Tree=27
num_leaves=29
num_cat=0
split_feature=1 2 7 0 2 4 4 4 2 1 4 0 4 0 0 4 4 4 0 1 2 2 4 2 4 2 0 2
split_gain=1.02548e+06 185007 173927 60304.4 27958.3 17606.1 14217.3 28926.7 12441.1 8700.47 14913.5 13447.4 8666.77 6222.95 4444.95 19026.4 3856.61 11760.4 2202.12 2181.52 1715.39 1500.42 1203.95 650.253 533.914 181.92 252.909 135.876
threshold=18325.355 9193.7650000000012 5.5000000000000009 37153.100000000006 16248.685000000003 46105.000000000007 42277.500000000007 43672.500000000007 18752.635000000006 15992.795000000004 46105.000000000007 33416.05000000001 36090.000000000007 36972.30000000001 36920.350000000013 47845.000000000007 43767.500000000007 42595.000000000007 36894.950000000004 27915.250000000004 8075.4250000000011 8075.4250000000011 44585.000000000007 22591.100000000002 42977.500000000007 18752.635000000006 38890.400000000009 24202.315000000006
decision_type=2 2 2 2 2 2 2 2 2 2 2 2 2 2 2 2 2 2 2 2 2 2 2 2 2 2 2 2
left_child=9 2 18 19 6 13 12 -8 -7 14 11 -11 -3 -6 16 -16 17 -1 22 -4 -20 -5 -2 -18 -13 -12 -27 -17
right_child=1 4 3 21 5 8 7 -9 -10 10 25 24 -14 -15 15 27 23 -19 20 -21 -22 -23 -24 -25 -26 26 -28 -29
leaf_value=-0.89199198042376759 3.6645974477132146 2.3556979352777647 7.9049673080444354 14.279291025797523 0.53619285424550378 -2.9588080942630777 1.0058703731846166 2.6098028680198215 0.782343406677246 -1.1649941444396963 -1.6469228108723966 2.6637076950073251 4.156877091351677 1.8465048854415482 2.5500360310077657 -0.96177238984541469 -1.2081687987796845 -0.25525113983852105 4.4030769348144538 6.2536341667175286 3.0933461761474605 12.800061988830564 2.534592056274414 -1.0080098185622901 1.8886896133422848 -0.9212743043899535 -1.5285844167073563 -1.3413920084635409
leaf_weight=627 3.0000000000000009 11.000000000000002 3.9999999999999982 3 11.999999999999998 3.9999999999999982 37 117 5 4.0000000000000027 2.9999999999999982 4.9999999999999982 17 37 5.0000000000000009 10.999999999999998 63 82 4.9999999999999982 4 5 4 11 114 4 4 3 3.0000000000000009
leaf_count=627 3 11 4 3 12 4 37 117 5 4 3 5 17 37 5 11 63 82 5 4 5 4 11 114 4 4 3 3
internal_value=-0.0307249 2.62726 5.82126 10.0448 2.10823 1.15227 2.41288 2.22444 -0.880391 -0.829837 0.130509 1.24718 3.44927 1.52561 -0.854244 -0.0975522 -0.870471 -0.818349 3.18152 7.0793 3.74821 13.434 2.77674 -1.07925 2.31926 -1.32116 -1.18155 -1.04312
internal_weight=1207 279 39 15 240 58 182 154 9 928 23 13 28 49 905 19 886 709 24 8 10 7 14 177 9 10 7 14
internal_count=1207 279 39 15 240 58 182 154 9 928 23 13 28 49 905 19 886 709 24 8 10 7 14 177 9 10 7 14
is_linear=0
shrinkage=0.05


Tree=28
num_leaves=28
num_cat=0
split_feature=3 7 3 6 0 4 2 4 4 4 4 2 4 0 0 6 4 7 0 3 4 4 0 3 2 0 3
split_gain=912256 248018 112433 60900.8 24494.9 27399.5 21338.8 20199.7 84008.2 7268.5 60572 6743.84 31848 9302.22 4835.09 3173.83 3071.72 2341.72 1988.03 1981.48 21931.9 2595.9 1685.13 722.718 447.749 215.634 114.236
threshold=0.5300522912467337 5.5000000000000009 0.73680582726320554 50.500000000000007 36854.100000000006 47845.000000000007 12650.380000000003 43067.500000000007 43672.500000000007 43067.500000000007 44065.000000000007 21594.210000000003 34905.000000000007 33284.000000000007 37936.900000000001 42.500000000000007 42277.500000000007 5.5000000000000009 36652.150000000009 0.32194189188341504 39715.000000000007 34325.000000000007 33084.850000000006 0.44980874325871745 23772.460000000003 38995.150000000001 0.50858692906040326
decision_type=2 2 2 2 2 2 2 2 2 2 2 2 2 2 2 2 2 2 2 2 2 2 2 2 2 2 2
left_child=4 6 25 14 11 17 9 16 -9 22 -11 12 -1 -14 -4 -7 -8 24 -5 21 -21 -13 -2 -17 -6 -3 -19
right_child=1 2 3 18 5 15 7 8 -10 10 -12 19 13 -15 -16 23 -18 26 -20 20 -22 -23 -24 -25 -26 -27 -28
leaf_value=3.4388426589965819 4.9229957580566426 1.1768955548604316 10.649372100830069 7.1363085937500017 1.9908826780319211 0.70420309702555262 2.7188731973821465 -2.1911357879638671 1.9220532779892285 -4.474111302693685 2.7534383374591211 -1.0752635246142745 -0.8670448534829277 0.028985550403594976 13.107798639933268 -0.88305317333766364 2.0257454195330218 1.1054076671600341 5.6408041954040513 3.0017716407775881 -0.9064274869646346 -0.82605126010407892 3.506624140058245 -1.6451262235641479 2.660023384094238 1.7763874689737951 1.4503656625747678
leaf_weight=4.9999999999999991 2.9999999999999982 3.0000000000000027 3.0000000000000018 4.9999999999999982 5 3.0000000000000027 33 14.999999999999998 72 2.9999999999999991 86 128 105 40 6 14.000000000000002 31 6 4 3.9999999999999991 35 569 7 3.9999999999999991 5 3 4
leaf_count=5 3 3 3 5 5 3 33 15 72 3 86 128 105 40 6 14 31 6 4 4 35 569 7 4 5 3 4
internal_value=0.0143438 2.54901 7.40415 9.37998 -0.734847 0.459946 2.08292 1.70889 1.21288 2.65342 2.50981 -0.790136 -0.484574 -0.619864 12.2883 -0.801459 2.38314 1.78442 6.47164 -0.852411 -0.505587 -0.871818 3.93154 -1.0524 2.32545 1.47664 1.24339
internal_weight=1201 274 24 18 927 41 250 151 87 99 89 886 150 145 9 21 64 20 9 736 39 697 10 18 10 6 10
internal_count=1201 274 24 18 927 41 250 151 87 99 89 886 150 145 9 21 64 20 9 736 39 697 10 18 10 6 10
is_linear=0
shrinkage=0.05


Tree=29
num_leaves=27
num_cat=0
split_feature=3 3 7 6 4 1 4 4 4 4 7 2 2 3 2 0 4 0 1 1 6 8 0 3 3 8
split_gain=884838 205086 174199 58727.4 19236.8 14345.1 16645.8 11906.4 32360.3 12148.5 11249.6 11732.8 10307.4 9251.81 7871.5 3899.54 10669.9 3654.75 2805.66 4830.44 2759.71 1308.99 880.24 660.219 525.686 179.312
threshold=0.50858692906040326 0.75194895829411001 5.5000000000000009 51.500000000000007 47845.000000000007 14646.715000000002 44860.000000000007 40095.000000000007 43672.500000000007 36090.000000000007 1.5000000000000002 20532.365000000002 20408.530000000002 0.45837825624898687 7781.8900000000003 36920.350000000013 45602.500000000007 36652.150000000009 14103.035000000002 13106.299999999999 44.500000000000007 2.5000000000000004 37153.100000000006 0.78938764404683071 0.47246061078665819 1.5000000000000002
decision_type=2 2 2 2 2 2 2 2 2 2 2 2 2 2 2 2 2 2 2 2 2 2 2 2 2 2
left_child=5 4 20 14 7 15 12 9 -9 -2 11 -8 13 -7 -4 18 -17 -5 19 -1 23 -20 -22 -3 -12 -18
right_child=1 2 3 17 -6 6 10 8 -10 -11 24 -13 -14 -15 -16 16 25 -19 21 -21 22 -23 -24 -25 -26 -27
leaf_value=-0.8133995394616802 1.9246334450585501 4.3165469169616673 14.406386057535796 7.4961532592773423 -2.1113073348999025 4.3856821695963495 -1.12156753540039 0.73084961891174327 2.1552302869435014 3.7226337657255288 -0.9982097955850453 2.5115338134765626 -1.3051286697387696 1.253187673742121 11.269608052571613 1.8809930372238162 -0.82665491104125965 5.3587638378143296 -1.1422411727905277 -0.062827413732355286 2.607923603057861 -2.3557540893554685 3.5412352879842128 3.4081010818481441 -1.4953187942504884 -1.3000887870788571
leaf_weight=836 21 4.0000000000000018 3.0000000000000018 4 2.9999999999999991 3.0000000000000027 4.0000000000000018 55 145 17 13.000000000000002 5 2.9999999999999991 10.999999999999998 6 4.9999999999999991 4 4 4.9999999999999982 22 16.000000000000004 4 2.9999999999999991 4 8.9999999999999982 4
leaf_count=836 21 4 3 4 3 3 4 55 145 17 13 5 3 11 6 5 4 4 5 22 16 4 3 4 9 4
internal_value=0.00381031 2.44063 5.57967 9.5445 1.86752 -0.744566 0.0971568 1.91768 1.76353 2.729 -0.592361 0.896822 1.35451 1.92444 12.3152 -0.790478 0.0690762 6.42746 -0.803366 -0.794154 3.0833 -1.68158 2.75529 3.86232 -1.20157 -1.06337
internal_weight=1213 285 44 17 241 928 48 238 200 38 31 9 17 14 9 880 13 8 867 858 27 9 19 8 22 8
internal_count=1213 285 44 17 241 928 48 238 200 38 31 9 17 14 9 880 13 8 867 858 27 9 19 8 22 8
is_linear=0
shrinkage=0.05


Tree=30
num_leaves=25
num_cat=0
split_feature=3 3 7 6 4 1 4 7 0 4 4 0 6 3 1 3 7 0 5 7 3 4 3 4
split_gain=737674 159134 142588 59134.6 17108.8 16615.4 27717.1 24140.9 20703.3 13746.4 120455 11993.1 10479.4 8467.37 4491.57 4355.46 4201.86 2761.8 2285.19 1883.92 8147.2 3483.11 1042.27 693.775
threshold=0.52062880761174568 0.75194895829411001 5.5000000000000009 49.500000000000007 47845.000000000007 12517.605000000001 44860.000000000007 2.5000000000000004 32120.100000000002 43672.500000000007 43067.500000000007 35844.100000000006 41.500000000000007 0.64040122715787062 27751.910000000003 0.79769226454630082 1.5000000000000002 37107.000000000007 10.500000000000002 3.5000000000000004 0.35185847170019641 37740.000000000007 0.78938764404683071 44585.000000000007
decision_type=2 2 2 2 2 2 2 2 2 2 2 2 2 2 2 2 2 2 2 2 2 2 2 2
left_child=5 4 18 15 9 17 7 11 -9 10 -2 -7 -8 -11 -5 -4 -14 19 22 20 -1 -21 -3 -20
right_child=1 2 3 14 -6 6 12 8 -10 13 -12 -13 16 -15 -16 -17 -18 -19 23 21 -22 -23 -24 -25
leaf_value=-0.74448666205334313 2.192244188752893 4.1007195472717255 11.165806579589844 7.6981129964192734 -2.005741882324219 0.2574857076009115 2.1451282183329266 -1.4602870941162109 2.0234505932906579 1.6303666713936575 -2.4809859612408811 -2.6284335136413577 -0.20702700614929201 2.4121065954829373 5.3286270141601557 13.686067199707029 -1.0871318843147972 0.74041519165039071 3.2132993698120083 -0.62011708829862378 0.77471497853597004 -0.97961129646385681 2.8678451538085934 2.3847171723842622
leaf_weight=454 73 4.0000000000000027 3.9999999999999991 2.9999999999999982 2.9999999999999991 8.9999999999999982 2.9999999999999991 4.9999999999999991 29 58 17 5.9999999999999991 18 86 6 3 55 2.9999999999999991 3.0000000000000027 96 8.9999999999999982 226 3 15.999999999999998
leaf_count=454 73 4 4 3 3 9 3 5 29 58 17 6 18 86 6 3 55 3 3 96 9 226 3 16
internal_value=-0.00121898 2.24886 5.08546 8.79922 1.74617 -0.688811 -0.153264 0.773988 1.51114 1.79427 1.30952 -0.896882 -0.751097 2.09724 6.11846 12.2459 -0.87012 -0.773765 2.80007 -0.779551 -0.714956 -0.872433 3.57234 2.51555
internal_weight=1192 279 42 16 237 913 125 49 34 234 90 15 76 144 9 7 73 788 26 785 463 322 7 19
internal_count=1192 279 42 16 237 913 125 49 34 234 90 15 76 144 9 7 73 788 26 785 463 322 7 19
is_linear=0
shrinkage=0.05


Tree=31
num_leaves=28
num_cat=0
split_feature=3 7 1 1 1 8 6 2 8 1 1 8 7 7 1 1 6 8 3 7 2 6 7 2 5 1 6
split_gain=717309 201010 116830 30055.2 26186.5 13963.4 13317.9 11461.1 7344.57 8482.43 5940.32 16607.3 34624.9 5845.66 7638.8 5356.33 3611.63 3508.57 36311.9 3359.7 3033.82 2983.39 2848.86 2309.49 1555.66 389.285 88.7379
threshold=0.53931369813171681 5.5000000000000009 28203.425000000003 27390.094999999998 17479.370000000006 1.5000000000000002 47.500000000000007 12650.380000000003 3.5000000000000004 26080.170000000006 13106.299999999999 2.5000000000000004 5.5000000000000009 4.5000000000000009 22170.795000000002 27751.910000000003 42.500000000000007 3.5000000000000004 0.29845284983275794 1.5000000000000002 7781.8900000000003 57.500000000000007 3.5000000000000004 17754.405000000002 10.500000000000002 22999.310000000001 42.500000000000007
decision_type=2 2 2 2 2 2 2 2 2 2 2 2 2 2 2 2 2 2 2 2 2 2 2 2 2 2 2
left_child=4 7 3 25 10 26 20 13 9 -9 17 16 -13 14 -2 -5 -12 22 -19 -10 -4 23 -1 -7 -15 -3 -6
right_child=1 2 6 15 5 21 -8 8 19 -11 11 12 -14 24 -16 -17 -18 18 -20 -21 -22 -23 -24 -25 -26 -27 -28
leaf_value=-0.68875361964447612 3.9140266036987308 0.85159818331400483 13.001763916015628 7.1133119583129876 -1.7851955413818361 1.6960416647104113 8.183177185058593 1.1474867132993845 1.7821816861629483 2.3016860103607182 -2.2973576545715333 -0.091302398399070464 4.4384313201904302 3.4487058639526369 1.8824222549315424 4.3184392929077138 -0.72660956382751474 -0.70434762916536398 2.0172796249389648 2.842794876439231 10.89835739135742 -0.25932884216308594 -0.91041198769394238 0.81073654679691087 2.6513821565187894 1.6050615310668943 -1.4006223678588865
leaf_weight=355 4.9999999999999991 3.0000000000000018 2.9999999999999982 4 2.9999999999999991 13.000000000000002 4 78 16.000000000000004 20 3.9999999999999991 27 4.9999999999999991 7.9999999999999991 62 3 43 214 12.999999999999998 13.999999999999998 4 3.9999999999999991 245 17 26 4 3
leaf_count=355 5 3 3 4 3 13 4 78 16 20 4 27 5 8 62 3 43 214 13 14 4 4 245 17 26 4 3
internal_value=0.0123651 2.37155 6.6286 3.59883 -0.621073 0.630907 10.4847 1.9068 1.59259 1.38304 -0.676348 -0.262109 0.616468 2.30501 2.03403 5.91551 -0.86029 -0.715918 -0.548484 2.27713 11.7998 1.02335 -0.779264 1.19437 2.83899 1.28215 -1.59291
internal_weight=1200 254 25 14 946 40 11 229 128 98 906 79 32 101 67 7 47 827 227 30 7 34 600 30 34 7 6
internal_count=1200 254 25 14 946 40 11 229 128 98 906 79 32 101 67 7 47 827 227 30 7 34 600 30 34 7 6
is_linear=0
shrinkage=0.05


Tree=32
num_leaves=28
num_cat=0
split_feature=3 7 1 1 0 4 6 6 7 4 4 1 0 4 6 2 6 3 7 4 4 1 6 1 2 0 6
split_gain=636663 173133 82065.7 38153.9 23371.8 26926.8 12510.3 11279.2 10465 11431.9 91230.3 5864.82 14375.7 22751.5 5327.05 5318.45 3227.85 3080.84 2657.36 2571.89 10791.5 2400.17 1070.31 626.218 578.346 249.835 212.009
threshold=0.53931369813171681 5.5000000000000009 29284.870000000003 27390.094999999998 36920.350000000013 45602.500000000007 41.500000000000007 50.500000000000007 4.5000000000000009 43067.500000000007 43672.500000000007 14223.17 33284.000000000007 46105.000000000007 44.500000000000007 12896.705000000002 43.500000000000007 0.4984437128530334 5.5000000000000009 43767.500000000007 42595.000000000007 24893.755000000005 42.500000000000007 13262.65 23772.460000000003 39525.150000000009 51.500000000000007
decision_type=2 2 2 2 2 2 2 2 2 2 2 2 2 2 2 2 2 2 2 2 2 2 2 2 2 2 2
left_child=4 8 3 25 11 18 -7 -5 9 15 -11 19 17 -14 -4 -2 -8 -13 24 20 -1 -10 -23 -21 -6 -3 -20
right_child=1 2 14 7 5 6 16 -9 21 10 -12 12 13 -15 -16 -17 -18 -19 26 23 -22 22 -24 -25 -26 -27 -28
leaf_value=-0.7107026267578358 3.2346104431152343 0.80061338742573873 12.351675415039063 8.6616002400716141 1.7847597718238832 2.1952741940816218 -2.5411332845687848 5.1214799033270948 1.3988363265991213 -2.6078595968393183 1.8111396804063216 -1.1622507095336914 1.2537384223937988 -1.2094014422098798 9.5644527435302731 1.9827939748764039 -0.94257631301879885 -2.9891535441080732 1.1470766067504881 -0.8310075277390031 -0.09663370541170424 3.4624493598937991 2.5899763403267695 -1.2060114463170371 2.4433638381958001 1.4458979924519852 0.69076178073883043
leaf_weight=613 9.9999999999999982 3.0000000000000062 2.9999999999999991 2.9999999999999991 9.9999999999999982 3.0000000000000027 4.0000000000000027 8.9999999999999982 3.9999999999999991 12.999999999999998 115 9.9999999999999982 25 14.999999999999998 4 56 14.999999999999998 2.9999999999999991 7 154 81 3.9999999999999991 29 11.999999999999998 5.0000000000000009 3 4
leaf_count=613 10 3 3 3 10 3 4 9 4 13 115 10 25 15 4 56 15 3 7 154 81 4 29 12 5 3 4
internal_value=-0.00307052 2.21268 6.16522 4.37876 -0.593323 0.482076 -0.805334 6.00651 1.78492 1.63795 1.36234 -0.649861 -0.139387 0.330061 10.759 2.17246 -1.27911 -1.58384 1.57142 -0.68132 -0.639032 2.55553 2.69573 -0.858116 2.00429 1.12326 0.981144
internal_weight=1217 256 25 18 961 48 22 12 231 194 128 913 53 40 7 66 19 13 26 860 694 37 33 166 15 6 11
internal_count=1217 256 25 18 961 48 22 12 231 194 128 913 53 40 7 66 19 13 26 860 694 37 33 166 15 6 11
is_linear=0
shrinkage=0.05


Tree=33
num_leaves=28
num_cat=0
split_feature=3 7 1 6 1 4 2 3 2 4 4 3 2 7 4 7 7 8 4 5 1 5 7 6 1 6 1
split_gain=590577 168875 77822.4 40047.2 29315.1 29652.7 17753.9 13700.5 9854.81 12181.7 48321.1 7259.53 5610.94 5580.1 6757.76 3310.77 2997.36 2822.61 7853.07 6760.85 4956.5 1869.02 1784.55 2531.37 533.97 315.504 157.601
threshold=0.54879364860227586 5.5000000000000009 27390.094999999998 51.500000000000007 14646.715000000002 46105.000000000007 15666.380000000003 0.44980874325871745 13219.500000000002 43067.500000000007 43672.500000000007 0.52576982126420102 7781.8900000000003 4.5000000000000009 43067.500000000007 1.0000000180025095e-35 1.5000000000000002 2.5000000000000004 45077.500000000007 11.500000000000002 13262.65 10.500000000000002 2.5000000000000004 41.500000000000007 12767.035000000003 54.500000000000007 23285.830000000005
decision_type=2 2 2 2 2 2 2 2 2 2 2 2 2 2 2 2 2 2 2 2 2 2 2 2 2 2 2
left_child=4 8 26 12 17 6 -6 -8 13 16 -11 15 -4 14 -2 -7 -10 22 20 -20 -19 -15 23 -1 -24 -5 -3
right_child=1 2 3 25 5 11 7 -9 9 10 -12 -13 -14 21 -16 -17 -18 18 19 -21 -22 -23 24 -25 -26 -27 -28
leaf_value=0.38050143718719487 2.7803769230842592 0.98394343058268119 11.734091695149729 4.7733465194702136 -2.839695676167806 0.78915103276570453 3.6072336959838864 0.87144846827895561 1.5705153028170269 -2.4275594393412274 1.5349952679760053 -3.3720121860504153 9.1495808192661823 3.4622159957885721 1.619695077271297 -0.98149950070814662 2.3201855991284055 -0.62845894295065707 1.8545412063598634 -0.2684838724136353 0.32705018179757256 2.4795347862243653 -0.8152112706821768 -0.66259349611563323 -1.0995890723334421 5.4219390106201164 1.4964545885721838
leaf_weight=5.9999999999999991 15.999999999999998 3.0000000000000027 3.0000000000000018 3 2.9999999999999991 3.0000000000000062 4.9999999999999991 54 24 8.9999999999999982 53 2.9999999999999991 7 6.0000000000000027 58 22 30 444 5.9999999999999991 9.9999999999999982 13.999999999999998 25 199 190 18 5 3
leaf_count=6 16 3 3 3 3 3 5 54 24 9 53 3 7 6 58 22 30 444 6 10 14 25 199 190 18 5 3
internal_value=-0.00678838 2.18822 6.17168 7.8155 -0.557227 0.302597 0.912505 1.10329 1.75563 1.43797 0.959786 -1.04791 9.92493 2.10657 1.87065 -0.769021 1.987 -0.644469 -0.561212 0.527651 -0.599251 2.66973 -0.740023 -0.630662 -0.8388 5.17872 1.2402
internal_weight=1222 245 24 18 977 90 62 59 221 116 62 28 10 105 74 25 54 887 474 16 458 31 413 196 217 8 6
internal_count=1222 245 24 18 977 90 62 59 221 116 62 28 10 105 74 25 54 887 474 16 458 31 413 196 217 8 6
is_linear=0
shrinkage=0.05


Tree=34
num_leaves=28
num_cat=0
split_feature=3 7 1 1 1 4 2 4 4 6 6 8 1 3 7 3 2 3 7 8 1 5 4 7 6 1 1
split_gain=548239 150522 73314.1 27130 15773.2 24067 15253.3 10918.2 104527 9608.29 9286.89 8677.87 8606.4 7977.09 4874.21 4740.96 4626.48 4093.67 2877.08 2427.18 7253.45 12204.7 5520.69 1647.8 2517.69 621.96 142.235
threshold=0.53791511462926322 5.5000000000000009 29284.870000000003 27390.094999999998 14646.715000000002 46105.000000000007 15666.380000000003 43672.500000000007 43067.500000000007 50.500000000000007 47.500000000000007 2.5000000000000004 21264.990000000005 0.50858692906040326 4.5000000000000009 0.7105973470871122 12332.170000000002 0.79769226454630082 1.0000000180025095e-35 2.5000000000000004 12767.035000000003 10.500000000000002 45077.500000000007 2.5000000000000004 41.500000000000007 12767.035000000003 23285.830000000005
decision_type=2 2 2 2 2 2 2 2 2 2 2 2 2 2 2 2 2 2 2 2 2 2 2 2 2 2 2
left_child=4 7 3 26 19 6 -6 8 16 -5 15 -8 -10 18 -12 -9 -2 -4 -7 23 22 -22 -21 24 -1 -25 -3
right_child=1 2 17 9 5 13 11 10 12 -11 14 -13 -14 -15 -16 -17 -18 -19 -20 20 21 -23 -24 25 -26 -27 -28
leaf_value=0.22130188412136503 3.1436905384063722 0.93474628130594672 8.81110122680664 7.7710408528645836 -2.6977110226949055 0.74969342549641749 3.2068663120269778 2.1167452508753 -1.1157693545023599 4.4529843568801883 1.3721604666343103 0.77668716907501223 -3.5604917526245119 -3.1077087640762331 2.2647662830352782 3.0998891325557936 1.8672247629317029 11.147387186686196 -0.90091352246024392 -0.6065034674930162 1.9116565763950346 -0.53648386682782856 0.43915387907853493 -0.77196722130500839 -0.6349679369930058 -1.0875707822687486 1.4216318448384599
leaf_weight=8.9999999999999982 7.9999999999999991 3.0000000000000062 5 2.9999999999999991 2.9999999999999991 3.0000000000000062 3.9999999999999991 44 5.9999999999999991 7.9999999999999991 65 45 8.9999999999999982 3.9999999999999991 20 17 63 3 22 435 8 14 12.999999999999998 191 186 17 3
leaf_count=9 8 3 5 3 3 3 4 44 6 8 65 45 9 4 20 17 63 3 22 435 8 14 13 191 186 17 3
internal_value=0.00426855 2.05397 5.74015 3.88271 -0.547904 0.119548 0.763178 1.65675 1.20983 5.35791 1.92 0.975069 -2.5826 -1.03455 1.58219 2.39074 2.01105 9.68721 -0.702841 -0.609833 -0.532633 0.353749 -0.576161 -0.699868 -0.595448 -0.797762 1.17819
internal_weight=1211 257 25 17 954 81 52 232 86 11 146 49 15 29 85 61 71 8 25 873 470 22 448 403 195 208 6
internal_count=1211 257 25 17 954 81 52 232 86 11 146 49 15 29 85 61 71 8 25 873 470 22 448 403 195 208 6
is_linear=0
shrinkage=0.05


Tree=35
num_leaves=26
num_cat=0
split_feature=3 7 1 1 4 1 6 7 4 4 6 5 1 0 0 4 4 0 4 4 0 0 0 3 1
split_gain=454704 134991 62994.2 19242.1 23216.4 15887.2 8927.05 8806.5 11972.7 89614.5 6653.77 6642.23 9714.93 5517.34 5118.94 8091.83 3351.74 2283.8 2022.47 8873.4 1973.54 1629.37 906.468 781.578 42.4225
threshold=0.53931369813171681 5.5000000000000009 29284.870000000003 14223.17 44860.000000000007 27390.094999999998 41.500000000000007 4.5000000000000009 43067.500000000007 43672.500000000007 53.500000000000007 13.500000000000002 14924.145000000002 38890.400000000009 36920.350000000013 45602.500000000007 36090.000000000007 37511.950000000004 43767.500000000007 42595.000000000007 38016.200000000004 35817.30000000001 37219.150000000001 0.36721089736977203 12607.35
decision_type=2 2 2 2 2 2 2 2 2 2 2 2 2 2 2 2 2 2 2 2 2 2 2 2 2
left_child=3 7 5 14 11 -3 -6 8 16 -10 -7 12 -5 -8 18 24 -2 22 19 -1 -4 -13 -9 -20 -16
right_child=1 2 20 4 6 10 13 17 9 -11 -12 21 -14 -15 15 -17 -18 -19 23 -21 -22 -23 -24 -25 -26
leaf_value=-0.63420069340112317 1.348070746376401 1.2500089168548574 9.1035410563151054 4.2667573928832958 1.6625352382659913 6.2768048095703142 -0.58623570384401258 2.204897343317668 -2.5566683673858641 1.5586775775466648 3.8071299870808915 1.1756690661112468 1.2336491086266257 -2.3685517692565918 1.8482659022013352 -1.0081967258453368 2.0986151442808265 0.87131779988606783 -0.70419344665439987 -0.071388320436206049 10.917166392008461 -0.16984764205084907 2.9320650482177735 -0.95917736811515619 1.5823635101318354
leaf_weight=617 21 4.0000000000000027 2.9999999999999991 3.0000000000000027 3.9999999999999991 4.9999999999999982 33 30 14.999999999999998 112 6 2.9999999999999991 22 4.9999999999999991 2.9999999999999982 5 51 2.9999999999999991 131 79 3 8.9999999999999982 4.9999999999999991 39 3
leaf_count=617 21 4 3 3 4 5 33 30 15 112 6 3 22 5 3 5 51 3 131 79 3 9 5 39 3
internal_value=-0.0244452 1.83826 5.68043 -0.527142 0.22026 3.94846 -0.584248 1.49781 1.36463 1.07261 4.92971 1.13348 1.59762 -0.820751 -0.594467 0.477355 1.87971 2.19529 -0.608082 -0.570318 10.0104 0.166532 2.30878 -0.76269 1.71531
internal_weight=1214 258 21 956 79 15 42 237 199 127 11 37 25 38 877 11 72 38 866 696 6 12 35 170 6
internal_count=1214 258 21 956 79 15 42 237 199 127 11 37 25 38 877 11 72 38 866 696 6 12 35 170 6
is_linear=0
shrinkage=0.05


Tree=36
num_leaves=29
num_cat=0
split_feature=3 7 3 6 0 4 4 4 0 3 5 7 2 0 0 4 4 7 3 2 0 2 2 6 6 6 0 3
split_gain=407913 101560 61972.6 22009.6 11724.6 15214.7 11461.8 88595.1 11390 5968.41 6040.48 5339.22 4961.7 4353.07 5144.79 12979 3838.9 3554.06 2899.36 2795.96 2625.16 2573.5 2469.67 1032.57 708.93 673.22 474.018 151.627
threshold=0.5300522912467337 5.5000000000000009 0.75194895829411001 51.500000000000007 36920.350000000013 45602.500000000007 43672.500000000007 43067.500000000007 36920.350000000013 0.65924403112717955 11.500000000000002 3.5000000000000004 11556.630000000003 35844.100000000006 35048.950000000004 41855.000000000007 44395.000000000007 5.5000000000000009 0.41093661235642526 23537.150000000005 39598.900000000001 8441.9900000000016 8685.5200000000023 42.500000000000007 45.500000000000007 42.500000000000007 38995.150000000001 0.50858692906040326
decision_type=2 2 2 2 2 2 2 2 2 2 2 2 2 2 2 2 2 2 2 2 2 2 2 2 2 2 2 2
left_child=4 6 26 22 13 17 7 12 -9 11 -11 -8 -2 14 18 -16 19 24 -1 -15 25 -5 -4 -18 -6 -7 -3 -19
right_child=1 2 3 21 5 20 9 8 -10 10 -12 -13 -14 16 15 -17 23 27 -20 -21 -22 -23 -24 -25 -26 -27 -28 -29
leaf_value=-0.57638811164620252 3.4752523422241213 0.6075938701629634 8.8256608327229831 5.6087713877360024 2.5697331428527828 -1.4831581115722621 1.5251746230655248 -0.90834526538848859 -3.3601629681057403 2.3213792178941808 1.5481059129749026 0.30734203656514492 1.6639443149601203 -2.755640525817872 1.1963655217488607 -0.58609363227151334 -1.4125826549530021 0.54504194060961397 -0.12899500319832249 -1.0835277938842773 0.79573529561360679 3.6714990377426142 7.0686487833658838 -0.61307512464977454 1.6766784858703609 -0.66694276183843615 1.4390243848164872 0.94246443510055533
leaf_weight=770 3.9999999999999991 4.0000000000000027 5.9999999999999982 2.9999999999999991 4 3.0000000000000062 36 10.000000000000002 8.9999999999999982 46 56 11.999999999999998 69 4.9999999999999982 14.999999999999998 32 5.0000000000000027 6 38 5 2.9999999999999991 4 3 21 5 15.999999999999998 3 4
leaf_count=770 4 4 6 3 4 3 36 10 9 46 56 12 69 5 15 32 5 6 38 5 3 4 3 21 5 16 3 4
internal_value=-0.0182245 1.71275 4.88781 6.60451 -0.510402 0.316319 1.41099 0.971611 -2.06973 1.68048 1.89684 1.22072 1.76319 -0.548444 -0.525766 -0.0172237 -1.08704 1.35276 -0.555347 -1.91958 -0.578789 4.50176 8.23999 -0.766827 2.07359 -0.795819 0.963921 0.704011
internal_weight=1197 265 23 16 932 41 242 92 19 150 102 48 73 891 855 47 36 19 808 10 22 7 9 26 9 19 7 10
internal_count=1197 265 23 16 932 41 242 92 19 150 102 48 73 891 855 47 36 19 808 10 22 7 9 26 9 19 7 10
is_linear=0
shrinkage=0.05


Tree=37
num_leaves=28
num_cat=0
split_feature=3 7 1 6 1 4 1 4 4 1 4 2 6 2 2 0 1 6 0 4 4 4 2 3 2 8 0
split_gain=347771 90648.6 47211.4 18377.7 18168.9 22741.2 8929.65 7780.74 75406.7 7163.9 9145.12 6606.47 7809.36 5284.34 4546.05 4438.06 3362.29 2640.93 2617.79 8813.07 1970.77 7297.53 1396.48 779.298 604.605 210.593 192.824
threshold=0.54879364860227586 5.5000000000000009 27390.094999999998 50.500000000000007 14646.715000000002 44860.000000000007 14924.145000000002 43672.500000000007 43067.500000000007 28077.945000000007 46105.000000000007 20532.365000000002 42.500000000000007 16899.540000000005 12133.370000000001 38736.700000000004 19398.995000000003 44.500000000000007 36920.350000000013 45602.500000000007 43767.500000000007 42595.000000000007 8441.9900000000016 0.78938764404683071 21992.540000000005 1.5000000000000002 38995.150000000001
decision_type=2 2 2 2 2 2 2 2 2 2 2 2 2 2 2 2 2 2 2 2 2 2 2 2 2 2 2
left_child=4 7 26 23 18 6 -6 8 14 10 -9 16 -13 -8 -2 -10 -7 -11 20 -20 21 -1 -5 -4 -22 -21 -3
right_child=1 2 3 22 5 11 13 9 15 17 -12 12 -14 -15 -16 -17 -18 -19 19 25 24 -23 -24 -25 -26 -27 -28
leaf_value=-0.55344287849872986 3.3014897823333742 0.55511148770650165 7.3588899993896453 5.3283329010009783 3.6510139465332032 -0.89794860137136345 0.11244471967220307 1.7362305770486088 -1.791811084747315 2.6311014238993327 0.7774826035943142 2.0564754009246808 -0.46991579165825481 1.2673425156336566 1.5577378834025903 -3.690737762451171 -2.4928907036781314 1.8185539849599204 2.1169162750244146 -0.50846529006957997 -0.83497964342435216 -0.045158410910516977 4.0071234385172518 8.3782351175943983 -0.6250135700715086 -1.0626447558403014 1.1220100243886308
leaf_weight=602 3.9999999999999991 3.0000000000000027 5.0000000000000018 2.9999999999999982 2.9999999999999991 19.000000000000004 15.999999999999998 59 7.9999999999999982 14.999999999999998 43 4.0000000000000027 12.999999999999998 26 57 5 3.9999999999999991 30 3.9999999999999982 3 48 80 6 3 120 4 3
leaf_count=602 4 3 5 3 3 19 16 59 8 15 43 4 13 26 57 5 4 30 4 3 48 80 6 3 120 4 3
internal_value=-0.0187371 1.6643 4.65166 5.99746 -0.45284 0.244559 1.01562 1.3534 0.935255 1.56389 1.33205 -0.62289 0.124529 0.827381 1.67208 -2.52217 -1.17533 2.0894 -0.521689 0.244699 -0.531607 -0.49382 4.44753 7.74114 -0.685004 -0.825139 0.838561
internal_weight=1190 244 23 17 946 85 45 221 74 147 102 40 17 42 61 13 23 45 861 11 850 682 9 8 168 7 6
internal_count=1190 244 23 17 946 85 45 221 74 147 102 40 17 42 61 13 23 45 861 11 850 682 9 8 168 7 6
is_linear=0
shrinkage=0.05


Tree=38
num_leaves=29
num_cat=0
split_feature=3 7 1 1 1 4 1 2 6 4 4 4 6 3 0 4 4 2 3 0 0 1 1 1 3 0 3 7
split_gain=373193 113231 41329.4 18959.2 16947.4 13697 8277.17 8219.27 8022.61 7510.71 12669.5 11058.5 5493.63 3313.93 3166.32 9832.17 2918.58 4243.95 2776.05 2619.22 2577.69 1209.28 1170.39 598.063 367.202 248.866 222.771 172.314
threshold=0.53931369813171681 5.5000000000000009 29284.870000000003 27390.094999999998 15992.795000000004 46105.000000000007 28857.775000000001 18444.820000000003 42.500000000000007 42277.500000000007 36090.000000000007 43672.500000000007 55.500000000000007 0.79769226454630082 36920.350000000013 45602.500000000007 42977.500000000007 17126.100000000002 0.47246061078665819 35844.100000000006 36429.250000000007 30101.320000000003 28973.680000000004 17815.785000000003 0.49106726725513283 37298.900000000009 0.79769226454630082 1.5000000000000002
decision_type=2 2 2 2 2 2 2 2 2 2 2 2 2 2 2 2 2 2 2 2 2 2 2 2 2 2 2 2
left_child=4 6 3 -3 14 16 9 20 -9 10 -2 -11 -5 -4 18 25 23 -18 19 -1 -7 22 -8 -6 -20 -16 -23 -17
right_child=1 2 13 12 5 7 21 8 -10 11 -12 -13 -14 -15 15 27 17 -19 24 -21 -22 26 -24 -25 -26 -27 -28 -29
leaf_value=-0.48712863393568784 1.0128152972175961 0.94603133201598988 7.1121501922607413 5.5039874485560834 2.0837136983871463 -1.2223007202148424 2.8007368087768487 2.246353022257487 -0.70172508716583248 0.40635830468909689 2.7947563070999948 1.3398542896775174 3.1811588525772088 9.2141916910807264 1.3775228500366206 -0.96162734031677211 -0.34050073623657218 1.0128153775419508 -1.1919569651285806 -0.9479709755629302 -3.295014381408691 2.6807030916213996 1.7295493855195887 1.3173045022147041 -1.9742634455362951 1.9799593925476069 2.1754714647928868 -0.56721469031439886
leaf_weight=845 21 5.0000000000000062 5 6.9999999999999982 3.9999999999999982 3.0000000000000027 3.0000000000000062 2.9999999999999991 9.9999999999999982 43 19 121 4 3 4.0000000000000009 4.0000000000000009 8.0000000000000018 21 2.9999999999999991 32 3 7.9999999999999982 17 7 3 3 3 8.9999999999999982
leaf_count=845 21 5 5 7 4 3 3 3 10 43 19 121 4 3 4 4 8 21 3 32 3 8 17 7 3 3 3 9
internal_value=0.0100245 1.6947 4.96608 3.49892 -0.443543 0.377474 1.3606 -0.727902 -0.0213994 1.24493 1.85924 1.0951 4.65932 7.90042 -0.497186 0.124926 0.902528 0.639487 -0.511277 -0.503944 -2.25866 2.12183 1.89023 1.596 -1.58311 1.63571 2.54291 -0.688572
internal_weight=1221 259 24 16 962 59 235 19 13 204 40 164 11 8 903 20 40 29 883 877 6 31 20 11 6 7 11 13
internal_count=1221 259 24 16 962 59 235 19 13 204 40 164 11 8 903 20 40 29 883 877 6 31 20 11 6 7 11 13
is_linear=0
shrinkage=0.05


Tree=39
num_leaves=28
num_cat=0
split_feature=1 2 0 7 4 4 1 1 6 2 8 0 1 0 5 7 2 2 4 2 6 7 1 7 2 1 2
split_gain=319969 76378.4 74889.1 12258.2 9809.25 63474.6 11618.9 8531.98 5652.3 3624.32 2868.1 12429.8 6530.75 5255.44 2669.99 2239.38 1928.31 1758.56 1284.46 1224.89 4428.56 1038.57 2526.52 850.272 781.367 601.789 427.706
threshold=18325.355 9193.7650000000012 37684.55000000001 5.5000000000000009 43067.500000000007 43672.500000000007 22438.250000000004 20465.295000000006 53.500000000000007 12650.380000000003 2.5000000000000004 36920.350000000013 15355.33 35844.100000000006 10.500000000000002 1.5000000000000002 7781.8900000000003 16556.775000000005 43377.500000000007 19017.475000000002 46.500000000000007 5.5000000000000009 14924.145000000002 2.5000000000000004 11556.630000000003 13862.115000000002 15903.070000000002
decision_type=2 2 2 2 2 2 2 2 2 2 2 2 2 2 2 2 2 2 2 2 2 2 2 2 2 2 2
left_child=10 2 3 14 9 7 -7 -6 -5 24 17 12 13 -12 -2 -11 -4 21 -14 20 -19 26 -23 -21 -3 -13 -1
right_child=1 4 16 8 5 6 -8 -9 -10 15 11 25 18 -15 -16 -17 -18 19 -20 23 -22 22 -24 -25 -26 -27 -28
leaf_value=-0.11426881154378249 3.1570485432942674 3.2128479639689118 8.7534821828206368 5.0340895080566419 -0.59784379005432109 0.62116169178823266 1.5337598789848534 -2.743847517533736 2.6566333103179929 1.1454765200614929 -0.4193260127767211 1.8162248802185061 1.6777701854705811 -1.4386887816282421 1.5624175571259999 1.7203363282812967 7.1500218963623041 0.60758854389190653 0.30913189252217604 -0.49350324670085688 -0.75080552736918138 -0.89017381072044377 -2.5916337966918932 -0.64117523817100919 2.1921506500244141 0.99341725111007673 -0.9585693518320717
leaf_weight=3.0000000000000009 3.0000000000000027 3 3 4.9999999999999982 8.0000000000000018 53 102 10.999999999999998 5 32 462 4.9999999999999982 3.9999999999999991 12.999999999999998 21 36 5 10.000000000000002 3 192 14.999999999999998 7.9999999999999991 3.0000000000000009 198 5 4 3
leaf_count=3 3 3 3 5 8 53 102 11 5 32 462 5 4 13 21 36 5 10 3 192 15 8 3 198 5 4 3
internal_value=-0.0167999 1.4258 3.39872 2.37457 1.09435 0.887356 1.22171 -1.84027 3.84536 1.56825 -0.473179 -0.390506 -0.424882 -0.447224 1.76175 1.44981 7.75132 -0.567144 1.09121 -0.546727 -0.207448 -1.06558 -1.35421 -0.568475 2.57491 1.45053 -0.536419
internal_weight=1215 292 42 34 250 174 155 19 10 76 923 491 482 475 24 68 8 432 7 415 25 17 11 390 8 9 6
internal_count=1215 292 42 34 250 174 155 19 10 76 923 491 482 475 24 68 8 432 7 415 25 17 11 390 8 9 6
is_linear=0
shrinkage=0.05


Tree=40
num_leaves=26
num_cat=0
split_feature=3 7 1 1 1 4 5 3 2 4 4 3 1 4 4 5 8 4 0 3 4 0 7 3 1
split_gain=306704 80092.6 40736.1 14481.4 8918.33 12835.7 6339.06 6204.98 5976.87 6399.81 20776.1 4952.5 4614.46 14859.9 4034.01 5529.87 3532.6 3308.08 2675.45 2627.82 2407.83 1430.23 1460.93 840.318 112.037
threshold=0.53931369813171681 5.5000000000000009 29284.870000000003 27390.094999999998 17479.370000000006 46105.000000000007 12.500000000000002 0.50858692906040326 13077.255000000003 43067.500000000007 43672.500000000007 0.49106726725513283 13106.299999999999 44860.000000000007 44585.000000000007 11.500000000000002 1.5000000000000002 44065.000000000007 37027.30000000001 0.79769226454630082 36090.000000000007 35661.650000000009 1.5000000000000002 0.4984437128530334 23285.830000000005
decision_type=2 2 2 2 2 2 2 2 2 2 2 2 2 2 2 2 2 2 2 2 2 2 2 2 2
left_child=4 8 3 24 11 21 -5 16 14 20 -11 12 18 -14 17 -16 -7 -2 -1 -4 -10 -6 -23 -13 -3
right_child=1 2 19 6 5 7 -8 -9 9 10 -12 23 13 -15 15 -17 -18 -19 -20 -21 -22 22 -24 -25 -26
leaf_value=-0.46914166333271096 1.4257891125149198 0.62719265619913589 6.4439753723144522 5.2118106079101576 1.6313097572326649 -1.0854310464859009 2.8012493511041003 -2.6834557056426998 0.92182797005302042 -1.4318173956871032 1.026945814246037 -1.2786123911539713 1.0392927321520717 -0.50232410872424094 1.8377595118113927 0.94653868727062074 1.0848537286122637 2.3601147079467775 0.82707374095916752 8.315808232625324 1.6054282277822496 1.2621291995048518 0.44274962868760614 -2.4620521227518712 1.0593140284220375
leaf_weight=834 18 3.0000000000000062 5 4.9999999999999982 5.0000000000000027 4.9999999999999982 6 4 19 9.9999999999999982 61 2.9999999999999991 22 54 28 46 3 20 3.9999999999999991 3 40 8.0000000000000018 17 3 3
leaf_count=834 18 3 5 5 5 5 6 4 19 10 61 3 22 54 28 46 3 20 4 3 40 8 17 3 3
internal_value=0.0101304 1.50942 4.20373 2.81918 -0.405993 0.306522 3.89696 -1.07553 1.23108 1.00044 0.680641 -0.438521 -0.429121 -0.0560666 1.49879 1.28376 -0.271574 1.91754 -0.462954 7.14591 1.38529 0.859344 0.704951 -1.87033 0.843253
internal_weight=1229 267 25 17 962 42 11 12 242 130 71 920 914 76 112 74 8 38 838 8 59 30 25 6 6
internal_count=1229 267 25 17 962 42 11 12 242 130 71 920 914 76 112 74 8 38 838 8 59 30 25 6 6
is_linear=0
shrinkage=0.05


Tree=41
num_leaves=28
num_cat=0
split_feature=3 7 6 0 8 1 2 7 0 0 3 0 1 0 7 0 0 7 1 0 0 0 1 6 5 6 6
split_gain=234238 47371.9 20965.2 7615.4 9384.97 7477.55 6669.46 10746 5097.82 4729.03 3744.24 3579.84 6058.45 10591.7 3250.98 3237.38 2658.17 2144.15 3675.39 1563.48 872.251 868.496 814.98 734.823 664.4 125.488 54.8528
threshold=0.5300522912467337 5.5000000000000009 53.500000000000007 36854.100000000006 2.5000000000000004 28203.425000000003 12650.380000000003 4.5000000000000009 39525.150000000009 36652.150000000009 0.47656201059381442 36102.250000000007 12517.605000000001 33858.450000000004 4.5000000000000009 40010.05000000001 38016.200000000004 1.5000000000000002 12963.120000000003 26413.900000000005 38379.600000000006 38890.400000000009 29586.369999999999 45.500000000000007 10.500000000000002 51.500000000000007 42.500000000000007
decision_type=2 2 2 2 2 2 2 2 2 2 2 2 2 2 2 2 2 2 2 2 2 2 2 2 2 2 2
left_child=3 6 5 11 10 -3 14 8 -8 -4 21 12 19 -14 15 -2 23 18 -13 -1 -11 -5 -7 -6 -16 -18 -19
right_child=1 2 9 4 16 22 7 -9 -10 20 -12 17 13 -15 24 -17 25 26 -20 -21 -22 -23 -24 -25 -26 -27 -28
leaf_value=-0.6010113622321458 1.0211791086631516 3.3694884300231913 3.4609027862548838 -0.56970682303110731 2.2033215999603257 6.7024393717447897 0.81865897576659918 -2.060135269165039 1.5349485458866243 1.6324477353443698 1.1829099098841349 -0.62344291687011688 -0.56132088738518793 0.63505125174651278 2.2587767464773996 1.8853073665073941 0.6429508544504644 -0.77583486239115407 -2.5405741119384762 -0.4058227162493408 0.42673165003458646 -1.5016383488972984 5.6122502326965318 1.2941041374206543 1.7121466848585343 0.26375640630722036 -0.52895930078294551
leaf_weight=122 48 4.0000000000000018 2.9999999999999982 15.000000000000005 4.0000000000000018 3 125 2.9999999999999991 31 3 2.9999999999999991 5.0000000000000018 37 37 6.9999999999999991 13.999999999999998 7.9999999999999982 2.9999999999999991 5 645 3 2.9999999999999991 4 5 27 3 8.9999999999999982
leaf_count=122 48 4 3 15 4 3 125 3 31 3 3 5 37 37 7 14 8 3 5 645 3 3 4 5 27 3 9
internal_value=0.0086835 1.28647 3.62973 -0.380025 0.285778 5.09402 1.10269 0.903996 0.960999 1.84003 -0.452466 -0.411656 -0.395186 0.0368652 1.43177 1.2163 1.06093 -1.04128 -1.58201 -0.43687 1.02959 -0.725029 6.07947 1.6982 1.82469 0.539534 -0.590678
internal_weight=1179 275 20 904 41 11 255 159 156 9 21 863 841 74 96 62 20 22 10 767 6 18 7 9 34 11 12
internal_count=1179 275 20 904 41 11 255 159 156 9 21 863 841 74 96 62 20 22 10 767 6 18 7 9 34 11 12
is_linear=0
shrinkage=0.05


Tree=42
num_leaves=25
num_cat=0
split_feature=3 7 1 1 1 4 1 4 4 4 6 3 1 4 4 6 7 0 0 0 2 6 1 2
split_gain=225571 54866.4 35411.8 14697.4 10958.5 13937.8 5376.77 5750.69 15192.2 7679.15 4881.34 4626.32 3672.56 8963.62 1805.69 1547.8 3138.07 1404.89 1078.15 1038.04 907.46 263.182 147.918 61.2063
threshold=0.54879364860227586 5.5000000000000009 29284.870000000003 27390.094999999998 17479.370000000006 46105.000000000007 30101.320000000003 42277.500000000007 43672.500000000007 36090.000000000007 55.500000000000007 0.48425787051922914 14223.17 42977.500000000007 30732.500000000004 53.500000000000007 1.5000000000000002 39262.900000000009 38016.200000000004 38016.200000000004 15095.470000000001 46.500000000000007 22999.310000000001 10856.400000000001
decision_type=2 2 2 2 2 2 2 2 2 2 2 2 2 2 2 2 2 2 2 2 2 2 2 2
left_child=4 6 3 22 11 15 7 9 -9 -2 -5 12 14 -14 -1 19 -17 -7 -4 -6 -13 23 -3 -8
right_child=1 2 18 10 5 17 21 8 -10 -11 -12 20 13 -15 -16 16 -18 -19 -20 -21 -22 -23 -24 -25
leaf_value=-0.64687280516693557 0.92122854921552877 0.3382553497950232 6.3781131744384769 4.6046656290690109 1.3674858179959379 -0.72265741229057334 2.6747530619303395 0.1017264723777771 1.2111645656824113 2.3817412588331437 2.1345081090927116 -2.3263180732727053 1.4731417549981012 -0.29104898431234888 -0.38027712093556632 1.0568417284223766 -0.26352651913960778 -1.9798376464843745 7.7186058044433565 0.70753061450444743 -1.1759356498718261 1.9414922714233391 0.83477247556050593 2.355362192789713
leaf_weight=69 18 3.0000000000000027 2.9999999999999991 5.9999999999999982 11.000000000000002 3.9999999999999982 2.9999999999999982 40 135 18 3 2.9999999999999991 8.9999999999999982 36 799 9.0000000000000018 8.9999999999999982 5 3 12.999999999999998 4 3 3 3
leaf_count=69 18 3 3 6 11 4 3 40 135 18 3 3 9 36 799 9 9 5 3 13 4 3 3 3
internal_value=-0.00907777 1.36011 3.80194 2.50337 -0.348906 0.364515 1.12702 1.07597 0.957579 1.65148 3.78128 -0.388454 -0.378637 0.0617892 -0.40147 0.747145 0.396658 -1.42109 7.04836 1.01001 -1.66896 2.32387 0.586514 2.51506
internal_weight=1212 241 21 15 971 51 220 211 175 36 9 920 913 45 868 42 18 9 6 24 7 9 6 6
internal_count=1212 241 21 15 971 51 220 211 175 36 9 920 913 45 868 42 18 9 6 24 7 9 6 6
is_linear=0
shrinkage=0.05


end of trees

feature_importances:
thermal_on_capacity=242
total_load=194
net_load=173
thermal_space_load_ratio=157
renewable_power=107
weekday=107
period=89
month=45
hour=33

parameters:
[boosting: gbdt]
[objective: regression]
[metric: rmse]
[tree_learner: serial]
[device_type: cpu]
[data_sample_strategy: bagging]
[data: ]
[valid: ]
[num_iterations: 400]
[learning_rate: 0.05]
[num_leaves: 31]
[num_threads: 0]
[seed: 42]
[deterministic: 0]
[force_col_wise: 0]
[force_row_wise: 0]
[histogram_pool_size: -1]
[max_depth: 5]
[min_data_in_leaf: 3]
[min_sum_hessian_in_leaf: 0.001]
[bagging_fraction: 0.85]
[pos_bagging_fraction: 1]
[neg_bagging_fraction: 1]
[bagging_freq: 1]
[bagging_seed: 400]
[bagging_by_query: 0]
[feature_fraction: 0.85]
[feature_fraction_bynode: 1]
[feature_fraction_seed: 30056]
[extra_trees: 0]
[extra_seed: 12879]
[early_stopping_round: 0]
[early_stopping_min_delta: 0]
[first_metric_only: 0]
[max_delta_step: 0]
[lambda_l1: 0]
[lambda_l2: 0]
[linear_lambda: 0]
[min_gain_to_split: 0]
[drop_rate: 0.1]
[max_drop: 50]
[skip_drop: 0.5]
[xgboost_dart_mode: 0]
[uniform_drop: 0]
[drop_seed: 17869]
[top_rate: 0.2]
[other_rate: 0.1]
[min_data_per_group: 100]
[max_cat_threshold: 32]
[cat_l2: 10]
[cat_smooth: 10]
[max_cat_to_onehot: 4]
[top_k: 20]
[monotone_constraints: ]
[monotone_constraints_method: basic]
[monotone_penalty: 0]
[feature_contri: ]
[forcedsplits_filename: ]
[refit_decay_rate: 0.9]
[cegb_tradeoff: 1]
[cegb_penalty_split: 0]
[cegb_penalty_feature_lazy: ]
[cegb_penalty_feature_coupled: ]
[path_smooth: 0]
[interaction_constraints: ]
[verbosity: -1]
[saved_feature_importance_type: 0]
[use_quantized_grad: 0]
[num_grad_quant_bins: 4]
[quant_train_renew_leaf: 0]
[stochastic_rounding: 1]
[linear_tree: 0]
[max_bin: 255]
[max_bin_by_feature: ]
[min_data_in_bin: 3]
[bin_construct_sample_cnt: 200000]
[data_random_seed: 175]
[is_enable_sparse: 1]
[enable_bundle: 1]
[use_missing: 1]
[zero_as_missing: 0]
[feature_pre_filter: 1]
[pre_partition: 0]
[two_round: 0]
[header: 0]
[label_column: ]
[weight_column: ]
[group_column: ]
[ignore_column: ]
[categorical_feature: ]
[forcedbins_filename: ]
[precise_float_parser: 0]
[parser_config_file: ]
[objective_seed: 16083]
[num_class: 1]
[is_unbalance: 0]
[scale_pos_weight: 1]
[sigmoid: 1]
[boost_from_average: 1]
[reg_sqrt: 0]
[alpha: 0.9]
[fair_c: 1]
[poisson_max_delta_step: 0.7]
[tweedie_variance_power: 1.5]
[lambdarank_truncation_level: 30]
[lambdarank_norm: 1]
[label_gain: ]
[lambdarank_position_bias_regularization: 0]
[eval_at: ]
[multi_error_top_k: 1]
[auc_mu_weights: ]
[num_machines: 1]
[local_listen_port: 12400]
[time_out: 120]
[machine_list_filename: ]
[machines: ]
[gpu_platform_id: -1]
[gpu_device_id: -1]
[gpu_use_dp: 0]
[num_gpu: 1]

end of parameters

pandas_categorical:[]
